seed,generation,evaluations,search_wall_seconds,generation_search_seconds,gpu_evaluation_seconds,archive_seconds,offspring_seconds,benchmark_wall_seconds,best_distance_m,median_elite_distance_m,qd_score,archive_cells,archive_coverage,archive_unique_topologies,archive_topology_entropy_bits,archive_triangle_like_count,archive_triangle_like_fraction,archive_node_counts_json,archive_muscle_counts_json,innovation_reserve_count,innovation_reserve_morphology_json,population_unique_topologies,population_topology_entropy_bits,population_triangle_like_count,population_triangle_like_fraction,population_node_counts_json,population_muscle_counts_json,emitter_statistics_json,topology_change_candidates_json,archived_innovations_this_generation,innovation_survival_3gen_fraction,new_all_time_record,evaluations_since_previous_record
40,0,1000,0.007813484,0.007813484,0.006934898,0.000084296,0.00079429,0.008912905,0.7991521,0.14568731,2.1595162823796272,10,0.052083332,3,1.3709505944546687,6,0.6,"{""3"":6,""4"":2,""5"":2}","{""3"":6,""5"":4}",0,"{""count"":0,""unique_topologies"":0,""topology_entropy_bits"":0.0,""effective_topology_count"":1.0,""triangle_like_count"":0,""triangle_like_fraction"":0.0,""mean_nodes"":0.0,""mean_muscles"":0.0,""node_counts"":{},""muscle_counts"":{}}",29,3.0748735522744894,336,0.336,"{""3"":336,""4"":308,""5"":356}","{""3"":336,""4"":207,""5"":261,""6"":118,""7"":68,""8"":8,""9"":2}","{""Initial population"":{""attempts"":1000,""discoveries"":10,""improvements"":15,""insertions"":25,""insertion_rate"":0.025}}",{},0,0.0,true,1000
40,1,2000,0.015547419,0.007733935,0.00663689,0.000338374,0.000758671,0.018142813,16.489658,0.25744125,66.86269285716116,75,0.390625,7,1.3054723484620998,56,0.7466666666666667,"{""3"":56,""4"":11,""5"":7,""6"":1}","{""3"":56,""5"":17,""7"":1,""8"":1}",21,"{""count"":21,""unique_topologies"":21,""topology_entropy_bits"":4.39231742277876,""effective_topology_count"":20.999999999999993,""triangle_like_count"":0,""triangle_like_fraction"":0.0,""mean_nodes"":5.285714285714286,""mean_muscles"":6.0476190476190474,""node_counts"":{""4"":4,""5"":7,""6"":10},""muscle_counts"":{""4"":3,""5"":1,""6"":10,""7"":6,""8"":1}}",31,2.9725261376905014,429,0.429,"{""3"":429,""4"":284,""5"":243,""6"":44}","{""3"":429,""4"":91,""5"":360,""6"":61,""7"":44,""8"":15}","{""Diagonal CMA-ES"":{""attempts"":329,""discoveries"":63,""improvements"":31,""insertions"":94,""insertion_rate"":0.2857142857142857},""Immigrant"":{""attempts"":32,""discoveries"":0,""improvements"":0,""insertions"":0,""insertion_rate"":0.0},""Morphology"":{""attempts"":361,""discoveries"":18,""improvements"":38,""insertions"":56,""insertion_rate"":0.15512465373961218},""Novelty"":{""attempts"":278,""discoveries"":7,""improvements"":10,""insertions"":17,""insertion_rate"":0.06115107913669065}}","{""Morphology"":243,""Novelty"":36}",23,0.0,true,1000
40,2,3000,0.024834317,0.009286898,0.007958333,0.000573456,0.000755109,0.028768962,47.58119,0.7708501,324.92853297805414,116,0.6041667,11,1.8964775311177506,78,0.6724137931034483,"{""3"":78,""4"":28,""5"":8,""6"":2}","{""3"":78,""4"":8,""5"":25,""7"":3,""8"":2}",51,"{""count"":51,""unique_topologies"":51,""topology_entropy_bits"":5.6724253419715005,""effective_topology_count"":51.00000000000017,""triangle_like_count"":0,""triangle_like_fraction"":0.0,""mean_nodes"":5.921568627450981,""mean_muscles"":7.2745098039215685,""node_counts"":{""4"":3,""5"":13,""6"":20,""7"":15},""muscle_counts"":{""11"":2,""4"":1,""5"":2,""6"":13,""7"":15,""8"":10,""9"":8}}",63,2.8763016545332514,548,0.548,"{""3"":548,""4"":295,""5"":115,""6"":27,""7"":15}","{""11"":2,""3"":548,""4"":120,""5"":224,""6"":45,""7"":30,""8"":22,""9"":9}","{""Diagonal CMA-ES"":{""attempts"":298,""discoveries"":18,""improvements"":29,""insertions"":47,""insertion_rate"":0.15771812080536912},""Immigrant"":{""attempts"":136,""discoveries"":0,""improvements"":0,""insertions"":0,""insertion_rate"":0.0},""Morphology"":{""attempts"":300,""discoveries"":47,""improvements"":24,""insertions"":71,""insertion_rate"":0.23666666666666666},""Novelty"":{""attempts"":266,""discoveries"":10,""improvements"":25,""insertions"":35,""insertion_rate"":0.13157894736842105}}","{""Morphology"":198,""Novelty"":28}",32,0.0,true,1000
40,3,4000,0.035826147,0.010991830000000001,0.009615774,0.000591265,0.000784791,0.041070363,47.58119,1.4470115,510.0687036770396,134,0.6979167,12,2.0669601954752155,84,0.6268656716417911,"{""3"":84,""4"":40,""5"":8,""6"":2}","{""3"":84,""4"":9,""5"":36,""7"":3,""8"":2}",64,"{""count"":64,""unique_topologies"":64,""topology_entropy_bits"":6.0,""effective_topology_count"":64.0,""triangle_like_count"":0,""triangle_like_fraction"":0.0,""mean_nodes"":6.171875,""mean_muscles"":7.6875,""node_counts"":{""4"":2,""5"":15,""6"":23,""7"":18,""8"":6},""muscle_counts"":{""10"":5,""11"":4,""4"":1,""5"":2,""6"":14,""7"":15,""8"":12,""9"":11}}",72,2.9672832200163994,525,0.525,"{""3"":525,""4"":351,""5"":87,""6"":14,""7"":13,""8"":10}","{""10"":8,""11"":5,""12"":1,""16"":1,""3"":525,""4"":175,""5"":196,""6"":37,""7"":28,""8"":15,""9"":9}","{""Diagonal CMA-ES"":{""attempts"":303,""discoveries"":5,""improvements"":16,""insertions"":21,""insertion_rate"":0.06930693069306931},""Immigrant"":{""attempts"":138,""discoveries"":0,""improvements"":0,""insertions"":0,""insertion_rate"":0.0},""Morphology"":{""attempts"":291,""discoveries"":18,""improvements"":31,""insertions"":49,""insertion_rate"":0.16838487972508592},""Novelty"":{""attempts"":268,""discoveries"":10,""improvements"":26,""insertions"":36,""insertion_rate"":0.13432835820895522}}","{""Morphology"":197,""Novelty"":34}",15,0.0,false,1000
40,4,5000,0.055993272000000004,0.020167125,0.018358899,0.000974756,0.00083347,0.062951919,47.58119,3.0287378,651.8594247959554,138,0.71875,14,2.1624776040718663,85,0.6159420289855072,"{""3"":85,""4"":44,""5"":6,""6"":3}","{""3"":85,""4"":13,""5"":34,""6"":2,""7"":3,""8"":1}",64,"{""count"":64,""unique_topologies"":64,""topology_entropy_bits"":6.0,""effective_topology_count"":64.0,""triangle_like_count"":0,""triangle_like_fraction"":0.0,""mean_nodes"":6.25,""mean_muscles"":7.84375,""node_counts"":{""4"":1,""5"":15,""6"":23,""7"":18,""8"":6,""9"":1},""muscle_counts"":{""10"":5,""11"":4,""14"":1,""5"":2,""6"":14,""7"":15,""8"":12,""9"":11}}",81,3.322676984258888,442,0.442,"{""3"":442,""4"":400,""5"":119,""6"":14,""7"":8,""8"":11,""9"":6}","{""10"":6,""11"":5,""12"":3,""13"":3,""14"":1,""3"":442,""4"":154,""5"":278,""6"":50,""7"":22,""8"":28,""9"":8}","{""Diagonal CMA-ES"":{""attempts"":300,""discoveries"":0,""improvements"":13,""insertions"":13,""insertion_rate"":0.043333333333333335},""Immigrant"":{""attempts"":117,""discoveries"":0,""improvements"":0,""insertions"":0,""insertion_rate"":0.0},""Morphology"":{""attempts"":329,""discoveries"":3,""improvements"":24,""insertions"":27,""insertion_rate"":0.08206686930091185},""Novelty"":{""attempts"":254,""discoveries"":2,""improvements"":17,""insertions"":19,""insertion_rate"":0.07480314960629922}}","{""Morphology"":224,""Novelty"":29}",3,1.0,false,2000
40,5,6000,0.078462531,0.022469259,0.020881867,0.000732551,0.000854841,0.086931397,47.58119,4.2593746,880.269046228379,145,0.7552083,18,2.489632986726699,80,0.5517241379310345,"{""3"":80,""4"":52,""5"":11,""6"":2}","{""3"":80,""4"":19,""5"":35,""6"":5,""7"":3,""8"":3}",64,"{""count"":64,""unique_topologies"":64,""topology_entropy_bits"":6.0,""effective_topology_count"":64.0,""triangle_like_count"":0,""triangle_like_fraction"":0.0,""mean_nodes"":6.25,""mean_muscles"":7.84375,""node_counts"":{""4"":1,""5"":15,""6"":23,""7"":18,""8"":6,""9"":1},""muscle_counts"":{""10"":5,""11"":4,""14"":1,""5"":2,""6"":14,""7"":15,""8"":12,""9"":11}}",86,3.498743543357732,419,0.419,"{""10"":2,""3"":419,""4"":392,""5"":131,""6"":32,""7"":10,""8"":10,""9"":4}","{""10"":6,""11"":4,""12"":3,""13"":1,""14"":1,""16"":1,""17"":1,""3"":419,""4"":184,""5"":250,""6"":71,""7"":23,""8"":25,""9"":11}","{""Diagonal CMA-ES"":{""attempts"":288,""discoveries"":2,""improvements"":12,""insertions"":14,""insertion_rate"":0.04861111111111111},""Immigrant"":{""attempts"":150,""discoveries"":0,""improvements"":0,""insertions"":0,""insertion_rate"":0.0},""Morphology"":{""attempts"":310,""discoveries"":3,""improvements"":35,""insertions"":38,""insertion_rate"":0.12258064516129032},""Novelty"":{""attempts"":252,""discoveries"":2,""improvements"":15,""insertions"":17,""insertion_rate"":0.06746031746031746}}","{""Morphology"":207,""Novelty"":18}",3,1.0,false,3000
40,6,7000,0.096853485,0.018390954,0.01658629,0.000916579,0.000888085,0.106730465,47.58119,4.48938,984.6320597939193,154,0.8020833,19,2.665182716518597,79,0.512987012987013,"{""3"":79,""4"":58,""5"":14,""6"":3}","{""3"":79,""4"":26,""5"":34,""6"":6,""7"":3,""8"":6}",64,"{""count"":64,""unique_topologies"":64,""topology_entropy_bits"":6.0,""effective_topology_count"":64.0,""triangle_like_count"":0,""triangle_like_fraction"":0.0,""mean_nodes"":6.265625,""mean_muscles"":7.828125,""node_counts"":{""4"":1,""5"":14,""6"":24,""7"":18,""8"":6,""9"":1},""muscle_counts"":{""10"":5,""11"":4,""14"":1,""5"":2,""6"":14,""7"":16,""8"":11,""9"":11}}",89,3.6238983181780227,414,0.414,"{""3"":414,""4"":377,""5"":158,""6"":31,""7"":11,""8"":5,""9"":4}","{""10"":3,""11"":7,""12"":2,""13"":1,""15"":1,""3"":414,""4"":180,""5"":233,""6"":80,""7"":40,""8"":27,""9"":12}","{""Diagonal CMA-ES"":{""attempts"":286,""discoveries"":2,""improvements"":5,""insertions"":7,""insertion_rate"":0.024475524475524476},""Immigrant"":{""attempts"":144,""discoveries"":0,""improvements"":0,""insertions"":0,""insertion_rate"":0.0},""Morphology"":{""attempts"":315,""discoveries"":3,""improvements"":26,""insertions"":29,""insertion_rate"":0.09206349206349207},""Novelty"":{""attempts"":255,""discoveries"":5,""improvements"":12,""insertions"":17,""insertion_rate"":0.06666666666666667}}","{""Morphology"":196,""Novelty"":33}",3,1.0,false,4000
40,7,8000,0.117837458,0.020983973000000003,0.019057019,0.001012749,0.000914205,0.129653265,47.58119,4.9528947,1104.4832691252232,157,0.8177083,19,2.8030603570778827,74,0.4713375796178344,"{""3"":74,""4"":63,""5"":15,""6"":5}","{""3"":74,""4"":28,""5"":37,""6"":6,""7"":4,""8"":8}",64,"{""count"":64,""unique_topologies"":64,""topology_entropy_bits"":6.0,""effective_topology_count"":64.0,""triangle_like_count"":0,""triangle_like_fraction"":0.0,""mean_nodes"":6.265625,""mean_muscles"":7.828125,""node_counts"":{""4"":1,""5"":14,""6"":24,""7"":18,""8"":6,""9"":1},""muscle_counts"":{""10"":5,""11"":4,""14"":1,""5"":2,""6"":14,""7"":16,""8"":11,""9"":11}}",94,3.8052349144162765,389,0.389,"{""10"":2,""3"":389,""4"":381,""5"":167,""6"":39,""7"":12,""8"":9,""9"":1}","{""10"":4,""11"":7,""17"":2,""3"":389,""4"":192,""5"":226,""6"":76,""7"":39,""8"":50,""9"":15}","{""Diagonal CMA-ES"":{""attempts"":292,""discoveries"":2,""improvements"":5,""insertions"":7,""insertion_rate"":0.023972602739726026},""Immigrant"":{""attempts"":127,""discoveries"":0,""improvements"":0,""insertions"":0,""insertion_rate"":0.0},""Morphology"":{""attempts"":330,""discoveries"":1,""improvements"":24,""insertions"":25,""insertion_rate"":0.07575757575757576},""Novelty"":{""attempts"":251,""discoveries"":0,""improvements"":6,""insertions"":6,""insertion_rate"":0.02390438247011952}}","{""Morphology"":224,""Novelty"":31}",2,1.0,false,5000
40,8,9000,0.1371818,0.019344341999999997,0.01717162,0.001034121,0.001138601,0.150902001,47.58119,5.506839,1222.1685285530984,159,0.828125,21,2.9715442131565046,69,0.4339622641509434,"{""3"":69,""4"":66,""5"":17,""6"":7}","{""3"":69,""4"":28,""5"":40,""6"":7,""7"":5,""8"":9,""9"":1}",64,"{""count"":64,""unique_topologies"":64,""topology_entropy_bits"":6.0,""effective_topology_count"":64.0,""triangle_like_count"":0,""triangle_like_fraction"":0.0,""mean_nodes"":6.265625,""mean_muscles"":7.828125,""node_counts"":{""4"":1,""5"":14,""6"":24,""7"":18,""8"":6,""9"":1},""muscle_counts"":{""10"":5,""11"":4,""14"":1,""5"":2,""6"":14,""7"":16,""8"":11,""9"":11}}",94,3.9532678060349546,334,0.334,"{""3"":334,""4"":419,""5"":172,""6"":57,""7"":11,""8"":4,""9"":3}","{""10"":4,""11"":9,""12"":3,""13"":1,""3"":334,""4"":202,""5"":251,""6"":85,""7"":39,""8"":62,""9"":10}","{""Diagonal CMA-ES"":{""attempts"":301,""discoveries"":1,""improvements"":2,""insertions"":3,""insertion_rate"":0.009966777408637873},""Immigrant"":{""attempts"":132,""discoveries"":0,""improvements"":0,""insertions"":0,""insertion_rate"":0.0},""Morphology"":{""attempts"":299,""discoveries"":1,""improvements"":33,""insertions"":34,""insertion_rate"":0.11371237458193979},""Novelty"":{""attempts"":268,""discoveries"":0,""improvements"":9,""insertions"":9,""insertion_rate"":0.033582089552238806}}","{""Morphology"":199,""Novelty"":38}",2,0.9868421052631579,false,6000
40,9,10000,0.155334113,0.018152313,0.016256227,0.000936764,0.000959322,0.170563345,47.58119,6.4191537,1417.3081563673913,160,0.8333333,21,3.081851396053963,61,0.38125,"{""3"":61,""4"":72,""5"":21,""6"":6}","{""11"":1,""3"":61,""4"":26,""5"":48,""6"":7,""7"":5,""8"":11,""9"":1}",64,"{""count"":64,""unique_topologies"":64,""topology_entropy_bits"":6.0,""effective_topology_count"":64.0,""triangle_like_count"":0,""triangle_like_fraction"":0.0,""mean_nodes"":6.265625,""mean_muscles"":7.828125,""node_counts"":{""4"":1,""5"":14,""6"":24,""7"":18,""8"":6,""9"":1},""muscle_counts"":{""10"":5,""11"":4,""14"":1,""5"":2,""6"":14,""7"":16,""8"":11,""9"":11}}",100,3.9989866485959555,318,0.318,"{""3"":318,""4"":418,""5"":199,""6"":39,""7"":13,""8"":11,""9"":2}","{""10"":6,""11"":10,""12"":4,""13"":2,""3"":318,""4"":164,""5"":291,""6"":78,""7"":41,""8"":69,""9"":17}","{""Diagonal CMA-ES"":{""attempts"":283,""discoveries"":0,""improvements"":4,""insertions"":4,""insertion_rate"":0.014134275618374558},""Immigrant"":{""attempts"":150,""discoveries"":0,""improvements"":0,""insertions"":0,""insertion_rate"":0.0},""Morphology"":{""attempts"":318,""discoveries"":0,""improvements"":30,""insertions"":30,""insertion_rate"":0.09433962264150944},""Novelty"":{""attempts"":249,""discoveries"":1,""improvements"":6,""insertions"":7,""insertion_rate"":0.028112449799196786}}","{""Morphology"":202,""Novelty"":27}",2,0.9873417721518988,false,7000
40,10,11000,0.174297337,0.018963224,0.017058828,0.000939138,0.000965258,0.191068845,47.58119,7.257492,1555.2012329995632,162,0.84375,21,3.073351713074452,62,0.38271604938271603,"{""3"":62,""4"":73,""5"":20,""6"":7}","{""11"":2,""12"":1,""3"":62,""4"":26,""5"":48,""6"":7,""7"":4,""8"":11,""9"":1}",64,"{""count"":64,""unique_topologies"":64,""topology_entropy_bits"":6.0,""effective_topology_count"":64.0,""triangle_like_count"":0,""triangle_like_fraction"":0.0,""mean_nodes"":6.3125,""mean_muscles"":7.890625,""node_counts"":{""4"":1,""5"":13,""6"":24,""7"":18,""8"":7,""9"":1},""muscle_counts"":{""10"":6,""11"":4,""14"":1,""5"":2,""6"":13,""7"":16,""8"":11,""9"":11}}",95,4.1584364473232505,263,0.263,"{""10"":1,""3"":263,""4"":425,""5"":254,""6"":38,""7"":9,""8"":9,""9"":1}","{""10"":5,""11"":11,""12"":6,""15"":1,""3"":263,""4"":168,""5"":312,""6"":80,""7"":40,""8"":103,""9"":11}","{""Diagonal CMA-ES"":{""attempts"":291,""discoveries"":1,""improvements"":1,""insertions"":2,""insertion_rate"":0.006872852233676976},""Immigrant"":{""attempts"":131,""discoveries"":0,""improvements"":0,""insertions"":0,""insertion_rate"":0.0},""Morphology"":{""attempts"":324,""discoveries"":2,""improvements"":19,""insertions"":21,""insertion_rate"":0.06481481481481481},""Novelty"":{""attempts"":254,""discoveries"":0,""improvements"":7,""insertions"":7,""insertion_rate"":0.027559055118110236}}","{""Morphology"":215,""Novelty"":24}",2,0.9629629629629629,false,8000
40,11,12000,0.194710229,0.020412892000000002,0.0182188,0.001238332,0.00095576,0.213099998,47.58119,8.127881,1780.4116409420967,163,0.8489583,25,3.3452267151903667,56,0.34355828220858897,"{""3"":56,""4"":70,""5"":27,""6"":10}","{""11"":3,""12"":1,""3"":56,""4"":24,""5"":46,""6"":11,""7"":5,""8"":15,""9"":2}",64,"{""count"":64,""unique_topologies"":64,""topology_entropy_bits"":6.0,""effective_topology_count"":64.0,""triangle_like_count"":0,""triangle_like_fraction"":0.0,""mean_nodes"":6.34375,""mean_muscles"":7.890625,""node_counts"":{""4"":1,""5"":12,""6"":24,""7"":19,""8"":7,""9"":1},""muscle_counts"":{""10"":6,""11"":4,""14"":1,""5"":2,""6"":13,""7"":16,""8"":11,""9"":11}}",98,4.218608826097788,301,0.301,"{""3"":301,""4"":368,""5"":243,""6"":59,""7"":17,""8"":5,""9"":7}","{""10"":3,""11"":26,""12"":12,""13"":2,""14"":3,""15"":2,""16"":1,""3"":301,""4"":149,""5"":258,""6"":91,""7"":45,""8"":90,""9"":17}","{""Diagonal CMA-ES"":{""attempts"":280,""discoveries"":0,""improvements"":1,""insertions"":1,""insertion_rate"":0.0035714285714285713},""Immigrant"":{""attempts"":147,""discoveries"":0,""improvements"":0,""insertions"":0,""insertion_rate"":0.0},""Morphology"":{""attempts"":335,""discoveries"":1,""improvements"":27,""insertions"":28,""insertion_rate"":0.08358208955223881},""Novelty"":{""attempts"":238,""discoveries"":1,""improvements"":5,""insertions"":6,""insertion_rate"":0.025210084033613446}}","{""Morphology"":226,""Novelty"":32}",5,0.963855421686747,false,9000
40,12,13000,0.214740815,0.020030586,0.018021711,0.000899957,0.001108918,0.234891321,47.58119,8.43164,1934.2537592202425,166,0.8645833,27,3.5093682467091196,56,0.3373493975903614,"{""3"":56,""4"":62,""5"":35,""6"":12,""7"":1}","{""10"":1,""11"":4,""12"":1,""3"":56,""4"":21,""5"":41,""6"":13,""7"":7,""8"":20,""9"":2}",64,"{""count"":64,""unique_topologies"":64,""topology_entropy_bits"":6.0,""effective_topology_count"":64.0,""triangle_like_count"":0,""triangle_like_fraction"":0.0,""mean_nodes"":6.34375,""mean_muscles"":7.890625,""node_counts"":{""4"":1,""5"":12,""6"":24,""7"":19,""8"":7,""9"":1},""muscle_counts"":{""10"":6,""11"":4,""14"":1,""5"":2,""6"":13,""7"":16,""8"":11,""9"":11}}",125,4.746967819235614,273,0.273,"{""3"":273,""4"":298,""5"":277,""6"":109,""7"":30,""8"":10,""9"":3}","{""10"":8,""11"":30,""12"":11,""13"":2,""15"":1,""3"":273,""4"":118,""5"":217,""6"":138,""7"":45,""8"":115,""9"":42}","{""Diagonal CMA-ES"":{""attempts"":281,""discoveries"":1,""improvements"":3,""insertions"":4,""insertion_rate"":0.014234875444839857},""Immigrant"":{""attempts"":143,""discoveries"":0,""improvements"":0,""insertions"":0,""insertion_rate"":0.0},""Morphology"":{""attempts"":312,""discoveries"":1,""improvements"":27,""insertions"":28,""insertion_rate"":0.08974358974358974},""Novelty"":{""attempts"":264,""discoveries"":1,""improvements"":3,""insertions"":4,""insertion_rate"":0.015151515151515152}}","{""Morphology"":201,""Novelty"":37}",2,0.9647058823529412,false,10000
40,13,14000,0.237673114,0.022932299,0.020877118,0.000996128,0.001059053,0.259663902,47.58119,8.895784,2025.638755992055,169,0.8802083,30,3.664297446815681,53,0.3136094674556213,"{""3"":53,""4"":62,""5"":38,""6"":15,""7"":1}","{""10"":1,""11"":7,""12"":1,""3"":53,""4"":20,""5"":42,""6"":12,""7"":11,""8"":20,""9"":2}",64,"{""count"":64,""unique_topologies"":64,""topology_entropy_bits"":6.0,""effective_topology_count"":64.0,""triangle_like_count"":0,""triangle_like_fraction"":0.0,""mean_nodes"":6.34375,""mean_muscles"":7.890625,""node_counts"":{""4"":1,""5"":12,""6"":24,""7"":19,""8"":7,""9"":1},""muscle_counts"":{""10"":6,""11"":4,""14"":1,""5"":2,""6"":13,""7"":16,""8"":11,""9"":11}}",114,4.5472196759817995,265,0.265,"{""10"":1,""3"":265,""4"":333,""5"":254,""6"":114,""7"":25,""8"":5,""9"":3}","{""10"":7,""11"":48,""12"":10,""13"":3,""15"":4,""16"":1,""3"":265,""4"":127,""5"":234,""6"":91,""7"":45,""8"":131,""9"":34}","{""Diagonal CMA-ES"":{""attempts"":314,""discoveries"":0,""improvements"":2,""insertions"":2,""insertion_rate"":0.006369426751592357},""Immigrant"":{""attempts"":158,""discoveries"":0,""improvements"":0,""insertions"":0,""insertion_rate"":0.0},""Morphology"":{""attempts"":295,""discoveries"":3,""improvements"":18,""insertions"":21,""insertion_rate"":0.0711864406779661},""Novelty"":{""attempts"":233,""discoveries"":0,""improvements"":3,""insertions"":3,""insertion_rate"":0.012875536480686695}}","{""Morphology"":190,""Novelty"":22}",3,0.9655172413793104,false,11000
40,14,15000,0.259837243,0.022164129,0.020143379,0.001010375,0.001010375,0.283905769,47.58119,9.131257,2087.727737918496,170,0.8854167,29,3.666053472430476,55,0.3235294117647059,"{""3"":55,""4"":59,""5"":36,""6"":19,""7"":1}","{""10"":1,""11"":10,""12"":1,""3"":55,""4"":19,""5"":40,""6"":9,""7"":10,""8"":23,""9"":2}",64,"{""count"":64,""unique_topologies"":64,""topology_entropy_bits"":6.0,""effective_topology_count"":64.0,""triangle_like_count"":0,""triangle_like_fraction"":0.0,""mean_nodes"":6.34375,""mean_muscles"":7.890625,""node_counts"":{""4"":1,""5"":12,""6"":24,""7"":19,""8"":7,""9"":1},""muscle_counts"":{""10"":6,""11"":4,""14"":1,""5"":2,""6"":13,""7"":16,""8"":11,""9"":11}}",129,4.9552839850167905,242,0.242,"{""3"":242,""4"":252,""5"":295,""6"":172,""7"":31,""8"":5,""9"":3}","{""10"":5,""11"":84,""12"":12,""13"":4,""14"":5,""15"":4,""16"":2,""3"":242,""4"":104,""5"":173,""6"":101,""7"":71,""8"":148,""9"":45}","{""Diagonal CMA-ES"":{""attempts"":258,""discoveries"":0,""improvements"":1,""insertions"":1,""insertion_rate"":0.003875968992248062},""Immigrant"":{""attempts"":146,""discoveries"":0,""improvements"":0,""insertions"":0,""insertion_rate"":0.0},""Morphology"":{""attempts"":329,""discoveries"":1,""improvements"":17,""insertions"":18,""insertion_rate"":0.0547112462006079},""Novelty"":{""attempts"":267,""discoveries"":0,""improvements"":6,""insertions"":6,""insertion_rate"":0.02247191011235955}}","{""Morphology"":230,""Novelty"":31}",3,0.9565217391304348,false,12000
40,15,16000,0.281132283,0.021295039999999998,0.018688962,0.001045993,0.001560085,0.306918802,47.58119,9.271426,2253.301616460085,172,0.8958333,32,3.7498773173176545,52,0.3023255813953488,"{""3"":52,""4"":58,""5"":38,""6"":20,""7"":4}","{""10"":2,""11"":12,""12"":2,""13"":1,""3"":52,""4"":20,""5"":38,""6"":8,""7"":13,""8"":22,""9"":2}",64,"{""count"":64,""unique_topologies"":64,""topology_entropy_bits"":6.0,""effective_topology_count"":64.0,""triangle_like_count"":0,""triangle_like_fraction"":0.0,""mean_nodes"":6.390625,""mean_muscles"":7.984375,""node_counts"":{""4"":1,""5"":11,""6"":24,""7"":19,""8"":8,""9"":1},""muscle_counts"":{""10"":6,""11"":4,""13"":1,""14"":1,""5"":2,""6"":13,""7"":15,""8"":11,""9"":11}}",136,4.74488902113908,267,0.267,"{""10"":1,""3"":267,""4"":263,""5"":277,""6"":149,""7"":33,""8"":8,""9"":2}","{""10"":5,""11"":53,""12"":17,""13"":2,""14"":3,""15"":2,""16"":2,""3"":267,""4"":140,""5"":149,""6"":79,""7"":87,""8"":148,""9"":46}","{""Diagonal CMA-ES"":{""attempts"":288,""discoveries"":2,""improvements"":1,""insertions"":3,""insertion_rate"":0.010416666666666666},""Immigrant"":{""attempts"":159,""discoveries"":0,""improvements"":0,""insertions"":0,""insertion_rate"":0.0},""Morphology"":{""attempts"":310,""discoveries"":1,""improvements"":23,""insertions"":24,""insertion_rate"":0.07741935483870968},""Novelty"":{""attempts"":243,""discoveries"":0,""improvements"":1,""insertions"":1,""insertion_rate"":0.00411522633744856}}","{""Morphology"":207,""Novelty"":27}",6,0.9574468085106383,false,13000
40,16,17000,0.30479713199999997,0.023664848999999998,0.021627478,0.000958134,0.001079237,0.333845107,47.58119,10.0865965,2405.218716815114,173,0.9010417,32,3.823642602066557,48,0.2774566473988439,"{""3"":48,""4"":57,""5"":43,""6"":20,""7"":5}","{""10"":2,""11"":13,""12"":2,""13"":1,""14"":1,""3"":48,""4"":18,""5"":39,""6"":9,""7"":15,""8"":23,""9"":2}",64,"{""count"":64,""unique_topologies"":64,""topology_entropy_bits"":6.0,""effective_topology_count"":64.0,""triangle_like_count"":0,""triangle_like_fraction"":0.0,""mean_nodes"":6.34375,""mean_muscles"":8.453125,""node_counts"":{""4"":2,""5"":9,""6"":27,""7"":19,""8"":5,""9"":2},""muscle_counts"":{""10"":5,""11"":4,""12"":1,""13"":2,""14"":1,""15"":1,""16"":1,""4"":1,""5"":3,""6"":9,""7"":11,""8"":11,""9"":14}}",131,4.800193411612342,228,0.228,"{""3"":228,""4"":237,""5"":342,""6"":145,""7"":35,""8"":8,""9"":5}","{""10"":2,""11"":61,""12"":22,""13"":10,""14"":3,""15"":1,""16"":3,""17"":1,""3"":228,""4"":108,""5"":156,""6"":98,""7"":75,""8"":195,""9"":37}","{""Diagonal CMA-ES"":{""attempts"":297,""discoveries"":0,""improvements"":4,""insertions"":4,""insertion_rate"":0.013468013468013467},""Immigrant"":{""attempts"":136,""discoveries"":0,""improvements"":0,""insertions"":0,""insertion_rate"":0.0},""Morphology"":{""attempts"":299,""discoveries"":18,""improvements"":29,""insertions"":47,""insertion_rate"":0.15719063545150502},""Novelty"":{""attempts"":268,""discoveries"":3,""improvements"":4,""insertions"":7,""insertion_rate"":0.026119402985074626}}","{""Morphology"":203,""Novelty"":25}",19,0.9587628865979382,false,14000
40,17,18000,0.33318616599999995,0.028389034,0.025963422,0.001081612,0.001344,0.364612261,47.58119,10.786811,2525.1158521175385,174,0.90625,32,3.8566505880086344,46,0.26436781609195403,"{""3"":46,""4"":54,""5"":45,""6"":24,""7"":5}","{""10"":1,""11"":16,""12"":3,""13"":1,""14"":1,""16"":1,""3"":46,""4"":16,""5"":38,""6"":8,""7"":17,""8"":24,""9"":2}",64,"{""count"":64,""unique_topologies"":64,""topology_entropy_bits"":6.0,""effective_topology_count"":64.0,""triangle_like_count"":0,""triangle_like_fraction"":0.0,""mean_nodes"":6.34375,""mean_muscles"":8.453125,""node_counts"":{""4"":2,""5"":9,""6"":27,""7"":19,""8"":5,""9"":2},""muscle_counts"":{""10"":5,""11"":4,""12"":1,""13"":2,""14"":1,""15"":1,""16"":1,""4"":1,""5"":3,""6"":9,""7"":11,""8"":11,""9"":14}}",133,5.063311222633823,199,0.199,"{""10"":2,""3"":199,""4"":296,""5"":308,""6"":151,""7"":38,""8"":5,""9"":1}","{""10"":7,""11"":62,""12"":29,""13"":6,""15"":3,""16"":7,""19"":1,""21"":2,""3"":199,""4"":127,""5"":205,""6"":103,""7"":100,""8"":116,""9"":33}","{""Diagonal CMA-ES"":{""attempts"":291,""discoveries"":0,""improvements"":2,""insertions"":2,""insertion_rate"":0.006872852233676976},""Immigrant"":{""attempts"":146,""discoveries"":0,""improvements"":0,""insertions"":0,""insertion_rate"":0.0},""Morphology"":{""attempts"":329,""discoveries"":1,""improvements"":22,""insertions"":23,""insertion_rate"":0.06990881458966565},""Novelty"":{""attempts"":234,""discoveries"":0,""improvements"":3,""insertions"":3,""insertion_rate"":0.01282051282051282}}","{""Morphology"":218,""Novelty"":28}",2,0.95,false,15000
40,18,19000,0.3554405279999999,0.022254362,0.020256171,0.000901145,0.001097046,0.388738962,47.58119,11.337356,2629.051460534334,174,0.90625,34,3.9676690912465213,41,0.23563218390804597,"{""3"":41,""4"":56,""5"":45,""6"":25,""7"":5,""8"":2}","{""11"":17,""12"":3,""13"":1,""14"":2,""16"":1,""19"":1,""20"":1,""3"":41,""4"":15,""5"":41,""6"":8,""7"":16,""8"":26,""9"":1}",64,"{""count"":64,""unique_topologies"":64,""topology_entropy_bits"":6.0,""effective_topology_count"":64.0,""triangle_like_count"":0,""triangle_like_fraction"":0.0,""mean_nodes"":6.34375,""mean_muscles"":8.453125,""node_counts"":{""4"":2,""5"":9,""6"":27,""7"":19,""8"":5,""9"":2},""muscle_counts"":{""10"":5,""11"":4,""12"":1,""13"":2,""14"":1,""15"":1,""16"":1,""4"":1,""5"":3,""6"":9,""7"":11,""8"":11,""9"":14}}",131,4.99127532898885,185,0.185,"{""10"":1,""3"":185,""4"":296,""5"":290,""6"":159,""7"":60,""8"":9}","{""10"":8,""11"":75,""12"":31,""13"":2,""14"":9,""15"":6,""16"":16,""17"":2,""19"":2,""20"":2,""21"":1,""3"":185,""4"":88,""5"":233,""6"":81,""7"":94,""8"":128,""9"":37}","{""Diagonal CMA-ES"":{""attempts"":297,""discoveries"":0,""improvements"":2,""insertions"":2,""insertion_rate"":0.006734006734006734},""Immigrant"":{""attempts"":136,""discoveries"":0,""improvements"":0,""insertions"":0,""insertion_rate"":0.0},""Morphology"":{""attempts"":330,""discoveries"":0,""improvements"":21,""insertions"":21,""insertion_rate"":0.06363636363636363},""Novelty"":{""attempts"":237,""discoveries"":0,""improvements"":5,""insertions"":5,""insertion_rate"":0.02109704641350211}}","{""Morphology"":222,""Novelty"":35}",4,0.9433962264150944,false,16000
40,19,20000,0.38618274899999994,0.030742220999999997,0.028726221,0.000932014,0.001083986,0.421670526,48.05965,12.163203,2826.4555598795414,175,0.9114583,34,3.9825307266668957,39,0.22285714285714286,"{""3"":39,""4"":53,""5"":50,""6"":26,""7"":5,""8"":2}","{""11"":17,""12"":4,""13"":1,""14"":1,""16"":1,""19"":1,""20"":1,""3"":39,""4"":13,""5"":40,""6"":8,""7"":19,""8"":27,""9"":3}",64,"{""count"":64,""unique_topologies"":64,""topology_entropy_bits"":6.0,""effective_topology_count"":64.0,""triangle_like_count"":0,""triangle_like_fraction"":0.0,""mean_nodes"":6.34375,""mean_muscles"":8.453125,""node_counts"":{""4"":2,""5"":9,""6"":27,""7"":19,""8"":5,""9"":2},""muscle_counts"":{""10"":5,""11"":4,""12"":1,""13"":2,""14"":1,""15"":1,""16"":1,""4"":1,""5"":3,""6"":9,""7"":11,""8"":11,""9"":14}}",132,5.006129246983026,189,0.189,"{""10"":1,""3"":189,""4"":266,""5"":287,""6"":191,""7"":52,""8"":12,""9"":2}","{""10"":4,""11"":89,""12"":57,""13"":6,""14"":6,""15"":1,""16"":9,""17"":1,""19"":7,""20"":1,""26"":1,""3"":189,""4"":89,""5"":213,""6"":73,""7"":80,""8"":140,""9"":34}","{""Diagonal CMA-ES"":{""attempts"":284,""discoveries"":0,""improvements"":1,""insertions"":1,""insertion_rate"":0.0035211267605633804},""Immigrant"":{""attempts"":161,""discoveries"":0,""improvements"":0,""insertions"":0,""insertion_rate"":0.0},""Morphology"":{""attempts"":316,""discoveries"":1,""improvements"":28,""insertions"":29,""insertion_rate"":0.09177215189873418},""Novelty"":{""attempts"":239,""discoveries"":0,""improvements"":1,""insertions"":1,""insertion_rate"":0.0041841004184100415}}","{""Morphology"":205,""Novelty"":21}",2,0.944,true,17000
40,20,21000,0.4098119799999999,0.023629230999999997,0.021588298,0.000930827,0.001110106,0.447018937,48.05965,12.163203,2855.276518713683,176,0.9166667,34,4.008646903912239,39,0.2215909090909091,"{""3"":39,""4"":50,""5"":54,""6"":26,""7"":5,""8"":2}","{""11"":16,""12"":5,""13"":1,""14"":1,""16"":1,""19"":1,""20"":1,""3"":39,""4"":13,""5"":37,""6"":8,""7"":22,""8"":28,""9"":3}",64,"{""count"":64,""unique_topologies"":64,""topology_entropy_bits"":6.0,""effective_topology_count"":64.0,""triangle_like_count"":0,""triangle_like_fraction"":0.0,""mean_nodes"":6.34375,""mean_muscles"":8.453125,""node_counts"":{""4"":2,""5"":9,""6"":27,""7"":19,""8"":5,""9"":2},""muscle_counts"":{""10"":5,""11"":4,""12"":1,""13"":2,""14"":1,""15"":1,""16"":1,""4"":1,""5"":3,""6"":9,""7"":11,""8"":11,""9"":14}}",117,4.840728196363334,176,0.176,"{""10"":1,""3"":176,""4"":299,""5"":311,""6"":167,""7"":44,""8"":2}","{""10"":8,""11"":81,""12"":31,""13"":8,""14"":1,""15"":4,""16"":5,""19"":2,""3"":176,""4"":78,""5"":249,""6"":94,""7"":113,""8"":107,""9"":43}","{""Diagonal CMA-ES"":{""attempts"":326,""discoveries"":1,""improvements"":4,""insertions"":5,""insertion_rate"":0.015337423312883436},""Immigrant"":{""attempts"":141,""discoveries"":0,""improvements"":0,""insertions"":0,""insertion_rate"":0.0},""Morphology"":{""attempts"":293,""discoveries"":0,""improvements"":13,""insertions"":13,""insertion_rate"":0.04436860068259386},""Novelty"":{""attempts"":240,""discoveries"":0,""improvements"":0,""insertions"":0,""insertion_rate"":0.0}}","{""Morphology"":192,""Novelty"":29}",0,0.9448818897637795,false,1000
40,21,22000,0.4364438399999999,0.026631859999999997,0.024550559,0.000978319,0.001102982,0.475459024,49.58922,13.554645,3021.9158638976514,176,0.9166667,32,4.006737276703799,38,0.2159090909090909,"{""3"":38,""4"":47,""5"":56,""6"":30,""7"":4,""9"":1}","{""11"":17,""12"":5,""13"":1,""14"":1,""23"":1,""3"":38,""4"":12,""5"":35,""6"":8,""7"":21,""8"":33,""9"":4}",64,"{""count"":64,""unique_topologies"":64,""topology_entropy_bits"":6.0,""effective_topology_count"":64.0,""triangle_like_count"":0,""triangle_like_fraction"":0.0,""mean_nodes"":6.40625,""mean_muscles"":9.53125,""node_counts"":{""4"":2,""5"":9,""6"":26,""7"":19,""8"":4,""9"":4},""muscle_counts"":{""10"":5,""11"":4,""13"":1,""14"":3,""15"":3,""16"":2,""20"":1,""21"":1,""24"":1,""4"":1,""5"":2,""6"":8,""7"":10,""8"":11,""9"":11}}",138,5.088607992977109,169,0.169,"{""3"":169,""4"":275,""5"":299,""6"":188,""7"":51,""8"":11,""9"":7}","{""10"":5,""11"":79,""12"":36,""13"":11,""14"":6,""15"":5,""16"":8,""19"":3,""20"":1,""21"":1,""23"":1,""24"":2,""3"":169,""4"":78,""5"":222,""6"":72,""7"":110,""8"":150,""9"":41}","{""Diagonal CMA-ES"":{""attempts"":317,""discoveries"":0,""improvements"":3,""insertions"":3,""insertion_rate"":0.00946372239747634},""Immigrant"":{""attempts"":137,""discoveries"":0,""improvements"":0,""insertions"":0,""insertion_rate"":0.0},""Morphology"":{""attempts"":326,""discoveries"":27,""improvements"":24,""insertions"":51,""insertion_rate"":0.15644171779141106},""Novelty"":{""attempts"":220,""discoveries"":2,""improvements"":4,""insertions"":6,""insertion_rate"":0.02727272727272727}}","{""Morphology"":217,""Novelty"":24}",26,0.9312977099236641,true,2000
40,22,23000,0.4643080959999999,0.027864256,0.025839945,0.000895208,0.001129103,0.505123195,49.58922,13.723029,3097.166443232447,176,0.9166667,34,4.077200493534212,36,0.20454545454545456,"{""3"":36,""4"":45,""5"":57,""6"":31,""7"":6,""9"":1}","{""11"":19,""12"":5,""13"":1,""14"":2,""23"":1,""3"":36,""4"":11,""5"":34,""6"":8,""7"":21,""8"":34,""9"":4}",64,"{""count"":64,""unique_topologies"":64,""topology_entropy_bits"":6.0,""effective_topology_count"":64.0,""triangle_like_count"":0,""triangle_like_fraction"":0.0,""mean_nodes"":6.421875,""mean_muscles"":9.625,""node_counts"":{""4"":2,""5"":8,""6"":27,""7"":19,""8"":4,""9"":4},""muscle_counts"":{""10"":5,""11"":5,""13"":1,""14"":3,""15"":3,""16"":2,""20"":1,""21"":1,""24"":1,""4"":1,""5"":1,""6"":8,""7"":10,""8"":11,""9"":11}}",128,5.038067696406333,189,0.189,"{""10"":2,""3"":189,""4"":240,""5"":307,""6"":205,""7"":45,""8"":6,""9"":6}","{""10"":3,""11"":113,""12"":30,""13"":4,""14"":6,""15"":4,""16"":7,""17"":1,""19"":1,""23"":3,""24"":2,""27"":1,""29"":1,""3"":189,""4"":90,""5"":175,""6"":87,""7"":110,""8"":132,""9"":41}","{""Diagonal CMA-ES"":{""attempts"":294,""discoveries"":0,""improvements"":2,""insertions"":2,""insertion_rate"":0.006802721088435374},""Immigrant"":{""attempts"":150,""discoveries"":0,""improvements"":0,""insertions"":0,""insertion_rate"":0.0},""Morphology"":{""attempts"":314,""discoveries"":3,""improvements"":24,""insertions"":27,""insertion_rate"":0.08598726114649681},""Novelty"":{""attempts"":242,""discoveries"":0,""improvements"":0,""insertions"":0,""insertion_rate"":0.0}}","{""Morphology"":201,""Novelty"":32}",5,0.9323308270676691,false,1000
40,23,24000,0.4955584719999999,0.031250376,0.028493514,0.001425922,0.00133094,0.538782561,49.58922,14.658381,3270.760439876467,176,0.9166667,36,4.151161765176991,35,0.19886363636363635,"{""10"":1,""3"":35,""4"":43,""5"":53,""6"":36,""7"":7,""9"":1}","{""10"":1,""11"":21,""12"":5,""13"":1,""14"":2,""23"":1,""27"":1,""3"":35,""4"":10,""5"":33,""6"":7,""7"":20,""8"":33,""9"":6}",64,"{""count"":64,""unique_topologies"":64,""topology_entropy_bits"":6.0,""effective_topology_count"":64.0,""triangle_like_count"":0,""triangle_like_fraction"":0.0,""mean_nodes"":6.4375,""mean_muscles"":9.765625,""node_counts"":{""4"":2,""5"":8,""6"":26,""7"":20,""8"":4,""9"":4},""muscle_counts"":{""10"":5,""11"":5,""13"":1,""14"":3,""15"":4,""16"":2,""20"":1,""21"":1,""24"":1,""4"":1,""5"":1,""6"":7,""7"":10,""8"":11,""9"":11}}",138,5.060554407566649,162,0.162,"{""10"":5,""3"":162,""4"":211,""5"":349,""6"":190,""7"":70,""8"":8,""9"":5}","{""10"":11,""11"":109,""12"":37,""13"":2,""14"":16,""15"":8,""16"":6,""17"":3,""19"":1,""20"":1,""21"":1,""23"":5,""24"":2,""27"":2,""3"":162,""4"":78,""5"":163,""6"":62,""7"":132,""8"":158,""9"":41}","{""Diagonal CMA-ES"":{""attempts"":305,""discoveries"":0,""improvements"":0,""insertions"":0,""insertion_rate"":0.0},""Immigrant"":{""attempts"":127,""discoveries"":0,""improvements"":0,""insertions"":0,""insertion_rate"":0.0},""Morphology"":{""attempts"":332,""discoveries"":2,""improvements"":21,""insertions"":23,""insertion_rate"":0.06927710843373494},""Novelty"":{""attempts"":236,""discoveries"":0,""improvements"":2,""insertions"":2,""insertion_rate"":0.00847457627118644}}","{""Morphology"":226,""Novelty"":21}",4,0.9323308270676691,false,2000
40,24,25000,0.5291727209999999,0.033614249000000006,0.03123138,0.001072113,0.001310756,0.574859227,49.58922,14.862777,3383.734831098467,177,0.921875,37,4.174458061614786,35,0.1977401129943503,"{""10"":2,""3"":35,""4"":43,""5"":54,""6"":34,""7"":8,""9"":1}","{""10"":1,""11"":18,""12"":6,""14"":2,""24"":1,""27"":2,""3"":35,""4"":10,""5"":33,""6"":7,""7"":20,""8"":33,""9"":9}",64,"{""count"":64,""unique_topologies"":64,""topology_entropy_bits"":6.0,""effective_topology_count"":64.0,""triangle_like_count"":0,""triangle_like_fraction"":0.0,""mean_nodes"":6.40625,""mean_muscles"":9.609375,""node_counts"":{""4"":2,""5"":8,""6"":26,""7"":21,""8"":4,""9"":3},""muscle_counts"":{""10"":5,""11"":5,""13"":1,""14"":4,""15"":4,""16"":2,""20"":1,""21"":1,""4"":1,""5"":1,""6"":7,""7"":10,""8"":11,""9"":11}}",139,5.279572563350415,166,0.166,"{""10"":9,""11"":1,""3"":166,""4"":214,""5"":286,""6"":223,""7"":86,""8"":11,""9"":4}","{""10"":29,""11"":112,""12"":31,""14"":15,""15"":5,""16"":1,""17"":1,""19"":1,""20"":1,""21"":2,""23"":2,""24"":1,""27"":8,""28"":1,""3"":166,""32"":1,""4"":83,""5"":163,""6"":62,""7"":63,""8"":180,""9"":72}","{""Diagonal CMA-ES"":{""attempts"":290,""discoveries"":0,""improvements"":1,""insertions"":1,""insertion_rate"":0.0034482758620689655},""Immigrant"":{""attempts"":144,""discoveries"":0,""improvements"":0,""insertions"":0,""insertion_rate"":0.0},""Morphology"":{""attempts"":324,""discoveries"":1,""improvements"":16,""insertions"":17,""insertion_rate"":0.05246913580246913},""Novelty"":{""attempts"":242,""discoveries"":1,""improvements"":4,""insertions"":5,""insertion_rate"":0.02066115702479339}}","{""Morphology"":221,""Novelty"":25}",3,0.9308176100628931,false,3000
40,25,26000,0.563640623,0.034467902,0.031880821,0.001118417,0.001468664,0.612427117,49.58922,14.899714,3416.677529398352,177,0.921875,39,4.217378265486054,35,0.1977401129943503,"{""10"":2,""11"":2,""3"":35,""4"":43,""5"":51,""6"":34,""7"":9,""9"":1}","{""10"":1,""11"":18,""12"":6,""14"":3,""24"":1,""27"":2,""28"":1,""3"":35,""31"":1,""4"":10,""5"":33,""6"":5,""7"":19,""8"":34,""9"":8}",64,"{""count"":64,""unique_topologies"":64,""topology_entropy_bits"":6.0,""effective_topology_count"":64.0,""triangle_like_count"":0,""triangle_like_fraction"":0.0,""mean_nodes"":6.390625,""mean_muscles"":9.515625,""node_counts"":{""4"":2,""5"":8,""6"":27,""7"":20,""8"":4,""9"":3},""muscle_counts"":{""10"":5,""11"":5,""13"":1,""14"":3,""15"":4,""16"":2,""20"":1,""21"":1,""4"":1,""5"":1,""6"":7,""7"":10,""8"":12,""9"":11}}",143,5.197630575705262,211,0.211,"{""10"":21,""11"":7,""3"":211,""4"":213,""5"":254,""6"":193,""7"":80,""8"":19,""9"":2}","{""10"":24,""11"":90,""12"":26,""14"":15,""15"":6,""16"":4,""17"":3,""18"":1,""21"":2,""24"":2,""25"":2,""27"":17,""28"":3,""3"":211,""31"":4,""4"":79,""5"":164,""6"":67,""7"":55,""8"":149,""9"":76}","{""Diagonal CMA-ES"":{""attempts"":316,""discoveries"":0,""improvements"":2,""insertions"":2,""insertion_rate"":0.006329113924050633},""Immigrant"":{""attempts"":129,""discoveries"":0,""improvements"":0,""insertions"":0,""insertion_rate"":0.0},""Morphology"":{""attempts"":311,""discoveries"":1,""improvements"":11,""insertions"":12,""insertion_rate"":0.03858520900321544},""Novelty"":{""attempts"":244,""discoveries"":0,""improvements"":2,""insertions"":2,""insertion_rate"":0.00819672131147541}}","{""Morphology"":207,""Novelty"":20}",4,0.9329268292682927,false,4000
40,26,27000,0.59705066,0.033410037000000004,0.031158955,0.00099494,0.001256142,0.647920829,49.58922,16.471704,3544.9182372950017,177,0.921875,43,4.375414896552615,35,0.1977401129943503,"{""10"":2,""11"":2,""3"":35,""4"":40,""5"":48,""6"":33,""7"":14,""8"":2,""9"":1}","{""10"":5,""11"":17,""12"":7,""14"":4,""24"":1,""27"":2,""28"":1,""3"":35,""31"":1,""4"":9,""5"":31,""6"":5,""7"":16,""8"":35,""9"":8}",64,"{""count"":64,""unique_topologies"":64,""topology_entropy_bits"":6.0,""effective_topology_count"":64.0,""triangle_like_count"":0,""triangle_like_fraction"":0.0,""mean_nodes"":6.390625,""mean_muscles"":9.46875,""node_counts"":{""4"":2,""5"":8,""6"":27,""7"":20,""8"":4,""9"":3},""muscle_counts"":{""10"":5,""11"":5,""12"":1,""13"":1,""14"":2,""15"":4,""16"":2,""20"":1,""21"":1,""4"":1,""5"":1,""6"":7,""7"":11,""8"":11,""9"":11}}",157,5.433465109903131,177,0.177,"{""10"":12,""11"":11,""12"":5,""3"":177,""4"":206,""5"":284,""6"":187,""7"":94,""8"":23,""9"":1}","{""10"":34,""11"":74,""12"":34,""13"":2,""14"":21,""15"":7,""16"":2,""17"":3,""19"":2,""27"":12,""28"":2,""29"":1,""3"":177,""31"":8,""32"":2,""34"":1,""35"":1,""39"":1,""4"":79,""5"":153,""6"":70,""7"":75,""8"":168,""9"":71}","{""Diagonal CMA-ES"":{""attempts"":290,""discoveries"":0,""improvements"":1,""insertions"":1,""insertion_rate"":0.0034482758620689655},""Immigrant"":{""attempts"":154,""discoveries"":0,""improvements"":0,""insertions"":0,""insertion_rate"":0.0},""Morphology"":{""attempts"":309,""discoveries"":2,""improvements"":15,""insertions"":17,""insertion_rate"":0.05501618122977346},""Novelty"":{""attempts"":247,""discoveries"":0,""improvements"":2,""insertions"":2,""insertion_rate"":0.008097165991902834}}","{""Morphology"":204,""Novelty"":27}",6,0.9345238095238095,false,5000
40,27,28000,0.628678592,0.031627932,0.029516949,0.000918954,0.001192029,0.681764223,49.58922,16.616009,3640.099981393665,177,0.921875,43,4.414317152511549,34,0.192090395480226,"{""10"":2,""11"":2,""3"":34,""4"":41,""5"":47,""6"":33,""7"":15,""8"":2,""9"":1}","{""10"":7,""11"":15,""12"":6,""14"":4,""24"":1,""27"":2,""28"":1,""3"":34,""31"":1,""4"":10,""5"":31,""6"":5,""7"":16,""8"":34,""9"":10}",64,"{""count"":64,""unique_topologies"":64,""topology_entropy_bits"":6.0,""effective_topology_count"":64.0,""triangle_like_count"":0,""triangle_like_fraction"":0.0,""mean_nodes"":6.4375,""mean_muscles"":9.53125,""node_counts"":{""4"":1,""5"":8,""6"":27,""7"":21,""8"":4,""9"":3},""muscle_counts"":{""10"":5,""11"":5,""12"":1,""13"":1,""14"":2,""15"":4,""16"":2,""20"":1,""21"":1,""5"":1,""6"":7,""7"":11,""8"":12,""9"":11}}",152,5.374329870431698,197,0.197,"{""10"":7,""11"":18,""12"":5,""3"":197,""4"":177,""5"":263,""6"":161,""7"":136,""8"":32,""9"":4}","{""10"":35,""11"":66,""12"":91,""13"":8,""14"":15,""15"":7,""16"":2,""17"":3,""19"":2,""21"":1,""22"":1,""27"":6,""28"":1,""3"":197,""31"":17,""32"":3,""35"":2,""4"":72,""5"":136,""6"":57,""7"":64,""8"":153,""9"":61}","{""Diagonal CMA-ES"":{""attempts"":279,""discoveries"":0,""improvements"":0,""insertions"":0,""insertion_rate"":0.0},""Immigrant"":{""attempts"":156,""discoveries"":0,""improvements"":0,""insertions"":0,""insertion_rate"":0.0},""Morphology"":{""attempts"":305,""discoveries"":1,""improvements"":15,""insertions"":16,""insertion_rate"":0.05245901639344262},""Novelty"":{""attempts"":260,""discoveries"":0,""improvements"":3,""insertions"":3,""insertion_rate"":0.011538461538461539}}","{""Morphology"":203,""Novelty"":24}",3,0.9298245614035088,false,6000
40,28,29000,0.6591999789999999,0.030521387,0.028314235,0.000939138,0.001268014,0.714422713,49.58922,16.816448,3675.7452727220953,177,0.921875,43,4.440269943964275,33,0.1864406779661017,"{""10"":2,""11"":3,""3"":33,""4"":41,""5"":46,""6"":33,""7"":15,""8"":3,""9"":1}","{""10"":7,""11"":16,""12"":8,""14"":3,""24"":1,""27"":2,""28"":1,""3"":33,""31"":2,""4"":9,""5"":32,""6"":5,""7"":16,""8"":32,""9"":10}",64,"{""count"":64,""unique_topologies"":64,""topology_entropy_bits"":6.0,""effective_topology_count"":64.0,""triangle_like_count"":0,""triangle_like_fraction"":0.0,""mean_nodes"":6.4375,""mean_muscles"":9.53125,""node_counts"":{""4"":1,""5"":8,""6"":27,""7"":21,""8"":4,""9"":3},""muscle_counts"":{""10"":5,""11"":5,""12"":1,""13"":1,""14"":2,""15"":4,""16"":2,""20"":1,""21"":1,""5"":1,""6"":7,""7"":11,""8"":12,""9"":11}}",172,5.515463935636073,169,0.169,"{""10"":1,""11"":15,""12"":5,""3"":169,""4"":193,""5"":246,""6"":207,""7"":119,""8"":40,""9"":5}","{""10"":62,""11"":68,""12"":44,""13"":3,""14"":11,""15"":4,""16"":3,""17"":2,""18"":1,""20"":1,""22"":1,""3"":169,""31"":14,""32"":3,""34"":1,""35"":2,""4"":78,""5"":144,""6"":46,""7"":75,""8"":129,""9"":139}","{""Diagonal CMA-ES"":{""attempts"":306,""discoveries"":0,""improvements"":0,""insertions"":0,""insertion_rate"":0.0},""Immigrant"":{""attempts"":141,""discoveries"":0,""improvements"":0,""insertions"":0,""insertion_rate"":0.0},""Morphology"":{""attempts"":288,""discoveries"":0,""improvements"":15,""insertions"":15,""insertion_rate"":0.052083333333333336},""Novelty"":{""attempts"":265,""discoveries"":0,""improvements"":0,""insertions"":0,""insertion_rate"":0.0}}","{""Morphology"":189,""Novelty"":44}",2,0.9314285714285714,false,7000
40,29,30000,0.6912885739999999,0.032088595,0.029858885,0.000948636,0.001281074,0.748782573,49.58922,16.816448,3725.0809529684484,177,0.921875,45,4.498402841324027,30,0.1694915254237288,"{""10"":2,""11"":3,""3"":30,""4"":43,""5"":47,""6"":29,""7"":18,""8"":5}","{""10"":8,""11"":14,""12"":9,""14"":4,""16"":1,""17"":1,""27"":2,""28"":1,""3"":30,""31"":2,""4"":9,""5"":34,""6"":5,""7"":15,""8"":32,""9"":10}",64,"{""count"":64,""unique_topologies"":64,""topology_entropy_bits"":6.0,""effective_topology_count"":64.0,""triangle_like_count"":0,""triangle_like_fraction"":0.0,""mean_nodes"":6.4375,""mean_muscles"":9.53125,""node_counts"":{""4"":1,""5"":8,""6"":27,""7"":21,""8"":4,""9"":3},""muscle_counts"":{""10"":5,""11"":5,""12"":1,""13"":1,""14"":2,""15"":4,""16"":2,""20"":1,""21"":1,""5"":1,""6"":7,""7"":11,""8"":12,""9"":11}}",167,5.4319375387783895,159,0.159,"{""10"":3,""11"":22,""12"":13,""3"":159,""4"":205,""5"":222,""6"":207,""7"":121,""8"":39,""9"":9}","{""10"":49,""11"":107,""12"":62,""13"":4,""14"":15,""15"":11,""16"":10,""17"":3,""21"":1,""27"":1,""3"":159,""31"":22,""32"":9,""35"":3,""39"":1,""4"":76,""5"":150,""6"":51,""7"":54,""8"":144,""9"":68}","{""Diagonal CMA-ES"":{""attempts"":315,""discoveries"":0,""improvements"":1,""insertions"":1,""insertion_rate"":0.0031746031746031746},""Immigrant"":{""attempts"":147,""discoveries"":0,""improvements"":0,""insertions"":0,""insertion_rate"":0.0},""Morphology"":{""attempts"":305,""discoveries"":0,""improvements"":11,""insertions"":11,""insertion_rate"":0.036065573770491806},""Novelty"":{""attempts"":233,""discoveries"":0,""improvements"":1,""insertions"":1,""insertion_rate"":0.004291845493562232}}","{""Morphology"":194,""Novelty"":36}",3,0.9337016574585635,false,8000
40,30,31000,0.7271467809999999,0.035858206999999996,0.033700921,0.000965258,0.001192028,0.786703084,49.58922,16.816448,3751.1028321646154,178,0.9270833,45,4.5098715848873425,30,0.16853932584269662,"{""10"":2,""11"":3,""3"":30,""4"":44,""5"":46,""6"":27,""7"":20,""8"":6}","{""10"":10,""11"":14,""12"":10,""14"":4,""16"":1,""17"":1,""27"":2,""28"":1,""3"":30,""31"":2,""4"":9,""5"":35,""6"":5,""7"":14,""8"":31,""9"":9}",64,"{""count"":64,""unique_topologies"":64,""topology_entropy_bits"":6.0,""effective_topology_count"":64.0,""triangle_like_count"":0,""triangle_like_fraction"":0.0,""mean_nodes"":6.53125,""mean_muscles"":9.953125,""node_counts"":{""4"":1,""5"":8,""6"":23,""7"":22,""8"":8,""9"":2},""muscle_counts"":{""10"":7,""11"":7,""12"":3,""14"":3,""15"":7,""16"":2,""17"":1,""5"":1,""6"":7,""7"":7,""8"":9,""9"":10}}",163,5.526774617601103,141,0.141,"{""10"":1,""11"":27,""12"":10,""3"":141,""4"":237,""5"":233,""6"":173,""7"":139,""8"":34,""9"":5}","{""10"":53,""11"":74,""12"":38,""13"":5,""14"":33,""15"":14,""16"":7,""17"":7,""19"":1,""21"":3,""26"":1,""28"":14,""29"":2,""3"":141,""30"":1,""31"":13,""32"":1,""35"":3,""37"":1,""39"":1,""4"":96,""41"":1,""5"":167,""6"":57,""7"":41,""8"":131,""9"":94}","{""Diagonal CMA-ES"":{""attempts"":305,""discoveries"":1,""improvements"":0,""insertions"":1,""insertion_rate"":0.003278688524590164},""Immigrant"":{""attempts"":137,""discoveries"":0,""improvements"":0,""insertions"":0,""insertion_rate"":0.0},""Morphology"":{""attempts"":319,""discoveries"":16,""improvements"":13,""insertions"":29,""insertion_rate"":0.09090909090909091},""Novelty"":{""attempts"":239,""discoveries"":1,""improvements"":2,""insertions"":3,""insertion_rate"":0.012552301255230125}}","{""Morphology"":209,""Novelty"":34}",18,0.9347826086956522,false,9000
40,31,32000,0.7609248749999998,0.033778094,0.031613683,0.000966446,0.001197965,0.822514987,49.58922,16.816448,3771.6061941049993,179,0.9322917,47,4.518879725838801,30,0.16759776536312848,"{""10"":2,""11"":3,""3"":30,""4"":44,""5"":47,""6"":26,""7"":20,""8"":7}","{""10"":10,""11"":14,""12"":10,""14"":4,""16"":1,""17"":1,""27"":2,""28"":1,""3"":30,""31"":2,""4"":8,""5"":36,""6"":5,""7"":14,""8"":32,""9"":9}",64,"{""count"":64,""unique_topologies"":64,""topology_entropy_bits"":6.0,""effective_topology_count"":64.0,""triangle_like_count"":0,""triangle_like_fraction"":0.0,""mean_nodes"":6.53125,""mean_muscles"":9.96875,""node_counts"":{""4"":1,""5"":8,""6"":23,""7"":22,""8"":8,""9"":2},""muscle_counts"":{""10"":8,""11"":7,""12"":3,""14"":3,""15"":7,""16"":2,""17"":1,""5"":1,""6"":7,""7"":7,""8"":9,""9"":9}}",149,5.278377168357466,157,0.157,"{""10"":1,""11"":6,""12"":5,""3"":157,""4"":299,""5"":208,""6"":160,""7"":113,""8"":46,""9"":5}","{""10"":29,""11"":102,""12"":51,""13"":5,""14"":28,""15"":13,""16"":2,""17"":4,""19"":2,""21"":2,""27"":1,""3"":157,""31"":6,""32"":2,""35"":3,""4"":80,""5"":235,""6"":60,""7"":33,""8"":112,""9"":73}","{""Diagonal CMA-ES"":{""attempts"":285,""discoveries"":0,""improvements"":1,""insertions"":1,""insertion_rate"":0.0035087719298245615},""Immigrant"":{""attempts"":141,""discoveries"":0,""improvements"":0,""insertions"":0,""insertion_rate"":0.0},""Morphology"":{""attempts"":309,""discoveries"":2,""improvements"":8,""insertions"":10,""insertion_rate"":0.032362459546925564},""Novelty"":{""attempts"":265,""discoveries"":1,""improvements"":0,""insertions"":1,""insertion_rate"":0.0037735849056603774}}","{""Morphology"":200,""Novelty"":34}",3,0.9354838709677419,false,10000
40,32,33000,0.7932307449999998,0.03230587,0.030017983,0.000978318,0.001309569,0.856903345,49.58922,17.869083,3846.6070964299142,180,0.9375,48,4.507314076548868,29,0.16111111111111112,"{""10"":3,""11"":3,""3"":29,""4"":43,""5"":48,""6"":27,""7"":19,""8"":8}","{""10"":10,""11"":14,""12"":10,""14"":3,""15"":1,""16"":1,""17"":1,""27"":3,""28"":1,""3"":29,""31"":2,""4"":6,""5"":37,""6"":4,""7"":15,""8"":33,""9"":10}",64,"{""count"":64,""unique_topologies"":64,""topology_entropy_bits"":6.0,""effective_topology_count"":64.0,""triangle_like_count"":0,""triangle_like_fraction"":0.0,""mean_nodes"":6.53125,""mean_muscles"":10.03125,""node_counts"":{""4"":1,""5"":8,""6"":23,""7"":22,""8"":8,""9"":2},""muscle_counts"":{""10"":8,""11"":7,""12"":3,""14"":3,""15"":6,""16"":2,""17"":1,""19"":1,""5"":1,""6"":7,""7"":7,""8"":9,""9"":9}}",144,5.139005054619447,153,0.153,"{""10"":1,""11"":13,""12"":4,""3"":153,""4"":300,""5"":223,""6"":156,""7"":93,""8"":42,""9"":15}","{""10"":43,""11"":74,""12"":37,""13"":8,""14"":28,""15"":10,""16"":6,""17"":2,""18"":3,""19"":1,""20"":1,""27"":1,""28"":1,""29"":1,""3"":153,""31"":12,""35"":2,""39"":1,""4"":76,""5"":255,""6"":49,""7"":36,""8"":129,""9"":71}","{""Diagonal CMA-ES"":{""attempts"":296,""discoveries"":1,""improvements"":1,""insertions"":2,""insertion_rate"":0.006756756756756757},""Immigrant"":{""attempts"":152,""discoveries"":0,""improvements"":0,""insertions"":0,""insertion_rate"":0.0},""Morphology"":{""attempts"":283,""discoveries"":1,""improvements"":15,""insertions"":16,""insertion_rate"":0.05653710247349823},""Novelty"":{""attempts"":269,""discoveries"":0,""improvements"":2,""insertions"":2,""insertion_rate"":0.007434944237918215}}","{""Morphology"":177,""Novelty"":33}",1,0.9365079365079365,false,11000
40,33,34000,0.8295270609999998,0.036296315999999995,0.033934817,0.001040057,0.001321442,0.897188919,55.38198,18.058914,3891.8509061299264,180,0.9375,50,4.55595514088935,29,0.16111111111111112,"{""10"":3,""11"":3,""3"":29,""4"":43,""5"":48,""6"":25,""7"":19,""8"":10}","{""10"":9,""11"":14,""12"":11,""14"":4,""15"":1,""16"":1,""17"":1,""27"":3,""28"":1,""3"":29,""31"":2,""4"":6,""5"":37,""6"":4,""7"":15,""8"":33,""9"":9}",64,"{""count"":64,""unique_topologies"":64,""topology_entropy_bits"":6.0,""effective_topology_count"":64.0,""triangle_like_count"":0,""triangle_like_fraction"":0.0,""mean_nodes"":6.53125,""mean_muscles"":10.078125,""node_counts"":{""4"":1,""5"":8,""6"":23,""7"":22,""8"":8,""9"":2},""muscle_counts"":{""10"":7,""11"":7,""12"":3,""13"":1,""14"":3,""15"":6,""16"":2,""17"":1,""19"":1,""5"":1,""6"":7,""7"":7,""8"":9,""9"":9}}",156,5.325094061995251,135,0.135,"{""10"":2,""11"":13,""12"":4,""3"":135,""4"":180,""5"":301,""6"":147,""7"":135,""8"":68,""9"":15}","{""10"":35,""11"":71,""12"":92,""13"":11,""14"":19,""15"":14,""16"":8,""17"":4,""18"":2,""19"":5,""20"":3,""21"":1,""23"":1,""27"":2,""28"":1,""3"":135,""31"":12,""32"":1,""35"":1,""39"":2,""4"":76,""5"":130,""6"":37,""7"":51,""8"":206,""9"":80}","{""Diagonal CMA-ES"":{""attempts"":312,""discoveries"":0,""improvements"":0,""insertions"":0,""insertion_rate"":0.0},""Immigrant"":{""attempts"":128,""discoveries"":0,""improvements"":0,""insertions"":0,""insertion_rate"":0.0},""Morphology"":{""attempts"":324,""discoveries"":1,""improvements"":12,""insertions"":13,""insertion_rate"":0.040123456790123455},""Novelty"":{""attempts"":236,""discoveries"":0,""improvements"":0,""insertions"":0,""insertion_rate"":0.0}}","{""Morphology"":212,""Novelty"":24}",3,0.9420289855072463,true,12000
40,34,35000,0.8630866969999998,0.033559636,0.031269375,0.000965258,0.001325003,0.932778804,55.38198,18.081768,3958.7669752947986,180,0.9375,51,4.634882831426499,28,0.15555555555555556,"{""10"":2,""11"":3,""3"":28,""4"":41,""5"":48,""6"":25,""7"":22,""8"":9,""9"":2}","{""10"":10,""11"":15,""12"":9,""13"":2,""14"":4,""15"":1,""16"":1,""17"":1,""27"":2,""28"":1,""3"":28,""31"":2,""4"":6,""5"":35,""6"":4,""7"":14,""8"":34,""9"":11}",64,"{""count"":64,""unique_topologies"":64,""topology_entropy_bits"":6.0,""effective_topology_count"":64.0,""triangle_like_count"":0,""triangle_like_fraction"":0.0,""mean_nodes"":6.53125,""mean_muscles"":10.078125,""node_counts"":{""4"":1,""5"":8,""6"":23,""7"":22,""8"":8,""9"":2},""muscle_counts"":{""10"":7,""11"":7,""12"":3,""13"":1,""14"":3,""15"":6,""16"":2,""17"":1,""19"":1,""5"":1,""6"":7,""7"":7,""8"":9,""9"":9}}",173,5.638860065326831,162,0.162,"{""10"":4,""11"":11,""12"":7,""3"":162,""4"":184,""5"":255,""6"":153,""7"":104,""8"":95,""9"":25}","{""10"":51,""11"":95,""12"":70,""13"":21,""14"":17,""15"":13,""16"":6,""17"":4,""18"":1,""19"":2,""20"":4,""21"":3,""24"":1,""27"":4,""3"":162,""31"":11,""32"":3,""35"":2,""39"":2,""4"":59,""5"":148,""6"":54,""7"":67,""8"":141,""9"":59}","{""Diagonal CMA-ES"":{""attempts"":315,""discoveries"":0,""improvements"":1,""insertions"":1,""insertion_rate"":0.0031746031746031746},""Immigrant"":{""attempts"":135,""discoveries"":0,""improvements"":0,""insertions"":0,""insertion_rate"":0.0},""Morphology"":{""attempts"":312,""discoveries"":0,""improvements"":12,""insertions"":12,""insertion_rate"":0.038461538461538464},""Novelty"":{""attempts"":238,""discoveries"":0,""improvements"":1,""insertions"":1,""insertion_rate"":0.004201680672268907}}","{""Morphology"":215,""Novelty"":28}",3,0.9428571428571428,false,1000
40,35,36000,0.8960598189999999,0.032973122,0.030685234,0.000959322,0.001328566,0.967847472,55.38198,18.17239,4013.641955744475,180,0.9375,51,4.60589621994216,29,0.16111111111111112,"{""10"":2,""11"":3,""3"":29,""4"":39,""5"":50,""6"":21,""7"":23,""8"":10,""9"":3}","{""10"":10,""11"":15,""12"":9,""13"":2,""14"":4,""15"":1,""16"":1,""17"":1,""27"":2,""28"":1,""3"":29,""31"":2,""4"":5,""5"":34,""6"":4,""7"":15,""8"":34,""9"":11}",64,"{""count"":64,""unique_topologies"":64,""topology_entropy_bits"":6.0,""effective_topology_count"":64.0,""triangle_like_count"":0,""triangle_like_fraction"":0.0,""mean_nodes"":6.828125,""mean_muscles"":11.03125,""node_counts"":{""10"":1,""12"":2,""4"":1,""5"":8,""6"":22,""7"":17,""8"":9,""9"":4},""muscle_counts"":{""10"":4,""11"":8,""12"":6,""13"":1,""14"":4,""15"":4,""16"":2,""17"":1,""19"":1,""35"":1,""39"":1,""5"":1,""6"":7,""7"":5,""8"":9,""9"":9}}",167,5.662387815848879,138,0.138,"{""10"":4,""11"":55,""12"":11,""3"":138,""4"":212,""5"":243,""6"":157,""7"":93,""8"":68,""9"":19}","{""10"":33,""11"":101,""12"":61,""13"":12,""14"":13,""15"":14,""16"":6,""17"":5,""19"":2,""23"":1,""27"":2,""28"":34,""29"":2,""3"":138,""31"":21,""32"":3,""35"":4,""39"":2,""4"":59,""5"":177,""6"":59,""7"":59,""8"":117,""9"":75}","{""Diagonal CMA-ES"":{""attempts"":287,""discoveries"":0,""improvements"":0,""insertions"":0,""insertion_rate"":0.0},""Immigrant"":{""attempts"":154,""discoveries"":0,""improvements"":0,""insertions"":0,""insertion_rate"":0.0},""Morphology"":{""attempts"":282,""discoveries"":15,""improvements"":13,""insertions"":28,""insertion_rate"":0.09929078014184398},""Novelty"":{""attempts"":277,""discoveries"":0,""improvements"":3,""insertions"":3,""insertion_rate"":0.010830324909747292}}","{""Morphology"":197,""Novelty"":39}",15,0.943127962085308,false,2000
40,36,37000,0.9298485999999999,0.033788781,0.031557884,0.000983067,0.00124783,1.00375436,55.38198,18.950699,4110.897151838988,180,0.9375,49,4.58101208305559,31,0.17222222222222222,"{""10"":2,""11"":4,""3"":31,""4"":37,""5"":49,""6"":20,""7"":24,""8"":10,""9"":3}","{""10"":12,""11"":14,""12"":8,""13"":2,""14"":3,""15"":1,""16"":1,""17"":1,""27"":2,""28"":1,""3"":31,""31"":3,""4"":5,""5"":32,""6"":3,""7"":14,""8"":36,""9"":11}",64,"{""count"":64,""unique_topologies"":64,""topology_entropy_bits"":6.0,""effective_topology_count"":64.0,""triangle_like_count"":0,""triangle_like_fraction"":0.0,""mean_nodes"":6.875,""mean_muscles"":11.21875,""node_counts"":{""10"":1,""12"":2,""4"":1,""5"":8,""6"":21,""7"":17,""8"":9,""9"":5},""muscle_counts"":{""10"":4,""11"":7,""12"":6,""13"":1,""14"":4,""15"":5,""16"":3,""17"":1,""19"":1,""35"":1,""39"":1,""5"":1,""6"":7,""7"":5,""8"":8,""9"":9}}",175,5.551076390485925,167,0.167,"{""10"":4,""11"":32,""12"":13,""13"":3,""3"":167,""4"":161,""5"":265,""6"":148,""7"":103,""8"":80,""9"":24}","{""10"":37,""11"":92,""12"":42,""13"":10,""14"":18,""15"":12,""16"":4,""17"":29,""18"":2,""19"":2,""20"":1,""27"":1,""28"":15,""29"":2,""3"":167,""31"":16,""32"":3,""35"":5,""36"":1,""39"":4,""4"":64,""40"":1,""5"":119,""6"":42,""7"":105,""8"":129,""9"":77}","{""Diagonal CMA-ES"":{""attempts"":305,""discoveries"":0,""improvements"":0,""insertions"":0,""insertion_rate"":0.0},""Immigrant"":{""attempts"":164,""discoveries"":0,""improvements"":0,""insertions"":0,""insertion_rate"":0.0},""Morphology"":{""attempts"":309,""discoveries"":2,""improvements"":16,""insertions"":18,""insertion_rate"":0.05825242718446602},""Novelty"":{""attempts"":222,""discoveries"":0,""improvements"":0,""insertions"":0,""insertion_rate"":0.0}}","{""Morphology"":213,""Novelty"":31}",2,0.9439252336448598,false,3000
40,37,38000,0.9660321239999999,0.036183524,0.033992994,0.000948636,0.001241894,1.042173532,55.38198,18.950699,4137.663893591613,180,0.9375,48,4.554774253281443,30,0.16666666666666666,"{""10"":2,""11"":4,""3"":30,""4"":38,""5"":50,""6"":20,""7"":23,""8"":10,""9"":3}","{""10"":13,""11"":14,""12"":8,""13"":2,""14"":2,""16"":1,""17"":1,""27"":2,""28"":1,""3"":30,""31"":3,""4"":5,""5"":33,""6"":3,""7"":14,""8"":37,""9"":11}",64,"{""count"":64,""unique_topologies"":64,""topology_entropy_bits"":6.0,""effective_topology_count"":64.0,""triangle_like_count"":0,""triangle_like_fraction"":0.0,""mean_nodes"":6.90625,""mean_muscles"":11.28125,""node_counts"":{""10"":1,""12"":2,""4"":1,""5"":7,""6"":21,""7"":18,""8"":9,""9"":5},""muscle_counts"":{""10"":4,""11"":7,""12"":7,""13"":1,""14"":4,""15"":5,""16"":3,""17"":1,""19"":1,""35"":1,""39"":1,""5"":1,""6"":7,""7"":5,""8"":7,""9"":9}}",163,5.433261395649708,173,0.173,"{""10"":5,""11"":20,""12"":7,""13"":1,""3"":173,""4"":194,""5"":263,""6"":136,""7"":129,""8"":61,""9"":11}","{""10"":61,""11"":70,""12"":57,""13"":5,""14"":19,""15"":12,""16"":5,""17"":9,""18"":2,""19"":3,""20"":3,""21"":1,""3"":173,""31"":19,""32"":1,""35"":4,""39"":1,""4"":76,""41"":1,""44"":1,""5"":150,""6"":41,""7"":74,""8"":157,""9"":55}","{""Diagonal CMA-ES"":{""attempts"":299,""discoveries"":0,""improvements"":0,""insertions"":0,""insertion_rate"":0.0},""Immigrant"":{""attempts"":157,""discoveries"":0,""improvements"":0,""insertions"":0,""insertion_rate"":0.0},""Morphology"":{""attempts"":302,""discoveries"":2,""improvements"":11,""insertions"":13,""insertion_rate"":0.04304635761589404},""Novelty"":{""attempts"":242,""discoveries"":0,""improvements"":2,""insertions"":2,""insertion_rate"":0.008264462809917356}}","{""Morphology"":191,""Novelty"":20}",2,0.9447004608294931,false,4000
40,38,39000,1.000334997,0.034302873,0.031461714,0.001094671,0.001746488,1.079191713,55.38198,19.173487,4175.484973084182,181,0.9427083,47,4.526307117878837,31,0.1712707182320442,"{""10"":2,""11"":5,""3"":31,""4"":37,""5"":50,""6"":20,""7"":23,""8"":10,""9"":3}","{""10"":13,""11"":14,""12"":8,""13"":2,""14"":2,""16"":1,""17"":1,""27"":2,""28"":1,""3"":31,""31"":4,""4"":4,""5"":33,""6"":3,""7"":15,""8"":37,""9"":10}",64,"{""count"":64,""unique_topologies"":64,""topology_entropy_bits"":6.0,""effective_topology_count"":64.0,""triangle_like_count"":0,""triangle_like_fraction"":0.0,""mean_nodes"":6.90625,""mean_muscles"":11.28125,""node_counts"":{""10"":1,""12"":2,""4"":1,""5"":7,""6"":21,""7"":18,""8"":9,""9"":5},""muscle_counts"":{""10"":4,""11"":7,""12"":7,""13"":1,""14"":4,""15"":5,""16"":3,""17"":1,""19"":1,""35"":1,""39"":1,""5"":1,""6"":7,""7"":5,""8"":7,""9"":9}}",152,5.502932034264413,171,0.171,"{""10"":5,""11"":35,""12"":4,""13"":1,""3"":171,""4"":198,""5"":254,""6"":149,""7"":110,""8"":52,""9"":21}","{""10"":45,""11"":70,""12"":49,""13"":17,""14"":20,""15"":8,""16"":9,""17"":7,""18"":1,""19"":3,""22"":1,""28"":10,""3"":171,""31"":24,""32"":1,""35"":3,""39"":1,""4"":73,""5"":148,""6"":51,""7"":69,""8"":151,""9"":68}","{""Diagonal CMA-ES"":{""attempts"":293,""discoveries"":1,""improvements"":2,""insertions"":3,""insertion_rate"":0.010238907849829351},""Immigrant"":{""attempts"":162,""discoveries"":0,""improvements"":0,""insertions"":0,""insertion_rate"":0.0},""Morphology"":{""attempts"":306,""discoveries"":0,""improvements"":6,""insertions"":6,""insertion_rate"":0.0196078431372549},""Novelty"":{""attempts"":239,""discoveries"":0,""improvements"":2,""insertions"":2,""insertion_rate"":0.008368200836820083}}","{""Morphology"":197,""Novelty"":27}",0,0.9482758620689655,false,5000
40,39,40000,1.036778535,0.036443538000000004,0.034275566,0.000953385,0.001214587,1.11795282,55.38198,19.173487,4188.351414632052,181,0.9427083,46,4.506364352826699,31,0.1712707182320442,"{""10"":2,""11"":5,""3"":31,""4"":38,""5"":49,""6"":20,""7"":24,""8"":9,""9"":3}","{""10"":13,""11"":13,""12"":8,""13"":2,""14"":2,""16"":1,""17"":1,""27"":2,""3"":31,""31"":5,""4"":4,""5"":34,""6"":3,""7"":14,""8"":37,""9"":11}",64,"{""count"":64,""unique_topologies"":64,""topology_entropy_bits"":6.0,""effective_topology_count"":64.0,""triangle_like_count"":0,""triangle_like_fraction"":0.0,""mean_nodes"":6.90625,""mean_muscles"":11.28125,""node_counts"":{""10"":1,""12"":2,""4"":1,""5"":7,""6"":21,""7"":18,""8"":9,""9"":5},""muscle_counts"":{""10"":4,""11"":7,""12"":7,""13"":1,""14"":4,""15"":5,""16"":3,""17"":1,""19"":1,""35"":1,""39"":1,""5"":1,""6"":7,""7"":5,""8"":7,""9"":9}}",152,5.328683120195443,139,0.139,"{""10"":4,""11"":117,""12"":30,""13"":2,""3"":139,""4"":195,""5"":220,""6"":145,""7"":96,""8"":41,""9"":11}","{""10"":30,""11"":79,""12"":42,""13"":6,""14"":28,""15"":9,""16"":4,""17"":3,""18"":2,""21"":1,""27"":1,""3"":139,""31"":116,""32"":19,""35"":6,""39"":2,""4"":61,""40"":1,""41"":3,""44"":1,""5"":147,""6"":50,""7"":49,""8"":147,""9"":54}","{""Diagonal CMA-ES"":{""attempts"":297,""discoveries"":0,""improvements"":1,""insertions"":1,""insertion_rate"":0.003367003367003367},""Immigrant"":{""attempts"":143,""discoveries"":0,""improvements"":0,""insertions"":0,""insertion_rate"":0.0},""Morphology"":{""attempts"":302,""discoveries"":0,""improvements"":2,""insertions"":2,""insertion_rate"":0.006622516556291391},""Novelty"":{""attempts"":258,""discoveries"":0,""improvements"":0,""insertions"":0,""insertion_rate"":0.0}}","{""Morphology"":193,""Novelty"":36}",0,0.9487179487179487,false,6000
40,40,41000,1.0698407,0.033062165,0.030853827,0.000926077,0.001282261,1.153315935,55.38198,19.173487,4237.464574765414,181,0.9427083,49,4.582410862540484,31,0.1712707182320442,"{""10"":2,""11"":5,""3"":31,""4"":38,""5"":49,""6"":19,""7"":23,""8"":11,""9"":3}","{""10"":12,""11"":14,""12"":8,""13"":1,""14"":2,""16"":3,""17"":1,""27"":2,""3"":31,""31"":5,""4"":5,""5"":33,""6"":4,""7"":13,""8"":36,""9"":11}",64,"{""count"":64,""unique_topologies"":64,""topology_entropy_bits"":6.0,""effective_topology_count"":64.0,""triangle_like_count"":0,""triangle_like_fraction"":0.0,""mean_nodes"":7.0,""mean_muscles"":11.1875,""node_counts"":{""10"":2,""12"":2,""4"":2,""5"":6,""6"":20,""7"":16,""8"":10,""9"":6},""muscle_counts"":{""10"":4,""11"":7,""12"":7,""13"":3,""14"":5,""15"":3,""16"":3,""17"":1,""19"":1,""32"":1,""35"":1,""4"":1,""5"":1,""6"":6,""7"":4,""8"":7,""9"":9}}",166,5.478541666589796,196,0.196,"{""10"":7,""11"":17,""12"":14,""3"":196,""4"":192,""5"":244,""6"":132,""7"":111,""8"":76,""9"":11}","{""10"":50,""11"":60,""12"":48,""13"":11,""14"":20,""15"":12,""16"":10,""17"":11,""19"":5,""20"":2,""27"":1,""3"":196,""31"":17,""32"":6,""35"":4,""39"":4,""4"":64,""5"":163,""6"":44,""7"":61,""8"":141,""9"":70}","{""Diagonal CMA-ES"":{""attempts"":275,""discoveries"":0,""improvements"":0,""insertions"":0,""insertion_rate"":0.0},""Immigrant"":{""attempts"":150,""discoveries"":0,""improvements"":0,""insertions"":0,""insertion_rate"":0.0},""Morphology"":{""attempts"":307,""discoveries"":10,""improvements"":14,""insertions"":24,""insertion_rate"":0.0781758957654723},""Novelty"":{""attempts"":268,""discoveries"":0,""improvements"":1,""insertions"":1,""insertion_rate"":0.0037313432835820895}}","{""Morphology"":195,""Novelty"":31}",12,0.9491525423728814,false,7000
40,41,42000,1.101226429,0.031385729,0.029267622,0.000908269,0.001209838,1.186886257,55.38198,19.241076,4281.243836354464,181,0.9427083,49,4.575840806673889,31,0.1712707182320442,"{""10"":2,""11"":5,""3"":31,""4"":38,""5"":48,""6"":19,""7"":24,""8"":11,""9"":3}","{""10"":13,""11"":14,""12"":8,""13"":1,""14"":2,""16"":3,""17"":1,""27"":2,""3"":31,""31"":5,""4"":5,""5"":33,""6"":4,""7"":11,""8"":36,""9"":12}",64,"{""count"":64,""unique_topologies"":64,""topology_entropy_bits"":6.0,""effective_topology_count"":64.0,""triangle_like_count"":0,""triangle_like_fraction"":0.0,""mean_nodes"":6.953125,""mean_muscles"":11.109375,""node_counts"":{""10"":2,""12"":2,""4"":3,""5"":6,""6"":20,""7"":15,""8"":10,""9"":6},""muscle_counts"":{""10"":3,""11"":7,""12"":7,""13"":3,""14"":5,""15"":3,""16"":3,""17"":1,""19"":1,""32"":1,""35"":1,""4"":1,""5"":2,""6"":6,""7"":4,""8"":7,""9"":9}}",159,5.486288404131881,160,0.16,"{""10"":9,""11"":47,""12"":7,""13"":3,""3"":160,""4"":196,""5"":248,""6"":150,""7"":118,""8"":48,""9"":14}","{""10"":59,""11"":57,""12"":44,""13"":8,""14"":15,""15"":14,""16"":11,""17"":6,""18"":2,""20"":3,""22"":2,""27"":1,""28"":1,""3"":160,""31"":43,""32"":4,""33"":3,""35"":3,""4"":59,""5"":168,""6"":33,""7"":69,""8"":155,""9"":80}","{""Diagonal CMA-ES"":{""attempts"":303,""discoveries"":0,""improvements"":0,""insertions"":0,""insertion_rate"":0.0},""Immigrant"":{""attempts"":141,""discoveries"":0,""improvements"":0,""insertions"":0,""insertion_rate"":0.0},""Morphology"":{""attempts"":312,""discoveries"":0,""improvements"":9,""insertions"":9,""insertion_rate"":0.028846153846153848},""Novelty"":{""attempts"":244,""discoveries"":1,""improvements"":0,""insertions"":1,""insertion_rate"":0.004098360655737705}}","{""Morphology"":205,""Novelty"":27}",0,0.9491525423728814,false,8000
40,42,43000,1.131830928,0.030604499,0.028437714,0.000926078,0.001240707,1.219615986,60.307617,19.458426,4326.723310422152,181,0.9427083,50,4.6097171157916685,30,0.16574585635359115,"{""10"":2,""11"":4,""12"":1,""3"":30,""4"":39,""5"":47,""6"":20,""7"":24,""8"":11,""9"":3}","{""10"":13,""11"":13,""12"":9,""13"":1,""14"":3,""16"":3,""17"":1,""27"":2,""3"":30,""31"":4,""32"":1,""4"":5,""5"":34,""6"":4,""7"":11,""8"":36,""9"":11}",64,"{""count"":64,""unique_topologies"":64,""topology_entropy_bits"":6.0,""effective_topology_count"":64.0,""triangle_like_count"":0,""triangle_like_fraction"":0.0,""mean_nodes"":6.984375,""mean_muscles"":11.15625,""node_counts"":{""10"":2,""12"":2,""4"":2,""5"":6,""6"":21,""7"":15,""8"":10,""9"":6},""muscle_counts"":{""10"":3,""11"":7,""12"":7,""13"":3,""14"":5,""15"":3,""16"":3,""17"":1,""19"":1,""32"":1,""35"":1,""4"":1,""5"":1,""6"":6,""7"":4,""8"":8,""9"":9}}",158,5.4841712921598464,157,0.157,"{""10"":16,""11"":31,""12"":8,""13"":3,""3"":157,""4"":204,""5"":271,""6"":126,""7"":108,""8"":66,""9"":10}","{""10"":60,""11"":73,""12"":43,""13"":2,""14"":22,""15"":16,""16"":6,""17"":6,""19"":2,""20"":4,""22"":1,""27"":5,""3"":157,""31"":30,""32"":8,""33"":3,""4"":77,""5"":151,""6"":51,""7"":63,""8"":160,""9"":60}","{""Diagonal CMA-ES"":{""attempts"":286,""discoveries"":0,""improvements"":0,""insertions"":0,""insertion_rate"":0.0},""Immigrant"":{""attempts"":173,""discoveries"":0,""improvements"":0,""insertions"":0,""insertion_rate"":0.0},""Morphology"":{""attempts"":312,""discoveries"":1,""improvements"":11,""insertions"":12,""insertion_rate"":0.038461538461538464},""Novelty"":{""attempts"":229,""discoveries"":0,""improvements"":0,""insertions"":0,""insertion_rate"":0.0}}","{""Morphology"":204,""Novelty"":22}",2,0.9491525423728814,true,9000
40,43,44000,1.165791865,0.033960937000000004,0.031809587,0.000948636,0.001202714,1.255589361,60.307617,19.458426,4337.581152226776,181,0.9427083,50,4.649545498810569,30,0.16574585635359115,"{""10"":2,""11"":4,""12"":2,""3"":30,""4"":38,""5"":46,""6"":20,""7"":25,""8"":11,""9"":3}","{""10"":14,""11"":13,""12"":9,""13"":1,""14"":3,""16"":2,""17"":1,""27"":2,""3"":30,""31"":4,""32"":2,""4"":6,""5"":32,""6"":4,""7"":10,""8"":36,""9"":12}",64,"{""count"":64,""unique_topologies"":64,""topology_entropy_bits"":6.0,""effective_topology_count"":64.0,""triangle_like_count"":0,""triangle_like_fraction"":0.0,""mean_nodes"":7.078125,""mean_muscles"":11.140625,""node_counts"":{""10"":1,""11"":1,""12"":1,""4"":2,""5"":6,""6"":16,""7"":15,""8"":17,""9"":5},""muscle_counts"":{""10"":3,""11"":9,""12"":7,""13"":3,""14"":2,""15"":5,""16"":3,""17"":2,""19"":1,""20"":1,""35"":1,""4"":2,""6"":5,""7"":4,""8"":8,""9"":8}}",170,5.555623296557349,160,0.16,"{""10"":6,""11"":20,""12"":10,""13"":1,""3"":160,""4"":200,""5"":255,""6"":129,""7"":146,""8"":63,""9"":10}","{""10"":74,""11"":59,""12"":43,""13"":11,""14"":27,""15"":10,""16"":10,""17"":10,""18"":1,""19"":2,""20"":3,""27"":2,""3"":160,""31"":18,""32"":7,""33"":1,""35"":1,""39"":1,""4"":71,""41"":1,""5"":151,""6"":52,""7"":63,""8"":161,""9"":61}","{""Diagonal CMA-ES"":{""attempts"":296,""discoveries"":0,""improvements"":2,""insertions"":2,""insertion_rate"":0.006756756756756757},""Immigrant"":{""attempts"":157,""discoveries"":0,""improvements"":0,""insertions"":0,""insertion_rate"":0.0},""Morphology"":{""attempts"":307,""discoveries"":16,""improvements"":14,""insertions"":30,""insertion_rate"":0.09771986970684039},""Novelty"":{""attempts"":240,""discoveries"":0,""improvements"":0,""insertions"":0,""insertion_rate"":0.0}}","{""Morphology"":203,""Novelty"":30}",16,0.9354838709677419,false,1000
40,44,45000,1.19848835,0.032696485,0.030116527,0.000997315,0.001582643,1.290672278,60.307617,19.505087,4394.3977015428245,182,0.9479167,51,4.702954276537891,28,0.15384615384615385,"{""10"":2,""11"":5,""12"":2,""3"":28,""4"":38,""5"":48,""6"":18,""7"":25,""8"":12,""9"":4}","{""10"":14,""11"":11,""12"":10,""13"":2,""14"":3,""16"":1,""17"":2,""27"":2,""3"":28,""31"":5,""32"":2,""4"":6,""5"":32,""6"":4,""7"":11,""8"":38,""9"":11}",64,"{""count"":64,""unique_topologies"":64,""topology_entropy_bits"":6.0,""effective_topology_count"":64.0,""triangle_like_count"":0,""triangle_like_fraction"":0.0,""mean_nodes"":7.046875,""mean_muscles"":10.984375,""node_counts"":{""10"":1,""11"":1,""12"":1,""4"":2,""5"":6,""6"":16,""7"":17,""8"":15,""9"":5},""muscle_counts"":{""10"":4,""11"":9,""12"":8,""13"":3,""14"":2,""15"":4,""16"":3,""17"":1,""19"":1,""20"":1,""35"":1,""4"":2,""6"":5,""7"":4,""8"":8,""9"":8}}",165,5.5693516153202625,145,0.145,"{""11"":15,""12"":14,""13"":2,""3"":145,""4"":222,""5"":259,""6"":152,""7"":107,""8"":72,""9"":12}","{""10"":58,""11"":70,""12"":52,""13"":5,""14"":18,""15"":12,""16"":2,""17"":7,""18"":1,""20"":2,""21"":1,""28"":1,""3"":145,""31"":13,""32"":11,""34"":1,""35"":1,""36"":1,""39"":1,""4"":64,""5"":189,""6"":47,""7"":55,""8"":177,""9"":66}","{""Diagonal CMA-ES"":{""attempts"":290,""discoveries"":1,""improvements"":1,""insertions"":2,""insertion_rate"":0.006896551724137931},""Immigrant"":{""attempts"":143,""discoveries"":0,""improvements"":0,""insertions"":0,""insertion_rate"":0.0},""Morphology"":{""attempts"":299,""discoveries"":3,""improvements"":15,""insertions"":18,""insertion_rate"":0.06020066889632107},""Novelty"":{""attempts"":268,""discoveries"":0,""improvements"":1,""insertions"":1,""insertion_rate"":0.0037313432835820895}}","{""Morphology"":214,""Novelty"":30}",2,0.9354838709677419,false,2000
40,45,46000,1.230719421,0.032231071,0.030093969,0.000929639,0.001207463,1.325251787,60.307617,19.505087,4399.789202969521,182,0.9479167,51,4.716072598260747,28,0.15384615384615385,"{""10"":2,""11"":5,""12"":2,""3"":28,""4"":38,""5"":47,""6"":19,""7"":25,""8"":12,""9"":4}","{""10"":14,""11"":12,""12"":10,""13"":2,""14"":3,""16"":1,""17"":2,""27"":2,""3"":28,""31"":5,""32"":2,""4"":6,""5"":32,""6"":4,""7"":11,""8"":37,""9"":11}",64,"{""count"":64,""unique_topologies"":64,""topology_entropy_bits"":6.0,""effective_topology_count"":64.0,""triangle_like_count"":0,""triangle_like_fraction"":0.0,""mean_nodes"":7.046875,""mean_muscles"":10.984375,""node_counts"":{""10"":1,""11"":1,""12"":1,""4"":2,""5"":6,""6"":16,""7"":17,""8"":15,""9"":5},""muscle_counts"":{""10"":4,""11"":9,""12"":8,""13"":3,""14"":2,""15"":4,""16"":3,""17"":1,""19"":1,""20"":1,""35"":1,""4"":2,""6"":5,""7"":4,""8"":8,""9"":8}}",165,5.476462829320076,113,0.113,"{""10"":1,""11"":129,""12"":25,""13"":1,""3"":113,""4"":158,""5"":231,""6"":123,""7"":111,""8"":91,""9"":17}","{""10"":44,""11"":62,""12"":24,""13"":10,""14"":29,""15"":14,""16"":2,""17"":41,""18"":1,""20"":2,""23"":2,""3"":113,""31"":128,""32"":18,""33"":1,""35"":5,""39"":2,""4"":48,""5"":139,""6"":41,""7"":57,""8"":149,""9"":68}","{""Diagonal CMA-ES"":{""attempts"":285,""discoveries"":0,""improvements"":0,""insertions"":0,""insertion_rate"":0.0},""Immigrant"":{""attempts"":146,""discoveries"":0,""improvements"":0,""insertions"":0,""insertion_rate"":0.0},""Morphology"":{""attempts"":297,""discoveries"":0,""improvements"":8,""insertions"":8,""insertion_rate"":0.026936026936026935},""Novelty"":{""attempts"":272,""discoveries"":0,""improvements"":0,""insertions"":0,""insertion_rate"":0.0}}","{""Morphology"":195,""Novelty"":33}",0,0.936,false,3000
40,46,47000,1.264313489,0.033594068000000005,0.031363171,0.000972381,0.001258516,1.3611206820000001,60.307617,19.505087,4411.522618573159,182,0.9479167,51,4.73266353237423,28,0.15384615384615385,"{""10"":3,""11"":4,""12"":2,""3"":28,""4"":40,""5"":46,""6"":20,""7"":22,""8"":13,""9"":4}","{""10"":13,""11"":12,""12"":11,""13"":2,""14"":4,""16"":1,""17"":2,""27"":2,""3"":28,""31"":4,""32"":2,""4"":8,""5"":32,""6"":4,""7"":11,""8"":36,""9"":10}",64,"{""count"":64,""unique_topologies"":64,""topology_entropy_bits"":6.0,""effective_topology_count"":64.0,""triangle_like_count"":0,""triangle_like_fraction"":0.0,""mean_nodes"":7.109375,""mean_muscles"":11.21875,""node_counts"":{""10"":1,""11"":1,""12"":1,""4"":1,""5"":6,""6"":16,""7"":17,""8"":16,""9"":5},""muscle_counts"":{""10"":4,""11"":9,""12"":8,""13"":3,""14"":2,""15"":4,""16"":3,""17"":1,""19"":2,""20"":1,""35"":1,""4"":1,""6"":5,""7"":4,""8"":8,""9"":8}}",161,5.49094067711698,125,0.125,"{""10"":7,""11"":23,""12"":9,""13"":2,""3"":125,""4"":273,""5"":232,""6"":133,""7"":116,""8"":65,""9"":15}","{""10"":54,""11"":59,""12"":33,""13"":15,""14"":26,""15"":22,""16"":2,""17"":5,""18"":1,""19"":2,""20"":2,""21"":1,""26"":1,""27"":3,""28"":1,""3"":125,""31"":22,""32"":4,""35"":2,""36"":2,""39"":1,""4"":61,""5"":237,""6"":52,""7"":61,""8"":144,""9"":62}","{""Diagonal CMA-ES"":{""attempts"":308,""discoveries"":0,""improvements"":1,""insertions"":1,""insertion_rate"":0.003246753246753247},""Immigrant"":{""attempts"":143,""discoveries"":0,""improvements"":0,""insertions"":0,""insertion_rate"":0.0},""Morphology"":{""attempts"":330,""discoveries"":1,""improvements"":9,""insertions"":10,""insertion_rate"":0.030303030303030304},""Novelty"":{""attempts"":219,""discoveries"":0,""improvements"":0,""insertions"":0,""insertion_rate"":0.0}}","{""Morphology"":216,""Novelty"":30}",2,0.9398496240601504,false,4000
40,47,48000,1.2984691400000001,0.034155650999999995,0.032025672,0.00098188,0.001148099,1.397409874,60.307617,19.505087,4422.666586916894,182,0.9479167,51,4.741953365071396,28,0.15384615384615385,"{""10"":3,""11"":4,""12"":2,""3"":28,""4"":40,""5"":46,""6"":20,""7"":22,""8"":13,""9"":4}","{""10"":13,""11"":12,""12"":11,""13"":2,""14"":4,""16"":1,""17"":2,""27"":2,""3"":28,""31"":4,""32"":2,""4"":9,""5"":31,""6"":4,""7"":11,""8"":36,""9"":10}",64,"{""count"":64,""unique_topologies"":64,""topology_entropy_bits"":6.0,""effective_topology_count"":64.0,""triangle_like_count"":0,""triangle_like_fraction"":0.0,""mean_nodes"":7.109375,""mean_muscles"":11.21875,""node_counts"":{""10"":1,""11"":1,""12"":1,""4"":1,""5"":6,""6"":16,""7"":17,""8"":16,""9"":5},""muscle_counts"":{""10"":4,""11"":9,""12"":8,""13"":3,""14"":2,""15"":4,""16"":3,""17"":1,""19"":2,""20"":1,""35"":1,""4"":1,""6"":5,""7"":4,""8"":8,""9"":8}}",175,5.6471818690578495,168,0.168,"{""10"":7,""11"":17,""12"":13,""13"":2,""3"":168,""4"":196,""5"":229,""6"":149,""7"":116,""8"":79,""9"":24}","{""10"":57,""11"":60,""12"":57,""13"":12,""14"":28,""15"":16,""16"":4,""17"":10,""19"":3,""20"":7,""21"":1,""23"":2,""24"":1,""26"":2,""3"":168,""31"":15,""32"":9,""33"":1,""34"":1,""35"":1,""39"":1,""4"":68,""40"":1,""41"":1,""5"":157,""6"":50,""7"":63,""8"":144,""9"":60}","{""Diagonal CMA-ES"":{""attempts"":274,""discoveries"":0,""improvements"":2,""insertions"":2,""insertion_rate"":0.0072992700729927005},""Immigrant"":{""attempts"":139,""discoveries"":0,""improvements"":0,""insertions"":0,""insertion_rate"":0.0},""Morphology"":{""attempts"":326,""discoveries"":0,""improvements"":4,""insertions"":4,""insertion_rate"":0.012269938650306749},""Novelty"":{""attempts"":261,""discoveries"":0,""improvements"":0,""insertions"":0,""insertion_rate"":0.0}}","{""Morphology"":219,""Novelty"":27}",0,0.9402985074626866,false,5000
40,48,49000,1.3331103880000001,0.034641248000000006,0.031940187,0.001175407,0.001525654,1.434818671,60.307617,19.58983,4446.64654449746,182,0.9479167,51,4.739259821139128,28,0.15384615384615385,"{""10"":3,""11"":4,""12"":2,""3"":28,""4"":40,""5"":45,""6"":22,""7"":21,""8"":13,""9"":4}","{""10"":12,""11"":12,""12"":11,""13"":2,""14"":4,""16"":1,""17"":2,""27"":2,""3"":28,""31"":4,""32"":2,""4"":9,""5"":31,""6"":4,""7"":11,""8"":37,""9"":10}",64,"{""count"":64,""unique_topologies"":64,""topology_entropy_bits"":6.0,""effective_topology_count"":64.0,""triangle_like_count"":0,""triangle_like_fraction"":0.0,""mean_nodes"":7.46875,""mean_muscles"":12.015625,""node_counts"":{""10"":2,""11"":1,""12"":1,""13"":1,""5"":6,""6"":12,""7"":15,""8"":19,""9"":7},""muscle_counts"":{""10"":5,""11"":10,""12"":8,""13"":5,""14"":2,""15"":5,""16"":2,""19"":2,""20"":1,""21"":1,""35"":1,""36"":1,""6"":5,""7"":2,""8"":7,""9"":7}}",152,5.410428488873246,180,0.18,"{""10"":6,""11"":13,""12"":11,""13"":2,""3"":180,""4"":225,""5"":250,""6"":139,""7"":112,""8"":50,""9"":12}","{""10"":50,""11"":49,""12"":49,""13"":4,""14"":23,""15"":9,""16"":4,""17"":9,""18"":3,""19"":2,""20"":2,""21"":1,""24"":1,""3"":180,""31"":12,""32"":9,""33"":1,""35"":2,""36"":1,""4"":80,""5"":174,""6"":53,""7"":84,""8"":147,""9"":51}","{""Diagonal CMA-ES"":{""attempts"":269,""discoveries"":0,""improvements"":0,""insertions"":0,""insertion_rate"":0.0},""Immigrant"":{""attempts"":178,""discoveries"":0,""improvements"":0,""insertions"":0,""insertion_rate"":0.0},""Morphology"":{""attempts"":289,""discoveries"":10,""improvements"":9,""insertions"":19,""insertion_rate"":0.0657439446366782},""Novelty"":{""attempts"":264,""discoveries"":0,""improvements"":1,""insertions"":1,""insertion_rate"":0.003787878787878788}}","{""Morphology"":172,""Novelty"":37}",10,0.9402985074626866,false,6000
40,49,50000,1.3701261940000002,0.037015806,0.033779283,0.001837908,0.001398615,1.4752479059999999,60.307617,19.58983,4508.347126048058,182,0.9479167,52,4.732096843075609,30,0.16483516483516483,"{""10"":3,""11"":4,""12"":2,""3"":30,""4"":38,""5"":44,""6"":22,""7"":22,""8"":14,""9"":3}","{""10"":12,""11"":14,""12"":10,""13"":1,""14"":5,""16"":2,""17"":2,""27"":2,""3"":30,""31"":4,""32"":2,""4"":8,""5"":30,""6"":4,""7"":11,""8"":35,""9"":10}",64,"{""count"":64,""unique_topologies"":64,""topology_entropy_bits"":6.0,""effective_topology_count"":64.0,""triangle_like_count"":0,""triangle_like_fraction"":0.0,""mean_nodes"":7.546875,""mean_muscles"":12.328125,""node_counts"":{""10"":2,""12"":2,""13"":1,""5"":5,""6"":11,""7"":16,""8"":20,""9"":7},""muscle_counts"":{""10"":5,""11"":8,""12"":9,""13"":5,""14"":2,""15"":6,""16"":2,""19"":2,""21"":1,""32"":1,""35"":1,""36"":1,""6"":4,""7"":2,""8"":7,""9"":8}}",169,5.595044481949105,160,0.16,"{""10"":8,""11"":16,""12"":10,""13"":4,""14"":1,""3"":160,""4"":205,""5"":236,""6"":162,""7"":117,""8"":66,""9"":15}","{""10"":50,""11"":53,""12"":53,""13"":12,""14"":26,""15"":16,""16"":6,""17"":9,""19"":1,""20"":1,""21"":1,""22"":1,""27"":1,""28"":1,""3"":160,""31"":13,""32"":8,""33"":2,""34"":1,""35"":2,""36"":1,""37"":1,""4"":78,""40"":1,""5"":155,""6"":43,""7"":68,""8"":164,""9"":72}","{""Diagonal CMA-ES"":{""attempts"":284,""discoveries"":0,""improvements"":0,""insertions"":0,""insertion_rate"":0.0},""Immigrant"":{""attempts"":151,""discoveries"":0,""improvements"":0,""insertions"":0,""insertion_rate"":0.0},""Morphology"":{""attempts"":319,""discoveries"":5,""improvements"":14,""insertions"":19,""insertion_rate"":0.05956112852664577},""Novelty"":{""attempts"":246,""discoveries"":0,""improvements"":0,""insertions"":0,""insertion_rate"":0.0}}","{""Morphology"":210,""Novelty"":31}",6,0.9407407407407408,false,7000
40,50,51000,1.4044314410000003,0.034305247000000004,0.03197818,0.000986629,0.001340438,1.511506228,60.307617,19.772861,4541.236871283501,182,0.9479167,51,4.699241272285149,30,0.16483516483516483,"{""10"":3,""11"":4,""12"":2,""3"":30,""4"":37,""5"":45,""6"":23,""7"":22,""8"":14,""9"":2}","{""10"":12,""11"":16,""12"":9,""13"":1,""14"":5,""16"":1,""17"":2,""27"":2,""3"":30,""31"":4,""32"":2,""4"":7,""5"":30,""6"":4,""7"":12,""8"":35,""9"":10}",64,"{""count"":64,""unique_topologies"":64,""topology_entropy_bits"":6.0,""effective_topology_count"":64.0,""triangle_like_count"":0,""triangle_like_fraction"":0.0,""mean_nodes"":7.515625,""mean_muscles"":12.28125,""node_counts"":{""10"":1,""12"":2,""13"":1,""5"":5,""6"":11,""7"":17,""8"":19,""9"":8},""muscle_counts"":{""10"":6,""11"":8,""12"":8,""13"":5,""14"":2,""15"":6,""16"":2,""18"":1,""19"":1,""21"":1,""32"":1,""35"":1,""36"":1,""6"":4,""7"":2,""8"":7,""9"":8}}",176,5.702505063723932,136,0.136,"{""10"":5,""11"":15,""12"":9,""13"":6,""14"":1,""3"":136,""4"":226,""5"":242,""6"":138,""7"":130,""8"":72,""9"":20}","{""10"":61,""11"":55,""12"":44,""13"":8,""14"":35,""15"":11,""16"":1,""17"":8,""18"":6,""19"":1,""20"":3,""26"":2,""3"":136,""31"":14,""32"":7,""33"":4,""34"":1,""35"":2,""4"":106,""40"":3,""5"":143,""6"":58,""7"":78,""8"":147,""9"":66}","{""Diagonal CMA-ES"":{""attempts"":291,""discoveries"":0,""improvements"":1,""insertions"":1,""insertion_rate"":0.003436426116838488},""Immigrant"":{""attempts"":159,""discoveries"":0,""improvements"":0,""insertions"":0,""insertion_rate"":0.0},""Morphology"":{""attempts"":287,""discoveries"":3,""improvements"":7,""insertions"":10,""insertion_rate"":0.03484320557491289},""Novelty"":{""attempts"":263,""discoveries"":0,""improvements"":0,""insertions"":0,""insertion_rate"":0.0}}","{""Morphology"":195,""Novelty"":34}",3,0.9407407407407408,false,8000
40,51,52000,1.4397304420000003,0.035299000999999997,0.033079976,0.001015124,0.001203901,1.548954205,60.307617,19.98875,4562.591143172234,182,0.9479167,51,4.6818037302187685,31,0.17032967032967034,"{""10"":3,""11"":4,""12"":2,""3"":31,""4"":35,""5"":47,""6"":20,""7"":23,""8"":15,""9"":2}","{""10"":13,""11"":15,""12"":10,""13"":1,""14"":5,""16"":1,""17"":2,""27"":2,""3"":31,""31"":4,""32"":2,""4"":7,""5"":28,""6"":4,""7"":12,""8"":37,""9"":8}",64,"{""count"":64,""unique_topologies"":64,""topology_entropy_bits"":6.0,""effective_topology_count"":64.0,""triangle_like_count"":0,""triangle_like_fraction"":0.0,""mean_nodes"":7.515625,""mean_muscles"":12.28125,""node_counts"":{""10"":1,""12"":2,""13"":1,""5"":5,""6"":11,""7"":17,""8"":19,""9"":8},""muscle_counts"":{""10"":6,""11"":8,""12"":8,""13"":5,""14"":2,""15"":6,""16"":2,""18"":1,""19"":1,""21"":1,""32"":1,""35"":1,""36"":1,""6"":4,""7"":2,""8"":7,""9"":8}}",161,5.5444558383580675,147,0.147,"{""10"":15,""11"":16,""12"":14,""13"":5,""14"":1,""3"":147,""4"":186,""5"":235,""6"":162,""7"":129,""8"":77,""9"":13}","{""10"":76,""11"":54,""12"":43,""13"":8,""14"":30,""15"":15,""16"":3,""17"":8,""18"":3,""19"":3,""20"":2,""21"":1,""27"":5,""3"":147,""31"":15,""32"":11,""33"":1,""35"":1,""36"":3,""39"":1,""4"":55,""40"":1,""41"":1,""45"":1,""5"":162,""6"":37,""7"":71,""8"":174,""9"":68}","{""Diagonal CMA-ES"":{""attempts"":302,""discoveries"":0,""improvements"":0,""insertions"":0,""insertion_rate"":0.0},""Immigrant"":{""attempts"":132,""discoveries"":0,""improvements"":0,""insertions"":0,""insertion_rate"":0.0},""Morphology"":{""attempts"":301,""discoveries"":0,""improvements"":9,""insertions"":9,""insertion_rate"":0.029900332225913623},""Novelty"":{""attempts"":265,""discoveries"":0,""improvements"":0,""insertions"":0,""insertion_rate"":0.0}}","{""Morphology"":176,""Novelty"":35}",0,0.9428571428571428,false,9000
40,52,53000,1.4716730050000004,0.031942563,0.029569191,0.001004439,0.001368933,1.583273701,60.307617,19.98875,4570.488989412785,182,0.9479167,51,4.681003765205129,31,0.17032967032967034,"{""10"":3,""11"":3,""12"":2,""3"":31,""4"":35,""5"":46,""6"":21,""7"":24,""8"":15,""9"":2}","{""10"":14,""11"":16,""12"":10,""13"":1,""14"":5,""16"":1,""17"":2,""27"":2,""3"":31,""31"":3,""32"":2,""4"":6,""5"":29,""6"":4,""7"":12,""8"":36,""9"":8}",64,"{""count"":64,""unique_topologies"":64,""topology_entropy_bits"":6.0,""effective_topology_count"":64.0,""triangle_like_count"":0,""triangle_like_fraction"":0.0,""mean_nodes"":7.515625,""mean_muscles"":12.28125,""node_counts"":{""10"":1,""12"":2,""13"":1,""5"":5,""6"":11,""7"":17,""8"":19,""9"":8},""muscle_counts"":{""10"":6,""11"":8,""12"":8,""13"":5,""14"":2,""15"":6,""16"":2,""18"":1,""19"":1,""21"":1,""32"":1,""35"":1,""36"":1,""6"":4,""7"":2,""8"":7,""9"":8}}",144,5.310137792761032,132,0.132,"{""10"":6,""11"":12,""12"":9,""13"":4,""3"":132,""4"":164,""5"":319,""6"":167,""7"":126,""8"":50,""9"":11}","{""10"":78,""11"":50,""12"":26,""13"":5,""14"":22,""15"":8,""16"":3,""17"":6,""18"":1,""19"":2,""20"":2,""21"":3,""22"":1,""27"":3,""28"":1,""3"":132,""31"":10,""32"":9,""33"":3,""36"":1,""4"":54,""5"":127,""6"":41,""7"":94,""8"":247,""9"":71}","{""Diagonal CMA-ES"":{""attempts"":322,""discoveries"":0,""improvements"":2,""insertions"":2,""insertion_rate"":0.006211180124223602},""Immigrant"":{""attempts"":136,""discoveries"":0,""improvements"":0,""insertions"":0,""insertion_rate"":0.0},""Morphology"":{""attempts"":308,""discoveries"":0,""improvements"":3,""insertions"":3,""insertion_rate"":0.00974025974025974},""Novelty"":{""attempts"":234,""discoveries"":0,""improvements"":2,""insertions"":2,""insertion_rate"":0.008547008547008548}}","{""Morphology"":191,""Novelty"":21}",0,0.9440559440559441,false,10000
40,53,54000,1.5034279770000005,0.031754972,0.029348357,0.001037682,0.001368933,1.617345055,60.307617,19.98875,4571.8142266869545,182,0.9479167,51,4.681003765205126,31,0.17032967032967034,"{""10"":3,""11"":3,""12"":2,""3"":31,""4"":35,""5"":46,""6"":21,""7"":24,""8"":15,""9"":2}","{""10"":14,""11"":16,""12"":10,""13"":1,""14"":5,""16"":1,""17"":2,""27"":2,""3"":31,""31"":3,""32"":2,""4"":6,""5"":29,""6"":4,""7"":12,""8"":36,""9"":8}",64,"{""count"":64,""unique_topologies"":64,""topology_entropy_bits"":6.0,""effective_topology_count"":64.0,""triangle_like_count"":0,""triangle_like_fraction"":0.0,""mean_nodes"":7.515625,""mean_muscles"":12.28125,""node_counts"":{""10"":1,""12"":2,""13"":1,""5"":5,""6"":11,""7"":17,""8"":19,""9"":8},""muscle_counts"":{""10"":6,""11"":8,""12"":8,""13"":5,""14"":2,""15"":6,""16"":2,""18"":1,""19"":1,""21"":1,""32"":1,""35"":1,""36"":1,""6"":4,""7"":2,""8"":7,""9"":8}}",167,5.534524192940188,143,0.143,"{""10"":7,""11"":11,""12"":12,""13"":9,""14"":1,""3"":143,""4"":157,""5"":267,""6"":170,""7"":124,""8"":78,""9"":21}","{""10"":66,""11"":67,""12"":45,""13"":13,""14"":29,""15"":16,""16"":3,""17"":8,""20"":1,""26"":1,""27"":2,""3"":143,""31"":8,""32"":11,""33"":5,""34"":1,""35"":1,""36"":3,""37"":1,""4"":62,""5"":114,""6"":35,""7"":72,""8"":221,""9"":72}","{""Diagonal CMA-ES"":{""attempts"":305,""discoveries"":0,""improvements"":0,""insertions"":0,""insertion_rate"":0.0},""Immigrant"":{""attempts"":158,""discoveries"":0,""improvements"":0,""insertions"":0,""insertion_rate"":0.0},""Morphology"":{""attempts"":295,""discoveries"":0,""improvements"":4,""insertions"":4,""insertion_rate"":0.013559322033898305},""Novelty"":{""attempts"":242,""discoveries"":0,""improvements"":0,""insertions"":0,""insertion_rate"":0.0}}","{""Morphology"":198,""Novelty"":37}",0,0.9446366782006921,false,11000
40,54,55000,1.5356721080000004,0.032244130999999995,0.029672485,0.00120865,0.001362996,1.652184579,60.307617,22.046156,4659.920607149601,182,0.9479167,55,4.79186435237378,30,0.16483516483516483,"{""10"":3,""11"":2,""12"":3,""3"":30,""4"":35,""5"":44,""6"":21,""7"":27,""8"":15,""9"":2}","{""10"":14,""11"":15,""12"":10,""13"":1,""14"":5,""15"":2,""16"":1,""17"":2,""27"":2,""3"":30,""31"":2,""32"":2,""35"":1,""4"":6,""5"":29,""6"":4,""7"":12,""8"":34,""9"":10}",64,"{""count"":64,""unique_topologies"":64,""topology_entropy_bits"":6.0,""effective_topology_count"":64.0,""triangle_like_count"":0,""triangle_like_fraction"":0.0,""mean_nodes"":7.90625,""mean_muscles"":13.3125,""node_counts"":{""10"":2,""12"":2,""13"":3,""4"":1,""5"":6,""6"":4,""7"":14,""8"":21,""9"":11},""muscle_counts"":{""10"":7,""11"":8,""12"":10,""13"":5,""14"":1,""15"":5,""16"":4,""18"":2,""19"":1,""22"":1,""32"":2,""33"":2,""36"":1,""4"":1,""6"":4,""7"":1,""8"":3,""9"":6}}",183,5.717539799017733,150,0.15,"{""10"":8,""11"":11,""12"":15,""13"":4,""3"":150,""4"":170,""5"":235,""6"":182,""7"":130,""8"":81,""9"":14}","{""10"":66,""11"":61,""12"":48,""13"":9,""14"":29,""15"":11,""16"":4,""17"":9,""18"":4,""19"":2,""22"":2,""3"":150,""31"":10,""32"":13,""33"":3,""35"":2,""36"":1,""4"":63,""5"":131,""6"":42,""7"":72,""8"":188,""9"":80}","{""Diagonal CMA-ES"":{""attempts"":279,""discoveries"":0,""improvements"":0,""insertions"":0,""insertion_rate"":0.0},""Immigrant"":{""attempts"":165,""discoveries"":0,""improvements"":0,""insertions"":0,""insertion_rate"":0.0},""Morphology"":{""attempts"":300,""discoveries"":17,""improvements"":17,""insertions"":34,""insertion_rate"":0.11333333333333333},""Novelty"":{""attempts"":256,""discoveries"":0,""improvements"":0,""insertions"":0,""insertion_rate"":0.0}}","{""Morphology"":211,""Novelty"":37}",18,0.9446366782006921,false,12000
40,55,56000,1.5700580910000004,0.034385983,0.032172895,0.000933201,0.001279887,1.688727849,60.307617,22.046156,4673.528935313225,182,0.9479167,56,4.8314835068819715,30,0.16483516483516483,"{""10"":3,""11"":2,""12"":4,""3"":30,""4"":32,""5"":43,""6"":22,""7"":29,""8"":14,""9"":3}","{""10"":15,""11"":14,""12"":10,""13"":1,""14"":5,""15"":2,""16"":1,""17"":2,""20"":1,""27"":2,""3"":30,""31"":2,""32"":3,""35"":1,""4"":5,""5"":27,""6"":4,""7"":12,""8"":34,""9"":11}",64,"{""count"":64,""unique_topologies"":64,""topology_entropy_bits"":6.0,""effective_topology_count"":64.0,""triangle_like_count"":0,""triangle_like_fraction"":0.0,""mean_nodes"":7.90625,""mean_muscles"":13.375,""node_counts"":{""10"":2,""12"":2,""13"":3,""4"":1,""5"":5,""6"":4,""7"":16,""8"":21,""9"":10},""muscle_counts"":{""10"":8,""11"":8,""12"":10,""13"":3,""15"":6,""16"":5,""18"":2,""19"":1,""22"":1,""32"":2,""33"":2,""36"":1,""4"":1,""6"":3,""7"":1,""8"":3,""9"":7}}",177,5.630019736390987,106,0.106,"{""10"":4,""11"":2,""12"":20,""13"":6,""14"":3,""3"":106,""4"":204,""5"":238,""6"":150,""7"":134,""8"":108,""9"":25}","{""10"":57,""11"":44,""12"":29,""13"":6,""14"":26,""15"":63,""16"":11,""17"":9,""18"":2,""19"":3,""20"":3,""22"":1,""23"":1,""3"":106,""32"":17,""33"":4,""34"":1,""35"":3,""37"":1,""39"":2,""4"":123,""41"":1,""5"":108,""6"":22,""7"":51,""8"":216,""9"":90}","{""Diagonal CMA-ES"":{""attempts"":310,""discoveries"":0,""improvements"":3,""insertions"":3,""insertion_rate"":0.00967741935483871},""Immigrant"":{""attempts"":145,""discoveries"":0,""improvements"":0,""insertions"":0,""insertion_rate"":0.0},""Morphology"":{""attempts"":317,""discoveries"":7,""improvements"":12,""insertions"":19,""insertion_rate"":0.05993690851735016},""Novelty"":{""attempts"":228,""discoveries"":0,""improvements"":0,""insertions"":0,""insertion_rate"":0.0}}","{""Morphology"":218,""Novelty"":20}",8,0.9446366782006921,false,13000
40,56,57000,1.6057714520000004,0.035713361000000006,0.033315057,0.000972382,0.001425922,1.726692292,60.307617,22.046156,4693.90881383419,182,0.9479167,56,4.850782188295428,29,0.15934065934065933,"{""10"":4,""11"":2,""12"":4,""3"":29,""4"":32,""5"":44,""6"":20,""7"":30,""8"":13,""9"":4}","{""10"":16,""11"":12,""12"":10,""13"":1,""14"":5,""15"":3,""17"":3,""18"":1,""20"":1,""27"":2,""3"":29,""31"":2,""32"":3,""35"":1,""4"":5,""5"":27,""6"":4,""7"":12,""8"":35,""9"":10}",64,"{""count"":64,""unique_topologies"":64,""topology_entropy_bits"":6.0,""effective_topology_count"":64.0,""triangle_like_count"":0,""triangle_like_fraction"":0.0,""mean_nodes"":7.9375,""mean_muscles"":13.609375,""node_counts"":{""10"":3,""12"":2,""13"":3,""4"":1,""5"":5,""6"":4,""7"":16,""8"":20,""9"":10},""muscle_counts"":{""10"":8,""11"":8,""12"":8,""13"":3,""15"":7,""16"":5,""18"":2,""19"":1,""22"":1,""24"":1,""32"":2,""33"":2,""36"":1,""4"":1,""6"":3,""7"":1,""8"":3,""9"":7}}",178,5.818100028854711,127,0.127,"{""10"":7,""11"":3,""12"":21,""13"":11,""14"":1,""3"":127,""4"":176,""5"":225,""6"":160,""7"":142,""8"":106,""9"":21}","{""10"":60,""11"":73,""12"":48,""13"":7,""14"":27,""15"":23,""16"":9,""17"":14,""18"":1,""19"":1,""20"":7,""21"":1,""24"":1,""27"":1,""3"":127,""31"":3,""32"":16,""33"":5,""34"":1,""35"":4,""36"":2,""39"":3,""4"":102,""40"":1,""44"":1,""5"":110,""6"":29,""7"":62,""8"":174,""9"":87}","{""Diagonal CMA-ES"":{""attempts"":280,""discoveries"":0,""improvements"":0,""insertions"":0,""insertion_rate"":0.0},""Immigrant"":{""attempts"":152,""discoveries"":0,""improvements"":0,""insertions"":0,""insertion_rate"":0.0},""Morphology"":{""attempts"":309,""discoveries"":4,""improvements"":7,""insertions"":11,""insertion_rate"":0.03559870550161812},""Novelty"":{""attempts"":259,""discoveries"":0,""improvements"":0,""insertions"":0,""insertion_rate"":0.0}}","{""Morphology"":209,""Novelty"":28}",5,0.9446366782006921,false,14000
40,57,58000,1.6406786510000004,0.034907199,0.032652556,0.000961696,0.001292947,1.763743717,60.307617,23.058975,4733.945215228945,182,0.9479167,57,4.861659737107864,29,0.15934065934065933,"{""10"":4,""11"":2,""12"":3,""13"":1,""3"":29,""4"":32,""5"":43,""6"":21,""7"":31,""8"":12,""9"":4}","{""10"":15,""11"":13,""12"":8,""13"":1,""14"":6,""15"":3,""17"":3,""18"":1,""19"":1,""20"":1,""27"":2,""3"":29,""31"":2,""32"":3,""33"":1,""4"":5,""5"":27,""6"":4,""7"":11,""8"":35,""9"":11}",64,"{""count"":64,""unique_topologies"":64,""topology_entropy_bits"":6.0,""effective_topology_count"":64.0,""triangle_like_count"":0,""triangle_like_fraction"":0.0,""mean_nodes"":7.921875,""mean_muscles"":13.53125,""node_counts"":{""10"":3,""11"":1,""12"":2,""13"":3,""4"":2,""5"":5,""6"":4,""7"":16,""8"":18,""9"":10},""muscle_counts"":{""10"":6,""11"":8,""12"":8,""13"":3,""15"":7,""16"":5,""18"":2,""20"":1,""22"":1,""24"":1,""32"":2,""33"":2,""36"":1,""4"":1,""5"":1,""6"":3,""7"":1,""8"":3,""9"":8}}",195,6.035107201230522,140,0.14,"{""10"":23,""11"":20,""12"":29,""13"":7,""14"":1,""3"":140,""4"":142,""5"":231,""6"":166,""7"":141,""8"":77,""9"":23}","{""10"":67,""11"":65,""12"":29,""13"":6,""14"":25,""15"":17,""16"":3,""17"":19,""18"":11,""19"":2,""20"":8,""21"":1,""22"":3,""23"":1,""24"":4,""27"":2,""28"":1,""3"":140,""30"":1,""31"":11,""32"":21,""33"":5,""35"":8,""36"":1,""37"":1,""39"":1,""4"":54,""42"":1,""5"":102,""6"":51,""7"":63,""8"":172,""9"":104}","{""Diagonal CMA-ES"":{""attempts"":284,""discoveries"":0,""improvements"":1,""insertions"":1,""insertion_rate"":0.0035211267605633804},""Immigrant"":{""attempts"":146,""discoveries"":0,""improvements"":0,""insertions"":0,""insertion_rate"":0.0},""Morphology"":{""attempts"":317,""discoveries"":2,""improvements"":8,""insertions"":10,""insertion_rate"":0.031545741324921134},""Novelty"":{""attempts"":253,""discoveries"":1,""improvements"":1,""insertions"":2,""insertion_rate"":0.007905138339920948}}","{""Morphology"":209,""Novelty"":34}",3,0.9478827361563518,false,15000
40,58,59000,1.6754220060000005,0.034743355000000004,0.032474464,0.00095576,0.001313131,1.800581432,60.307617,23.058975,4742.977007661015,182,0.9479167,56,4.851420976413738,28,0.15384615384615385,"{""10"":4,""11"":2,""12"":3,""13"":1,""3"":28,""4"":32,""5"":43,""6"":21,""7"":32,""8"":12,""9"":4}","{""10"":16,""11"":12,""12"":8,""13"":1,""14"":6,""15"":3,""17"":3,""18"":1,""19"":1,""20"":1,""27"":2,""3"":28,""31"":2,""32"":3,""33"":1,""4"":5,""5"":27,""6"":4,""7"":11,""8"":35,""9"":12}",64,"{""count"":64,""unique_topologies"":64,""topology_entropy_bits"":6.0,""effective_topology_count"":64.0,""triangle_like_count"":0,""triangle_like_fraction"":0.0,""mean_nodes"":7.921875,""mean_muscles"":13.5,""node_counts"":{""10"":3,""11"":1,""12"":2,""13"":3,""4"":2,""5"":5,""6"":4,""7"":16,""8"":18,""9"":10},""muscle_counts"":{""10"":7,""11"":8,""12"":7,""13"":3,""15"":7,""16"":5,""18"":2,""20"":1,""22"":1,""24"":1,""32"":2,""33"":2,""36"":1,""4"":1,""5"":1,""6"":3,""7"":1,""8"":3,""9"":8}}",180,5.887144332311215,137,0.137,"{""10"":13,""11"":16,""12"":13,""13"":11,""14"":3,""3"":137,""4"":159,""5"":244,""6"":161,""7"":147,""8"":76,""9"":20}","{""10"":71,""11"":74,""12"":23,""13"":6,""14"":20,""15"":22,""16"":7,""17"":12,""18"":12,""19"":10,""20"":8,""21"":2,""22"":1,""23"":1,""24"":1,""27"":1,""3"":137,""31"":7,""32"":11,""33"":9,""34"":1,""37"":2,""4"":69,""41"":1,""42"":1,""5"":115,""6"":45,""7"":57,""8"":167,""9"":107}","{""Diagonal CMA-ES"":{""attempts"":297,""discoveries"":0,""improvements"":1,""insertions"":1,""insertion_rate"":0.003367003367003367},""Immigrant"":{""attempts"":154,""discoveries"":0,""improvements"":0,""insertions"":0,""insertion_rate"":0.0},""Morphology"":{""attempts"":283,""discoveries"":1,""improvements"":6,""insertions"":7,""insertion_rate"":0.024734982332155476},""Novelty"":{""attempts"":266,""discoveries"":0,""improvements"":0,""insertions"":0,""insertion_rate"":0.0}}","{""Morphology"":202,""Novelty"":35}",1,0.9492063492063492,false,16000
40,59,60000,1.7098649800000005,0.03444297400000001,0.032146775,0.000967633,0.001328566,1.837198314,60.307617,23.058975,4749.865610513836,182,0.9479167,57,4.865561280474959,28,0.15384615384615385,"{""10"":4,""11"":2,""12"":3,""13"":1,""3"":28,""4"":31,""5"":45,""6"":20,""7"":32,""8"":12,""9"":4}","{""10"":16,""11"":12,""12"":8,""13"":1,""14"":6,""15"":3,""17"":3,""18"":1,""19"":1,""20"":1,""27"":2,""3"":28,""31"":2,""32"":3,""33"":1,""4"":5,""5"":26,""6"":4,""7"":11,""8"":36,""9"":12}",64,"{""count"":64,""unique_topologies"":64,""topology_entropy_bits"":6.0,""effective_topology_count"":64.0,""triangle_like_count"":0,""triangle_like_fraction"":0.0,""mean_nodes"":7.921875,""mean_muscles"":13.59375,""node_counts"":{""10"":3,""11"":1,""12"":2,""13"":3,""4"":2,""5"":5,""6"":4,""7"":16,""8"":18,""9"":10},""muscle_counts"":{""10"":7,""11"":7,""12"":7,""13"":3,""15"":7,""16"":5,""17"":1,""18"":2,""20"":1,""22"":1,""24"":1,""32"":2,""33"":2,""36"":1,""4"":1,""5"":1,""6"":3,""7"":1,""8"":3,""9"":8}}",198,5.929976744595852,133,0.133,"{""10"":21,""11"":16,""12"":4,""13"":11,""14"":1,""3"":133,""4"":155,""5"":215,""6"":184,""7"":158,""8"":84,""9"":18}","{""10"":76,""11"":90,""12"":24,""13"":4,""14"":18,""15"":25,""16"":5,""17"":21,""18"":7,""19"":9,""20"":9,""21"":3,""22"":1,""23"":2,""25"":2,""27"":1,""3"":133,""31"":6,""32"":4,""33"":7,""34"":2,""36"":2,""4"":53,""40"":1,""5"":117,""6"":38,""7"":67,""8"":157,""9"":116}","{""Diagonal CMA-ES"":{""attempts"":280,""discoveries"":0,""improvements"":1,""insertions"":1,""insertion_rate"":0.0035714285714285713},""Immigrant"":{""attempts"":149,""discoveries"":0,""improvements"":0,""insertions"":0,""insertion_rate"":0.0},""Morphology"":{""attempts"":313,""discoveries"":1,""improvements"":4,""insertions"":5,""insertion_rate"":0.01597444089456869},""Novelty"":{""attempts"":258,""discoveries"":0,""improvements"":0,""insertions"":0,""insertion_rate"":0.0}}","{""Morphology"":218,""Novelty"":30}",1,0.95,false,17000
40,60,61000,1.7421376080000006,0.032272628,0.030009674,0.000935576,0.001327378,1.871541558,60.307617,23.70271,4767.0820497609675,182,0.9479167,57,4.867152191903028,27,0.14835164835164835,"{""10"":4,""11"":2,""12"":3,""13"":1,""3"":27,""4"":31,""5"":46,""6"":20,""7"":32,""8"":12,""9"":4}","{""10"":16,""11"":12,""12"":8,""13"":1,""14"":6,""15"":3,""17"":3,""18"":1,""19"":1,""20"":1,""27"":2,""3"":27,""31"":2,""32"":3,""33"":1,""4"":5,""5"":26,""6"":4,""7"":11,""8"":37,""9"":12}",64,"{""count"":64,""unique_topologies"":64,""topology_entropy_bits"":6.0,""effective_topology_count"":64.0,""triangle_like_count"":0,""triangle_like_fraction"":0.0,""mean_nodes"":7.9375,""mean_muscles"":13.625,""node_counts"":{""10"":3,""11"":1,""12"":2,""13"":3,""4"":2,""5"":5,""6"":4,""7"":15,""8"":19,""9"":10},""muscle_counts"":{""10"":6,""11"":7,""12"":8,""13"":3,""15"":7,""16"":5,""17"":1,""18"":2,""20"":1,""22"":1,""24"":1,""32"":2,""33"":2,""36"":1,""4"":1,""5"":1,""6"":3,""7"":1,""8"":3,""9"":8}}",188,5.7708979725880445,162,0.162,"{""10"":24,""11"":14,""12"":13,""13"":8,""14"":2,""3"":162,""4"":162,""5"":237,""6"":140,""7"":125,""8"":87,""9"":26}","{""10"":58,""11"":72,""12"":26,""13"":4,""14"":18,""15"":17,""16"":10,""17"":25,""18"":12,""19"":7,""20"":9,""21"":2,""22"":2,""23"":2,""25"":1,""3"":162,""31"":7,""32"":12,""33"":6,""34"":2,""35"":1,""36"":2,""4"":66,""5"":117,""6"":41,""7"":61,""8"":172,""9"":86}","{""Diagonal CMA-ES"":{""attempts"":290,""discoveries"":0,""improvements"":0,""insertions"":0,""insertion_rate"":0.0},""Immigrant"":{""attempts"":152,""discoveries"":0,""improvements"":0,""insertions"":0,""insertion_rate"":0.0},""Morphology"":{""attempts"":303,""discoveries"":1,""improvements"":3,""insertions"":4,""insertion_rate"":0.013201320132013201},""Novelty"":{""attempts"":255,""discoveries"":0,""improvements"":0,""insertions"":0,""insertion_rate"":0.0}}","{""Morphology"":218,""Novelty"":32}",0,0.9504643962848297,false,18000
40,61,62000,1.7769379540000005,0.034800346,0.032488713,0.000971195,0.001340438,1.908583487,60.307617,23.871916,4788.972430903465,182,0.9479167,56,4.8561596696258915,27,0.14835164835164835,"{""10"":4,""11"":2,""12"":3,""13"":1,""3"":27,""4"":31,""5"":45,""6"":22,""7"":32,""8"":11,""9"":4}","{""10"":18,""11"":12,""12"":7,""13"":1,""14"":6,""15"":3,""17"":2,""18"":1,""19"":1,""20"":1,""27"":2,""3"":27,""31"":2,""32"":3,""33"":1,""4"":5,""5"":26,""6"":4,""7"":11,""8"":38,""9"":11}",64,"{""count"":64,""unique_topologies"":64,""topology_entropy_bits"":6.0,""effective_topology_count"":64.0,""triangle_like_count"":0,""triangle_like_fraction"":0.0,""mean_nodes"":7.9375,""mean_muscles"":13.625,""node_counts"":{""10"":3,""11"":1,""12"":2,""13"":3,""4"":2,""5"":5,""6"":4,""7"":15,""8"":19,""9"":10},""muscle_counts"":{""10"":6,""11"":7,""12"":8,""13"":3,""15"":7,""16"":5,""17"":1,""18"":2,""20"":1,""22"":1,""24"":1,""32"":2,""33"":2,""36"":1,""4"":1,""5"":1,""6"":3,""7"":1,""8"":3,""9"":8}}",199,6.000346231566938,124,0.124,"{""10"":24,""11"":14,""12"":12,""13"":12,""14"":1,""3"":124,""4"":154,""5"":236,""6"":174,""7"":133,""8"":80,""9"":36}","{""10"":69,""11"":64,""12"":18,""13"":15,""14"":30,""15"":16,""16"":8,""17"":29,""18"":6,""19"":9,""20"":10,""21"":4,""22"":1,""23"":1,""24"":1,""26"":3,""27"":1,""3"":124,""31"":7,""32"":10,""33"":7,""36"":5,""4"":61,""40"":1,""41"":1,""5"":114,""6"":43,""7"":59,""8"":186,""9"":97}","{""Diagonal CMA-ES"":{""attempts"":276,""discoveries"":0,""improvements"":1,""insertions"":1,""insertion_rate"":0.0036231884057971015},""Immigrant"":{""attempts"":145,""discoveries"":0,""improvements"":0,""insertions"":0,""insertion_rate"":0.0},""Morphology"":{""attempts"":345,""discoveries"":0,""improvements"":9,""insertions"":9,""insertion_rate"":0.02608695652173913},""Novelty"":{""attempts"":234,""discoveries"":0,""improvements"":0,""insertions"":0,""insertion_rate"":0.0}}","{""Morphology"":232,""Novelty"":23}",1,0.9506172839506173,false,19000
40,62,63000,1.8116931840000006,0.03475523,0.032449533,0.001000877,0.00130482,1.945826067,60.307617,23.993656,4801.9015802927315,182,0.9479167,56,4.870939647295633,27,0.14835164835164835,"{""10"":4,""11"":2,""12"":3,""13"":1,""3"":27,""4"":31,""5"":45,""6"":23,""7"":31,""8"":11,""9"":4}","{""10"":17,""11"":12,""12"":7,""13"":1,""14"":6,""15"":3,""17"":2,""18"":1,""19"":1,""20"":1,""27"":2,""3"":27,""31"":2,""32"":3,""33"":1,""4"":5,""5"":26,""6"":4,""7"":11,""8"":38,""9"":12}",64,"{""count"":64,""unique_topologies"":64,""topology_entropy_bits"":6.0,""effective_topology_count"":64.0,""triangle_like_count"":0,""triangle_like_fraction"":0.0,""mean_nodes"":7.9375,""mean_muscles"":12.90625,""node_counts"":{""10"":4,""11"":3,""13"":1,""5"":6,""6"":4,""7"":12,""8"":22,""9"":12},""muscle_counts"":{""10"":9,""11"":9,""12"":7,""13"":3,""14"":1,""15"":7,""16"":5,""17"":1,""18"":2,""20"":1,""22"":1,""24"":1,""25"":2,""36"":1,""6"":4,""7"":1,""8"":2,""9"":7}}",197,5.994061014432131,140,0.14,"{""10"":24,""11"":10,""12"":15,""13"":10,""14"":2,""3"":140,""4"":169,""5"":206,""6"":171,""7"":130,""8"":95,""9"":28}","{""10"":65,""11"":76,""12"":20,""13"":6,""14"":30,""15"":18,""16"":9,""17"":19,""18"":10,""19"":15,""20"":5,""21"":3,""23"":1,""25"":2,""27"":5,""28"":1,""3"":140,""31"":5,""32"":13,""33"":4,""35"":2,""36"":3,""39"":1,""4"":83,""40"":1,""41"":1,""42"":2,""5"":108,""6"":38,""7"":56,""8"":164,""9"":94}","{""Diagonal CMA-ES"":{""attempts"":309,""discoveries"":0,""improvements"":1,""insertions"":1,""insertion_rate"":0.003236245954692557},""Immigrant"":{""attempts"":158,""discoveries"":0,""improvements"":0,""insertions"":0,""insertion_rate"":0.0},""Morphology"":{""attempts"":292,""discoveries"":13,""improvements"":8,""insertions"":21,""insertion_rate"":0.07191780821917808},""Novelty"":{""attempts"":241,""discoveries"":2,""improvements"":1,""insertions"":3,""insertion_rate"":0.012448132780082987}}","{""Morphology"":204,""Novelty"":33}",15,0.9507692307692308,false,20000
40,63,64000,1.8461029160000006,0.034409732,0.032112346,0.000949824,0.001347562,1.982404958,60.307617,23.993656,4823.27687298134,182,0.9479167,57,4.9127830063075075,27,0.14835164835164835,"{""10"":4,""11"":2,""12"":3,""13"":1,""3"":27,""4"":30,""5"":46,""6"":23,""7"":30,""8"":11,""9"":5}","{""10"":16,""11"":12,""12"":7,""13"":1,""14"":6,""15"":3,""17"":3,""18"":1,""19"":1,""20"":1,""27"":2,""3"":27,""31"":2,""32"":3,""33"":1,""4"":5,""5"":25,""6"":4,""7"":11,""8"":39,""9"":12}",64,"{""count"":64,""unique_topologies"":64,""topology_entropy_bits"":6.0,""effective_topology_count"":64.0,""triangle_like_count"":0,""triangle_like_fraction"":0.0,""mean_nodes"":7.9375,""mean_muscles"":12.90625,""node_counts"":{""10"":4,""11"":3,""13"":1,""5"":6,""6"":4,""7"":12,""8"":22,""9"":12},""muscle_counts"":{""10"":9,""11"":9,""12"":7,""13"":3,""14"":1,""15"":7,""16"":5,""17"":1,""18"":2,""20"":1,""22"":1,""24"":1,""25"":2,""36"":1,""6"":4,""7"":1,""8"":2,""9"":7}}",186,5.92478001693902,131,0.131,"{""10"":22,""11"":19,""12"":14,""13"":10,""3"":131,""4"":164,""5"":242,""6"":151,""7"":140,""8"":77,""9"":30}","{""10"":84,""11"":69,""12"":26,""13"":4,""14"":27,""15"":15,""16"":8,""17"":18,""18"":7,""19"":11,""20"":2,""21"":1,""22"":1,""23"":3,""24"":2,""25"":2,""26"":1,""27"":2,""3"":131,""30"":1,""31"":6,""32"":13,""33"":5,""36"":3,""4"":62,""40"":1,""42"":1,""5"":131,""6"":37,""7"":83,""8"":160,""9"":83}","{""Diagonal CMA-ES"":{""attempts"":288,""discoveries"":0,""improvements"":0,""insertions"":0,""insertion_rate"":0.0},""Immigrant"":{""attempts"":173,""discoveries"":0,""improvements"":0,""insertions"":0,""insertion_rate"":0.0},""Morphology"":{""attempts"":292,""discoveries"":1,""improvements"":7,""insertions"":8,""insertion_rate"":0.0273972602739726},""Novelty"":{""attempts"":247,""discoveries"":0,""improvements"":0,""insertions"":0,""insertion_rate"":0.0}}","{""Morphology"":201,""Novelty"":25}",2,0.9507692307692308,false,21000
40,64,65000,1.8779089430000007,0.031806027,0.029471836,0.000974756,0.001359435,2.01660929,60.307617,23.993656,4837.306421626359,182,0.9479167,57,4.921627184738478,27,0.14835164835164835,"{""10"":4,""11"":3,""12"":3,""13"":1,""3"":27,""4"":30,""5"":46,""6"":22,""7"":28,""8"":11,""9"":7}","{""10"":15,""11"":12,""12"":6,""13"":1,""14"":5,""15"":3,""17"":4,""18"":2,""19"":1,""20"":3,""27"":2,""3"":27,""31"":2,""32"":3,""33"":1,""4"":5,""5"":25,""6"":4,""7"":11,""8"":39,""9"":11}",64,"{""count"":64,""unique_topologies"":64,""topology_entropy_bits"":6.0,""effective_topology_count"":64.0,""triangle_like_count"":0,""triangle_like_fraction"":0.0,""mean_nodes"":7.84375,""mean_muscles"":12.6875,""node_counts"":{""10"":4,""11"":2,""13"":1,""5"":6,""6"":5,""7"":13,""8"":21,""9"":12},""muscle_counts"":{""10"":10,""11"":9,""12"":7,""13"":2,""14"":1,""15"":7,""16"":5,""18"":3,""22"":1,""24"":1,""25"":2,""36"":1,""6"":4,""7"":1,""8"":3,""9"":7}}",175,5.8333712342860835,127,0.127,"{""10"":26,""11"":18,""12"":16,""13"":4,""14"":1,""3"":127,""4"":159,""5"":234,""6"":189,""7"":125,""8"":55,""9"":46}","{""10"":52,""11"":67,""12"":17,""13"":9,""14"":27,""15"":12,""16"":6,""17"":32,""18"":17,""19"":6,""20"":13,""21"":3,""23"":1,""24"":2,""25"":2,""26"":1,""29"":1,""3"":127,""31"":8,""32"":11,""33"":3,""34"":2,""35"":1,""4"":68,""5"":112,""6"":36,""7"":70,""8"":203,""9"":91}","{""Diagonal CMA-ES"":{""attempts"":279,""discoveries"":0,""improvements"":0,""insertions"":0,""insertion_rate"":0.0},""Immigrant"":{""attempts"":160,""discoveries"":0,""improvements"":0,""insertions"":0,""insertion_rate"":0.0},""Morphology"":{""attempts"":308,""discoveries"":3,""improvements"":7,""insertions"":10,""insertion_rate"":0.032467532467532464},""Novelty"":{""attempts"":253,""discoveries"":0,""improvements"":0,""insertions"":0,""insertion_rate"":0.0}}","{""Morphology"":205,""Novelty"":30}",3,0.9478527607361963,false,22000
40,65,66000,1.9099809210000007,0.032071978,0.029786466,0.000948636,0.001336876,2.050952534,60.307617,23.993656,4842.160451281816,182,0.9479167,58,4.930494844955896,27,0.14835164835164835,"{""10"":4,""11"":3,""12"":3,""13"":1,""3"":27,""4"":31,""5"":47,""6"":20,""7"":28,""8"":11,""9"":7}","{""10"":14,""11"":11,""12"":6,""13"":1,""14"":5,""15"":3,""17"":4,""18"":2,""19"":1,""20"":3,""27"":2,""3"":27,""31"":2,""32"":3,""33"":1,""4"":6,""5"":25,""6"":3,""7"":12,""8"":40,""9"":11}",64,"{""count"":64,""unique_topologies"":64,""topology_entropy_bits"":6.0,""effective_topology_count"":64.0,""triangle_like_count"":0,""triangle_like_fraction"":0.0,""mean_nodes"":7.84375,""mean_muscles"":12.6875,""node_counts"":{""10"":4,""11"":2,""13"":1,""5"":6,""6"":5,""7"":13,""8"":21,""9"":12},""muscle_counts"":{""10"":10,""11"":9,""12"":7,""13"":2,""14"":1,""15"":7,""16"":5,""18"":3,""22"":1,""24"":1,""25"":2,""36"":1,""6"":4,""7"":1,""8"":3,""9"":7}}",197,5.994215829370847,144,0.144,"{""10"":31,""11"":15,""12"":10,""13"":10,""3"":144,""4"":154,""5"":221,""6"":158,""7"":133,""8"":77,""9"":47}","{""10"":66,""11"":66,""12"":32,""13"":6,""14"":34,""15"":15,""16"":5,""17"":43,""18"":20,""19"":7,""20"":4,""21"":4,""24"":3,""25"":3,""27"":1,""3"":144,""31"":8,""32"":9,""33"":8,""36"":3,""4"":59,""5"":110,""6"":47,""7"":58,""8"":164,""9"":81}","{""Diagonal CMA-ES"":{""attempts"":290,""discoveries"":0,""improvements"":0,""insertions"":0,""insertion_rate"":0.0},""Immigrant"":{""attempts"":140,""discoveries"":0,""improvements"":0,""insertions"":0,""insertion_rate"":0.0},""Morphology"":{""attempts"":294,""discoveries"":0,""improvements"":12,""insertions"":12,""insertion_rate"":0.04081632653061224},""Novelty"":{""attempts"":276,""discoveries"":0,""improvements"":2,""insertions"":2,""insertion_rate"":0.007246376811594203}}","{""Morphology"":203,""Novelty"":30}",0,0.9501466275659824,false,23000
40,66,67000,1.9473873440000007,0.037406423,0.03461513,0.001029371,0.001761922,2.09077151,60.307617,23.993656,4872.096188891679,182,0.9479167,59,4.973960085129704,27,0.14835164835164835,"{""10"":4,""11"":3,""12"":3,""13"":1,""3"":27,""4"":31,""5"":45,""6"":22,""7"":28,""8"":10,""9"":8}","{""10"":12,""11"":10,""12"":6,""13"":1,""14"":6,""15"":4,""17"":4,""18"":3,""19"":1,""20"":3,""27"":2,""3"":27,""31"":2,""32"":3,""33"":1,""4"":6,""5"":25,""6"":3,""7"":12,""8"":39,""9"":12}",64,"{""count"":64,""unique_topologies"":64,""topology_entropy_bits"":6.0,""effective_topology_count"":64.0,""triangle_like_count"":0,""triangle_like_fraction"":0.0,""mean_nodes"":7.828125,""mean_muscles"":12.609375,""node_counts"":{""10"":4,""11"":2,""13"":1,""5"":7,""6"":4,""7"":13,""8"":21,""9"":12},""muscle_counts"":{""10"":10,""11"":9,""12"":7,""13"":3,""14"":1,""15"":6,""16"":5,""18"":3,""22"":1,""24"":1,""25"":2,""36"":1,""6"":5,""7"":1,""8"":3,""9"":6}}",203,5.841720828897644,109,0.109,"{""10"":31,""11"":9,""12"":12,""13"":8,""14"":1,""3"":109,""4"":124,""5"":251,""6"":196,""7"":124,""8"":90,""9"":45}","{""10"":53,""11"":49,""12"":17,""13"":11,""14"":32,""15"":31,""16"":6,""17"":39,""18"":21,""19"":7,""20"":10,""21"":3,""22"":1,""23"":1,""24"":1,""25"":3,""26"":2,""3"":109,""31"":3,""32"":10,""33"":6,""34"":1,""4"":64,""40"":1,""41"":1,""42"":1,""5"":92,""6"":34,""7"":44,""8"":205,""9"":142}","{""Diagonal CMA-ES"":{""attempts"":298,""discoveries"":0,""improvements"":1,""insertions"":1,""insertion_rate"":0.003355704697986577},""Immigrant"":{""attempts"":150,""discoveries"":0,""improvements"":0,""insertions"":0,""insertion_rate"":0.0},""Morphology"":{""attempts"":315,""discoveries"":2,""improvements"":10,""insertions"":12,""insertion_rate"":0.0380952380952381},""Novelty"":{""attempts"":237,""discoveries"":0,""improvements"":0,""insertions"":0,""insertion_rate"":0.0}}","{""Morphology"":217,""Novelty"":29}",4,0.9504373177842566,false,24000
40,67,68000,1.9814587010000007,0.034071357,0.03171342,0.000983067,0.00137487,2.127166372,60.307617,24.324097,4888.638718787581,182,0.9479167,58,4.959808394155781,27,0.14835164835164835,"{""10"":4,""11"":3,""12"":3,""13"":1,""3"":27,""4"":31,""5"":44,""6"":24,""7"":26,""8"":11,""9"":8}","{""10"":12,""11"":10,""12"":6,""13"":1,""14"":5,""15"":5,""17"":4,""18"":3,""19"":1,""20"":3,""27"":2,""3"":27,""31"":2,""32"":3,""33"":1,""4"":6,""5"":25,""6"":3,""7"":13,""8"":39,""9"":11}",64,"{""count"":64,""unique_topologies"":64,""topology_entropy_bits"":6.0,""effective_topology_count"":64.0,""triangle_like_count"":0,""triangle_like_fraction"":0.0,""mean_nodes"":7.828125,""mean_muscles"":12.609375,""node_counts"":{""10"":4,""11"":2,""13"":1,""5"":7,""6"":4,""7"":13,""8"":21,""9"":12},""muscle_counts"":{""10"":10,""11"":9,""12"":7,""13"":3,""14"":1,""15"":6,""16"":5,""18"":3,""22"":1,""24"":1,""25"":2,""36"":1,""6"":5,""7"":1,""8"":3,""9"":6}}",198,5.839791174595314,81,0.081,"{""10"":30,""11"":12,""12"":10,""13"":4,""14"":1,""3"":81,""4"":108,""5"":191,""6"":157,""7"":124,""8"":143,""9"":139}","{""10"":39,""11"":37,""12"":19,""13"":97,""14"":34,""15"":108,""16"":11,""17"":27,""18"":20,""19"":11,""20"":5,""21"":3,""22"":1,""24"":1,""25"":1,""27"":1,""3"":81,""30"":1,""31"":1,""32"":10,""33"":2,""34"":1,""4"":45,""40"":1,""42"":1,""5"":78,""6"":36,""7"":68,""8"":143,""9"":117}","{""Diagonal CMA-ES"":{""attempts"":304,""discoveries"":0,""improvements"":1,""insertions"":1,""insertion_rate"":0.003289473684210526},""Immigrant"":{""attempts"":138,""discoveries"":0,""improvements"":0,""insertions"":0,""insertion_rate"":0.0},""Morphology"":{""attempts"":318,""discoveries"":0,""improvements"":4,""insertions"":4,""insertion_rate"":0.012578616352201259},""Novelty"":{""attempts"":240,""discoveries"":0,""improvements"":0,""insertions"":0,""insertion_rate"":0.0}}","{""Morphology"":207,""Novelty"":29}",0,0.9508670520231214,false,25000
40,68,69000,2.0130308360000004,0.031572135,0.029230819,0.000972382,0.001368934,2.160880358,60.307617,25.874395,4925.572344008833,182,0.9479167,62,5.026122708723933,27,0.14835164835164835,"{""10"":5,""11"":3,""12"":3,""13"":1,""3"":27,""4"":30,""5"":44,""6"":23,""7"":26,""8"":12,""9"":8}","{""10"":11,""11"":10,""12"":8,""13"":1,""14"":4,""15"":5,""17"":4,""18"":3,""19"":1,""20"":3,""21"":1,""27"":2,""3"":27,""31"":2,""32"":3,""33"":1,""4"":6,""5"":24,""6"":3,""7"":13,""8"":40,""9"":10}",64,"{""count"":64,""unique_topologies"":64,""topology_entropy_bits"":6.0,""effective_topology_count"":64.0,""triangle_like_count"":0,""triangle_like_fraction"":0.0,""mean_nodes"":8.03125,""mean_muscles"":13.390625,""node_counts"":{""10"":7,""11"":2,""13"":1,""5"":5,""6"":4,""7"":14,""8"":17,""9"":14},""muscle_counts"":{""10"":6,""11"":8,""12"":8,""13"":3,""14"":1,""15"":6,""16"":7,""18"":2,""19"":3,""21"":1,""22"":1,""24"":1,""25"":2,""36"":1,""6"":3,""7"":1,""8"":3,""9"":7}}",185,5.876293522516688,118,0.118,"{""10"":28,""11"":7,""12"":13,""13"":5,""3"":118,""4"":119,""5"":211,""6"":220,""7"":119,""8"":98,""9"":62}","{""10"":48,""11"":107,""12"":23,""13"":21,""14"":21,""15"":51,""16"":15,""17"":34,""18"":15,""19"":7,""20"":6,""21"":4,""22"":2,""24"":1,""27"":2,""3"":118,""31"":1,""32"":10,""33"":3,""35"":1,""36"":2,""4"":42,""5"":109,""6"":38,""7"":50,""8"":160,""9"":109}","{""Diagonal CMA-ES"":{""attempts"":296,""discoveries"":0,""improvements"":1,""insertions"":1,""insertion_rate"":0.0033783783783783786},""Immigrant"":{""attempts"":160,""discoveries"":0,""improvements"":0,""insertions"":0,""insertion_rate"":0.0},""Morphology"":{""attempts"":286,""discoveries"":10,""improvements"":8,""insertions"":18,""insertion_rate"":0.06293706293706294},""Novelty"":{""attempts"":258,""discoveries"":1,""improvements"":0,""insertions"":1,""insertion_rate"":0.003875968992248062}}","{""Morphology"":192,""Novelty"":25}",13,0.9508670520231214,false,26000
40,69,70000,2.0462022350000004,0.033171399,0.030711356,0.000984254,0.001475789,2.196568789,60.307617,25.874395,4928.2124927565455,182,0.9479167,62,5.028125609694265,27,0.14835164835164835,"{""10"":5,""11"":3,""12"":3,""13"":1,""3"":27,""4"":30,""5"":44,""6"":23,""7"":25,""8"":12,""9"":9}","{""10"":9,""11"":10,""12"":8,""13"":1,""14"":5,""15"":5,""17"":5,""18"":3,""19"":1,""20"":3,""21"":1,""27"":2,""3"":27,""31"":2,""32"":3,""33"":1,""4"":6,""5"":24,""6"":3,""7"":13,""8"":40,""9"":10}",64,"{""count"":64,""unique_topologies"":64,""topology_entropy_bits"":6.0,""effective_topology_count"":64.0,""triangle_like_count"":0,""triangle_like_fraction"":0.0,""mean_nodes"":8.09375,""mean_muscles"":13.859375,""node_counts"":{""10"":11,""11"":2,""13"":1,""5"":5,""6"":4,""7"":14,""8"":17,""9"":10},""muscle_counts"":{""10"":5,""11"":8,""12"":6,""13"":3,""14"":1,""15"":7,""16"":5,""17"":1,""18"":3,""19"":3,""21"":1,""22"":2,""24"":2,""25"":2,""36"":1,""6"":3,""7"":1,""8"":3,""9"":7}}",186,6.02906236144484,110,0.11,"{""10"":46,""11"":22,""12"":14,""13"":8,""3"":110,""4"":162,""5"":223,""6"":157,""7"":122,""8"":92,""9"":44}","{""10"":43,""11"":60,""12"":30,""13"":16,""14"":19,""15"":34,""16"":7,""17"":40,""18"":23,""19"":9,""20"":11,""21"":7,""22"":7,""23"":1,""24"":2,""25"":1,""27"":3,""3"":110,""31"":5,""32"":12,""33"":6,""36"":1,""4"":56,""40"":1,""5"":126,""6"":46,""7"":67,""8"":167,""9"":90}","{""Diagonal CMA-ES"":{""attempts"":315,""discoveries"":0,""improvements"":1,""insertions"":1,""insertion_rate"":0.0031746031746031746},""Immigrant"":{""attempts"":148,""discoveries"":0,""improvements"":0,""insertions"":0,""insertion_rate"":0.0},""Morphology"":{""attempts"":283,""discoveries"":5,""improvements"":5,""insertions"":10,""insertion_rate"":0.0353356890459364},""Novelty"":{""attempts"":254,""discoveries"":0,""improvements"":0,""insertions"":0,""insertion_rate"":0.0}}","{""Morphology"":184,""Novelty"":36}",5,0.9514285714285714,false,27000
40,70,71000,2.080217789,0.034015553999999996,0.031582819,0.000959322,0.001473413,2.232925659,60.307617,25.874395,4948.607939533889,182,0.9479167,60,4.995158576727233,27,0.14835164835164835,"{""10"":5,""11"":3,""12"":4,""3"":27,""4"":30,""5"":44,""6"":23,""7"":25,""8"":11,""9"":10}","{""10"":9,""11"":10,""12"":8,""13"":1,""14"":5,""15"":4,""17"":6,""18"":3,""19"":1,""20"":3,""21"":1,""27"":2,""3"":27,""31"":2,""32"":4,""4"":6,""5"":24,""6"":3,""7"":13,""8"":40,""9"":10}",64,"{""count"":64,""unique_topologies"":64,""topology_entropy_bits"":6.0,""effective_topology_count"":64.0,""triangle_like_count"":0,""triangle_like_fraction"":0.0,""mean_nodes"":8.25,""mean_muscles"":14.328125,""node_counts"":{""10"":11,""11"":3,""13"":1,""5"":4,""6"":3,""7"":14,""8"":16,""9"":12},""muscle_counts"":{""10"":4,""11"":9,""12"":7,""13"":3,""14"":1,""15"":7,""16"":6,""17"":1,""18"":3,""19"":3,""21"":1,""22"":2,""24"":2,""25"":3,""36"":1,""6"":3,""8"":2,""9"":6}}",201,6.045828199185502,115,0.115,"{""10"":45,""11"":23,""12"":19,""13"":10,""14"":1,""3"":115,""4"":164,""5"":222,""6"":143,""7"":123,""8"":85,""9"":50}","{""10"":40,""11"":57,""12"":30,""13"":7,""14"":21,""15"":27,""16"":12,""17"":48,""18"":24,""19"":8,""20"":12,""21"":7,""22"":4,""23"":4,""24"":3,""25"":4,""27"":4,""28"":1,""3"":115,""30"":1,""31"":3,""32"":17,""33"":9,""34"":2,""35"":1,""4"":64,""40"":1,""5"":119,""6"":39,""7"":64,""8"":173,""9"":79}","{""Diagonal CMA-ES"":{""attempts"":301,""discoveries"":0,""improvements"":0,""insertions"":0,""insertion_rate"":0.0},""Immigrant"":{""attempts"":150,""discoveries"":0,""improvements"":0,""insertions"":0,""insertion_rate"":0.0},""Morphology"":{""attempts"":291,""discoveries"":4,""improvements"":4,""insertions"":8,""insertion_rate"":0.027491408934707903},""Novelty"":{""attempts"":258,""discoveries"":0,""improvements"":1,""insertions"":1,""insertion_rate"":0.003875968992248062}}","{""Morphology"":180,""Novelty"":30}",4,0.9514285714285714,false,28000
40,71,72000,2.1140611880000004,0.033843399,0.031440346,0.000975943,0.00142711,2.269436874,60.307617,26.09461,5004.269034437835,182,0.9479167,59,5.000243287655303,26,0.14285714285714285,"{""10"":6,""11"":2,""12"":4,""3"":26,""4"":30,""5"":44,""6"":23,""7"":25,""8"":11,""9"":11}","{""10"":9,""11"":10,""12"":8,""13"":1,""14"":5,""15"":4,""17"":8,""18"":3,""20"":2,""21"":1,""24"":1,""27"":2,""3"":26,""31"":2,""32"":4,""4"":6,""5"":24,""6"":3,""7"":13,""8"":40,""9"":10}",64,"{""count"":64,""unique_topologies"":64,""topology_entropy_bits"":6.0,""effective_topology_count"":64.0,""triangle_like_count"":0,""triangle_like_fraction"":0.0,""mean_nodes"":8.203125,""mean_muscles"":14.125,""node_counts"":{""10"":10,""11"":3,""13"":1,""5"":4,""6"":3,""7"":15,""8"":16,""9"":12},""muscle_counts"":{""10"":4,""11"":10,""12"":7,""13"":3,""14"":1,""15"":7,""16"":6,""17"":1,""18"":3,""19"":3,""21"":1,""22"":2,""24"":1,""25"":3,""36"":1,""6"":3,""8"":2,""9"":6}}",183,5.952456016115514,125,0.125,"{""10"":47,""11"":11,""12"":17,""13"":3,""3"":125,""4"":169,""5"":210,""6"":146,""7"":128,""8"":91,""9"":53}","{""10"":45,""11"":59,""12"":28,""13"":13,""14"":26,""15"":31,""16"":9,""17"":56,""18"":18,""19"":7,""20"":11,""21"":7,""22"":3,""24"":3,""25"":2,""26"":2,""27"":3,""3"":125,""31"":4,""32"":15,""34"":1,""36"":2,""4"":64,""40"":1,""5"":128,""6"":35,""7"":49,""8"":166,""9"":87}","{""Diagonal CMA-ES"":{""attempts"":289,""discoveries"":0,""improvements"":1,""insertions"":1,""insertion_rate"":0.0034602076124567475},""Immigrant"":{""attempts"":156,""discoveries"":0,""improvements"":0,""insertions"":0,""insertion_rate"":0.0},""Morphology"":{""attempts"":285,""discoveries"":1,""improvements"":5,""insertions"":6,""insertion_rate"":0.021052631578947368},""Novelty"":{""attempts"":270,""discoveries"":1,""improvements"":2,""insertions"":3,""insertion_rate"":0.011111111111111112}}","{""Morphology"":185,""Novelty"":38}",2,0.953168044077135,false,29000
40,72,73000,2.1486525730000006,0.034591385,0.032165773,0.000975943,0.001449669,2.306286465,60.307617,26.09461,5033.195173792541,182,0.9479167,59,5.0418311611259785,24,0.13186813186813187,"{""10"":6,""11"":3,""12"":4,""3"":24,""4"":30,""5"":44,""6"":23,""7"":26,""8"":12,""9"":10}","{""10"":9,""11"":10,""12"":8,""14"":5,""15"":5,""17"":8,""18"":3,""20"":2,""21"":1,""24"":2,""27"":2,""3"":24,""31"":2,""32"":4,""4"":6,""5"":24,""6"":3,""7"":14,""8"":39,""9"":11}",64,"{""count"":64,""unique_topologies"":64,""topology_entropy_bits"":6.0,""effective_topology_count"":64.0,""triangle_like_count"":0,""triangle_like_fraction"":0.0,""mean_nodes"":8.203125,""mean_muscles"":14.125,""node_counts"":{""10"":10,""11"":3,""13"":1,""5"":4,""6"":3,""7"":15,""8"":16,""9"":12},""muscle_counts"":{""10"":4,""11"":10,""12"":7,""13"":3,""14"":1,""15"":7,""16"":6,""17"":1,""18"":3,""19"":3,""21"":1,""22"":2,""24"":1,""25"":3,""36"":1,""6"":3,""8"":2,""9"":6}}",198,6.007505424346153,128,0.128,"{""10"":36,""11"":17,""12"":20,""13"":6,""3"":128,""4"":143,""5"":209,""6"":172,""7"":141,""8"":70,""9"":58}","{""10"":36,""11"":56,""12"":43,""13"":14,""14"":28,""15"":17,""16"":5,""17"":56,""18"":17,""19"":6,""20"":14,""21"":4,""22"":8,""24"":2,""25"":2,""27"":2,""3"":128,""31"":6,""32"":18,""33"":3,""36"":1,""4"":65,""40"":1,""42"":1,""5"":101,""6"":33,""7"":60,""8"":166,""9"":107}","{""Diagonal CMA-ES"":{""attempts"":299,""discoveries"":0,""improvements"":1,""insertions"":1,""insertion_rate"":0.0033444816053511705},""Immigrant"":{""attempts"":151,""discoveries"":0,""improvements"":0,""insertions"":0,""insertion_rate"":0.0},""Morphology"":{""attempts"":292,""discoveries"":0,""improvements"":5,""insertions"":5,""insertion_rate"":0.017123287671232876},""Novelty"":{""attempts"":258,""discoveries"":0,""improvements"":1,""insertions"":1,""insertion_rate"":0.003875968992248062}}","{""Morphology"":206,""Novelty"":34}",1,0.9538043478260869,false,30000
40,73,74000,2.1845701490000007,0.035917576,0.033464657,0.000961696,0.001491223,2.344633215,60.307617,26.09461,5039.84463172406,182,0.9479167,59,5.037303178963521,24,0.13186813186813187,"{""10"":6,""11"":3,""12"":4,""3"":24,""4"":31,""5"":44,""6"":22,""7"":26,""8"":12,""9"":10}","{""10"":9,""11"":10,""12"":8,""14"":5,""15"":5,""17"":8,""18"":3,""20"":2,""21"":1,""24"":2,""27"":2,""3"":24,""31"":2,""32"":4,""4"":6,""5"":25,""6"":3,""7"":14,""8"":38,""9"":11}",64,"{""count"":64,""unique_topologies"":64,""topology_entropy_bits"":6.0,""effective_topology_count"":64.0,""triangle_like_count"":0,""triangle_like_fraction"":0.0,""mean_nodes"":8.203125,""mean_muscles"":14.125,""node_counts"":{""10"":10,""11"":3,""13"":1,""5"":4,""6"":3,""7"":15,""8"":16,""9"":12},""muscle_counts"":{""10"":4,""11"":10,""12"":7,""13"":3,""14"":1,""15"":7,""16"":6,""17"":1,""18"":3,""19"":3,""21"":1,""22"":2,""24"":1,""25"":3,""36"":1,""6"":3,""8"":2,""9"":6}}",197,6.026672780894853,118,0.118,"{""10"":49,""11"":22,""12"":21,""13"":10,""3"":118,""4"":164,""5"":210,""6"":142,""7"":128,""8"":90,""9"":46}","{""10"":36,""11"":52,""12"":36,""13"":6,""14"":31,""15"":33,""16"":11,""17"":58,""18"":17,""19"":6,""20"":8,""21"":9,""22"":5,""23"":3,""24"":7,""25"":1,""27"":3,""29"":1,""3"":118,""31"":5,""32"":20,""33"":6,""36"":2,""4"":68,""40"":1,""42"":1,""5"":121,""6"":34,""7"":67,""8"":140,""9"":94}","{""Diagonal CMA-ES"":{""attempts"":294,""discoveries"":0,""improvements"":0,""insertions"":0,""insertion_rate"":0.0},""Immigrant"":{""attempts"":164,""discoveries"":0,""improvements"":0,""insertions"":0,""insertion_rate"":0.0},""Morphology"":{""attempts"":307,""discoveries"":0,""improvements"":5,""insertions"":5,""insertion_rate"":0.016286644951140065},""Novelty"":{""attempts"":235,""discoveries"":0,""improvements"":0,""insertions"":0,""insertion_rate"":0.0}}","{""Morphology"":201,""Novelty"":24}",0,0.9543010752688172,false,31000
40,74,75000,2.219561647000001,0.034991498,0.032487526,0.001028184,0.001475788,2.382526424,60.307617,26.09461,5045.785755686462,182,0.9479167,60,5.052439923480901,24,0.13186813186813187,"{""10"":6,""11"":3,""12"":4,""3"":24,""4"":31,""5"":44,""6"":21,""7"":27,""8"":12,""9"":10}","{""10"":9,""11"":9,""12"":8,""14"":6,""15"":5,""17"":8,""18"":3,""20"":2,""21"":1,""24"":2,""27"":2,""3"":24,""31"":2,""32"":4,""4"":6,""5"":25,""6"":3,""7"":14,""8"":38,""9"":11}",64,"{""count"":64,""unique_topologies"":64,""topology_entropy_bits"":6.0,""effective_topology_count"":64.0,""triangle_like_count"":0,""triangle_like_fraction"":0.0,""mean_nodes"":8.40625,""mean_muscles"":14.3125,""node_counts"":{""10"":8,""11"":8,""13"":1,""5"":3,""6"":2,""7"":14,""8"":20,""9"":8},""muscle_counts"":{""10"":5,""11"":11,""12"":7,""13"":2,""15"":8,""16"":5,""17"":1,""18"":5,""19"":3,""20"":1,""22"":2,""24"":1,""25"":3,""36"":1,""6"":3,""9"":6}}",212,6.181955117520547,108,0.108,"{""10"":47,""11"":24,""12"":23,""13"":5,""3"":108,""4"":152,""5"":211,""6"":144,""7"":139,""8"":87,""9"":60}","{""10"":53,""11"":48,""12"":27,""13"":4,""14"":25,""15"":34,""16"":11,""17"":53,""18"":28,""19"":9,""20"":11,""21"":9,""22"":4,""23"":1,""24"":5,""25"":3,""26"":2,""27"":3,""28"":1,""3"":108,""31"":3,""32"":22,""33"":2,""36"":1,""4"":55,""40"":1,""42"":1,""5"":120,""6"":40,""7"":61,""8"":145,""9"":110}","{""Diagonal CMA-ES"":{""attempts"":294,""discoveries"":0,""improvements"":0,""insertions"":0,""insertion_rate"":0.0},""Immigrant"":{""attempts"":144,""discoveries"":0,""improvements"":0,""insertions"":0,""insertion_rate"":0.0},""Morphology"":{""attempts"":311,""discoveries"":10,""improvements"":1,""insertions"":11,""insertion_rate"":0.03536977491961415},""Novelty"":{""attempts"":251,""discoveries"":0,""improvements"":1,""insertions"":1,""insertion_rate"":0.00398406374501992}}","{""Morphology"":216,""Novelty"":37}",10,0.9545454545454546,false,32000
40,75,76000,2.2547953500000006,0.035233703,0.032479215,0.001026997,0.001727491,2.421919167,60.307617,26.09461,5057.508514016867,182,0.9479167,62,5.118281964989051,24,0.13186813186813187,"{""10"":6,""11"":3,""12"":4,""3"":24,""4"":30,""5"":43,""6"":20,""7"":28,""8"":14,""9"":10}","{""10"":9,""11"":10,""12"":9,""14"":4,""15"":5,""17"":8,""18"":3,""20"":2,""21"":1,""24"":2,""27"":2,""3"":24,""31"":2,""32"":4,""4"":6,""5"":24,""6"":3,""7"":14,""8"":36,""9"":14}",64,"{""count"":64,""unique_topologies"":64,""topology_entropy_bits"":6.0,""effective_topology_count"":64.0,""triangle_like_count"":0,""triangle_like_fraction"":0.0,""mean_nodes"":8.4375,""mean_muscles"":14.453125,""node_counts"":{""10"":7,""11"":8,""12"":1,""13"":1,""5"":3,""6"":2,""7"":14,""8"":20,""9"":8},""muscle_counts"":{""10"":5,""11"":10,""12"":8,""13"":2,""15"":7,""16"":5,""17"":1,""18"":5,""19"":3,""20"":1,""22"":2,""23"":1,""24"":1,""25"":3,""36"":1,""6"":3,""9"":6}}",207,6.118130736847155,98,0.098,"{""10"":32,""11"":19,""12"":27,""13"":4,""3"":98,""4"":132,""5"":245,""6"":136,""7"":135,""8"":98,""9"":74}","{""10"":46,""11"":47,""12"":35,""13"":10,""14"":25,""15"":43,""16"":7,""17"":60,""18"":18,""19"":5,""20"":14,""21"":9,""22"":4,""23"":4,""24"":7,""25"":1,""27"":4,""28"":1,""3"":98,""31"":4,""32"":15,""33"":1,""36"":1,""4"":55,""40"":2,""5"":103,""6"":49,""7"":66,""8"":167,""9"":99}","{""Diagonal CMA-ES"":{""attempts"":282,""discoveries"":0,""improvements"":3,""insertions"":3,""insertion_rate"":0.010638297872340425},""Immigrant"":{""attempts"":152,""discoveries"":0,""improvements"":0,""insertions"":0,""insertion_rate"":0.0},""Morphology"":{""attempts"":313,""discoveries"":2,""improvements"":8,""insertions"":10,""insertion_rate"":0.03194888178913738},""Novelty"":{""attempts"":253,""discoveries"":0,""improvements"":0,""insertions"":0,""insertion_rate"":0.0}}","{""Morphology"":203,""Novelty"":30}",2,0.9546666666666667,false,33000
40,76,77000,2.2868803880000006,0.032085038,0.029400599,0.00106499,0.001619449,2.456975965,60.307617,26.09461,5070.225661844015,182,0.9479167,61,5.098448775569069,24,0.13186813186813187,"{""10"":7,""11"":3,""12"":4,""3"":24,""4"":30,""5"":43,""6"":19,""7"":28,""8"":15,""9"":9}","{""10"":9,""11"":9,""12"":8,""14"":4,""15"":6,""17"":8,""18"":3,""19"":1,""20"":2,""21"":1,""24"":2,""27"":2,""3"":24,""31"":2,""32"":4,""4"":6,""5"":24,""6"":3,""7"":14,""8"":36,""9"":14}",64,"{""count"":64,""unique_topologies"":64,""topology_entropy_bits"":6.0,""effective_topology_count"":64.0,""triangle_like_count"":0,""triangle_like_fraction"":0.0,""mean_nodes"":8.46875,""mean_muscles"":14.34375,""node_counts"":{""10"":7,""11"":7,""12"":1,""13"":2,""5"":3,""6"":2,""7"":14,""8"":20,""9"":8},""muscle_counts"":{""10"":5,""11"":10,""12"":8,""13"":2,""15"":7,""16"":5,""17"":1,""18"":6,""19"":2,""20"":2,""22"":2,""23"":1,""24"":2,""25"":1,""36"":1,""6"":3,""9"":6}}",204,5.878848534030226,78,0.078,"{""10"":30,""11"":13,""12"":26,""13"":10,""3"":78,""4"":101,""5"":237,""6"":112,""7"":219,""8"":107,""9"":67}","{""10"":68,""11"":46,""12"":20,""13"":12,""14"":17,""15"":40,""16"":10,""17"":59,""18"":21,""19"":5,""20"":13,""21"":4,""22"":4,""23"":6,""24"":2,""25"":2,""26"":2,""27"":1,""3"":78,""31"":1,""32"":17,""33"":6,""35"":1,""36"":1,""4"":36,""5"":88,""6"":43,""7"":57,""8"":168,""9"":172}","{""Diagonal CMA-ES"":{""attempts"":301,""discoveries"":0,""improvements"":0,""insertions"":0,""insertion_rate"":0.0},""Immigrant"":{""attempts"":144,""discoveries"":0,""improvements"":0,""insertions"":0,""insertion_rate"":0.0},""Morphology"":{""attempts"":307,""discoveries"":3,""improvements"":4,""insertions"":7,""insertion_rate"":0.02280130293159609},""Novelty"":{""attempts"":248,""discoveries"":0,""improvements"":0,""insertions"":0,""insertion_rate"":0.0}}","{""Morphology"":215,""Novelty"":26}",3,0.9546666666666667,false,34000
40,77,78000,2.322827646000001,0.035947258,0.033539455,0.000980693,0.00142711,2.495288284,60.307617,26.09461,5087.57319304347,182,0.9479167,61,5.0872356724396,24,0.13186813186813187,"{""10"":7,""11"":4,""12"":4,""3"":24,""4"":31,""5"":43,""6"":19,""7"":27,""8"":14,""9"":9}","{""10"":9,""11"":9,""12"":7,""14"":4,""15"":6,""17"":8,""18"":3,""19"":1,""20"":2,""21"":1,""23"":1,""24"":2,""27"":2,""3"":24,""31"":2,""32"":4,""4"":6,""5"":25,""6"":3,""7"":14,""8"":36,""9"":13}",64,"{""count"":64,""unique_topologies"":64,""topology_entropy_bits"":6.0,""effective_topology_count"":64.0,""triangle_like_count"":0,""triangle_like_fraction"":0.0,""mean_nodes"":8.46875,""mean_muscles"":14.359375,""node_counts"":{""10"":7,""11"":7,""12"":1,""13"":2,""5"":3,""6"":2,""7"":14,""8"":20,""9"":8},""muscle_counts"":{""10"":5,""11"":10,""12"":8,""13"":2,""15"":7,""16"":5,""18"":7,""19"":2,""20"":2,""22"":2,""23"":1,""24"":2,""25"":1,""36"":1,""6"":3,""9"":6}}",196,5.756614852033626,91,0.091,"{""10"":43,""11"":34,""12"":10,""13"":7,""14"":5,""3"":91,""4"":190,""5"":183,""6"":103,""7"":105,""8"":169,""9"":60}","{""10"":29,""11"":32,""12"":23,""13"":11,""14"":18,""15"":107,""16"":8,""17"":65,""18"":24,""19"":15,""20"":16,""21"":10,""22"":10,""23"":4,""24"":7,""25"":3,""27"":2,""3"":91,""31"":2,""32"":8,""33"":3,""36"":1,""4"":40,""40"":1,""42"":1,""5"":170,""6"":34,""7"":45,""8"":133,""9"":87}","{""Diagonal CMA-ES"":{""attempts"":308,""discoveries"":0,""improvements"":1,""insertions"":1,""insertion_rate"":0.003246753246753247},""Immigrant"":{""attempts"":147,""discoveries"":0,""improvements"":0,""insertions"":0,""insertion_rate"":0.0},""Morphology"":{""attempts"":298,""discoveries"":1,""improvements"":5,""insertions"":6,""insertion_rate"":0.020134228187919462},""Novelty"":{""attempts"":247,""discoveries"":0,""improvements"":1,""insertions"":1,""insertion_rate"":0.004048582995951417}}","{""Morphology"":200,""Novelty"":30}",2,0.9558441558441558,false,35000
40,78,79000,2.356463272000001,0.033635626,0.031193392,0.000993753,0.001448481,2.531355457,60.307617,26.09461,5087.669571608305,182,0.9479167,61,5.083636650285458,24,0.13186813186813187,"{""10"":7,""11"":4,""12"":3,""3"":24,""4"":31,""5"":43,""6"":20,""7"":27,""8"":14,""9"":9}","{""10"":9,""11"":9,""12"":7,""14"":4,""15"":6,""17"":8,""18"":3,""19"":1,""20"":2,""21"":1,""23"":1,""24"":2,""27"":2,""3"":24,""31"":2,""32"":3,""4"":6,""5"":25,""6"":3,""7"":14,""8"":37,""9"":13}",64,"{""count"":64,""unique_topologies"":64,""topology_entropy_bits"":6.0,""effective_topology_count"":64.0,""triangle_like_count"":0,""triangle_like_fraction"":0.0,""mean_nodes"":8.46875,""mean_muscles"":14.125,""node_counts"":{""10"":6,""11"":8,""12"":1,""13"":1,""5"":3,""6"":2,""7"":12,""8"":21,""9"":10},""muscle_counts"":{""10"":7,""11"":10,""12"":7,""13"":3,""15"":5,""16"":7,""18"":6,""19"":3,""20"":4,""22"":2,""23"":1,""24"":2,""6"":3,""9"":4}}",205,5.928070517198627,151,0.151,"{""10"":47,""11"":27,""12"":22,""13"":7,""14"":3,""3"":151,""4"":173,""5"":193,""6"":127,""7"":106,""8"":90,""9"":54}","{""10"":35,""11"":42,""12"":25,""13"":9,""14"":26,""15"":31,""16"":11,""17"":62,""18"":17,""19"":22,""20"":14,""21"":4,""22"":6,""23"":4,""24"":4,""25"":4,""26"":1,""27"":3,""3"":151,""31"":2,""32"":15,""33"":3,""36"":3,""37"":1,""4"":45,""40"":1,""5"":152,""6"":39,""7"":56,""8"":132,""9"":80}","{""Diagonal CMA-ES"":{""attempts"":296,""discoveries"":0,""improvements"":1,""insertions"":1,""insertion_rate"":0.0033783783783783786},""Immigrant"":{""attempts"":140,""discoveries"":0,""improvements"":0,""insertions"":0,""insertion_rate"":0.0},""Morphology"":{""attempts"":318,""discoveries"":9,""improvements"":1,""insertions"":10,""insertion_rate"":0.031446540880503145},""Novelty"":{""attempts"":246,""discoveries"":0,""improvements"":0,""insertions"":0,""insertion_rate"":0.0}}","{""Morphology"":205,""Novelty"":36}",9,0.9560723514211886,false,36000
40,79,80000,2.391290926000001,0.03482765399999999,0.032366424,0.000980693,0.001480537,2.568493556,60.307617,26.09461,5109.132477492094,182,0.9479167,62,5.094801647818616,24,0.13186813186813187,"{""10"":7,""11"":4,""12"":3,""3"":24,""4"":32,""5"":43,""6"":19,""7"":26,""8"":13,""9"":11}","{""10"":8,""11"":9,""12"":7,""14"":3,""15"":5,""16"":1,""17"":7,""18"":4,""19"":2,""20"":2,""21"":1,""23"":1,""24"":2,""27"":2,""3"":24,""31"":2,""32"":3,""4"":6,""5"":26,""6"":3,""7"":15,""8"":35,""9"":14}",64,"{""count"":64,""unique_topologies"":64,""topology_entropy_bits"":6.0,""effective_topology_count"":64.0,""triangle_like_count"":0,""triangle_like_fraction"":0.0,""mean_nodes"":8.359375,""mean_muscles"":13.84375,""node_counts"":{""10"":5,""11"":8,""12"":2,""4"":1,""5"":3,""6"":2,""7"":11,""8"":23,""9"":9},""muscle_counts"":{""10"":7,""11"":9,""12"":7,""13"":3,""15"":7,""16"":6,""18"":6,""19"":3,""20"":4,""21"":1,""22"":1,""23"":1,""24"":1,""4"":1,""6"":3,""9"":4}}",199,6.0812409509548875,109,0.109,"{""10"":40,""11"":11,""12"":32,""13"":8,""3"":109,""4"":143,""5"":249,""6"":126,""7"":132,""8"":95,""9"":55}","{""10"":39,""11"":56,""12"":39,""13"":14,""14"":29,""15"":30,""16"":14,""17"":49,""18"":11,""19"":19,""20"":12,""21"":4,""22"":2,""23"":3,""24"":3,""25"":4,""26"":1,""27"":3,""3"":109,""30"":1,""31"":2,""32"":18,""33"":5,""35"":1,""36"":2,""4"":55,""42"":1,""5"":114,""6"":49,""7"":47,""8"":173,""9"":91}","{""Diagonal CMA-ES"":{""attempts"":287,""discoveries"":0,""improvements"":0,""insertions"":0,""insertion_rate"":0.0},""Immigrant"":{""attempts"":148,""discoveries"":0,""improvements"":0,""insertions"":0,""insertion_rate"":0.0},""Morphology"":{""attempts"":296,""discoveries"":5,""improvements"":9,""insertions"":14,""insertion_rate"":0.0472972972972973},""Novelty"":{""attempts"":269,""discoveries"":0,""improvements"":1,""insertions"":1,""insertion_rate"":0.0037174721189591076}}","{""Morphology"":209,""Novelty"":38}",5,0.9538461538461539,false,37000
40,80,81000,2.4258122600000007,0.034521334,0.03185708,0.000983067,0.001681187,2.605617408,60.307617,26.09461,5111.097134321928,182,0.9479167,61,5.076971359368964,24,0.13186813186813187,"{""10"":7,""11"":4,""12"":3,""3"":24,""4"":32,""5"":43,""6"":19,""7"":26,""8"":13,""9"":11}","{""10"":8,""11"":9,""12"":7,""14"":3,""15"":5,""16"":1,""17"":7,""18"":4,""19"":2,""20"":2,""21"":1,""23"":1,""24"":2,""27"":2,""3"":24,""31"":2,""32"":3,""4"":6,""5"":26,""6"":3,""7"":14,""8"":36,""9"":14}",64,"{""count"":64,""unique_topologies"":64,""topology_entropy_bits"":6.0,""effective_topology_count"":64.0,""triangle_like_count"":0,""triangle_like_fraction"":0.0,""mean_nodes"":8.359375,""mean_muscles"":13.84375,""node_counts"":{""10"":5,""11"":8,""12"":2,""4"":1,""5"":3,""6"":2,""7"":11,""8"":23,""9"":9},""muscle_counts"":{""10"":7,""11"":9,""12"":7,""13"":3,""15"":7,""16"":6,""18"":6,""19"":3,""20"":4,""21"":1,""22"":1,""23"":1,""24"":1,""4"":1,""6"":3,""9"":4}}",194,6.121339860334222,97,0.097,"{""10"":45,""11"":22,""12"":28,""13"":8,""3"":97,""4"":118,""5"":261,""6"":155,""7"":109,""8"":64,""9"":93}","{""10"":41,""11"":48,""12"":21,""13"":2,""14"":25,""15"":29,""16"":42,""17"":62,""18"":20,""19"":15,""20"":15,""21"":10,""22"":2,""23"":2,""24"":6,""25"":1,""27"":2,""29"":1,""3"":97,""31"":4,""32"":18,""33"":2,""36"":4,""4"":46,""42"":1,""5"":99,""6"":83,""7"":61,""8"":155,""9"":86}","{""Diagonal CMA-ES"":{""attempts"":274,""discoveries"":0,""improvements"":1,""insertions"":1,""insertion_rate"":0.0036496350364963502},""Immigrant"":{""attempts"":139,""discoveries"":0,""improvements"":0,""insertions"":0,""insertion_rate"":0.0},""Morphology"":{""attempts"":323,""discoveries"":0,""improvements"":5,""insertions"":5,""insertion_rate"":0.015479876160990712},""Novelty"":{""attempts"":264,""discoveries"":0,""improvements"":2,""insertions"":2,""insertion_rate"":0.007575757575757576}}","{""Morphology"":212,""Novelty"":31}",0,0.9540816326530612,false,38000
40,81,82000,2.457595729000001,0.031783468999999995,0.029315115,0.000967633,0.001500721,2.640012892,66.00213,27.312992,5174.504394263029,182,0.9479167,60,5.080998057864909,24,0.13186813186813187,"{""10"":6,""11"":4,""12"":3,""3"":24,""4"":31,""5"":43,""6"":18,""7"":26,""8"":13,""9"":14}","{""10"":8,""11"":9,""12"":7,""14"":3,""15"":5,""16"":1,""17"":8,""18"":5,""19"":2,""20"":3,""21"":1,""23"":1,""24"":1,""27"":2,""3"":24,""31"":2,""32"":3,""4"":6,""5"":25,""6"":3,""7"":14,""8"":35,""9"":14}",64,"{""count"":64,""unique_topologies"":64,""topology_entropy_bits"":6.0,""effective_topology_count"":64.0,""triangle_like_count"":0,""triangle_like_fraction"":0.0,""mean_nodes"":8.328125,""mean_muscles"":13.84375,""node_counts"":{""10"":6,""11"":7,""12"":2,""4"":1,""5"":3,""6"":2,""7"":12,""8"":22,""9"":9},""muscle_counts"":{""10"":7,""11"":9,""12"":7,""13"":3,""15"":7,""16"":6,""18"":6,""19"":3,""20"":4,""21"":1,""22"":1,""23"":1,""24"":1,""4"":1,""6"":3,""9"":4}}",193,6.0648444335842635,97,0.097,"{""10"":59,""11"":16,""12"":20,""13"":4,""3"":97,""4"":118,""5"":243,""6"":145,""7"":94,""8"":84,""9"":120}","{""10"":28,""11"":53,""12"":23,""13"":5,""14"":16,""15"":36,""16"":66,""17"":73,""18"":22,""19"":25,""20"":11,""21"":8,""22"":5,""23"":3,""24"":3,""25"":1,""26"":1,""27"":2,""3"":97,""31"":2,""32"":12,""33"":2,""36"":1,""4"":44,""5"":101,""6"":90,""7"":52,""8"":132,""9"":86}","{""Diagonal CMA-ES"":{""attempts"":291,""discoveries"":0,""improvements"":0,""insertions"":0,""insertion_rate"":0.0},""Immigrant"":{""attempts"":139,""discoveries"":0,""improvements"":0,""insertions"":0,""insertion_rate"":0.0},""Morphology"":{""attempts"":317,""discoveries"":2,""improvements"":7,""insertions"":9,""insertion_rate"":0.028391167192429023},""Novelty"":{""attempts"":253,""discoveries"":0,""improvements"":0,""insertions"":0,""insertion_rate"":0.0}}","{""Morphology"":211,""Novelty"":24}",2,0.9551122194513716,true,39000
40,82,83000,2.4940772620000007,0.036481533000000003,0.032966,0.00137012,0.002145413,2.680602413,66.00213,27.312992,5176.028613775969,182,0.9479167,61,5.096134802382294,24,0.13186813186813187,"{""10"":6,""11"":4,""12"":2,""13"":1,""3"":24,""4"":31,""5"":43,""6"":18,""7"":26,""8"":13,""9"":14}","{""10"":8,""11"":9,""12"":7,""14"":3,""15"":5,""16"":1,""17"":8,""18"":5,""19"":2,""20"":3,""21"":1,""23"":1,""24"":1,""27"":2,""3"":24,""31"":2,""32"":2,""36"":1,""4"":6,""5"":25,""6"":3,""7"":14,""8"":35,""9"":14}",64,"{""count"":64,""unique_topologies"":64,""topology_entropy_bits"":6.0,""effective_topology_count"":64.0,""triangle_like_count"":0,""triangle_like_fraction"":0.0,""mean_nodes"":8.453125,""mean_muscles"":14.34375,""node_counts"":{""10"":7,""11"":7,""12"":2,""13"":1,""4"":1,""5"":3,""6"":2,""7"":11,""8"":21,""9"":9},""muscle_counts"":{""10"":7,""11"":8,""12"":6,""13"":3,""15"":7,""16"":6,""18"":6,""19"":3,""20"":4,""21"":1,""22"":2,""23"":1,""24"":1,""33"":1,""4"":1,""6"":3,""9"":4}}",188,6.046228499323091,108,0.108,"{""10"":60,""11"":29,""12"":22,""13"":9,""3"":108,""4"":143,""5"":234,""6"":103,""7"":107,""8"":91,""9"":94}","{""10"":41,""11"":54,""12"":23,""13"":5,""14"":19,""15"":27,""16"":42,""17"":73,""18"":16,""19"":29,""20"":17,""21"":7,""22"":9,""23"":1,""24"":7,""26"":1,""27"":4,""3"":108,""31"":4,""32"":19,""33"":4,""34"":1,""35"":1,""36"":2,""4"":59,""40"":1,""42"":1,""5"":116,""6"":42,""7"":72,""8"":132,""9"":63}","{""Diagonal CMA-ES"":{""attempts"":302,""discoveries"":0,""improvements"":0,""insertions"":0,""insertion_rate"":0.0},""Immigrant"":{""attempts"":162,""discoveries"":0,""improvements"":0,""insertions"":0,""insertion_rate"":0.0},""Morphology"":{""attempts"":287,""discoveries"":2,""improvements"":3,""insertions"":5,""insertion_rate"":0.017421602787456445},""Novelty"":{""attempts"":249,""discoveries"":0,""improvements"":0,""insertions"":0,""insertion_rate"":0.0}}","{""Morphology"":196,""Novelty"":33}",3,0.9556650246305419,false,1000
40,83,84000,2.5296469660000005,0.035569704,0.033009929,0.000984255,0.00157552,2.718882675,66.00213,28.079391,5183.410900324583,182,0.9479167,60,5.062852908277564,25,0.13736263736263737,"{""10"":6,""11"":3,""12"":2,""13"":1,""3"":25,""4"":31,""5"":43,""6"":18,""7"":26,""8"":13,""9"":14}","{""10"":8,""11"":9,""12"":7,""14"":3,""15"":5,""16"":1,""17"":8,""18"":5,""19"":2,""20"":3,""21"":1,""23"":1,""27"":2,""3"":25,""31"":2,""32"":2,""36"":1,""4"":6,""5"":25,""6"":3,""7"":14,""8"":35,""9"":14}",64,"{""count"":64,""unique_topologies"":64,""topology_entropy_bits"":6.0,""effective_topology_count"":64.0,""triangle_like_count"":0,""triangle_like_fraction"":0.0,""mean_nodes"":8.84375,""mean_muscles"":15.734375,""node_counts"":{""10"":7,""11"":11,""12"":3,""14"":1,""5"":3,""6"":2,""7"":9,""8"":17,""9"":11},""muscle_counts"":{""10"":4,""11"":6,""12"":6,""13"":3,""15"":7,""16"":5,""18"":9,""19"":2,""20"":5,""21"":2,""22"":2,""23"":2,""24"":1,""25"":1,""27"":1,""43"":1,""6"":3,""9"":4}}",205,5.996435732531176,140,0.14,"{""10"":38,""11"":32,""12"":21,""13"":11,""14"":7,""3"":140,""4"":147,""5"":216,""6"":147,""7"":109,""8"":71,""9"":61}","{""10"":34,""11"":57,""12"":26,""13"":8,""14"":16,""15"":31,""16"":10,""17"":45,""18"":12,""19"":18,""20"":16,""21"":5,""22"":8,""23"":7,""24"":8,""25"":1,""26"":2,""27"":8,""3"":140,""31"":3,""32"":17,""33"":4,""34"":3,""35"":1,""36"":7,""4"":56,""41"":2,""43"":1,""5"":117,""6"":32,""7"":63,""8"":151,""9"":91}","{""Diagonal CMA-ES"":{""attempts"":284,""discoveries"":0,""improvements"":0,""insertions"":0,""insertion_rate"":0.0},""Immigrant"":{""attempts"":180,""discoveries"":0,""improvements"":0,""insertions"":0,""insertion_rate"":0.0},""Morphology"":{""attempts"":291,""discoveries"":11,""improvements"":4,""insertions"":15,""insertion_rate"":0.05154639175257732},""Novelty"":{""attempts"":245,""discoveries"":0,""improvements"":0,""insertions"":0,""insertion_rate"":0.0}}","{""Morphology"":198,""Novelty"":27}",10,0.9556650246305419,false,2000
40,84,85000,2.5668717360000004,0.037224770000000004,0.034761166,0.000987816,0.001475788,2.75841433,66.00213,28.079391,5197.050222605467,182,0.9479167,61,5.082148524782523,24,0.13186813186813187,"{""10"":6,""11"":3,""12"":2,""13"":1,""3"":24,""4"":30,""5"":44,""6"":20,""7"":26,""8"":13,""9"":13}","{""10"":8,""11"":11,""12"":7,""14"":3,""15"":5,""16"":1,""17"":8,""18"":5,""19"":2,""20"":2,""21"":1,""23"":1,""27"":2,""3"":24,""31"":2,""32"":2,""36"":1,""4"":5,""5"":25,""6"":3,""7"":15,""8"":35,""9"":14}",64,"{""count"":64,""unique_topologies"":64,""topology_entropy_bits"":6.0,""effective_topology_count"":64.0,""triangle_like_count"":0,""triangle_like_fraction"":0.0,""mean_nodes"":8.921875,""mean_muscles"":15.9375,""node_counts"":{""10"":9,""11"":11,""12"":3,""14"":1,""5"":3,""6"":2,""7"":8,""8"":16,""9"":11},""muscle_counts"":{""10"":3,""11"":6,""12"":6,""13"":2,""15"":7,""16"":5,""18"":11,""19"":2,""20"":5,""21"":2,""22"":2,""23"":2,""24"":1,""25"":1,""27"":1,""43"":1,""6"":3,""9"":4}}",205,6.062496474539388,111,0.111,"{""10"":52,""11"":18,""12"":24,""13"":12,""14"":2,""15"":1,""3"":111,""4"":141,""5"":205,""6"":139,""7"":166,""8"":82,""9"":47}","{""10"":92,""11"":58,""12"":24,""13"":7,""14"":22,""15"":28,""16"":8,""17"":55,""18"":22,""19"":19,""20"":10,""21"":4,""22"":4,""23"":6,""24"":5,""25"":4,""26"":1,""27"":4,""28"":2,""3"":111,""31"":3,""32"":14,""33"":5,""36"":4,""4"":66,""40"":1,""43"":2,""48"":1,""5"":90,""6"":40,""7"":71,""8"":138,""9"":79}","{""Diagonal CMA-ES"":{""attempts"":285,""discoveries"":0,""improvements"":0,""insertions"":0,""insertion_rate"":0.0},""Immigrant"":{""attempts"":142,""discoveries"":0,""improvements"":0,""insertions"":0,""insertion_rate"":0.0},""Morphology"":{""attempts"":316,""discoveries"":2,""improvements"":6,""insertions"":8,""insertion_rate"":0.02531645569620253},""Novelty"":{""attempts"":257,""discoveries"":0,""improvements"":1,""insertions"":1,""insertion_rate"":0.0038910505836575876}}","{""Morphology"":221,""Novelty"":25}",3,0.9558823529411765,false,3000
40,85,86000,2.6041665560000005,0.03729482,0.032938692,0.000998502,0.003357626,2.798281984,66.00213,28.27244,5261.234497278929,182,0.9479167,62,5.120955352814118,23,0.12637362637362637,"{""10"":6,""11"":3,""12"":2,""13"":1,""3"":23,""4"":29,""5"":44,""6"":20,""7"":26,""8"":14,""9"":14}","{""10"":8,""11"":11,""12"":8,""14"":3,""15"":5,""16"":1,""17"":9,""18"":5,""19"":2,""20"":2,""21"":1,""23"":1,""27"":2,""3"":23,""31"":2,""32"":2,""36"":1,""4"":5,""5"":24,""6"":3,""7"":15,""8"":35,""9"":14}",64,"{""count"":64,""unique_topologies"":64,""topology_entropy_bits"":6.0,""effective_topology_count"":64.0,""triangle_like_count"":0,""triangle_like_fraction"":0.0,""mean_nodes"":8.921875,""mean_muscles"":15.984375,""node_counts"":{""10"":8,""11"":13,""12"":2,""14"":1,""5"":3,""6"":2,""7"":8,""8"":16,""9"":11},""muscle_counts"":{""10"":3,""11"":6,""12"":6,""13"":2,""15"":7,""16"":5,""18"":10,""19"":2,""20"":5,""21"":3,""22"":2,""23"":2,""24"":1,""25"":1,""27"":1,""43"":1,""6"":3,""9"":4}}",195,5.910825823321604,138,0.138,"{""10"":37,""11"":30,""12"":22,""13"":9,""14"":2,""3"":138,""4"":148,""5"":207,""6"":162,""7"":118,""8"":65,""9"":62}","{""10"":37,""11"":61,""12"":20,""13"":7,""14"":21,""15"":21,""16"":9,""17"":69,""18"":17,""19"":19,""20"":7,""21"":10,""22"":6,""23"":4,""24"":4,""25"":2,""26"":1,""27"":3,""28"":3,""29"":1,""3"":138,""31"":5,""32"":13,""33"":1,""36"":7,""4"":52,""40"":1,""43"":1,""5"":120,""6"":29,""7"":61,""8"":158,""9"":92}","{""Diagonal CMA-ES"":{""attempts"":306,""discoveries"":0,""improvements"":0,""insertions"":0,""insertion_rate"":0.0},""Immigrant"":{""attempts"":115,""discoveries"":0,""improvements"":0,""insertions"":0,""insertion_rate"":0.0},""Morphology"":{""attempts"":320,""discoveries"":2,""improvements"":5,""insertions"":7,""insertion_rate"":0.021875},""Novelty"":{""attempts"":259,""discoveries"":0,""improvements"":1,""insertions"":1,""insertion_rate"":0.003861003861003861}}","{""Morphology"":194,""Novelty"":31}",3,0.9513381995133819,false,4000
40,86,87000,2.6443298440000005,0.040163288,0.037070425,0.001131477,0.001961386,2.8413125519999998,66.00213,28.27244,5269.166279047728,182,0.9479167,60,5.065780385891225,23,0.12637362637362637,"{""10"":5,""11"":3,""12"":3,""3"":23,""4"":29,""5"":44,""6"":20,""7"":26,""8"":15,""9"":14}","{""10"":8,""11"":12,""12"":7,""14"":3,""15"":6,""16"":1,""17"":10,""18"":5,""19"":1,""20"":1,""21"":1,""23"":1,""27"":2,""3"":23,""31"":2,""32"":3,""4"":5,""5"":24,""6"":3,""7"":15,""8"":35,""9"":14}",64,"{""count"":64,""unique_topologies"":64,""topology_entropy_bits"":6.0,""effective_topology_count"":64.0,""triangle_like_count"":0,""triangle_like_fraction"":0.0,""mean_nodes"":8.921875,""mean_muscles"":15.984375,""node_counts"":{""10"":8,""11"":13,""12"":2,""14"":1,""5"":3,""6"":2,""7"":8,""8"":16,""9"":11},""muscle_counts"":{""10"":3,""11"":6,""12"":6,""13"":2,""15"":7,""16"":5,""18"":10,""19"":2,""20"":5,""21"":3,""22"":2,""23"":2,""24"":1,""25"":1,""27"":1,""43"":1,""6"":3,""9"":4}}",189,5.999930517223905,153,0.153,"{""10"":44,""11"":24,""12"":18,""13"":13,""15"":2,""3"":153,""4"":171,""5"":202,""6"":143,""7"":112,""8"":70,""9"":48}","{""10"":50,""11"":75,""12"":37,""13"":3,""14"":19,""15"":16,""16"":10,""17"":31,""18"":30,""19"":15,""20"":12,""21"":9,""22"":9,""23"":3,""24"":8,""26"":1,""27"":9,""28"":1,""3"":153,""31"":8,""32"":3,""33"":2,""36"":9,""4"":68,""44"":1,""48"":1,""5"":120,""6"":42,""7"":45,""8"":136,""9"":74}","{""Diagonal CMA-ES"":{""attempts"":299,""discoveries"":0,""improvements"":0,""insertions"":0,""insertion_rate"":0.0},""Immigrant"":{""attempts"":146,""discoveries"":0,""improvements"":0,""insertions"":0,""insertion_rate"":0.0},""Morphology"":{""attempts"":323,""discoveries"":0,""improvements"":6,""insertions"":6,""insertion_rate"":0.018575851393188854},""Novelty"":{""attempts"":232,""discoveries"":0,""improvements"":0,""insertions"":0,""insertion_rate"":0.0}}","{""Morphology"":205,""Novelty"":33}",0,0.9524940617577197,false,5000
40,87,88000,2.6835919880000003,0.039262144,0.036601451,0.001095859,0.001564834,2.883136846,66.00213,28.27244,5274.801231592894,182,0.9479167,60,5.03614403372711,24,0.13186813186813187,"{""10"":5,""11"":3,""12"":3,""3"":24,""4"":29,""5"":44,""6"":20,""7"":26,""8"":15,""9"":13}","{""10"":8,""11"":12,""12"":7,""14"":3,""15"":6,""16"":1,""17"":10,""18"":4,""19"":1,""20"":1,""21"":1,""23"":1,""27"":2,""3"":24,""31"":2,""32"":3,""4"":5,""5"":24,""6"":3,""7"":16,""8"":34,""9"":14}",64,"{""count"":64,""unique_topologies"":64,""topology_entropy_bits"":6.0,""effective_topology_count"":64.0,""triangle_like_count"":0,""triangle_like_fraction"":0.0,""mean_nodes"":8.96875,""mean_muscles"":15.9375,""node_counts"":{""10"":9,""11"":12,""12"":2,""14"":1,""5"":2,""6"":1,""7"":9,""8"":17,""9"":11},""muscle_counts"":{""10"":4,""11"":7,""12"":6,""13"":2,""15"":6,""16"":5,""18"":10,""19"":2,""20"":6,""21"":3,""22"":2,""23"":1,""24"":1,""25"":1,""27"":1,""43"":1,""6"":2,""9"":4}}",188,5.852941562058081,136,0.136,"{""10"":32,""11"":32,""12"":13,""13"":6,""15"":1,""3"":136,""4"":171,""5"":208,""6"":113,""7"":111,""8"":118,""9"":59}","{""10"":76,""11"":56,""12"":18,""13"":5,""14"":11,""15"":69,""16"":10,""17"":22,""18"":49,""19"":14,""20"":16,""21"":4,""22"":4,""23"":4,""24"":2,""25"":3,""26"":2,""27"":7,""28"":2,""29"":1,""3"":136,""31"":6,""32"":6,""33"":2,""34"":1,""36"":2,""4"":58,""42"":1,""48"":1,""5"":138,""6"":31,""7"":65,""8"":118,""9"":60}","{""Diagonal CMA-ES"":{""attempts"":301,""discoveries"":0,""improvements"":0,""insertions"":0,""insertion_rate"":0.0},""Immigrant"":{""attempts"":152,""discoveries"":0,""improvements"":0,""insertions"":0,""insertion_rate"":0.0},""Morphology"":{""attempts"":286,""discoveries"":6,""improvements"":2,""insertions"":8,""insertion_rate"":0.027972027972027972},""Novelty"":{""attempts"":261,""discoveries"":0,""improvements"":1,""insertions"":1,""insertion_rate"":0.0038314176245210726}}","{""Morphology"":199,""Novelty"":27}",6,0.9528301886792453,false,6000
40,88,89000,2.7158871770000004,0.032295189,0.0297461,0.001015124,0.001533965,2.917915824,66.00213,28.27244,5285.977912634611,182,0.9479167,60,5.012837683158874,24,0.13186813186813187,"{""10"":6,""11"":2,""12"":3,""3"":24,""4"":29,""5"":45,""6"":20,""7"":25,""8"":15,""9"":13}","{""10"":8,""11"":12,""12"":7,""14"":3,""15"":6,""16"":1,""17"":10,""18"":4,""19"":1,""20"":1,""21"":1,""23"":1,""27"":3,""3"":24,""31"":1,""32"":3,""4"":5,""5"":24,""6"":3,""7"":17,""8"":34,""9"":13}",64,"{""count"":64,""unique_topologies"":64,""topology_entropy_bits"":6.0,""effective_topology_count"":64.0,""triangle_like_count"":0,""triangle_like_fraction"":0.0,""mean_nodes"":8.921875,""mean_muscles"":15.796875,""node_counts"":{""10"":9,""11"":11,""12"":2,""14"":1,""5"":2,""6"":1,""7"":9,""8"":18,""9"":11},""muscle_counts"":{""10"":4,""11"":8,""12"":6,""13"":2,""15"":6,""16"":4,""18"":11,""19"":2,""20"":6,""21"":3,""22"":1,""23"":1,""24"":1,""25"":1,""27"":1,""43"":1,""6"":2,""9"":4}}",173,5.596638621601894,132,0.132,"{""10"":34,""11"":24,""12"":12,""13"":7,""3"":132,""4"":159,""5"":235,""6"":196,""7"":88,""8"":67,""9"":46}","{""10"":41,""11"":148,""12"":29,""13"":3,""14"":12,""15"":22,""16"":12,""17"":24,""18"":25,""19"":10,""20"":11,""21"":8,""22"":5,""24"":1,""25"":2,""26"":1,""27"":7,""3"":132,""31"":6,""32"":9,""33"":3,""36"":4,""4"":64,""5"":108,""6"":23,""7"":108,""8"":126,""9"":56}","{""Diagonal CMA-ES"":{""attempts"":322,""discoveries"":0,""improvements"":0,""insertions"":0,""insertion_rate"":0.0},""Immigrant"":{""attempts"":146,""discoveries"":0,""improvements"":0,""insertions"":0,""insertion_rate"":0.0},""Morphology"":{""attempts"":270,""discoveries"":2,""improvements"":5,""insertions"":7,""insertion_rate"":0.025925925925925925},""Novelty"":{""attempts"":262,""discoveries"":0,""improvements"":0,""insertions"":0,""insertion_rate"":0.0}}","{""Morphology"":172,""Novelty"":28}",1,0.9531615925058547,false,7000
40,89,90000,2.7502672300000004,0.03438005300000001,0.031855896,0.001005626,0.001518531,2.954633629,66.00213,29.060143,5332.826992243528,182,0.9479167,61,5.039868910436914,26,0.14285714285714285,"{""10"":6,""11"":3,""12"":3,""3"":26,""4"":29,""5"":41,""6"":21,""7"":25,""8"":16,""9"":12}","{""10"":8,""11"":14,""12"":7,""14"":4,""15"":6,""16"":1,""17"":10,""18"":3,""19"":1,""20"":2,""21"":1,""23"":1,""27"":3,""3"":26,""31"":1,""32"":3,""4"":6,""5"":23,""6"":3,""7"":15,""8"":32,""9"":12}",64,"{""count"":64,""unique_topologies"":64,""topology_entropy_bits"":6.0,""effective_topology_count"":64.0,""triangle_like_count"":0,""triangle_like_fraction"":0.0,""mean_nodes"":8.890625,""mean_muscles"":15.859375,""node_counts"":{""10"":10,""11"":10,""12"":1,""14"":1,""5"":2,""6"":1,""7"":8,""8"":18,""9"":13},""muscle_counts"":{""10"":4,""11"":8,""12"":6,""13"":2,""15"":6,""16"":5,""18"":12,""19"":2,""20"":6,""21"":2,""22"":1,""23"":1,""24"":1,""25"":1,""27"":1,""43"":1,""6"":2,""9"":3}}",184,5.799694422886059,151,0.151,"{""10"":42,""11"":17,""12"":11,""13"":7,""3"":151,""4"":145,""5"":217,""6"":196,""7"":94,""8"":58,""9"":62}","{""10"":52,""11"":135,""12"":21,""13"":5,""14"":13,""15"":16,""16"":14,""17"":33,""18"":37,""19"":7,""20"":13,""21"":4,""22"":6,""23"":4,""24"":3,""26"":1,""27"":6,""3"":151,""31"":1,""32"":8,""33"":2,""36"":2,""4"":58,""40"":2,""42"":1,""5"":115,""6"":38,""7"":70,""8"":126,""9"":56}","{""Diagonal CMA-ES"":{""attempts"":289,""discoveries"":0,""improvements"":1,""insertions"":1,""insertion_rate"":0.0034602076124567475},""Immigrant"":{""attempts"":147,""discoveries"":0,""improvements"":0,""insertions"":0,""insertion_rate"":0.0},""Morphology"":{""attempts"":307,""discoveries"":3,""improvements"":10,""insertions"":13,""insertion_rate"":0.04234527687296417},""Novelty"":{""attempts"":257,""discoveries"":0,""improvements"":1,""insertions"":1,""insertion_rate"":0.0038910505836575876}}","{""Morphology"":198,""Novelty"":29}",4,0.9531615925058547,false,8000
40,90,91000,2.7866763420000003,0.036409112,0.034085606,0.00095101,0.001372496,2.9933175690000002,66.00213,29.060143,5336.502232760191,182,0.9479167,61,5.031024732005942,26,0.14285714285714285,"{""10"":6,""11"":3,""12"":3,""3"":26,""4"":29,""5"":40,""6"":23,""7"":25,""8"":15,""9"":12}","{""10"":8,""11"":14,""12"":7,""14"":4,""15"":5,""16"":1,""17"":10,""18"":3,""19"":1,""20"":2,""21"":1,""23"":1,""27"":3,""3"":26,""31"":1,""32"":3,""4"":6,""5"":23,""6"":3,""7"":15,""8"":33,""9"":12}",64,"{""count"":64,""unique_topologies"":64,""topology_entropy_bits"":6.0,""effective_topology_count"":64.0,""triangle_like_count"":0,""triangle_like_fraction"":0.0,""mean_nodes"":8.90625,""mean_muscles"":15.796875,""node_counts"":{""10"":12,""11"":11,""5"":1,""6"":2,""7"":6,""8"":18,""9"":14},""muscle_counts"":{""10"":3,""11"":8,""12"":5,""13"":2,""15"":6,""16"":6,""18"":12,""19"":4,""20"":5,""21"":1,""22"":2,""23"":1,""24"":2,""25"":1,""27"":1,""6"":1,""8"":1,""9"":3}}",187,5.765419291300246,94,0.094,"{""10"":62,""11"":37,""12"":16,""13"":7,""15"":1,""3"":94,""4"":245,""5"":180,""6"":137,""7"":72,""8"":88,""9"":61}","{""10"":24,""11"":70,""12"":16,""13"":3,""14"":15,""15"":24,""16"":10,""17"":63,""18"":14,""19"":18,""20"":29,""21"":9,""22"":10,""23"":9,""24"":4,""25"":1,""27"":3,""29"":1,""3"":94,""31"":1,""32"":13,""33"":2,""36"":3,""4"":114,""40"":1,""46"":1,""5"":152,""6"":30,""7"":74,""8"":125,""9"":67}","{""Diagonal CMA-ES"":{""attempts"":299,""discoveries"":0,""improvements"":1,""insertions"":1,""insertion_rate"":0.0033444816053511705},""Immigrant"":{""attempts"":135,""discoveries"":0,""improvements"":0,""insertions"":0,""insertion_rate"":0.0},""Morphology"":{""attempts"":310,""discoveries"":7,""improvements"":2,""insertions"":9,""insertion_rate"":0.02903225806451613},""Novelty"":{""attempts"":256,""discoveries"":0,""improvements"":2,""insertions"":2,""insertion_rate"":0.0078125}}","{""Morphology"":210,""Novelty"":23}",5,0.9491916859122402,false,9000
40,91,92000,2.8204295090000002,0.033753167,0.031137591,0.001056678,0.001558898,3.029832349,66.00213,29.094265,5377.707567423582,182,0.9479167,60,4.988364523598367,27,0.14835164835164835,"{""10"":6,""11"":3,""12"":3,""3"":27,""4"":28,""5"":40,""6"":22,""7"":25,""8"":15,""9"":13}","{""10"":8,""11"":13,""12"":7,""14"":4,""15"":5,""16"":1,""17"":11,""18"":3,""19"":1,""20"":2,""21"":1,""23"":1,""27"":3,""3"":27,""31"":1,""32"":3,""4"":5,""5"":23,""6"":3,""7"":15,""8"":33,""9"":12}",64,"{""count"":64,""unique_topologies"":64,""topology_entropy_bits"":6.0,""effective_topology_count"":64.0,""triangle_like_count"":0,""triangle_like_fraction"":0.0,""mean_nodes"":8.90625,""mean_muscles"":15.796875,""node_counts"":{""10"":12,""11"":11,""5"":1,""6"":2,""7"":6,""8"":18,""9"":14},""muscle_counts"":{""10"":3,""11"":8,""12"":5,""13"":2,""15"":6,""16"":6,""18"":12,""19"":4,""20"":5,""21"":1,""22"":2,""23"":1,""24"":2,""25"":1,""27"":1,""6"":1,""8"":1,""9"":3}}",189,5.811068342044789,113,0.113,"{""10"":50,""11"":21,""12"":27,""13"":7,""3"":113,""4"":237,""5"":194,""6"":133,""7"":94,""8"":69,""9"":55}","{""10"":29,""11"":51,""12"":27,""13"":5,""14"":17,""15"":30,""16"":8,""17"":60,""18"":11,""19"":20,""20"":16,""21"":1,""22"":10,""23"":2,""24"":2,""25"":5,""27"":1,""29"":1,""3"":113,""31"":1,""32"":23,""33"":3,""34"":1,""36"":1,""4"":117,""40"":2,""5"":142,""6"":37,""7"":83,""8"":108,""9"":73}","{""Diagonal CMA-ES"":{""attempts"":285,""discoveries"":0,""improvements"":0,""insertions"":0,""insertion_rate"":0.0},""Immigrant"":{""attempts"":157,""discoveries"":0,""improvements"":0,""insertions"":0,""insertion_rate"":0.0},""Morphology"":{""attempts"":313,""discoveries"":0,""improvements"":2,""insertions"":2,""insertion_rate"":0.006389776357827476},""Novelty"":{""attempts"":245,""discoveries"":0,""improvements"":1,""insertions"":1,""insertion_rate"":0.004081632653061225}}","{""Morphology"":207,""Novelty"":34}",0,0.9493087557603687,false,10000
40,92,93000,2.8544581260000004,0.034028617,0.031405917,0.001009187,0.001613513,3.066272331,66.00213,29.094265,5394.351324290037,182,0.9479167,59,4.9752306800513155,27,0.14835164835164835,"{""10"":6,""11"":3,""12"":3,""3"":27,""4"":28,""5"":40,""6"":22,""7"":26,""8"":14,""9"":13}","{""10"":9,""11"":13,""12"":7,""14"":4,""15"":4,""17"":11,""18"":4,""19"":1,""20"":2,""21"":1,""23"":1,""27"":3,""3"":27,""31"":1,""32"":3,""4"":5,""5"":23,""6"":3,""7"":15,""8"":33,""9"":12}",64,"{""count"":64,""unique_topologies"":64,""topology_entropy_bits"":6.0,""effective_topology_count"":64.0,""triangle_like_count"":0,""triangle_like_fraction"":0.0,""mean_nodes"":8.921875,""mean_muscles"":15.765625,""node_counts"":{""10"":12,""11"":12,""5"":1,""6"":2,""7"":6,""8"":19,""9"":12},""muscle_counts"":{""10"":4,""11"":8,""12"":5,""13"":2,""15"":6,""16"":5,""18"":11,""19"":4,""20"":5,""21"":1,""22"":3,""23"":1,""24"":2,""25"":1,""27"":1,""6"":1,""8"":1,""9"":3}}",186,5.857203974838648,147,0.147,"{""10"":40,""11"":29,""12"":20,""13"":11,""3"":147,""4"":126,""5"":198,""6"":171,""7"":109,""8"":77,""9"":72}","{""10"":48,""11"":50,""12"":24,""13"":10,""14"":20,""15"":36,""16"":6,""17"":70,""18"":14,""19"":12,""20"":14,""21"":4,""22"":12,""23"":3,""24"":4,""26"":1,""27"":4,""28"":2,""3"":147,""30"":1,""32"":17,""33"":4,""34"":1,""36"":3,""4"":50,""40"":3,""5"":98,""6"":35,""7"":60,""8"":167,""9"":80}","{""Diagonal CMA-ES"":{""attempts"":293,""discoveries"":0,""improvements"":0,""insertions"":0,""insertion_rate"":0.0},""Immigrant"":{""attempts"":143,""discoveries"":0,""improvements"":0,""insertions"":0,""insertion_rate"":0.0},""Morphology"":{""attempts"":300,""discoveries"":2,""improvements"":8,""insertions"":10,""insertion_rate"":0.03333333333333333},""Novelty"":{""attempts"":264,""discoveries"":0,""improvements"":0,""insertions"":0,""insertion_rate"":0.0}}","{""Morphology"":203,""Novelty"":37}",2,0.9497716894977168,false,11000
40,93,94000,2.8881946730000005,0.033736547,0.031379797,0.00098188,0.00137487,3.1024178669999998,66.00213,29.094265,5394.665716379881,182,0.9479167,59,4.975230680051317,27,0.14835164835164835,"{""10"":6,""11"":3,""12"":3,""3"":27,""4"":28,""5"":40,""6"":22,""7"":26,""8"":14,""9"":13}","{""10"":9,""11"":13,""12"":7,""14"":4,""15"":4,""17"":11,""18"":4,""19"":1,""20"":2,""21"":1,""23"":1,""27"":3,""3"":27,""31"":1,""32"":3,""4"":5,""5"":23,""6"":3,""7"":15,""8"":33,""9"":12}",64,"{""count"":64,""unique_topologies"":64,""topology_entropy_bits"":6.0,""effective_topology_count"":64.0,""triangle_like_count"":0,""triangle_like_fraction"":0.0,""mean_nodes"":8.96875,""mean_muscles"":15.828125,""node_counts"":{""10"":12,""11"":12,""5"":1,""6"":2,""7"":5,""8"":18,""9"":14},""muscle_counts"":{""10"":4,""11"":6,""12"":6,""13"":2,""15"":6,""16"":6,""18"":12,""19"":3,""20"":5,""21"":1,""22"":3,""23"":1,""24"":2,""25"":1,""27"":1,""6"":1,""8"":2,""9"":2}}",187,5.828028668429465,142,0.142,"{""10"":50,""11"":28,""12"":24,""13"":8,""3"":142,""4"":136,""5"":208,""6"":160,""7"":106,""8"":70,""9"":68}","{""10"":51,""11"":71,""12"":25,""13"":4,""14"":10,""15"":32,""16"":6,""17"":65,""18"":21,""19"":13,""20"":16,""21"":2,""22"":11,""23"":6,""24"":3,""27"":3,""28"":2,""29"":1,""3"":142,""31"":1,""32"":19,""33"":6,""36"":1,""4"":55,""40"":1,""5"":98,""6"":36,""7"":84,""8"":150,""9"":65}","{""Diagonal CMA-ES"":{""attempts"":316,""discoveries"":0,""improvements"":0,""insertions"":0,""insertion_rate"":0.0},""Immigrant"":{""attempts"":150,""discoveries"":0,""improvements"":0,""insertions"":0,""insertion_rate"":0.0},""Morphology"":{""attempts"":304,""discoveries"":4,""improvements"":5,""insertions"":9,""insertion_rate"":0.029605263157894735},""Novelty"":{""attempts"":230,""discoveries"":0,""improvements"":0,""insertions"":0,""insertion_rate"":0.0}}","{""Morphology"":204,""Novelty"":29}",4,0.945823927765237,false,12000
40,94,95000,2.9211808580000005,0.032986185,0.030573633,0.000985442,0.00142711,3.137924647,66.00213,29.094265,5398.878282755613,182,0.9479167,59,4.975230680051318,27,0.14835164835164835,"{""10"":6,""11"":3,""12"":3,""3"":27,""4"":28,""5"":40,""6"":22,""7"":26,""8"":14,""9"":13}","{""10"":9,""11"":13,""12"":7,""14"":4,""15"":4,""17"":11,""18"":4,""19"":1,""20"":2,""21"":1,""23"":1,""27"":3,""3"":27,""31"":1,""32"":3,""4"":5,""5"":23,""6"":3,""7"":15,""8"":33,""9"":12}",64,"{""count"":64,""unique_topologies"":64,""topology_entropy_bits"":6.0,""effective_topology_count"":64.0,""triangle_like_count"":0,""triangle_like_fraction"":0.0,""mean_nodes"":8.9375,""mean_muscles"":15.6875,""node_counts"":{""10"":11,""11"":12,""5"":1,""6"":2,""7"":5,""8"":19,""9"":14},""muscle_counts"":{""10"":5,""11"":6,""12"":6,""13"":2,""15"":6,""16"":6,""18"":12,""19"":2,""20"":5,""21"":1,""22"":3,""23"":1,""24"":2,""25"":1,""27"":1,""6"":1,""8"":2,""9"":2}}",174,5.793193245780886,138,0.138,"{""10"":57,""11"":20,""12"":13,""13"":6,""3"":138,""4"":148,""5"":231,""6"":160,""7"":111,""8"":63,""9"":53}","{""10"":62,""11"":59,""12"":21,""13"":3,""14"":20,""15"":25,""16"":7,""17"":59,""18"":22,""19"":17,""20"":8,""21"":7,""22"":6,""25"":1,""27"":5,""3"":138,""31"":1,""32"":13,""33"":3,""36"":2,""4"":67,""40"":1,""5"":104,""6"":38,""7"":85,""8"":164,""9"":62}","{""Diagonal CMA-ES"":{""attempts"":278,""discoveries"":0,""improvements"":0,""insertions"":0,""insertion_rate"":0.0},""Immigrant"":{""attempts"":156,""discoveries"":0,""improvements"":0,""insertions"":0,""insertion_rate"":0.0},""Morphology"":{""attempts"":291,""discoveries"":1,""improvements"":2,""insertions"":3,""insertion_rate"":0.010309278350515464},""Novelty"":{""attempts"":275,""discoveries"":0,""improvements"":0,""insertions"":0,""insertion_rate"":0.0}}","{""Morphology"":203,""Novelty"":25}",1,0.945823927765237,false,13000
40,95,96000,2.9556190860000005,0.034438227999999994,0.032023302,0.000960509,0.001454417,3.17461277,66.00213,29.094265,5403.071336954832,182,0.9479167,57,4.930442061545627,27,0.14835164835164835,"{""10"":6,""11"":2,""12"":3,""3"":27,""4"":29,""5"":41,""6"":22,""7"":25,""8"":14,""9"":13}","{""10"":9,""11"":13,""12"":6,""14"":4,""15"":4,""17"":11,""18"":4,""19"":1,""20"":1,""21"":1,""23"":1,""27"":3,""3"":27,""31"":1,""32"":3,""4"":6,""5"":23,""6"":3,""7"":16,""8"":33,""9"":12}",64,"{""count"":64,""unique_topologies"":64,""topology_entropy_bits"":6.0,""effective_topology_count"":64.0,""triangle_like_count"":0,""triangle_like_fraction"":0.0,""mean_nodes"":8.890625,""mean_muscles"":15.625,""node_counts"":{""10"":10,""11"":12,""5"":1,""6"":2,""7"":5,""8"":21,""9"":13},""muscle_counts"":{""10"":5,""11"":6,""12"":5,""13"":3,""14"":1,""15"":7,""16"":5,""18"":11,""19"":2,""20"":5,""21"":1,""22"":3,""23"":1,""24"":2,""25"":1,""27"":1,""6"":1,""8"":2,""9"":2}}",190,5.792691085196997,144,0.144,"{""10"":52,""11"":16,""12"":23,""13"":5,""3"":144,""4"":135,""5"":236,""6"":138,""7"":99,""8"":71,""9"":81}","{""10"":45,""11"":66,""12"":32,""13"":5,""14"":19,""15"":30,""16"":11,""17"":65,""18"":15,""19"":24,""20"":11,""21"":3,""22"":6,""23"":2,""24"":1,""26"":2,""27"":5,""3"":144,""31"":1,""32"":18,""33"":3,""34"":1,""36"":2,""4"":53,""40"":1,""5"":114,""6"":29,""7"":96,""8"":139,""9"":57}","{""Diagonal CMA-ES"":{""attempts"":297,""discoveries"":0,""improvements"":0,""insertions"":0,""insertion_rate"":0.0},""Immigrant"":{""attempts"":169,""discoveries"":0,""improvements"":0,""insertions"":0,""insertion_rate"":0.0},""Morphology"":{""attempts"":299,""discoveries"":3,""improvements"":2,""insertions"":5,""insertion_rate"":0.016722408026755852},""Novelty"":{""attempts"":235,""discoveries"":0,""improvements"":0,""insertions"":0,""insertion_rate"":0.0}}","{""Morphology"":198,""Novelty"":30}",3,0.946067415730337,false,14000
40,96,97000,2.9900193220000006,0.034400236,0.031111472,0.001181343,0.002107421,3.212091622,66.00213,29.094265,5416.96171399951,182,0.9479167,58,4.949177828217148,27,0.14835164835164835,"{""10"":6,""11"":3,""12"":2,""13"":1,""3"":27,""4"":29,""5"":41,""6"":21,""7"":26,""8"":13,""9"":13}","{""10"":9,""11"":12,""12"":6,""14"":5,""15"":4,""17"":11,""18"":4,""19"":1,""20"":2,""21"":1,""23"":1,""27"":3,""3"":27,""31"":1,""32"":2,""36"":1,""4"":6,""5"":23,""6"":3,""7"":16,""8"":32,""9"":12}",64,"{""count"":64,""unique_topologies"":64,""topology_entropy_bits"":6.0,""effective_topology_count"":64.0,""triangle_like_count"":0,""triangle_like_fraction"":0.0,""mean_nodes"":8.78125,""mean_muscles"":15.703125,""node_counts"":{""10"":10,""11"":10,""5"":2,""6"":2,""7"":5,""8"":20,""9"":15},""muscle_counts"":{""10"":4,""11"":7,""12"":5,""13"":3,""14"":1,""15"":7,""16"":5,""18"":11,""19"":2,""20"":6,""21"":1,""22"":1,""23"":1,""24"":2,""25"":1,""27"":1,""28"":1,""6"":1,""8"":2,""9"":2}}",173,5.768876911191534,173,0.173,"{""10"":40,""11"":14,""12"":14,""13"":6,""3"":173,""4"":179,""5"":177,""6"":168,""7"":101,""8"":56,""9"":72}","{""10"":53,""11"":83,""12"":18,""13"":5,""14"":18,""15"":25,""16"":12,""17"":42,""18"":34,""19"":4,""20"":13,""21"":3,""22"":5,""23"":2,""24"":5,""25"":1,""27"":7,""28"":1,""3"":173,""32"":9,""33"":3,""36"":2,""4"":80,""40"":1,""5"":123,""6"":31,""7"":52,""8"":133,""9"":62}","{""Diagonal CMA-ES"":{""attempts"":285,""discoveries"":0,""improvements"":1,""insertions"":1,""insertion_rate"":0.0035087719298245615},""Immigrant"":{""attempts"":152,""discoveries"":0,""improvements"":0,""insertions"":0,""insertion_rate"":0.0},""Morphology"":{""attempts"":318,""discoveries"":6,""improvements"":3,""insertions"":9,""insertion_rate"":0.02830188679245283},""Novelty"":{""attempts"":245,""discoveries"":0,""improvements"":0,""insertions"":0,""insertion_rate"":0.0}}","{""Morphology"":217,""Novelty"":18}",5,0.9376391982182628,false,15000
40,97,98000,3.0276833880000007,0.037664066,0.034948758,0.001108919,0.001606389,3.253417258,66.00213,29.094265,5423.032906740904,182,0.9479167,57,4.938188817228136,27,0.14835164835164835,"{""10"":6,""11"":4,""12"":2,""13"":1,""3"":27,""4"":29,""5"":41,""6"":21,""7"":26,""8"":12,""9"":13}","{""10"":9,""11"":12,""12"":6,""14"":5,""15"":4,""17"":10,""18"":4,""19"":1,""20"":2,""21"":1,""23"":1,""27"":3,""3"":27,""31"":2,""32"":2,""36"":1,""4"":6,""5"":23,""6"":3,""7"":16,""8"":32,""9"":12}",64,"{""count"":64,""unique_topologies"":64,""topology_entropy_bits"":6.0,""effective_topology_count"":64.0,""triangle_like_count"":0,""triangle_like_fraction"":0.0,""mean_nodes"":8.75,""mean_muscles"":15.6875,""node_counts"":{""10"":12,""11"":8,""5"":2,""6"":2,""7"":5,""8"":20,""9"":15},""muscle_counts"":{""10"":4,""11"":7,""12"":5,""13"":3,""14"":1,""15"":7,""16"":5,""18"":11,""19"":2,""20"":5,""21"":2,""22"":1,""23"":1,""24"":2,""25"":2,""28"":1,""6"":1,""8"":2,""9"":2}}",188,5.786281238472697,92,0.092,"{""10"":59,""11"":101,""12"":32,""13"":8,""3"":92,""4"":111,""5"":177,""6"":127,""7"":155,""8"":74,""9"":64}","{""10"":26,""11"":53,""12"":93,""13"":8,""14"":13,""15"":40,""16"":12,""17"":60,""18"":19,""19"":18,""20"":9,""21"":9,""22"":4,""23"":1,""24"":4,""25"":1,""26"":1,""27"":2,""28"":1,""29"":3,""3"":92,""31"":85,""32"":18,""33"":1,""34"":1,""35"":9,""36"":7,""39"":1,""4"":58,""5"":75,""6"":24,""7"":79,""8"":97,""9"":76}","{""Diagonal CMA-ES"":{""attempts"":297,""discoveries"":0,""improvements"":0,""insertions"":0,""insertion_rate"":0.0},""Immigrant"":{""attempts"":133,""discoveries"":0,""improvements"":0,""insertions"":0,""insertion_rate"":0.0},""Morphology"":{""attempts"":328,""discoveries"":2,""improvements"":2,""insertions"":4,""insertion_rate"":0.012195121951219513},""Novelty"":{""attempts"":242,""discoveries"":0,""improvements"":2,""insertions"":2,""insertion_rate"":0.008264462809917356}}","{""Morphology"":216,""Novelty"":35}",2,0.9377777777777778,false,16000
40,98,99000,3.0637553130000006,0.036071925000000005,0.033576263,0.000994941,0.001500721,3.292064393,66.00213,29.094265,5430.646594256163,182,0.9479167,55,4.901074050732733,27,0.14835164835164835,"{""10"":6,""11"":4,""12"":2,""13"":1,""3"":27,""4"":28,""5"":41,""6"":22,""7"":27,""8"":13,""9"":11}","{""10"":9,""11"":13,""12"":7,""14"":5,""15"":5,""17"":10,""18"":3,""19"":1,""20"":1,""21"":1,""23"":1,""27"":3,""3"":27,""31"":2,""32"":2,""36"":1,""4"":5,""5"":23,""6"":3,""7"":16,""8"":32,""9"":12}",64,"{""count"":64,""unique_topologies"":64,""topology_entropy_bits"":6.0,""effective_topology_count"":64.0,""triangle_like_count"":0,""triangle_like_fraction"":0.0,""mean_nodes"":8.921875,""mean_muscles"":16.3125,""node_counts"":{""10"":12,""11"":11,""12"":1,""5"":2,""6"":2,""7"":5,""8"":18,""9"":13},""muscle_counts"":{""10"":4,""11"":7,""12"":4,""13"":2,""15"":7,""16"":6,""18"":10,""19"":3,""20"":4,""21"":2,""22"":1,""23"":1,""24"":3,""25"":2,""26"":1,""30"":2,""6"":1,""8"":2,""9"":2}}",189,5.8819988529022655,134,0.134,"{""10"":51,""11"":33,""12"":22,""13"":6,""14"":2,""3"":134,""4"":116,""5"":173,""6"":199,""7"":129,""8"":67,""9"":68}","{""10"":39,""11"":100,""12"":63,""13"":7,""14"":12,""15"":36,""16"":5,""17"":56,""18"":24,""19"":15,""20"":15,""21"":5,""22"":11,""23"":3,""24"":4,""25"":4,""26"":2,""27"":3,""28"":1,""29"":2,""3"":134,""30"":2,""31"":4,""32"":18,""33"":3,""35"":1,""36"":3,""37"":1,""4"":47,""40"":1,""45"":1,""5"":87,""6"":19,""7"":69,""8"":127,""9"":76}","{""Diagonal CMA-ES"":{""attempts"":284,""discoveries"":0,""improvements"":0,""insertions"":0,""insertion_rate"":0.0},""Immigrant"":{""attempts"":138,""discoveries"":0,""improvements"":0,""insertions"":0,""insertion_rate"":0.0},""Morphology"":{""attempts"":322,""discoveries"":6,""improvements"":6,""insertions"":12,""insertion_rate"":0.037267080745341616},""Novelty"":{""attempts"":256,""discoveries"":0,""improvements"":0,""insertions"":0,""insertion_rate"":0.0}}","{""Morphology"":220,""Novelty"":28}",6,0.9337748344370861,false,17000
40,99,100000,3.0977055700000005,0.033950257,0.031290751,0.001222898,0.001436608,3.328868869,66.00213,29.094265,5456.564395755529,182,0.9479167,55,4.936892981679667,26,0.14285714285714285,"{""10"":7,""11"":4,""12"":3,""13"":1,""3"":26,""4"":28,""5"":41,""6"":21,""7"":28,""8"":13,""9"":10}","{""10"":9,""11"":12,""12"":6,""14"":6,""15"":6,""17"":9,""18"":3,""19"":2,""20"":1,""21"":1,""23"":1,""27"":3,""3"":26,""31"":2,""32"":2,""35"":1,""36"":1,""4"":5,""5"":23,""6"":3,""7"":16,""8"":32,""9"":12}",64,"{""count"":64,""unique_topologies"":64,""topology_entropy_bits"":6.0,""effective_topology_count"":64.0,""triangle_like_count"":0,""triangle_like_fraction"":0.0,""mean_nodes"":8.921875,""mean_muscles"":16.328125,""node_counts"":{""10"":10,""11"":11,""12"":2,""5"":2,""6"":2,""7"":5,""8"":19,""9"":13},""muscle_counts"":{""10"":4,""11"":6,""12"":5,""13"":2,""14"":1,""15"":8,""16"":6,""18"":8,""19"":3,""20"":4,""21"":2,""22"":1,""23"":1,""24"":2,""25"":2,""26"":1,""30"":2,""31"":1,""6"":1,""8"":2,""9"":2}}",182,5.842759806273204,129,0.129,"{""10"":51,""11"":30,""12"":24,""13"":10,""3"":129,""4"":123,""5"":220,""6"":169,""7"":93,""8"":64,""9"":87}","{""10"":42,""11"":67,""12"":18,""13"":2,""14"":20,""15"":31,""16"":11,""17"":77,""18"":16,""19"":21,""20"":13,""21"":5,""22"":8,""24"":1,""25"":2,""26"":2,""27"":10,""28"":2,""29"":2,""3"":129,""30"":1,""31"":11,""32"":10,""33"":1,""35"":4,""36"":5,""4"":49,""40"":1,""5"":94,""6"":30,""7"":81,""8"":166,""9"":68}","{""Diagonal CMA-ES"":{""attempts"":298,""discoveries"":0,""improvements"":1,""insertions"":1,""insertion_rate"":0.003355704697986577},""Immigrant"":{""attempts"":137,""discoveries"":0,""improvements"":0,""insertions"":0,""insertion_rate"":0.0},""Morphology"":{""attempts"":318,""discoveries"":4,""improvements"":8,""insertions"":12,""insertion_rate"":0.03773584905660377},""Novelty"":{""attempts"":247,""discoveries"":0,""improvements"":1,""insertions"":1,""insertion_rate"":0.004048582995951417}}","{""Morphology"":213,""Novelty"":28}",5,0.9279475982532751,false,18000
40,100,101000,3.1305480960000005,0.032842526000000004,0.030536829,0.000930827,0.00137487,3.364011154,66.00213,30.91029,5476.815472453833,182,0.9479167,53,4.895756342661778,26,0.14285714285714285,"{""10"":7,""11"":3,""12"":3,""13"":1,""3"":26,""4"":28,""5"":43,""6"":20,""7"":28,""8"":13,""9"":10}","{""10"":9,""11"":11,""12"":6,""14"":6,""15"":6,""17"":9,""18"":3,""19"":2,""21"":1,""23"":1,""27"":3,""3"":26,""31"":2,""32"":2,""35"":1,""36"":1,""4"":5,""5"":23,""6"":4,""7"":16,""8"":33,""9"":12}",64,"{""count"":64,""unique_topologies"":64,""topology_entropy_bits"":6.0,""effective_topology_count"":64.0,""triangle_like_count"":0,""triangle_like_fraction"":0.0,""mean_nodes"":8.921875,""mean_muscles"":16.328125,""node_counts"":{""10"":10,""11"":11,""12"":2,""5"":2,""6"":2,""7"":5,""8"":19,""9"":13},""muscle_counts"":{""10"":4,""11"":6,""12"":5,""13"":2,""14"":1,""15"":8,""16"":6,""18"":8,""19"":3,""20"":4,""21"":2,""22"":1,""23"":1,""24"":2,""25"":2,""26"":1,""30"":2,""31"":1,""6"":1,""8"":2,""9"":2}}",170,5.3973303986450425,116,0.116,"{""10"":45,""11"":18,""12"":26,""13"":8,""3"":116,""4"":109,""5"":335,""6"":149,""7"":75,""8"":55,""9"":64}","{""10"":30,""11"":46,""12"":20,""13"":9,""14"":13,""15"":36,""16"":10,""17"":55,""18"":14,""19"":13,""20"":9,""21"":1,""22"":2,""23"":4,""24"":1,""25"":2,""26"":1,""27"":3,""3"":116,""30"":2,""31"":4,""32"":24,""33"":2,""34"":1,""36"":3,""4"":48,""40"":1,""5"":86,""6"":29,""7"":75,""8"":271,""9"":69}","{""Diagonal CMA-ES"":{""attempts"":306,""discoveries"":0,""improvements"":0,""insertions"":0,""insertion_rate"":0.0},""Immigrant"":{""attempts"":151,""discoveries"":0,""improvements"":0,""insertions"":0,""insertion_rate"":0.0},""Morphology"":{""attempts"":282,""discoveries"":0,""improvements"":5,""insertions"":5,""insertion_rate"":0.01773049645390071},""Novelty"":{""attempts"":261,""discoveries"":0,""improvements"":0,""insertions"":0,""insertion_rate"":0.0}}","{""Morphology"":177,""Novelty"":27}",0,0.9282608695652174,false,19000
40,101,102000,3.1624206140000006,0.031872518,0.029355485,0.000989004,0.001528029,3.398303347,66.00213,30.91029,5489.954228132963,182,0.9479167,53,4.891696589523536,26,0.14285714285714285,"{""10"":7,""11"":3,""12"":3,""13"":1,""3"":26,""4"":28,""5"":43,""6"":19,""7"":28,""8"":13,""9"":11}","{""10"":9,""11"":11,""12"":6,""14"":6,""15"":6,""17"":10,""18"":3,""19"":2,""21"":1,""23"":1,""27"":3,""3"":26,""31"":2,""32"":2,""35"":1,""36"":1,""4"":5,""5"":23,""6"":4,""7"":16,""8"":32,""9"":12}",64,"{""count"":64,""unique_topologies"":64,""topology_entropy_bits"":6.0,""effective_topology_count"":64.0,""triangle_like_count"":0,""triangle_like_fraction"":0.0,""mean_nodes"":8.921875,""mean_muscles"":16.421875,""node_counts"":{""10"":11,""11"":9,""12"":3,""5"":2,""6"":2,""7"":5,""8"":19,""9"":13},""muscle_counts"":{""10"":4,""11"":6,""12"":5,""13"":2,""14"":1,""15"":8,""16"":5,""18"":10,""19"":2,""20"":4,""21"":2,""22"":1,""23"":1,""24"":2,""25"":2,""30"":2,""31"":2,""6"":1,""8"":2,""9"":2}}",183,5.735421754898454,114,0.114,"{""10"":53,""11"":15,""12"":19,""13"":6,""14"":1,""3"":114,""4"":117,""5"":297,""6"":155,""7"":97,""8"":55,""9"":71}","{""10"":44,""11"":43,""12"":24,""13"":5,""14"":12,""15"":35,""16"":8,""17"":69,""18"":17,""19"":20,""20"":4,""21"":3,""22"":4,""23"":1,""24"":4,""25"":3,""27"":4,""29"":1,""3"":114,""30"":2,""31"":7,""32"":10,""33"":4,""34"":1,""35"":1,""36"":1,""37"":1,""4"":59,""5"":83,""6"":84,""7"":84,""8"":183,""9"":65}","{""Diagonal CMA-ES"":{""attempts"":314,""discoveries"":0,""improvements"":1,""insertions"":1,""insertion_rate"":0.0031847133757961785},""Immigrant"":{""attempts"":158,""discoveries"":0,""improvements"":0,""insertions"":0,""insertion_rate"":0.0},""Morphology"":{""attempts"":289,""discoveries"":3,""improvements"":0,""insertions"":3,""insertion_rate"":0.010380622837370242},""Novelty"":{""attempts"":239,""discoveries"":0,""improvements"":2,""insertions"":2,""insertion_rate"":0.008368200836820083}}","{""Morphology"":189,""Novelty"":38}",3,0.9227467811158798,false,20000
40,102,103000,3.1983168220000007,0.035896208,0.033085917,0.001015124,0.001795167,3.436906552,66.00213,31.090359,5508.3359396755695,182,0.9479167,52,4.8796611625888655,26,0.14285714285714285,"{""10"":7,""11"":3,""12"":3,""13"":2,""3"":26,""4"":28,""5"":43,""6"":20,""7"":27,""8"":12,""9"":11}","{""10"":9,""11"":10,""12"":5,""14"":6,""15"":7,""17"":10,""18"":3,""19"":2,""21"":1,""23"":1,""27"":3,""3"":26,""31"":2,""32"":3,""35"":1,""36"":1,""4"":5,""5"":23,""6"":4,""7"":16,""8"":33,""9"":11}",64,"{""count"":64,""unique_topologies"":64,""topology_entropy_bits"":6.0,""effective_topology_count"":64.0,""triangle_like_count"":0,""triangle_like_fraction"":0.0,""mean_nodes"":8.984375,""mean_muscles"":16.703125,""node_counts"":{""10"":11,""11"":9,""12"":3,""13"":1,""5"":2,""6"":2,""7"":5,""8"":19,""9"":12},""muscle_counts"":{""10"":4,""11"":6,""12"":5,""13"":2,""14"":1,""15"":8,""16"":5,""18"":9,""19"":2,""20"":4,""21"":2,""22"":1,""23"":1,""24"":2,""25"":2,""30"":2,""31"":2,""36"":1,""6"":1,""8"":2,""9"":2}}",169,5.661833977497663,150,0.15,"{""10"":47,""11"":24,""12"":14,""13"":16,""14"":1,""3"":150,""4"":129,""5"":225,""6"":145,""7"":71,""8"":110,""9"":68}","{""10"":36,""11"":46,""12"":68,""13"":6,""14"":17,""15"":33,""16"":7,""17"":55,""18"":20,""19"":17,""20"":8,""21"":6,""22"":4,""23"":2,""24"":1,""25"":5,""27"":3,""28"":1,""3"":150,""31"":7,""32"":14,""33"":6,""36"":5,""4"":58,""40"":1,""42"":1,""5"":98,""6"":52,""7"":75,""8"":142,""9"":56}","{""Diagonal CMA-ES"":{""attempts"":298,""discoveries"":0,""improvements"":0,""insertions"":0,""insertion_rate"":0.0},""Immigrant"":{""attempts"":161,""discoveries"":0,""improvements"":0,""insertions"":0,""insertion_rate"":0.0},""Morphology"":{""attempts"":297,""discoveries"":1,""improvements"":5,""insertions"":6,""insertion_rate"":0.020202020202020204},""Novelty"":{""attempts"":244,""discoveries"":0,""improvements"":0,""insertions"":0,""insertion_rate"":0.0}}","{""Morphology"":197,""Novelty"":38}",2,0.9235668789808917,false,21000
40,103,104000,3.2344528610000007,0.036136038999999995,0.033455161,0.001182531,0.001498347,3.47614139,66.00213,31.090359,5515.459836274385,182,0.9479167,51,4.8289967615045875,27,0.14835164835164835,"{""10"":7,""11"":3,""12"":3,""13"":2,""3"":27,""4"":27,""5"":44,""6"":20,""7"":26,""8"":11,""9"":12}","{""10"":9,""11"":10,""12"":5,""14"":5,""15"":7,""17"":10,""18"":3,""19"":2,""21"":1,""23"":1,""27"":3,""3"":27,""31"":2,""32"":3,""35"":1,""36"":1,""4"":5,""5"":22,""6"":4,""7"":16,""8"":34,""9"":11}",64,"{""count"":64,""unique_topologies"":64,""topology_entropy_bits"":6.0,""effective_topology_count"":64.0,""triangle_like_count"":0,""triangle_like_fraction"":0.0,""mean_nodes"":8.921875,""mean_muscles"":16.40625,""node_counts"":{""10"":10,""11"":10,""12"":3,""5"":2,""6"":2,""7"":5,""8"":20,""9"":12},""muscle_counts"":{""10"":4,""11"":6,""12"":5,""13"":2,""14"":1,""15"":8,""16"":5,""17"":1,""18"":9,""19"":2,""20"":4,""21"":2,""22"":1,""23"":1,""24"":2,""25"":2,""30"":2,""31"":2,""6"":1,""8"":2,""9"":2}}",189,5.963448256343773,115,0.115,"{""10"":67,""11"":25,""12"":19,""13"":10,""14"":5,""3"":115,""4"":133,""5"":206,""6"":126,""7"":134,""8"":85,""9"":75}","{""10"":43,""11"":49,""12"":37,""13"":6,""14"":13,""15"":38,""16"":14,""17"":69,""18"":23,""19"":19,""20"":13,""21"":10,""22"":5,""23"":2,""24"":3,""25"":3,""26"":1,""27"":3,""28"":1,""3"":115,""31"":5,""32"":18,""33"":3,""36"":6,""37"":4,""4"":60,""46"":1,""5"":91,""6"":36,""7"":74,""8"":130,""9"":105}","{""Diagonal CMA-ES"":{""attempts"":267,""discoveries"":0,""improvements"":0,""insertions"":0,""insertion_rate"":0.0},""Immigrant"":{""attempts"":162,""discoveries"":0,""improvements"":0,""insertions"":0,""insertion_rate"":0.0},""Morphology"":{""attempts"":308,""discoveries"":2,""improvements"":4,""insertions"":6,""insertion_rate"":0.01948051948051948},""Novelty"":{""attempts"":263,""discoveries"":0,""improvements"":0,""insertions"":0,""insertion_rate"":0.0}}","{""Morphology"":208,""Novelty"":28}",1,0.9235668789808917,false,22000
40,104,105000,3.272335386000001,0.037882525,0.035233705,0.001066177,0.001582643,3.517022984,66.00213,31.090359,5515.459836274385,182,0.9479167,51,4.828996761504588,27,0.14835164835164835,"{""10"":7,""11"":3,""12"":3,""13"":2,""3"":27,""4"":27,""5"":44,""6"":20,""7"":26,""8"":11,""9"":12}","{""10"":9,""11"":10,""12"":5,""14"":5,""15"":7,""17"":10,""18"":3,""19"":2,""21"":1,""23"":1,""27"":3,""3"":27,""31"":2,""32"":3,""35"":1,""36"":1,""4"":5,""5"":22,""6"":4,""7"":16,""8"":34,""9"":11}",64,"{""count"":64,""unique_topologies"":64,""topology_entropy_bits"":6.0,""effective_topology_count"":64.0,""triangle_like_count"":0,""triangle_like_fraction"":0.0,""mean_nodes"":8.921875,""mean_muscles"":16.421875,""node_counts"":{""10"":10,""11"":10,""12"":3,""5"":2,""6"":2,""7"":5,""8"":20,""9"":12},""muscle_counts"":{""10"":4,""11"":6,""12"":4,""13"":3,""14"":1,""15"":8,""16"":5,""17"":1,""18"":9,""19"":2,""20"":4,""21"":2,""22"":1,""23"":1,""24"":2,""25"":2,""30"":2,""31"":2,""6"":1,""8"":2,""9"":2}}",185,5.851872092426496,113,0.113,"{""10"":59,""11"":24,""12"":17,""13"":9,""14"":1,""3"":113,""4"":129,""5"":233,""6"":124,""7"":129,""8"":82,""9"":80}","{""10"":41,""11"":43,""12"":19,""13"":7,""14"":17,""15"":46,""16"":9,""17"":66,""18"":28,""19"":22,""20"":22,""21"":5,""22"":6,""23"":1,""24"":1,""26"":1,""27"":3,""28"":2,""3"":113,""31"":5,""32"":10,""33"":3,""34"":3,""36"":1,""37"":1,""4"":53,""42"":1,""5"":105,""6"":29,""7"":81,""8"":157,""9"":99}","{""Diagonal CMA-ES"":{""attempts"":341,""discoveries"":0,""improvements"":0,""insertions"":0,""insertion_rate"":0.0},""Immigrant"":{""attempts"":137,""discoveries"":0,""improvements"":0,""insertions"":0,""insertion_rate"":0.0},""Morphology"":{""attempts"":304,""discoveries"":1,""improvements"":1,""insertions"":2,""insertion_rate"":0.006578947368421052},""Novelty"":{""attempts"":218,""discoveries"":0,""improvements"":0,""insertions"":0,""insertion_rate"":0.0}}","{""Morphology"":204,""Novelty"":29}",1,0.919831223628692,false,23000
40,105,106000,3.305369063000001,0.033033677000000004,0.030543952,0.000986629,0.001503096,3.552533326,66.00213,31.090359,5519.6026346981525,182,0.9479167,50,4.798382576204006,27,0.14835164835164835,"{""10"":7,""11"":3,""12"":3,""13"":2,""3"":27,""4"":27,""5"":45,""6"":20,""7"":25,""8"":11,""9"":12}","{""10"":8,""11"":10,""12"":5,""14"":5,""15"":7,""17"":10,""18"":3,""19"":2,""21"":1,""23"":1,""27"":3,""3"":27,""31"":2,""32"":3,""35"":1,""36"":1,""4"":5,""5"":22,""6"":4,""7"":18,""8"":33,""9"":11}",64,"{""count"":64,""unique_topologies"":64,""topology_entropy_bits"":6.0,""effective_topology_count"":64.0,""triangle_like_count"":0,""triangle_like_fraction"":0.0,""mean_nodes"":9.015625,""mean_muscles"":16.59375,""node_counts"":{""10"":10,""11"":10,""12"":4,""5"":2,""6"":1,""7"":5,""8"":20,""9"":12},""muscle_counts"":{""10"":4,""11"":6,""12"":4,""13"":3,""14"":1,""15"":8,""16"":5,""17"":1,""18"":9,""19"":3,""20"":4,""21"":2,""22"":1,""23"":1,""24"":2,""25"":2,""30"":2,""31"":2,""6"":1,""8"":1,""9"":2}}",179,5.772255708717927,127,0.127,"{""10"":58,""11"":20,""12"":19,""13"":7,""3"":127,""4"":155,""5"":231,""6"":130,""7"":121,""8"":59,""9"":73}","{""10"":38,""11"":51,""12"":22,""13"":4,""14"":20,""15"":36,""16"":10,""17"":69,""18"":14,""19"":16,""20"":12,""21"":3,""22"":6,""23"":2,""24"":1,""27"":5,""29"":2,""3"":127,""31"":7,""32"":15,""33"":5,""36"":1,""39"":1,""4"":68,""5"":118,""6"":26,""7"":87,""8"":138,""9"":96}","{""Diagonal CMA-ES"":{""attempts"":304,""discoveries"":0,""improvements"":0,""insertions"":0,""insertion_rate"":0.0},""Immigrant"":{""attempts"":154,""discoveries"":0,""improvements"":0,""insertions"":0,""insertion_rate"":0.0},""Morphology"":{""attempts"":283,""discoveries"":1,""improvements"":3,""insertions"":4,""insertion_rate"":0.014134275618374558},""Novelty"":{""attempts"":259,""discoveries"":0,""improvements"":0,""insertions"":0,""insertion_rate"":0.0}}","{""Morphology"":203,""Novelty"":32}",1,0.9180672268907563,false,24000
40,106,107000,3.339548464000001,0.034179401,0.030860955,0.001075675,0.002242771,3.589361548,66.00213,31.090359,5525.540216714144,182,0.9479167,50,4.787750332062637,27,0.14835164835164835,"{""10"":8,""11"":3,""12"":3,""13"":1,""3"":27,""4"":26,""5"":45,""6"":20,""7"":25,""8"":11,""9"":13}","{""10"":8,""11"":10,""12"":5,""14"":5,""15"":7,""17"":11,""18"":3,""19"":2,""21"":1,""23"":1,""25"":1,""27"":3,""3"":27,""31"":2,""32"":2,""35"":1,""36"":1,""4"":4,""5"":22,""6"":4,""7"":18,""8"":33,""9"":11}",64,"{""count"":64,""unique_topologies"":64,""topology_entropy_bits"":6.0,""effective_topology_count"":64.0,""triangle_like_count"":0,""triangle_like_fraction"":0.0,""mean_nodes"":9.046875,""mean_muscles"":16.78125,""node_counts"":{""10"":8,""11"":10,""12"":4,""13"":1,""5"":2,""6"":1,""7"":5,""8"":20,""9"":13},""muscle_counts"":{""10"":4,""11"":6,""12"":4,""13"":3,""14"":1,""15"":8,""16"":6,""17"":1,""18"":7,""19"":3,""20"":4,""21"":2,""22"":1,""23"":1,""24"":2,""25"":2,""30"":2,""31"":2,""32"":1,""6"":1,""8"":1,""9"":2}}",189,5.88797509334153,121,0.121,"{""10"":50,""11"":24,""12"":23,""13"":14,""3"":121,""4"":142,""5"":222,""6"":147,""7"":115,""8"":70,""9"":72}","{""10"":40,""11"":47,""12"":32,""13"":7,""14"":15,""15"":42,""16"":10,""17"":60,""18"":18,""19"":16,""20"":14,""21"":9,""22"":6,""23"":3,""24"":5,""25"":2,""26"":1,""27"":5,""28"":1,""3"":121,""31"":6,""32"":16,""33"":4,""35"":1,""36"":3,""4"":71,""5"":90,""6"":34,""7"":76,""8"":162,""9"":83}","{""Diagonal CMA-ES"":{""attempts"":301,""discoveries"":0,""improvements"":0,""insertions"":0,""insertion_rate"":0.0},""Immigrant"":{""attempts"":180,""discoveries"":0,""improvements"":0,""insertions"":0,""insertion_rate"":0.0},""Morphology"":{""attempts"":291,""discoveries"":3,""improvements"":3,""insertions"":6,""insertion_rate"":0.020618556701030927},""Novelty"":{""attempts"":228,""discoveries"":0,""improvements"":0,""insertions"":0,""insertion_rate"":0.0}}","{""Morphology"":192,""Novelty"":25}",3,0.9182389937106918,false,25000
40,107,108000,3.374065054000001,0.03451659,0.031868956,0.00101275,0.001634884,3.626465219,66.00213,31.090359,5530.320387154818,182,0.9479167,50,4.801321424807342,27,0.14835164835164835,"{""10"":8,""11"":3,""12"":3,""13"":1,""3"":27,""4"":25,""5"":45,""6"":22,""7"":24,""8"":11,""9"":13}","{""10"":7,""11"":10,""12"":5,""14"":5,""15"":7,""17"":11,""18"":3,""19"":2,""21"":1,""23"":1,""25"":1,""27"":3,""3"":27,""31"":2,""32"":2,""35"":1,""36"":1,""4"":4,""5"":21,""6"":4,""7"":18,""8"":34,""9"":12}",64,"{""count"":64,""unique_topologies"":64,""topology_entropy_bits"":6.0,""effective_topology_count"":64.0,""triangle_like_count"":0,""triangle_like_fraction"":0.0,""mean_nodes"":9.015625,""mean_muscles"":16.71875,""node_counts"":{""10"":8,""11"":9,""12"":5,""13"":1,""5"":3,""6"":1,""7"":5,""8"":19,""9"":13},""muscle_counts"":{""10"":4,""11"":6,""12"":3,""13"":3,""14"":1,""15"":8,""16"":6,""17"":1,""18"":7,""19"":3,""20"":4,""21"":2,""22"":1,""23"":1,""24"":2,""25"":1,""26"":1,""30"":2,""31"":2,""32"":1,""6"":1,""7"":1,""8"":1,""9"":2}}",183,5.912740650904718,152,0.152,"{""10"":53,""11"":27,""12"":17,""13"":6,""14"":5,""3"":152,""4"":150,""5"":203,""6"":113,""7"":119,""8"":71,""9"":84}","{""10"":60,""11"":51,""12"":29,""13"":6,""14"":22,""15"":34,""16"":10,""17"":67,""18"":24,""19"":11,""20"":12,""21"":3,""22"":1,""24"":4,""25"":8,""26"":6,""27"":8,""3"":152,""30"":1,""31"":16,""32"":13,""33"":3,""36"":1,""37"":1,""38"":2,""4"":54,""5"":121,""6"":66,""7"":52,""8"":102,""9"":60}","{""Diagonal CMA-ES"":{""attempts"":300,""discoveries"":0,""improvements"":0,""insertions"":0,""insertion_rate"":0.0},""Immigrant"":{""attempts"":132,""discoveries"":0,""improvements"":0,""insertions"":0,""insertion_rate"":0.0},""Morphology"":{""attempts"":320,""discoveries"":2,""improvements"":2,""insertions"":4,""insertion_rate"":0.0125},""Novelty"":{""attempts"":248,""discoveries"":0,""improvements"":0,""insertions"":0,""insertion_rate"":0.0}}","{""Morphology"":196,""Novelty"":33}",2,0.9184100418410042,false,26000
40,108,109000,3.4063934870000008,0.032328433000000004,0.029807839,0.000990191,0.001530403,3.66114684,66.00213,31.090359,5540.771987736225,182,0.9479167,50,4.813407858544811,27,0.14835164835164835,"{""10"":8,""11"":3,""12"":3,""13"":1,""3"":27,""4"":25,""5"":45,""6"":22,""7"":25,""8"":12,""9"":11}","{""10"":8,""11"":10,""12"":6,""14"":5,""15"":7,""17"":10,""18"":2,""19"":2,""21"":1,""23"":1,""25"":1,""27"":3,""3"":27,""31"":2,""32"":2,""35"":1,""36"":1,""4"":4,""5"":21,""6"":4,""7"":18,""8"":34,""9"":12}",64,"{""count"":64,""unique_topologies"":64,""topology_entropy_bits"":6.0,""effective_topology_count"":64.0,""triangle_like_count"":0,""triangle_like_fraction"":0.0,""mean_nodes"":9.0625,""mean_muscles"":16.859375,""node_counts"":{""10"":10,""11"":9,""12"":4,""13"":1,""5"":2,""6"":1,""7"":5,""8"":19,""9"":13},""muscle_counts"":{""10"":4,""11"":7,""12"":2,""13"":3,""14"":1,""15"":8,""16"":6,""17"":1,""18"":7,""19"":4,""20"":4,""21"":2,""22"":1,""23"":1,""24"":3,""25"":1,""30"":2,""31"":2,""32"":1,""6"":1,""8"":1,""9"":2}}",169,5.840232763543267,153,0.153,"{""10"":120,""11"":31,""12"":17,""13"":11,""3"":153,""4"":146,""5"":214,""6"":136,""7"":98,""8"":45,""9"":29}","{""10"":31,""11"":52,""12"":29,""13"":3,""14"":21,""15"":19,""16"":5,""17"":24,""18"":22,""19"":79,""20"":13,""21"":4,""22"":4,""23"":1,""24"":5,""25"":6,""26"":8,""27"":7,""28"":1,""3"":153,""30"":1,""31"":12,""32"":9,""33"":2,""34"":2,""36"":4,""4"":58,""40"":1,""5"":108,""6"":89,""7"":49,""8"":102,""9"":76}","{""Diagonal CMA-ES"":{""attempts"":304,""discoveries"":0,""improvements"":1,""insertions"":1,""insertion_rate"":0.003289473684210526},""Immigrant"":{""attempts"":154,""discoveries"":0,""improvements"":0,""insertions"":0,""insertion_rate"":0.0},""Morphology"":{""attempts"":297,""discoveries"":2,""improvements"":3,""insertions"":5,""insertion_rate"":0.016835016835016835},""Novelty"":{""attempts"":245,""discoveries"":1,""improvements"":0,""insertions"":1,""insertion_rate"":0.004081632653061225}}","{""Morphology"":185,""Novelty"":23}",3,0.918580375782881,false,27000
40,109,110000,3.443263264000001,0.036869777,0.034347995,0.000998502,0.00152328,3.70074261,66.00213,31.090359,5546.809066593647,182,0.9479167,50,4.794795270049156,27,0.14835164835164835,"{""10"":8,""11"":3,""12"":3,""13"":1,""3"":27,""4"":25,""5"":47,""6"":21,""7"":25,""8"":11,""9"":11}","{""10"":8,""11"":9,""12"":6,""14"":5,""15"":6,""17"":10,""18"":2,""19"":2,""21"":1,""23"":1,""25"":1,""27"":3,""3"":27,""31"":2,""32"":2,""35"":1,""36"":1,""4"":4,""5"":21,""6"":4,""7"":19,""8"":35,""9"":12}",64,"{""count"":64,""unique_topologies"":64,""topology_entropy_bits"":6.0,""effective_topology_count"":64.0,""triangle_like_count"":0,""triangle_like_fraction"":0.0,""mean_nodes"":9.0,""mean_muscles"":16.765625,""node_counts"":{""10"":10,""11"":9,""12"":4,""13"":1,""4"":1,""5"":2,""6"":1,""7"":5,""8"":18,""9"":13},""muscle_counts"":{""10"":4,""11"":6,""12"":2,""13"":3,""14"":1,""15"":8,""16"":6,""17"":1,""18"":7,""19"":4,""20"":4,""21"":2,""22"":1,""23"":1,""24"":3,""25"":1,""30"":2,""31"":2,""32"":1,""5"":1,""6"":1,""8"":1,""9"":2}}",167,5.626491089396954,105,0.105,"{""10"":75,""11"":28,""12"":21,""13"":5,""14"":1,""3"":105,""4"":121,""5"":264,""6"":187,""7"":69,""8"":64,""9"":60}","{""10"":29,""11"":100,""12"":28,""13"":2,""14"":11,""15"":25,""16"":6,""17"":54,""18"":15,""19"":24,""20"":12,""21"":2,""22"":2,""23"":1,""24"":5,""25"":2,""26"":2,""27"":21,""28"":5,""3"":105,""30"":2,""31"":2,""32"":21,""33"":3,""34"":1,""37"":1,""39"":1,""4"":52,""42"":2,""5"":91,""6"":27,""7"":97,""8"":167,""9"":82}","{""Diagonal CMA-ES"":{""attempts"":308,""discoveries"":0,""improvements"":0,""insertions"":0,""insertion_rate"":0.0},""Immigrant"":{""attempts"":136,""discoveries"":0,""improvements"":0,""insertions"":0,""insertion_rate"":0.0},""Morphology"":{""attempts"":304,""discoveries"":1,""improvements"":1,""insertions"":2,""insertion_rate"":0.006578947368421052},""Novelty"":{""attempts"":252,""discoveries"":0,""improvements"":1,""insertions"":1,""insertion_rate"":0.003968253968253968}}","{""Morphology"":208,""Novelty"":31}",1,0.91701244813278,false,28000
40,110,111000,3.476179400000001,0.032916136000000006,0.030313619,0.001043619,0.001558898,3.736199524,66.00213,31.090359,5560.161075413227,182,0.9479167,50,4.801636547509798,27,0.14835164835164835,"{""10"":9,""11"":3,""12"":3,""13"":1,""3"":27,""4"":25,""5"":47,""6"":21,""7"":24,""8"":11,""9"":11}","{""10"":8,""11"":9,""12"":6,""14"":4,""15"":6,""17"":10,""18"":2,""19"":2,""21"":2,""23"":1,""25"":1,""27"":3,""3"":27,""31"":2,""32"":2,""35"":1,""36"":1,""4"":4,""5"":21,""6"":4,""7"":19,""8"":35,""9"":12}",64,"{""count"":64,""unique_topologies"":64,""topology_entropy_bits"":6.0,""effective_topology_count"":64.0,""triangle_like_count"":0,""triangle_like_fraction"":0.0,""mean_nodes"":9.015625,""mean_muscles"":16.703125,""node_counts"":{""10"":9,""11"":9,""12"":4,""13"":1,""5"":2,""6"":2,""7"":5,""8"":18,""9"":14},""muscle_counts"":{""10"":5,""11"":5,""12"":2,""13"":3,""14"":1,""15"":8,""16"":6,""17"":1,""18"":8,""19"":4,""20"":4,""21"":2,""22"":1,""23"":1,""24"":2,""25"":1,""30"":2,""31"":2,""32"":1,""6"":1,""8"":2,""9"":2}}",193,5.9137959937590105,139,0.139,"{""10"":61,""11"":28,""12"":14,""13"":13,""14"":1,""3"":139,""4"":128,""5"":228,""6"":151,""7"":106,""8"":66,""9"":65}","{""10"":34,""11"":50,""12"":39,""13"":6,""14"":25,""15"":27,""16"":6,""17"":60,""18"":25,""19"":22,""20"":6,""21"":3,""22"":7,""23"":3,""25"":4,""27"":8,""3"":139,""31"":11,""32"":12,""33"":6,""34"":1,""36"":5,""4"":59,""40"":1,""5"":89,""6"":45,""7"":83,""8"":133,""9"":91}","{""Diagonal CMA-ES"":{""attempts"":285,""discoveries"":0,""improvements"":0,""insertions"":0,""insertion_rate"":0.0},""Immigrant"":{""attempts"":148,""discoveries"":0,""improvements"":0,""insertions"":0,""insertion_rate"":0.0},""Morphology"":{""attempts"":331,""discoveries"":3,""improvements"":3,""insertions"":6,""insertion_rate"":0.01812688821752266},""Novelty"":{""attempts"":236,""discoveries"":0,""improvements"":0,""insertions"":0,""insertion_rate"":0.0}}","{""Morphology"":233,""Novelty"":25}",3,0.9132231404958677,false,29000
40,111,112000,3.5121076650000007,0.035928264999999994,0.032779599,0.001651506,0.00149716,3.775155351,66.00213,31.369774,5609.066732019186,182,0.9479167,51,4.820760580206789,26,0.14285714285714285,"{""10"":9,""11"":4,""12"":3,""13"":1,""3"":26,""4"":25,""5"":47,""6"":21,""7"":24,""8"":11,""9"":11}","{""10"":8,""11"":9,""12"":6,""14"":4,""15"":6,""17"":11,""18"":1,""19"":2,""20"":1,""21"":2,""23"":1,""25"":1,""27"":3,""3"":26,""31"":2,""32"":2,""35"":1,""36"":1,""4"":4,""5"":21,""6"":4,""7"":19,""8"":35,""9"":12}",64,"{""count"":64,""unique_topologies"":64,""topology_entropy_bits"":6.0,""effective_topology_count"":64.0,""triangle_like_count"":0,""triangle_like_fraction"":0.0,""mean_nodes"":9.03125,""mean_muscles"":16.6875,""node_counts"":{""10"":9,""11"":9,""12"":4,""13"":1,""5"":2,""6"":2,""7"":5,""8"":17,""9"":15},""muscle_counts"":{""10"":4,""11"":6,""12"":2,""13"":3,""14"":1,""15"":8,""16"":6,""17"":1,""18"":9,""19"":4,""20"":3,""21"":2,""22"":1,""23"":1,""24"":2,""25"":1,""30"":2,""31"":2,""32"":1,""6"":1,""8"":2,""9"":2}}",180,5.864926037432316,122,0.122,"{""10"":105,""11"":27,""12"":14,""13"":9,""3"":122,""4"":119,""5"":243,""6"":160,""7"":82,""8"":62,""9"":57}","{""10"":26,""11"":56,""12"":44,""13"":4,""14"":13,""15"":21,""16"":7,""17"":54,""18"":15,""19"":19,""20"":11,""21"":11,""22"":5,""23"":2,""24"":2,""25"":3,""27"":47,""28"":2,""3"":122,""31"":4,""32"":14,""33"":3,""34"":2,""36"":4,""4"":41,""40"":2,""5"":95,""6"":41,""7"":86,""8"":162,""9"":82}","{""Diagonal CMA-ES"":{""attempts"":292,""discoveries"":0,""improvements"":0,""insertions"":0,""insertion_rate"":0.0},""Immigrant"":{""attempts"":145,""discoveries"":0,""improvements"":0,""insertions"":0,""insertion_rate"":0.0},""Morphology"":{""attempts"":312,""discoveries"":2,""improvements"":5,""insertions"":7,""insertion_rate"":0.022435897435897436},""Novelty"":{""attempts"":251,""discoveries"":0,""improvements"":1,""insertions"":1,""insertion_rate"":0.00398406374501992}}","{""Morphology"":208,""Novelty"":24}",2,0.9096509240246407,false,30000
40,112,113000,3.5455675740000006,0.033459908999999996,0.030794468,0.000997314,0.001668127,3.811306824,66.00213,31.369774,5609.066732019186,182,0.9479167,51,4.820760580206789,26,0.14285714285714285,"{""10"":9,""11"":4,""12"":3,""13"":1,""3"":26,""4"":25,""5"":47,""6"":21,""7"":24,""8"":11,""9"":11}","{""10"":8,""11"":9,""12"":6,""14"":4,""15"":6,""17"":11,""18"":1,""19"":2,""20"":1,""21"":2,""23"":1,""25"":1,""27"":3,""3"":26,""31"":2,""32"":2,""35"":1,""36"":1,""4"":4,""5"":21,""6"":4,""7"":19,""8"":35,""9"":12}",64,"{""count"":64,""unique_topologies"":64,""topology_entropy_bits"":6.0,""effective_topology_count"":64.0,""triangle_like_count"":0,""triangle_like_fraction"":0.0,""mean_nodes"":9.109375,""mean_muscles"":16.921875,""node_counts"":{""10"":9,""11"":9,""12"":5,""13"":1,""5"":2,""6"":1,""7"":5,""8"":18,""9"":14},""muscle_counts"":{""10"":4,""11"":6,""12"":2,""13"":3,""14"":1,""15"":8,""16"":6,""17"":1,""18"":8,""19"":4,""20"":4,""21"":3,""22"":1,""23"":1,""24"":2,""25"":1,""30"":2,""31"":2,""32"":1,""6"":1,""8"":1,""9"":2}}",178,5.8604347102740215,130,0.13,"{""10"":54,""11"":28,""12"":25,""13"":8,""3"":130,""4"":142,""5"":239,""6"":149,""7"":105,""8"":64,""9"":56}","{""10"":27,""11"":59,""12"":45,""13"":9,""14"":22,""15"":27,""16"":6,""17"":40,""18"":12,""19"":18,""20"":16,""21"":12,""22"":3,""23"":4,""24"":3,""25"":4,""27"":8,""28"":2,""3"":130,""31"":8,""32"":14,""33"":2,""35"":1,""36"":5,""4"":62,""5"":106,""6"":40,""7"":96,""8"":142,""9"":77}","{""Diagonal CMA-ES"":{""attempts"":294,""discoveries"":0,""improvements"":0,""insertions"":0,""insertion_rate"":0.0},""Immigrant"":{""attempts"":153,""discoveries"":0,""improvements"":0,""insertions"":0,""insertion_rate"":0.0},""Morphology"":{""attempts"":297,""discoveries"":3,""improvements"":2,""insertions"":5,""insertion_rate"":0.016835016835016835},""Novelty"":{""attempts"":256,""discoveries"":0,""improvements"":0,""insertions"":0,""insertion_rate"":0.0}}","{""Morphology"":204,""Novelty"":29}",2,0.9077868852459017,false,31000
40,113,114000,3.5783151170000007,0.032747543000000004,0.030070228,0.001041244,0.001636071,3.846805294,66.00213,31.369774,5616.203936189413,182,0.9479167,50,4.792887409271265,26,0.14285714285714285,"{""10"":9,""11"":4,""12"":3,""13"":1,""3"":26,""4"":25,""5"":47,""6"":21,""7"":25,""8"":10,""9"":11}","{""10"":8,""11"":9,""12"":6,""14"":5,""15"":5,""17"":11,""18"":1,""19"":2,""20"":1,""21"":2,""23"":1,""25"":1,""27"":3,""3"":26,""31"":2,""32"":2,""35"":1,""36"":1,""4"":4,""5"":21,""6"":4,""7"":20,""8"":34,""9"":12}",64,"{""count"":64,""unique_topologies"":64,""topology_entropy_bits"":6.0,""effective_topology_count"":64.0,""triangle_like_count"":0,""triangle_like_fraction"":0.0,""mean_nodes"":9.171875,""mean_muscles"":17.078125,""node_counts"":{""10"":9,""11"":9,""12"":6,""13"":1,""5"":2,""6"":1,""7"":5,""8"":17,""9"":14},""muscle_counts"":{""10"":4,""11"":5,""12"":2,""13"":3,""14"":1,""15"":8,""16"":6,""17"":1,""18"":8,""19"":4,""20"":4,""21"":4,""22"":1,""23"":1,""24"":2,""25"":1,""30"":2,""31"":2,""32"":1,""6"":1,""8"":1,""9"":2}}",167,5.771824365068907,143,0.143,"{""10"":67,""11"":23,""12"":19,""13"":15,""3"":143,""4"":128,""5"":241,""6"":140,""7"":103,""8"":68,""9"":53}","{""10"":31,""11"":42,""12"":47,""13"":6,""14"":16,""15"":32,""16"":3,""17"":57,""18"":12,""19"":17,""20"":16,""21"":7,""22"":10,""23"":3,""24"":6,""25"":5,""27"":11,""3"":143,""31"":6,""32"":12,""33"":7,""36"":1,""4"":57,""5"":97,""6"":44,""7"":94,""8"":131,""9"":87}","{""Diagonal CMA-ES"":{""attempts"":304,""discoveries"":0,""improvements"":0,""insertions"":0,""insertion_rate"":0.0},""Immigrant"":{""attempts"":152,""discoveries"":0,""improvements"":0,""insertions"":0,""insertion_rate"":0.0},""Morphology"":{""attempts"":308,""discoveries"":1,""improvements"":3,""insertions"":4,""insertion_rate"":0.012987012987012988},""Novelty"":{""attempts"":236,""discoveries"":0,""improvements"":1,""insertions"":1,""insertion_rate"":0.00423728813559322}}","{""Morphology"":200,""Novelty"":30}",1,0.9042769857433809,false,32000
40,114,115000,3.613707920000001,0.035392803,0.032533835,0.001043618,0.00181535,3.884509731,66.00213,31.369774,5624.7038379609585,182,0.9479167,52,4.823709609680257,26,0.14285714285714285,"{""10"":9,""11"":4,""12"":2,""13"":2,""3"":26,""4"":25,""5"":47,""6"":20,""7"":26,""8"":10,""9"":11}","{""10"":9,""11"":9,""12"":6,""14"":5,""15"":5,""17"":11,""18"":1,""19"":2,""20"":1,""21"":2,""23"":1,""25"":1,""27"":3,""3"":26,""31"":2,""32"":1,""33"":1,""35"":1,""36"":1,""4"":4,""5"":21,""6"":4,""7"":20,""8"":33,""9"":12}",64,"{""count"":64,""unique_topologies"":64,""topology_entropy_bits"":6.0,""effective_topology_count"":64.0,""triangle_like_count"":0,""triangle_like_fraction"":0.0,""mean_nodes"":9.015625,""mean_muscles"":16.796875,""node_counts"":{""10"":10,""11"":9,""12"":3,""13"":1,""5"":2,""6"":1,""7"":6,""8"":17,""9"":15},""muscle_counts"":{""10"":4,""11"":5,""12"":3,""13"":3,""14"":1,""15"":8,""16"":6,""17"":1,""18"":10,""19"":4,""20"":4,""21"":2,""22"":1,""23"":1,""24"":1,""25"":1,""30"":2,""31"":2,""32"":1,""6"":1,""8"":1,""9"":2}}",185,5.828073692401808,159,0.159,"{""10"":53,""11"":41,""12"":21,""13"":17,""14"":1,""3"":159,""4"":156,""5"":251,""6"":137,""7"":90,""8"":41,""9"":33}","{""10"":29,""11"":70,""12"":31,""13"":7,""14"":22,""15"":7,""16"":5,""17"":20,""18"":20,""19"":11,""20"":14,""21"":14,""22"":14,""24"":5,""25"":7,""26"":2,""27"":16,""28"":2,""3"":159,""31"":14,""32"":8,""33"":3,""36"":2,""37"":1,""4"":64,""40"":4,""5"":111,""6"":50,""7"":51,""8"":177,""9"":60}","{""Diagonal CMA-ES"":{""attempts"":288,""discoveries"":0,""improvements"":0,""insertions"":0,""insertion_rate"":0.0},""Immigrant"":{""attempts"":142,""discoveries"":0,""improvements"":0,""insertions"":0,""insertion_rate"":0.0},""Morphology"":{""attempts"":295,""discoveries"":3,""improvements"":4,""insertions"":7,""insertion_rate"":0.023728813559322035},""Novelty"":{""attempts"":275,""discoveries"":0,""improvements"":1,""insertions"":1,""insertion_rate"":0.0036363636363636364}}","{""Morphology"":204,""Novelty"":28}",3,0.9006085192697769,false,33000
40,115,116000,3.648797966000001,0.035090046,0.03212541,0.001140975,0.001823661,3.922608345,66.00213,31.369774,5626.208074182272,182,0.9479167,52,4.830024036733318,25,0.13736263736263737,"{""10"":9,""11"":4,""12"":2,""13"":2,""3"":25,""4"":26,""5"":47,""6"":20,""7"":25,""8"":11,""9"":11}","{""10"":9,""11"":9,""12"":6,""13"":1,""14"":5,""15"":5,""17"":11,""18"":1,""19"":2,""20"":1,""21"":2,""23"":1,""25"":1,""27"":3,""3"":25,""31"":2,""32"":1,""33"":1,""35"":1,""36"":1,""4"":4,""5"":22,""6"":4,""7"":20,""8"":33,""9"":11}",64,"{""count"":64,""unique_topologies"":64,""topology_entropy_bits"":6.0,""effective_topology_count"":64.0,""triangle_like_count"":0,""triangle_like_fraction"":0.0,""mean_nodes"":8.921875,""mean_muscles"":16.5625,""node_counts"":{""10"":10,""11"":9,""12"":3,""5"":2,""6"":1,""7"":6,""8"":19,""9"":14},""muscle_counts"":{""10"":4,""11"":5,""12"":4,""13"":3,""15"":8,""16"":6,""17"":1,""18"":10,""19"":5,""20"":4,""21"":2,""22"":1,""23"":1,""24"":1,""25"":1,""30"":2,""31"":2,""6"":1,""8"":1,""9"":2}}",187,5.971903604303408,154,0.154,"{""10"":52,""11"":38,""12"":8,""3"":154,""4"":165,""5"":217,""6"":133,""7"":137,""8"":56,""9"":40}","{""10"":63,""11"":53,""12"":45,""13"":10,""14"":19,""15"":20,""16"":6,""17"":23,""18"":22,""19"":20,""20"":13,""21"":8,""22"":3,""23"":1,""24"":1,""25"":7,""26"":3,""27"":8,""3"":154,""31"":12,""32"":6,""35"":1,""4"":66,""5"":120,""6"":52,""7"":63,""8"":129,""9"":72}","{""Diagonal CMA-ES"":{""attempts"":291,""discoveries"":0,""improvements"":0,""insertions"":0,""insertion_rate"":0.0},""Immigrant"":{""attempts"":163,""discoveries"":0,""improvements"":0,""insertions"":0,""insertion_rate"":0.0},""Morphology"":{""attempts"":308,""discoveries"":3,""improvements"":3,""insertions"":6,""insertion_rate"":0.01948051948051948},""Novelty"":{""attempts"":238,""discoveries"":0,""improvements"":0,""insertions"":0,""insertion_rate"":0.0}}","{""Morphology"":193,""Novelty"":39}",3,0.896969696969697,false,34000
40,116,117000,3.682396791000001,0.033598825,0.030976124,0.001036495,0.001586206,3.960032584,66.00213,31.565779,5682.931080788374,182,0.9479167,51,4.835578489425002,25,0.13736263736263737,"{""10"":10,""11"":4,""12"":2,""13"":2,""3"":25,""4"":26,""5"":47,""6"":20,""7"":24,""8"":13,""9"":9}","{""10"":8,""11"":11,""12"":6,""13"":1,""14"":5,""15"":5,""17"":10,""18"":1,""19"":2,""20"":1,""21"":2,""23"":1,""25"":1,""27"":3,""3"":25,""31"":2,""32"":1,""33"":1,""35"":1,""36"":1,""4"":4,""5"":22,""6"":4,""7"":19,""8"":35,""9"":10}",64,"{""count"":64,""unique_topologies"":64,""topology_entropy_bits"":6.0,""effective_topology_count"":64.0,""triangle_like_count"":0,""triangle_like_fraction"":0.0,""mean_nodes"":8.953125,""mean_muscles"":16.65625,""node_counts"":{""10"":10,""11"":10,""12"":3,""5"":2,""6"":1,""7"":7,""8"":17,""9"":14},""muscle_counts"":{""10"":5,""11"":4,""12"":4,""13"":3,""15"":7,""16"":6,""17"":1,""18"":10,""19"":5,""20"":4,""21"":2,""22"":2,""23"":1,""24"":1,""25"":1,""30"":2,""31"":2,""6"":1,""8"":1,""9"":2}}",173,5.8956598096314385,153,0.153,"{""10"":42,""11"":40,""12"":6,""13"":2,""14"":3,""3"":153,""4"":170,""5"":221,""6"":138,""7"":111,""8"":56,""9"":58}","{""10"":40,""11"":68,""12"":33,""13"":9,""14"":28,""15"":17,""16"":10,""17"":31,""18"":13,""19"":17,""20"":18,""21"":3,""22"":3,""23"":4,""24"":2,""25"":7,""26"":2,""27"":7,""3"":153,""31"":15,""32"":6,""33"":1,""34"":2,""36"":1,""37"":1,""4"":69,""5"":128,""6"":57,""7"":52,""8"":130,""9"":73}","{""Diagonal CMA-ES"":{""attempts"":307,""discoveries"":0,""improvements"":0,""insertions"":0,""insertion_rate"":0.0},""Immigrant"":{""attempts"":141,""discoveries"":0,""improvements"":0,""insertions"":0,""insertion_rate"":0.0},""Morphology"":{""attempts"":312,""discoveries"":2,""improvements"":6,""insertions"":8,""insertion_rate"":0.02564102564102564},""Novelty"":{""attempts"":240,""discoveries"":0,""improvements"":0,""insertions"":0,""insertion_rate"":0.0}}","{""Morphology"":212,""Novelty"":31}",1,0.8951612903225806,false,35000
40,117,118000,3.7187785990000006,0.036381808,0.033524026,0.001107732,0.00175005,3.999213997,66.00213,31.565779,5709.390318840742,182,0.9479167,52,4.847300577637044,24,0.13186813186813187,"{""10"":9,""11"":5,""12"":2,""13"":2,""3"":24,""4"":25,""5"":49,""6"":21,""7"":23,""8"":13,""9"":9}","{""10"":7,""11"":11,""12"":6,""13"":1,""14"":5,""15"":5,""17"":10,""18"":1,""19"":2,""20"":1,""21"":2,""23"":1,""25"":1,""27"":3,""3"":24,""31"":2,""32"":1,""33"":1,""35"":1,""36"":1,""4"":4,""5"":21,""6"":4,""7"":20,""8"":36,""9"":11}",64,"{""count"":64,""unique_topologies"":64,""topology_entropy_bits"":6.0,""effective_topology_count"":64.0,""triangle_like_count"":0,""triangle_like_fraction"":0.0,""mean_nodes"":8.859375,""mean_muscles"":16.4375,""node_counts"":{""10"":10,""11"":7,""12"":3,""5"":2,""6"":1,""7"":7,""8"":17,""9"":17},""muscle_counts"":{""10"":5,""11"":4,""12"":4,""13"":3,""14"":2,""15"":7,""16"":6,""17"":1,""18"":9,""19"":5,""20"":4,""21"":3,""22"":1,""24"":1,""25"":1,""30"":2,""31"":2,""6"":1,""8"":1,""9"":2}}",166,5.856864630402777,155,0.155,"{""10"":50,""11"":43,""12"":12,""13"":1,""14"":2,""3"":155,""4"":156,""5"":257,""6"":127,""7"":108,""8"":54,""9"":35}","{""10"":41,""11"":55,""12"":37,""13"":3,""14"":23,""15"":21,""16"":6,""17"":24,""18"":16,""19"":13,""20"":14,""21"":9,""22"":8,""23"":5,""24"":5,""25"":7,""26"":1,""27"":7,""29"":1,""3"":155,""31"":14,""32"":7,""33"":1,""34"":1,""4"":58,""41"":1,""5"":130,""6"":65,""7"":57,""8"":150,""9"":65}","{""Diagonal CMA-ES"":{""attempts"":310,""discoveries"":0,""improvements"":0,""insertions"":0,""insertion_rate"":0.0},""Immigrant"":{""attempts"":157,""discoveries"":0,""improvements"":0,""insertions"":0,""insertion_rate"":0.0},""Morphology"":{""attempts"":313,""discoveries"":3,""improvements"":6,""insertions"":9,""insertion_rate"":0.02875399361022364},""Novelty"":{""attempts"":220,""discoveries"":0,""improvements"":1,""insertions"":1,""insertion_rate"":0.004545454545454545}}","{""Morphology"":197,""Novelty"":23}",4,0.8957915831663327,false,36000
40,118,119000,3.7501275280000006,0.031348929,0.028899571,0.000948637,0.001500721,4.032677471,66.00213,31.565779,5713.163684338331,182,0.9479167,52,4.846776994719884,23,0.12637362637362637,"{""10"":9,""11"":5,""12"":2,""13"":2,""3"":23,""4"":25,""5"":49,""6"":22,""7"":23,""8"":13,""9"":9}","{""10"":7,""11"":12,""12"":6,""13"":1,""14"":5,""15"":5,""17"":10,""18"":1,""19"":2,""20"":1,""21"":2,""23"":1,""25"":1,""27"":3,""3"":23,""31"":2,""32"":1,""33"":1,""35"":1,""36"":1,""4"":4,""5"":21,""6"":4,""7"":20,""8"":36,""9"":11}",64,"{""count"":64,""unique_topologies"":64,""topology_entropy_bits"":6.0,""effective_topology_count"":64.0,""triangle_like_count"":0,""triangle_like_fraction"":0.0,""mean_nodes"":8.9375,""mean_muscles"":16.640625,""node_counts"":{""10"":10,""11"":7,""12"":3,""14"":1,""5"":2,""6"":1,""7"":7,""8"":17,""9"":16},""muscle_counts"":{""10"":5,""11"":4,""12"":4,""13"":3,""14"":2,""15"":7,""16"":6,""17"":1,""18"":9,""19"":5,""20"":4,""21"":2,""22"":1,""24"":1,""25"":1,""30"":2,""31"":2,""34"":1,""6"":1,""8"":1,""9"":2}}",175,5.218058897587661,100,0.1,"{""10"":49,""11"":28,""12"":5,""13"":1,""14"":1,""3"":100,""4"":262,""5"":301,""6"":108,""7"":73,""8"":37,""9"":35}","{""10"":16,""11"":40,""12"":17,""13"":9,""14"":42,""15"":17,""16"":10,""17"":16,""18"":17,""19"":10,""20"":10,""21"":7,""22"":11,""23"":1,""24"":2,""25"":5,""27"":6,""29"":1,""3"":100,""31"":3,""32"":4,""33"":1,""34"":1,""4"":53,""5"":232,""6"":37,""7"":197,""8"":74,""9"":61}","{""Diagonal CMA-ES"":{""attempts"":305,""discoveries"":0,""improvements"":1,""insertions"":1,""insertion_rate"":0.003278688524590164},""Immigrant"":{""attempts"":166,""discoveries"":0,""improvements"":0,""insertions"":0,""insertion_rate"":0.0},""Morphology"":{""attempts"":296,""discoveries"":1,""improvements"":2,""insertions"":3,""insertion_rate"":0.010135135135135136},""Novelty"":{""attempts"":233,""discoveries"":0,""improvements"":0,""insertions"":0,""insertion_rate"":0.0}}","{""Morphology"":199,""Novelty"":26}",1,0.896414342629482,false,37000
40,119,120000,3.7847046720000006,0.034577144,0.032197835,0.000962884,0.001416425,4.069603053,66.00213,31.565779,5728.616168946028,182,0.9479167,54,4.871767360026568,23,0.12637362637362637,"{""10"":8,""11"":5,""12"":2,""13"":2,""15"":1,""3"":23,""4"":23,""5"":48,""6"":24,""7"":23,""8"":14,""9"":9}","{""10"":8,""11"":12,""12"":7,""13"":1,""14"":5,""15"":5,""17"":10,""18"":1,""19"":2,""20"":1,""21"":2,""23"":1,""27"":3,""3"":23,""31"":2,""32"":1,""33"":1,""35"":2,""36"":1,""4"":3,""5"":20,""6"":4,""7"":20,""8"":36,""9"":11}",64,"{""count"":64,""unique_topologies"":64,""topology_entropy_bits"":6.0,""effective_topology_count"":64.0,""triangle_like_count"":0,""triangle_like_fraction"":0.0,""mean_nodes"":8.953125,""mean_muscles"":16.65625,""node_counts"":{""10"":10,""11"":7,""12"":3,""15"":1,""5"":2,""6"":1,""7"":7,""8"":17,""9"":16},""muscle_counts"":{""10"":5,""11"":4,""12"":4,""13"":3,""14"":2,""15"":7,""16"":6,""17"":1,""18"":9,""19"":5,""20"":4,""21"":2,""22"":1,""24"":1,""25"":1,""30"":2,""31"":2,""35"":1,""6"":1,""8"":1,""9"":2}}",191,5.801247019387766,108,0.108,"{""10"":57,""11"":30,""12"":6,""13"":8,""14"":5,""15"":9,""3"":108,""4"":156,""5"":299,""6"":141,""7"":78,""8"":55,""9"":48}","{""10"":21,""11"":44,""12"":33,""13"":10,""14"":13,""15"":27,""16"":10,""17"":39,""18"":15,""19"":30,""20"":9,""21"":7,""22"":6,""23"":1,""24"":2,""25"":4,""26"":1,""27"":2,""29"":1,""3"":108,""31"":5,""32"":2,""33"":5,""34"":4,""35"":5,""36"":6,""38"":2,""4"":43,""42"":2,""5"":134,""6"":42,""7"":95,""8"":201,""9"":71}","{""Diagonal CMA-ES"":{""attempts"":285,""discoveries"":0,""improvements"":0,""insertions"":0,""insertion_rate"":0.0},""Immigrant"":{""attempts"":151,""discoveries"":0,""improvements"":0,""insertions"":0,""insertion_rate"":0.0},""Morphology"":{""attempts"":313,""discoveries"":1,""improvements"":4,""insertions"":5,""insertion_rate"":0.01597444089456869},""Novelty"":{""attempts"":251,""discoveries"":0,""improvements"":1,""insertions"":1,""insertion_rate"":0.00398406374501992}}","{""Morphology"":214,""Novelty"":21}",4,0.8946322067594433,false,38000
40,120,121000,3.8199134480000008,0.035208776,0.032584887,0.000990192,0.001633697,4.107308677,66.00213,31.565779,5731.00712582469,182,0.9479167,53,4.850338049422775,23,0.12637362637362637,"{""10"":8,""11"":5,""12"":2,""13"":2,""15"":1,""3"":23,""4"":23,""5"":48,""6"":25,""7"":22,""8"":14,""9"":9}","{""10"":7,""11"":12,""12"":7,""13"":1,""14"":5,""15"":5,""17"":10,""18"":1,""19"":2,""20"":1,""21"":2,""23"":1,""27"":3,""3"":23,""31"":2,""32"":1,""33"":1,""35"":2,""36"":1,""4"":3,""5"":20,""6"":4,""7"":20,""8"":37,""9"":11}",64,"{""count"":64,""unique_topologies"":64,""topology_entropy_bits"":6.0,""effective_topology_count"":64.0,""triangle_like_count"":0,""triangle_like_fraction"":0.0,""mean_nodes"":8.875,""mean_muscles"":16.3125,""node_counts"":{""10"":10,""11"":8,""12"":3,""5"":2,""6"":1,""7"":8,""8"":16,""9"":16},""muscle_counts"":{""10"":6,""11"":4,""12"":4,""13"":3,""14"":2,""15"":6,""16"":6,""17"":1,""18"":10,""19"":5,""20"":4,""21"":2,""22"":1,""24"":1,""25"":1,""30"":2,""31"":2,""6"":1,""8"":1,""9"":2}}",189,5.695978285878194,96,0.096,"{""10"":54,""11"":39,""12"":2,""13"":10,""14"":7,""15"":6,""16"":7,""3"":96,""4"":108,""5"":290,""6"":202,""7"":72,""8"":58,""9"":49}","{""10"":37,""11"":56,""12"":35,""13"":10,""14"":12,""15"":16,""16"":5,""17"":54,""18"":13,""19"":15,""20"":10,""21"":10,""22"":13,""23"":3,""24"":4,""27"":1,""28"":2,""3"":96,""30"":1,""31"":5,""33"":9,""34"":3,""35"":6,""36"":3,""37"":3,""39"":1,""4"":50,""41"":2,""43"":3,""5"":78,""6"":52,""7"":150,""8"":178,""9"":64}","{""Diagonal CMA-ES"":{""attempts"":285,""discoveries"":0,""improvements"":0,""insertions"":0,""insertion_rate"":0.0},""Immigrant"":{""attempts"":157,""discoveries"":0,""improvements"":0,""insertions"":0,""insertion_rate"":0.0},""Morphology"":{""attempts"":306,""discoveries"":2,""improvements"":2,""insertions"":4,""insertion_rate"":0.013071895424836602},""Novelty"":{""attempts"":252,""discoveries"":0,""improvements"":0,""insertions"":0,""insertion_rate"":0.0}}","{""Morphology"":214,""Novelty"":27}",2,0.893491124260355,false,39000
40,121,122000,3.854849149000001,0.034935701,0.032292817,0.001042431,0.001600453,4.144602316,66.00213,31.565779,5740.667608231306,182,0.9479167,55,4.900775092703695,22,0.12087912087912088,"{""10"":8,""11"":5,""12"":2,""13"":2,""15"":1,""3"":22,""4"":23,""5"":48,""6"":26,""7"":21,""8"":13,""9"":11}","{""10"":7,""11"":11,""12"":7,""13"":1,""14"":5,""15"":5,""17"":10,""18"":2,""19"":2,""20"":1,""21"":2,""23"":1,""27"":3,""3"":22,""31"":2,""32"":1,""33"":1,""35"":2,""36"":1,""4"":3,""5"":20,""6"":4,""7"":20,""8"":38,""9"":11}",64,"{""count"":64,""unique_topologies"":64,""topology_entropy_bits"":6.0,""effective_topology_count"":64.0,""triangle_like_count"":0,""triangle_like_fraction"":0.0,""mean_nodes"":8.859375,""mean_muscles"":16.1875,""node_counts"":{""10"":11,""11"":7,""12"":3,""5"":2,""6"":1,""7"":8,""8"":16,""9"":16},""muscle_counts"":{""10"":6,""11"":4,""12"":5,""13"":4,""14"":2,""15"":5,""16"":6,""17"":1,""18"":9,""19"":5,""20"":4,""21"":2,""22"":1,""24"":1,""25"":1,""30"":2,""31"":2,""6"":1,""8"":1,""9"":2}}",172,5.660057186006799,138,0.138,"{""10"":67,""11"":36,""12"":10,""13"":8,""14"":7,""15"":2,""16"":1,""3"":138,""4"":126,""5"":261,""6"":146,""7"":82,""8"":56,""9"":60}","{""10"":27,""11"":56,""12"":39,""13"":6,""14"":18,""15"":19,""16"":9,""17"":67,""18"":23,""19"":22,""20"":14,""21"":13,""22"":3,""23"":1,""24"":6,""26"":1,""27"":3,""3"":138,""31"":6,""33"":8,""34"":6,""35"":2,""36"":1,""37"":1,""4"":57,""5"":92,""6"":35,""7"":123,""8"":141,""9"":63}","{""Diagonal CMA-ES"":{""attempts"":288,""discoveries"":0,""improvements"":0,""insertions"":0,""insertion_rate"":0.0},""Immigrant"":{""attempts"":162,""discoveries"":0,""improvements"":0,""insertions"":0,""insertion_rate"":0.0},""Morphology"":{""attempts"":294,""discoveries"":3,""improvements"":4,""insertions"":7,""insertion_rate"":0.023809523809523808},""Novelty"":{""attempts"":256,""discoveries"":0,""improvements"":0,""insertions"":0,""insertion_rate"":0.0}}","{""Morphology"":201,""Novelty"":25}",4,0.8917322834645669,false,40000
40,122,123000,3.891845968000001,0.036996819,0.034465539,0.001015124,0.001516156,4.184200463,66.00213,31.565779,5742.266328781843,182,0.9479167,55,4.900775092703696,22,0.12087912087912088,"{""10"":8,""11"":5,""12"":2,""13"":2,""15"":1,""3"":22,""4"":23,""5"":48,""6"":26,""7"":21,""8"":13,""9"":11}","{""10"":7,""11"":11,""12"":7,""13"":1,""14"":5,""15"":5,""17"":10,""18"":2,""19"":2,""20"":1,""21"":2,""23"":1,""27"":3,""3"":22,""31"":2,""32"":1,""33"":1,""35"":2,""36"":1,""4"":3,""5"":20,""6"":4,""7"":20,""8"":38,""9"":11}",64,"{""count"":64,""unique_topologies"":64,""topology_entropy_bits"":6.0,""effective_topology_count"":64.0,""triangle_like_count"":0,""triangle_like_fraction"":0.0,""mean_nodes"":8.828125,""mean_muscles"":16.03125,""node_counts"":{""10"":11,""11"":7,""12"":3,""5"":2,""6"":2,""7"":8,""8"":15,""9"":16},""muscle_counts"":{""10"":6,""11"":4,""12"":5,""13"":4,""14"":2,""15"":5,""16"":6,""17"":1,""18"":8,""19"":5,""20"":4,""21"":2,""22"":1,""24"":1,""25"":1,""30"":2,""31"":2,""6"":1,""8"":2,""9"":2}}",173,5.86286166042167,103,0.103,"{""10"":64,""11"":26,""12"":4,""13"":7,""14"":4,""15"":4,""3"":103,""4"":123,""5"":266,""6"":180,""7"":91,""8"":67,""9"":61}","{""10"":31,""11"":53,""12"":48,""13"":16,""14"":21,""15"":25,""16"":5,""17"":55,""18"":18,""19"":15,""20"":10,""21"":16,""22"":1,""23"":2,""24"":3,""25"":1,""27"":4,""3"":103,""31"":6,""33"":7,""34"":1,""35"":5,""37"":2,""4"":44,""45"":1,""5"":100,""6"":44,""7"":103,""8"":171,""9"":89}","{""Diagonal CMA-ES"":{""attempts"":285,""discoveries"":0,""improvements"":0,""insertions"":0,""insertion_rate"":0.0},""Immigrant"":{""attempts"":139,""discoveries"":0,""improvements"":0,""insertions"":0,""insertion_rate"":0.0},""Morphology"":{""attempts"":307,""discoveries"":2,""improvements"":1,""insertions"":3,""insertion_rate"":0.009771986970684038},""Novelty"":{""attempts"":269,""discoveries"":0,""improvements"":0,""insertions"":0,""insertion_rate"":0.0}}","{""Morphology"":218,""Novelty"":29}",2,0.890625,false,41000
40,123,124000,3.927739804000001,0.035893836,0.033221269,0.001098234,0.001574333,4.222679007,66.00213,31.565779,5750.910968750715,182,0.9479167,55,4.909531290744536,22,0.12087912087912088,"{""10"":9,""11"":5,""12"":2,""13"":2,""15"":1,""3"":22,""4"":23,""5"":48,""6"":26,""7"":21,""8"":13,""9"":10}","{""10"":7,""11"":11,""12"":7,""13"":1,""14"":5,""15"":5,""17"":10,""18"":2,""19"":2,""20"":1,""21"":2,""23"":1,""27"":3,""3"":22,""31"":2,""32"":1,""33"":1,""35"":2,""36"":1,""4"":3,""5"":20,""6"":4,""7"":20,""8"":38,""9"":11}",64,"{""count"":64,""unique_topologies"":64,""topology_entropy_bits"":6.0,""effective_topology_count"":64.0,""triangle_like_count"":0,""triangle_like_fraction"":0.0,""mean_nodes"":8.890625,""mean_muscles"":16.328125,""node_counts"":{""10"":11,""11"":7,""12"":3,""5"":2,""6"":1,""7"":7,""8"":16,""9"":17},""muscle_counts"":{""10"":6,""11"":4,""12"":5,""13"":4,""14"":2,""15"":5,""16"":6,""17"":2,""18"":8,""19"":6,""20"":4,""21"":2,""22"":1,""24"":1,""25"":1,""30"":2,""31"":2,""6"":1,""8"":1,""9"":1}}",180,5.768684280316802,140,0.14,"{""10"":52,""11"":33,""12"":2,""13"":15,""14"":6,""15"":3,""3"":140,""4"":122,""5"":239,""6"":164,""7"":103,""8"":63,""9"":58}","{""10"":28,""11"":62,""12"":46,""13"":14,""14"":23,""15"":29,""16"":7,""17"":46,""18"":13,""19"":13,""20"":16,""21"":12,""22"":4,""23"":3,""24"":2,""27"":4,""3"":140,""31"":5,""32"":1,""33"":14,""34"":1,""35"":6,""36"":1,""37"":1,""4"":48,""41"":1,""45"":1,""5"":99,""6"":31,""7"":103,""8"":134,""9"":92}","{""Diagonal CMA-ES"":{""attempts"":304,""discoveries"":0,""improvements"":0,""insertions"":0,""insertion_rate"":0.0},""Immigrant"":{""attempts"":148,""discoveries"":0,""improvements"":0,""insertions"":0,""insertion_rate"":0.0},""Morphology"":{""attempts"":307,""discoveries"":3,""improvements"":2,""insertions"":5,""insertion_rate"":0.016286644951140065},""Novelty"":{""attempts"":241,""discoveries"":0,""improvements"":0,""insertions"":0,""insertion_rate"":0.0}}","{""Morphology"":212,""Novelty"":26}",3,0.8891050583657587,false,42000
40,124,125000,3.9583763660000013,0.030636562000000003,0.02822401,0.000952198,0.001460354,4.25561058,66.00213,31.565779,5758.577915161848,182,0.9479167,54,4.890603579546426,22,0.12087912087912088,"{""10"":9,""11"":5,""12"":2,""13"":2,""15"":1,""3"":22,""4"":24,""5"":48,""6"":26,""7"":20,""8"":13,""9"":10}","{""10"":8,""11"":11,""12"":7,""13"":1,""14"":4,""15"":5,""17"":10,""18"":2,""19"":2,""20"":1,""21"":2,""23"":1,""27"":3,""3"":22,""31"":2,""32"":1,""33"":1,""35"":2,""36"":1,""4"":3,""5"":21,""6"":4,""7"":20,""8"":38,""9"":10}",64,"{""count"":64,""unique_topologies"":64,""topology_entropy_bits"":6.0,""effective_topology_count"":64.0,""triangle_like_count"":0,""triangle_like_fraction"":0.0,""mean_nodes"":8.921875,""mean_muscles"":16.5,""node_counts"":{""10"":11,""11"":8,""12"":3,""5"":2,""6"":1,""7"":7,""8"":16,""9"":16},""muscle_counts"":{""10"":6,""11"":4,""12"":4,""13"":3,""14"":2,""15"":6,""16"":7,""17"":1,""18"":8,""19"":6,""20"":4,""21"":2,""22"":2,""24"":1,""25"":1,""30"":2,""31"":2,""6"":1,""8"":1,""9"":1}}",167,5.78477796890211,132,0.132,"{""10"":45,""11"":36,""12"":1,""13"":1,""15"":6,""16"":1,""3"":132,""4"":154,""5"":243,""6"":173,""7"":103,""8"":56,""9"":49}","{""10"":41,""11"":62,""12"":32,""13"":15,""14"":34,""15"":23,""16"":6,""17"":25,""18"":17,""19"":10,""20"":15,""21"":3,""22"":6,""24"":7,""25"":2,""26"":1,""27"":6,""28"":1,""3"":132,""31"":13,""33"":1,""35"":6,""36"":1,""4"":53,""5"":124,""6"":45,""7"":110,""8"":126,""9"":83}","{""Diagonal CMA-ES"":{""attempts"":303,""discoveries"":0,""improvements"":1,""insertions"":1,""insertion_rate"":0.0033003300330033004},""Immigrant"":{""attempts"":152,""discoveries"":0,""improvements"":0,""insertions"":0,""insertion_rate"":0.0},""Morphology"":{""attempts"":280,""discoveries"":3,""improvements"":3,""insertions"":6,""insertion_rate"":0.02142857142857143},""Novelty"":{""attempts"":265,""discoveries"":0,""improvements"":0,""insertions"":0,""insertion_rate"":0.0}}","{""Morphology"":183,""Novelty"":34}",3,0.8841698841698842,false,43000
40,125,126000,3.9931054790000013,0.034729113,0.032172901,0.000970007,0.001586205,4.2925622820000005,66.00213,31.565779,5762.81433865428,182,0.9479167,54,4.852253877031404,23,0.12637362637362637,"{""10"":8,""11"":5,""12"":2,""13"":2,""15"":1,""3"":23,""4"":23,""5"":49,""6"":26,""7"":20,""8"":13,""9"":10}","{""10"":8,""11"":11,""12"":7,""13"":1,""14"":4,""15"":5,""17"":10,""18"":2,""19"":2,""20"":1,""21"":2,""23"":1,""27"":2,""3"":23,""31"":2,""32"":1,""33"":1,""35"":2,""36"":1,""4"":2,""5"":21,""6"":4,""7"":21,""8"":38,""9"":10}",64,"{""count"":64,""unique_topologies"":64,""topology_entropy_bits"":6.0,""effective_topology_count"":64.0,""triangle_like_count"":0,""triangle_like_fraction"":0.0,""mean_nodes"":8.921875,""mean_muscles"":16.578125,""node_counts"":{""10"":11,""11"":8,""12"":3,""5"":2,""6"":1,""7"":7,""8"":16,""9"":16},""muscle_counts"":{""10"":6,""11"":4,""12"":4,""13"":3,""14"":2,""15"":5,""16"":7,""17"":1,""18"":8,""19"":6,""20"":5,""21"":2,""22"":2,""24"":1,""25"":1,""30"":2,""31"":2,""6"":1,""8"":1,""9"":1}}",168,5.535153330777393,80,0.08,"{""10"":52,""11"":18,""12"":8,""13"":15,""14"":10,""3"":80,""4"":192,""5"":256,""6"":139,""7"":50,""8"":103,""9"":77}","{""10"":14,""11"":99,""12"":39,""13"":8,""14"":7,""15"":13,""16"":18,""17"":54,""18"":28,""19"":10,""20"":11,""21"":9,""22"":6,""23"":3,""24"":2,""25"":2,""28"":1,""29"":2,""3"":80,""31"":1,""32"":1,""33"":14,""34"":5,""35"":1,""36"":1,""37"":2,""4"":54,""41"":2,""5"":156,""6"":30,""7"":127,""8"":135,""9"":65}","{""Diagonal CMA-ES"":{""attempts"":286,""discoveries"":0,""improvements"":1,""insertions"":1,""insertion_rate"":0.0034965034965034965},""Immigrant"":{""attempts"":130,""discoveries"":0,""improvements"":0,""insertions"":0,""insertion_rate"":0.0},""Morphology"":{""attempts"":336,""discoveries"":1,""improvements"":3,""insertions"":4,""insertion_rate"":0.011904761904761904},""Novelty"":{""attempts"":248,""discoveries"":0,""improvements"":0,""insertions"":0,""insertion_rate"":0.0}}","{""Morphology"":219,""Novelty"":37}",1,0.8807692307692307,false,44000
40,126,127000,4.027258764000002,0.034153285000000005,0.031714612,0.00097357,0.001465103,4.329103185,66.00213,31.565779,5768.628967255354,182,0.9479167,53,4.837117132514022,23,0.12637362637362637,"{""10"":8,""11"":5,""12"":1,""13"":2,""15"":1,""3"":23,""4"":23,""5"":49,""6"":26,""7"":20,""8"":14,""9"":10}","{""10"":8,""11"":11,""12"":8,""13"":1,""14"":4,""15"":5,""17"":10,""18"":2,""19"":2,""20"":1,""21"":2,""23"":1,""27"":2,""3"":23,""31"":2,""32"":1,""33"":1,""35"":1,""36"":1,""4"":2,""5"":21,""6"":4,""7"":21,""8"":38,""9"":10}",64,"{""count"":64,""unique_topologies"":64,""topology_entropy_bits"":6.0,""effective_topology_count"":64.0,""triangle_like_count"":0,""triangle_like_fraction"":0.0,""mean_nodes"":8.953125,""mean_muscles"":16.6875,""node_counts"":{""10"":12,""11"":8,""12"":3,""5"":2,""6"":1,""7"":7,""8"":15,""9"":16},""muscle_counts"":{""10"":6,""11"":3,""12"":4,""13"":3,""14"":2,""15"":5,""16"":7,""17"":1,""18"":9,""19"":6,""20"":5,""21"":2,""22"":2,""24"":1,""25"":1,""30"":2,""31"":2,""6"":1,""8"":1,""9"":1}}",179,5.786228366152018,109,0.109,"{""10"":82,""11"":27,""12"":6,""13"":18,""14"":4,""15"":3,""3"":109,""4"":137,""5"":258,""6"":150,""7"":65,""8"":57,""9"":84}","{""10"":17,""11"":46,""12"":41,""13"":9,""14"":20,""15"":25,""16"":7,""17"":69,""18"":34,""19"":15,""20"":9,""21"":19,""22"":3,""23"":2,""24"":11,""25"":4,""27"":5,""3"":109,""31"":7,""32"":2,""33"":14,""34"":1,""35"":3,""36"":2,""37"":2,""4"":48,""41"":1,""43"":1,""5"":103,""6"":31,""7"":98,""8"":174,""9"":68}","{""Diagonal CMA-ES"":{""attempts"":320,""discoveries"":0,""improvements"":0,""insertions"":0,""insertion_rate"":0.0},""Immigrant"":{""attempts"":125,""discoveries"":0,""improvements"":0,""insertions"":0,""insertion_rate"":0.0},""Morphology"":{""attempts"":307,""discoveries"":1,""improvements"":3,""insertions"":4,""insertion_rate"":0.013029315960912053},""Novelty"":{""attempts"":248,""discoveries"":0,""improvements"":0,""insertions"":0,""insertion_rate"":0.0}}","{""Morphology"":189,""Novelty"":31}",1,0.8776290630975143,false,45000
40,127,128000,4.058472342000002,0.031213578000000002,0.028549324,0.001022247,0.001642007,4.36331702,66.00213,31.565779,5783.579098671675,182,0.9479167,52,4.7906054545098655,25,0.13736263736263737,"{""10"":7,""11"":5,""12"":1,""13"":2,""15"":1,""3"":25,""4"":22,""5"":48,""6"":26,""7"":19,""8"":15,""9"":11}","{""10"":8,""11"":12,""12"":7,""13"":1,""14"":4,""15"":5,""17"":10,""18"":2,""19"":2,""20"":2,""21"":2,""23"":1,""27"":1,""3"":25,""31"":2,""32"":1,""33"":1,""35"":1,""36"":1,""4"":2,""5"":20,""6"":3,""7"":21,""8"":38,""9"":10}",64,"{""count"":64,""unique_topologies"":64,""topology_entropy_bits"":6.0,""effective_topology_count"":64.0,""triangle_like_count"":0,""triangle_like_fraction"":0.0,""mean_nodes"":9.0,""mean_muscles"":16.796875,""node_counts"":{""10"":12,""11"":9,""12"":3,""5"":2,""6"":1,""7"":7,""8"":14,""9"":16},""muscle_counts"":{""10"":6,""11"":3,""12"":3,""13"":3,""14"":2,""15"":5,""16"":7,""17"":1,""18"":9,""19"":7,""20"":5,""21"":2,""22"":2,""24"":1,""25"":1,""30"":2,""31"":2,""6"":1,""8"":1,""9"":1}}",184,5.787865985058489,125,0.125,"{""10"":60,""11"":39,""12"":7,""13"":17,""14"":6,""15"":4,""3"":125,""4"":148,""5"":247,""6"":162,""7"":65,""8"":58,""9"":62}","{""10"":18,""11"":57,""12"":37,""13"":10,""14"":8,""15"":24,""16"":5,""17"":49,""18"":31,""19"":16,""20"":12,""21"":7,""22"":10,""23"":4,""24"":6,""25"":2,""26"":1,""27"":4,""3"":125,""30"":1,""31"":9,""32"":1,""33"":16,""34"":2,""35"":6,""36"":1,""37"":2,""4"":60,""5"":107,""6"":37,""7"":107,""8"":155,""9"":70}","{""Diagonal CMA-ES"":{""attempts"":280,""discoveries"":0,""improvements"":0,""insertions"":0,""insertion_rate"":0.0},""Immigrant"":{""attempts"":151,""discoveries"":0,""improvements"":0,""insertions"":0,""insertion_rate"":0.0},""Morphology"":{""attempts"":309,""discoveries"":1,""improvements"":5,""insertions"":6,""insertion_rate"":0.019417475728155338},""Novelty"":{""attempts"":260,""discoveries"":0,""improvements"":0,""insertions"":0,""insertion_rate"":0.0}}","{""Morphology"":187,""Novelty"":25}",1,0.876425855513308,false,46000
40,128,129000,4.094550206000002,0.036077863999999994,0.033145283,0.001208651,0.00172393,4.402529302,66.00213,31.565779,5792.322777718306,182,0.9479167,52,4.787911910577595,25,0.13736263736263737,"{""10"":7,""11"":5,""12"":1,""13"":2,""15"":1,""3"":25,""4"":22,""5"":48,""6"":26,""7"":18,""8"":16,""9"":11}","{""10"":8,""11"":12,""12"":8,""13"":1,""14"":3,""15"":5,""17"":10,""18"":2,""19"":2,""20"":2,""21"":2,""23"":1,""27"":1,""3"":25,""31"":2,""32"":1,""33"":1,""35"":1,""36"":1,""4"":2,""5"":20,""6"":3,""7"":21,""8"":38,""9"":10}",64,"{""count"":64,""unique_topologies"":64,""topology_entropy_bits"":6.0,""effective_topology_count"":64.0,""triangle_like_count"":0,""triangle_like_fraction"":0.0,""mean_nodes"":9.0,""mean_muscles"":16.796875,""node_counts"":{""10"":12,""11"":9,""12"":3,""5"":2,""6"":1,""7"":7,""8"":14,""9"":16},""muscle_counts"":{""10"":6,""11"":3,""12"":3,""13"":3,""14"":2,""15"":5,""16"":7,""17"":1,""18"":9,""19"":7,""20"":5,""21"":2,""22"":2,""24"":1,""25"":1,""30"":2,""31"":2,""6"":1,""8"":1,""9"":1}}",185,5.7228643937732295,122,0.122,"{""10"":39,""11"":23,""12"":35,""13"":15,""14"":11,""15"":2,""3"":122,""4"":139,""5"":274,""6"":141,""7"":62,""8"":64,""9"":73}","{""10"":22,""11"":53,""12"":42,""13"":9,""14"":12,""15"":22,""16"":9,""17"":56,""18"":23,""19"":15,""20"":11,""21"":7,""22"":6,""24"":3,""25"":1,""26"":1,""27"":2,""28"":1,""3"":122,""31"":3,""32"":24,""33"":13,""34"":2,""35"":3,""36"":1,""37"":6,""39"":1,""4"":41,""40"":2,""41"":1,""5"":130,""6"":26,""7"":113,""8"":151,""9"":66}","{""Diagonal CMA-ES"":{""attempts"":311,""discoveries"":0,""improvements"":0,""insertions"":0,""insertion_rate"":0.0},""Immigrant"":{""attempts"":157,""discoveries"":0,""improvements"":0,""insertions"":0,""insertion_rate"":0.0},""Morphology"":{""attempts"":298,""discoveries"":0,""improvements"":3,""insertions"":3,""insertion_rate"":0.010067114093959731},""Novelty"":{""attempts"":234,""discoveries"":0,""improvements"":0,""insertions"":0,""insertion_rate"":0.0}}","{""Morphology"":191,""Novelty"":31}",0,0.8766603415559773,false,47000
40,129,130000,4.133164100000002,0.038613894,0.035519843,0.001192029,0.001902022,4.4445495,66.00213,31.565779,5817.578751534224,182,0.9479167,51,4.762157091608321,25,0.13736263736263737,"{""10"":6,""11"":5,""12"":1,""13"":2,""15"":1,""3"":25,""4"":22,""5"":47,""6"":27,""7"":18,""8"":16,""9"":12}","{""10"":8,""11"":11,""12"":9,""13"":1,""14"":3,""15"":5,""17"":12,""18"":1,""19"":1,""20"":2,""21"":2,""23"":1,""27"":1,""3"":25,""31"":2,""32"":1,""33"":1,""35"":1,""36"":1,""4"":2,""5"":20,""6"":3,""7"":20,""8"":38,""9"":11}",64,"{""count"":64,""unique_topologies"":64,""topology_entropy_bits"":6.0,""effective_topology_count"":64.0,""triangle_like_count"":0,""triangle_like_fraction"":0.0,""mean_nodes"":9.0,""mean_muscles"":16.796875,""node_counts"":{""10"":12,""11"":9,""12"":3,""5"":2,""6"":1,""7"":7,""8"":14,""9"":16},""muscle_counts"":{""10"":6,""11"":3,""12"":3,""13"":3,""14"":2,""15"":5,""16"":7,""17"":1,""18"":9,""19"":7,""20"":5,""21"":2,""22"":2,""24"":1,""25"":1,""30"":2,""31"":2,""6"":1,""8"":1,""9"":1}}",187,5.732835271595913,116,0.116,"{""10"":47,""11"":21,""12"":7,""13"":11,""14"":7,""15"":3,""3"":116,""4"":116,""5"":271,""6"":159,""7"":80,""8"":93,""9"":69}","{""10"":31,""11"":62,""12"":43,""13"":10,""14"":15,""15"":44,""16"":16,""17"":45,""18"":26,""19"":10,""20"":10,""21"":10,""22"":4,""24"":1,""25"":1,""26"":1,""27"":3,""3"":116,""31"":5,""32"":5,""33"":9,""34"":5,""35"":3,""37"":1,""4"":49,""41"":1,""5"":100,""6"":28,""7"":119,""8"":152,""9"":75}","{""Diagonal CMA-ES"":{""attempts"":292,""discoveries"":0,""improvements"":0,""insertions"":0,""insertion_rate"":0.0},""Immigrant"":{""attempts"":151,""discoveries"":0,""improvements"":0,""insertions"":0,""insertion_rate"":0.0},""Morphology"":{""attempts"":325,""discoveries"":0,""improvements"":6,""insertions"":6,""insertion_rate"":0.018461538461538463},""Novelty"":{""attempts"":232,""discoveries"":0,""improvements"":0,""insertions"":0,""insertion_rate"":0.0}}","{""Morphology"":207,""Novelty"":26}",0,0.8768939393939394,false,48000
40,130,131000,4.166430487000002,0.033266387,0.03071611,0.001002064,0.001548213,4.480448085,66.00213,31.565779,5847.418825358152,182,0.9479167,49,4.684213727081203,27,0.14835164835164835,"{""10"":5,""11"":5,""12"":1,""13"":2,""15"":1,""3"":27,""4"":22,""5"":47,""6"":26,""7"":18,""8"":16,""9"":12}","{""10"":8,""11"":11,""12"":8,""13"":1,""14"":3,""15"":5,""17"":12,""18"":1,""19"":1,""20"":2,""21"":2,""23"":1,""3"":27,""31"":2,""32"":1,""33"":1,""35"":1,""36"":1,""4"":2,""5"":20,""6"":3,""7"":20,""8"":38,""9"":11}",64,"{""count"":64,""unique_topologies"":64,""topology_entropy_bits"":6.0,""effective_topology_count"":64.0,""triangle_like_count"":0,""triangle_like_fraction"":0.0,""mean_nodes"":9.0,""mean_muscles"":16.828125,""node_counts"":{""10"":12,""11"":9,""12"":3,""5"":2,""6"":1,""7"":7,""8"":14,""9"":16},""muscle_counts"":{""10"":5,""11"":3,""12"":4,""13"":3,""14"":2,""15"":5,""16"":7,""17"":1,""18"":9,""19"":7,""20"":5,""21"":2,""22"":2,""24"":1,""25"":1,""30"":2,""31"":2,""6"":1,""8"":1,""9"":1}}",181,5.747312366730366,137,0.137,"{""10"":54,""11"":33,""12"":7,""13"":21,""14"":6,""15"":4,""3"":137,""4"":118,""5"":252,""6"":143,""7"":83,""8"":68,""9"":74}","{""10"":30,""11"":51,""12"":45,""13"":15,""14"":13,""15"":20,""16"":5,""17"":49,""18"":39,""19"":9,""20"":11,""21"":14,""22"":5,""23"":4,""24"":2,""25"":1,""26"":1,""27"":5,""3"":137,""30"":1,""31"":9,""32"":3,""33"":18,""34"":3,""35"":4,""36"":1,""37"":2,""4"":38,""41"":1,""5"":109,""6"":35,""7"":99,""8"":149,""9"":72}","{""Diagonal CMA-ES"":{""attempts"":300,""discoveries"":0,""improvements"":1,""insertions"":1,""insertion_rate"":0.0033333333333333335},""Immigrant"":{""attempts"":148,""discoveries"":0,""improvements"":0,""insertions"":0,""insertion_rate"":0.0},""Morphology"":{""attempts"":299,""discoveries"":1,""improvements"":1,""insertions"":2,""insertion_rate"":0.006688963210702341},""Novelty"":{""attempts"":253,""discoveries"":0,""improvements"":2,""insertions"":2,""insertion_rate"":0.007905138339920948}}","{""Morphology"":200,""Novelty"":26}",1,0.8771266540642723,false,49000
40,131,132000,4.197492095000002,0.031061608,0.028654992,0.000947449,0.001459167,4.513865255,66.00213,31.565779,5848.340887278318,182,0.9479167,49,4.684213727081203,27,0.14835164835164835,"{""10"":5,""11"":5,""12"":1,""13"":2,""15"":1,""3"":27,""4"":22,""5"":47,""6"":26,""7"":18,""8"":16,""9"":12}","{""10"":8,""11"":11,""12"":8,""13"":1,""14"":3,""15"":5,""17"":12,""18"":1,""19"":1,""20"":2,""21"":2,""23"":1,""3"":27,""31"":2,""32"":1,""33"":1,""35"":1,""36"":1,""4"":2,""5"":20,""6"":3,""7"":20,""8"":38,""9"":11}",64,"{""count"":64,""unique_topologies"":64,""topology_entropy_bits"":6.0,""effective_topology_count"":64.0,""triangle_like_count"":0,""triangle_like_fraction"":0.0,""mean_nodes"":9.03125,""mean_muscles"":16.890625,""node_counts"":{""10"":13,""11"":9,""12"":3,""5"":2,""6"":1,""7"":7,""8"":13,""9"":16},""muscle_counts"":{""10"":5,""11"":3,""12"":4,""13"":3,""14"":2,""15"":4,""16"":7,""17"":1,""18"":9,""19"":8,""20"":5,""21"":2,""22"":2,""24"":1,""25"":1,""30"":2,""31"":2,""6"":1,""8"":1,""9"":1}}",192,5.790371466193923,128,0.128,"{""10"":56,""11"":23,""12"":6,""13"":13,""14"":11,""15"":3,""16"":1,""3"":128,""4"":108,""5"":259,""6"":159,""7"":71,""8"":77,""9"":85}","{""10"":25,""11"":49,""12"":46,""13"":14,""14"":22,""15"":38,""16"":9,""17"":62,""18"":29,""19"":11,""20"":11,""21"":8,""22"":5,""23"":1,""24"":2,""3"":128,""31"":6,""32"":4,""33"":12,""34"":9,""35"":3,""36"":2,""37"":2,""4"":45,""5"":83,""6"":32,""7"":106,""8"":158,""9"":78}","{""Diagonal CMA-ES"":{""attempts"":297,""discoveries"":0,""improvements"":0,""insertions"":0,""insertion_rate"":0.0},""Immigrant"":{""attempts"":135,""discoveries"":0,""improvements"":0,""insertions"":0,""insertion_rate"":0.0},""Morphology"":{""attempts"":319,""discoveries"":1,""improvements"":1,""insertions"":2,""insertion_rate"":0.006269592476489028},""Novelty"":{""attempts"":249,""discoveries"":0,""improvements"":0,""insertions"":0,""insertion_rate"":0.0}}","{""Morphology"":214,""Novelty"":33}",1,0.8771266540642723,false,50000
40,132,133000,4.231356870000002,0.033864775,0.031147092,0.001203901,0.001513782,4.550516575,66.00213,31.565779,5864.500498026609,182,0.9479167,50,4.707257242570283,28,0.15384615384615385,"{""10"":5,""11"":6,""12"":1,""13"":2,""15"":1,""3"":28,""4"":21,""5"":46,""6"":26,""7"":18,""8"":16,""9"":12}","{""10"":8,""11"":11,""12"":8,""13"":1,""14"":3,""15"":5,""17"":12,""18"":2,""19"":1,""20"":2,""21"":2,""23"":1,""3"":28,""31"":2,""32"":1,""33"":1,""35"":1,""36"":1,""4"":2,""5"":19,""6"":3,""7"":19,""8"":38,""9"":11}",64,"{""count"":64,""unique_topologies"":64,""topology_entropy_bits"":6.0,""effective_topology_count"":64.0,""triangle_like_count"":0,""triangle_like_fraction"":0.0,""mean_nodes"":9.015625,""mean_muscles"":16.828125,""node_counts"":{""10"":14,""11"":8,""12"":3,""5"":2,""6"":1,""7"":7,""8"":13,""9"":16},""muscle_counts"":{""10"":5,""11"":3,""12"":4,""13"":4,""14"":2,""15"":4,""16"":7,""17"":1,""18"":7,""19"":9,""20"":5,""21"":2,""22"":2,""24"":1,""25"":1,""30"":2,""31"":2,""6"":1,""8"":1,""9"":1}}",188,5.8055804712112735,122,0.122,"{""10"":54,""11"":34,""12"":4,""13"":13,""14"":7,""15"":3,""3"":122,""4"":130,""5"":259,""6"":150,""7"":77,""8"":72,""9"":75}","{""10"":23,""11"":46,""12"":43,""13"":9,""14"":13,""15"":29,""16"":6,""17"":56,""18"":39,""19"":10,""20"":20,""21"":10,""22"":4,""24"":1,""25"":2,""26"":1,""3"":122,""31"":6,""32"":2,""33"":10,""34"":3,""35"":3,""36"":2,""37"":2,""4"":48,""40"":1,""41"":1,""43"":1,""5"":107,""6"":43,""7"":94,""8"":155,""9"":88}","{""Diagonal CMA-ES"":{""attempts"":302,""discoveries"":0,""improvements"":1,""insertions"":1,""insertion_rate"":0.0033112582781456954},""Immigrant"":{""attempts"":140,""discoveries"":0,""improvements"":0,""insertions"":0,""insertion_rate"":0.0},""Morphology"":{""attempts"":330,""discoveries"":2,""improvements"":2,""insertions"":4,""insertion_rate"":0.012121212121212121},""Novelty"":{""attempts"":228,""discoveries"":0,""improvements"":0,""insertions"":0,""insertion_rate"":0.0}}","{""Morphology"":221,""Novelty"":27}",2,0.8771266540642723,false,51000
40,133,134000,4.266540712000002,0.03518384199999999,0.032494654,0.001040056,0.001649132,4.588275627,66.00213,31.565779,5868.368337839842,182,0.9479167,50,4.700415965109643,28,0.15384615384615385,"{""10"":6,""11"":6,""12"":1,""13"":2,""15"":1,""3"":28,""4"":21,""5"":46,""6"":26,""7"":17,""8"":16,""9"":12}","{""10"":8,""11"":11,""12"":7,""13"":1,""14"":3,""15"":5,""17"":13,""18"":2,""19"":1,""20"":2,""21"":2,""23"":1,""3"":28,""31"":2,""32"":1,""33"":1,""35"":1,""36"":1,""4"":2,""5"":19,""6"":3,""7"":19,""8"":38,""9"":11}",64,"{""count"":64,""unique_topologies"":64,""topology_entropy_bits"":6.0,""effective_topology_count"":64.0,""triangle_like_count"":0,""triangle_like_fraction"":0.0,""mean_nodes"":8.921875,""mean_muscles"":16.59375,""node_counts"":{""10"":13,""11"":8,""12"":3,""4"":1,""5"":2,""6"":1,""7"":7,""8"":13,""9"":16},""muscle_counts"":{""10"":5,""11"":3,""12"":4,""13"":4,""14"":2,""15"":4,""16"":7,""17"":1,""18"":7,""19"":8,""20"":5,""21"":2,""22"":2,""24"":1,""25"":1,""30"":2,""31"":2,""4"":1,""6"":1,""8"":1,""9"":1}}",160,5.720142378773601,122,0.122,"{""10"":60,""11"":38,""12"":4,""13"":11,""14"":9,""15"":3,""3"":122,""4"":129,""5"":229,""6"":183,""7"":72,""8"":63,""9"":77}","{""10"":26,""11"":69,""12"":44,""13"":12,""14"":15,""15"":31,""16"":3,""17"":71,""18"":23,""19"":14,""20"":14,""21"":10,""22"":8,""23"":3,""24"":1,""26"":1,""28"":1,""3"":122,""31"":7,""32"":3,""33"":8,""34"":6,""35"":3,""36"":3,""37"":2,""4"":65,""41"":1,""5"":90,""6"":32,""7"":79,""8"":143,""9"":90}","{""Diagonal CMA-ES"":{""attempts"":310,""discoveries"":0,""improvements"":0,""insertions"":0,""insertion_rate"":0.0},""Immigrant"":{""attempts"":141,""discoveries"":0,""improvements"":0,""insertions"":0,""insertion_rate"":0.0},""Morphology"":{""attempts"":295,""discoveries"":1,""improvements"":2,""insertions"":3,""insertion_rate"":0.010169491525423728},""Novelty"":{""attempts"":254,""discoveries"":0,""improvements"":0,""insertions"":0,""insertion_rate"":0.0}}","{""Morphology"":202,""Novelty"":27}",1,0.8773584905660378,false,52000
40,134,135000,4.304848286000002,0.038307574,0.035307319,0.001450855,0.0015494,4.629239147,66.00213,32.44192,5918.210211008787,182,0.9479167,50,4.68527922059226,28,0.15384615384615385,"{""10"":8,""11"":7,""12"":1,""13"":2,""15"":1,""3"":28,""4"":21,""5"":46,""6"":26,""7"":15,""8"":15,""9"":12}","{""10"":5,""11"":11,""12"":7,""13"":1,""14"":3,""15"":5,""17"":15,""18"":2,""19"":1,""20"":2,""21"":2,""23"":1,""24"":1,""3"":28,""31"":2,""32"":1,""33"":1,""35"":1,""36"":1,""4"":2,""5"":19,""6"":3,""7"":19,""8"":38,""9"":11}",64,"{""count"":64,""unique_topologies"":64,""topology_entropy_bits"":6.0,""effective_topology_count"":64.0,""triangle_like_count"":0,""triangle_like_fraction"":0.0,""mean_nodes"":8.953125,""mean_muscles"":16.671875,""node_counts"":{""10"":13,""11"":8,""12"":3,""5"":2,""6"":2,""7"":7,""8"":13,""9"":16},""muscle_counts"":{""10"":5,""11"":3,""12"":4,""13"":4,""14"":2,""15"":4,""16"":7,""17"":1,""18"":7,""19"":8,""20"":5,""21"":2,""22"":2,""24"":1,""25"":1,""30"":2,""31"":2,""6"":1,""8"":1,""9"":2}}",180,5.700857144167032,156,0.156,"{""10"":67,""11"":21,""12"":11,""13"":15,""14"":6,""15"":2,""16"":2,""3"":156,""4"":132,""5"":216,""6"":132,""7"":56,""8"":86,""9"":98}","{""10"":19,""11"":48,""12"":32,""13"":5,""14"":16,""15"":53,""16"":5,""17"":49,""18"":32,""19"":12,""20"":47,""21"":20,""22"":7,""23"":1,""24"":8,""25"":1,""3"":156,""31"":4,""32"":3,""33"":11,""34"":1,""35"":2,""36"":4,""37"":3,""39"":1,""4"":62,""41"":1,""45"":1,""5"":99,""6"":37,""7"":71,""8"":126,""9"":63}","{""Diagonal CMA-ES"":{""attempts"":294,""discoveries"":0,""improvements"":0,""insertions"":0,""insertion_rate"":0.0},""Immigrant"":{""attempts"":151,""discoveries"":0,""improvements"":0,""insertions"":0,""insertion_rate"":0.0},""Morphology"":{""attempts"":285,""discoveries"":1,""improvements"":6,""insertions"":7,""insertion_rate"":0.02456140350877193},""Novelty"":{""attempts"":270,""discoveries"":0,""improvements"":0,""insertions"":0,""insertion_rate"":0.0}}","{""Morphology"":191,""Novelty"":25}",2,0.8775894538606404,false,53000
40,135,136000,4.342240469000002,0.037392183,0.034361058,0.001086361,0.001944764,4.669383443,66.00213,32.44192,5920.135700434446,182,0.9479167,51,4.742391886229318,26,0.14285714285714285,"{""10"":8,""11"":8,""12"":1,""13"":2,""15"":1,""3"":26,""4"":21,""5"":46,""6"":26,""7"":16,""8"":15,""9"":12}","{""10"":5,""11"":11,""12"":7,""13"":1,""14"":4,""15"":5,""17"":15,""18"":2,""19"":1,""20"":2,""21"":2,""23"":1,""24"":2,""3"":26,""31"":2,""32"":1,""33"":1,""35"":1,""36"":1,""4"":2,""5"":19,""6"":3,""7"":19,""8"":38,""9"":11}",64,"{""count"":64,""unique_topologies"":64,""topology_entropy_bits"":6.0,""effective_topology_count"":64.0,""triangle_like_count"":0,""triangle_like_fraction"":0.0,""mean_nodes"":9.03125,""mean_muscles"":16.8125,""node_counts"":{""10"":13,""11"":9,""12"":3,""5"":2,""6"":1,""7"":7,""8"":13,""9"":16},""muscle_counts"":{""10"":6,""11"":3,""12"":3,""13"":4,""14"":2,""15"":4,""16"":7,""17"":1,""18"":7,""19"":8,""20"":6,""21"":2,""22"":2,""24"":1,""25"":1,""30"":2,""31"":2,""6"":1,""8"":1,""9"":1}}",171,5.411760867300732,133,0.133,"{""10"":42,""11"":28,""12"":8,""13"":12,""14"":10,""15"":1,""16"":2,""3"":133,""4"":168,""5"":255,""6"":145,""7"":52,""8"":72,""9"":72}","{""10"":21,""11"":61,""12"":57,""13"":11,""14"":4,""15"":15,""16"":4,""17"":56,""18"":31,""19"":4,""20"":14,""21"":8,""22"":4,""23"":1,""24"":14,""25"":2,""27"":2,""3"":133,""30"":1,""31"":2,""32"":1,""33"":12,""34"":5,""35"":1,""36"":2,""37"":4,""4"":42,""41"":1,""5"":153,""6"":27,""7"":74,""8"":170,""9"":63}","{""Diagonal CMA-ES"":{""attempts"":304,""discoveries"":0,""improvements"":0,""insertions"":0,""insertion_rate"":0.0},""Immigrant"":{""attempts"":151,""discoveries"":0,""improvements"":0,""insertions"":0,""insertion_rate"":0.0},""Morphology"":{""attempts"":312,""discoveries"":2,""improvements"":2,""insertions"":4,""insertion_rate"":0.01282051282051282},""Novelty"":{""attempts"":233,""discoveries"":0,""improvements"":0,""insertions"":0,""insertion_rate"":0.0}}","{""Morphology"":203,""Novelty"":36}",3,0.8761726078799249,false,54000
40,136,137000,4.374690006000002,0.032449537,0.029937254,0.000975943,0.00153634,4.704103059,66.00213,32.44192,5921.2889187037945,182,0.9479167,51,4.739960068952252,27,0.14835164835164835,"{""10"":8,""11"":8,""12"":1,""13"":2,""15"":1,""3"":27,""4"":21,""5"":45,""6"":26,""7"":16,""8"":15,""9"":12}","{""10"":5,""11"":11,""12"":7,""13"":1,""14"":4,""15"":5,""17"":15,""18"":2,""19"":1,""20"":2,""21"":2,""23"":1,""24"":2,""3"":27,""31"":2,""32"":1,""33"":1,""35"":1,""36"":1,""4"":2,""5"":19,""6"":3,""7"":19,""8"":37,""9"":11}",64,"{""count"":64,""unique_topologies"":64,""topology_entropy_bits"":6.0,""effective_topology_count"":64.0,""triangle_like_count"":0,""triangle_like_fraction"":0.0,""mean_nodes"":9.046875,""mean_muscles"":16.890625,""node_counts"":{""10"":13,""11"":9,""12"":3,""5"":2,""6"":1,""7"":7,""8"":12,""9"":17},""muscle_counts"":{""10"":5,""11"":3,""12"":3,""13"":4,""14"":2,""15"":5,""16"":7,""17"":1,""18"":7,""19"":8,""20"":6,""21"":2,""22"":2,""24"":1,""25"":1,""30"":2,""31"":2,""6"":1,""8"":1,""9"":1}}",167,5.611622555692339,136,0.136,"{""10"":42,""11"":28,""12"":18,""13"":10,""14"":5,""15"":1,""3"":136,""4"":169,""5"":235,""6"":152,""7"":66,""8"":67,""9"":71}","{""10"":28,""11"":57,""12"":60,""13"":10,""14"":11,""15"":11,""16"":2,""17"":49,""18"":28,""19"":7,""20"":8,""21"":12,""22"":5,""23"":4,""24"":12,""25"":2,""27"":2,""28"":1,""3"":136,""31"":4,""32"":3,""33"":8,""34"":2,""35"":1,""36"":2,""37"":3,""39"":1,""4"":52,""5"":145,""6"":34,""7"":61,""8"":160,""9"":79}","{""Diagonal CMA-ES"":{""attempts"":294,""discoveries"":0,""improvements"":0,""insertions"":0,""insertion_rate"":0.0},""Immigrant"":{""attempts"":160,""discoveries"":0,""improvements"":0,""insertions"":0,""insertion_rate"":0.0},""Morphology"":{""attempts"":273,""discoveries"":1,""improvements"":1,""insertions"":2,""insertion_rate"":0.007326007326007326},""Novelty"":{""attempts"":273,""discoveries"":0,""improvements"":1,""insertions"":1,""insertion_rate"":0.003663003663003663}}","{""Morphology"":189,""Novelty"":28}",1,0.8745318352059925,false,55000
40,137,138000,4.410442556000001,0.03575255,0.033155969,0.000996128,0.001600453,4.7422432279999995,66.00213,32.44192,5923.162842959166,182,0.9479167,51,4.739960068952253,27,0.14835164835164835,"{""10"":8,""11"":8,""12"":1,""13"":2,""15"":1,""3"":27,""4"":21,""5"":45,""6"":26,""7"":16,""8"":15,""9"":12}","{""10"":5,""11"":11,""12"":7,""13"":1,""14"":4,""15"":5,""17"":15,""18"":2,""19"":1,""20"":2,""21"":2,""23"":1,""24"":2,""3"":27,""31"":2,""32"":1,""33"":1,""35"":1,""36"":1,""4"":2,""5"":19,""6"":3,""7"":19,""8"":37,""9"":11}",64,"{""count"":64,""unique_topologies"":64,""topology_entropy_bits"":6.0,""effective_topology_count"":64.0,""triangle_like_count"":0,""triangle_like_fraction"":0.0,""mean_nodes"":9.046875,""mean_muscles"":16.890625,""node_counts"":{""10"":13,""11"":9,""12"":3,""5"":2,""6"":1,""7"":7,""8"":12,""9"":17},""muscle_counts"":{""10"":5,""11"":3,""12"":3,""13"":4,""14"":2,""15"":5,""16"":7,""17"":1,""18"":7,""19"":8,""20"":6,""21"":2,""22"":2,""24"":1,""25"":1,""30"":2,""31"":2,""6"":1,""8"":1,""9"":1}}",185,5.891208037672679,124,0.124,"{""10"":50,""11"":38,""12"":11,""13"":12,""14"":9,""15"":2,""16"":1,""3"":124,""4"":124,""5"":238,""6"":140,""7"":115,""8"":49,""9"":87}","{""10"":29,""11"":47,""12"":34,""13"":16,""14"":19,""15"":23,""16"":7,""17"":49,""18"":29,""19"":7,""20"":12,""21"":12,""22"":8,""24"":16,""25"":1,""26"":1,""27"":2,""29"":1,""3"":124,""30"":1,""31"":6,""32"":4,""33"":9,""34"":6,""35"":4,""36"":2,""39"":2,""4"":51,""45"":1,""5"":94,""6"":32,""7"":80,""8"":159,""9"":112}","{""Diagonal CMA-ES"":{""attempts"":294,""discoveries"":0,""improvements"":0,""insertions"":0,""insertion_rate"":0.0},""Immigrant"":{""attempts"":162,""discoveries"":0,""improvements"":0,""insertions"":0,""insertion_rate"":0.0},""Morphology"":{""attempts"":294,""discoveries"":0,""improvements"":2,""insertions"":2,""insertion_rate"":0.006802721088435374},""Novelty"":{""attempts"":250,""discoveries"":0,""improvements"":0,""insertions"":0,""insertion_rate"":0.0}}","{""Morphology"":206,""Novelty"":23}",0,0.8731343283582089,false,56000
40,138,139000,4.4436163350000015,0.033173779,0.030454908,0.001044806,0.001674065,4.777918604,66.00213,32.44192,5929.048444002867,182,0.9479167,51,4.733667502865843,27,0.14835164835164835,"{""10"":8,""11"":8,""12"":1,""13"":2,""15"":1,""3"":27,""4"":21,""5"":45,""6"":26,""7"":15,""8"":16,""9"":12}","{""10"":5,""11"":11,""12"":8,""13"":1,""14"":4,""15"":5,""17"":15,""18"":2,""19"":1,""20"":2,""21"":2,""23"":1,""24"":2,""3"":27,""31"":2,""32"":1,""33"":1,""35"":1,""36"":1,""4"":2,""5"":19,""6"":3,""7"":19,""8"":37,""9"":10}",64,"{""count"":64,""unique_topologies"":64,""topology_entropy_bits"":6.0,""effective_topology_count"":64.0,""triangle_like_count"":0,""triangle_like_fraction"":0.0,""mean_nodes"":9.046875,""mean_muscles"":16.859375,""node_counts"":{""10"":13,""11"":9,""12"":3,""5"":2,""6"":1,""7"":7,""8"":12,""9"":17},""muscle_counts"":{""10"":5,""11"":3,""12"":3,""13"":5,""14"":2,""15"":4,""16"":7,""17"":1,""18"":7,""19"":8,""20"":6,""21"":2,""22"":2,""24"":1,""25"":1,""30"":2,""31"":2,""6"":1,""8"":1,""9"":1}}",195,5.452574720611328,117,0.117,"{""10"":35,""11"":31,""12"":16,""13"":3,""14"":5,""15"":1,""3"":117,""4"":118,""5"":142,""6"":218,""7"":217,""8"":52,""9"":45}","{""10"":17,""11"":167,""12"":28,""13"":15,""14"":21,""15"":17,""16"":8,""17"":17,""18"":18,""19"":10,""20"":11,""21"":5,""22"":9,""23"":2,""24"":9,""25"":2,""26"":1,""27"":2,""3"":117,""31"":9,""32"":4,""33"":3,""34"":4,""35"":1,""37"":1,""4"":47,""41"":1,""5"":98,""6"":34,""7"":38,""8"":82,""9"":202}","{""Diagonal CMA-ES"":{""attempts"":317,""discoveries"":0,""improvements"":0,""insertions"":0,""insertion_rate"":0.0},""Immigrant"":{""attempts"":164,""discoveries"":0,""improvements"":0,""insertions"":0,""insertion_rate"":0.0},""Morphology"":{""attempts"":300,""discoveries"":1,""improvements"":3,""insertions"":4,""insertion_rate"":0.013333333333333334},""Novelty"":{""attempts"":219,""discoveries"":0,""improvements"":0,""insertions"":0,""insertion_rate"":0.0}}","{""Morphology"":198,""Novelty"":26}",1,0.8719851576994434,false,57000
40,139,140000,4.480753252000001,0.037136917,0.034408549,0.001050742,0.001677626,4.818040342,66.00213,32.44192,5941.855160921812,182,0.9479167,50,4.722678491876832,27,0.14835164835164835,"{""10"":8,""11"":8,""12"":1,""13"":3,""15"":1,""3"":27,""4"":21,""5"":45,""6"":26,""7"":14,""8"":16,""9"":12}","{""10"":5,""11"":11,""12"":7,""13"":1,""14"":4,""15"":5,""17"":15,""18"":2,""19"":1,""20"":2,""21"":2,""23"":1,""24"":2,""3"":27,""31"":2,""32"":1,""33"":2,""35"":1,""36"":1,""4"":2,""5"":19,""6"":3,""7"":19,""8"":37,""9"":10}",64,"{""count"":64,""unique_topologies"":64,""topology_entropy_bits"":6.0,""effective_topology_count"":64.0,""triangle_like_count"":0,""triangle_like_fraction"":0.0,""mean_nodes"":9.046875,""mean_muscles"":16.859375,""node_counts"":{""10"":13,""11"":9,""12"":3,""5"":2,""6"":1,""7"":7,""8"":12,""9"":17},""muscle_counts"":{""10"":5,""11"":3,""12"":3,""13"":5,""14"":2,""15"":4,""16"":7,""17"":1,""18"":7,""19"":8,""20"":6,""21"":2,""22"":2,""24"":1,""25"":1,""30"":2,""31"":2,""6"":1,""8"":1,""9"":1}}",178,5.702588266648633,158,0.158,"{""10"":40,""11"":32,""12"":11,""13"":1,""14"":10,""15"":4,""16"":1,""3"":158,""4"":138,""5"":165,""6"":113,""7"":146,""8"":137,""9"":44}","{""10"":24,""11"":45,""12"":106,""13"":17,""14"":35,""15"":25,""16"":3,""17"":17,""18"":14,""19"":12,""20"":11,""21"":5,""22"":3,""24"":11,""25"":2,""27"":1,""3"":158,""31"":9,""32"":5,""33"":1,""34"":3,""35"":5,""37"":4,""4"":47,""41"":3,""45"":1,""5"":112,""6"":36,""7"":52,""8"":97,""9"":136}","{""Diagonal CMA-ES"":{""attempts"":318,""discoveries"":0,""improvements"":0,""insertions"":0,""insertion_rate"":0.0},""Immigrant"":{""attempts"":151,""discoveries"":0,""improvements"":0,""insertions"":0,""insertion_rate"":0.0},""Morphology"":{""attempts"":313,""discoveries"":0,""improvements"":1,""insertions"":1,""insertion_rate"":0.003194888178913738},""Novelty"":{""attempts"":218,""discoveries"":0,""improvements"":0,""insertions"":0,""insertion_rate"":0.0}}","{""Morphology"":216,""Novelty"":32}",0,0.8703703703703703,false,58000
40,140,141000,4.513916346000001,0.033163094000000004,0.030644874,0.001050743,0.001467477,4.853756088,66.00213,32.44192,5945.870519846678,182,0.9479167,50,4.707898514207091,27,0.14835164835164835,"{""10"":8,""11"":7,""12"":1,""13"":3,""15"":1,""3"":27,""4"":22,""5"":45,""6"":26,""7"":14,""8"":16,""9"":12}","{""10"":5,""11"":11,""12"":7,""13"":1,""14"":4,""15"":5,""17"":15,""18"":2,""19"":1,""20"":2,""21"":2,""23"":1,""24"":1,""3"":27,""31"":2,""32"":1,""33"":2,""35"":1,""36"":1,""4"":2,""5"":20,""6"":3,""7"":19,""8"":37,""9"":10}",64,"{""count"":64,""unique_topologies"":64,""topology_entropy_bits"":6.0,""effective_topology_count"":64.0,""triangle_like_count"":0,""triangle_like_fraction"":0.0,""mean_nodes"":9.046875,""mean_muscles"":16.9375,""node_counts"":{""10"":13,""11"":9,""12"":3,""5"":2,""6"":1,""7"":7,""8"":12,""9"":17},""muscle_counts"":{""10"":5,""11"":3,""12"":3,""13"":4,""14"":2,""15"":4,""16"":7,""17"":1,""18"":8,""19"":8,""20"":6,""21"":2,""22"":2,""24"":1,""25"":1,""30"":2,""31"":2,""6"":1,""8"":1,""9"":1}}",184,5.9070743509084265,165,0.165,"{""10"":28,""11"":43,""12"":21,""13"":8,""14"":13,""15"":6,""16"":1,""3"":165,""4"":180,""5"":169,""6"":153,""7"":87,""8"":73,""9"":53}","{""10"":28,""11"":68,""12"":34,""13"":14,""14"":24,""15"":30,""16"":5,""17"":21,""18"":17,""19"":14,""20"":16,""21"":9,""22"":4,""23"":2,""24"":7,""25"":2,""26"":1,""27"":4,""3"":165,""31"":14,""32"":8,""33"":7,""34"":7,""35"":7,""36"":1,""37"":3,""39"":1,""4"":55,""41"":3,""5"":139,""6"":42,""7"":47,""8"":119,""9"":82}","{""Diagonal CMA-ES"":{""attempts"":313,""discoveries"":0,""improvements"":1,""insertions"":1,""insertion_rate"":0.003194888178913738},""Immigrant"":{""attempts"":132,""discoveries"":0,""improvements"":0,""insertions"":0,""insertion_rate"":0.0},""Morphology"":{""attempts"":298,""discoveries"":1,""improvements"":0,""insertions"":1,""insertion_rate"":0.003355704697986577},""Novelty"":{""attempts"":257,""discoveries"":0,""improvements"":0,""insertions"":0,""insertion_rate"":0.0}}","{""Morphology"":198,""Novelty"":35}",1,0.8703703703703703,false,59000
40,141,142000,4.547322834000001,0.033406488,0.030928635,0.000962884,0.001514969,4.88943859,66.00213,33.339787,5962.964683741331,182,0.9479167,50,4.704755643164602,28,0.15384615384615385,"{""10"":8,""11"":7,""12"":1,""13"":3,""15"":1,""3"":28,""4"":22,""5"":44,""6"":26,""7"":14,""8"":16,""9"":12}","{""10"":5,""11"":11,""12"":7,""13"":1,""14"":4,""15"":5,""17"":15,""18"":2,""19"":1,""20"":2,""21"":2,""23"":1,""24"":1,""3"":28,""31"":2,""32"":1,""33"":2,""35"":1,""36"":1,""4"":2,""5"":20,""6"":3,""7"":18,""8"":37,""9"":10}",64,"{""count"":64,""unique_topologies"":64,""topology_entropy_bits"":6.0,""effective_topology_count"":64.0,""triangle_like_count"":0,""triangle_like_fraction"":0.0,""mean_nodes"":9.046875,""mean_muscles"":16.9375,""node_counts"":{""10"":13,""11"":9,""12"":3,""5"":2,""6"":1,""7"":7,""8"":12,""9"":17},""muscle_counts"":{""10"":5,""11"":3,""12"":3,""13"":4,""14"":2,""15"":4,""16"":7,""17"":1,""18"":8,""19"":8,""20"":6,""21"":2,""22"":2,""24"":1,""25"":1,""30"":2,""31"":2,""6"":1,""8"":1,""9"":1}}",162,5.498847231699188,169,0.169,"{""10"":43,""11"":23,""12"":10,""13"":14,""14"":12,""15"":3,""3"":169,""4"":132,""5"":247,""6"":168,""7"":52,""8"":52,""9"":75}","{""10"":23,""11"":57,""12"":25,""13"":8,""14"":14,""15"":18,""16"":4,""17"":51,""18"":31,""19"":11,""20"":11,""21"":6,""22"":6,""24"":5,""25"":1,""27"":1,""3"":169,""30"":1,""31"":4,""32"":5,""33"":15,""34"":8,""35"":4,""37"":2,""4"":51,""41"":1,""43"":1,""5"":107,""6"":36,""7"":83,""8"":158,""9"":83}","{""Diagonal CMA-ES"":{""attempts"":312,""discoveries"":0,""improvements"":0,""insertions"":0,""insertion_rate"":0.0},""Immigrant"":{""attempts"":167,""discoveries"":0,""improvements"":0,""insertions"":0,""insertion_rate"":0.0},""Morphology"":{""attempts"":276,""discoveries"":0,""improvements"":3,""insertions"":3,""insertion_rate"":0.010869565217391304},""Novelty"":{""attempts"":245,""discoveries"":0,""improvements"":0,""insertions"":0,""insertion_rate"":0.0}}","{""Morphology"":172,""Novelty"":30}",0,0.8687615526802218,false,60000
40,142,143000,4.579781872000001,0.032459037999999996,0.030041736,0.000996128,0.001421174,4.92424963,66.00213,33.339787,5972.073336809874,182,0.9479167,50,4.696043801927274,29,0.15934065934065933,"{""10"":8,""11"":7,""12"":1,""13"":3,""15"":1,""3"":29,""4"":21,""5"":44,""6"":26,""7"":14,""8"":16,""9"":12}","{""10"":5,""11"":11,""12"":7,""13"":1,""14"":4,""15"":5,""17"":15,""18"":2,""19"":1,""20"":2,""21"":2,""23"":1,""24"":1,""3"":29,""31"":2,""32"":1,""33"":2,""35"":1,""36"":1,""4"":2,""5"":19,""6"":3,""7"":18,""8"":37,""9"":10}",64,"{""count"":64,""unique_topologies"":64,""topology_entropy_bits"":6.0,""effective_topology_count"":64.0,""triangle_like_count"":0,""triangle_like_fraction"":0.0,""mean_nodes"":9.046875,""mean_muscles"":16.9375,""node_counts"":{""10"":13,""11"":9,""12"":3,""5"":2,""6"":1,""7"":7,""8"":12,""9"":17},""muscle_counts"":{""10"":5,""11"":3,""12"":3,""13"":4,""14"":2,""15"":4,""16"":7,""17"":1,""18"":8,""19"":8,""20"":6,""21"":2,""22"":2,""24"":1,""25"":1,""30"":2,""31"":2,""6"":1,""8"":1,""9"":1}}",184,5.834488966507595,131,0.131,"{""10"":53,""11"":37,""12"":9,""13"":19,""14"":2,""15"":4,""3"":131,""4"":126,""5"":224,""6"":174,""7"":77,""8"":62,""9"":82}","{""10"":21,""11"":56,""12"":31,""13"":16,""14"":24,""15"":18,""16"":7,""17"":54,""18"":34,""19"":11,""20"":18,""21"":11,""22"":10,""23"":1,""24"":9,""3"":131,""31"":8,""32"":5,""33"":16,""35"":4,""37"":2,""4"":36,""5"":112,""6"":34,""7"":77,""8"":153,""9"":101}","{""Diagonal CMA-ES"":{""attempts"":278,""discoveries"":0,""improvements"":0,""insertions"":0,""insertion_rate"":0.0},""Immigrant"":{""attempts"":139,""discoveries"":0,""improvements"":0,""insertions"":0,""insertion_rate"":0.0},""Morphology"":{""attempts"":327,""discoveries"":0,""improvements"":3,""insertions"":3,""insertion_rate"":0.009174311926605505},""Novelty"":{""attempts"":256,""discoveries"":0,""improvements"":1,""insertions"":1,""insertion_rate"":0.00390625}}","{""Morphology"":219,""Novelty"":29}",0,0.8687615526802218,false,61000
40,143,144000,4.612334704000001,0.032552832000000004,0.030126034,0.000971194,0.001455604,4.959026238,66.00213,33.339787,5985.0775081813335,182,0.9479167,50,4.6954950905530435,29,0.15934065934065933,"{""10"":9,""11"":7,""12"":1,""13"":3,""15"":1,""3"":29,""4"":21,""5"":43,""6"":26,""7"":14,""8"":16,""9"":12}","{""10"":5,""11"":11,""12"":7,""13"":1,""14"":4,""15"":5,""17"":14,""18"":2,""19"":1,""20"":2,""21"":4,""23"":1,""24"":1,""3"":29,""31"":2,""32"":1,""33"":2,""35"":1,""36"":1,""4"":2,""5"":19,""6"":2,""7"":18,""8"":37,""9"":10}",64,"{""count"":64,""unique_topologies"":64,""topology_entropy_bits"":6.0,""effective_topology_count"":64.0,""triangle_like_count"":0,""triangle_like_fraction"":0.0,""mean_nodes"":9.046875,""mean_muscles"":16.9375,""node_counts"":{""10"":13,""11"":9,""12"":3,""5"":2,""6"":1,""7"":7,""8"":12,""9"":17},""muscle_counts"":{""10"":5,""11"":3,""12"":3,""13"":4,""14"":2,""15"":4,""16"":7,""17"":1,""18"":8,""19"":8,""20"":6,""21"":2,""22"":2,""24"":1,""25"":1,""30"":2,""31"":2,""6"":1,""8"":1,""9"":1}}",168,5.343448278363491,184,0.184,"{""10"":55,""11"":29,""12"":6,""13"":16,""14"":5,""16"":1,""3"":184,""4"":104,""5"":279,""6"":134,""7"":54,""8"":68,""9"":65}","{""10"":31,""11"":51,""12"":51,""13"":8,""14"":5,""15"":6,""16"":4,""17"":60,""18"":27,""19"":12,""20"":10,""21"":8,""22"":3,""23"":1,""24"":15,""25"":3,""26"":1,""27"":2,""3"":184,""31"":3,""33"":16,""34"":2,""35"":1,""37"":3,""4"":38,""5"":88,""6"":47,""7"":87,""8"":169,""9"":64}","{""Diagonal CMA-ES"":{""attempts"":300,""discoveries"":0,""improvements"":0,""insertions"":0,""insertion_rate"":0.0},""Immigrant"":{""attempts"":141,""discoveries"":0,""improvements"":0,""insertions"":0,""insertion_rate"":0.0},""Morphology"":{""attempts"":296,""discoveries"":0,""improvements"":4,""insertions"":4,""insertion_rate"":0.013513513513513514},""Novelty"":{""attempts"":263,""discoveries"":0,""improvements"":0,""insertions"":0,""insertion_rate"":0.0}}","{""Morphology"":184,""Novelty"":32}",0,0.8690036900369004,false,62000
40,144,145000,4.646851298000001,0.034516594,0.031570953,0.001197965,0.001747676,4.996731865,67.91405,33.339787,5998.517899721861,182,0.9479167,50,4.683497510555903,30,0.16483516483516483,"{""10"":9,""11"":7,""12"":1,""13"":3,""15"":1,""3"":30,""4"":21,""5"":43,""6"":25,""7"":14,""8"":16,""9"":12}","{""10"":5,""11"":11,""12"":7,""13"":1,""14"":4,""15"":5,""17"":14,""18"":2,""19"":1,""20"":2,""21"":4,""23"":1,""24"":1,""3"":30,""31"":2,""32"":1,""33"":2,""35"":1,""36"":1,""4"":2,""5"":19,""6"":2,""7"":18,""8"":36,""9"":10}",64,"{""count"":64,""unique_topologies"":64,""topology_entropy_bits"":6.0,""effective_topology_count"":64.0,""triangle_like_count"":0,""triangle_like_fraction"":0.0,""mean_nodes"":9.0625,""mean_muscles"":17.03125,""node_counts"":{""10"":14,""11"":9,""12"":3,""5"":2,""6"":1,""7"":7,""8"":12,""9"":16},""muscle_counts"":{""10"":5,""11"":3,""12"":3,""13"":4,""14"":2,""15"":4,""16"":7,""17"":1,""18"":7,""19"":8,""20"":6,""21"":2,""22"":2,""24"":2,""25"":1,""30"":2,""31"":2,""6"":1,""8"":1,""9"":1}}",198,5.867187458496209,157,0.157,"{""10"":64,""11"":32,""12"":14,""13"":13,""14"":13,""15"":3,""3"":157,""4"":124,""5"":230,""6"":148,""7"":75,""8"":52,""9"":75}","{""10"":38,""11"":49,""12"":28,""13"":15,""14"":18,""15"":16,""16"":5,""17"":53,""18"":28,""19"":14,""20"":12,""21"":19,""22"":7,""24"":10,""25"":7,""28"":1,""29"":1,""3"":157,""31"":9,""32"":3,""33"":12,""34"":6,""35"":4,""37"":5,""4"":43,""41"":1,""5"":111,""6"":40,""7"":81,""8"":138,""9"":69}","{""Diagonal CMA-ES"":{""attempts"":280,""discoveries"":0,""improvements"":0,""insertions"":0,""insertion_rate"":0.0},""Immigrant"":{""attempts"":159,""discoveries"":0,""improvements"":0,""insertions"":0,""insertion_rate"":0.0},""Morphology"":{""attempts"":322,""discoveries"":1,""improvements"":2,""insertions"":3,""insertion_rate"":0.009316770186335404},""Novelty"":{""attempts"":239,""discoveries"":0,""improvements"":1,""insertions"":1,""insertion_rate"":0.0041841004184100415}}","{""Morphology"":216,""Novelty"":30}",1,0.8690036900369004,true,63000
40,145,146000,4.680133121000002,0.033281823,0.030901327,0.000958134,0.001422362,5.032213717,67.91405,33.701828,6015.672324389219,182,0.9479167,50,4.6700285354658755,32,0.17582417582417584,"{""10"":9,""11"":7,""12"":1,""13"":3,""15"":1,""3"":32,""4"":20,""5"":42,""6"":25,""7"":14,""8"":16,""9"":12}","{""10"":5,""11"":11,""12"":7,""13"":1,""14"":4,""15"":5,""17"":14,""18"":2,""19"":1,""20"":2,""21"":4,""23"":1,""24"":1,""3"":32,""31"":2,""32"":1,""33"":2,""35"":1,""36"":1,""4"":2,""5"":18,""6"":2,""7"":18,""8"":35,""9"":10}",64,"{""count"":64,""unique_topologies"":64,""topology_entropy_bits"":6.0,""effective_topology_count"":64.0,""triangle_like_count"":0,""triangle_like_fraction"":0.0,""mean_nodes"":9.0625,""mean_muscles"":17.03125,""node_counts"":{""10"":14,""11"":9,""12"":3,""5"":2,""6"":1,""7"":7,""8"":12,""9"":16},""muscle_counts"":{""10"":5,""11"":3,""12"":3,""13"":4,""14"":2,""15"":4,""16"":7,""17"":1,""18"":7,""19"":8,""20"":6,""21"":2,""22"":2,""24"":2,""25"":1,""30"":2,""31"":2,""6"":1,""8"":1,""9"":1}}",138,4.997767818791906,221,0.221,"{""10"":64,""11"":27,""12"":5,""13"":11,""14"":4,""15"":1,""3"":221,""4"":90,""5"":197,""6"":232,""7"":59,""8"":26,""9"":63}","{""10"":24,""11"":45,""12"":30,""13"":5,""14"":10,""15"":7,""16"":1,""17"":55,""18"":33,""19"":4,""20"":2,""21"":17,""22"":7,""23"":1,""24"":11,""25"":7,""26"":3,""27"":1,""28"":3,""29"":1,""3"":221,""30"":1,""33"":11,""34"":3,""35"":1,""36"":1,""4"":49,""41"":1,""5"":68,""6"":27,""7"":52,""8"":232,""9"":66}","{""Diagonal CMA-ES"":{""attempts"":313,""discoveries"":0,""improvements"":0,""insertions"":0,""insertion_rate"":0.0},""Immigrant"":{""attempts"":152,""discoveries"":0,""improvements"":0,""insertions"":0,""insertion_rate"":0.0},""Morphology"":{""attempts"":276,""discoveries"":0,""improvements"":0,""insertions"":0,""insertion_rate"":0.0},""Novelty"":{""attempts"":259,""discoveries"":0,""improvements"":2,""insertions"":2,""insertion_rate"":0.007722007722007722}}","{""Morphology"":181,""Novelty"":29}",0,0.8690036900369004,false,1000
40,146,147000,4.7138720470000015,0.033738926,0.031314501,0.000972382,0.001452043,5.068099244,67.91405,33.701828,6016.430436342955,182,0.9479167,50,4.672158291306009,32,0.17582417582417584,"{""10"":9,""11"":7,""12"":1,""13"":3,""15"":1,""3"":32,""4"":20,""5"":42,""6"":26,""7"":14,""8"":16,""9"":11}","{""10"":5,""11"":11,""12"":7,""13"":1,""14"":4,""15"":5,""17"":13,""18"":2,""19"":1,""20"":2,""21"":4,""23"":1,""24"":1,""3"":32,""31"":2,""32"":1,""33"":2,""35"":1,""36"":1,""4"":2,""5"":18,""6"":2,""7"":18,""8"":36,""9"":10}",64,"{""count"":64,""unique_topologies"":64,""topology_entropy_bits"":6.0,""effective_topology_count"":64.0,""triangle_like_count"":0,""triangle_like_fraction"":0.0,""mean_nodes"":9.0625,""mean_muscles"":17.03125,""node_counts"":{""10"":14,""11"":9,""12"":3,""5"":2,""6"":1,""7"":7,""8"":12,""9"":16},""muscle_counts"":{""10"":5,""11"":3,""12"":3,""13"":4,""14"":2,""15"":4,""16"":7,""17"":1,""18"":7,""19"":8,""20"":6,""21"":2,""22"":2,""24"":2,""25"":1,""30"":2,""31"":2,""6"":1,""8"":1,""9"":1}}",164,5.363039059784104,271,0.271,"{""10"":42,""11"":24,""12"":10,""13"":7,""14"":7,""15"":4,""16"":1,""3"":271,""4"":160,""5"":158,""6"":150,""7"":68,""8"":51,""9"":47}","{""10"":18,""11"":50,""12"":27,""13"":13,""14"":26,""15"":22,""16"":3,""17"":22,""18"":23,""19"":5,""20"":13,""21"":5,""22"":8,""24"":3,""25"":2,""26"":1,""29"":2,""3"":271,""31"":12,""32"":5,""33"":6,""34"":3,""35"":4,""36"":2,""37"":1,""39"":1,""4"":59,""41"":2,""43"":1,""5"":126,""6"":35,""7"":46,""8"":118,""9"":65}","{""Diagonal CMA-ES"":{""attempts"":311,""discoveries"":0,""improvements"":0,""insertions"":0,""insertion_rate"":0.0},""Immigrant"":{""attempts"":145,""discoveries"":0,""improvements"":0,""insertions"":0,""insertion_rate"":0.0},""Morphology"":{""attempts"":304,""discoveries"":0,""improvements"":1,""insertions"":1,""insertion_rate"":0.003289473684210526},""Novelty"":{""attempts"":240,""discoveries"":0,""improvements"":0,""insertions"":0,""insertion_rate"":0.0}}","{""Morphology"":207,""Novelty"":29}",0,0.8690036900369004,false,2000
40,147,148000,4.748306718000001,0.034434671,0.031636253,0.001243082,0.001555336,5.104984461,67.91405,33.701828,6017.561743110418,182,0.9479167,50,4.661314666714915,33,0.1813186813186813,"{""10"":9,""11"":7,""12"":1,""13"":3,""15"":1,""3"":33,""4"":21,""5"":41,""6"":26,""7"":14,""8"":15,""9"":11}","{""10"":5,""11"":11,""12"":7,""13"":1,""14"":4,""15"":4,""17"":13,""18"":2,""19"":1,""20"":2,""21"":4,""23"":1,""24"":1,""3"":33,""31"":2,""32"":1,""33"":2,""35"":1,""36"":1,""4"":2,""5"":19,""6"":2,""7"":18,""8"":35,""9"":10}",64,"{""count"":64,""unique_topologies"":64,""topology_entropy_bits"":6.0,""effective_topology_count"":64.0,""triangle_like_count"":0,""triangle_like_fraction"":0.0,""mean_nodes"":9.109375,""mean_muscles"":17.03125,""node_counts"":{""10"":13,""11"":9,""12"":3,""13"":1,""5"":2,""6"":1,""7"":7,""8"":12,""9"":16},""muscle_counts"":{""10"":5,""11"":3,""12"":3,""13"":4,""14"":2,""15"":4,""16"":7,""17"":1,""18"":7,""19"":8,""20"":6,""21"":2,""22"":2,""24"":2,""25"":1,""30"":2,""31"":2,""6"":1,""8"":1,""9"":1}}",172,5.643669890361896,182,0.182,"{""10"":34,""11"":38,""12"":16,""13"":5,""14"":6,""15"":7,""16"":1,""3"":182,""4"":180,""5"":192,""6"":158,""7"":84,""8"":62,""9"":35}","{""10"":25,""11"":53,""12"":24,""13"":8,""14"":26,""15"":28,""16"":3,""17"":13,""18"":19,""19"":10,""20"":17,""21"":7,""22"":7,""24"":7,""25"":1,""26"":1,""27"":1,""3"":182,""31"":13,""32"":9,""33"":3,""34"":3,""35"":7,""36"":2,""37"":2,""39"":1,""4"":57,""41"":1,""5"":148,""6"":32,""7"":56,""8"":145,""9"":89}","{""Diagonal CMA-ES"":{""attempts"":306,""discoveries"":0,""improvements"":1,""insertions"":1,""insertion_rate"":0.0032679738562091504},""Immigrant"":{""attempts"":156,""discoveries"":0,""improvements"":0,""insertions"":0,""insertion_rate"":0.0},""Morphology"":{""attempts"":294,""discoveries"":1,""improvements"":2,""insertions"":3,""insertion_rate"":0.01020408163265306},""Novelty"":{""attempts"":244,""discoveries"":0,""improvements"":1,""insertions"":1,""insertion_rate"":0.004098360655737705}}","{""Morphology"":195,""Novelty"":27}",1,0.8674033149171271,false,3000
40,148,149000,4.781283410000001,0.032976692,0.030083292,0.001002064,0.001891336,5.140367769,67.91405,33.701828,6035.1414359509945,182,0.9479167,49,4.651234499289086,32,0.17582417582417584,"{""10"":10,""11"":7,""12"":1,""13"":3,""15"":1,""3"":32,""4"":22,""5"":41,""6"":26,""7"":14,""8"":15,""9"":10}","{""10"":5,""11"":11,""12"":7,""13"":1,""14"":3,""15"":4,""17"":13,""18"":2,""19"":1,""20"":2,""21"":5,""23"":1,""24"":1,""3"":32,""31"":2,""32"":1,""33"":2,""35"":1,""36"":1,""4"":2,""5"":20,""6"":2,""7"":18,""8"":35,""9"":10}",64,"{""count"":64,""unique_topologies"":64,""topology_entropy_bits"":6.0,""effective_topology_count"":64.0,""triangle_like_count"":0,""triangle_like_fraction"":0.0,""mean_nodes"":9.109375,""mean_muscles"":17.03125,""node_counts"":{""10"":13,""11"":9,""12"":3,""13"":1,""5"":2,""6"":1,""7"":7,""8"":12,""9"":16},""muscle_counts"":{""10"":5,""11"":3,""12"":3,""13"":4,""14"":2,""15"":4,""16"":7,""17"":1,""18"":7,""19"":8,""20"":6,""21"":2,""22"":2,""24"":2,""25"":1,""30"":2,""31"":2,""6"":1,""8"":1,""9"":1}}",163,5.649888546243254,156,0.156,"{""10"":58,""11"":29,""12"":5,""13"":25,""14"":17,""15"":3,""3"":156,""4"":151,""5"":214,""6"":142,""7"":68,""8"":54,""9"":78}","{""10"":24,""11"":51,""12"":38,""13"":13,""14"":14,""15"":11,""16"":4,""17"":65,""18"":23,""19"":5,""20"":10,""21"":17,""22"":9,""24"":16,""25"":4,""26"":1,""27"":6,""29"":1,""3"":156,""31"":9,""32"":3,""33"":17,""34"":2,""35"":3,""37"":4,""4"":58,""5"":108,""6"":31,""7"":87,""8"":132,""9"":78}","{""Diagonal CMA-ES"":{""attempts"":300,""discoveries"":0,""improvements"":0,""insertions"":0,""insertion_rate"":0.0},""Immigrant"":{""attempts"":138,""discoveries"":0,""improvements"":0,""insertions"":0,""insertion_rate"":0.0},""Morphology"":{""attempts"":296,""discoveries"":0,""improvements"":2,""insertions"":2,""insertion_rate"":0.006756756756756757},""Novelty"":{""attempts"":266,""discoveries"":0,""improvements"":0,""insertions"":0,""insertion_rate"":0.0}}","{""Morphology"":200,""Novelty"":37}",0,0.8674033149171271,false,4000
40,149,150000,4.819329787000001,0.038046377,0.034973697,0.001234771,0.001837909,5.181491574,67.91405,33.701828,6036.076509803534,182,0.9479167,49,4.651234499289087,32,0.17582417582417584,"{""10"":10,""11"":7,""12"":1,""13"":3,""14"":1,""15"":1,""3"":32,""4"":22,""5"":41,""6"":26,""7"":14,""8"":14,""9"":10}","{""10"":5,""11"":11,""12"":7,""14"":3,""15"":4,""17"":13,""18"":2,""19"":1,""20"":2,""21"":5,""23"":1,""24"":1,""25"":1,""3"":32,""31"":2,""32"":1,""33"":2,""35"":1,""36"":1,""4"":2,""5"":20,""6"":2,""7"":18,""8"":35,""9"":10}",64,"{""count"":64,""unique_topologies"":64,""topology_entropy_bits"":6.0,""effective_topology_count"":64.0,""triangle_like_count"":0,""triangle_like_fraction"":0.0,""mean_nodes"":9.078125,""mean_muscles"":17.015625,""node_counts"":{""10"":14,""11"":9,""12"":2,""13"":1,""5"":2,""6"":1,""7"":7,""8"":12,""9"":16},""muscle_counts"":{""10"":5,""11"":3,""12"":3,""13"":4,""14"":2,""15"":4,""16"":7,""17"":1,""18"":8,""19"":7,""20"":6,""21"":2,""22"":2,""24"":2,""25"":1,""30"":2,""31"":2,""6"":1,""8"":1,""9"":1}}",172,5.6128957445677115,164,0.164,"{""10"":72,""11"":43,""12"":10,""13"":23,""14"":4,""15"":3,""16"":1,""3"":164,""4"":130,""5"":235,""6"":136,""7"":73,""8"":46,""9"":60}","{""10"":22,""11"":49,""12"":26,""13"":12,""14"":13,""15"":13,""16"":2,""17"":65,""18"":20,""19"":7,""20"":12,""21"":26,""22"":14,""23"":2,""24"":10,""25"":3,""29"":1,""3"":164,""31"":9,""32"":3,""33"":23,""34"":1,""35"":3,""37"":2,""39"":1,""4"":48,""43"":1,""5"":108,""6"":37,""7"":86,""8"":145,""9"":72}","{""Diagonal CMA-ES"":{""attempts"":300,""discoveries"":0,""improvements"":0,""insertions"":0,""insertion_rate"":0.0},""Immigrant"":{""attempts"":164,""discoveries"":0,""improvements"":0,""insertions"":0,""insertion_rate"":0.0},""Morphology"":{""attempts"":286,""discoveries"":1,""improvements"":1,""insertions"":2,""insertion_rate"":0.006993006993006993},""Novelty"":{""attempts"":250,""discoveries"":0,""improvements"":0,""insertions"":0,""insertion_rate"":0.0}}","{""Morphology"":183,""Novelty"":30}",2,0.8674033149171271,false,5000
40,150,151000,4.854805704000001,0.035475916999999996,0.032849653,0.001059054,0.00156721,5.219843081,67.91405,34.785213,6039.963808387518,182,0.9479167,48,4.605719220901072,34,0.18681318681318682,"{""10"":10,""11"":7,""12"":1,""13"":3,""14"":1,""15"":1,""3"":34,""4"":21,""5"":41,""6"":26,""7"":14,""8"":13,""9"":10}","{""10"":5,""11"":10,""12"":7,""14"":3,""15"":4,""17"":13,""18"":2,""19"":1,""20"":2,""21"":5,""23"":1,""24"":1,""25"":1,""3"":34,""31"":2,""32"":1,""33"":2,""35"":1,""36"":1,""4"":2,""5"":19,""6"":2,""7"":18,""8"":35,""9"":10}",64,"{""count"":64,""unique_topologies"":64,""topology_entropy_bits"":6.0,""effective_topology_count"":64.0,""triangle_like_count"":0,""triangle_like_fraction"":0.0,""mean_nodes"":9.078125,""mean_muscles"":17.015625,""node_counts"":{""10"":14,""11"":9,""12"":2,""13"":1,""5"":2,""6"":1,""7"":7,""8"":12,""9"":16},""muscle_counts"":{""10"":5,""11"":3,""12"":3,""13"":4,""14"":2,""15"":4,""16"":7,""17"":1,""18"":8,""19"":7,""20"":6,""21"":2,""22"":2,""24"":2,""25"":1,""30"":2,""31"":2,""6"":1,""8"":1,""9"":1}}",178,5.719801397431007,151,0.151,"{""10"":64,""11"":37,""12"":10,""13"":17,""14"":13,""15"":3,""3"":151,""4"":153,""5"":206,""6"":157,""7"":76,""8"":59,""9"":54}","{""10"":22,""11"":52,""12"":41,""13"":9,""14"":15,""15"":15,""16"":2,""17"":57,""18"":29,""19"":13,""20"":14,""21"":17,""22"":2,""24"":4,""25"":6,""27"":2,""3"":151,""31"":7,""32"":4,""33"":17,""34"":6,""35"":4,""37"":3,""4"":58,""5"":115,""6"":23,""7"":81,""8"":147,""9"":84}","{""Diagonal CMA-ES"":{""attempts"":295,""discoveries"":0,""improvements"":1,""insertions"":1,""insertion_rate"":0.003389830508474576},""Immigrant"":{""attempts"":142,""discoveries"":0,""improvements"":0,""insertions"":0,""insertion_rate"":0.0},""Morphology"":{""attempts"":309,""discoveries"":0,""improvements"":3,""insertions"":3,""insertion_rate"":0.009708737864077669},""Novelty"":{""attempts"":254,""discoveries"":0,""improvements"":0,""insertions"":0,""insertion_rate"":0.0}}","{""Morphology"":202,""Novelty"":28}",0,0.8676470588235294,false,6000
40,151,152000,4.889351980000002,0.034546276,0.03206961,0.00095576,0.001520906,5.256699803,67.91405,34.785213,6056.687837928534,182,0.9479167,48,4.589452925335023,35,0.19230769230769232,"{""10"":10,""11"":7,""12"":1,""13"":3,""14"":1,""15"":1,""3"":35,""4"":20,""5"":40,""6"":26,""7"":13,""8"":14,""9"":11}","{""10"":5,""11"":10,""12"":8,""14"":2,""15"":4,""17"":14,""18"":2,""19"":1,""20"":2,""21"":5,""23"":1,""24"":1,""25"":1,""3"":35,""31"":2,""32"":1,""33"":2,""35"":1,""36"":1,""4"":2,""5"":18,""6"":2,""7"":17,""8"":35,""9"":10}",64,"{""count"":64,""unique_topologies"":64,""topology_entropy_bits"":6.0,""effective_topology_count"":64.0,""triangle_like_count"":0,""triangle_like_fraction"":0.0,""mean_nodes"":9.078125,""mean_muscles"":17.015625,""node_counts"":{""10"":14,""11"":9,""12"":2,""13"":1,""5"":2,""6"":1,""7"":7,""8"":12,""9"":16},""muscle_counts"":{""10"":5,""11"":3,""12"":3,""13"":4,""14"":2,""15"":4,""16"":7,""17"":1,""18"":8,""19"":7,""20"":6,""21"":2,""22"":2,""24"":2,""25"":1,""30"":2,""31"":2,""6"":1,""8"":1,""9"":1}}",161,5.531683985322145,175,0.175,"{""10"":48,""11"":35,""12"":6,""13"":24,""14"":12,""15"":3,""16"":1,""3"":175,""4"":152,""5"":225,""6"":146,""7"":67,""8"":51,""9"":55}","{""10"":24,""11"":50,""12"":40,""13"":5,""14"":11,""15"":12,""16"":2,""17"":52,""18"":20,""19"":7,""20"":8,""21"":15,""22"":8,""23"":2,""24"":5,""25"":4,""28"":4,""3"":175,""31"":8,""32"":3,""33"":23,""34"":4,""35"":3,""36"":1,""37"":2,""4"":67,""41"":1,""42"":1,""43"":1,""5"":103,""6"":28,""7"":86,""8"":147,""9"":78}","{""Diagonal CMA-ES"":{""attempts"":295,""discoveries"":0,""improvements"":0,""insertions"":0,""insertion_rate"":0.0},""Immigrant"":{""attempts"":149,""discoveries"":0,""improvements"":0,""insertions"":0,""insertion_rate"":0.0},""Morphology"":{""attempts"":287,""discoveries"":0,""improvements"":3,""insertions"":3,""insertion_rate"":0.010452961672473868},""Novelty"":{""attempts"":269,""discoveries"":0,""improvements"":0,""insertions"":0,""insertion_rate"":0.0}}","{""Morphology"":189,""Novelty"":29}",0,0.8676470588235294,false,7000
40,152,153000,4.923495768000001,0.034143788,0.031176776,0.001227647,0.001739365,5.293948327,67.91405,34.941032,6096.943925708532,182,0.9479167,49,4.582389000126236,37,0.2032967032967033,"{""10"":9,""11"":7,""12"":1,""13"":3,""14"":1,""15"":1,""3"":37,""4"":18,""5"":40,""6"":26,""7"":14,""8"":13,""9"":12}","{""10"":5,""11"":10,""12"":8,""14"":2,""15"":4,""17"":14,""18"":2,""19"":1,""20"":2,""21"":5,""23"":1,""24"":1,""25"":1,""3"":37,""31"":2,""32"":1,""33"":2,""35"":1,""36"":1,""4"":2,""5"":16,""6"":2,""7"":17,""8"":35,""9"":10}",64,"{""count"":64,""unique_topologies"":64,""topology_entropy_bits"":6.0,""effective_topology_count"":64.0,""triangle_like_count"":0,""triangle_like_fraction"":0.0,""mean_nodes"":9.078125,""mean_muscles"":16.96875,""node_counts"":{""10"":14,""11"":9,""12"":2,""13"":1,""5"":2,""6"":1,""7"":7,""8"":12,""9"":16},""muscle_counts"":{""10"":5,""11"":3,""12"":2,""13"":4,""14"":2,""15"":4,""16"":7,""17"":1,""18"":8,""19"":7,""20"":6,""21"":2,""22"":2,""24"":2,""25"":1,""30"":2,""31"":2,""6"":1,""8"":1,""9"":2}}",171,5.5450187841039895,178,0.178,"{""10"":58,""11"":34,""12"":8,""13"":19,""14"":13,""15"":4,""3"":178,""4"":135,""5"":219,""6"":150,""7"":58,""8"":54,""9"":70}","{""10"":15,""11"":46,""12"":40,""13"":7,""14"":14,""15"":15,""16"":2,""17"":68,""18"":18,""19"":8,""20"":13,""21"":19,""22"":5,""23"":2,""24"":4,""25"":6,""27"":1,""3"":178,""31"":8,""32"":5,""33"":18,""34"":7,""35"":5,""37"":3,""4"":57,""5"":104,""6"":27,""7"":86,""8"":142,""9"":77}","{""Diagonal CMA-ES"":{""attempts"":298,""discoveries"":0,""improvements"":0,""insertions"":0,""insertion_rate"":0.0},""Immigrant"":{""attempts"":154,""discoveries"":0,""improvements"":0,""insertions"":0,""insertion_rate"":0.0},""Morphology"":{""attempts"":299,""discoveries"":1,""improvements"":6,""insertions"":7,""insertion_rate"":0.023411371237458192},""Novelty"":{""attempts"":249,""discoveries"":0,""improvements"":0,""insertions"":0,""insertion_rate"":0.0}}","{""Morphology"":184,""Novelty"":28}",1,0.8681318681318682,false,8000
40,153,154000,4.956554381000001,0.033058613,0.03059026,0.001018685,0.001449668,5.329341133,67.91405,34.941032,6105.042455524206,182,0.9479167,50,4.58991852208987,38,0.2087912087912088,"{""10"":10,""11"":7,""12"":1,""13"":3,""14"":1,""15"":1,""3"":38,""4"":18,""5"":40,""6"":25,""7"":14,""8"":12,""9"":12}","{""10"":5,""11"":10,""12"":7,""14"":2,""15"":4,""17"":14,""18"":2,""19"":2,""20"":2,""21"":5,""23"":1,""24"":1,""25"":1,""3"":38,""31"":2,""32"":1,""33"":2,""35"":1,""36"":1,""4"":2,""5"":16,""6"":2,""7"":17,""8"":34,""9"":10}",64,"{""count"":64,""unique_topologies"":64,""topology_entropy_bits"":6.0,""effective_topology_count"":64.0,""triangle_like_count"":0,""triangle_like_fraction"":0.0,""mean_nodes"":9.078125,""mean_muscles"":17.046875,""node_counts"":{""10"":14,""11"":9,""12"":2,""13"":1,""5"":2,""6"":1,""7"":7,""8"":12,""9"":16},""muscle_counts"":{""10"":5,""11"":3,""12"":2,""13"":4,""14"":3,""15"":4,""16"":7,""17"":1,""18"":8,""19"":7,""20"":6,""21"":2,""22"":2,""24"":2,""25"":1,""30"":2,""31"":2,""6"":1,""8"":1,""9"":1}}",149,5.123517471184861,230,0.23,"{""10"":53,""11"":29,""12"":3,""13"":18,""14"":6,""16"":1,""3"":230,""4"":172,""5"":175,""6"":135,""7"":59,""8"":38,""9"":81}","{""10"":22,""11"":33,""12"":29,""13"":6,""14"":7,""15"":3,""16"":2,""17"":87,""18"":24,""19"":6,""20"":13,""21"":6,""22"":7,""23"":1,""24"":11,""25"":1,""28"":1,""3"":230,""32"":1,""33"":18,""34"":3,""37"":1,""4"":65,""43"":2,""5"":119,""6"":32,""7"":70,""8"":131,""9"":69}","{""Diagonal CMA-ES"":{""attempts"":321,""discoveries"":0,""improvements"":0,""insertions"":0,""insertion_rate"":0.0},""Immigrant"":{""attempts"":137,""discoveries"":0,""improvements"":0,""insertions"":0,""insertion_rate"":0.0},""Morphology"":{""attempts"":283,""discoveries"":1,""improvements"":1,""insertions"":2,""insertion_rate"":0.007067137809187279},""Novelty"":{""attempts"":259,""discoveries"":0,""improvements"":1,""insertions"":1,""insertion_rate"":0.003861003861003861}}","{""Morphology"":200,""Novelty"":37}",0,0.8681318681318682,false,9000
40,154,155000,4.990117590000001,0.033563209000000004,0.031240889,0.001009188,0.001313132,5.365219537,67.91405,34.941032,6135.476158946753,182,0.9479167,50,4.574482772117994,39,0.21428571428571427,"{""10"":10,""11"":7,""12"":1,""13"":3,""14"":1,""15"":1,""3"":39,""4"":18,""5"":40,""6"":24,""7"":14,""8"":12,""9"":12}","{""10"":5,""11"":10,""12"":7,""14"":2,""15"":4,""17"":14,""18"":2,""19"":2,""20"":2,""21"":5,""23"":1,""24"":1,""25"":1,""3"":39,""31"":2,""32"":1,""33"":2,""35"":1,""36"":1,""4"":2,""5"":16,""6"":2,""7"":17,""8"":33,""9"":10}",64,"{""count"":64,""unique_topologies"":64,""topology_entropy_bits"":6.0,""effective_topology_count"":64.0,""triangle_like_count"":0,""triangle_like_fraction"":0.0,""mean_nodes"":9.109375,""mean_muscles"":17.125,""node_counts"":{""10"":13,""11"":9,""12"":3,""13"":1,""5"":2,""6"":1,""7"":7,""8"":12,""9"":16},""muscle_counts"":{""10"":5,""11"":3,""12"":2,""13"":4,""14"":3,""15"":4,""16"":7,""17"":2,""18"":7,""19"":6,""20"":5,""21"":2,""22"":3,""23"":1,""24"":2,""25"":1,""30"":2,""31"":2,""6"":1,""8"":1,""9"":1}}",160,5.184547737586517,223,0.223,"{""10"":47,""11"":33,""12"":6,""13"":20,""14"":12,""15"":2,""3"":223,""4"":201,""5"":179,""6"":137,""7"":39,""8"":41,""9"":60}","{""10"":15,""11"":40,""12"":20,""13"":1,""14"":14,""15"":13,""16"":2,""17"":71,""18"":21,""19"":6,""20"":8,""21"":8,""22"":7,""23"":2,""24"":11,""25"":1,""26"":2,""27"":2,""3"":223,""30"":1,""31"":2,""32"":2,""33"":20,""34"":5,""35"":2,""37"":3,""4"":74,""41"":2,""43"":1,""5"":146,""6"":27,""7"":75,""8"":115,""9"":58}","{""Diagonal CMA-ES"":{""attempts"":297,""discoveries"":0,""improvements"":0,""insertions"":0,""insertion_rate"":0.0},""Immigrant"":{""attempts"":137,""discoveries"":0,""improvements"":0,""insertions"":0,""insertion_rate"":0.0},""Morphology"":{""attempts"":319,""discoveries"":4,""improvements"":0,""insertions"":4,""insertion_rate"":0.012539184952978056},""Novelty"":{""attempts"":247,""discoveries"":0,""improvements"":1,""insertions"":1,""insertion_rate"":0.004048582995951417}}","{""Morphology"":224,""Novelty"":29}",3,0.8681318681318682,false,10000
40,155,156000,5.023911131000001,0.033793540999999996,0.031399985,0.000952198,0.001441358,5.4013591420000004,67.91405,34.941032,6135.476158946753,182,0.9479167,50,4.574482772117996,39,0.21428571428571427,"{""10"":10,""11"":7,""12"":1,""13"":3,""14"":1,""15"":1,""3"":39,""4"":18,""5"":40,""6"":24,""7"":14,""8"":12,""9"":12}","{""10"":5,""11"":10,""12"":7,""14"":2,""15"":4,""17"":14,""18"":2,""19"":2,""20"":2,""21"":5,""23"":1,""24"":1,""25"":1,""3"":39,""31"":2,""32"":1,""33"":2,""35"":1,""36"":1,""4"":2,""5"":16,""6"":2,""7"":17,""8"":33,""9"":10}",64,"{""count"":64,""unique_topologies"":64,""topology_entropy_bits"":6.0,""effective_topology_count"":64.0,""triangle_like_count"":0,""triangle_like_fraction"":0.0,""mean_nodes"":9.109375,""mean_muscles"":17.125,""node_counts"":{""10"":13,""11"":9,""12"":3,""13"":1,""5"":2,""6"":1,""7"":7,""8"":12,""9"":16},""muscle_counts"":{""10"":5,""11"":3,""12"":2,""13"":4,""14"":3,""15"":4,""16"":7,""17"":2,""18"":7,""19"":6,""20"":5,""21"":2,""22"":3,""23"":1,""24"":2,""25"":1,""30"":2,""31"":2,""6"":1,""8"":1,""9"":1}}",157,4.970371689415459,245,0.245,"{""10"":59,""11"":19,""12"":14,""13"":19,""14"":8,""15"":2,""3"":245,""4"":214,""5"":185,""6"":96,""7"":37,""8"":35,""9"":67}","{""10"":15,""11"":21,""12"":29,""13"":4,""14"":8,""15"":8,""16"":2,""17"":72,""18"":22,""19"":10,""20"":8,""21"":10,""22"":6,""23"":4,""24"":11,""25"":4,""26"":4,""27"":1,""29"":2,""3"":245,""31"":2,""32"":1,""33"":13,""34"":4,""35"":1,""37"":3,""4"":77,""41"":1,""5"":161,""6"":31,""7"":69,""8"":103,""9"":48}","{""Diagonal CMA-ES"":{""attempts"":306,""discoveries"":0,""improvements"":0,""insertions"":0,""insertion_rate"":0.0},""Immigrant"":{""attempts"":146,""discoveries"":0,""improvements"":0,""insertions"":0,""insertion_rate"":0.0},""Morphology"":{""attempts"":293,""discoveries"":0,""improvements"":1,""insertions"":1,""insertion_rate"":0.0034129692832764505},""Novelty"":{""attempts"":255,""discoveries"":0,""improvements"":0,""insertions"":0,""insertion_rate"":0.0}}","{""Morphology"":200,""Novelty"":39}",0,0.8665447897623401,false,11000
40,156,157000,5.059934382000001,0.036023251000000006,0.032882897,0.001178968,0.001961386,5.440585674,67.91405,35.427284,6161.191824764013,182,0.9479167,50,4.566530724326442,40,0.21978021978021978,"{""10"":10,""11"":7,""12"":1,""13"":3,""14"":1,""15"":1,""3"":40,""4"":17,""5"":40,""6"":24,""7"":15,""8"":11,""9"":12}","{""10"":6,""11"":10,""12"":6,""14"":2,""15"":4,""17"":14,""18"":2,""19"":2,""20"":2,""21"":5,""23"":1,""24"":1,""25"":1,""3"":40,""31"":2,""32"":1,""33"":2,""35"":1,""36"":1,""4"":2,""5"":15,""6"":2,""7"":18,""8"":32,""9"":10}",64,"{""count"":64,""unique_topologies"":64,""topology_entropy_bits"":6.0,""effective_topology_count"":64.0,""triangle_like_count"":0,""triangle_like_fraction"":0.0,""mean_nodes"":9.109375,""mean_muscles"":17.125,""node_counts"":{""10"":13,""11"":9,""12"":3,""13"":1,""5"":2,""6"":1,""7"":7,""8"":12,""9"":16},""muscle_counts"":{""10"":5,""11"":3,""12"":2,""13"":4,""14"":3,""15"":4,""16"":7,""17"":2,""18"":7,""19"":6,""20"":5,""21"":2,""22"":3,""23"":1,""24"":2,""25"":1,""30"":2,""31"":2,""6"":1,""8"":1,""9"":1}}",154,5.381801494824496,225,0.225,"{""10"":37,""11"":29,""12"":19,""13"":5,""14"":18,""15"":6,""16"":1,""3"":225,""4"":200,""5"":188,""6"":134,""7"":75,""8"":35,""9"":28}","{""10"":20,""11"":46,""12"":9,""13"":3,""14"":22,""15"":15,""16"":2,""17"":19,""18"":23,""19"":13,""20"":6,""21"":5,""22"":7,""23"":6,""24"":2,""25"":11,""26"":3,""28"":1,""29"":1,""3"":225,""31"":16,""32"":7,""33"":2,""34"":6,""35"":6,""36"":1,""37"":3,""4"":64,""41"":1,""5"":163,""6"":37,""7"":71,""8"":111,""9"":73}","{""Diagonal CMA-ES"":{""attempts"":297,""discoveries"":0,""improvements"":0,""insertions"":0,""insertion_rate"":0.0},""Immigrant"":{""attempts"":184,""discoveries"":0,""improvements"":0,""insertions"":0,""insertion_rate"":0.0},""Morphology"":{""attempts"":288,""discoveries"":0,""improvements"":4,""insertions"":4,""insertion_rate"":0.013888888888888888},""Novelty"":{""attempts"":231,""discoveries"":0,""improvements"":1,""insertions"":1,""insertion_rate"":0.004329004329004329}}","{""Morphology"":189,""Novelty"":20}",0,0.8665447897623401,false,12000
40,157,158000,5.095854341000001,0.035919959,0.033122728,0.001158785,0.001638446,5.479298114,67.91405,35.69834,6187.683693736792,182,0.9479167,50,4.553157137248145,41,0.22527472527472528,"{""10"":10,""11"":7,""12"":1,""13"":3,""14"":1,""15"":1,""3"":41,""4"":16,""5"":40,""6"":24,""7"":15,""8"":11,""9"":12}","{""10"":6,""11"":10,""12"":6,""14"":2,""15"":4,""17"":14,""18"":2,""19"":2,""20"":2,""21"":5,""23"":1,""24"":1,""25"":1,""3"":41,""31"":2,""32"":1,""33"":2,""35"":1,""36"":1,""4"":2,""5"":14,""6"":2,""7"":18,""8"":32,""9"":10}",64,"{""count"":64,""unique_topologies"":64,""topology_entropy_bits"":6.0,""effective_topology_count"":64.0,""triangle_like_count"":0,""triangle_like_fraction"":0.0,""mean_nodes"":9.109375,""mean_muscles"":17.125,""node_counts"":{""10"":13,""11"":9,""12"":3,""13"":1,""5"":2,""6"":1,""7"":7,""8"":12,""9"":16},""muscle_counts"":{""10"":5,""11"":3,""12"":2,""13"":4,""14"":3,""15"":4,""16"":7,""17"":2,""18"":7,""19"":6,""20"":5,""21"":2,""22"":3,""23"":1,""24"":2,""25"":1,""30"":2,""31"":2,""6"":1,""8"":1,""9"":1}}",164,5.475526275905424,226,0.226,"{""10"":42,""11"":36,""12"":21,""13"":7,""14"":16,""15"":7,""16"":1,""3"":226,""4"":186,""5"":188,""6"":139,""7"":68,""8"":44,""9"":19}","{""10"":18,""11"":39,""12"":8,""13"":1,""14"":18,""15"":23,""17"":23,""18"":16,""19"":17,""20"":12,""21"":5,""22"":6,""23"":6,""24"":6,""25"":9,""26"":2,""27"":2,""29"":2,""3"":226,""30"":2,""31"":14,""32"":9,""33"":3,""34"":6,""35"":8,""36"":1,""4"":58,""41"":2,""5"":149,""6"":43,""7"":71,""8"":118,""9"":77}","{""Diagonal CMA-ES"":{""attempts"":325,""discoveries"":0,""improvements"":1,""insertions"":1,""insertion_rate"":0.003076923076923077},""Immigrant"":{""attempts"":160,""discoveries"":0,""improvements"":0,""insertions"":0,""insertion_rate"":0.0},""Morphology"":{""attempts"":280,""discoveries"":0,""improvements"":2,""insertions"":2,""insertion_rate"":0.007142857142857143},""Novelty"":{""attempts"":235,""discoveries"":0,""improvements"":0,""insertions"":0,""insertion_rate"":0.0}}","{""Morphology"":183,""Novelty"":24}",0,0.8672727272727273,false,13000
40,158,159000,5.12973218,0.033877839,0.031339434,0.000990192,0.001548213,5.515815274,67.91405,35.69834,6205.458172649145,182,0.9479167,51,4.548664282482394,42,0.23076923076923078,"{""10"":11,""11"":7,""12"":1,""13"":3,""14"":1,""15"":1,""3"":42,""4"":16,""5"":39,""6"":24,""7"":15,""8"":10,""9"":12}","{""10"":6,""11"":10,""12"":5,""14"":2,""15"":4,""17"":14,""18"":2,""19"":2,""20"":2,""21"":5,""22"":1,""23"":1,""24"":1,""25"":1,""3"":42,""31"":2,""32"":1,""33"":2,""35"":1,""36"":1,""4"":2,""5"":14,""6"":2,""7"":18,""8"":31,""9"":10}",64,"{""count"":64,""unique_topologies"":64,""topology_entropy_bits"":6.0,""effective_topology_count"":64.0,""triangle_like_count"":0,""triangle_like_fraction"":0.0,""mean_nodes"":9.140625,""mean_muscles"":17.171875,""node_counts"":{""10"":12,""11"":9,""12"":4,""13"":1,""5"":2,""6"":1,""7"":7,""8"":12,""9"":16},""muscle_counts"":{""10"":5,""11"":3,""12"":2,""13"":4,""14"":3,""15"":4,""16"":7,""17"":2,""18"":7,""19"":6,""20"":5,""21"":2,""22"":2,""23"":1,""24"":2,""25"":2,""30"":2,""31"":2,""6"":1,""8"":1,""9"":1}}",162,5.213152103681337,249,0.249,"{""10"":53,""11"":39,""12"":10,""13"":18,""14"":8,""15"":3,""3"":249,""4"":139,""5"":178,""6"":123,""7"":52,""8"":45,""9"":83}","{""10"":21,""11"":43,""12"":31,""13"":3,""14"":13,""15"":9,""16"":4,""17"":81,""18"":18,""19"":10,""20"":15,""21"":11,""22"":8,""23"":2,""24"":13,""25"":8,""26"":1,""28"":1,""29"":1,""3"":249,""31"":7,""32"":2,""33"":17,""34"":2,""35"":4,""39"":1,""4"":65,""41"":1,""5"":94,""6"":22,""7"":76,""8"":115,""9"":52}","{""Diagonal CMA-ES"":{""attempts"":292,""discoveries"":0,""improvements"":0,""insertions"":0,""insertion_rate"":0.0},""Immigrant"":{""attempts"":138,""discoveries"":0,""improvements"":0,""insertions"":0,""insertion_rate"":0.0},""Morphology"":{""attempts"":309,""discoveries"":1,""improvements"":2,""insertions"":3,""insertion_rate"":0.009708737864077669},""Novelty"":{""attempts"":261,""discoveries"":0,""improvements"":1,""insertions"":1,""insertion_rate"":0.0038314176245210726}}","{""Morphology"":209,""Novelty"":23}",1,0.8672727272727273,false,14000
40,159,160000,5.166085496,0.036353316,0.033469413,0.00117422,0.001709683,5.555336252,67.91405,35.69834,6217.947827190161,182,0.9479167,51,4.5337722866285155,43,0.23626373626373626,"{""10"":11,""11"":7,""12"":1,""13"":3,""14"":1,""15"":1,""3"":43,""4"":15,""5"":39,""6"":24,""7"":15,""8"":10,""9"":12}","{""10"":6,""11"":10,""12"":5,""14"":2,""15"":4,""17"":14,""18"":2,""19"":2,""20"":2,""21"":5,""22"":1,""23"":1,""24"":1,""25"":1,""3"":43,""31"":2,""32"":1,""33"":2,""35"":1,""36"":1,""4"":2,""5"":13,""6"":2,""7"":18,""8"":31,""9"":10}",64,"{""count"":64,""unique_topologies"":64,""topology_entropy_bits"":6.0,""effective_topology_count"":64.0,""triangle_like_count"":0,""triangle_like_fraction"":0.0,""mean_nodes"":9.109375,""mean_muscles"":17.171875,""node_counts"":{""10"":13,""11"":9,""12"":3,""13"":1,""5"":2,""6"":1,""7"":7,""8"":12,""9"":16},""muscle_counts"":{""10"":5,""11"":3,""12"":2,""13"":4,""14"":3,""15"":4,""16"":7,""17"":2,""18"":7,""19"":6,""20"":5,""21"":2,""22"":2,""23"":1,""24"":2,""25"":2,""30"":2,""31"":2,""6"":1,""8"":1,""9"":1}}",162,5.347530811839212,233,0.233,"{""10"":53,""11"":34,""12"":18,""13"":35,""14"":8,""15"":4,""3"":233,""4"":132,""5"":217,""6"":113,""7"":59,""8"":39,""9"":55}","{""10"":17,""11"":36,""12"":27,""13"":2,""14"":10,""15"":10,""16"":1,""17"":64,""18"":29,""19"":6,""20"":8,""21"":8,""22"":9,""23"":2,""24"":7,""25"":10,""26"":8,""27"":4,""28"":4,""29"":1,""3"":233,""30"":1,""31"":7,""32"":3,""33"":22,""34"":3,""35"":4,""37"":2,""4"":63,""41"":1,""5"":92,""6"":27,""7"":85,""8"":126,""9"":68}","{""Diagonal CMA-ES"":{""attempts"":302,""discoveries"":0,""improvements"":0,""insertions"":0,""insertion_rate"":0.0},""Immigrant"":{""attempts"":149,""discoveries"":0,""improvements"":0,""insertions"":0,""insertion_rate"":0.0},""Morphology"":{""attempts"":288,""discoveries"":1,""improvements"":3,""insertions"":4,""insertion_rate"":0.013888888888888888},""Novelty"":{""attempts"":261,""discoveries"":0,""improvements"":0,""insertions"":0,""insertion_rate"":0.0}}","{""Morphology"":192,""Novelty"":25}",1,0.8672727272727273,false,15000
40,160,161000,5.202488678,0.036403182,0.033474163,0.001098233,0.001830786,5.594755123,67.91405,35.69834,6226.935623973608,182,0.9479167,50,4.511794264650492,43,0.23626373626373626,"{""10"":10,""11"":7,""12"":1,""13"":3,""14"":1,""15"":1,""3"":43,""4"":15,""5"":40,""6"":24,""7"":14,""8"":11,""9"":12}","{""10"":6,""11"":10,""12"":6,""14"":2,""15"":4,""17"":14,""18"":2,""19"":1,""20"":2,""21"":5,""22"":1,""23"":1,""24"":1,""25"":1,""3"":43,""31"":2,""32"":1,""33"":2,""35"":1,""36"":1,""4"":2,""5"":13,""6"":2,""7"":18,""8"":32,""9"":9}",64,"{""count"":64,""unique_topologies"":64,""topology_entropy_bits"":6.0,""effective_topology_count"":64.0,""triangle_like_count"":0,""triangle_like_fraction"":0.0,""mean_nodes"":9.125,""mean_muscles"":17.125,""node_counts"":{""10"":12,""11"":10,""12"":3,""13"":1,""5"":2,""6"":1,""7"":7,""8"":12,""9"":16},""muscle_counts"":{""10"":5,""11"":3,""12"":2,""13"":4,""14"":3,""15"":4,""16"":7,""17"":2,""18"":7,""19"":6,""20"":5,""21"":2,""22"":3,""23"":1,""24"":2,""25"":1,""30"":2,""31"":2,""6"":1,""8"":1,""9"":1}}",148,5.280454940959056,227,0.227,"{""10"":63,""11"":49,""12"":7,""13"":13,""14"":13,""15"":3,""16"":1,""3"":227,""4"":145,""5"":198,""6"":127,""7"":52,""8"":38,""9"":64}","{""10"":21,""11"":36,""12"":24,""13"":4,""14"":9,""15"":9,""17"":74,""18"":19,""19"":10,""20"":12,""21"":9,""22"":11,""23"":1,""24"":7,""25"":11,""26"":4,""27"":2,""3"":227,""30"":11,""31"":7,""32"":5,""33"":13,""34"":5,""35"":4,""36"":1,""37"":2,""4"":65,""43"":1,""5"":103,""6"":26,""7"":81,""8"":118,""9"":68}","{""Diagonal CMA-ES"":{""attempts"":288,""discoveries"":0,""improvements"":0,""insertions"":0,""insertion_rate"":0.0},""Immigrant"":{""attempts"":149,""discoveries"":0,""improvements"":0,""insertions"":0,""insertion_rate"":0.0},""Morphology"":{""attempts"":294,""discoveries"":1,""improvements"":4,""insertions"":5,""insertion_rate"":0.017006802721088437},""Novelty"":{""attempts"":269,""discoveries"":0,""improvements"":0,""insertions"":0,""insertion_rate"":0.0}}","{""Morphology"":196,""Novelty"":38}",1,0.8672727272727273,false,16000
40,161,162000,5.234856295,0.032367617,0.029762726,0.001004438,0.001600453,5.629614841,67.91405,35.69834,6249.469845622778,182,0.9479167,49,4.480739469433643,43,0.23626373626373626,"{""10"":10,""11"":7,""12"":1,""13"":3,""14"":1,""15"":1,""3"":43,""4"":15,""5"":41,""6"":24,""7"":13,""8"":11,""9"":12}","{""10"":6,""11"":10,""12"":6,""14"":2,""15"":4,""17"":14,""18"":2,""19"":1,""20"":2,""21"":5,""22"":1,""23"":1,""24"":1,""25"":1,""3"":43,""31"":2,""32"":1,""33"":2,""35"":1,""36"":1,""4"":2,""5"":13,""6"":2,""7"":19,""8"":32,""9"":8}",64,"{""count"":64,""unique_topologies"":64,""topology_entropy_bits"":6.0,""effective_topology_count"":64.0,""triangle_like_count"":0,""triangle_like_fraction"":0.0,""mean_nodes"":9.125,""mean_muscles"":17.125,""node_counts"":{""10"":12,""11"":10,""12"":3,""13"":1,""5"":2,""6"":1,""7"":7,""8"":12,""9"":16},""muscle_counts"":{""10"":5,""11"":3,""12"":2,""13"":4,""14"":3,""15"":4,""16"":7,""17"":2,""18"":7,""19"":6,""20"":5,""21"":2,""22"":3,""23"":1,""24"":2,""25"":1,""30"":2,""31"":2,""6"":1,""8"":1,""9"":1}}",136,4.95129917672627,276,0.276,"{""10"":66,""11"":25,""12"":25,""13"":16,""14"":5,""15"":3,""3"":276,""4"":152,""5"":177,""6"":114,""7"":41,""8"":34,""9"":66}","{""10"":8,""11"":28,""12"":29,""14"":7,""15"":9,""16"":1,""17"":74,""18"":27,""19"":7,""20"":10,""21"":11,""22"":15,""23"":5,""24"":5,""25"":12,""26"":1,""27"":2,""29"":3,""3"":276,""30"":1,""31"":4,""32"":4,""33"":16,""34"":2,""35"":3,""37"":1,""4"":76,""5"":92,""6"":22,""7"":73,""8"":111,""9"":65}","{""Diagonal CMA-ES"":{""attempts"":296,""discoveries"":0,""improvements"":0,""insertions"":0,""insertion_rate"":0.0},""Immigrant"":{""attempts"":141,""discoveries"":0,""improvements"":0,""insertions"":0,""insertion_rate"":0.0},""Morphology"":{""attempts"":292,""discoveries"":1,""improvements"":3,""insertions"":4,""insertion_rate"":0.0136986301369863},""Novelty"":{""attempts"":271,""discoveries"":0,""improvements"":0,""insertions"":0,""insertion_rate"":0.0}}","{""Morphology"":198,""Novelty"":32}",1,0.8656987295825771,false,17000
40,162,163000,5.266960336,0.032104041,0.029653496,0.000986629,0.001463916,5.6642430390000005,67.91405,35.69834,6256.476820796728,182,0.9479167,49,4.486915917527947,42,0.23076923076923078,"{""10"":10,""11"":7,""12"":1,""13"":3,""14"":1,""15"":1,""3"":42,""4"":15,""5"":42,""6"":24,""7"":13,""8"":11,""9"":12}","{""10"":6,""11"":10,""12"":6,""14"":2,""15"":4,""17"":14,""18"":2,""19"":1,""20"":2,""21"":5,""22"":1,""23"":1,""24"":1,""25"":1,""3"":42,""31"":2,""32"":1,""33"":2,""35"":1,""36"":1,""4"":2,""5"":13,""6"":2,""7"":20,""8"":32,""9"":8}",64,"{""count"":64,""unique_topologies"":64,""topology_entropy_bits"":6.0,""effective_topology_count"":64.0,""triangle_like_count"":0,""triangle_like_fraction"":0.0,""mean_nodes"":9.125,""mean_muscles"":17.125,""node_counts"":{""10"":12,""11"":10,""12"":3,""13"":1,""5"":2,""6"":1,""7"":7,""8"":12,""9"":16},""muscle_counts"":{""10"":5,""11"":3,""12"":2,""13"":4,""14"":3,""15"":4,""16"":7,""17"":2,""18"":7,""19"":6,""20"":5,""21"":2,""22"":3,""23"":1,""24"":2,""25"":1,""30"":2,""31"":2,""6"":1,""8"":1,""9"":1}}",163,5.304635867263109,225,0.225,"{""10"":56,""11"":41,""12"":24,""13"":10,""14"":11,""15"":4,""3"":225,""4"":145,""5"":202,""6"":117,""7"":43,""8"":40,""9"":82}","{""10"":12,""11"":33,""12"":32,""13"":5,""14"":9,""15"":9,""16"":4,""17"":86,""18"":22,""19"":8,""20"":11,""21"":15,""22"":9,""23"":11,""24"":8,""25"":6,""26"":1,""27"":1,""28"":1,""29"":4,""3"":225,""30"":1,""31"":8,""32"":3,""33"":10,""34"":3,""35"":4,""37"":5,""4"":71,""5"":93,""6"":29,""7"":90,""8"":121,""9"":50}","{""Diagonal CMA-ES"":{""attempts"":302,""discoveries"":0,""improvements"":0,""insertions"":0,""insertion_rate"":0.0},""Immigrant"":{""attempts"":137,""discoveries"":0,""improvements"":0,""insertions"":0,""insertion_rate"":0.0},""Morphology"":{""attempts"":320,""discoveries"":0,""improvements"":0,""insertions"":0,""insertion_rate"":0.0},""Novelty"":{""attempts"":241,""discoveries"":0,""improvements"":1,""insertions"":1,""insertion_rate"":0.004149377593360996}}","{""Morphology"":210,""Novelty"":25}",0,0.8641304347826086,false,18000
40,163,164000,5.301347516000001,0.034387179999999996,0.031307377,0.001187279,0.001892524,5.701448821,67.91405,35.69834,6261.373194545507,182,0.9479167,49,4.486915917527947,42,0.23076923076923078,"{""10"":10,""11"":7,""12"":1,""13"":3,""14"":1,""15"":1,""3"":42,""4"":15,""5"":42,""6"":24,""7"":13,""8"":11,""9"":12}","{""10"":6,""11"":10,""12"":6,""14"":2,""15"":4,""17"":14,""18"":2,""19"":1,""20"":2,""21"":5,""22"":1,""23"":1,""24"":1,""25"":1,""3"":42,""31"":2,""32"":1,""33"":2,""35"":1,""36"":1,""4"":2,""5"":13,""6"":2,""7"":20,""8"":32,""9"":8}",64,"{""count"":64,""unique_topologies"":64,""topology_entropy_bits"":6.0,""effective_topology_count"":64.0,""triangle_like_count"":0,""triangle_like_fraction"":0.0,""mean_nodes"":9.125,""mean_muscles"":17.125,""node_counts"":{""10"":12,""11"":10,""12"":3,""13"":1,""5"":2,""6"":1,""7"":7,""8"":12,""9"":16},""muscle_counts"":{""10"":5,""11"":3,""12"":2,""13"":4,""14"":3,""15"":4,""16"":7,""17"":2,""18"":7,""19"":6,""20"":5,""21"":2,""22"":3,""23"":1,""24"":2,""25"":1,""30"":2,""31"":2,""6"":1,""8"":1,""9"":1}}",152,5.305712408476618,243,0.243,"{""10"":47,""11"":38,""12"":10,""13"":7,""14"":13,""15"":8,""3"":243,""4"":183,""5"":199,""6"":132,""7"":59,""8"":40,""9"":21}","{""10"":10,""11"":49,""12"":15,""13"":2,""14"":21,""15"":15,""16"":3,""17"":16,""18"":24,""19"":8,""20"":15,""21"":9,""22"":6,""23"":4,""24"":7,""25"":7,""3"":243,""31"":14,""32"":8,""33"":5,""34"":6,""35"":8,""36"":1,""37"":1,""4"":77,""5"":125,""6"":45,""7"":83,""8"":104,""9"":69}","{""Diagonal CMA-ES"":{""attempts"":291,""discoveries"":0,""improvements"":0,""insertions"":0,""insertion_rate"":0.0},""Immigrant"":{""attempts"":167,""discoveries"":0,""improvements"":0,""insertions"":0,""insertion_rate"":0.0},""Morphology"":{""attempts"":281,""discoveries"":0,""improvements"":0,""insertions"":0,""insertion_rate"":0.0},""Novelty"":{""attempts"":261,""discoveries"":0,""improvements"":1,""insertions"":1,""insertion_rate"":0.0038314176245210726}}","{""Morphology"":194,""Novelty"":36}",0,0.8625678119349005,false,19000
40,164,165000,5.339472252000001,0.038124736000000006,0.035042558,0.001196778,0.0018854,5.7427970219999995,67.91405,36.54106,6281.382319301367,182,0.9479167,49,4.478919150332288,43,0.23626373626373626,"{""10"":10,""11"":7,""12"":1,""13"":3,""14"":1,""15"":1,""3"":43,""4"":15,""5"":41,""6"":24,""7"":13,""8"":11,""9"":12}","{""10"":6,""11"":10,""12"":6,""14"":2,""15"":4,""17"":14,""18"":2,""19"":1,""20"":2,""21"":5,""22"":1,""23"":1,""24"":1,""25"":1,""3"":43,""31"":2,""32"":1,""33"":2,""35"":1,""36"":1,""4"":2,""5"":13,""6"":2,""7"":20,""8"":31,""9"":8}",64,"{""count"":64,""unique_topologies"":64,""topology_entropy_bits"":6.0,""effective_topology_count"":64.0,""triangle_like_count"":0,""triangle_like_fraction"":0.0,""mean_nodes"":9.140625,""mean_muscles"":17.15625,""node_counts"":{""10"":13,""11"":10,""12"":3,""13"":1,""5"":2,""6"":1,""7"":7,""8"":12,""9"":15},""muscle_counts"":{""10"":5,""11"":3,""12"":2,""13"":4,""14"":3,""15"":4,""16"":6,""17"":2,""18"":8,""19"":6,""20"":5,""21"":2,""22"":3,""23"":1,""24"":2,""25"":1,""30"":2,""31"":2,""6"":1,""8"":1,""9"":1}}",161,5.329283871860018,242,0.242,"{""10"":52,""11"":39,""12"":15,""13"":3,""14"":15,""15"":6,""16"":1,""3"":242,""4"":173,""5"":191,""6"":128,""7"":65,""8"":39,""9"":31}","{""10"":11,""11"":40,""12"":30,""13"":6,""14"":21,""15"":18,""16"":7,""17"":18,""18"":23,""19"":7,""20"":17,""21"":13,""22"":9,""23"":1,""24"":3,""25"":11,""26"":2,""3"":242,""30"":1,""31"":14,""32"":9,""33"":3,""34"":3,""35"":8,""37"":1,""4"":68,""41"":1,""43"":2,""5"":127,""6"":36,""7"":75,""8"":109,""9"":64}","{""Diagonal CMA-ES"":{""attempts"":285,""discoveries"":0,""improvements"":0,""insertions"":0,""insertion_rate"":0.0},""Immigrant"":{""attempts"":157,""discoveries"":0,""improvements"":0,""insertions"":0,""insertion_rate"":0.0},""Morphology"":{""attempts"":312,""discoveries"":1,""improvements"":3,""insertions"":4,""insertion_rate"":0.01282051282051282},""Novelty"":{""attempts"":246,""discoveries"":0,""improvements"":1,""insertions"":1,""insertion_rate"":0.0040650406504065045}}","{""Morphology"":205,""Novelty"":24}",1,0.8628158844765343,false,20000
40,165,166000,5.3758944290000015,0.036422177,0.032132536,0.001059053,0.003230588,5.781561703,67.91405,36.88787,6309.387297481298,182,0.9479167,49,4.445345341818272,44,0.24175824175824176,"{""10"":9,""11"":6,""12"":1,""13"":3,""14"":1,""15"":1,""3"":44,""4"":15,""5"":41,""6"":24,""7"":13,""8"":11,""9"":13}","{""10"":6,""11"":10,""12"":6,""14"":2,""15"":4,""17"":15,""18"":2,""19"":1,""20"":2,""21"":4,""22"":1,""23"":1,""24"":1,""25"":1,""3"":44,""31"":1,""32"":1,""33"":2,""35"":1,""36"":1,""4"":2,""5"":13,""6"":2,""7"":20,""8"":31,""9"":8}",64,"{""count"":64,""unique_topologies"":64,""topology_entropy_bits"":6.0,""effective_topology_count"":64.0,""triangle_like_count"":0,""triangle_like_fraction"":0.0,""mean_nodes"":9.140625,""mean_muscles"":17.15625,""node_counts"":{""10"":13,""11"":10,""12"":3,""13"":1,""5"":2,""6"":1,""7"":7,""8"":12,""9"":15},""muscle_counts"":{""10"":5,""11"":3,""12"":2,""13"":4,""14"":3,""15"":4,""16"":6,""17"":2,""18"":8,""19"":6,""20"":5,""21"":2,""22"":3,""23"":1,""24"":2,""25"":1,""30"":2,""31"":2,""6"":1,""8"":1,""9"":1}}",152,5.333892088201545,242,0.242,"{""10"":50,""11"":40,""12"":14,""13"":3,""14"":12,""15"":7,""3"":242,""4"":174,""5"":180,""6"":171,""7"":54,""8"":37,""9"":16}","{""10"":9,""11"":82,""12"":30,""13"":3,""14"":12,""15"":14,""16"":3,""17"":15,""18"":22,""19"":9,""20"":17,""21"":15,""22"":6,""23"":4,""24"":4,""25"":9,""27"":2,""28"":1,""3"":242,""30"":2,""31"":9,""32"":9,""33"":3,""34"":3,""35"":6,""37"":2,""4"":60,""43"":1,""5"":138,""6"":37,""7"":65,""8"":101,""9"":65}","{""Diagonal CMA-ES"":{""attempts"":282,""discoveries"":0,""improvements"":0,""insertions"":0,""insertion_rate"":0.0},""Immigrant"":{""attempts"":166,""discoveries"":0,""improvements"":0,""insertions"":0,""insertion_rate"":0.0},""Morphology"":{""attempts"":304,""discoveries"":0,""improvements"":2,""insertions"":2,""insertion_rate"":0.006578947368421052},""Novelty"":{""attempts"":248,""discoveries"":0,""improvements"":1,""insertions"":1,""insertion_rate"":0.004032258064516129}}","{""Morphology"":204,""Novelty"":34}",0,0.8628158844765343,false,21000
40,166,167000,5.4096357300000015,0.033741301,0.030313624,0.001067365,0.002360312,5.818121605,67.91405,36.88787,6312.664450973272,182,0.9479167,49,4.444018007091974,44,0.24175824175824176,"{""10"":9,""11"":6,""12"":1,""13"":3,""14"":1,""15"":1,""3"":44,""4"":14,""5"":41,""6"":25,""7"":13,""8"":11,""9"":13}","{""10"":6,""11"":11,""12"":6,""14"":2,""15"":4,""17"":15,""18"":2,""19"":1,""20"":2,""21"":4,""22"":1,""23"":1,""24"":1,""25"":1,""3"":44,""31"":1,""32"":1,""33"":2,""35"":1,""36"":1,""4"":2,""5"":12,""6"":2,""7"":20,""8"":31,""9"":8}",64,"{""count"":64,""unique_topologies"":64,""topology_entropy_bits"":6.0,""effective_topology_count"":64.0,""triangle_like_count"":0,""triangle_like_fraction"":0.0,""mean_nodes"":9.140625,""mean_muscles"":17.15625,""node_counts"":{""10"":13,""11"":10,""12"":3,""13"":1,""5"":2,""6"":1,""7"":7,""8"":12,""9"":15},""muscle_counts"":{""10"":5,""11"":3,""12"":2,""13"":4,""14"":3,""15"":4,""16"":6,""17"":2,""18"":8,""19"":6,""20"":5,""21"":2,""22"":3,""23"":1,""24"":2,""25"":1,""30"":2,""31"":2,""6"":1,""8"":1,""9"":1}}",151,5.400078970225183,209,0.209,"{""10"":67,""11"":26,""12"":15,""13"":4,""14"":10,""15"":5,""16"":1,""3"":209,""4"":162,""5"":179,""6"":160,""7"":47,""8"":96,""9"":19}","{""10"":6,""11"":84,""12"":82,""13"":7,""14"":15,""15"":15,""16"":2,""17"":17,""18"":31,""19"":5,""20"":18,""21"":12,""22"":8,""23"":3,""24"":10,""25"":6,""28"":1,""29"":1,""3"":209,""31"":5,""32"":8,""33"":3,""35"":7,""36"":1,""37"":4,""4"":69,""5"":115,""6"":39,""7"":64,""8"":97,""9"":56}","{""Diagonal CMA-ES"":{""attempts"":319,""discoveries"":0,""improvements"":0,""insertions"":0,""insertion_rate"":0.0},""Immigrant"":{""attempts"":153,""discoveries"":0,""improvements"":0,""insertions"":0,""insertion_rate"":0.0},""Morphology"":{""attempts"":272,""discoveries"":0,""improvements"":2,""insertions"":2,""insertion_rate"":0.007352941176470588},""Novelty"":{""attempts"":256,""discoveries"":0,""improvements"":1,""insertions"":1,""insertion_rate"":0.00390625}}","{""Morphology"":192,""Novelty"":36}",0,0.8628158844765343,false,22000
40,167,168000,5.444604680000001,0.03496895,0.032360496,0.00099494,0.001613514,5.855446117,67.91405,37.16204,6326.549113601446,182,0.9479167,50,4.463851196511957,44,0.24175824175824176,"{""10"":10,""11"":6,""12"":1,""13"":3,""14"":1,""15"":1,""3"":44,""4"":14,""5"":41,""6"":24,""7"":13,""8"":11,""9"":13}","{""10"":6,""11"":11,""12"":6,""14"":2,""15"":4,""17"":15,""18"":2,""19"":2,""20"":2,""21"":4,""22"":1,""23"":1,""24"":1,""25"":1,""3"":44,""31"":1,""32"":1,""33"":2,""35"":1,""36"":1,""4"":2,""5"":12,""6"":2,""7"":20,""8"":30,""9"":8}",64,"{""count"":64,""unique_topologies"":64,""topology_entropy_bits"":6.0,""effective_topology_count"":64.0,""triangle_like_count"":0,""triangle_like_fraction"":0.0,""mean_nodes"":9.109375,""mean_muscles"":17.265625,""node_counts"":{""10"":14,""11"":10,""12"":3,""13"":1,""4"":1,""5"":2,""6"":1,""7"":7,""8"":10,""9"":15},""muscle_counts"":{""10"":5,""11"":2,""12"":1,""13"":4,""14"":3,""15"":4,""16"":6,""17"":2,""18"":8,""19"":6,""20"":5,""21"":2,""22"":3,""23"":1,""24"":2,""25"":2,""30"":2,""31"":2,""5"":1,""6"":1,""8"":1,""9"":1}}",162,5.388252425317767,215,0.215,"{""10"":49,""11"":21,""12"":12,""13"":9,""14"":17,""15"":7,""3"":215,""4"":161,""5"":213,""6"":123,""7"":56,""8"":84,""9"":33}","{""10"":9,""11"":57,""12"":68,""13"":10,""14"":16,""15"":16,""16"":1,""17"":21,""18"":20,""19"":8,""20"":14,""21"":11,""22"":6,""23"":3,""24"":6,""25"":6,""26"":1,""27"":1,""29"":1,""3"":215,""31"":6,""32"":6,""33"":7,""34"":3,""35"":6,""37"":5,""4"":65,""41"":1,""43"":2,""5"":120,""6"":31,""7"":70,""8"":134,""9"":54}","{""Diagonal CMA-ES"":{""attempts"":296,""discoveries"":0,""improvements"":0,""insertions"":0,""insertion_rate"":0.0},""Immigrant"":{""attempts"":161,""discoveries"":0,""improvements"":0,""insertions"":0,""insertion_rate"":0.0},""Morphology"":{""attempts"":301,""discoveries"":2,""improvements"":1,""insertions"":3,""insertion_rate"":0.009966777408637873},""Novelty"":{""attempts"":242,""discoveries"":0,""improvements"":0,""insertions"":0,""insertion_rate"":0.0}}","{""Morphology"":197,""Novelty"":31}",2,0.863063063063063,false,23000
40,168,169000,5.481377108000001,0.036772428,0.034032186,0.001175407,0.001564835,5.894826998,67.91405,37.16204,6326.549113601446,182,0.9479167,50,4.463851196511957,44,0.24175824175824176,"{""10"":10,""11"":6,""12"":1,""13"":3,""14"":1,""15"":1,""3"":44,""4"":14,""5"":41,""6"":24,""7"":13,""8"":11,""9"":13}","{""10"":6,""11"":11,""12"":6,""14"":2,""15"":4,""17"":15,""18"":2,""19"":2,""20"":2,""21"":4,""22"":1,""23"":1,""24"":1,""25"":1,""3"":44,""31"":1,""32"":1,""33"":2,""35"":1,""36"":1,""4"":2,""5"":12,""6"":2,""7"":20,""8"":30,""9"":8}",64,"{""count"":64,""unique_topologies"":64,""topology_entropy_bits"":6.0,""effective_topology_count"":64.0,""triangle_like_count"":0,""triangle_like_fraction"":0.0,""mean_nodes"":9.109375,""mean_muscles"":17.265625,""node_counts"":{""10"":14,""11"":10,""12"":3,""13"":1,""4"":1,""5"":2,""6"":1,""7"":7,""8"":10,""9"":15},""muscle_counts"":{""10"":5,""11"":2,""12"":1,""13"":4,""14"":3,""15"":4,""16"":6,""17"":2,""18"":8,""19"":6,""20"":5,""21"":2,""22"":3,""23"":1,""24"":2,""25"":2,""30"":2,""31"":2,""5"":1,""6"":1,""8"":1,""9"":1}}",151,5.369232795586429,237,0.237,"{""10"":45,""11"":41,""12"":9,""13"":2,""14"":15,""15"":9,""3"":237,""4"":177,""5"":202,""6"":130,""7"":61,""8"":53,""9"":19}","{""10"":10,""11"":56,""12"":31,""13"":5,""14"":18,""15"":17,""17"":16,""18"":21,""19"":9,""20"":12,""21"":8,""22"":6,""23"":1,""24"":6,""25"":11,""26"":6,""27"":1,""28"":1,""3"":237,""30"":5,""31"":6,""32"":7,""33"":2,""34"":7,""35"":8,""37"":1,""39"":1,""4"":69,""41"":1,""5"":134,""6"":43,""7"":74,""8"":106,""9"":64}","{""Diagonal CMA-ES"":{""attempts"":312,""discoveries"":0,""improvements"":0,""insertions"":0,""insertion_rate"":0.0},""Immigrant"":{""attempts"":144,""discoveries"":0,""improvements"":0,""insertions"":0,""insertion_rate"":0.0},""Morphology"":{""attempts"":291,""discoveries"":0,""improvements"":0,""insertions"":0,""insertion_rate"":0.0},""Novelty"":{""attempts"":253,""discoveries"":0,""improvements"":0,""insertions"":0,""insertion_rate"":0.0}}","{""Morphology"":200,""Novelty"":34}",0,0.863063063063063,false,24000
40,169,170000,5.5154413510000015,0.034064243,0.03125039,0.001231209,0.001582644,5.931827384,67.91405,37.16204,6343.454530090094,182,0.9479167,50,4.453711190992569,45,0.24725274725274726,"{""10"":10,""11"":6,""12"":1,""13"":3,""14"":1,""15"":1,""3"":45,""4"":15,""5"":40,""6"":24,""7"":13,""8"":10,""9"":13}","{""10"":6,""11"":11,""12"":6,""14"":2,""15"":3,""17"":15,""18"":2,""19"":2,""20"":2,""21"":4,""22"":1,""23"":1,""24"":1,""25"":1,""3"":45,""31"":1,""32"":1,""33"":2,""35"":1,""36"":1,""4"":2,""5"":13,""6"":2,""7"":19,""8"":30,""9"":8}",64,"{""count"":64,""unique_topologies"":64,""topology_entropy_bits"":6.0,""effective_topology_count"":64.0,""triangle_like_count"":0,""triangle_like_fraction"":0.0,""mean_nodes"":9.109375,""mean_muscles"":17.265625,""node_counts"":{""10"":14,""11"":10,""12"":3,""13"":1,""4"":1,""5"":2,""6"":1,""7"":7,""8"":10,""9"":15},""muscle_counts"":{""10"":5,""11"":2,""12"":1,""13"":4,""14"":3,""15"":4,""16"":6,""17"":2,""18"":8,""19"":6,""20"":5,""21"":2,""22"":3,""23"":1,""24"":2,""25"":2,""30"":2,""31"":2,""5"":1,""6"":1,""8"":1,""9"":1}}",147,5.355175492805251,219,0.219,"{""10"":47,""11"":35,""12"":12,""13"":1,""14"":12,""15"":7,""3"":219,""4"":222,""5"":186,""6"":123,""7"":58,""8"":52,""9"":26}","{""10"":8,""11"":55,""12"":32,""13"":3,""14"":20,""15"":16,""16"":2,""17"":19,""18"":16,""19"":10,""20"":13,""21"":13,""22"":7,""23"":5,""24"":6,""25"":11,""26"":1,""27"":1,""3"":219,""30"":2,""31"":9,""32"":7,""33"":2,""34"":1,""35"":7,""37"":3,""4"":91,""5"":152,""6"":45,""7"":69,""8"":94,""9"":61}","{""Diagonal CMA-ES"":{""attempts"":304,""discoveries"":0,""improvements"":1,""insertions"":1,""insertion_rate"":0.003289473684210526},""Immigrant"":{""attempts"":167,""discoveries"":0,""improvements"":0,""insertions"":0,""insertion_rate"":0.0},""Morphology"":{""attempts"":293,""discoveries"":0,""improvements"":0,""insertions"":0,""insertion_rate"":0.0},""Novelty"":{""attempts"":236,""discoveries"":0,""improvements"":2,""insertions"":2,""insertion_rate"":0.00847457627118644}}","{""Morphology"":206,""Novelty"":31}",0,0.863063063063063,false,25000
40,170,171000,5.5517578630000015,0.036316512,0.033679564,0.001000877,0.001636071,5.970688237,67.91405,37.16204,6349.046559661627,182,0.9479167,50,4.453711190992569,45,0.24725274725274726,"{""10"":10,""11"":6,""12"":1,""13"":3,""14"":1,""15"":1,""3"":45,""4"":15,""5"":40,""6"":24,""7"":13,""8"":10,""9"":13}","{""10"":6,""11"":11,""12"":6,""14"":2,""15"":3,""17"":15,""18"":2,""19"":2,""20"":2,""21"":4,""22"":1,""23"":1,""24"":1,""25"":1,""3"":45,""31"":1,""32"":1,""33"":2,""35"":1,""36"":1,""4"":2,""5"":13,""6"":2,""7"":19,""8"":30,""9"":8}",64,"{""count"":64,""unique_topologies"":64,""topology_entropy_bits"":6.0,""effective_topology_count"":64.0,""triangle_like_count"":0,""triangle_like_fraction"":0.0,""mean_nodes"":9.109375,""mean_muscles"":17.265625,""node_counts"":{""10"":14,""11"":10,""12"":3,""13"":1,""4"":1,""5"":2,""6"":1,""7"":7,""8"":10,""9"":15},""muscle_counts"":{""10"":5,""11"":2,""12"":1,""13"":4,""14"":3,""15"":4,""16"":6,""17"":2,""18"":8,""19"":6,""20"":5,""21"":2,""22"":3,""23"":1,""24"":2,""25"":2,""30"":2,""31"":2,""5"":1,""6"":1,""8"":1,""9"":1}}",166,5.352715371184189,220,0.22,"{""10"":62,""11"":29,""12"":9,""13"":16,""14"":10,""15"":5,""3"":220,""4"":150,""5"":209,""6"":111,""7"":53,""8"":42,""9"":84}","{""10"":18,""11"":43,""12"":27,""13"":6,""14"":13,""15"":5,""16"":2,""17"":90,""18"":17,""19"":17,""20"":12,""21"":10,""22"":15,""23"":2,""24"":6,""25"":3,""26"":1,""29"":1,""3"":220,""31"":2,""32"":5,""33"":15,""34"":2,""35"":5,""37"":5,""4"":66,""41"":1,""5"":111,""6"":30,""7"":72,""8"":115,""9"":63}","{""Diagonal CMA-ES"":{""attempts"":298,""discoveries"":0,""improvements"":0,""insertions"":0,""insertion_rate"":0.0},""Immigrant"":{""attempts"":154,""discoveries"":0,""improvements"":0,""insertions"":0,""insertion_rate"":0.0},""Morphology"":{""attempts"":296,""discoveries"":0,""improvements"":3,""insertions"":3,""insertion_rate"":0.010135135135135136},""Novelty"":{""attempts"":252,""discoveries"":0,""improvements"":0,""insertions"":0,""insertion_rate"":0.0}}","{""Morphology"":214,""Novelty"":21}",0,0.8635547576301615,false,26000
40,171,172000,5.5860156330000015,0.03425777,0.031819097,0.001003252,0.001435421,6.007449979,67.91405,38.703926,6360.619683593512,182,0.9479167,50,4.439391307567713,46,0.25274725274725274,"{""10"":10,""11"":6,""12"":1,""13"":3,""14"":1,""15"":1,""3"":46,""4"":15,""5"":40,""6"":24,""7"":14,""8"":9,""9"":12}","{""10"":7,""11"":10,""12"":6,""14"":2,""15"":3,""17"":14,""18"":2,""19"":2,""20"":2,""21"":4,""22"":1,""23"":1,""24"":1,""25"":1,""3"":46,""31"":1,""32"":1,""33"":2,""35"":1,""36"":1,""4"":2,""5"":13,""6"":2,""7"":19,""8"":30,""9"":8}",64,"{""count"":64,""unique_topologies"":64,""topology_entropy_bits"":6.0,""effective_topology_count"":64.0,""triangle_like_count"":0,""triangle_like_fraction"":0.0,""mean_nodes"":9.109375,""mean_muscles"":17.21875,""node_counts"":{""10"":14,""11"":10,""12"":3,""13"":1,""4"":1,""5"":2,""6"":1,""7"":7,""8"":10,""9"":15},""muscle_counts"":{""10"":5,""11"":2,""12"":2,""13"":4,""14"":3,""15"":3,""16"":6,""17"":2,""18"":8,""19"":6,""20"":5,""21"":2,""22"":3,""23"":1,""24"":2,""25"":2,""30"":2,""31"":2,""5"":1,""6"":1,""8"":1,""9"":1}}",175,5.490945239759857,201,0.201,"{""10"":80,""11"":26,""12"":10,""13"":18,""14"":8,""15"":4,""16"":1,""3"":201,""4"":166,""5"":196,""6"":117,""7"":53,""8"":40,""9"":80}","{""10"":19,""11"":38,""12"":37,""13"":3,""14"":11,""15"":8,""16"":1,""17"":89,""18"":16,""19"":25,""20"":20,""21"":6,""22"":9,""23"":4,""24"":5,""25"":5,""26"":1,""3"":201,""30"":2,""31"":3,""32"":4,""33"":17,""34"":3,""35"":3,""36"":1,""37"":2,""4"":68,""41"":1,""43"":1,""5"":118,""6"":38,""7"":66,""8"":110,""9"":65}","{""Diagonal CMA-ES"":{""attempts"":300,""discoveries"":0,""improvements"":0,""insertions"":0,""insertion_rate"":0.0},""Immigrant"":{""attempts"":147,""discoveries"":0,""improvements"":0,""insertions"":0,""insertion_rate"":0.0},""Morphology"":{""attempts"":283,""discoveries"":1,""improvements"":1,""insertions"":2,""insertion_rate"":0.007067137809187279},""Novelty"":{""attempts"":270,""discoveries"":0,""improvements"":1,""insertions"":1,""insertion_rate"":0.003703703703703704}}","{""Morphology"":187,""Novelty"":46}",1,0.8635547576301615,false,27000
40,172,173000,5.617981954000001,0.031966321,0.02946116,0.000998503,0.001506658,6.043381813,67.91405,38.703926,6377.240100234747,182,0.9479167,50,4.430152648090214,47,0.25824175824175827,"{""10"":10,""11"":6,""12"":1,""13"":3,""14"":1,""15"":1,""3"":47,""4"":15,""5"":39,""6"":24,""7"":14,""8"":9,""9"":12}","{""10"":7,""11"":10,""12"":6,""14"":2,""15"":3,""17"":14,""18"":2,""19"":2,""20"":2,""21"":4,""22"":1,""23"":1,""24"":1,""25"":1,""3"":47,""31"":1,""32"":1,""33"":2,""35"":1,""36"":1,""4"":2,""5"":13,""6"":2,""7"":19,""8"":29,""9"":8}",64,"{""count"":64,""unique_topologies"":64,""topology_entropy_bits"":6.0,""effective_topology_count"":64.0,""triangle_like_count"":0,""triangle_like_fraction"":0.0,""mean_nodes"":9.0625,""mean_muscles"":17.078125,""node_counts"":{""10"":14,""11"":9,""12"":3,""13"":1,""4"":1,""5"":2,""6"":1,""7"":7,""8"":11,""9"":15},""muscle_counts"":{""10"":5,""11"":3,""12"":2,""13"":4,""14"":3,""15"":3,""16"":6,""17"":2,""18"":8,""19"":6,""20"":4,""21"":2,""22"":3,""23"":1,""24"":2,""25"":2,""30"":2,""31"":2,""5"":1,""6"":1,""8"":1,""9"":1}}",129,4.7814385569029865,223,0.223,"{""10"":52,""11"":15,""12"":4,""13"":15,""14"":6,""15"":1,""3"":223,""4"":148,""5"":299,""6"":86,""7"":36,""8"":32,""9"":83}","{""10"":21,""11"":30,""12"":27,""13"":9,""14"":13,""15"":5,""16"":2,""17"":70,""18"":24,""19"":17,""20"":7,""21"":5,""22"":4,""24"":4,""25"":1,""26"":1,""3"":223,""32"":1,""33"":14,""34"":5,""35"":2,""36"":1,""37"":1,""4"":81,""5"":85,""6"":41,""7"":51,""8"":220,""9"":35}","{""Diagonal CMA-ES"":{""attempts"":295,""discoveries"":0,""improvements"":0,""insertions"":0,""insertion_rate"":0.0},""Immigrant"":{""attempts"":145,""discoveries"":0,""improvements"":0,""insertions"":0,""insertion_rate"":0.0},""Morphology"":{""attempts"":286,""discoveries"":2,""improvements"":3,""insertions"":5,""insertion_rate"":0.017482517482517484},""Novelty"":{""attempts"":274,""discoveries"":0,""improvements"":0,""insertions"":0,""insertion_rate"":0.0}}","{""Morphology"":194,""Novelty"":37}",2,0.8635547576301615,false,28000
40,173,174000,5.652014140000001,0.034032186,0.031604199,0.000997315,0.001430672,6.080012954,67.91405,38.703926,6393.563592284918,182,0.9479167,50,4.426123972377388,47,0.25824175824175827,"{""10"":10,""11"":7,""12"":1,""13"":3,""14"":1,""15"":1,""3"":47,""4"":14,""5"":39,""6"":24,""7"":13,""8"":9,""9"":13}","{""10"":6,""11"":10,""12"":6,""14"":2,""15"":3,""17"":15,""18"":2,""19"":2,""20"":3,""21"":4,""22"":1,""23"":1,""24"":1,""25"":1,""3"":47,""31"":1,""32"":1,""33"":3,""35"":1,""4"":2,""5"":12,""6"":2,""7"":20,""8"":28,""9"":8}",64,"{""count"":64,""unique_topologies"":64,""topology_entropy_bits"":6.0,""effective_topology_count"":64.0,""triangle_like_count"":0,""triangle_like_fraction"":0.0,""mean_nodes"":9.0625,""mean_muscles"":17.078125,""node_counts"":{""10"":14,""11"":9,""12"":3,""13"":1,""4"":1,""5"":2,""6"":1,""7"":7,""8"":11,""9"":15},""muscle_counts"":{""10"":5,""11"":3,""12"":2,""13"":4,""14"":3,""15"":3,""16"":6,""17"":2,""18"":8,""19"":6,""20"":4,""21"":2,""22"":3,""23"":1,""24"":2,""25"":2,""30"":2,""31"":2,""5"":1,""6"":1,""8"":1,""9"":1}}",152,5.2256660383485976,251,0.251,"{""10"":67,""11"":21,""12"":7,""13"":9,""14"":9,""15"":2,""16"":1,""3"":251,""4"":168,""5"":200,""6"":102,""7"":57,""8"":34,""9"":72}","{""10"":24,""11"":48,""12"":30,""13"":5,""14"":7,""15"":5,""16"":4,""17"":77,""18"":20,""19"":17,""20"":13,""21"":7,""22"":4,""24"":5,""25"":4,""27"":2,""3"":251,""31"":1,""32"":5,""33"":8,""34"":3,""35"":2,""36"":1,""37"":1,""39"":1,""4"":72,""41"":2,""5"":118,""6"":36,""7"":67,""8"":112,""9"":48}","{""Diagonal CMA-ES"":{""attempts"":271,""discoveries"":0,""improvements"":0,""insertions"":0,""insertion_rate"":0.0},""Immigrant"":{""attempts"":168,""discoveries"":0,""improvements"":0,""insertions"":0,""insertion_rate"":0.0},""Morphology"":{""attempts"":304,""discoveries"":0,""improvements"":5,""insertions"":5,""insertion_rate"":0.01644736842105263},""Novelty"":{""attempts"":257,""discoveries"":0,""improvements"":0,""insertions"":0,""insertion_rate"":0.0}}","{""Morphology"":208,""Novelty"":31}",1,0.8635547576301615,false,29000
40,174,175000,5.6853956970000015,0.033381557,0.030714927,0.001002064,0.001664566,6.115714456,67.91405,38.703926,6406.0218041837215,182,0.9479167,50,4.452899720564453,47,0.25824175824175827,"{""10"":10,""11"":7,""12"":1,""13"":3,""14"":1,""15"":1,""3"":47,""4"":16,""5"":39,""6"":23,""7"":12,""8"":9,""9"":13}","{""10"":6,""11"":10,""12"":6,""14"":2,""15"":3,""17"":15,""18"":2,""19"":2,""20"":3,""21"":4,""22"":1,""23"":1,""24"":1,""25"":1,""3"":47,""31"":1,""32"":1,""33"":3,""35"":1,""4"":4,""5"":12,""6"":3,""7"":19,""8"":27,""9"":7}",64,"{""count"":64,""unique_topologies"":64,""topology_entropy_bits"":6.0,""effective_topology_count"":64.0,""triangle_like_count"":0,""triangle_like_fraction"":0.0,""mean_nodes"":9.0625,""mean_muscles"":17.078125,""node_counts"":{""10"":14,""11"":9,""12"":3,""13"":1,""4"":1,""5"":2,""6"":1,""7"":7,""8"":11,""9"":15},""muscle_counts"":{""10"":5,""11"":3,""12"":2,""13"":4,""14"":3,""15"":3,""16"":6,""17"":2,""18"":8,""19"":6,""20"":4,""21"":2,""22"":3,""23"":1,""24"":2,""25"":2,""30"":2,""31"":2,""5"":1,""6"":1,""8"":1,""9"":1}}",153,5.251522785546451,231,0.231,"{""10"":64,""11"":20,""12"":6,""13"":21,""14"":12,""15"":1,""16"":1,""3"":231,""4"":167,""5"":193,""6"":100,""7"":59,""8"":50,""9"":75}","{""10"":30,""11"":46,""12"":30,""13"":6,""14"":9,""15"":8,""16"":6,""17"":74,""18"":19,""19"":21,""20"":8,""21"":3,""22"":6,""23"":1,""24"":6,""25"":4,""27"":1,""29"":1,""3"":231,""31"":2,""32"":3,""33"":20,""34"":4,""35"":2,""36"":1,""37"":3,""4"":81,""41"":1,""42"":1,""5"":110,""6"":35,""7"":56,""8"":118,""9"":53}","{""Diagonal CMA-ES"":{""attempts"":311,""discoveries"":0,""improvements"":0,""insertions"":0,""insertion_rate"":0.0},""Immigrant"":{""attempts"":164,""discoveries"":0,""improvements"":0,""insertions"":0,""insertion_rate"":0.0},""Morphology"":{""attempts"":291,""discoveries"":0,""improvements"":4,""insertions"":4,""insertion_rate"":0.013745704467353952},""Novelty"":{""attempts"":234,""discoveries"":0,""improvements"":0,""insertions"":0,""insertion_rate"":0.0}}","{""Morphology"":194,""Novelty"":39}",1,0.8637992831541219,false,30000
40,175,176000,5.718044702000001,0.032649004999999995,0.030279195,0.000940325,0.001429485,6.150657285,67.91405,38.703926,6409.057254165411,182,0.9479167,50,4.4407518375892865,47,0.25824175824175827,"{""10"":10,""11"":7,""12"":1,""13"":3,""14"":1,""15"":1,""3"":47,""4"":16,""5"":39,""6"":23,""7"":12,""8"":8,""9"":14}","{""10"":6,""11"":10,""12"":6,""14"":2,""15"":2,""17"":16,""18"":2,""19"":2,""20"":3,""21"":4,""22"":1,""23"":1,""24"":1,""25"":1,""3"":47,""31"":1,""32"":1,""33"":3,""35"":1,""4"":4,""5"":12,""6"":3,""7"":19,""8"":27,""9"":7}",64,"{""count"":64,""unique_topologies"":64,""topology_entropy_bits"":6.0,""effective_topology_count"":64.0,""triangle_like_count"":0,""triangle_like_fraction"":0.0,""mean_nodes"":9.03125,""mean_muscles"":16.953125,""node_counts"":{""10"":14,""11"":8,""12"":3,""13"":1,""4"":1,""5"":2,""6"":1,""7"":7,""8"":11,""9"":16},""muscle_counts"":{""10"":5,""11"":3,""12"":2,""13"":4,""14"":4,""15"":3,""16"":6,""17"":2,""18"":8,""19"":6,""20"":4,""21"":2,""22"":2,""23"":1,""24"":2,""25"":2,""30"":2,""31"":2,""5"":1,""6"":1,""8"":1,""9"":1}}",168,5.037759096799258,171,0.171,"{""10"":48,""11"":165,""12"":18,""13"":6,""14"":9,""15"":3,""3"":171,""4"":159,""5"":258,""6"":69,""7"":37,""8"":26,""9"":31}","{""10"":9,""11"":34,""12"":21,""13"":8,""14"":14,""15"":7,""16"":2,""17"":27,""18"":21,""19"":150,""20"":17,""21"":6,""22"":7,""23"":3,""24"":5,""25"":7,""26"":1,""27"":1,""3"":171,""31"":4,""32"":2,""33"":5,""34"":3,""35"":3,""36"":1,""37"":1,""4"":88,""43"":1,""5"":88,""6"":31,""7"":37,""8"":192,""9"":33}","{""Diagonal CMA-ES"":{""attempts"":295,""discoveries"":0,""improvements"":0,""insertions"":0,""insertion_rate"":0.0},""Immigrant"":{""attempts"":164,""discoveries"":0,""improvements"":0,""insertions"":0,""insertion_rate"":0.0},""Morphology"":{""attempts"":311,""discoveries"":1,""improvements"":2,""insertions"":3,""insertion_rate"":0.00964630225080386},""Novelty"":{""attempts"":230,""discoveries"":0,""improvements"":0,""insertions"":0,""insertion_rate"":0.0}}","{""Morphology"":204,""Novelty"":31}",1,0.8642857142857143,false,31000
40,176,177000,5.748940096000001,0.030895394,0.02847453,0.000996128,0.001424736,6.183905867,67.91405,38.703926,6422.820681899786,182,0.9479167,50,4.440751837589286,47,0.25824175824175827,"{""10"":10,""11"":7,""12"":1,""13"":3,""14"":1,""15"":1,""3"":47,""4"":16,""5"":39,""6"":23,""7"":12,""8"":8,""9"":14}","{""10"":6,""11"":10,""12"":6,""14"":2,""15"":2,""17"":16,""18"":2,""19"":2,""20"":3,""21"":4,""22"":1,""23"":1,""24"":1,""25"":1,""3"":47,""31"":1,""32"":1,""33"":3,""35"":1,""4"":4,""5"":12,""6"":3,""7"":19,""8"":27,""9"":7}",64,"{""count"":64,""unique_topologies"":64,""topology_entropy_bits"":6.0,""effective_topology_count"":64.0,""triangle_like_count"":0,""triangle_like_fraction"":0.0,""mean_nodes"":8.875,""mean_muscles"":16.453125,""node_counts"":{""10"":15,""11"":7,""12"":2,""13"":1,""4"":2,""5"":2,""6"":1,""7"":7,""8"":12,""9"":15},""muscle_counts"":{""10"":5,""11"":3,""12"":3,""13"":2,""14"":5,""15"":4,""16"":6,""17"":2,""18"":8,""19"":6,""20"":4,""21"":1,""22"":2,""23"":1,""24"":2,""25"":2,""30"":2,""31"":1,""5"":2,""6"":1,""8"":1,""9"":1}}",158,5.409941125508306,232,0.232,"{""10"":59,""11"":30,""12"":9,""13"":10,""14"":17,""15"":6,""3"":232,""4"":185,""5"":167,""6"":105,""7"":106,""8"":49,""9"":25}","{""10"":72,""11"":48,""12"":33,""13"":3,""14"":21,""15"":19,""16"":7,""17"":17,""18"":12,""19"":16,""20"":15,""21"":10,""22"":3,""23"":1,""24"":5,""25"":6,""26"":1,""3"":232,""30"":1,""31"":7,""32"":8,""33"":8,""34"":8,""35"":6,""37"":3,""4"":91,""5"":122,""6"":38,""7"":49,""8"":90,""9"":48}","{""Diagonal CMA-ES"":{""attempts"":304,""discoveries"":0,""improvements"":0,""insertions"":0,""insertion_rate"":0.0},""Immigrant"":{""attempts"":153,""discoveries"":0,""improvements"":0,""insertions"":0,""insertion_rate"":0.0},""Morphology"":{""attempts"":304,""discoveries"":4,""improvements"":2,""insertions"":6,""insertion_rate"":0.019736842105263157},""Novelty"":{""attempts"":239,""discoveries"":0,""improvements"":0,""insertions"":0,""insertion_rate"":0.0}}","{""Morphology"":202,""Novelty"":33}",3,0.8645276292335116,false,32000
40,177,178000,5.782291970000001,0.033351874000000004,0.030104664,0.001689499,0.001557711,6.220740033,67.91405,38.703926,6423.5365670621395,182,0.9479167,50,4.440751837589288,47,0.25824175824175827,"{""10"":10,""11"":7,""12"":1,""13"":3,""14"":1,""15"":1,""3"":47,""4"":16,""5"":39,""6"":23,""7"":12,""8"":8,""9"":14}","{""10"":6,""11"":10,""12"":6,""14"":2,""15"":2,""17"":16,""18"":2,""19"":2,""20"":3,""21"":4,""22"":1,""23"":1,""24"":1,""25"":1,""3"":47,""31"":1,""32"":1,""33"":3,""35"":1,""4"":4,""5"":12,""6"":3,""7"":19,""8"":27,""9"":7}",64,"{""count"":64,""unique_topologies"":64,""topology_entropy_bits"":6.0,""effective_topology_count"":64.0,""triangle_like_count"":0,""triangle_like_fraction"":0.0,""mean_nodes"":8.875,""mean_muscles"":16.453125,""node_counts"":{""10"":15,""11"":7,""12"":2,""13"":1,""4"":2,""5"":2,""6"":1,""7"":7,""8"":12,""9"":15},""muscle_counts"":{""10"":5,""11"":3,""12"":3,""13"":2,""14"":5,""15"":4,""16"":6,""17"":2,""18"":8,""19"":6,""20"":4,""21"":1,""22"":2,""23"":1,""24"":2,""25"":2,""30"":2,""31"":1,""5"":2,""6"":1,""8"":1,""9"":1}}",156,5.357499577483794,238,0.238,"{""10"":47,""11"":31,""12"":10,""13"":1,""14"":14,""15"":6,""16"":2,""3"":238,""4"":183,""5"":180,""6"":132,""7"":80,""8"":48,""9"":28}","{""10"":35,""11"":55,""12"":40,""13"":3,""14"":22,""15"":16,""16"":6,""17"":26,""18"":16,""19"":11,""20"":12,""21"":10,""22"":2,""24"":5,""25"":7,""27"":1,""28"":1,""3"":238,""31"":6,""32"":7,""33"":1,""34"":5,""35"":7,""39"":3,""4"":88,""41"":1,""5"":115,""6"":33,""7"":61,""8"":109,""9"":58}","{""Diagonal CMA-ES"":{""attempts"":307,""discoveries"":0,""improvements"":0,""insertions"":0,""insertion_rate"":0.0},""Immigrant"":{""attempts"":137,""discoveries"":0,""improvements"":0,""insertions"":0,""insertion_rate"":0.0},""Morphology"":{""attempts"":295,""discoveries"":0,""improvements"":2,""insertions"":2,""insertion_rate"":0.006779661016949152},""Novelty"":{""attempts"":261,""discoveries"":0,""improvements"":0,""insertions"":0,""insertion_rate"":0.0}}","{""Morphology"":187,""Novelty"":37}",0,0.8647686832740213,false,33000
40,178,179000,5.815650969000001,0.033358999,0.030855025,0.000991379,0.001512595,6.25656145,67.91405,39.334972,6451.228190749884,182,0.9479167,50,4.4132104968982615,48,0.26373626373626374,"{""10"":10,""11"":7,""12"":1,""13"":3,""14"":1,""15"":1,""3"":48,""4"":16,""5"":39,""6"":22,""7"":13,""8"":7,""9"":14}","{""10"":6,""11"":10,""12"":6,""14"":2,""15"":2,""17"":16,""18"":2,""19"":2,""20"":3,""21"":4,""22"":1,""23"":1,""24"":1,""25"":1,""3"":48,""31"":1,""32"":1,""33"":3,""35"":1,""4"":4,""5"":12,""6"":3,""7"":19,""8"":26,""9"":7}",64,"{""count"":64,""unique_topologies"":64,""topology_entropy_bits"":6.0,""effective_topology_count"":64.0,""triangle_like_count"":0,""triangle_like_fraction"":0.0,""mean_nodes"":8.875,""mean_muscles"":16.453125,""node_counts"":{""10"":15,""11"":7,""12"":2,""13"":1,""4"":2,""5"":2,""6"":1,""7"":7,""8"":12,""9"":15},""muscle_counts"":{""10"":5,""11"":3,""12"":3,""13"":2,""14"":5,""15"":4,""16"":6,""17"":2,""18"":8,""19"":6,""20"":4,""21"":1,""22"":2,""23"":1,""24"":2,""25"":2,""30"":2,""31"":1,""5"":2,""6"":1,""8"":1,""9"":1}}",155,5.406596583269278,232,0.232,"{""10"":39,""11"":44,""12"":11,""13"":1,""14"":13,""15"":6,""16"":1,""3"":232,""4"":194,""5"":207,""6"":111,""7"":59,""8"":54,""9"":28}","{""10"":21,""11"":52,""12"":36,""13"":6,""14"":26,""15"":15,""16"":8,""17"":16,""18"":17,""19"":10,""20"":13,""21"":8,""22"":6,""23"":2,""24"":3,""25"":10,""27"":1,""3"":232,""31"":8,""32"":7,""33"":1,""34"":1,""35"":6,""37"":4,""39"":1,""4"":76,""5"":151,""6"":48,""7"":58,""8"":104,""9"":53}","{""Diagonal CMA-ES"":{""attempts"":320,""discoveries"":0,""improvements"":0,""insertions"":0,""insertion_rate"":0.0},""Immigrant"":{""attempts"":155,""discoveries"":0,""improvements"":0,""insertions"":0,""insertion_rate"":0.0},""Morphology"":{""attempts"":292,""discoveries"":0,""improvements"":4,""insertions"":4,""insertion_rate"":0.0136986301369863},""Novelty"":{""attempts"":233,""discoveries"":0,""improvements"":0,""insertions"":0,""insertion_rate"":0.0}}","{""Morphology"":206,""Novelty"":32}",0,0.8650088809946714,false,34000
40,179,180000,5.851826196000001,0.036175227,0.033577458,0.001006814,0.001590955,6.295092239,67.91405,39.334972,6452.69797834754,182,0.9479167,50,4.413210496898264,48,0.26373626373626374,"{""10"":10,""11"":7,""12"":1,""13"":3,""14"":1,""15"":1,""3"":48,""4"":16,""5"":39,""6"":22,""7"":13,""8"":7,""9"":14}","{""10"":6,""11"":10,""12"":6,""14"":2,""15"":2,""17"":16,""18"":2,""19"":2,""20"":3,""21"":4,""22"":1,""23"":1,""24"":1,""25"":1,""3"":48,""31"":1,""32"":1,""33"":3,""35"":1,""4"":4,""5"":12,""6"":3,""7"":19,""8"":26,""9"":7}",64,"{""count"":64,""unique_topologies"":64,""topology_entropy_bits"":6.0,""effective_topology_count"":64.0,""triangle_like_count"":0,""triangle_like_fraction"":0.0,""mean_nodes"":8.859375,""mean_muscles"":16.453125,""node_counts"":{""10"":14,""11"":7,""12"":2,""13"":1,""4"":2,""5"":2,""6"":1,""7"":7,""8"":12,""9"":16},""muscle_counts"":{""10"":5,""11"":3,""12"":3,""13"":2,""14"":5,""15"":4,""16"":6,""17"":2,""18"":8,""19"":6,""20"":4,""21"":1,""22"":2,""23"":1,""24"":2,""25"":2,""30"":2,""31"":1,""5"":2,""6"":1,""8"":1,""9"":1}}",146,5.270199425143952,254,0.254,"{""10"":49,""11"":33,""12"":10,""13"":2,""14"":10,""15"":5,""16"":3,""3"":254,""4"":181,""5"":202,""6"":112,""7"":57,""8"":49,""9"":33}","{""10"":18,""11"":51,""12"":40,""13"":6,""14"":22,""15"":15,""16"":3,""17"":25,""18"":12,""19"":16,""20"":16,""21"":6,""22"":6,""23"":1,""24"":4,""25"":6,""26"":1,""28"":1,""3"":254,""31"":6,""32"":7,""33"":2,""34"":3,""35"":4,""39"":2,""4"":83,""41"":2,""45"":1,""5"":116,""6"":54,""7"":61,""8"":106,""9"":50}","{""Diagonal CMA-ES"":{""attempts"":286,""discoveries"":0,""improvements"":0,""insertions"":0,""insertion_rate"":0.0},""Immigrant"":{""attempts"":162,""discoveries"":0,""improvements"":0,""insertions"":0,""insertion_rate"":0.0},""Morphology"":{""attempts"":311,""discoveries"":1,""improvements"":2,""insertions"":3,""insertion_rate"":0.00964630225080386},""Novelty"":{""attempts"":241,""discoveries"":0,""improvements"":0,""insertions"":0,""insertion_rate"":0.0}}","{""Morphology"":185,""Novelty"":30}",1,0.8639575971731449,false,35000
40,180,181000,5.890140901000001,0.038314705,0.035302576,0.001270389,0.00174174,6.336733701,67.91405,39.334972,6455.226367324591,182,0.9479167,50,4.401571493228579,48,0.26373626373626374,"{""10"":10,""11"":7,""12"":1,""13"":3,""14"":1,""15"":1,""3"":48,""4"":16,""5"":40,""6"":21,""7"":13,""8"":7,""9"":14}","{""10"":6,""11"":10,""12"":6,""14"":2,""15"":2,""17"":16,""18"":2,""19"":2,""20"":3,""21"":4,""22"":1,""23"":1,""24"":1,""25"":1,""3"":48,""31"":1,""32"":1,""33"":3,""35"":1,""4"":4,""5"":12,""6"":3,""7"":20,""8"":25,""9"":7}",64,"{""count"":64,""unique_topologies"":64,""topology_entropy_bits"":6.0,""effective_topology_count"":64.0,""triangle_like_count"":0,""triangle_like_fraction"":0.0,""mean_nodes"":8.859375,""mean_muscles"":16.453125,""node_counts"":{""10"":14,""11"":7,""12"":2,""13"":1,""4"":2,""5"":2,""6"":1,""7"":7,""8"":12,""9"":16},""muscle_counts"":{""10"":5,""11"":3,""12"":3,""13"":2,""14"":5,""15"":4,""16"":6,""17"":2,""18"":8,""19"":6,""20"":4,""21"":1,""22"":2,""23"":1,""24"":2,""25"":2,""30"":2,""31"":1,""5"":2,""6"":1,""8"":1,""9"":1}}",155,5.376508770414794,233,0.233,"{""10"":48,""11"":38,""12"":6,""13"":8,""14"":14,""15"":7,""3"":233,""4"":193,""5"":200,""6"":113,""7"":68,""8"":40,""9"":32}","{""10"":19,""11"":60,""12"":30,""13"":4,""14"":16,""15"":16,""16"":9,""17"":22,""18"":21,""19"":13,""20"":16,""21"":7,""22"":5,""23"":2,""24"":4,""25"":7,""27"":1,""3"":233,""31"":6,""32"":5,""33"":5,""34"":3,""35"":7,""36"":1,""4"":83,""41"":3,""42"":1,""43"":1,""5"":140,""6"":43,""7"":59,""8"":106,""9"":52}","{""Diagonal CMA-ES"":{""attempts"":282,""discoveries"":0,""improvements"":0,""insertions"":0,""insertion_rate"":0.0},""Immigrant"":{""attempts"":159,""discoveries"":0,""improvements"":0,""insertions"":0,""insertion_rate"":0.0},""Morphology"":{""attempts"":315,""discoveries"":0,""improvements"":1,""insertions"":1,""insertion_rate"":0.0031746031746031746},""Novelty"":{""attempts"":244,""discoveries"":0,""improvements"":0,""insertions"":0,""insertion_rate"":0.0}}","{""Morphology"":200,""Novelty"":28}",0,0.8639575971731449,false,36000
40,181,182000,5.925292693000001,0.035151792,0.032646631,0.000998503,0.001506658,6.37421256,67.91405,39.334972,6455.700436919928,182,0.9479167,50,4.4015714932285785,48,0.26373626373626374,"{""10"":10,""11"":7,""12"":1,""13"":3,""14"":1,""15"":1,""3"":48,""4"":16,""5"":40,""6"":21,""7"":13,""8"":7,""9"":14}","{""10"":6,""11"":10,""12"":6,""14"":2,""15"":2,""17"":16,""18"":2,""19"":2,""20"":3,""21"":4,""22"":1,""23"":1,""24"":1,""25"":1,""3"":48,""31"":1,""32"":1,""33"":3,""35"":1,""4"":4,""5"":12,""6"":3,""7"":20,""8"":25,""9"":7}",64,"{""count"":64,""unique_topologies"":64,""topology_entropy_bits"":6.0,""effective_topology_count"":64.0,""triangle_like_count"":0,""triangle_like_fraction"":0.0,""mean_nodes"":8.859375,""mean_muscles"":16.453125,""node_counts"":{""10"":14,""11"":7,""12"":2,""13"":1,""4"":2,""5"":2,""6"":1,""7"":7,""8"":12,""9"":16},""muscle_counts"":{""10"":5,""11"":3,""12"":3,""13"":2,""14"":5,""15"":4,""16"":6,""17"":2,""18"":8,""19"":6,""20"":4,""21"":1,""22"":2,""23"":1,""24"":2,""25"":2,""30"":2,""31"":1,""5"":2,""6"":1,""8"":1,""9"":1}}",167,5.137610892315191,142,0.142,"{""10"":42,""11"":30,""12"":8,""13"":6,""14"":15,""15"":5,""3"":142,""4"":127,""5"":321,""6"":190,""7"":54,""8"":33,""9"":27}","{""10"":16,""11"":35,""12"":31,""13"":6,""14"":17,""15"":9,""16"":3,""17"":14,""18"":19,""19"":16,""20"":11,""21"":6,""22"":6,""24"":4,""25"":4,""26"":1,""27"":3,""3"":142,""30"":2,""31"":4,""32"":4,""33"":6,""34"":1,""35"":5,""37"":4,""4"":60,""41"":3,""43"":2,""5"":98,""6"":28,""7"":221,""8"":181,""9"":38}","{""Diagonal CMA-ES"":{""attempts"":341,""discoveries"":0,""improvements"":0,""insertions"":0,""insertion_rate"":0.0},""Immigrant"":{""attempts"":139,""discoveries"":0,""improvements"":0,""insertions"":0,""insertion_rate"":0.0},""Morphology"":{""attempts"":274,""discoveries"":0,""improvements"":1,""insertions"":1,""insertion_rate"":0.0036496350364963502},""Novelty"":{""attempts"":246,""discoveries"":0,""improvements"":0,""insertions"":0,""insertion_rate"":0.0}}","{""Morphology"":189,""Novelty"":36}",0,0.8639575971731449,false,37000
40,182,183000,5.9591266040000015,0.033833911,0.031363182,0.001010375,0.001460354,6.41059556,76.12075,39.926613,6559.399663299322,182,0.9479167,49,4.354617556511778,50,0.27472527472527475,"{""10"":10,""11"":7,""12"":1,""13"":3,""14"":1,""15"":1,""3"":50,""4"":18,""5"":37,""6"":20,""7"":13,""8"":7,""9"":14}","{""10"":6,""11"":10,""12"":6,""14"":2,""15"":2,""17"":16,""18"":2,""19"":2,""20"":3,""21"":4,""22"":1,""23"":1,""24"":1,""25"":1,""3"":50,""31"":1,""32"":1,""33"":3,""35"":1,""4"":4,""5"":14,""6"":2,""7"":19,""8"":23,""9"":7}",64,"{""count"":64,""unique_topologies"":64,""topology_entropy_bits"":6.0,""effective_topology_count"":64.0,""triangle_like_count"":0,""triangle_like_fraction"":0.0,""mean_nodes"":8.859375,""mean_muscles"":16.453125,""node_counts"":{""10"":14,""11"":7,""12"":2,""13"":1,""4"":2,""5"":2,""6"":1,""7"":7,""8"":12,""9"":16},""muscle_counts"":{""10"":5,""11"":3,""12"":3,""13"":2,""14"":5,""15"":4,""16"":6,""17"":2,""18"":8,""19"":6,""20"":4,""21"":1,""22"":2,""23"":1,""24"":2,""25"":2,""30"":2,""31"":1,""5"":2,""6"":1,""8"":1,""9"":1}}",159,5.457904544736749,227,0.227,"{""10"":51,""11"":35,""12"":13,""13"":2,""14"":17,""15"":8,""3"":227,""4"":182,""5"":189,""6"":110,""7"":75,""8"":51,""9"":40}","{""10"":27,""11"":60,""12"":41,""13"":5,""14"":18,""15"":9,""16"":2,""17"":27,""18"":16,""19"":21,""20"":21,""21"":18,""22"":3,""23"":1,""24"":2,""25"":9,""27"":1,""3"":227,""31"":7,""32"":8,""33"":2,""34"":5,""35"":8,""36"":1,""37"":3,""4"":87,""41"":1,""43"":1,""5"":117,""6"":44,""7"":54,""8"":106,""9"":48}","{""Diagonal CMA-ES"":{""attempts"":323,""discoveries"":0,""improvements"":1,""insertions"":1,""insertion_rate"":0.0030959752321981426},""Immigrant"":{""attempts"":133,""discoveries"":0,""improvements"":0,""insertions"":0,""insertion_rate"":0.0},""Morphology"":{""attempts"":315,""discoveries"":0,""improvements"":5,""insertions"":5,""insertion_rate"":0.015873015873015872},""Novelty"":{""attempts"":229,""discoveries"":0,""improvements"":0,""insertions"":0,""insertion_rate"":0.0}}","{""Morphology"":203,""Novelty"":27}",0,0.8641975308641975,true,38000
40,183,184000,5.992909460000002,0.033782856,0.031316877,0.001075675,0.001390304,6.447346617,76.12075,39.926613,6588.435334533453,182,0.9479167,49,4.354107949406631,51,0.2802197802197802,"{""10"":10,""11"":7,""12"":1,""13"":3,""14"":1,""15"":1,""3"":51,""4"":17,""5"":35,""6"":22,""7"":13,""8"":7,""9"":14}","{""10"":6,""11"":11,""12"":6,""14"":2,""15"":2,""17"":16,""18"":2,""19"":2,""20"":3,""21"":4,""22"":1,""23"":1,""24"":1,""25"":1,""3"":51,""31"":1,""32"":1,""33"":3,""35"":1,""4"":4,""5"":13,""6"":2,""7"":18,""8"":23,""9"":7}",64,"{""count"":64,""unique_topologies"":64,""topology_entropy_bits"":6.0,""effective_topology_count"":64.0,""triangle_like_count"":0,""triangle_like_fraction"":0.0,""mean_nodes"":8.75,""mean_muscles"":16.1875,""node_counts"":{""10"":14,""11"":7,""12"":1,""13"":1,""4"":2,""5"":3,""6"":1,""7"":7,""8"":12,""9"":16},""muscle_counts"":{""10"":5,""11"":3,""12"":3,""13"":2,""14"":5,""15"":4,""16"":6,""17"":2,""18"":8,""19"":6,""20"":4,""21"":1,""22"":2,""24"":2,""25"":2,""30"":2,""31"":1,""5"":2,""6"":2,""8"":1,""9"":1}}",170,5.349995435421081,247,0.247,"{""10"":61,""11"":34,""12"":9,""13"":12,""14"":12,""15"":3,""3"":247,""4"":177,""5"":167,""6"":92,""7"":66,""8"":43,""9"":77}","{""10"":25,""11"":53,""12"":28,""13"":4,""14"":18,""15"":4,""16"":3,""17"":86,""18"":15,""19"":15,""20"":9,""21"":10,""22"":8,""23"":3,""24"":8,""25"":7,""26"":1,""27"":1,""3"":247,""31"":5,""32"":5,""33"":10,""34"":4,""35"":5,""37"":1,""4"":80,""41"":1,""5"":110,""6"":38,""7"":68,""8"":80,""9"":48}","{""Diagonal CMA-ES"":{""attempts"":273,""discoveries"":0,""improvements"":0,""insertions"":0,""insertion_rate"":0.0},""Immigrant"":{""attempts"":140,""discoveries"":0,""improvements"":0,""insertions"":0,""insertion_rate"":0.0},""Morphology"":{""attempts"":330,""discoveries"":1,""improvements"":5,""insertions"":6,""insertion_rate"":0.01818181818181818},""Novelty"":{""attempts"":257,""discoveries"":0,""improvements"":0,""insertions"":0,""insertion_rate"":0.0}}","{""Morphology"":225,""Novelty"":32}",1,0.8641975308641975,false,1000
40,184,185000,6.026459611000002,0.033550151,0.031144722,0.000979506,0.001425923,6.483202465,76.12075,40.428307,6650.534630835056,182,0.9479167,48,4.265283556670927,54,0.2967032967032967,"{""10"":9,""11"":7,""12"":1,""13"":3,""14"":1,""15"":1,""3"":54,""4"":16,""5"":35,""6"":22,""7"":12,""8"":6,""9"":15}","{""10"":6,""11"":11,""12"":5,""14"":2,""15"":2,""17"":17,""18"":2,""19"":2,""20"":3,""21"":3,""22"":1,""23"":1,""24"":1,""25"":1,""3"":54,""31"":1,""32"":1,""33"":3,""35"":1,""4"":4,""5"":12,""6"":2,""7"":18,""8"":23,""9"":6}",64,"{""count"":64,""unique_topologies"":64,""topology_entropy_bits"":6.0,""effective_topology_count"":64.0,""triangle_like_count"":0,""triangle_like_fraction"":0.0,""mean_nodes"":8.75,""mean_muscles"":16.1875,""node_counts"":{""10"":14,""11"":7,""12"":1,""13"":1,""4"":2,""5"":3,""6"":1,""7"":7,""8"":12,""9"":16},""muscle_counts"":{""10"":5,""11"":3,""12"":3,""13"":2,""14"":5,""15"":4,""16"":6,""17"":2,""18"":8,""19"":6,""20"":4,""21"":1,""22"":2,""24"":2,""25"":2,""30"":2,""31"":1,""5"":2,""6"":2,""8"":1,""9"":1}}",135,4.766676147865517,314,0.314,"{""10"":37,""11"":12,""12"":6,""13"":17,""14"":6,""15"":2,""3"":314,""4"":180,""5"":170,""6"":103,""7"":56,""8"":24,""9"":73}","{""10"":24,""11"":42,""12"":13,""13"":6,""14"":8,""15"":4,""16"":2,""17"":72,""18"":12,""19"":9,""20"":7,""21"":6,""22"":5,""23"":1,""25"":4,""27"":1,""3"":314,""32"":2,""33"":17,""34"":3,""35"":2,""37"":1,""4"":85,""41"":1,""5"":128,""6"":36,""7"":66,""8"":91,""9"":38}","{""Diagonal CMA-ES"":{""attempts"":313,""discoveries"":0,""improvements"":0,""insertions"":0,""insertion_rate"":0.0},""Immigrant"":{""attempts"":152,""discoveries"":0,""improvements"":0,""insertions"":0,""insertion_rate"":0.0},""Morphology"":{""attempts"":297,""discoveries"":0,""improvements"":3,""insertions"":3,""insertion_rate"":0.010101010101010102},""Novelty"":{""attempts"":238,""discoveries"":0,""improvements"":2,""insertions"":2,""insertion_rate"":0.008403361344537815}}","{""Morphology"":199,""Novelty"":25}",0,0.8641975308641975,false,2000
40,185,186000,6.062212165000002,0.035752554,0.033329316,0.000997315,0.001425923,6.521584844,76.12075,40.428307,6655.89346319437,182,0.9479167,47,4.214937407208484,55,0.3021978021978022,"{""10"":9,""11"":7,""12"":1,""13"":3,""14"":1,""15"":1,""3"":55,""4"":16,""5"":34,""6"":21,""7"":12,""8"":6,""9"":16}","{""10"":6,""11"":11,""12"":5,""14"":2,""15"":2,""17"":18,""18"":2,""19"":2,""20"":3,""21"":3,""22"":1,""23"":1,""24"":1,""25"":1,""3"":55,""31"":1,""32"":1,""33"":3,""35"":1,""4"":4,""5"":12,""6"":2,""7"":18,""8"":22,""9"":5}",64,"{""count"":64,""unique_topologies"":64,""topology_entropy_bits"":6.0,""effective_topology_count"":64.0,""triangle_like_count"":0,""triangle_like_fraction"":0.0,""mean_nodes"":8.75,""mean_muscles"":16.1875,""node_counts"":{""10"":14,""11"":7,""12"":1,""13"":1,""4"":2,""5"":3,""6"":1,""7"":7,""8"":12,""9"":16},""muscle_counts"":{""10"":5,""11"":3,""12"":3,""13"":2,""14"":5,""15"":4,""16"":6,""17"":2,""18"":8,""19"":6,""20"":4,""21"":1,""22"":2,""24"":2,""25"":2,""30"":2,""31"":1,""5"":2,""6"":2,""8"":1,""9"":1}}",177,5.37608020087246,242,0.242,"{""10"":64,""11"":20,""12"":14,""13"":19,""14"":8,""15"":3,""16"":1,""3"":242,""4"":166,""5"":170,""6"":106,""7"":57,""8"":43,""9"":87}","{""10"":28,""11"":46,""12"":28,""13"":11,""14"":12,""15"":6,""16"":4,""17"":86,""18"":16,""19"":12,""20"":14,""21"":4,""22"":11,""23"":2,""24"":6,""25"":7,""27"":2,""29"":1,""3"":242,""30"":1,""31"":2,""32"":5,""33"":19,""34"":3,""35"":4,""37"":1,""4"":71,""43"":1,""5"":114,""6"":35,""7"":68,""8"":101,""9"":37}","{""Diagonal CMA-ES"":{""attempts"":296,""discoveries"":0,""improvements"":0,""insertions"":0,""insertion_rate"":0.0},""Immigrant"":{""attempts"":135,""discoveries"":0,""improvements"":0,""insertions"":0,""insertion_rate"":0.0},""Morphology"":{""attempts"":324,""discoveries"":0,""improvements"":3,""insertions"":3,""insertion_rate"":0.009259259259259259},""Novelty"":{""attempts"":245,""discoveries"":0,""improvements"":1,""insertions"":1,""insertion_rate"":0.004081632653061225}}","{""Morphology"":223,""Novelty"":33}",0,0.8641975308641975,false,3000
40,186,187000,6.095881044000002,0.03366887899999999,0.031344185,0.000962884,0.00136181,6.557467999,76.12075,40.428307,6655.89346319437,182,0.9479167,47,4.214937407208484,55,0.3021978021978022,"{""10"":9,""11"":7,""12"":1,""13"":3,""14"":1,""15"":1,""3"":55,""4"":16,""5"":34,""6"":21,""7"":12,""8"":6,""9"":16}","{""10"":6,""11"":11,""12"":5,""14"":2,""15"":2,""17"":18,""18"":2,""19"":2,""20"":3,""21"":3,""22"":1,""23"":1,""24"":1,""25"":1,""3"":55,""31"":1,""32"":1,""33"":3,""35"":1,""4"":4,""5"":12,""6"":2,""7"":18,""8"":22,""9"":5}",64,"{""count"":64,""unique_topologies"":64,""topology_entropy_bits"":6.0,""effective_topology_count"":64.0,""triangle_like_count"":0,""triangle_like_fraction"":0.0,""mean_nodes"":8.75,""mean_muscles"":16.1875,""node_counts"":{""10"":14,""11"":7,""12"":1,""13"":1,""4"":2,""5"":3,""6"":1,""7"":7,""8"":12,""9"":16},""muscle_counts"":{""10"":5,""11"":3,""12"":3,""13"":2,""14"":5,""15"":4,""16"":6,""17"":2,""18"":8,""19"":6,""20"":4,""21"":1,""22"":2,""24"":2,""25"":2,""30"":2,""31"":1,""5"":2,""6"":2,""8"":1,""9"":1}}",166,5.293341442895997,243,0.243,"{""10"":50,""11"":38,""12"":10,""13"":14,""14"":7,""15"":2,""16"":1,""3"":243,""4"":185,""5"":160,""6"":93,""7"":69,""8"":38,""9"":90}","{""10"":32,""11"":40,""12"":22,""13"":9,""14"":16,""15"":13,""16"":3,""17"":80,""18"":13,""19"":21,""20"":23,""21"":4,""22"":3,""23"":4,""24"":7,""25"":6,""26"":1,""27"":1,""3"":243,""30"":3,""31"":4,""32"":3,""33"":15,""34"":1,""35"":3,""37"":2,""39"":1,""4"":83,""5"":131,""6"":36,""7"":48,""8"":87,""9"":42}","{""Diagonal CMA-ES"":{""attempts"":290,""discoveries"":0,""improvements"":0,""insertions"":0,""insertion_rate"":0.0},""Immigrant"":{""attempts"":147,""discoveries"":0,""improvements"":0,""insertions"":0,""insertion_rate"":0.0},""Morphology"":{""attempts"":322,""discoveries"":0,""improvements"":1,""insertions"":1,""insertion_rate"":0.003105590062111801},""Novelty"":{""attempts"":241,""discoveries"":0,""improvements"":0,""insertions"":0,""insertion_rate"":0.0}}","{""Morphology"":229,""Novelty"":29}",0,0.8644366197183099,false,4000
40,187,188000,6.130352524000002,0.03447148,0.031314503,0.001045994,0.002110983,6.594753332,76.12075,40.428307,6658.6201439499855,182,0.9479167,47,4.214937407208485,55,0.3021978021978022,"{""10"":9,""11"":8,""12"":1,""13"":3,""15"":1,""3"":55,""4"":16,""5"":34,""6"":21,""7"":12,""8"":6,""9"":16}","{""10"":6,""11"":11,""12"":5,""14"":2,""15"":2,""17"":18,""18"":3,""19"":2,""20"":3,""21"":3,""22"":1,""23"":1,""24"":1,""3"":55,""31"":1,""32"":1,""33"":3,""35"":1,""4"":4,""5"":12,""6"":2,""7"":18,""8"":22,""9"":5}",64,"{""count"":64,""unique_topologies"":64,""topology_entropy_bits"":6.0,""effective_topology_count"":64.0,""triangle_like_count"":0,""triangle_like_fraction"":0.0,""mean_nodes"":8.75,""mean_muscles"":16.1875,""node_counts"":{""10"":14,""11"":7,""12"":1,""13"":1,""4"":2,""5"":3,""6"":1,""7"":7,""8"":12,""9"":16},""muscle_counts"":{""10"":5,""11"":3,""12"":3,""13"":2,""14"":5,""15"":4,""16"":6,""17"":2,""18"":8,""19"":6,""20"":4,""21"":1,""22"":2,""24"":2,""25"":2,""30"":2,""31"":1,""5"":2,""6"":2,""8"":1,""9"":1}}",145,5.152690583847758,261,0.261,"{""10"":62,""11"":29,""12"":6,""13"":20,""14"":11,""15"":5,""3"":261,""4"":189,""5"":174,""6"":89,""7"":57,""8"":29,""9"":68}","{""10"":16,""11"":41,""12"":25,""13"":1,""14"":16,""15"":7,""16"":4,""17"":75,""18"":18,""19"":12,""20"":12,""21"":8,""22"":7,""24"":6,""25"":7,""26"":1,""27"":1,""3"":261,""30"":1,""31"":3,""32"":6,""33"":18,""34"":5,""35"":4,""37"":1,""4"":88,""41"":1,""43"":1,""5"":125,""6"":41,""7"":61,""8"":89,""9"":38}","{""Diagonal CMA-ES"":{""attempts"":303,""discoveries"":0,""improvements"":0,""insertions"":0,""insertion_rate"":0.0},""Immigrant"":{""attempts"":151,""discoveries"":0,""improvements"":0,""insertions"":0,""insertion_rate"":0.0},""Morphology"":{""attempts"":288,""discoveries"":0,""improvements"":4,""insertions"":4,""insertion_rate"":0.013888888888888888},""Novelty"":{""attempts"":258,""discoveries"":0,""improvements"":0,""insertions"":0,""insertion_rate"":0.0}}","{""Morphology"":202,""Novelty"":18}",1,0.8644366197183099,false,5000
40,188,189000,6.163938293000002,0.033585769,0.03125039,0.001017499,0.00131788,6.63102354,76.12075,40.428307,6661.806419432163,183,0.953125,47,4.204940285396481,56,0.30601092896174864,"{""10"":9,""11"":8,""12"":1,""13"":3,""15"":1,""3"":56,""4"":17,""5"":34,""6"":20,""7"":12,""8"":6,""9"":16}","{""10"":6,""11"":11,""12"":5,""14"":2,""15"":2,""17"":18,""18"":3,""19"":2,""20"":3,""21"":3,""22"":1,""23"":1,""24"":1,""3"":56,""31"":1,""32"":1,""33"":3,""35"":1,""4"":4,""5"":13,""6"":2,""7"":17,""8"":22,""9"":5}",64,"{""count"":64,""unique_topologies"":64,""topology_entropy_bits"":6.0,""effective_topology_count"":64.0,""triangle_like_count"":0,""triangle_like_fraction"":0.0,""mean_nodes"":8.75,""mean_muscles"":16.1875,""node_counts"":{""10"":14,""11"":7,""12"":1,""13"":1,""4"":2,""5"":3,""6"":1,""7"":7,""8"":12,""9"":16},""muscle_counts"":{""10"":5,""11"":3,""12"":3,""13"":2,""14"":5,""15"":4,""16"":6,""17"":2,""18"":8,""19"":6,""20"":4,""21"":1,""22"":2,""24"":2,""25"":2,""30"":2,""31"":1,""5"":2,""6"":2,""8"":1,""9"":1}}",156,5.31841923536019,227,0.227,"{""10"":47,""11"":47,""12"":13,""14"":6,""15"":6,""16"":1,""3"":227,""4"":184,""5"":223,""6"":110,""7"":56,""8"":46,""9"":34}","{""10"":19,""11"":64,""12"":31,""13"":5,""14"":20,""15"":10,""16"":2,""17"":24,""18"":39,""19"":11,""20"":21,""21"":4,""22"":7,""23"":2,""24"":2,""25"":2,""26"":1,""27"":1,""28"":1,""3"":227,""31"":6,""32"":9,""34"":3,""35"":6,""36"":1,""37"":1,""39"":1,""4"":75,""43"":1,""5"":128,""6"":46,""7"":106,""8"":96,""9"":28}","{""Diagonal CMA-ES"":{""attempts"":328,""discoveries"":1,""improvements"":0,""insertions"":1,""insertion_rate"":0.003048780487804878},""Immigrant"":{""attempts"":140,""discoveries"":0,""improvements"":0,""insertions"":0,""insertion_rate"":0.0},""Morphology"":{""attempts"":301,""discoveries"":0,""improvements"":3,""insertions"":3,""insertion_rate"":0.009966777408637873},""Novelty"":{""attempts"":231,""discoveries"":0,""improvements"":0,""insertions"":0,""insertion_rate"":0.0}}","{""Morphology"":201,""Novelty"":30}",0,0.8644366197183099,false,6000
40,189,190000,6.197275920000002,0.033337627,0.031066361,0.000973569,0.001297697,6.666766596,76.12075,40.428307,6666.852630674839,183,0.953125,47,4.2267543777108685,55,0.3005464480874317,"{""10"":9,""11"":8,""12"":1,""13"":3,""15"":1,""3"":55,""4"":18,""5"":34,""6"":20,""7"":12,""8"":6,""9"":16}","{""10"":6,""11"":11,""12"":5,""14"":2,""15"":2,""17"":18,""18"":3,""19"":2,""20"":3,""21"":3,""22"":1,""23"":1,""24"":1,""3"":55,""31"":1,""32"":1,""33"":3,""35"":1,""4"":5,""5"":13,""6"":2,""7"":17,""8"":22,""9"":5}",64,"{""count"":64,""unique_topologies"":64,""topology_entropy_bits"":6.0,""effective_topology_count"":64.0,""triangle_like_count"":0,""triangle_like_fraction"":0.0,""mean_nodes"":8.734375,""mean_muscles"":16.109375,""node_counts"":{""10"":14,""11"":7,""12"":1,""13"":1,""4"":2,""5"":4,""7"":7,""8"":12,""9"":16},""muscle_counts"":{""10"":5,""11"":2,""12"":3,""13"":2,""14"":5,""15"":4,""16"":6,""17"":2,""18"":8,""19"":6,""20"":4,""21"":1,""22"":2,""24"":2,""25"":2,""30"":2,""31"":1,""5"":2,""6"":3,""8"":1,""9"":1}}",150,5.077737481308942,232,0.232,"{""10"":55,""11"":24,""12"":2,""13"":10,""14"":6,""15"":1,""3"":232,""4"":200,""5"":226,""6"":90,""7"":37,""8"":40,""9"":77}","{""10"":26,""11"":32,""12"":24,""13"":6,""14"":7,""15"":5,""16"":1,""17"":79,""18"":28,""19"":11,""20"":8,""21"":1,""22"":7,""23"":1,""24"":7,""25"":1,""3"":232,""30"":1,""31"":2,""32"":1,""33"":10,""34"":5,""35"":1,""4"":96,""43"":1,""5"":128,""6"":35,""7"":48,""8"":154,""9"":42}","{""Diagonal CMA-ES"":{""attempts"":298,""discoveries"":0,""improvements"":0,""insertions"":0,""insertion_rate"":0.0},""Immigrant"":{""attempts"":149,""discoveries"":0,""improvements"":0,""insertions"":0,""insertion_rate"":0.0},""Morphology"":{""attempts"":313,""discoveries"":1,""improvements"":2,""insertions"":3,""insertion_rate"":0.009584664536741214},""Novelty"":{""attempts"":240,""discoveries"":0,""improvements"":0,""insertions"":0,""insertion_rate"":0.0}}","{""Morphology"":210,""Novelty"":34}",1,0.8644366197183099,false,7000
40,190,191000,6.229818071000002,0.032542151,0.030266135,0.000966446,0.00130957,6.701612069,76.12075,40.428307,6672.898582518101,183,0.953125,47,4.214040338219781,55,0.3005464480874317,"{""10"":9,""11"":8,""12"":1,""13"":3,""15"":1,""3"":55,""4"":18,""5"":35,""6"":19,""7"":12,""8"":6,""9"":16}","{""10"":6,""11"":11,""12"":5,""14"":2,""15"":2,""17"":18,""18"":3,""19"":2,""20"":3,""21"":3,""22"":1,""23"":1,""24"":1,""3"":55,""31"":1,""32"":1,""33"":3,""35"":1,""4"":5,""5"":13,""6"":2,""7"":18,""8"":21,""9"":5}",64,"{""count"":64,""unique_topologies"":64,""topology_entropy_bits"":6.0,""effective_topology_count"":64.0,""triangle_like_count"":0,""triangle_like_fraction"":0.0,""mean_nodes"":8.734375,""mean_muscles"":16.109375,""node_counts"":{""10"":14,""11"":7,""12"":1,""13"":1,""4"":2,""5"":4,""7"":7,""8"":12,""9"":16},""muscle_counts"":{""10"":5,""11"":2,""12"":3,""13"":2,""14"":5,""15"":4,""16"":6,""17"":2,""18"":8,""19"":6,""20"":4,""21"":1,""22"":2,""24"":2,""25"":2,""30"":2,""31"":1,""5"":2,""6"":3,""8"":1,""9"":1}}",148,5.220250539773398,209,0.209,"{""10"":56,""11"":19,""12"":5,""13"":10,""14"":8,""15"":2,""3"":209,""4"":170,""5"":258,""6"":104,""7"":45,""8"":38,""9"":76}","{""10"":26,""11"":42,""12"":16,""13"":5,""14"":10,""15"":7,""17"":82,""18"":30,""19"":10,""20"":6,""21"":7,""22"":4,""24"":3,""26"":1,""27"":2,""3"":209,""31"":2,""32"":2,""33"":10,""34"":5,""35"":3,""37"":1,""4"":80,""41"":1,""5"":117,""6"":51,""7"":54,""8"":167,""9"":47}","{""Diagonal CMA-ES"":{""attempts"":293,""discoveries"":0,""improvements"":1,""insertions"":1,""insertion_rate"":0.0034129692832764505},""Immigrant"":{""attempts"":165,""discoveries"":0,""improvements"":0,""insertions"":0,""insertion_rate"":0.0},""Morphology"":{""attempts"":297,""discoveries"":0,""improvements"":2,""insertions"":2,""insertion_rate"":0.006734006734006734},""Novelty"":{""attempts"":245,""discoveries"":0,""improvements"":0,""insertions"":0,""insertion_rate"":0.0}}","{""Morphology"":209,""Novelty"":27}",0,0.8646748681898067,false,8000
40,191,192000,6.263527317000002,0.033709246,0.031147096,0.00105193,0.00151022,6.739212031,76.12075,40.428307,6672.898582518101,183,0.953125,47,4.21404033821978,55,0.3005464480874317,"{""10"":9,""11"":8,""12"":1,""13"":3,""15"":1,""3"":55,""4"":18,""5"":35,""6"":19,""7"":12,""8"":6,""9"":16}","{""10"":6,""11"":11,""12"":5,""14"":2,""15"":2,""17"":18,""18"":3,""19"":2,""20"":3,""21"":3,""22"":1,""23"":1,""24"":1,""3"":55,""31"":1,""32"":1,""33"":3,""35"":1,""4"":5,""5"":13,""6"":2,""7"":18,""8"":21,""9"":5}",64,"{""count"":64,""unique_topologies"":64,""topology_entropy_bits"":6.0,""effective_topology_count"":64.0,""triangle_like_count"":0,""triangle_like_fraction"":0.0,""mean_nodes"":8.734375,""mean_muscles"":16.109375,""node_counts"":{""10"":14,""11"":7,""12"":1,""13"":1,""4"":2,""5"":4,""7"":7,""8"":12,""9"":16},""muscle_counts"":{""10"":5,""11"":2,""12"":3,""13"":2,""14"":5,""15"":4,""16"":6,""17"":2,""18"":8,""19"":6,""20"":4,""21"":1,""22"":2,""24"":2,""25"":2,""30"":2,""31"":1,""5"":2,""6"":3,""8"":1,""9"":1}}",157,5.079713719736713,166,0.166,"{""10"":72,""11"":19,""12"":4,""13"":8,""14"":6,""3"":166,""4"":143,""5"":246,""6"":172,""7"":57,""8"":33,""9"":74}","{""10"":28,""11"":19,""12"":27,""13"":4,""14"":3,""15"":4,""17"":78,""18"":25,""19"":20,""20"":11,""21"":8,""22"":10,""24"":4,""25"":2,""29"":1,""3"":166,""30"":2,""32"":1,""33"":7,""34"":4,""4"":70,""41"":2,""5"":97,""6"":39,""7"":40,""8"":284,""9"":44}","{""Diagonal CMA-ES"":{""attempts"":293,""discoveries"":0,""improvements"":0,""insertions"":0,""insertion_rate"":0.0},""Immigrant"":{""attempts"":154,""discoveries"":0,""improvements"":0,""insertions"":0,""insertion_rate"":0.0},""Morphology"":{""attempts"":274,""discoveries"":1,""improvements"":0,""insertions"":1,""insertion_rate"":0.0036496350364963502},""Novelty"":{""attempts"":279,""discoveries"":0,""improvements"":0,""insertions"":0,""insertion_rate"":0.0}}","{""Morphology"":185,""Novelty"":30}",1,0.8646748681898067,false,9000
40,192,193000,6.295728718000002,0.032201401,0.029424354,0.001044806,0.001732241,6.774042069,76.12075,40.428307,6677.857639372349,183,0.953125,46,4.185076458299992,55,0.3005464480874317,"{""10"":9,""11"":7,""12"":1,""13"":3,""15"":1,""3"":55,""4"":18,""5"":35,""6"":19,""7"":12,""8"":6,""9"":17}","{""10"":6,""11"":11,""12"":5,""14"":2,""15"":2,""17"":19,""18"":2,""19"":2,""20"":3,""21"":3,""22"":1,""23"":1,""24"":1,""3"":55,""31"":1,""32"":1,""33"":3,""35"":1,""4"":5,""5"":13,""6"":2,""7"":18,""8"":21,""9"":5}",64,"{""count"":64,""unique_topologies"":64,""topology_entropy_bits"":6.0,""effective_topology_count"":64.0,""triangle_like_count"":0,""triangle_like_fraction"":0.0,""mean_nodes"":8.734375,""mean_muscles"":16.109375,""node_counts"":{""10"":14,""11"":7,""12"":1,""13"":1,""4"":2,""5"":4,""7"":7,""8"":12,""9"":16},""muscle_counts"":{""10"":5,""11"":2,""12"":3,""13"":2,""14"":5,""15"":4,""16"":6,""17"":2,""18"":8,""19"":6,""20"":4,""21"":1,""22"":2,""24"":2,""25"":2,""30"":2,""31"":1,""5"":2,""6"":3,""8"":1,""9"":1}}",157,5.235887510453894,203,0.203,"{""10"":68,""11"":39,""12"":4,""13"":11,""14"":5,""15"":2,""3"":203,""4"":176,""5"":248,""6"":93,""7"":49,""8"":28,""9"":74}","{""10"":24,""11"":32,""12"":22,""13"":3,""14"":8,""15"":1,""17"":85,""18"":28,""19"":20,""20"":15,""21"":4,""22"":9,""24"":8,""25"":2,""26"":5,""3"":203,""31"":2,""32"":1,""33"":11,""34"":4,""35"":2,""37"":1,""4"":84,""5"":117,""6"":30,""7"":48,""8"":186,""9"":45}","{""Diagonal CMA-ES"":{""attempts"":309,""discoveries"":0,""improvements"":0,""insertions"":0,""insertion_rate"":0.0},""Immigrant"":{""attempts"":143,""discoveries"":0,""improvements"":0,""insertions"":0,""insertion_rate"":0.0},""Morphology"":{""attempts"":296,""discoveries"":0,""improvements"":1,""insertions"":1,""insertion_rate"":0.0033783783783783786},""Novelty"":{""attempts"":252,""discoveries"":0,""improvements"":0,""insertions"":0,""insertion_rate"":0.0}}","{""Morphology"":199,""Novelty"":34}",0,0.8649122807017544,false,10000
40,193,194000,6.329560254000002,0.033831536,0.031468849,0.001010375,0.001352312,6.810206609,76.12075,40.428307,6687.303488790989,183,0.953125,46,4.185076458299991,55,0.3005464480874317,"{""10"":9,""11"":7,""12"":1,""13"":3,""15"":1,""3"":55,""4"":18,""5"":35,""6"":19,""7"":12,""8"":6,""9"":17}","{""10"":6,""11"":11,""12"":5,""14"":2,""15"":2,""17"":19,""18"":2,""19"":2,""20"":3,""21"":3,""22"":1,""23"":1,""24"":1,""3"":55,""31"":1,""32"":1,""33"":3,""35"":1,""4"":5,""5"":13,""6"":2,""7"":18,""8"":21,""9"":5}",64,"{""count"":64,""unique_topologies"":64,""topology_entropy_bits"":6.0,""effective_topology_count"":64.0,""triangle_like_count"":0,""triangle_like_fraction"":0.0,""mean_nodes"":8.71875,""mean_muscles"":15.96875,""node_counts"":{""10"":14,""11"":7,""12"":1,""13"":1,""4"":2,""5"":4,""7"":7,""8"":13,""9"":15},""muscle_counts"":{""10"":5,""11"":3,""12"":3,""13"":2,""14"":5,""15"":4,""16"":6,""17"":2,""18"":8,""19"":6,""20"":3,""21"":1,""22"":2,""24"":2,""25"":2,""30"":2,""31"":1,""5"":2,""6"":3,""8"":1,""9"":1}}",165,5.139997136288301,220,0.22,"{""10"":46,""11"":21,""12"":10,""13"":17,""14"":10,""15"":2,""3"":220,""4"":163,""5"":238,""6"":86,""7"":53,""8"":38,""9"":96}","{""10"":25,""11"":43,""12"":28,""13"":3,""14"":8,""15"":7,""16"":4,""17"":94,""18"":24,""19"":10,""20"":13,""21"":3,""22"":2,""23"":1,""24"":4,""25"":6,""26"":1,""29"":1,""3"":220,""32"":3,""33"":18,""34"":3,""35"":3,""37"":5,""4"":70,""43"":1,""5"":110,""6"":35,""7"":52,""8"":169,""9"":34}","{""Diagonal CMA-ES"":{""attempts"":315,""discoveries"":0,""improvements"":0,""insertions"":0,""insertion_rate"":0.0},""Immigrant"":{""attempts"":141,""discoveries"":0,""improvements"":0,""insertions"":0,""insertion_rate"":0.0},""Morphology"":{""attempts"":298,""discoveries"":1,""improvements"":2,""insertions"":3,""insertion_rate"":0.010067114093959731},""Novelty"":{""attempts"":246,""discoveries"":0,""improvements"":1,""insertions"":1,""insertion_rate"":0.0040650406504065045}}","{""Morphology"":195,""Novelty"":31}",0,0.8649122807017544,false,11000
40,194,195000,6.364617064000003,0.03505681,0.032191904,0.001197965,0.001666941,6.848550997,76.12075,40.428307,6724.256776869297,183,0.953125,46,4.169291890836754,56,0.30601092896174864,"{""10"":9,""11"":7,""12"":1,""13"":3,""15"":1,""3"":56,""4"":18,""5"":35,""6"":18,""7"":12,""8"":6,""9"":17}","{""10"":6,""11"":10,""12"":5,""14"":2,""15"":2,""17"":19,""18"":2,""19"":2,""20"":3,""21"":3,""22"":1,""23"":1,""24"":1,""3"":56,""31"":1,""32"":1,""33"":3,""35"":1,""4"":5,""5"":13,""6"":2,""7"":18,""8"":21,""9"":5}",64,"{""count"":64,""unique_topologies"":64,""topology_entropy_bits"":6.0,""effective_topology_count"":64.0,""triangle_like_count"":0,""triangle_like_fraction"":0.0,""mean_nodes"":8.71875,""mean_muscles"":15.96875,""node_counts"":{""10"":14,""11"":7,""12"":1,""13"":1,""4"":2,""5"":4,""7"":7,""8"":13,""9"":15},""muscle_counts"":{""10"":5,""11"":3,""12"":3,""13"":2,""14"":5,""15"":4,""16"":6,""17"":2,""18"":8,""19"":6,""20"":3,""21"":1,""22"":2,""24"":2,""25"":2,""30"":2,""31"":1,""5"":2,""6"":3,""8"":1,""9"":1}}",148,5.144720356872982,202,0.202,"{""10"":54,""11"":22,""12"":3,""13"":13,""14"":5,""15"":2,""3"":202,""4"":175,""5"":246,""6"":79,""7"":44,""8"":44,""9"":111}","{""10"":20,""11"":41,""12"":44,""13"":9,""14"":8,""15"":5,""16"":1,""17"":103,""18"":23,""19"":7,""20"":12,""21"":1,""22"":5,""23"":1,""24"":9,""3"":202,""31"":2,""32"":2,""33"":13,""34"":2,""35"":2,""37"":2,""4"":83,""41"":1,""5"":116,""6"":39,""7"":45,""8"":167,""9"":35}","{""Diagonal CMA-ES"":{""attempts"":315,""discoveries"":0,""improvements"":0,""insertions"":0,""insertion_rate"":0.0},""Immigrant"":{""attempts"":138,""discoveries"":0,""improvements"":0,""insertions"":0,""insertion_rate"":0.0},""Morphology"":{""attempts"":302,""discoveries"":0,""improvements"":1,""insertions"":1,""insertion_rate"":0.0033112582781456954},""Novelty"":{""attempts"":245,""discoveries"":0,""improvements"":1,""insertions"":1,""insertion_rate"":0.004081632653061225}}","{""Morphology"":198,""Novelty"":32}",0,0.8651488616462347,false,12000
40,195,196000,6.399438794000003,0.034821729999999995,0.031886774,0.001362997,0.001571959,6.886921506,76.12075,40.428307,6725.5283680558205,183,0.953125,46,4.169291890836754,56,0.30601092896174864,"{""10"":9,""11"":7,""12"":1,""13"":3,""15"":1,""3"":56,""4"":18,""5"":35,""6"":18,""7"":12,""8"":6,""9"":17}","{""10"":6,""11"":10,""12"":5,""14"":2,""15"":2,""17"":19,""18"":2,""19"":2,""20"":3,""21"":3,""22"":1,""23"":1,""24"":1,""3"":56,""31"":1,""32"":1,""33"":3,""35"":1,""4"":5,""5"":13,""6"":2,""7"":18,""8"":21,""9"":5}",64,"{""count"":64,""unique_topologies"":64,""topology_entropy_bits"":6.0,""effective_topology_count"":64.0,""triangle_like_count"":0,""triangle_like_fraction"":0.0,""mean_nodes"":8.71875,""mean_muscles"":15.96875,""node_counts"":{""10"":14,""11"":7,""12"":1,""13"":1,""4"":2,""5"":4,""7"":7,""8"":13,""9"":15},""muscle_counts"":{""10"":5,""11"":3,""12"":3,""13"":2,""14"":5,""15"":4,""16"":6,""17"":2,""18"":8,""19"":6,""20"":3,""21"":1,""22"":2,""24"":2,""25"":2,""30"":2,""31"":1,""5"":2,""6"":3,""8"":1,""9"":1}}",150,5.101774696046383,254,0.254,"{""10"":69,""11"":23,""12"":8,""13"":7,""14"":10,""15"":4,""3"":254,""4"":213,""5"":161,""6"":80,""7"":50,""8"":39,""9"":82}","{""10"":24,""11"":40,""12"":24,""13"":4,""14"":14,""15"":2,""17"":83,""18"":21,""19"":25,""20"":14,""21"":5,""22"":8,""23"":2,""24"":5,""25"":2,""28"":1,""3"":254,""31"":2,""32"":4,""33"":7,""34"":4,""35"":5,""37"":5,""4"":92,""41"":1,""5"":143,""6"":37,""7"":61,""8"":85,""9"":26}","{""Diagonal CMA-ES"":{""attempts"":299,""discoveries"":0,""improvements"":0,""insertions"":0,""insertion_rate"":0.0},""Immigrant"":{""attempts"":168,""discoveries"":0,""improvements"":0,""insertions"":0,""insertion_rate"":0.0},""Morphology"":{""attempts"":308,""discoveries"":0,""improvements"":1,""insertions"":1,""insertion_rate"":0.003246753246753247},""Novelty"":{""attempts"":225,""discoveries"":0,""improvements"":0,""insertions"":0,""insertion_rate"":0.0}}","{""Morphology"":201,""Novelty"":26}",0,0.8651488616462347,false,13000
40,196,197000,6.4341287350000025,0.034689941,0.03213729,0.001024622,0.001528029,6.924078615,76.12075,40.428307,6725.5283680558205,183,0.953125,46,4.169291890836753,56,0.30601092896174864,"{""10"":9,""11"":7,""12"":1,""13"":3,""15"":1,""3"":56,""4"":18,""5"":35,""6"":18,""7"":12,""8"":6,""9"":17}","{""10"":6,""11"":10,""12"":5,""14"":2,""15"":2,""17"":19,""18"":2,""19"":2,""20"":3,""21"":3,""22"":1,""23"":1,""24"":1,""3"":56,""31"":1,""32"":1,""33"":3,""35"":1,""4"":5,""5"":13,""6"":2,""7"":18,""8"":21,""9"":5}",64,"{""count"":64,""unique_topologies"":64,""topology_entropy_bits"":6.0,""effective_topology_count"":64.0,""triangle_like_count"":0,""triangle_like_fraction"":0.0,""mean_nodes"":8.71875,""mean_muscles"":15.96875,""node_counts"":{""10"":14,""11"":7,""12"":1,""13"":1,""4"":2,""5"":4,""7"":7,""8"":13,""9"":15},""muscle_counts"":{""10"":5,""11"":3,""12"":3,""13"":2,""14"":5,""15"":4,""16"":6,""17"":2,""18"":8,""19"":6,""20"":3,""21"":1,""22"":2,""24"":2,""25"":2,""30"":2,""31"":1,""5"":2,""6"":3,""8"":1,""9"":1}}",156,5.250172078582522,228,0.228,"{""10"":46,""11"":29,""12"":14,""13"":6,""14"":3,""15"":7,""3"":228,""4"":221,""5"":230,""6"":104,""7"":40,""8"":39,""9"":33}","{""10"":11,""11"":55,""12"":19,""13"":4,""14"":16,""15"":10,""16"":2,""17"":28,""18"":25,""19"":13,""20"":14,""21"":3,""22"":9,""23"":1,""24"":4,""25"":3,""26"":1,""3"":228,""31"":8,""32"":6,""33"":5,""34"":3,""35"":7,""36"":1,""4"":105,""5"":136,""6"":53,""7"":59,""8"":134,""9"":37}","{""Diagonal CMA-ES"":{""attempts"":281,""discoveries"":0,""improvements"":0,""insertions"":0,""insertion_rate"":0.0},""Immigrant"":{""attempts"":166,""discoveries"":0,""improvements"":0,""insertions"":0,""insertion_rate"":0.0},""Morphology"":{""attempts"":291,""discoveries"":0,""improvements"":1,""insertions"":1,""insertion_rate"":0.003436426116838488},""Novelty"":{""attempts"":262,""discoveries"":0,""improvements"":0,""insertions"":0,""insertion_rate"":0.0}}","{""Morphology"":204,""Novelty"":32}",0,0.8651488616462347,false,14000
40,197,198000,6.467256217000003,0.033127482,0.03071018,0.000978319,0.001438983,6.959522479,76.12075,40.428307,6733.394365370274,183,0.953125,46,4.1832106638175,55,0.3005464480874317,"{""10"":9,""11"":7,""12"":1,""13"":3,""15"":1,""3"":55,""4"":19,""5"":35,""6"":18,""7"":12,""8"":6,""9"":17}","{""10"":6,""11"":10,""12"":5,""14"":2,""15"":2,""17"":19,""18"":2,""19"":2,""20"":3,""21"":3,""22"":1,""23"":1,""24"":1,""3"":55,""31"":1,""32"":1,""33"":3,""35"":1,""4"":5,""5"":14,""6"":2,""7"":18,""8"":21,""9"":5}",64,"{""count"":64,""unique_topologies"":64,""topology_entropy_bits"":6.0,""effective_topology_count"":64.0,""triangle_like_count"":0,""triangle_like_fraction"":0.0,""mean_nodes"":8.75,""mean_muscles"":16.09375,""node_counts"":{""10"":14,""11"":7,""12"":1,""13"":1,""4"":2,""5"":4,""7"":6,""8"":13,""9"":16},""muscle_counts"":{""10"":5,""11"":3,""12"":3,""13"":2,""14"":5,""15"":4,""16"":6,""17"":3,""18"":8,""19"":6,""20"":3,""21"":1,""22"":2,""24"":2,""25"":2,""30"":2,""31"":1,""5"":2,""6"":3,""8"":1}}",181,5.453154687968097,217,0.217,"{""10"":41,""11"":51,""12"":9,""13"":7,""14"":12,""15"":7,""3"":217,""4"":191,""5"":233,""6"":104,""7"":51,""8"":31,""9"":46}","{""10"":16,""11"":52,""12"":16,""13"":3,""14"":21,""15"":8,""16"":5,""17"":33,""18"":31,""19"":13,""20"":15,""21"":5,""22"":10,""23"":1,""24"":3,""25"":4,""26"":1,""27"":1,""3"":217,""30"":3,""31"":7,""32"":8,""33"":6,""34"":7,""35"":7,""37"":3,""4"":83,""43"":1,""5"":126,""6"":41,""7"":82,""8"":129,""9"":42}","{""Diagonal CMA-ES"":{""attempts"":281,""discoveries"":0,""improvements"":0,""insertions"":0,""insertion_rate"":0.0},""Immigrant"":{""attempts"":133,""discoveries"":0,""improvements"":0,""insertions"":0,""insertion_rate"":0.0},""Morphology"":{""attempts"":335,""discoveries"":1,""improvements"":2,""insertions"":3,""insertion_rate"":0.008955223880597015},""Novelty"":{""attempts"":251,""discoveries"":0,""improvements"":0,""insertions"":0,""insertion_rate"":0.0}}","{""Morphology"":227,""Novelty"":28}",1,0.8651488616462347,false,15000
40,198,199000,6.504528492000003,0.037272275,0.034619892,0.000997315,0.001655068,6.999320099,76.12075,40.428307,6761.724959433079,183,0.953125,44,4.108005026140097,57,0.3114754098360656,"{""10"":9,""11"":6,""12"":1,""13"":3,""15"":1,""3"":57,""4"":20,""5"":34,""6"":18,""7"":11,""8"":6,""9"":17}","{""10"":6,""11"":10,""12"":5,""14"":1,""15"":2,""17"":19,""18"":1,""19"":2,""20"":3,""21"":3,""22"":1,""23"":1,""24"":1,""3"":57,""31"":1,""32"":1,""33"":3,""35"":1,""4"":5,""5"":15,""6"":2,""7"":17,""8"":21,""9"":5}",64,"{""count"":64,""unique_topologies"":64,""topology_entropy_bits"":6.0,""effective_topology_count"":64.0,""triangle_like_count"":0,""triangle_like_fraction"":0.0,""mean_nodes"":8.75,""mean_muscles"":16.09375,""node_counts"":{""10"":14,""11"":7,""12"":1,""13"":1,""4"":2,""5"":4,""7"":6,""8"":13,""9"":16},""muscle_counts"":{""10"":5,""11"":3,""12"":3,""13"":2,""14"":5,""15"":4,""16"":6,""17"":3,""18"":8,""19"":6,""20"":3,""21"":1,""22"":2,""24"":2,""25"":2,""30"":2,""31"":1,""5"":2,""6"":3,""8"":1}}",143,5.304587556748579,222,0.222,"{""10"":62,""11"":34,""12"":7,""13"":3,""14"":8,""15"":7,""3"":222,""4"":194,""5"":235,""6"":99,""7"":56,""8"":27,""9"":46}","{""10"":13,""11"":53,""12"":18,""13"":3,""14"":19,""15"":9,""17"":45,""18"":35,""19"":15,""20"":12,""21"":7,""22"":9,""23"":1,""24"":4,""27"":2,""28"":1,""3"":222,""31"":7,""32"":6,""33"":2,""34"":6,""35"":7,""36"":1,""4"":76,""41"":1,""43"":1,""5"":135,""6"":53,""7"":69,""8"":137,""9"":31}","{""Diagonal CMA-ES"":{""attempts"":300,""discoveries"":0,""improvements"":0,""insertions"":0,""insertion_rate"":0.0},""Immigrant"":{""attempts"":146,""discoveries"":0,""improvements"":0,""insertions"":0,""insertion_rate"":0.0},""Morphology"":{""attempts"":294,""discoveries"":0,""improvements"":3,""insertions"":3,""insertion_rate"":0.01020408163265306},""Novelty"":{""attempts"":260,""discoveries"":0,""improvements"":0,""insertions"":0,""insertion_rate"":0.0}}","{""Morphology"":193,""Novelty"":39}",0,0.8651488616462347,false,16000
40,199,200000,6.537382899000003,0.032854407,0.030216271,0.00099969,0.001638446,7.034474267,76.12075,40.428307,6784.583741247654,183,0.953125,44,4.094596829124401,58,0.31693989071038253,"{""10"":9,""11"":6,""12"":1,""13"":3,""15"":1,""3"":58,""4"":20,""5"":33,""6"":18,""7"":11,""8"":6,""9"":17}","{""10"":6,""11"":10,""12"":5,""14"":1,""15"":2,""17"":19,""18"":1,""19"":2,""20"":3,""21"":3,""22"":1,""23"":1,""24"":1,""3"":58,""31"":1,""32"":1,""33"":3,""35"":1,""4"":5,""5"":15,""6"":2,""7"":17,""8"":20,""9"":5}",64,"{""count"":64,""unique_topologies"":64,""topology_entropy_bits"":6.0,""effective_topology_count"":64.0,""triangle_like_count"":0,""triangle_like_fraction"":0.0,""mean_nodes"":8.75,""mean_muscles"":16.09375,""node_counts"":{""10"":14,""11"":7,""12"":1,""13"":1,""4"":2,""5"":4,""7"":6,""8"":13,""9"":16},""muscle_counts"":{""10"":5,""11"":3,""12"":3,""13"":2,""14"":5,""15"":4,""16"":6,""17"":3,""18"":8,""19"":6,""20"":3,""21"":1,""22"":2,""24"":2,""25"":2,""30"":2,""31"":1,""5"":2,""6"":3,""8"":1}}",157,5.252834178771827,202,0.202,"{""10"":128,""11"":32,""12"":10,""13"":3,""14"":15,""15"":6,""3"":202,""4"":188,""5"":214,""6"":90,""7"":39,""8"":26,""9"":47}","{""10"":13,""11"":52,""12"":16,""13"":2,""14"":11,""15"":9,""16"":2,""17"":132,""18"":23,""19"":11,""20"":14,""21"":3,""22"":5,""23"":1,""24"":2,""25"":1,""26"":1,""29"":1,""3"":202,""31"":8,""32"":6,""33"":2,""34"":6,""35"":10,""36"":1,""37"":4,""4"":79,""43"":1,""5"":131,""6"":46,""7"":64,""8"":116,""9"":25}","{""Diagonal CMA-ES"":{""attempts"":320,""discoveries"":0,""improvements"":0,""insertions"":0,""insertion_rate"":0.0},""Immigrant"":{""attempts"":139,""discoveries"":0,""improvements"":0,""insertions"":0,""insertion_rate"":0.0},""Morphology"":{""attempts"":301,""discoveries"":0,""improvements"":2,""insertions"":2,""insertion_rate"":0.006644518272425249},""Novelty"":{""attempts"":240,""discoveries"":0,""improvements"":1,""insertions"":1,""insertion_rate"":0.004166666666666667}}","{""Morphology"":209,""Novelty"":34}",0,0.8651488616462347,false,17000
40,200,201000,6.571925618000003,0.03454271899999999,0.031971071,0.00099969,0.001571958,7.071247884,76.12075,40.428307,6788.140343725681,183,0.953125,44,4.097444184849058,58,0.31693989071038253,"{""10"":9,""11"":6,""12"":1,""13"":3,""15"":1,""3"":58,""4"":21,""5"":32,""6"":18,""7"":11,""8"":6,""9"":17}","{""10"":6,""11"":10,""12"":5,""14"":1,""15"":2,""17"":19,""18"":1,""19"":2,""20"":3,""21"":3,""22"":1,""23"":1,""24"":1,""3"":58,""31"":1,""32"":1,""33"":3,""35"":1,""4"":5,""5"":16,""6"":2,""7"":16,""8"":20,""9"":5}",64,"{""count"":64,""unique_topologies"":64,""topology_entropy_bits"":6.0,""effective_topology_count"":64.0,""triangle_like_count"":0,""triangle_like_fraction"":0.0,""mean_nodes"":8.75,""mean_muscles"":15.90625,""node_counts"":{""10"":14,""11"":7,""12"":1,""13"":1,""4"":2,""5"":4,""7"":6,""8"":13,""9"":16},""muscle_counts"":{""10"":5,""11"":3,""12"":3,""13"":2,""14"":5,""15"":4,""16"":6,""17"":3,""18"":9,""19"":6,""20"":3,""21"":1,""22"":2,""24"":2,""25"":2,""30"":1,""31"":1,""5"":2,""6"":3,""8"":1}}",156,5.120723263653676,185,0.185,"{""10"":146,""11"":29,""12"":11,""13"":5,""14"":11,""15"":5,""3"":185,""4"":178,""5"":143,""6"":173,""7"":50,""8"":17,""9"":47}","{""10"":22,""11"":144,""12"":16,""13"":7,""14"":12,""15"":1,""16"":3,""17"":134,""18"":22,""19"":3,""20"":17,""21"":6,""22"":12,""23"":3,""24"":2,""25"":3,""26"":3,""27"":2,""3"":185,""31"":4,""32"":5,""33"":6,""34"":5,""35"":6,""36"":1,""37"":1,""4"":81,""41"":2,""43"":1,""5"":110,""6"":37,""7"":47,""8"":74,""9"":23}","{""Diagonal CMA-ES"":{""attempts"":306,""discoveries"":0,""improvements"":0,""insertions"":0,""insertion_rate"":0.0},""Immigrant"":{""attempts"":150,""discoveries"":0,""improvements"":0,""insertions"":0,""insertion_rate"":0.0},""Morphology"":{""attempts"":300,""discoveries"":1,""improvements"":1,""insertions"":2,""insertion_rate"":0.006666666666666667},""Novelty"":{""attempts"":244,""discoveries"":0,""improvements"":0,""insertions"":0,""insertion_rate"":0.0}}","{""Morphology"":195,""Novelty"":23}",1,0.8653846153846154,false,18000
40,201,202000,6.608042670000003,0.036117052000000004,0.033353064,0.001080425,0.001683563,7.110163355,76.12075,40.428307,6790.10881716013,183,0.953125,44,4.101671260296137,59,0.3224043715846995,"{""10"":9,""11"":6,""12"":1,""13"":3,""15"":1,""3"":59,""4"":21,""5"":30,""6"":18,""7"":12,""8"":6,""9"":17}","{""10"":6,""11"":10,""12"":5,""14"":1,""15"":2,""17"":19,""18"":1,""19"":2,""20"":3,""21"":3,""22"":1,""23"":1,""24"":1,""3"":59,""31"":1,""32"":1,""33"":3,""35"":1,""4"":5,""5"":16,""6"":2,""7"":15,""8"":19,""9"":6}",64,"{""count"":64,""unique_topologies"":64,""topology_entropy_bits"":6.0,""effective_topology_count"":64.0,""triangle_like_count"":0,""triangle_like_fraction"":0.0,""mean_nodes"":8.75,""mean_muscles"":15.90625,""node_counts"":{""10"":14,""11"":7,""12"":1,""13"":1,""4"":2,""5"":4,""7"":6,""8"":13,""9"":16},""muscle_counts"":{""10"":5,""11"":3,""12"":3,""13"":2,""14"":5,""15"":4,""16"":6,""17"":3,""18"":9,""19"":6,""20"":3,""21"":1,""22"":2,""24"":2,""25"":2,""30"":1,""31"":1,""5"":2,""6"":3,""8"":1}}",158,4.9193820593597515,120,0.12,"{""10"":46,""11"":24,""12"":24,""13"":4,""14"":10,""15"":2,""3"":120,""4"":149,""5"":342,""6"":180,""7"":45,""8"":24,""9"":30}","{""10"":22,""11"":147,""12"":15,""13"":5,""14"":5,""15"":2,""16"":2,""17"":30,""18"":28,""19"":18,""20"":11,""21"":9,""22"":8,""23"":3,""24"":5,""27"":1,""3"":120,""31"":3,""32"":2,""33"":4,""34"":6,""35"":4,""4"":66,""41"":2,""5"":103,""6"":26,""7"":262,""8"":61,""9"":30}","{""Diagonal CMA-ES"":{""attempts"":293,""discoveries"":0,""improvements"":0,""insertions"":0,""insertion_rate"":0.0},""Immigrant"":{""attempts"":140,""discoveries"":0,""improvements"":0,""insertions"":0,""insertion_rate"":0.0},""Morphology"":{""attempts"":319,""discoveries"":0,""improvements"":2,""insertions"":2,""insertion_rate"":0.006269592476489028},""Novelty"":{""attempts"":248,""discoveries"":0,""improvements"":0,""insertions"":0,""insertion_rate"":0.0}}","{""Morphology"":235,""Novelty"":30}",0,0.8653846153846154,false,19000
40,202,203000,6.641753105000003,0.033710435000000004,0.031060427,0.001087548,0.00156246,7.146458499,76.12075,40.428307,6790.10881716013,183,0.953125,44,4.101671260296138,59,0.3224043715846995,"{""10"":9,""11"":6,""12"":1,""13"":3,""15"":1,""3"":59,""4"":21,""5"":30,""6"":18,""7"":12,""8"":6,""9"":17}","{""10"":6,""11"":10,""12"":5,""14"":1,""15"":2,""17"":19,""18"":1,""19"":2,""20"":3,""21"":3,""22"":1,""23"":1,""24"":1,""3"":59,""31"":1,""32"":1,""33"":3,""35"":1,""4"":5,""5"":16,""6"":2,""7"":15,""8"":19,""9"":6}",64,"{""count"":64,""unique_topologies"":64,""topology_entropy_bits"":6.0,""effective_topology_count"":64.0,""triangle_like_count"":0,""triangle_like_fraction"":0.0,""mean_nodes"":8.796875,""mean_muscles"":15.984375,""node_counts"":{""10"":14,""11"":7,""12"":1,""13"":1,""4"":2,""5"":3,""7"":6,""8"":14,""9"":16},""muscle_counts"":{""10"":5,""11"":4,""12"":3,""13"":2,""14"":5,""15"":4,""16"":6,""17"":3,""18"":9,""19"":6,""20"":3,""21"":1,""22"":2,""24"":2,""25"":2,""30"":1,""31"":1,""5"":2,""6"":2,""8"":1}}",147,4.515580964853191,135,0.135,"{""10"":54,""11"":14,""12"":11,""13"":5,""14"":12,""15"":2,""3"":135,""4"":159,""5"":466,""6"":60,""7"":25,""8"":25,""9"":32}","{""10"":11,""11"":30,""12"":13,""13"":5,""14"":4,""15"":4,""16"":2,""17"":32,""18"":23,""19"":11,""20"":13,""21"":5,""22"":5,""23"":2,""24"":3,""26"":1,""27"":1,""29"":1,""3"":135,""31"":2,""32"":3,""33"":4,""34"":6,""35"":5,""36"":1,""37"":2,""4"":79,""41"":1,""5"":95,""6"":33,""7"":357,""8"":87,""9"":24}","{""Diagonal CMA-ES"":{""attempts"":313,""discoveries"":0,""improvements"":0,""insertions"":0,""insertion_rate"":0.0},""Immigrant"":{""attempts"":155,""discoveries"":0,""improvements"":0,""insertions"":0,""insertion_rate"":0.0},""Morphology"":{""attempts"":303,""discoveries"":2,""improvements"":0,""insertions"":2,""insertion_rate"":0.006600660066006601},""Novelty"":{""attempts"":229,""discoveries"":0,""improvements"":0,""insertions"":0,""insertion_rate"":0.0}}","{""Morphology"":191,""Novelty"":30}",2,0.8653846153846154,false,20000
40,203,204000,6.674020995000003,0.03226789,0.029904016,0.00098663,0.001377244,7.18089555,76.12075,40.428307,6806.020356237888,183,0.953125,44,4.1230790494691085,58,0.31693989071038253,"{""10"":9,""11"":6,""12"":1,""13"":3,""15"":1,""3"":58,""4"":23,""5"":29,""6"":18,""7"":12,""8"":6,""9"":17}","{""10"":6,""11"":10,""12"":5,""14"":1,""15"":2,""17"":19,""18"":1,""19"":2,""20"":3,""21"":3,""22"":1,""23"":1,""24"":1,""3"":58,""31"":1,""32"":1,""33"":3,""35"":1,""4"":6,""5"":17,""6"":2,""7"":14,""8"":19,""9"":6}",64,"{""count"":64,""unique_topologies"":64,""topology_entropy_bits"":6.0,""effective_topology_count"":64.0,""triangle_like_count"":0,""triangle_like_fraction"":0.0,""mean_nodes"":8.78125,""mean_muscles"":15.90625,""node_counts"":{""10"":13,""11"":7,""12"":1,""13"":1,""4"":2,""5"":3,""7"":6,""8"":14,""9"":17},""muscle_counts"":{""10"":5,""11"":4,""12"":3,""13"":3,""14"":5,""15"":4,""16"":6,""17"":3,""18"":8,""19"":6,""20"":3,""21"":1,""22"":2,""24"":2,""25"":2,""30"":1,""31"":1,""5"":2,""6"":2,""8"":1}}",149,5.222192391464781,211,0.211,"{""10"":43,""11"":38,""12"":5,""13"":3,""14"":13,""15"":7,""3"":211,""4"":195,""5"":272,""6"":89,""7"":53,""8"":30,""9"":41}","{""10"":23,""11"":52,""12"":23,""13"":8,""14"":7,""15"":1,""16"":3,""17"":37,""18"":20,""19"":11,""20"":15,""21"":4,""22"":9,""23"":1,""24"":6,""25"":1,""27"":1,""3"":211,""31"":7,""32"":4,""33"":1,""34"":7,""35"":10,""36"":2,""37"":2,""4"":83,""41"":1,""5"":132,""6"":54,""7"":141,""8"":92,""9"":31}","{""Diagonal CMA-ES"":{""attempts"":311,""discoveries"":0,""improvements"":1,""insertions"":1,""insertion_rate"":0.003215434083601286},""Immigrant"":{""attempts"":128,""discoveries"":0,""improvements"":0,""insertions"":0,""insertion_rate"":0.0},""Morphology"":{""attempts"":304,""discoveries"":1,""improvements"":1,""insertions"":2,""insertion_rate"":0.006578947368421052},""Novelty"":{""attempts"":257,""discoveries"":0,""improvements"":1,""insertions"":1,""insertion_rate"":0.0038910505836575876}}","{""Morphology"":212,""Novelty"":39}",1,0.8656195462478184,false,21000
40,204,205000,6.705931515000003,0.031910520000000005,0.029619069,0.000952199,0.001339252,7.215169943,76.12075,40.428307,6819.808758795261,183,0.953125,44,4.1230790494691085,58,0.31693989071038253,"{""10"":9,""11"":6,""12"":1,""13"":3,""15"":1,""3"":58,""4"":23,""5"":29,""6"":18,""7"":12,""8"":6,""9"":17}","{""10"":6,""11"":10,""12"":5,""14"":1,""15"":2,""17"":19,""18"":1,""19"":2,""20"":3,""21"":3,""22"":1,""23"":1,""24"":1,""3"":58,""31"":1,""32"":1,""33"":3,""35"":1,""4"":6,""5"":17,""6"":2,""7"":14,""8"":19,""9"":6}",64,"{""count"":64,""unique_topologies"":64,""topology_entropy_bits"":6.0,""effective_topology_count"":64.0,""triangle_like_count"":0,""triangle_like_fraction"":0.0,""mean_nodes"":8.703125,""mean_muscles"":15.71875,""node_counts"":{""10"":12,""11"":7,""12"":1,""13"":1,""4"":2,""5"":4,""7"":6,""8"":14,""9"":17},""muscle_counts"":{""10"":5,""11"":4,""12"":3,""13"":3,""14"":5,""15"":4,""16"":6,""17"":3,""18"":8,""19"":5,""20"":3,""21"":1,""22"":2,""24"":2,""25"":2,""30"":1,""31"":1,""5"":2,""6"":2,""7"":1,""8"":1}}",156,5.138650683800363,256,0.256,"{""10"":76,""11"":22,""12"":5,""13"":20,""14"":8,""15"":3,""16"":1,""3"":256,""4"":196,""5"":178,""6"":69,""7"":54,""8"":25,""9"":87}","{""10"":25,""11"":35,""12"":23,""13"":14,""14"":14,""15"":10,""16"":1,""17"":86,""18"":22,""19"":13,""20"":10,""21"":3,""22"":3,""23"":1,""24"":7,""25"":1,""3"":256,""31"":3,""32"":3,""33"":21,""34"":4,""35"":3,""36"":1,""37"":3,""4"":72,""41"":1,""5"":151,""6"":46,""7"":63,""8"":69,""9"":36}","{""Diagonal CMA-ES"":{""attempts"":289,""discoveries"":0,""improvements"":0,""insertions"":0,""insertion_rate"":0.0},""Immigrant"":{""attempts"":154,""discoveries"":0,""improvements"":0,""insertions"":0,""insertion_rate"":0.0},""Morphology"":{""attempts"":308,""discoveries"":1,""improvements"":2,""insertions"":3,""insertion_rate"":0.00974025974025974},""Novelty"":{""attempts"":249,""discoveries"":0,""improvements"":0,""insertions"":0,""insertion_rate"":0.0}}","{""Morphology"":207,""Novelty"":33}",1,0.8656195462478184,false,22000
40,205,206000,6.739634827000003,0.033703312,0.030249515,0.001948326,0.001505471,7.252479024,76.12075,40.428307,6829.005665838718,183,0.953125,44,4.119429172092107,58,0.31693989071038253,"{""10"":9,""11"":6,""12"":1,""13"":3,""15"":1,""3"":58,""4"":24,""5"":29,""6"":18,""7"":12,""8"":6,""9"":16}","{""10"":6,""11"":10,""12"":5,""14"":1,""15"":2,""17"":18,""18"":1,""19"":2,""20"":3,""21"":3,""22"":1,""23"":1,""24"":1,""3"":58,""31"":1,""32"":1,""33"":3,""35"":1,""4"":6,""5"":18,""6"":2,""7"":15,""8"":18,""9"":6}",64,"{""count"":64,""unique_topologies"":64,""topology_entropy_bits"":6.0,""effective_topology_count"":64.0,""triangle_like_count"":0,""triangle_like_fraction"":0.0,""mean_nodes"":8.734375,""mean_muscles"":15.734375,""node_counts"":{""10"":12,""11"":8,""12"":1,""13"":1,""4"":2,""5"":4,""7"":6,""8"":14,""9"":16},""muscle_counts"":{""10"":5,""11"":4,""12"":3,""13"":3,""14"":5,""15"":4,""16"":6,""17"":3,""18"":7,""19"":6,""20"":3,""21"":1,""22"":2,""24"":2,""25"":2,""30"":1,""31"":1,""5"":2,""6"":2,""7"":1,""8"":1}}",130,4.878037182655598,197,0.197,"{""10"":56,""11"":18,""12"":1,""13"":16,""14"":6,""3"":197,""4"":184,""5"":228,""6"":138,""7"":42,""8"":44,""9"":70}","{""10"":21,""11"":100,""12"":22,""13"":8,""14"":1,""15"":23,""16"":1,""17"":83,""18"":14,""19"":14,""20"":7,""21"":4,""22"":4,""23"":4,""24"":3,""28"":1,""3"":197,""31"":1,""33"":16,""34"":2,""35"":1,""37"":3,""4"":64,""5"":145,""6"":37,""7"":149,""8"":51,""9"":24}","{""Diagonal CMA-ES"":{""attempts"":324,""discoveries"":0,""improvements"":0,""insertions"":0,""insertion_rate"":0.0},""Immigrant"":{""attempts"":154,""discoveries"":0,""improvements"":0,""insertions"":0,""insertion_rate"":0.0},""Morphology"":{""attempts"":281,""discoveries"":1,""improvements"":1,""insertions"":2,""insertion_rate"":0.0071174377224199285},""Novelty"":{""attempts"":241,""discoveries"":0,""improvements"":1,""insertions"":1,""insertion_rate"":0.004149377593360996}}","{""Morphology"":189,""Novelty"":24}",0,0.8660869565217392,false,23000
40,206,207000,6.7753007120000035,0.035665884999999994,0.033076428,0.001074488,0.001514969,7.290821038,76.12075,40.428307,6833.863789618015,183,0.953125,44,4.119429172092107,58,0.31693989071038253,"{""10"":9,""11"":6,""12"":1,""13"":3,""15"":1,""3"":58,""4"":24,""5"":29,""6"":18,""7"":12,""8"":6,""9"":16}","{""10"":6,""11"":10,""12"":5,""14"":1,""15"":2,""17"":18,""18"":1,""19"":2,""20"":3,""21"":3,""22"":1,""23"":1,""24"":1,""3"":58,""31"":1,""32"":1,""33"":3,""35"":1,""4"":6,""5"":18,""6"":2,""7"":15,""8"":18,""9"":6}",64,"{""count"":64,""unique_topologies"":64,""topology_entropy_bits"":6.0,""effective_topology_count"":64.0,""triangle_like_count"":0,""triangle_like_fraction"":0.0,""mean_nodes"":8.84375,""mean_muscles"":15.96875,""node_counts"":{""10"":12,""11"":9,""12"":1,""13"":1,""4"":1,""5"":4,""7"":6,""8"":14,""9"":16},""muscle_counts"":{""10"":5,""11"":4,""12"":3,""13"":3,""14"":5,""15"":4,""16"":6,""17"":3,""18"":7,""19"":6,""20"":4,""21"":1,""22"":2,""24"":2,""25"":2,""30"":1,""31"":1,""5"":1,""6"":2,""7"":1,""8"":1}}",154,5.103131493452593,237,0.237,"{""10"":62,""11"":22,""12"":22,""13"":18,""14"":6,""15"":3,""3"":237,""4"":209,""5"":173,""6"":70,""7"":52,""8"":40,""9"":86}","{""10"":30,""11"":33,""12"":23,""13"":6,""14"":4,""15"":8,""17"":106,""18"":21,""19"":12,""20"":19,""21"":5,""22"":6,""23"":2,""24"":6,""26"":2,""3"":237,""31"":2,""32"":3,""33"":17,""34"":4,""35"":3,""37"":1,""4"":91,""40"":1,""41"":1,""5"":138,""6"":40,""7"":82,""8"":62,""9"":35}","{""Diagonal CMA-ES"":{""attempts"":306,""discoveries"":0,""improvements"":0,""insertions"":0,""insertion_rate"":0.0},""Immigrant"":{""attempts"":148,""discoveries"":0,""improvements"":0,""insertions"":0,""insertion_rate"":0.0},""Morphology"":{""attempts"":292,""discoveries"":1,""improvements"":1,""insertions"":2,""insertion_rate"":0.00684931506849315},""Novelty"":{""attempts"":254,""discoveries"":0,""improvements"":0,""insertions"":0,""insertion_rate"":0.0}}","{""Morphology"":182,""Novelty"":40}",1,0.8663194444444444,false,24000
40,207,208000,6.808575416000004,0.033274704,0.030659127,0.000998502,0.001617075,7.326396691,76.12075,39.926613,6859.949589788914,184,0.9583333,45,4.139452105576742,58,0.31521739130434784,"{""10"":9,""11"":6,""12"":1,""13"":3,""15"":1,""16"":1,""3"":58,""4"":25,""5"":29,""6"":17,""7"":12,""8"":6,""9"":16}","{""10"":6,""11"":9,""12"":5,""14"":1,""15"":2,""17"":18,""18"":1,""19"":2,""20"":3,""21"":3,""22"":1,""23"":1,""24"":1,""3"":58,""31"":1,""32"":1,""33"":3,""35"":1,""36"":1,""4"":6,""5"":19,""6"":2,""7"":15,""8"":18,""9"":6}",64,"{""count"":64,""unique_topologies"":64,""topology_entropy_bits"":6.0,""effective_topology_count"":64.0,""triangle_like_count"":0,""triangle_like_fraction"":0.0,""mean_nodes"":8.6875,""mean_muscles"":15.59375,""node_counts"":{""10"":11,""11"":9,""12"":1,""13"":1,""4"":2,""5"":5,""7"":6,""8"":14,""9"":15},""muscle_counts"":{""10"":5,""11"":4,""12"":3,""13"":3,""14"":5,""15"":4,""16"":5,""17"":3,""18"":6,""19"":6,""20"":4,""21"":1,""22"":2,""24"":2,""25"":2,""30"":1,""31"":1,""4"":1,""5"":1,""6"":3,""7"":1,""8"":1}}",155,5.210978654333321,227,0.227,"{""10"":50,""11"":32,""12"":24,""13"":17,""14"":3,""15"":3,""16"":1,""3"":227,""4"":207,""5"":191,""6"":70,""7"":61,""8"":34,""9"":80}","{""10"":30,""11"":35,""12"":22,""13"":5,""14"":7,""15"":4,""16"":3,""17"":88,""18"":26,""19"":9,""20"":18,""21"":13,""22"":10,""23"":2,""24"":3,""25"":4,""28"":2,""3"":227,""31"":3,""32"":2,""33"":16,""34"":1,""35"":3,""36"":2,""37"":2,""4"":73,""5"":150,""6"":46,""7"":94,""8"":67,""9"":33}","{""Diagonal CMA-ES"":{""attempts"":303,""discoveries"":0,""improvements"":1,""insertions"":1,""insertion_rate"":0.0033003300330033004},""Immigrant"":{""attempts"":116,""discoveries"":0,""improvements"":0,""insertions"":0,""insertion_rate"":0.0},""Morphology"":{""attempts"":301,""discoveries"":2,""improvements"":3,""insertions"":5,""insertion_rate"":0.016611295681063124},""Novelty"":{""attempts"":280,""discoveries"":1,""improvements"":0,""insertions"":1,""insertion_rate"":0.0035714285714285713}}","{""Morphology"":209,""Novelty"":37}",2,0.8665511265164645,false,25000
40,208,209000,6.864823985000004,0.056248569,0.053516638,0.000983068,0.001748863,7.3852549,76.12075,39.926613,6870.209687292576,184,0.9583333,45,4.117343792005477,59,0.32065217391304346,"{""10"":9,""11"":6,""12"":1,""13"":3,""15"":1,""16"":1,""3"":59,""4"":24,""5"":29,""6"":17,""7"":12,""8"":6,""9"":16}","{""10"":6,""11"":9,""12"":5,""14"":1,""15"":2,""17"":18,""18"":1,""19"":2,""20"":3,""21"":3,""22"":1,""23"":1,""24"":1,""3"":59,""31"":1,""32"":1,""33"":3,""35"":1,""36"":1,""4"":6,""5"":18,""6"":2,""7"":15,""8"":18,""9"":6}",64,"{""count"":64,""unique_topologies"":64,""topology_entropy_bits"":6.0,""effective_topology_count"":64.0,""triangle_like_count"":0,""triangle_like_fraction"":0.0,""mean_nodes"":8.6875,""mean_muscles"":15.59375,""node_counts"":{""10"":11,""11"":9,""12"":1,""13"":1,""4"":2,""5"":5,""7"":6,""8"":14,""9"":15},""muscle_counts"":{""10"":5,""11"":4,""12"":3,""13"":3,""14"":5,""15"":4,""16"":5,""17"":3,""18"":6,""19"":6,""20"":4,""21"":1,""22"":2,""24"":2,""25"":2,""30"":1,""31"":1,""4"":1,""5"":1,""6"":3,""7"":1,""8"":1}}",125,4.576444354889389,290,0.29,"{""10"":53,""11"":13,""13"":15,""14"":8,""15"":1,""16"":112,""17"":10,""3"":290,""4"":196,""5"":134,""6"":42,""7"":36,""8"":20,""9"":70}","{""10"":30,""11"":6,""12"":14,""13"":2,""15"":1,""17"":85,""18"":17,""19"":12,""20"":2,""21"":4,""22"":8,""23"":1,""24"":1,""26"":1,""27"":2,""3"":290,""33"":15,""34"":4,""35"":3,""36"":112,""37"":7,""38"":1,""4"":86,""40"":1,""43"":1,""46"":2,""5"":143,""6"":47,""7"":46,""8"":41,""9"":15}","{""Diagonal CMA-ES"":{""attempts"":304,""discoveries"":0,""improvements"":0,""insertions"":0,""insertion_rate"":0.0},""Immigrant"":{""attempts"":163,""discoveries"":0,""improvements"":0,""insertions"":0,""insertion_rate"":0.0},""Morphology"":{""attempts"":290,""discoveries"":0,""improvements"":3,""insertions"":3,""insertion_rate"":0.010344827586206896},""Novelty"":{""attempts"":243,""discoveries"":0,""improvements"":0,""insertions"":0,""insertion_rate"":0.0}}","{""Morphology"":208,""Novelty"":21}",0,0.8665511265164645,false,26000
40,209,210000,6.923468484000003,0.058644499,0.055822335,0.001043619,0.001778545,7.447267712,76.12075,39.926613,6878.907061636448,184,0.9583333,45,4.117343792005477,59,0.32065217391304346,"{""10"":9,""11"":6,""12"":1,""13"":3,""15"":1,""16"":1,""3"":59,""4"":24,""5"":29,""6"":17,""7"":12,""8"":6,""9"":16}","{""10"":6,""11"":9,""12"":5,""14"":1,""15"":2,""17"":18,""18"":1,""19"":2,""20"":3,""21"":3,""22"":1,""23"":1,""24"":1,""3"":59,""31"":1,""32"":1,""33"":3,""35"":1,""36"":1,""4"":6,""5"":18,""6"":2,""7"":15,""8"":18,""9"":6}",64,"{""count"":64,""unique_topologies"":64,""topology_entropy_bits"":6.0,""effective_topology_count"":64.0,""triangle_like_count"":0,""triangle_like_fraction"":0.0,""mean_nodes"":8.6875,""mean_muscles"":15.59375,""node_counts"":{""10"":11,""11"":9,""12"":1,""13"":1,""4"":2,""5"":5,""7"":6,""8"":14,""9"":15},""muscle_counts"":{""10"":5,""11"":4,""12"":3,""13"":3,""14"":5,""15"":4,""16"":5,""17"":3,""18"":6,""19"":6,""20"":4,""21"":1,""22"":2,""24"":2,""25"":2,""30"":1,""31"":1,""4"":1,""5"":1,""6"":3,""7"":1,""8"":1}}",152,5.1484977608103915,192,0.192,"{""10"":63,""11"":47,""12"":8,""13"":16,""14"":4,""16"":121,""17"":14,""3"":192,""4"":182,""5"":161,""6"":56,""7"":38,""8"":27,""9"":71}","{""10"":19,""11"":17,""12"":18,""13"":8,""14"":7,""15"":3,""16"":1,""17"":69,""18"":22,""19"":44,""20"":17,""21"":7,""22"":9,""23"":2,""24"":1,""27"":1,""3"":192,""31"":1,""32"":1,""33"":16,""34"":2,""35"":1,""36"":121,""37"":9,""38"":1,""4"":74,""40"":2,""44"":2,""46"":1,""5"":140,""6"":34,""7"":87,""8"":45,""9"":26}","{""Diagonal CMA-ES"":{""attempts"":298,""discoveries"":0,""improvements"":0,""insertions"":0,""insertion_rate"":0.0},""Immigrant"":{""attempts"":151,""discoveries"":0,""improvements"":0,""insertions"":0,""insertion_rate"":0.0},""Morphology"":{""attempts"":279,""discoveries"":0,""improvements"":1,""insertions"":1,""insertion_rate"":0.0035842293906810036},""Novelty"":{""attempts"":272,""discoveries"":0,""improvements"":0,""insertions"":0,""insertion_rate"":0.0}}","{""Morphology"":205,""Novelty"":23}",0,0.8667820069204152,false,27000
40,210,211000,6.978953632000003,0.055485148,0.052679605,0.001028185,0.001777358,7.50552872,76.12075,39.926613,6884.721026480198,184,0.9583333,45,4.125972118627953,59,0.32065217391304346,"{""10"":9,""11"":6,""12"":1,""13"":3,""15"":1,""16"":1,""3"":59,""4"":24,""5"":30,""6"":17,""7"":12,""8"":6,""9"":15}","{""10"":6,""11"":9,""12"":5,""14"":1,""15"":2,""17"":17,""18"":1,""19"":2,""20"":3,""21"":3,""22"":1,""23"":1,""24"":1,""3"":59,""31"":1,""32"":1,""33"":3,""35"":1,""36"":1,""4"":6,""5"":18,""6"":2,""7"":15,""8"":19,""9"":6}",64,"{""count"":64,""unique_topologies"":64,""topology_entropy_bits"":6.0,""effective_topology_count"":64.0,""triangle_like_count"":0,""triangle_like_fraction"":0.0,""mean_nodes"":8.796875,""mean_muscles"":15.828125,""node_counts"":{""10"":11,""11"":9,""12"":2,""13"":1,""4"":2,""5"":4,""7"":6,""8"":14,""9"":15},""muscle_counts"":{""10"":5,""11"":4,""12"":3,""13"":3,""14"":5,""15"":4,""16"":5,""17"":3,""18"":6,""19"":6,""20"":4,""21"":1,""22"":2,""23"":1,""24"":2,""25"":2,""30"":1,""31"":1,""4"":1,""5"":1,""6"":3,""7"":1}}",152,5.020347139276819,234,0.234,"{""10"":62,""11"":18,""12"":9,""13"":13,""14"":4,""15"":2,""16"":102,""17"":14,""3"":234,""4"":198,""5"":121,""6"":51,""7"":55,""8"":37,""9"":80}","{""10"":33,""11"":20,""12"":25,""13"":4,""14"":4,""15"":6,""16"":2,""17"":94,""18"":23,""19"":10,""20"":11,""21"":2,""22"":8,""23"":4,""24"":2,""27"":1,""3"":234,""31"":1,""32"":3,""33"":12,""34"":3,""35"":2,""36"":102,""37"":7,""4"":90,""40"":6,""44"":1,""46"":1,""5"":132,""6"":27,""7"":46,""8"":51,""9"":33}","{""Diagonal CMA-ES"":{""attempts"":328,""discoveries"":0,""improvements"":0,""insertions"":0,""insertion_rate"":0.0},""Immigrant"":{""attempts"":140,""discoveries"":0,""improvements"":0,""insertions"":0,""insertion_rate"":0.0},""Morphology"":{""attempts"":296,""discoveries"":1,""improvements"":4,""insertions"":5,""insertion_rate"":0.016891891891891893},""Novelty"":{""attempts"":236,""discoveries"":0,""improvements"":0,""insertions"":0,""insertion_rate"":0.0}}","{""Morphology"":198,""Novelty"":29}",1,0.8672413793103448,false,28000
40,211,212000,7.034770030000003,0.055816397999999996,0.053172326,0.000992566,0.001651506,7.564188654,76.12075,39.926613,6901.578806936741,184,0.9583333,45,4.125972118627952,59,0.32065217391304346,"{""10"":9,""11"":6,""12"":1,""13"":3,""15"":1,""16"":1,""3"":59,""4"":24,""5"":30,""6"":17,""7"":12,""8"":6,""9"":15}","{""10"":6,""11"":9,""12"":5,""14"":1,""15"":2,""17"":17,""18"":1,""19"":2,""20"":3,""21"":3,""22"":1,""23"":1,""24"":1,""3"":59,""31"":1,""32"":1,""33"":3,""35"":1,""36"":1,""4"":6,""5"":18,""6"":2,""7"":15,""8"":19,""9"":6}",64,"{""count"":64,""unique_topologies"":64,""topology_entropy_bits"":6.0,""effective_topology_count"":64.0,""triangle_like_count"":0,""triangle_like_fraction"":0.0,""mean_nodes"":8.84375,""mean_muscles"":15.953125,""node_counts"":{""10"":12,""11"":9,""12"":1,""13"":2,""4"":2,""5"":4,""7"":6,""8"":13,""9"":15},""muscle_counts"":{""10"":5,""11"":3,""12"":3,""13"":3,""14"":5,""15"":4,""16"":5,""17"":3,""18"":7,""19"":6,""20"":4,""21"":1,""22"":2,""24"":3,""25"":2,""30"":1,""31"":1,""4"":1,""5"":1,""6"":3,""7"":1}}",121,4.718291869658965,197,0.197,"{""10"":55,""11"":11,""12"":10,""13"":26,""14"":9,""15"":1,""16"":103,""17"":23,""3"":197,""4"":289,""5"":119,""6"":25,""7"":33,""8"":26,""9"":73}","{""10"":22,""11"":4,""12"":20,""13"":4,""14"":3,""17"":81,""18"":17,""19"":11,""20"":6,""21"":4,""22"":10,""23"":9,""24"":9,""26"":4,""27"":1,""28"":1,""3"":197,""33"":15,""34"":5,""35"":2,""36"":103,""37"":12,""38"":6,""4"":75,""40"":5,""41"":1,""44"":1,""46"":1,""5"":236,""6"":41,""7"":38,""8"":31,""9"":25}","{""Diagonal CMA-ES"":{""attempts"":308,""discoveries"":0,""improvements"":0,""insertions"":0,""insertion_rate"":0.0},""Immigrant"":{""attempts"":155,""discoveries"":0,""improvements"":0,""insertions"":0,""insertion_rate"":0.0},""Morphology"":{""attempts"":285,""discoveries"":2,""improvements"":1,""insertions"":3,""insertion_rate"":0.010526315789473684},""Novelty"":{""attempts"":252,""discoveries"":0,""improvements"":0,""insertions"":0,""insertion_rate"":0.0}}","{""Morphology"":187,""Novelty"":41}",2,0.8672413793103448,false,29000
40,212,213000,7.093108211000003,0.058338181,0.055301119,0.001076863,0.001960199,7.625696872,76.12075,39.926613,6918.304221212864,184,0.9583333,44,4.106567405735676,58,0.31521739130434784,"{""10"":9,""11"":6,""12"":1,""13"":3,""15"":1,""16"":1,""3"":58,""4"":26,""5"":30,""6"":17,""7"":11,""8"":6,""9"":15}","{""10"":6,""11"":9,""12"":4,""14"":1,""15"":2,""17"":17,""18"":1,""19"":2,""20"":3,""21"":3,""22"":1,""23"":1,""24"":1,""3"":58,""31"":1,""32"":1,""33"":3,""35"":1,""36"":1,""4"":6,""5"":20,""6"":2,""7"":15,""8"":19,""9"":6}",64,"{""count"":64,""unique_topologies"":64,""topology_entropy_bits"":6.0,""effective_topology_count"":64.0,""triangle_like_count"":0,""triangle_like_fraction"":0.0,""mean_nodes"":8.765625,""mean_muscles"":15.75,""node_counts"":{""10"":12,""11"":9,""12"":1,""13"":1,""4"":2,""5"":4,""7"":6,""8"":14,""9"":15},""muscle_counts"":{""10"":5,""11"":4,""12"":3,""13"":3,""14"":5,""15"":4,""16"":5,""17"":3,""18"":7,""19"":6,""20"":4,""21"":1,""22"":2,""24"":2,""25"":2,""30"":1,""31"":1,""4"":1,""5"":1,""6"":3,""7"":1}}",128,4.649991015085598,226,0.226,"{""10"":51,""11"":18,""13"":21,""14"":13,""16"":110,""17"":25,""3"":226,""4"":268,""5"":125,""6"":25,""7"":30,""8"":24,""9"":64}","{""10"":15,""11"":7,""12"":17,""13"":5,""14"":2,""17"":67,""18"":25,""19"":12,""20"":4,""21"":6,""22"":6,""24"":12,""25"":4,""26"":3,""27"":1,""3"":226,""33"":16,""34"":3,""36"":110,""37"":15,""38"":3,""4"":69,""40"":6,""41"":1,""44"":2,""46"":1,""5"":217,""6"":49,""7"":46,""8"":28,""9"":22}","{""Diagonal CMA-ES"":{""attempts"":317,""discoveries"":0,""improvements"":0,""insertions"":0,""insertion_rate"":0.0},""Immigrant"":{""attempts"":163,""discoveries"":0,""improvements"":0,""insertions"":0,""insertion_rate"":0.0},""Morphology"":{""attempts"":250,""discoveries"":1,""improvements"":1,""insertions"":2,""insertion_rate"":0.008},""Novelty"":{""attempts"":270,""discoveries"":0,""improvements"":1,""insertions"":1,""insertion_rate"":0.003703703703703704}}","{""Morphology"":168,""Novelty"":44}",1,0.8672413793103448,false,30000
40,213,214000,7.144912790000003,0.051804579,0.049342162,0.00103412,0.001428297,7.68012534,76.12075,39.926613,6921.502085745335,184,0.9583333,44,4.10656740573568,58,0.31521739130434784,"{""10"":9,""11"":6,""12"":1,""13"":3,""15"":1,""16"":1,""3"":58,""4"":26,""5"":30,""6"":17,""7"":11,""8"":6,""9"":15}","{""10"":6,""11"":9,""12"":4,""14"":1,""15"":2,""17"":17,""18"":1,""19"":2,""20"":3,""21"":3,""22"":1,""23"":1,""24"":1,""3"":58,""31"":1,""32"":1,""33"":3,""35"":1,""36"":1,""4"":6,""5"":20,""6"":2,""7"":15,""8"":19,""9"":6}",64,"{""count"":64,""unique_topologies"":64,""topology_entropy_bits"":6.0,""effective_topology_count"":64.0,""triangle_like_count"":0,""triangle_like_fraction"":0.0,""mean_nodes"":8.765625,""mean_muscles"":15.75,""node_counts"":{""10"":12,""11"":9,""12"":1,""13"":1,""4"":2,""5"":4,""7"":6,""8"":14,""9"":15},""muscle_counts"":{""10"":5,""11"":4,""12"":3,""13"":3,""14"":5,""15"":4,""16"":5,""17"":3,""18"":7,""19"":6,""20"":4,""21"":1,""22"":2,""24"":2,""25"":2,""30"":1,""31"":1,""4"":1,""5"":1,""6"":3,""7"":1}}",143,5.071907831872941,165,0.165,"{""10"":32,""11"":24,""12"":8,""13"":4,""14"":6,""15"":4,""16"":109,""17"":7,""3"":165,""4"":222,""5"":246,""6"":75,""7"":30,""8"":33,""9"":35}","{""10"":20,""11"":49,""12"":15,""13"":5,""14"":11,""15"":4,""17"":21,""18"":18,""19"":5,""20"":17,""21"":2,""22"":1,""23"":1,""24"":3,""25"":3,""3"":165,""31"":4,""32"":6,""33"":4,""34"":4,""35"":4,""36"":109,""37"":5,""38"":1,""4"":78,""40"":3,""5"":159,""6"":43,""7"":140,""8"":78,""9"":22}","{""Diagonal CMA-ES"":{""attempts"":306,""discoveries"":0,""improvements"":0,""insertions"":0,""insertion_rate"":0.0},""Immigrant"":{""attempts"":129,""discoveries"":0,""improvements"":0,""insertions"":0,""insertion_rate"":0.0},""Morphology"":{""attempts"":319,""discoveries"":1,""improvements"":2,""insertions"":3,""insertion_rate"":0.009404388714733543},""Novelty"":{""attempts"":246,""discoveries"":0,""improvements"":0,""insertions"":0,""insertion_rate"":0.0}}","{""Morphology"":213,""Novelty"":35}",1,0.8657487091222031,false,31000
40,214,215000,7.177558235000003,0.032645445,0.030300568,0.00099494,0.001349937,7.71524389,76.12075,40.96048,6948.039870321751,184,0.9583333,45,4.1174369709530705,58,0.31521739130434784,"{""10"":10,""11"":6,""13"":3,""15"":1,""16"":1,""3"":58,""4"":27,""5"":30,""6"":17,""7"":11,""8"":5,""9"":15}","{""10"":6,""11"":9,""12"":4,""14"":1,""15"":1,""17"":17,""18"":2,""19"":2,""20"":3,""21"":3,""22"":1,""23"":1,""24"":1,""3"":58,""31"":1,""33"":3,""35"":1,""36"":1,""4"":6,""5"":21,""6"":2,""7"":15,""8"":19,""9"":6}",64,"{""count"":64,""unique_topologies"":64,""topology_entropy_bits"":6.0,""effective_topology_count"":64.0,""triangle_like_count"":0,""triangle_like_fraction"":0.0,""mean_nodes"":8.71875,""mean_muscles"":15.640625,""node_counts"":{""10"":11,""11"":10,""12"":1,""13"":1,""4"":3,""5"":4,""7"":6,""8"":13,""9"":15},""muscle_counts"":{""10"":5,""11"":3,""12"":3,""13"":3,""14"":5,""15"":4,""16"":5,""17"":3,""18"":7,""19"":6,""20"":4,""21"":1,""22"":2,""24"":2,""25"":2,""30"":1,""31"":1,""4"":2,""5"":1,""6"":3,""7"":1}}",145,5.303084663103109,227,0.227,"{""10"":40,""11"":34,""12"":8,""13"":3,""14"":7,""15"":7,""16"":8,""3"":227,""4"":217,""5"":223,""6"":97,""7"":48,""8"":45,""9"":36}","{""10"":34,""11"":65,""12"":26,""13"":7,""14"":9,""15"":2,""17"":27,""18"":23,""19"":3,""20"":15,""21"":3,""22"":6,""23"":5,""24"":4,""3"":227,""31"":8,""32"":6,""33"":3,""34"":5,""35"":7,""36"":8,""4"":98,""41"":2,""5"":144,""6"":53,""7"":93,""8"":90,""9"":27}","{""Diagonal CMA-ES"":{""attempts"":281,""discoveries"":0,""improvements"":0,""insertions"":0,""insertion_rate"":0.0},""Immigrant"":{""attempts"":163,""discoveries"":0,""improvements"":0,""insertions"":0,""insertion_rate"":0.0},""Morphology"":{""attempts"":307,""discoveries"":2,""improvements"":4,""insertions"":6,""insertion_rate"":0.019543973941368076},""Novelty"":{""attempts"":249,""discoveries"":0,""improvements"":0,""insertions"":0,""insertion_rate"":0.0}}","{""Morphology"":203,""Novelty"":33}",2,0.8644939965694682,false,32000
40,215,216000,7.207995340000003,0.030437105,0.028054235,0.000997315,0.001385555,7.747941576,76.12075,40.96048,6948.039870321751,184,0.9583333,45,4.117436970953068,58,0.31521739130434784,"{""10"":10,""11"":6,""13"":3,""15"":1,""16"":1,""3"":58,""4"":27,""5"":30,""6"":17,""7"":11,""8"":5,""9"":15}","{""10"":6,""11"":9,""12"":4,""14"":1,""15"":1,""17"":17,""18"":2,""19"":2,""20"":3,""21"":3,""22"":1,""23"":1,""24"":1,""3"":58,""31"":1,""33"":3,""35"":1,""36"":1,""4"":6,""5"":21,""6"":2,""7"":15,""8"":19,""9"":6}",64,"{""count"":64,""unique_topologies"":64,""topology_entropy_bits"":6.0,""effective_topology_count"":64.0,""triangle_like_count"":0,""triangle_like_fraction"":0.0,""mean_nodes"":8.6875,""mean_muscles"":15.609375,""node_counts"":{""10"":11,""11"":9,""12"":1,""13"":1,""4"":2,""5"":5,""7"":6,""8"":14,""9"":15},""muscle_counts"":{""10"":5,""11"":3,""12"":4,""13"":3,""14"":5,""15"":4,""16"":5,""17"":3,""18"":6,""19"":6,""20"":4,""21"":1,""22"":2,""24"":2,""25"":2,""30"":1,""31"":1,""4"":1,""5"":1,""6"":3,""7"":1,""8"":1}}",130,5.2328551875885765,213,0.213,"{""10"":42,""11"":28,""12"":14,""14"":1,""15"":7,""16"":8,""3"":213,""4"":231,""5"":252,""6"":89,""7"":48,""8"":36,""9"":31}","{""10"":23,""11"":57,""12"":20,""13"":5,""14"":10,""15"":1,""17"":35,""18"":32,""19"":7,""20"":19,""21"":2,""22"":1,""23"":4,""24"":2,""3"":213,""31"":7,""35"":7,""36"":8,""37"":1,""4"":95,""5"":172,""6"":70,""7"":83,""8"":98,""9"":28}","{""Diagonal CMA-ES"":{""attempts"":287,""discoveries"":0,""improvements"":0,""insertions"":0,""insertion_rate"":0.0},""Immigrant"":{""attempts"":144,""discoveries"":0,""improvements"":0,""insertions"":0,""insertion_rate"":0.0},""Morphology"":{""attempts"":312,""discoveries"":2,""improvements"":0,""insertions"":2,""insertion_rate"":0.00641025641025641},""Novelty"":{""attempts"":257,""discoveries"":0,""improvements"":0,""insertions"":0,""insertion_rate"":0.0}}","{""Morphology"":206,""Novelty"":32}",1,0.863013698630137,false,33000
40,216,217000,7.241110949000003,0.033115609000000004,0.03015572,0.001241895,0.001717994,7.785762374,76.12075,40.96048,6953.294116079807,184,0.9583333,45,4.128746281615586,57,0.30978260869565216,"{""10"":10,""11"":6,""13"":3,""15"":1,""16"":1,""3"":57,""4"":28,""5"":30,""6"":17,""7"":11,""8"":5,""9"":15}","{""10"":6,""11"":9,""12"":4,""14"":1,""15"":1,""17"":17,""18"":2,""19"":2,""20"":3,""21"":3,""22"":1,""23"":1,""24"":1,""3"":57,""31"":1,""33"":3,""35"":1,""36"":1,""4"":5,""5"":23,""6"":2,""7"":15,""8"":19,""9"":6}",64,"{""count"":64,""unique_topologies"":64,""topology_entropy_bits"":6.0,""effective_topology_count"":64.0,""triangle_like_count"":0,""triangle_like_fraction"":0.0,""mean_nodes"":8.734375,""mean_muscles"":15.65625,""node_counts"":{""10"":11,""11"":9,""12"":1,""13"":1,""4"":2,""5"":4,""7"":6,""8"":15,""9"":15},""muscle_counts"":{""10"":5,""11"":4,""12"":4,""13"":3,""14"":5,""15"":4,""16"":5,""17"":3,""18"":6,""19"":6,""20"":4,""21"":1,""22"":2,""24"":2,""25"":2,""30"":1,""31"":1,""4"":1,""5"":1,""6"":3,""7"":1}}",126,5.112810989916134,209,0.209,"{""10"":51,""11"":24,""12"":3,""13"":1,""14"":2,""15"":6,""16"":9,""3"":209,""4"":239,""5"":243,""6"":103,""7"":42,""8"":29,""9"":39}","{""10"":23,""11"":54,""12"":18,""13"":7,""14"":16,""15"":2,""17"":35,""18"":23,""19"":9,""20"":16,""21"":3,""22"":2,""23"":1,""24"":4,""3"":209,""31"":6,""32"":1,""33"":1,""34"":1,""35"":7,""36"":8,""37"":2,""4"":97,""5"":162,""6"":57,""7"":99,""8"":104,""9"":33}","{""Diagonal CMA-ES"":{""attempts"":314,""discoveries"":0,""improvements"":0,""insertions"":0,""insertion_rate"":0.0},""Immigrant"":{""attempts"":144,""discoveries"":0,""improvements"":0,""insertions"":0,""insertion_rate"":0.0},""Morphology"":{""attempts"":288,""discoveries"":1,""improvements"":1,""insertions"":2,""insertion_rate"":0.006944444444444444},""Novelty"":{""attempts"":254,""discoveries"":0,""improvements"":2,""insertions"":2,""insertion_rate"":0.007874015748031496}}","{""Morphology"":196,""Novelty"":33}",1,0.8615384615384616,false,34000
40,217,218000,7.274956736000003,0.033845786999999995,0.03112929,0.001048368,0.001668129,7.822090762,76.12075,40.96048,6958.447299063206,184,0.9583333,46,4.143718496301257,57,0.30978260869565216,"{""10"":10,""11"":6,""13"":3,""15"":1,""16"":1,""3"":57,""4"":28,""5"":30,""6"":17,""7"":11,""8"":4,""9"":16}","{""10"":6,""11"":9,""12"":3,""14"":1,""15"":1,""17"":18,""18"":2,""19"":2,""20"":3,""21"":3,""22"":1,""23"":1,""24"":1,""3"":57,""31"":1,""33"":3,""35"":1,""36"":1,""4"":5,""5"":23,""6"":2,""7"":15,""8"":19,""9"":6}",64,"{""count"":64,""unique_topologies"":64,""topology_entropy_bits"":6.0,""effective_topology_count"":64.0,""triangle_like_count"":0,""triangle_like_fraction"":0.0,""mean_nodes"":8.765625,""mean_muscles"":15.6875,""node_counts"":{""10"":12,""11"":9,""12"":1,""13"":1,""4"":2,""5"":4,""7"":6,""8"":14,""9"":15},""muscle_counts"":{""10"":5,""11"":3,""12"":5,""13"":3,""14"":5,""15"":4,""16"":5,""17"":2,""18"":7,""19"":6,""20"":4,""21"":1,""22"":2,""24"":2,""25"":2,""30"":1,""31"":1,""4"":1,""5"":1,""6"":3,""7"":1}}",125,5.087094038436716,235,0.235,"{""10"":49,""11"":24,""12"":1,""13"":1,""14"":1,""15"":7,""16"":7,""3"":235,""4"":226,""5"":235,""6"":94,""7"":40,""8"":35,""9"":45}","{""10"":21,""11"":57,""12"":29,""13"":14,""14"":9,""15"":3,""16"":1,""17"":28,""18"":21,""19"":5,""20"":20,""21"":4,""22"":4,""24"":2,""27"":1,""3"":235,""31"":6,""33"":1,""35"":7,""36"":7,""37"":1,""39"":1,""4"":78,""5"":177,""6"":59,""7"":92,""8"":91,""9"":26}","{""Diagonal CMA-ES"":{""attempts"":280,""discoveries"":0,""improvements"":0,""insertions"":0,""insertion_rate"":0.0},""Immigrant"":{""attempts"":162,""discoveries"":0,""improvements"":0,""insertions"":0,""insertion_rate"":0.0},""Morphology"":{""attempts"":304,""discoveries"":2,""improvements"":1,""insertions"":3,""insertion_rate"":0.009868421052631578},""Novelty"":{""attempts"":254,""discoveries"":0,""improvements"":0,""insertions"":0,""insertion_rate"":0.0}}","{""Morphology"":200,""Novelty"":29}",2,0.858603066439523,false,35000
40,218,219000,7.307647300000003,0.032690564,0.029953884,0.001073301,0.001663379,7.857381469,76.12075,40.96048,6973.570963919163,184,0.9583333,46,4.1437184963012585,57,0.30978260869565216,"{""10"":10,""11"":6,""13"":3,""15"":1,""16"":1,""3"":57,""4"":28,""5"":30,""6"":17,""7"":11,""8"":4,""9"":16}","{""10"":6,""11"":9,""12"":3,""14"":1,""15"":1,""17"":18,""18"":2,""19"":2,""20"":3,""21"":3,""22"":1,""23"":1,""24"":1,""3"":57,""31"":1,""33"":3,""35"":1,""36"":1,""4"":5,""5"":23,""6"":2,""7"":15,""8"":19,""9"":6}",64,"{""count"":64,""unique_topologies"":64,""topology_entropy_bits"":6.0,""effective_topology_count"":64.0,""triangle_like_count"":0,""triangle_like_fraction"":0.0,""mean_nodes"":8.8125,""mean_muscles"":15.875,""node_counts"":{""10"":11,""11"":11,""12"":1,""13"":1,""4"":2,""5"":4,""7"":6,""8"":14,""9"":14},""muscle_counts"":{""10"":5,""11"":3,""12"":4,""13"":3,""14"":5,""15"":4,""16"":5,""17"":2,""18"":6,""19"":6,""20"":5,""21"":1,""22"":3,""24"":2,""25"":2,""30"":1,""31"":1,""4"":1,""5"":1,""6"":3,""7"":1}}",139,5.170518765959271,194,0.194,"{""10"":59,""11"":36,""13"":1,""14"":6,""15"":6,""16"":6,""3"":194,""4"":210,""5"":207,""6"":87,""7"":42,""8"":16,""9"":130}","{""10"":21,""11"":44,""12"":11,""13"":9,""14"":10,""15"":1,""17"":136,""18"":22,""19"":14,""20"":14,""21"":4,""22"":6,""23"":3,""24"":4,""27"":1,""3"":194,""31"":6,""33"":1,""34"":3,""35"":7,""36"":6,""37"":1,""4"":71,""41"":1,""5"":169,""6"":40,""7"":85,""8"":86,""9"":30}","{""Diagonal CMA-ES"":{""attempts"":317,""discoveries"":0,""improvements"":0,""insertions"":0,""insertion_rate"":0.0},""Immigrant"":{""attempts"":143,""discoveries"":0,""improvements"":0,""insertions"":0,""insertion_rate"":0.0},""Morphology"":{""attempts"":309,""discoveries"":2,""improvements"":2,""insertions"":4,""insertion_rate"":0.012944983818770227},""Novelty"":{""attempts"":231,""discoveries"":0,""improvements"":1,""insertions"":1,""insertion_rate"":0.004329004329004329}}","{""Morphology"":210,""Novelty"":20}",2,0.858843537414966,false,36000
40,219,220000,7.343062673000003,0.035415373,0.032429364,0.001238333,0.001747676,7.89610579,76.12075,40.96048,7010.697012960911,185,0.9635417,46,4.130411928056486,58,0.31351351351351353,"{""10"":10,""11"":6,""13"":3,""15"":1,""16"":1,""3"":58,""4"":28,""5"":30,""6"":17,""7"":11,""8"":4,""9"":16}","{""10"":6,""11"":9,""12"":3,""14"":1,""15"":1,""17"":18,""18"":2,""19"":2,""20"":3,""21"":3,""22"":1,""23"":1,""24"":1,""3"":58,""31"":1,""33"":3,""35"":1,""36"":1,""4"":5,""5"":23,""6"":2,""7"":15,""8"":19,""9"":6}",64,"{""count"":64,""unique_topologies"":64,""topology_entropy_bits"":6.0,""effective_topology_count"":64.0,""triangle_like_count"":0,""triangle_like_fraction"":0.0,""mean_nodes"":8.8125,""mean_muscles"":15.90625,""node_counts"":{""10"":12,""11"":9,""12"":2,""13"":1,""4"":2,""5"":4,""7"":6,""8"":14,""9"":14},""muscle_counts"":{""10"":5,""11"":3,""12"":4,""13"":3,""14"":5,""15"":4,""16"":5,""17"":2,""18"":6,""19"":6,""20"":5,""21"":1,""22"":2,""24"":3,""25"":2,""30"":1,""31"":1,""4"":1,""5"":1,""6"":3,""7"":1}}",131,5.200330230458406,212,0.212,"{""10"":37,""11"":31,""12"":26,""13"":1,""14"":2,""15"":7,""16"":7,""3"":212,""4"":225,""5"":243,""6"":89,""7"":51,""8"":31,""9"":38}","{""10"":20,""11"":47,""12"":17,""13"":3,""14"":11,""15"":7,""16"":1,""17"":40,""18"":13,""19"":10,""20"":20,""21"":7,""22"":10,""23"":7,""24"":3,""26"":2,""27"":5,""29"":1,""3"":212,""31"":6,""32"":1,""33"":1,""34"":1,""35"":7,""36"":7,""4"":77,""41"":1,""5"":184,""6"":50,""7"":92,""8"":103,""9"":34}","{""Diagonal CMA-ES"":{""attempts"":305,""discoveries"":1,""improvements"":0,""insertions"":1,""insertion_rate"":0.003278688524590164},""Immigrant"":{""attempts"":149,""discoveries"":0,""improvements"":0,""insertions"":0,""insertion_rate"":0.0},""Morphology"":{""attempts"":309,""discoveries"":2,""improvements"":1,""insertions"":3,""insertion_rate"":0.009708737864077669},""Novelty"":{""attempts"":237,""discoveries"":0,""improvements"":0,""insertions"":0,""insertion_rate"":0.0}}","{""Morphology"":210,""Novelty"":25}",2,0.8573853989813243,false,37000
40,220,221000,7.377009380000003,0.033946707,0.031504472,0.001040058,0.001402177,7.932297643,76.12075,40.96048,7044.313469946384,185,0.9635417,46,4.120999709298413,59,0.31891891891891894,"{""10"":10,""11"":6,""13"":3,""15"":1,""16"":1,""3"":59,""4"":27,""5"":30,""6"":17,""7"":11,""8"":4,""9"":16}","{""10"":6,""11"":9,""12"":3,""14"":1,""15"":1,""17"":18,""18"":2,""19"":2,""20"":3,""21"":3,""22"":1,""23"":1,""24"":1,""3"":59,""31"":1,""33"":3,""35"":1,""36"":1,""4"":5,""5"":22,""6"":2,""7"":15,""8"":19,""9"":6}",64,"{""count"":64,""unique_topologies"":64,""topology_entropy_bits"":6.0,""effective_topology_count"":64.0,""triangle_like_count"":0,""triangle_like_fraction"":0.0,""mean_nodes"":8.796875,""mean_muscles"":15.8125,""node_counts"":{""10"":12,""11"":10,""12"":1,""13"":1,""4"":2,""5"":4,""7"":6,""8"":14,""9"":14},""muscle_counts"":{""10"":5,""11"":3,""12"":4,""13"":3,""14"":5,""15"":4,""16"":5,""17"":2,""18"":7,""19"":6,""20"":5,""21"":1,""22"":2,""24"":2,""25"":2,""30"":1,""31"":1,""4"":1,""5"":1,""6"":3,""7"":1}}",133,4.612075496120373,327,0.327,"{""10"":57,""11"":24,""12"":5,""13"":17,""15"":1,""16"":2,""3"":327,""4"":235,""5"":117,""6"":51,""7"":29,""8"":57,""9"":78}","{""10"":19,""11"":18,""12"":16,""13"":1,""14"":5,""15"":36,""16"":1,""17"":80,""18"":22,""19"":8,""20"":17,""21"":9,""22"":4,""23"":8,""24"":7,""25"":5,""26"":2,""27"":2,""28"":4,""29"":1,""3"":327,""30"":1,""31"":2,""33"":4,""35"":1,""36"":1,""4"":93,""43"":1,""5"":157,""6"":41,""7"":36,""8"":51,""9"":20}","{""Diagonal CMA-ES"":{""attempts"":307,""discoveries"":0,""improvements"":0,""insertions"":0,""insertion_rate"":0.0},""Immigrant"":{""attempts"":143,""discoveries"":0,""improvements"":0,""insertions"":0,""insertion_rate"":0.0},""Morphology"":{""attempts"":310,""discoveries"":1,""improvements"":5,""insertions"":6,""insertion_rate"":0.01935483870967742},""Novelty"":{""attempts"":240,""discoveries"":0,""improvements"":0,""insertions"":0,""insertion_rate"":0.0}}","{""Morphology"":194,""Novelty"":27}",1,0.8544839255499154,false,38000
40,221,222000,7.407247024000003,0.030237644,0.028073233,0.00095576,0.001208651,7.964512109,76.12075,40.96048,7049.282054007053,185,0.9635417,46,4.104843059144005,60,0.32432432432432434,"{""10"":10,""11"":6,""13"":3,""15"":1,""16"":1,""3"":60,""4"":27,""5"":29,""6"":17,""7"":11,""8"":4,""9"":16}","{""10"":6,""11"":9,""12"":3,""14"":1,""15"":1,""17"":18,""18"":2,""19"":2,""20"":3,""21"":3,""22"":1,""23"":1,""24"":1,""3"":60,""31"":1,""33"":3,""35"":1,""36"":1,""4"":5,""5"":22,""6"":2,""7"":15,""8"":18,""9"":6}",64,"{""count"":64,""unique_topologies"":64,""topology_entropy_bits"":6.0,""effective_topology_count"":64.0,""triangle_like_count"":0,""triangle_like_fraction"":0.0,""mean_nodes"":8.796875,""mean_muscles"":15.84375,""node_counts"":{""10"":12,""11"":10,""12"":1,""13"":1,""4"":2,""5"":4,""7"":6,""8"":14,""9"":14},""muscle_counts"":{""10"":5,""11"":3,""12"":4,""13"":3,""14"":5,""15"":4,""16"":5,""17"":2,""18"":6,""19"":6,""20"":6,""21"":1,""22"":2,""24"":2,""25"":2,""30"":1,""31"":1,""4"":1,""5"":1,""6"":3,""7"":1}}",127,4.593950574090073,326,0.326,"{""10"":49,""11"":31,""12"":16,""13"":7,""14"":2,""16"":3,""3"":326,""4"":241,""5"":130,""6"":53,""7"":33,""8"":29,""9"":80}","{""10"":17,""11"":22,""12"":22,""13"":1,""14"":3,""15"":2,""16"":1,""17"":86,""18"":29,""19"":20,""20"":17,""21"":5,""22"":8,""23"":1,""24"":3,""26"":1,""3"":326,""31"":2,""33"":7,""36"":2,""37"":3,""4"":90,""5"":176,""6"":41,""7"":40,""8"":46,""9"":29}","{""Diagonal CMA-ES"":{""attempts"":290,""discoveries"":0,""improvements"":0,""insertions"":0,""insertion_rate"":0.0},""Immigrant"":{""attempts"":150,""discoveries"":0,""improvements"":0,""insertions"":0,""insertion_rate"":0.0},""Morphology"":{""attempts"":329,""discoveries"":1,""improvements"":2,""insertions"":3,""insertion_rate"":0.00911854103343465},""Novelty"":{""attempts"":231,""discoveries"":0,""improvements"":0,""insertions"":0,""insertion_rate"":0.0}}","{""Morphology"":212,""Novelty"":25}",1,0.851602023608769,false,39000
40,222,223000,7.439527978000003,0.032280954,0.030067864,0.000990192,0.001222898,7.998782943,76.12075,42.72152,7110.355871260166,185,0.9635417,46,4.078942442228034,61,0.32972972972972975,"{""10"":10,""11"":7,""13"":3,""15"":1,""16"":1,""3"":61,""4"":27,""5"":28,""6"":16,""7"":11,""8"":4,""9"":16}","{""10"":6,""11"":9,""12"":3,""14"":1,""15"":1,""17"":18,""18"":2,""19"":2,""20"":4,""21"":3,""22"":1,""23"":1,""24"":1,""3"":61,""31"":1,""33"":3,""35"":1,""36"":1,""4"":4,""5"":23,""6"":2,""7"":15,""8"":16,""9"":6}",64,"{""count"":64,""unique_topologies"":64,""topology_entropy_bits"":6.0,""effective_topology_count"":64.0,""triangle_like_count"":0,""triangle_like_fraction"":0.0,""mean_nodes"":8.796875,""mean_muscles"":15.84375,""node_counts"":{""10"":12,""11"":10,""12"":1,""13"":1,""4"":2,""5"":4,""7"":6,""8"":14,""9"":14},""muscle_counts"":{""10"":5,""11"":3,""12"":4,""13"":3,""14"":5,""15"":4,""16"":5,""17"":2,""18"":6,""19"":6,""20"":6,""21"":1,""22"":2,""24"":2,""25"":2,""30"":1,""31"":1,""4"":1,""5"":1,""6"":3,""7"":1}}",133,4.598009097180649,303,0.303,"{""10"":56,""11"":19,""12"":20,""13"":4,""14"":3,""15"":2,""16"":1,""3"":303,""4"":241,""5"":174,""6"":37,""7"":34,""8"":26,""9"":80}","{""10"":20,""11"":11,""12"":19,""13"":4,""14"":3,""15"":8,""17"":84,""18"":19,""19"":11,""20"":22,""21"":14,""22"":12,""23"":1,""24"":2,""25"":2,""27"":1,""3"":303,""31"":1,""33"":4,""34"":1,""35"":2,""36"":1,""4"":100,""41"":2,""5"":152,""6"":38,""7"":41,""8"":103,""9"":19}","{""Diagonal CMA-ES"":{""attempts"":289,""discoveries"":0,""improvements"":0,""insertions"":0,""insertion_rate"":0.0},""Immigrant"":{""attempts"":161,""discoveries"":0,""improvements"":0,""insertions"":0,""insertion_rate"":0.0},""Morphology"":{""attempts"":301,""discoveries"":0,""improvements"":5,""insertions"":5,""insertion_rate"":0.016611295681063124},""Novelty"":{""attempts"":249,""discoveries"":0,""improvements"":2,""insertions"":2,""insertion_rate"":0.008032128514056224}}","{""Morphology"":206,""Novelty"":30}",0,0.8504201680672269,false,40000
40,223,224000,7.469639770000002,0.030111792000000002,0.028049487,0.000917767,0.001144538,8.03058661,76.12075,42.731323,7120.497795164585,185,0.9635417,46,4.084714314175168,60,0.32432432432432434,"{""10"":10,""11"":7,""13"":3,""15"":1,""16"":1,""3"":60,""4"":29,""5"":28,""6"":16,""7"":11,""8"":4,""9"":15}","{""10"":6,""11"":9,""12"":3,""14"":1,""15"":1,""17"":17,""18"":2,""19"":2,""20"":4,""21"":3,""22"":1,""23"":1,""24"":1,""3"":60,""31"":1,""33"":3,""35"":1,""36"":1,""4"":4,""5"":25,""6"":2,""7"":15,""8"":16,""9"":6}",64,"{""count"":64,""unique_topologies"":64,""topology_entropy_bits"":6.0,""effective_topology_count"":64.0,""triangle_like_count"":0,""triangle_like_fraction"":0.0,""mean_nodes"":8.796875,""mean_muscles"":15.84375,""node_counts"":{""10"":12,""11"":10,""12"":1,""13"":1,""4"":2,""5"":4,""7"":6,""8"":14,""9"":14},""muscle_counts"":{""10"":5,""11"":3,""12"":4,""13"":3,""14"":5,""15"":4,""16"":5,""17"":2,""18"":6,""19"":6,""20"":6,""21"":1,""22"":2,""24"":2,""25"":2,""30"":1,""31"":1,""4"":1,""5"":1,""6"":3,""7"":1}}",132,4.589287850415947,329,0.329,"{""10"":57,""11"":34,""12"":4,""13"":8,""15"":1,""16"":2,""3"":329,""4"":235,""5"":141,""6"":42,""7"":36,""8"":26,""9"":85}","{""10"":26,""11"":17,""12"":18,""13"":6,""14"":6,""15"":4,""16"":2,""17"":83,""18"":18,""19"":18,""20"":19,""21"":8,""22"":8,""23"":4,""24"":7,""27"":1,""28"":1,""3"":329,""31"":2,""33"":8,""35"":1,""36"":2,""4"":86,""5"":174,""6"":44,""7"":53,""8"":32,""9"":23}","{""Diagonal CMA-ES"":{""attempts"":304,""discoveries"":0,""improvements"":1,""insertions"":1,""insertion_rate"":0.003289473684210526},""Immigrant"":{""attempts"":151,""discoveries"":0,""improvements"":0,""insertions"":0,""insertion_rate"":0.0},""Morphology"":{""attempts"":293,""discoveries"":0,""improvements"":2,""insertions"":2,""insertion_rate"":0.006825938566552901},""Novelty"":{""attempts"":252,""discoveries"":0,""improvements"":1,""insertions"":1,""insertion_rate"":0.003968253968253968}}","{""Morphology"":189,""Novelty"":37}",0,0.8489932885906041,false,41000
40,224,225000,7.501467183000003,0.031827413000000006,0.029128725,0.001352312,0.001346376,8.064655606,76.12075,42.731323,7121.697181761265,185,0.9635417,46,4.084714314175168,60,0.32432432432432434,"{""10"":10,""11"":7,""13"":3,""15"":1,""16"":1,""3"":60,""4"":29,""5"":28,""6"":16,""7"":11,""8"":4,""9"":15}","{""10"":6,""11"":9,""12"":3,""14"":1,""15"":1,""17"":17,""18"":2,""19"":2,""20"":4,""21"":3,""22"":1,""23"":1,""24"":1,""3"":60,""31"":1,""33"":3,""35"":1,""36"":1,""4"":4,""5"":25,""6"":2,""7"":15,""8"":16,""9"":6}",64,"{""count"":64,""unique_topologies"":64,""topology_entropy_bits"":6.0,""effective_topology_count"":64.0,""triangle_like_count"":0,""triangle_like_fraction"":0.0,""mean_nodes"":8.859375,""mean_muscles"":16.203125,""node_counts"":{""10"":12,""11"":10,""12"":2,""13"":1,""4"":2,""5"":4,""7"":6,""8"":13,""9"":14},""muscle_counts"":{""10"":5,""11"":3,""12"":3,""13"":3,""14"":5,""15"":4,""16"":5,""17"":2,""18"":6,""19"":6,""20"":6,""21"":1,""22"":2,""24"":2,""25"":2,""30"":1,""31"":1,""35"":1,""4"":1,""5"":1,""6"":3,""7"":1}}",155,4.672771452483264,332,0.332,"{""10"":46,""11"":33,""12"":4,""13"":2,""14"":4,""15"":2,""16"":2,""3"":332,""4"":245,""5"":147,""6"":34,""7"":38,""8"":28,""9"":83}","{""10"":29,""11"":17,""12"":17,""13"":7,""14"":8,""15"":7,""16"":4,""17"":78,""18"":24,""19"":7,""20"":14,""21"":2,""22"":6,""23"":4,""24"":6,""25"":3,""26"":2,""3"":332,""31"":2,""33"":1,""34"":3,""35"":3,""36"":3,""37"":1,""4"":68,""5"":207,""6"":57,""7"":43,""8"":32,""9"":13}","{""Diagonal CMA-ES"":{""attempts"":285,""discoveries"":0,""improvements"":0,""insertions"":0,""insertion_rate"":0.0},""Immigrant"":{""attempts"":160,""discoveries"":0,""improvements"":0,""insertions"":0,""insertion_rate"":0.0},""Morphology"":{""attempts"":311,""discoveries"":1,""improvements"":1,""insertions"":2,""insertion_rate"":0.006430868167202572},""Novelty"":{""attempts"":244,""discoveries"":0,""improvements"":0,""insertions"":0,""insertion_rate"":0.0}}","{""Morphology"":224,""Novelty"":24}",1,0.8492462311557789,false,42000
40,225,226000,7.555767429000003,0.054300245999999996,0.051651424,0.00107805,0.001570772,8.121299543,76.12075,42.731323,7121.697181761265,185,0.9635417,46,4.084714314175168,60,0.32432432432432434,"{""10"":10,""11"":7,""13"":3,""15"":1,""16"":1,""3"":60,""4"":29,""5"":28,""6"":16,""7"":11,""8"":4,""9"":15}","{""10"":6,""11"":9,""12"":3,""14"":1,""15"":1,""17"":17,""18"":2,""19"":2,""20"":4,""21"":3,""22"":1,""23"":1,""24"":1,""3"":60,""31"":1,""33"":3,""35"":1,""36"":1,""4"":4,""5"":25,""6"":2,""7"":15,""8"":16,""9"":6}",64,"{""count"":64,""unique_topologies"":64,""topology_entropy_bits"":6.0,""effective_topology_count"":64.0,""triangle_like_count"":0,""triangle_like_fraction"":0.0,""mean_nodes"":8.9375,""mean_muscles"":16.671875,""node_counts"":{""10"":11,""11"":9,""12"":2,""13"":3,""4"":2,""5"":4,""7"":6,""8"":13,""9"":14},""muscle_counts"":{""10"":5,""11"":3,""12"":3,""13"":3,""14"":5,""15"":4,""16"":5,""17"":2,""18"":6,""19"":6,""20"":5,""21"":1,""22"":1,""24"":2,""25"":2,""30"":1,""31"":1,""35"":1,""36"":2,""4"":1,""5"":1,""6"":3,""7"":1}}",132,4.439704798661152,358,0.358,"{""10"":53,""11"":19,""12"":7,""13"":22,""14"":2,""15"":2,""16"":1,""17"":1,""3"":358,""4"":262,""5"":139,""6"":28,""7"":34,""8"":20,""9"":52}","{""10"":21,""11"":19,""12"":12,""13"":1,""14"":7,""15"":2,""16"":2,""17"":59,""18"":24,""19"":11,""20"":11,""21"":5,""22"":5,""23"":1,""24"":2,""27"":1,""3"":358,""31"":1,""33"":3,""34"":1,""35"":5,""36"":12,""37"":1,""39"":1,""4"":85,""40"":6,""42"":3,""5"":203,""6"":45,""7"":42,""8"":34,""9"":17}","{""Diagonal CMA-ES"":{""attempts"":308,""discoveries"":0,""improvements"":0,""insertions"":0,""insertion_rate"":0.0},""Immigrant"":{""attempts"":163,""discoveries"":0,""improvements"":0,""insertions"":0,""insertion_rate"":0.0},""Morphology"":{""attempts"":291,""discoveries"":2,""improvements"":0,""insertions"":2,""insertion_rate"":0.006872852233676976},""Novelty"":{""attempts"":238,""discoveries"":0,""improvements"":0,""insertions"":0,""insertion_rate"":0.0}}","{""Morphology"":213,""Novelty"":26}",2,0.8492462311557789,false,43000
40,226,227000,7.590256723000003,0.034489294000000004,0.032250084,0.000987817,0.001251393,8.158125404,76.12075,42.731323,7127.287235319614,185,0.9635417,46,4.084714314175168,60,0.32432432432432434,"{""10"":11,""11"":7,""13"":3,""15"":1,""16"":1,""3"":60,""4"":29,""5"":28,""6"":16,""7"":10,""8"":4,""9"":15}","{""10"":5,""11"":9,""12"":3,""14"":1,""15"":1,""17"":17,""18"":3,""19"":2,""20"":4,""21"":3,""22"":1,""23"":1,""24"":1,""3"":60,""31"":1,""33"":3,""35"":1,""36"":1,""4"":4,""5"":25,""6"":2,""7"":15,""8"":16,""9"":6}",64,"{""count"":64,""unique_topologies"":64,""topology_entropy_bits"":6.0,""effective_topology_count"":64.0,""triangle_like_count"":0,""triangle_like_fraction"":0.0,""mean_nodes"":8.84375,""mean_muscles"":16.453125,""node_counts"":{""10"":10,""11"":9,""12"":2,""13"":3,""4"":3,""5"":4,""7"":6,""8"":13,""9"":14},""muscle_counts"":{""10"":5,""11"":3,""12"":3,""13"":3,""14"":5,""15"":4,""16"":5,""17"":2,""18"":5,""19"":6,""20"":5,""21"":1,""22"":1,""24"":2,""25"":2,""30"":1,""31"":1,""35"":1,""36"":2,""4"":2,""5"":1,""6"":3,""7"":1}}",132,4.627410977807624,333,0.333,"{""10"":41,""11"":19,""12"":1,""13"":19,""14"":26,""15"":3,""16"":2,""3"":333,""4"":247,""5"":151,""6"":32,""7"":32,""8"":31,""9"":63}","{""10"":19,""11"":19,""12"":21,""13"":3,""14"":5,""15"":5,""17"":70,""18"":13,""19"":9,""20"":12,""21"":4,""22"":8,""23"":1,""3"":333,""31"":1,""32"":1,""33"":4,""34"":1,""35"":4,""36"":17,""37"":12,""38"":6,""4"":91,""41"":1,""43"":3,""46"":2,""5"":173,""6"":50,""7"":54,""8"":42,""9"":16}","{""Diagonal CMA-ES"":{""attempts"":272,""discoveries"":0,""improvements"":0,""insertions"":0,""insertion_rate"":0.0},""Immigrant"":{""attempts"":160,""discoveries"":0,""improvements"":0,""insertions"":0,""insertion_rate"":0.0},""Morphology"":{""attempts"":311,""discoveries"":1,""improvements"":2,""insertions"":3,""insertion_rate"":0.00964630225080386},""Novelty"":{""attempts"":257,""discoveries"":0,""improvements"":0,""insertions"":0,""insertion_rate"":0.0}}","{""Morphology"":194,""Novelty"":30}",1,0.8492462311557789,false,44000
40,227,228000,7.623036334000003,0.03277961099999999,0.030491723,0.000962884,0.001325004,8.193205963,76.12075,42.731323,7138.718113005161,185,0.9635417,45,4.026084038620653,62,0.33513513513513515,"{""10"":11,""11"":7,""13"":3,""15"":1,""16"":1,""3"":62,""4"":29,""5"":27,""6"":16,""7"":10,""8"":3,""9"":15}","{""10"":5,""11"":8,""12"":3,""14"":1,""15"":1,""17"":17,""18"":3,""19"":2,""20"":4,""21"":3,""22"":1,""23"":1,""24"":1,""3"":62,""31"":1,""33"":3,""35"":1,""36"":1,""4"":4,""5"":25,""6"":2,""7"":15,""8"":15,""9"":6}",64,"{""count"":64,""unique_topologies"":64,""topology_entropy_bits"":6.0,""effective_topology_count"":64.0,""triangle_like_count"":0,""triangle_like_fraction"":0.0,""mean_nodes"":8.875,""mean_muscles"":16.53125,""node_counts"":{""10"":10,""11"":9,""12"":2,""13"":3,""4"":2,""5"":4,""6"":1,""7"":6,""8"":13,""9"":14},""muscle_counts"":{""10"":5,""11"":3,""12"":3,""13"":3,""14"":5,""15"":4,""16"":5,""17"":2,""18"":5,""19"":6,""20"":5,""21"":1,""22"":1,""24"":2,""25"":2,""30"":1,""31"":1,""35"":1,""36"":2,""4"":1,""5"":1,""6"":3,""7"":1,""9"":1}}",136,4.892856897695507,255,0.255,"{""10"":44,""11"":25,""12"":4,""13"":10,""14"":8,""15"":3,""16"":4,""3"":255,""4"":266,""5"":181,""6"":52,""7"":37,""8"":28,""9"":83}","{""10"":24,""11"":26,""12"":15,""13"":6,""14"":8,""15"":6,""16"":3,""17"":95,""18"":18,""19"":8,""20"":11,""21"":1,""22"":5,""23"":3,""24"":1,""25"":2,""26"":1,""3"":255,""31"":3,""33"":3,""35"":4,""36"":10,""37"":5,""38"":1,""4"":79,""40"":1,""41"":2,""5"":217,""6"":56,""7"":60,""8"":50,""9"":21}","{""Diagonal CMA-ES"":{""attempts"":271,""discoveries"":0,""improvements"":0,""insertions"":0,""insertion_rate"":0.0},""Immigrant"":{""attempts"":147,""discoveries"":0,""improvements"":0,""insertions"":0,""insertion_rate"":0.0},""Morphology"":{""attempts"":317,""discoveries"":1,""improvements"":2,""insertions"":3,""insertion_rate"":0.00946372239747634},""Novelty"":{""attempts"":265,""discoveries"":0,""improvements"":0,""insertions"":0,""insertion_rate"":0.0}}","{""Morphology"":199,""Novelty"":35}",1,0.8494983277591973,false,45000
40,228,229000,7.657433020000003,0.034396686,0.031911709,0.000971195,0.001513782,8.229810989,76.12075,42.731323,7139.790313780308,185,0.9635417,45,4.026084038620654,62,0.33513513513513515,"{""10"":12,""11"":7,""13"":3,""15"":1,""16"":1,""3"":62,""4"":29,""5"":27,""6"":16,""7"":10,""8"":3,""9"":14}","{""10"":5,""11"":8,""12"":3,""14"":1,""15"":1,""17"":17,""18"":3,""19"":2,""20"":4,""21"":3,""22"":1,""23"":1,""24"":1,""3"":62,""31"":1,""33"":3,""35"":1,""36"":1,""4"":4,""5"":25,""6"":2,""7"":15,""8"":15,""9"":6}",64,"{""count"":64,""unique_topologies"":64,""topology_entropy_bits"":6.0,""effective_topology_count"":64.0,""triangle_like_count"":0,""triangle_like_fraction"":0.0,""mean_nodes"":9.0,""mean_muscles"":16.921875,""node_counts"":{""10"":10,""11"":9,""12"":2,""13"":3,""14"":1,""4"":2,""5"":4,""7"":6,""8"":13,""9"":14},""muscle_counts"":{""10"":5,""11"":3,""12"":3,""13"":3,""14"":5,""15"":4,""16"":5,""17"":2,""18"":5,""19"":6,""20"":5,""21"":1,""22"":1,""24"":2,""25"":2,""30"":1,""31"":1,""34"":1,""35"":1,""36"":2,""4"":1,""5"":1,""6"":3,""7"":1}}",128,4.592905585922407,244,0.244,"{""10"":73,""11"":14,""12"":2,""13"":4,""14"":7,""15"":1,""16"":1,""3"":244,""4"":223,""5"":188,""6"":51,""7"":36,""8"":17,""9"":139}","{""10"":21,""11"":14,""12"":24,""13"":5,""14"":2,""15"":3,""16"":1,""17"":144,""18"":35,""19"":7,""20"":11,""21"":6,""22"":10,""23"":1,""24"":5,""3"":244,""32"":1,""33"":3,""34"":4,""35"":1,""36"":1,""4"":80,""40"":1,""41"":2,""43"":1,""5"":156,""6"":32,""7"":124,""8"":35,""9"":26}","{""Diagonal CMA-ES"":{""attempts"":313,""discoveries"":0,""improvements"":0,""insertions"":0,""insertion_rate"":0.0},""Immigrant"":{""attempts"":142,""discoveries"":0,""improvements"":0,""insertions"":0,""insertion_rate"":0.0},""Morphology"":{""attempts"":286,""discoveries"":1,""improvements"":1,""insertions"":2,""insertion_rate"":0.006993006993006993},""Novelty"":{""attempts"":259,""discoveries"":0,""improvements"":1,""insertions"":1,""insertion_rate"":0.003861003861003861}}","{""Morphology"":189,""Novelty"":35}",2,0.85,false,46000
40,229,230000,7.711455442000003,0.054022422,0.051074406,0.001192029,0.001755987,8.286944085,76.12075,42.731323,7139.790313780308,185,0.9635417,45,4.026084038620654,62,0.33513513513513515,"{""10"":12,""11"":7,""13"":3,""15"":1,""16"":1,""3"":62,""4"":29,""5"":27,""6"":16,""7"":10,""8"":3,""9"":14}","{""10"":5,""11"":8,""12"":3,""14"":1,""15"":1,""17"":17,""18"":3,""19"":2,""20"":4,""21"":3,""22"":1,""23"":1,""24"":1,""3"":62,""31"":1,""33"":3,""35"":1,""36"":1,""4"":4,""5"":25,""6"":2,""7"":15,""8"":15,""9"":6}",64,"{""count"":64,""unique_topologies"":64,""topology_entropy_bits"":6.0,""effective_topology_count"":64.0,""triangle_like_count"":0,""triangle_like_fraction"":0.0,""mean_nodes"":9.015625,""mean_muscles"":16.9375,""node_counts"":{""10"":10,""11"":9,""12"":2,""13"":3,""15"":1,""4"":2,""5"":4,""7"":6,""8"":13,""9"":14},""muscle_counts"":{""10"":5,""11"":3,""12"":3,""13"":3,""14"":5,""15"":4,""16"":5,""17"":2,""18"":5,""19"":6,""20"":5,""21"":1,""22"":1,""24"":2,""25"":2,""30"":1,""31"":1,""35"":2,""36"":2,""4"":1,""5"":1,""6"":3,""7"":1}}",124,4.9614341283233445,177,0.177,"{""10"":36,""11"":30,""12"":3,""13"":5,""14"":17,""15"":23,""16"":5,""17"":1,""3"":177,""4"":220,""5"":279,""6"":75,""7"":29,""8"":15,""9"":85}","{""10"":14,""11"":41,""12"":7,""13"":1,""14"":6,""15"":3,""17"":88,""18"":21,""19"":4,""20"":17,""21"":5,""22"":9,""24"":1,""27"":1,""3"":177,""31"":6,""33"":1,""34"":12,""35"":16,""36"":9,""37"":3,""38"":5,""4"":82,""42"":4,""43"":1,""46"":1,""5"":153,""6"":52,""7"":162,""8"":79,""9"":19}","{""Diagonal CMA-ES"":{""attempts"":313,""discoveries"":0,""improvements"":0,""insertions"":0,""insertion_rate"":0.0},""Immigrant"":{""attempts"":146,""discoveries"":0,""improvements"":0,""insertions"":0,""insertion_rate"":0.0},""Morphology"":{""attempts"":285,""discoveries"":1,""improvements"":0,""insertions"":1,""insertion_rate"":0.0035087719298245615},""Novelty"":{""attempts"":256,""discoveries"":0,""improvements"":0,""insertions"":0,""insertion_rate"":0.0}}","{""Morphology"":187,""Novelty"":28}",1,0.848585690515807,false,47000
40,230,231000,7.745569555000003,0.034114113,0.031785858,0.000948636,0.001379619,8.323553861,76.12075,42.87286,7152.752914488316,185,0.9635417,45,4.03465209090197,61,0.32972972972972975,"{""10"":12,""11"":7,""13"":3,""15"":1,""16"":1,""3"":61,""4"":30,""5"":27,""6"":16,""7"":10,""8"":3,""9"":14}","{""10"":5,""11"":8,""12"":3,""14"":1,""15"":1,""17"":17,""18"":3,""19"":2,""20"":4,""21"":3,""22"":1,""23"":1,""24"":1,""3"":61,""31"":1,""33"":3,""35"":1,""36"":1,""4"":4,""5"":26,""6"":2,""7"":15,""8"":15,""9"":6}",64,"{""count"":64,""unique_topologies"":64,""topology_entropy_bits"":6.0,""effective_topology_count"":64.0,""triangle_like_count"":0,""triangle_like_fraction"":0.0,""mean_nodes"":8.921875,""mean_muscles"":16.671875,""node_counts"":{""10"":10,""11"":9,""12"":2,""13"":3,""4"":2,""5"":4,""7"":6,""8"":13,""9"":15},""muscle_counts"":{""10"":5,""11"":3,""12"":3,""13"":3,""14"":5,""15"":4,""16"":5,""17"":2,""18"":6,""19"":6,""20"":5,""21"":1,""22"":1,""24"":2,""25"":2,""30"":1,""31"":1,""35"":1,""36"":2,""4"":1,""5"":1,""6"":3,""7"":1}}",115,4.9469582941107015,216,0.216,"{""10"":32,""11"":34,""12"":3,""14"":4,""15"":12,""16"":29,""3"":216,""4"":253,""5"":250,""6"":91,""7"":31,""8"":10,""9"":35}","{""10"":15,""11"":45,""12"":6,""13"":7,""14"":10,""15"":1,""17"":27,""18"":27,""19"":4,""20"":21,""21"":2,""22"":3,""23"":1,""24"":2,""3"":216,""31"":8,""34"":1,""35"":12,""36"":23,""37"":2,""38"":1,""39"":3,""4"":75,""41"":1,""43"":2,""5"":208,""6"":61,""7"":103,""8"":92,""9"":21}","{""Diagonal CMA-ES"":{""attempts"":292,""discoveries"":0,""improvements"":0,""insertions"":0,""insertion_rate"":0.0},""Immigrant"":{""attempts"":161,""discoveries"":0,""improvements"":0,""insertions"":0,""insertion_rate"":0.0},""Morphology"":{""attempts"":295,""discoveries"":1,""improvements"":1,""insertions"":2,""insertion_rate"":0.006779661016949152},""Novelty"":{""attempts"":252,""discoveries"":0,""improvements"":0,""insertions"":0,""insertion_rate"":0.0}}","{""Morphology"":201,""Novelty"":15}",1,0.8471760797342193,false,48000
40,231,232000,7.778320671000003,0.032751116,0.030513093,0.000915393,0.00132263,8.358345911,76.12075,42.87286,7161.141300261021,185,0.9635417,45,4.022440257079106,61,0.32972972972972975,"{""10"":12,""11"":7,""13"":3,""15"":1,""16"":1,""3"":61,""4"":31,""5"":26,""6"":16,""7"":10,""8"":3,""9"":14}","{""10"":5,""11"":8,""12"":3,""14"":1,""15"":1,""17"":17,""18"":3,""19"":2,""20"":4,""21"":3,""22"":1,""23"":1,""24"":1,""3"":61,""31"":1,""33"":3,""35"":1,""36"":1,""4"":4,""5"":27,""6"":2,""7"":15,""8"":14,""9"":6}",64,"{""count"":64,""unique_topologies"":64,""topology_entropy_bits"":6.0,""effective_topology_count"":64.0,""triangle_like_count"":0,""triangle_like_fraction"":0.0,""mean_nodes"":8.921875,""mean_muscles"":16.671875,""node_counts"":{""10"":10,""11"":9,""12"":2,""13"":3,""4"":2,""5"":4,""7"":6,""8"":13,""9"":15},""muscle_counts"":{""10"":5,""11"":3,""12"":3,""13"":3,""14"":5,""15"":4,""16"":5,""17"":2,""18"":6,""19"":6,""20"":5,""21"":1,""22"":1,""24"":2,""25"":2,""30"":1,""31"":1,""35"":1,""36"":2,""4"":1,""5"":1,""6"":3,""7"":1}}",126,5.039373461290835,208,0.208,"{""10"":60,""11"":34,""12"":2,""13"":5,""14"":4,""15"":8,""16"":8,""3"":208,""4"":250,""5"":253,""6"":86,""7"":27,""8"":15,""9"":40}","{""10"":10,""11"":41,""12"":5,""13"":5,""14"":10,""15"":8,""17"":31,""18"":32,""19"":12,""20"":23,""21"":9,""22"":6,""24"":5,""25"":2,""26"":1,""27"":1,""3"":208,""31"":8,""33"":4,""34"":2,""35"":8,""36"":8,""4"":70,""40"":1,""43"":2,""5"":198,""6"":60,""7"":117,""8"":88,""9"":25}","{""Diagonal CMA-ES"":{""attempts"":288,""discoveries"":0,""improvements"":0,""insertions"":0,""insertion_rate"":0.0},""Immigrant"":{""attempts"":146,""discoveries"":0,""improvements"":0,""insertions"":0,""insertion_rate"":0.0},""Morphology"":{""attempts"":297,""discoveries"":0,""improvements"":1,""insertions"":1,""insertion_rate"":0.003367003367003367},""Novelty"":{""attempts"":269,""discoveries"":0,""improvements"":0,""insertions"":0,""insertion_rate"":0.0}}","{""Morphology"":194,""Novelty"":30}",0,0.8460264900662252,false,49000
40,232,233000,7.814410419000003,0.036089748,0.033684318,0.000989005,0.001416425,8.396607193,76.12075,43.218822,7181.993509352207,185,0.9635417,44,3.9949474661213746,61,0.32972972972972975,"{""10"":11,""11"":7,""13"":3,""15"":1,""16"":1,""3"":61,""4"":31,""5"":26,""6"":16,""7"":9,""8"":4,""9"":15}","{""10"":5,""11"":7,""12"":4,""14"":1,""15"":1,""17"":18,""18"":2,""19"":2,""20"":4,""21"":3,""22"":1,""23"":1,""24"":1,""3"":61,""31"":1,""33"":3,""35"":1,""36"":1,""4"":4,""5"":27,""6"":2,""7"":15,""8"":14,""9"":6}",64,"{""count"":64,""unique_topologies"":64,""topology_entropy_bits"":6.0,""effective_topology_count"":64.0,""triangle_like_count"":0,""triangle_like_fraction"":0.0,""mean_nodes"":8.90625,""mean_muscles"":16.71875,""node_counts"":{""10"":9,""11"":9,""12"":2,""13"":4,""4"":2,""5"":5,""7"":6,""8"":13,""9"":14},""muscle_counts"":{""10"":5,""11"":3,""12"":3,""13"":3,""14"":5,""15"":4,""16"":5,""17"":2,""18"":5,""19"":6,""20"":5,""21"":1,""22"":1,""24"":1,""25"":2,""30"":1,""31"":1,""35"":1,""36"":2,""37"":1,""4"":1,""5"":1,""6"":3,""7"":1,""8"":1}}",143,5.0193066372690005,236,0.236,"{""10"":40,""11"":30,""12"":6,""13"":6,""14"":11,""15"":5,""16"":9,""3"":236,""4"":233,""5"":254,""6"":84,""7"":32,""8"":20,""9"":34}","{""10"":14,""11"":39,""12"":8,""13"":2,""14"":9,""15"":8,""16"":6,""17"":28,""18"":25,""19"":8,""20"":19,""21"":7,""22"":2,""23"":3,""24"":2,""3"":236,""31"":7,""33"":1,""34"":1,""35"":8,""36"":11,""37"":6,""38"":1,""4"":86,""41"":1,""43"":3,""45"":1,""5"":167,""6"":58,""7"":126,""8"":80,""9"":27}","{""Diagonal CMA-ES"":{""attempts"":307,""discoveries"":0,""improvements"":0,""insertions"":0,""insertion_rate"":0.0},""Immigrant"":{""attempts"":148,""discoveries"":0,""improvements"":0,""insertions"":0,""insertion_rate"":0.0},""Morphology"":{""attempts"":311,""discoveries"":2,""improvements"":3,""insertions"":5,""insertion_rate"":0.01607717041800643},""Novelty"":{""attempts"":234,""discoveries"":0,""improvements"":0,""insertions"":0,""insertion_rate"":0.0}}","{""Morphology"":210,""Novelty"":40}",2,0.8446280991735537,false,50000
40,233,234000,7.872263006000003,0.057852587,0.054750225,0.001206276,0.001896086,8.457673747,76.12075,43.218822,7194.9592342972755,185,0.9635417,46,4.051691480166204,61,0.32972972972972975,"{""10"":11,""11"":7,""13"":3,""15"":1,""16"":1,""3"":61,""4"":31,""5"":25,""6"":17,""7"":9,""8"":4,""9"":15}","{""10"":5,""11"":8,""12"":4,""14"":1,""15"":1,""17"":18,""18"":2,""19"":2,""20"":4,""21"":3,""22"":1,""23"":1,""24"":1,""3"":61,""31"":1,""33"":3,""35"":1,""36"":1,""4"":4,""5"":27,""6"":2,""7"":14,""8"":14,""9"":6}",64,"{""count"":64,""unique_topologies"":64,""topology_entropy_bits"":6.0,""effective_topology_count"":64.0,""triangle_like_count"":0,""triangle_like_fraction"":0.0,""mean_nodes"":8.84375,""mean_muscles"":16.484375,""node_counts"":{""10"":10,""11"":9,""12"":2,""13"":3,""4"":3,""5"":4,""7"":6,""8"":13,""9"":14},""muscle_counts"":{""10"":5,""11"":3,""12"":3,""13"":3,""14"":5,""15"":4,""16"":5,""17"":2,""18"":5,""19"":6,""20"":5,""21"":1,""22"":1,""24"":2,""25"":2,""30"":1,""31"":1,""35"":1,""36"":2,""4"":1,""5"":2,""6"":3,""8"":1}}",123,4.994290923251848,225,0.225,"{""10"":44,""11"":32,""13"":6,""14"":16,""15"":6,""16"":7,""17"":1,""3"":225,""4"":241,""5"":244,""6"":100,""7"":27,""8"":16,""9"":35}","{""10"":17,""11"":40,""12"":10,""13"":2,""14"":10,""15"":8,""17"":37,""18"":26,""19"":3,""20"":20,""21"":4,""22"":3,""24"":5,""3"":225,""31"":7,""33"":1,""34"":1,""35"":6,""36"":7,""37"":6,""38"":9,""39"":1,""4"":81,""42"":3,""44"":1,""48"":1,""5"":179,""6"":47,""7"":119,""8"":93,""9"":28}","{""Diagonal CMA-ES"":{""attempts"":297,""discoveries"":0,""improvements"":0,""insertions"":0,""insertion_rate"":0.0},""Immigrant"":{""attempts"":136,""discoveries"":0,""improvements"":0,""insertions"":0,""insertion_rate"":0.0},""Morphology"":{""attempts"":299,""discoveries"":2,""improvements"":4,""insertions"":6,""insertion_rate"":0.020066889632107024},""Novelty"":{""attempts"":268,""discoveries"":0,""improvements"":0,""insertions"":0,""insertion_rate"":0.0}}","{""Morphology"":195,""Novelty"":36}",2,0.8432343234323433,false,51000
40,234,235000,7.9032842550000035,0.031021249,0.028653813,0.001005626,0.00136181,8.491007817,76.12075,43.376717,7210.2769032120705,185,0.9635417,45,4.040880669355396,61,0.32972972972972975,"{""10"":11,""11"":7,""13"":3,""15"":1,""16"":1,""3"":61,""4"":31,""5"":26,""6"":17,""7"":8,""8"":4,""9"":15}","{""10"":4,""11"":8,""12"":4,""14"":1,""15"":1,""17"":18,""18"":2,""19"":2,""20"":4,""21"":3,""22"":1,""23"":1,""24"":1,""3"":61,""31"":1,""33"":3,""35"":1,""36"":1,""4"":4,""5"":27,""6"":2,""7"":15,""8"":14,""9"":6}",64,"{""count"":64,""unique_topologies"":64,""topology_entropy_bits"":6.0,""effective_topology_count"":64.0,""triangle_like_count"":0,""triangle_like_fraction"":0.0,""mean_nodes"":8.828125,""mean_muscles"":16.359375,""node_counts"":{""10"":9,""11"":9,""12"":2,""13"":3,""4"":3,""5"":4,""7"":6,""8"":13,""9"":15},""muscle_counts"":{""10"":5,""11"":3,""12"":3,""13"":3,""14"":5,""15"":4,""16"":6,""17"":2,""18"":5,""19"":6,""20"":5,""21"":1,""22"":1,""24"":1,""25"":2,""30"":1,""31"":1,""35"":1,""36"":2,""4"":1,""5"":2,""6"":3,""8"":1}}",135,5.2095528916670695,191,0.191,"{""10"":42,""11"":42,""12"":1,""13"":1,""14"":4,""15"":5,""16"":8,""3"":191,""4"":236,""5"":239,""6"":81,""7"":87,""8"":20,""9"":43}","{""10"":76,""11"":44,""12"":7,""13"":4,""14"":10,""15"":6,""16"":1,""17"":37,""18"":24,""19"":8,""20"":22,""21"":1,""22"":3,""23"":2,""24"":8,""25"":6,""27"":1,""28"":1,""3"":191,""31"":7,""33"":1,""34"":2,""35"":6,""36"":8,""37"":1,""4"":85,""5"":173,""6"":62,""7"":97,""8"":88,""9"":18}","{""Diagonal CMA-ES"":{""attempts"":328,""discoveries"":0,""improvements"":0,""insertions"":0,""insertion_rate"":0.0},""Immigrant"":{""attempts"":156,""discoveries"":0,""improvements"":0,""insertions"":0,""insertion_rate"":0.0},""Morphology"":{""attempts"":281,""discoveries"":1,""improvements"":1,""insertions"":2,""insertion_rate"":0.0071174377224199285},""Novelty"":{""attempts"":235,""discoveries"":0,""improvements"":0,""insertions"":0,""insertion_rate"":0.0}}","{""Morphology"":206,""Novelty"":30}",1,0.8432343234323433,false,52000
40,235,236000,7.933774790000004,0.030490535,0.028271509,0.000986629,0.001232397,8.523553534,76.12075,43.694565,7230.514085829258,185,0.9635417,45,4.034150331529251,61,0.32972972972972975,"{""10"":11,""11"":6,""13"":3,""15"":1,""16"":1,""3"":61,""4"":31,""5"":26,""6"":18,""7"":8,""8"":4,""9"":15}","{""10"":4,""11"":8,""12"":4,""14"":1,""15"":1,""17"":18,""18"":2,""19"":2,""20"":3,""21"":3,""22"":1,""23"":1,""24"":1,""3"":61,""31"":1,""33"":3,""35"":1,""36"":1,""4"":4,""5"":27,""6"":2,""7"":15,""8"":14,""9"":7}",64,"{""count"":64,""unique_topologies"":64,""topology_entropy_bits"":6.0,""effective_topology_count"":64.0,""triangle_like_count"":0,""triangle_like_fraction"":0.0,""mean_nodes"":8.75,""mean_muscles"":16.171875,""node_counts"":{""10"":9,""11"":9,""12"":2,""13"":3,""4"":4,""5"":4,""7"":6,""8"":13,""9"":14},""muscle_counts"":{""10"":5,""11"":3,""12"":3,""13"":3,""14"":5,""15"":4,""16"":5,""17"":2,""18"":5,""19"":6,""20"":5,""21"":1,""22"":1,""24"":1,""25"":2,""30"":1,""31"":1,""35"":1,""36"":2,""4"":2,""5"":2,""6"":3,""8"":1}}",125,5.074228130036777,199,0.199,"{""10"":50,""11"":34,""12"":1,""13"":1,""14"":3,""15"":6,""16"":7,""3"":199,""4"":246,""5"":288,""6"":95,""7"":18,""8"":9,""9"":43}","{""10"":9,""11"":38,""12"":7,""13"":6,""14"":10,""15"":4,""16"":5,""17"":36,""18"":32,""19"":7,""20"":19,""21"":4,""22"":4,""23"":2,""24"":3,""3"":199,""31"":6,""32"":1,""33"":1,""34"":1,""35"":7,""36"":7,""37"":1,""4"":92,""5"":176,""6"":55,""7"":158,""8"":84,""9"":26}","{""Diagonal CMA-ES"":{""attempts"":314,""discoveries"":0,""improvements"":1,""insertions"":1,""insertion_rate"":0.0031847133757961785},""Immigrant"":{""attempts"":165,""discoveries"":0,""improvements"":0,""insertions"":0,""insertion_rate"":0.0},""Morphology"":{""attempts"":293,""discoveries"":1,""improvements"":5,""insertions"":6,""insertion_rate"":0.020477815699658702},""Novelty"":{""attempts"":228,""discoveries"":0,""improvements"":0,""insertions"":0,""insertion_rate"":0.0}}","{""Morphology"":196,""Novelty"":27}",1,0.8421052631578947,false,53000
40,236,237000,7.964050428000004,0.030275638,0.028117163,0.000956947,0.001201528,8.556096876,76.12075,43.694565,7253.487262785435,185,0.9635417,45,4.012751796438481,62,0.33513513513513515,"{""10"":11,""11"":6,""13"":3,""15"":1,""16"":1,""3"":62,""4"":30,""5"":26,""6"":18,""7"":7,""8"":4,""9"":16}","{""10"":3,""11"":8,""12"":4,""14"":1,""15"":1,""17"":19,""18"":2,""19"":2,""20"":3,""21"":3,""22"":1,""23"":1,""24"":1,""3"":62,""31"":1,""33"":3,""35"":1,""36"":1,""4"":4,""5"":26,""6"":2,""7"":15,""8"":14,""9"":7}",64,"{""count"":64,""unique_topologies"":64,""topology_entropy_bits"":6.0,""effective_topology_count"":64.0,""triangle_like_count"":0,""triangle_like_fraction"":0.0,""mean_nodes"":8.8125,""mean_muscles"":16.28125,""node_counts"":{""10"":9,""11"":9,""12"":2,""13"":3,""4"":3,""5"":4,""7"":6,""8"":14,""9"":14},""muscle_counts"":{""10"":5,""11"":4,""12"":3,""13"":3,""14"":5,""15"":4,""16"":5,""17"":2,""18"":5,""19"":6,""20"":5,""21"":1,""22"":1,""24"":1,""25"":2,""30"":1,""31"":1,""35"":1,""36"":2,""4"":1,""5"":2,""6"":3,""8"":1}}",121,4.856917499006586,244,0.244,"{""10"":55,""11"":19,""13"":6,""14"":1,""15"":3,""16"":4,""3"":244,""4"":259,""5"":231,""6"":61,""7"":32,""8"":22,""9"":63}","{""10"":23,""11"":30,""12"":15,""13"":3,""14"":4,""15"":5,""16"":2,""17"":72,""18"":21,""19"":20,""20"":8,""22"":3,""24"":4,""27"":1,""3"":244,""31"":3,""33"":6,""35"":4,""36"":4,""4"":80,""5"":211,""6"":53,""7"":112,""8"":53,""9"":19}","{""Diagonal CMA-ES"":{""attempts"":286,""discoveries"":0,""improvements"":1,""insertions"":1,""insertion_rate"":0.0034965034965034965},""Immigrant"":{""attempts"":155,""discoveries"":0,""improvements"":0,""insertions"":0,""insertion_rate"":0.0},""Morphology"":{""attempts"":292,""discoveries"":1,""improvements"":1,""insertions"":2,""insertion_rate"":0.00684931506849315},""Novelty"":{""attempts"":267,""discoveries"":0,""improvements"":0,""insertions"":0,""insertion_rate"":0.0}}","{""Morphology"":197,""Novelty"":29}",1,0.840983606557377,false,54000
40,237,238000,8.019719609000004,0.055669181,0.053224571,0.001036496,0.001408114,8.614444559,76.12075,43.694565,7257.141471922398,185,0.9635417,45,4.01275179643848,62,0.33513513513513515,"{""10"":11,""11"":6,""13"":3,""15"":1,""16"":1,""3"":62,""4"":30,""5"":26,""6"":18,""7"":7,""8"":4,""9"":16}","{""10"":3,""11"":8,""12"":4,""14"":1,""15"":1,""17"":19,""18"":2,""19"":2,""20"":3,""21"":3,""22"":1,""23"":1,""24"":1,""3"":62,""31"":1,""33"":3,""35"":1,""36"":1,""4"":4,""5"":26,""6"":2,""7"":15,""8"":14,""9"":7}",64,"{""count"":64,""unique_topologies"":64,""topology_entropy_bits"":6.0,""effective_topology_count"":64.0,""triangle_like_count"":0,""triangle_like_fraction"":0.0,""mean_nodes"":8.828125,""mean_muscles"":16.3125,""node_counts"":{""10"":9,""11"":9,""12"":2,""13"":3,""4"":3,""5"":4,""7"":6,""8"":13,""9"":15},""muscle_counts"":{""10"":5,""11"":3,""12"":3,""13"":4,""14"":5,""15"":4,""16"":5,""17"":2,""18"":5,""19"":6,""20"":5,""21"":1,""22"":1,""24"":1,""25"":2,""30"":1,""31"":1,""35"":1,""36"":2,""4"":1,""5"":2,""6"":3,""8"":1}}",126,4.756482115408265,259,0.259,"{""10"":50,""11"":17,""12"":1,""13"":2,""14"":2,""15"":2,""16"":2,""17"":2,""3"":259,""4"":268,""5"":182,""6"":57,""7"":26,""8"":30,""9"":100}","{""10"":17,""11"":30,""12"":22,""13"":11,""14"":7,""15"":9,""16"":3,""17"":93,""18"":22,""19"":4,""20"":13,""21"":1,""22"":6,""23"":1,""24"":1,""3"":259,""31"":2,""32"":1,""33"":2,""34"":2,""35"":2,""36"":2,""37"":1,""4"":87,""44"":1,""5"":199,""6"":46,""7"":85,""8"":52,""9"":19}","{""Diagonal CMA-ES"":{""attempts"":295,""discoveries"":0,""improvements"":0,""insertions"":0,""insertion_rate"":0.0},""Immigrant"":{""attempts"":161,""discoveries"":0,""improvements"":0,""insertions"":0,""insertion_rate"":0.0},""Morphology"":{""attempts"":287,""discoveries"":1,""improvements"":2,""insertions"":3,""insertion_rate"":0.010452961672473868},""Novelty"":{""attempts"":257,""discoveries"":0,""improvements"":0,""insertions"":0,""insertion_rate"":0.0}}","{""Morphology"":189,""Novelty"":34}",1,0.839607201309329,false,55000
40,238,239000,8.074005608000004,0.054285999,0.051348669,0.001263265,0.001674065,8.672083436,76.12075,43.910046,7282.353649199009,185,0.9635417,45,4.011593830502584,62,0.33513513513513515,"{""10"":11,""11"":6,""13"":3,""15"":1,""16"":1,""3"":62,""4"":30,""5"":25,""6"":18,""7"":7,""8"":4,""9"":17}","{""10"":3,""11"":8,""12"":4,""14"":1,""15"":1,""17"":20,""18"":2,""19"":2,""20"":3,""21"":3,""22"":1,""23"":1,""24"":1,""3"":62,""31"":1,""33"":3,""35"":1,""36"":1,""4"":4,""5"":26,""6"":2,""7"":14,""8"":14,""9"":7}",64,"{""count"":64,""unique_topologies"":64,""topology_entropy_bits"":6.0,""effective_topology_count"":64.0,""triangle_like_count"":0,""triangle_like_fraction"":0.0,""mean_nodes"":8.84375,""mean_muscles"":16.328125,""node_counts"":{""10"":10,""11"":9,""12"":2,""13"":3,""4"":3,""5"":4,""7"":6,""8"":13,""9"":14},""muscle_counts"":{""10"":5,""11"":3,""12"":3,""13"":3,""14"":6,""15"":4,""16"":5,""17"":2,""18"":5,""19"":6,""20"":5,""21"":1,""22"":1,""24"":1,""25"":2,""30"":1,""31"":1,""35"":1,""36"":2,""4"":1,""5"":2,""6"":3,""8"":1}}",129,4.821454535352335,254,0.254,"{""10"":61,""11"":17,""12"":1,""13"":5,""14"":1,""15"":1,""16"":5,""17"":1,""3"":254,""4"":265,""5"":183,""6"":63,""7"":31,""8"":25,""9"":87}","{""10"":24,""11"":20,""12"":18,""13"":10,""14"":15,""15"":6,""16"":2,""17"":94,""18"":17,""19"":6,""20"":10,""21"":5,""22"":1,""23"":2,""24"":1,""26"":1,""3"":254,""31"":4,""33"":5,""35"":1,""36"":4,""37"":2,""38"":1,""4"":83,""5"":210,""6"":51,""7"":79,""8"":50,""9"":24}","{""Diagonal CMA-ES"":{""attempts"":309,""discoveries"":0,""improvements"":0,""insertions"":0,""insertion_rate"":0.0},""Immigrant"":{""attempts"":148,""discoveries"":0,""improvements"":0,""insertions"":0,""insertion_rate"":0.0},""Morphology"":{""attempts"":320,""discoveries"":1,""improvements"":4,""insertions"":5,""insertion_rate"":0.015625},""Novelty"":{""attempts"":223,""discoveries"":0,""improvements"":0,""insertions"":0,""insertion_rate"":0.0}}","{""Morphology"":208,""Novelty"":33}",1,0.8382352941176471,false,56000
40,239,240000,8.127924737000004,0.053919129,0.051444837,0.001197966,0.001276326,8.730130738,76.12075,44.278667,7288.294991195202,185,0.9635417,45,3.9993819966797206,62,0.33513513513513515,"{""10"":11,""11"":6,""13"":3,""15"":1,""16"":1,""3"":62,""4"":31,""5"":24,""6"":18,""7"":7,""8"":4,""9"":17}","{""10"":3,""11"":8,""12"":4,""14"":1,""15"":1,""17"":20,""18"":2,""19"":2,""20"":3,""21"":3,""22"":1,""23"":1,""24"":1,""3"":62,""31"":1,""33"":3,""35"":1,""36"":1,""4"":4,""5"":27,""6"":2,""7"":14,""8"":13,""9"":7}",64,"{""count"":64,""unique_topologies"":64,""topology_entropy_bits"":6.0,""effective_topology_count"":64.0,""triangle_like_count"":0,""triangle_like_fraction"":0.0,""mean_nodes"":8.84375,""mean_muscles"":16.328125,""node_counts"":{""10"":10,""11"":9,""12"":2,""13"":3,""4"":3,""5"":4,""7"":6,""8"":13,""9"":14},""muscle_counts"":{""10"":5,""11"":3,""12"":3,""13"":3,""14"":6,""15"":4,""16"":5,""17"":2,""18"":5,""19"":6,""20"":5,""21"":1,""22"":1,""24"":1,""25"":2,""30"":1,""31"":1,""35"":1,""36"":2,""4"":1,""5"":2,""6"":3,""8"":1}}",125,4.698558547182028,283,0.283,"{""10"":66,""11"":30,""12"":1,""13"":5,""14"":2,""15"":2,""16"":3,""17"":1,""3"":283,""4"":270,""5"":162,""6"":68,""7"":17,""8"":23,""9"":67}","{""10"":12,""11"":26,""12"":15,""13"":4,""14"":19,""15"":15,""16"":3,""17"":76,""18"":23,""19"":9,""20"":10,""21"":4,""22"":3,""23"":1,""24"":2,""3"":283,""31"":3,""33"":5,""34"":1,""35"":2,""36"":3,""37"":1,""4"":74,""44"":1,""5"":216,""6"":53,""7"":64,""8"":47,""9"":25}","{""Diagonal CMA-ES"":{""attempts"":299,""discoveries"":0,""improvements"":1,""insertions"":1,""insertion_rate"":0.0033444816053511705},""Immigrant"":{""attempts"":136,""discoveries"":0,""improvements"":0,""insertions"":0,""insertion_rate"":0.0},""Morphology"":{""attempts"":295,""discoveries"":0,""improvements"":2,""insertions"":2,""insertion_rate"":0.006779661016949152},""Novelty"":{""attempts"":270,""discoveries"":0,""improvements"":1,""insertions"":1,""insertion_rate"":0.003703703703703704}}","{""Morphology"":192,""Novelty"":25}",0,0.8368678629690048,false,57000
40,240,241000,8.162877070000004,0.034952332999999995,0.032213278,0.001190842,0.001548213,8.767843496,76.12075,44.278667,7288.521433532238,185,0.9635417,45,3.9993819966797206,62,0.33513513513513515,"{""10"":11,""11"":6,""13"":3,""15"":1,""16"":1,""3"":62,""4"":31,""5"":24,""6"":18,""7"":7,""8"":4,""9"":17}","{""10"":3,""11"":8,""12"":4,""14"":1,""15"":1,""17"":20,""18"":2,""19"":2,""20"":3,""21"":3,""22"":1,""23"":1,""24"":1,""3"":62,""31"":1,""33"":3,""35"":1,""36"":1,""4"":4,""5"":27,""6"":2,""7"":14,""8"":13,""9"":7}",64,"{""count"":64,""unique_topologies"":64,""topology_entropy_bits"":6.0,""effective_topology_count"":64.0,""triangle_like_count"":0,""triangle_like_fraction"":0.0,""mean_nodes"":8.84375,""mean_muscles"":16.328125,""node_counts"":{""10"":10,""11"":9,""12"":2,""13"":3,""4"":3,""5"":4,""7"":6,""8"":13,""9"":14},""muscle_counts"":{""10"":5,""11"":3,""12"":3,""13"":3,""14"":6,""15"":4,""16"":5,""17"":2,""18"":5,""19"":6,""20"":5,""21"":1,""22"":1,""24"":1,""25"":2,""30"":1,""31"":1,""35"":1,""36"":2,""4"":1,""5"":2,""6"":3,""8"":1}}",139,4.6936506478732705,294,0.294,"{""10"":68,""11"":25,""12"":5,""13"":6,""14"":5,""15"":3,""16"":2,""3"":294,""4"":269,""5"":158,""6"":51,""7"":20,""8"":19,""9"":75}","{""10"":13,""11"":19,""12"":17,""13"":5,""14"":8,""15"":9,""16"":4,""17"":88,""18"":23,""19"":12,""20"":13,""21"":3,""22"":4,""23"":1,""24"":5,""27"":2,""3"":294,""30"":1,""31"":2,""32"":1,""33"":5,""34"":3,""35"":4,""36"":2,""37"":1,""4"":105,""5"":190,""6"":42,""7"":67,""8"":41,""9"":16}","{""Diagonal CMA-ES"":{""attempts"":273,""discoveries"":0,""improvements"":0,""insertions"":0,""insertion_rate"":0.0},""Immigrant"":{""attempts"":167,""discoveries"":0,""improvements"":0,""insertions"":0,""insertion_rate"":0.0},""Morphology"":{""attempts"":324,""discoveries"":0,""improvements"":1,""insertions"":1,""insertion_rate"":0.0030864197530864196},""Novelty"":{""attempts"":236,""discoveries"":0,""improvements"":0,""insertions"":0,""insertion_rate"":0.0}}","{""Morphology"":208,""Novelty"":28}",0,0.8355048859934854,false,58000
40,241,242000,8.216669161000004,0.053792091,0.051614619,0.00096051,0.001216962,8.824051701,103.04291,44.278667,7353.541676104069,185,0.9635417,46,4.008600798263474,63,0.34054054054054056,"{""10"":11,""11"":6,""13"":3,""15"":1,""16"":1,""3"":63,""4"":29,""5"":25,""6"":18,""7"":7,""8"":4,""9"":17}","{""10"":3,""11"":8,""12"":4,""14"":1,""15"":1,""17"":20,""18"":2,""19"":2,""20"":3,""21"":3,""22"":1,""23"":1,""24"":1,""3"":63,""31"":1,""33"":3,""35"":1,""36"":1,""4"":4,""5"":25,""6"":3,""7"":14,""8"":13,""9"":7}",64,"{""count"":64,""unique_topologies"":64,""topology_entropy_bits"":6.0,""effective_topology_count"":64.0,""triangle_like_count"":0,""triangle_like_fraction"":0.0,""mean_nodes"":8.859375,""mean_muscles"":16.484375,""node_counts"":{""10"":9,""11"":9,""12"":2,""13"":3,""4"":3,""5"":3,""7"":7,""8"":13,""9"":15},""muscle_counts"":{""10"":5,""11"":3,""12"":4,""13"":3,""14"":5,""15"":4,""16"":5,""17"":2,""18"":6,""19"":6,""20"":5,""21"":1,""22"":1,""24"":1,""25"":2,""30"":1,""31"":1,""35"":1,""36"":2,""4"":1,""5"":2,""6"":2,""8"":1}}",143,4.869211237312401,241,0.241,"{""10"":68,""11"":28,""12"":2,""13"":6,""14"":4,""15"":3,""16"":3,""17"":1,""3"":241,""4"":278,""5"":157,""6"":66,""7"":41,""8"":18,""9"":84}","{""10"":30,""11"":25,""12"":13,""13"":4,""14"":6,""15"":5,""16"":3,""17"":92,""18"":23,""19"":15,""20"":13,""21"":10,""22"":6,""24"":6,""25"":1,""26"":1,""3"":241,""30"":1,""31"":4,""33"":5,""34"":2,""35"":3,""36"":4,""37"":1,""38"":1,""4"":84,""43"":1,""5"":222,""6"":36,""7"":68,""8"":47,""9"":27}","{""Diagonal CMA-ES"":{""attempts"":298,""discoveries"":0,""improvements"":0,""insertions"":0,""insertion_rate"":0.0},""Immigrant"":{""attempts"":164,""discoveries"":0,""improvements"":0,""insertions"":0,""insertion_rate"":0.0},""Morphology"":{""attempts"":300,""discoveries"":1,""improvements"":2,""insertions"":3,""insertion_rate"":0.01},""Novelty"":{""attempts"":238,""discoveries"":1,""improvements"":0,""insertions"":1,""insertion_rate"":0.004201680672268907}}","{""Morphology"":189,""Novelty"":43}",2,0.8341463414634146,true,59000
40,242,243000,8.250396225000005,0.033727064,0.031509224,0.000968821,0.001249019,8.859781705,103.04291,44.278667,7357.676838457584,185,0.9635417,46,3.999783172107267,64,0.34594594594594597,"{""10"":11,""11"":6,""13"":3,""15"":1,""16"":1,""3"":64,""4"":28,""5"":25,""6"":18,""7"":7,""8"":4,""9"":17}","{""10"":3,""11"":8,""12"":4,""14"":1,""15"":1,""17"":20,""18"":2,""19"":2,""20"":3,""21"":3,""22"":1,""23"":1,""24"":1,""3"":64,""31"":1,""33"":3,""35"":1,""36"":1,""4"":4,""5"":24,""6"":3,""7"":14,""8"":13,""9"":7}",64,"{""count"":64,""unique_topologies"":64,""topology_entropy_bits"":6.0,""effective_topology_count"":64.0,""triangle_like_count"":0,""triangle_like_fraction"":0.0,""mean_nodes"":8.90625,""mean_muscles"":16.578125,""node_counts"":{""10"":10,""11"":9,""12"":2,""13"":3,""4"":3,""5"":3,""7"":6,""8"":13,""9"":15},""muscle_counts"":{""10"":5,""11"":3,""12"":3,""13"":3,""14"":5,""15"":4,""16"":5,""17"":2,""18"":7,""19"":6,""20"":5,""21"":1,""22"":1,""24"":1,""25"":2,""30"":1,""31"":1,""35"":1,""36"":2,""4"":1,""5"":2,""6"":2,""8"":1}}",127,4.852392012850243,264,0.264,"{""10"":61,""11"":19,""13"":5,""14"":3,""15"":4,""16"":3,""3"":264,""4"":269,""5"":182,""6"":56,""7"":30,""8"":23,""9"":81}","{""10"":11,""11"":24,""12"":15,""13"":10,""14"":10,""15"":5,""17"":82,""18"":20,""19"":21,""20"":12,""21"":4,""22"":5,""23"":1,""24"":4,""29"":1,""3"":264,""31"":3,""33"":5,""34"":1,""35"":4,""36"":3,""37"":1,""4"":90,""43"":1,""5"":195,""6"":64,""7"":77,""8"":48,""9"":19}","{""Diagonal CMA-ES"":{""attempts"":286,""discoveries"":0,""improvements"":0,""insertions"":0,""insertion_rate"":0.0},""Immigrant"":{""attempts"":159,""discoveries"":0,""improvements"":0,""insertions"":0,""insertion_rate"":0.0},""Morphology"":{""attempts"":305,""discoveries"":1,""improvements"":1,""insertions"":2,""insertion_rate"":0.006557377049180328},""Novelty"":{""attempts"":250,""discoveries"":0,""improvements"":0,""insertions"":0,""insertion_rate"":0.0}}","{""Morphology"":205,""Novelty"":30}",1,0.8341463414634146,false,1000
40,243,244000,8.303492573000005,0.053096347999999995,0.050772841,0.000977132,0.001346375,8.915314351,103.04291,44.278667,7359.740971148014,185,0.9635417,45,3.968431258698582,64,0.34594594594594597,"{""10"":11,""11"":6,""13"":3,""15"":1,""16"":1,""3"":64,""4"":29,""5"":25,""6"":18,""7"":7,""8"":4,""9"":16}","{""10"":3,""11"":8,""12"":4,""14"":1,""15"":1,""17"":19,""18"":2,""19"":2,""20"":3,""21"":3,""22"":1,""23"":1,""24"":1,""3"":64,""31"":1,""33"":3,""35"":1,""36"":1,""4"":4,""5"":25,""6"":3,""7"":14,""8"":13,""9"":7}",64,"{""count"":64,""unique_topologies"":64,""topology_entropy_bits"":6.0,""effective_topology_count"":64.0,""triangle_like_count"":0,""triangle_like_fraction"":0.0,""mean_nodes"":8.90625,""mean_muscles"":16.578125,""node_counts"":{""10"":10,""11"":9,""12"":2,""13"":3,""4"":3,""5"":3,""7"":6,""8"":13,""9"":15},""muscle_counts"":{""10"":5,""11"":3,""12"":3,""13"":3,""14"":5,""15"":4,""16"":5,""17"":2,""18"":7,""19"":6,""20"":5,""21"":1,""22"":1,""24"":1,""25"":2,""30"":1,""31"":1,""35"":1,""36"":2,""4"":1,""5"":2,""6"":2,""8"":1}}",139,4.898809544386036,290,0.29,"{""10"":72,""11"":35,""12"":2,""13"":5,""14"":1,""15"":3,""16"":3,""17"":1,""3"":290,""4"":225,""5"":182,""6"":66,""7"":25,""8"":21,""9"":69}","{""10"":12,""11"":22,""12"":15,""13"":1,""14"":8,""15"":6,""17"":80,""18"":37,""19"":19,""20"":19,""21"":8,""22"":5,""24"":2,""25"":2,""3"":290,""31"":4,""33"":5,""34"":1,""35"":3,""36"":3,""4"":73,""44"":1,""5"":173,""6"":60,""7"":73,""8"":56,""9"":22}","{""Diagonal CMA-ES"":{""attempts"":298,""discoveries"":0,""improvements"":0,""insertions"":0,""insertion_rate"":0.0},""Immigrant"":{""attempts"":144,""discoveries"":0,""improvements"":0,""insertions"":0,""insertion_rate"":0.0},""Morphology"":{""attempts"":295,""discoveries"":0,""improvements"":3,""insertions"":3,""insertion_rate"":0.010169491525423728},""Novelty"":{""attempts"":263,""discoveries"":0,""improvements"":0,""insertions"":0,""insertion_rate"":0.0}}","{""Morphology"":206,""Novelty"":34}",0,0.8341463414634146,false,2000
40,244,245000,8.335932623000005,0.03244005,0.030029872,0.000993753,0.001416425,8.950286871,103.04291,44.278667,7360.845364153385,185,0.9635417,45,3.9684312586985815,64,0.34594594594594597,"{""10"":11,""11"":6,""13"":3,""15"":1,""16"":1,""3"":64,""4"":29,""5"":25,""6"":18,""7"":7,""8"":4,""9"":16}","{""10"":3,""11"":8,""12"":4,""14"":1,""15"":1,""17"":19,""18"":2,""19"":2,""20"":3,""21"":3,""22"":1,""23"":1,""24"":1,""3"":64,""31"":1,""33"":3,""35"":1,""36"":1,""4"":4,""5"":25,""6"":3,""7"":14,""8"":13,""9"":7}",64,"{""count"":64,""unique_topologies"":64,""topology_entropy_bits"":6.0,""effective_topology_count"":64.0,""triangle_like_count"":0,""triangle_like_fraction"":0.0,""mean_nodes"":8.90625,""mean_muscles"":16.578125,""node_counts"":{""10"":10,""11"":9,""12"":2,""13"":3,""4"":3,""5"":3,""7"":6,""8"":13,""9"":15},""muscle_counts"":{""10"":5,""11"":3,""12"":3,""13"":3,""14"":5,""15"":4,""16"":5,""17"":2,""18"":7,""19"":6,""20"":5,""21"":1,""22"":1,""24"":1,""25"":2,""30"":1,""31"":1,""35"":1,""36"":2,""4"":1,""5"":2,""6"":2,""8"":1}}",131,4.623143105005999,304,0.304,"{""10"":108,""11"":34,""13"":8,""14"":4,""15"":1,""3"":304,""4"":212,""5"":152,""6"":26,""7"":24,""8"":15,""9"":112}","{""10"":15,""11"":8,""12"":12,""13"":2,""14"":4,""15"":3,""17"":96,""18"":32,""19"":23,""20"":68,""21"":8,""22"":6,""23"":5,""24"":4,""25"":8,""27"":1,""3"":304,""33"":8,""34"":2,""35"":1,""37"":2,""4"":87,""5"":157,""6"":59,""7"":51,""8"":25,""9"":9}","{""Diagonal CMA-ES"":{""attempts"":275,""discoveries"":0,""improvements"":0,""insertions"":0,""insertion_rate"":0.0},""Immigrant"":{""attempts"":165,""discoveries"":0,""improvements"":0,""insertions"":0,""insertion_rate"":0.0},""Morphology"":{""attempts"":297,""discoveries"":0,""improvements"":1,""insertions"":1,""insertion_rate"":0.003367003367003367},""Novelty"":{""attempts"":263,""discoveries"":0,""improvements"":0,""insertions"":0,""insertion_rate"":0.0}}","{""Morphology"":192,""Novelty"":31}",0,0.833063209076175,false,3000
40,245,246000,8.385002904000006,0.04907028099999999,0.046686224,0.00098188,0.001402177,9.001500192,103.04291,44.278667,7372.681520998478,185,0.9635417,45,3.9684312586985806,64,0.34594594594594597,"{""10"":11,""11"":6,""13"":3,""15"":1,""16"":1,""3"":64,""4"":29,""5"":25,""6"":18,""7"":7,""8"":4,""9"":16}","{""10"":3,""11"":8,""12"":4,""14"":1,""15"":1,""17"":19,""18"":2,""19"":2,""20"":3,""21"":3,""22"":1,""23"":1,""24"":1,""3"":64,""31"":1,""33"":3,""35"":1,""36"":1,""4"":4,""5"":25,""6"":3,""7"":14,""8"":13,""9"":7}",64,"{""count"":64,""unique_topologies"":64,""topology_entropy_bits"":6.0,""effective_topology_count"":64.0,""triangle_like_count"":0,""triangle_like_fraction"":0.0,""mean_nodes"":8.859375,""mean_muscles"":16.4375,""node_counts"":{""10"":10,""11"":9,""12"":2,""13"":3,""4"":3,""5"":3,""6"":1,""7"":6,""8"":13,""9"":14},""muscle_counts"":{""10"":5,""11"":3,""12"":3,""13"":3,""14"":5,""15"":4,""16"":5,""17"":2,""18"":6,""19"":6,""20"":5,""21"":1,""22"":1,""24"":1,""25"":2,""30"":1,""31"":1,""35"":1,""36"":2,""4"":1,""5"":2,""6"":2,""8"":1,""9"":1}}",138,5.09723542890159,230,0.23,"{""10"":37,""11"":28,""12"":4,""13"":1,""14"":2,""15"":7,""16"":7,""17"":1,""3"":230,""4"":250,""5"":225,""6"":121,""7"":25,""8"":14,""9"":48}","{""10"":10,""11"":47,""12"":6,""13"":8,""14"":7,""15"":10,""16"":1,""17"":36,""18"":17,""19"":11,""20"":15,""21"":3,""22"":7,""23"":1,""24"":6,""25"":1,""3"":230,""31"":8,""33"":1,""35"":8,""36"":7,""37"":2,""4"":94,""5"":175,""6"":61,""7"":96,""8"":98,""9"":34}","{""Diagonal CMA-ES"":{""attempts"":279,""discoveries"":0,""improvements"":0,""insertions"":0,""insertion_rate"":0.0},""Immigrant"":{""attempts"":147,""discoveries"":0,""improvements"":0,""insertions"":0,""insertion_rate"":0.0},""Morphology"":{""attempts"":326,""discoveries"":1,""improvements"":1,""insertions"":2,""insertion_rate"":0.006134969325153374},""Novelty"":{""attempts"":248,""discoveries"":0,""improvements"":0,""insertions"":0,""insertion_rate"":0.0}}","{""Morphology"":208,""Novelty"":29}",1,0.8333333333333334,false,4000
40,246,247000,8.441516244000006,0.05651334,0.05386808,0.001044807,0.001600453,9.06072528,103.04291,44.278667,7372.681520998478,185,0.9635417,45,3.9684312586985815,64,0.34594594594594597,"{""10"":11,""11"":6,""13"":3,""15"":1,""16"":1,""3"":64,""4"":29,""5"":25,""6"":18,""7"":7,""8"":4,""9"":16}","{""10"":3,""11"":8,""12"":4,""14"":1,""15"":1,""17"":19,""18"":2,""19"":2,""20"":3,""21"":3,""22"":1,""23"":1,""24"":1,""3"":64,""31"":1,""33"":3,""35"":1,""36"":1,""4"":4,""5"":25,""6"":3,""7"":14,""8"":13,""9"":7}",64,"{""count"":64,""unique_topologies"":64,""topology_entropy_bits"":6.0,""effective_topology_count"":64.0,""triangle_like_count"":0,""triangle_like_fraction"":0.0,""mean_nodes"":8.859375,""mean_muscles"":16.4375,""node_counts"":{""10"":10,""11"":9,""12"":2,""13"":3,""4"":3,""5"":3,""6"":1,""7"":6,""8"":13,""9"":14},""muscle_counts"":{""10"":5,""11"":3,""12"":3,""13"":3,""14"":5,""15"":4,""16"":5,""17"":2,""18"":6,""19"":6,""20"":5,""21"":1,""22"":1,""24"":1,""25"":2,""30"":1,""31"":1,""35"":1,""36"":2,""4"":1,""5"":2,""6"":2,""8"":1,""9"":1}}",131,5.070780050398107,249,0.249,"{""10"":63,""11"":24,""12"":2,""14"":5,""15"":7,""16"":6,""17"":1,""3"":249,""4"":195,""5"":219,""6"":109,""7"":45,""8"":15,""9"":60}","{""10"":19,""11"":40,""12"":10,""13"":4,""14"":8,""15"":9,""16"":1,""17"":66,""18"":17,""19"":3,""20"":44,""21"":5,""22"":4,""24"":2,""3"":249,""31"":6,""32"":1,""34"":3,""35"":7,""36"":6,""37"":1,""4"":65,""41"":1,""43"":1,""5"":154,""6"":55,""7"":94,""8"":90,""9"":35}","{""Diagonal CMA-ES"":{""attempts"":321,""discoveries"":0,""improvements"":0,""insertions"":0,""insertion_rate"":0.0},""Immigrant"":{""attempts"":155,""discoveries"":0,""improvements"":0,""insertions"":0,""insertion_rate"":0.0},""Morphology"":{""attempts"":287,""discoveries"":0,""improvements"":0,""insertions"":0,""insertion_rate"":0.0},""Novelty"":{""attempts"":237,""discoveries"":0,""improvements"":0,""insertions"":0,""insertion_rate"":0.0}}","{""Morphology"":180,""Novelty"":27}",0,0.8333333333333334,false,5000
40,247,248000,8.480543324000006,0.039027080000000006,0.035828548,0.00125258,0.001945952,9.103105239,103.04291,44.278667,7378.7302995324135,185,0.9635417,43,3.907536821955128,64,0.34594594594594597,"{""10"":10,""11"":6,""13"":3,""15"":1,""16"":1,""3"":64,""4"":30,""5"":25,""6"":18,""7"":6,""8"":4,""9"":17}","{""10"":3,""11"":8,""12"":3,""14"":1,""15"":1,""17"":20,""18"":2,""19"":2,""20"":3,""21"":3,""23"":1,""24"":1,""3"":64,""31"":1,""33"":3,""35"":1,""36"":1,""4"":4,""5"":26,""6"":3,""7"":14,""8"":13,""9"":7}",64,"{""count"":64,""unique_topologies"":64,""topology_entropy_bits"":6.0,""effective_topology_count"":64.0,""triangle_like_count"":0,""triangle_like_fraction"":0.0,""mean_nodes"":8.859375,""mean_muscles"":16.4375,""node_counts"":{""10"":10,""11"":9,""12"":2,""13"":3,""4"":3,""5"":3,""6"":1,""7"":6,""8"":13,""9"":14},""muscle_counts"":{""10"":5,""11"":3,""12"":3,""13"":3,""14"":5,""15"":4,""16"":5,""17"":2,""18"":6,""19"":6,""20"":5,""21"":1,""22"":1,""24"":1,""25"":2,""30"":1,""31"":1,""35"":1,""36"":2,""4"":1,""5"":2,""6"":2,""8"":1,""9"":1}}",146,5.223351409354126,223,0.223,"{""10"":47,""11"":32,""12"":1,""13"":2,""14"":3,""15"":6,""16"":6,""3"":223,""4"":218,""5"":237,""6"":96,""7"":33,""8"":24,""9"":72}","{""10"":14,""11"":41,""12"":15,""13"":2,""14"":12,""15"":7,""16"":1,""17"":35,""18"":23,""19"":12,""20"":53,""21"":6,""22"":4,""24"":6,""3"":223,""30"":1,""31"":6,""35"":6,""36"":7,""37"":2,""4"":83,""43"":1,""5"":156,""6"":58,""7"":114,""8"":77,""9"":35}","{""Diagonal CMA-ES"":{""attempts"":297,""discoveries"":0,""improvements"":0,""insertions"":0,""insertion_rate"":0.0},""Immigrant"":{""attempts"":157,""discoveries"":0,""improvements"":0,""insertions"":0,""insertion_rate"":0.0},""Morphology"":{""attempts"":313,""discoveries"":0,""improvements"":3,""insertions"":3,""insertion_rate"":0.009584664536741214},""Novelty"":{""attempts"":233,""discoveries"":0,""improvements"":0,""insertions"":0,""insertion_rate"":0.0}}","{""Morphology"":218,""Novelty"":27}",0,0.8333333333333334,false,6000
40,248,249000,8.513483220000007,0.032939895999999996,0.030568897,0.000932015,0.001438984,9.13870108,103.04291,44.278667,7378.7302995324135,185,0.9635417,43,3.907536821955129,64,0.34594594594594597,"{""10"":10,""11"":6,""13"":3,""15"":1,""16"":1,""3"":64,""4"":30,""5"":25,""6"":18,""7"":6,""8"":4,""9"":17}","{""10"":3,""11"":8,""12"":3,""14"":1,""15"":1,""17"":20,""18"":2,""19"":2,""20"":3,""21"":3,""23"":1,""24"":1,""3"":64,""31"":1,""33"":3,""35"":1,""36"":1,""4"":4,""5"":26,""6"":3,""7"":14,""8"":13,""9"":7}",64,"{""count"":64,""unique_topologies"":64,""topology_entropy_bits"":6.0,""effective_topology_count"":64.0,""triangle_like_count"":0,""triangle_like_fraction"":0.0,""mean_nodes"":8.859375,""mean_muscles"":16.4375,""node_counts"":{""10"":10,""11"":9,""12"":2,""13"":3,""4"":3,""5"":3,""6"":1,""7"":6,""8"":13,""9"":14},""muscle_counts"":{""10"":5,""11"":3,""12"":3,""13"":3,""14"":5,""15"":4,""16"":5,""17"":2,""18"":6,""19"":6,""20"":5,""21"":1,""22"":1,""24"":1,""25"":2,""30"":1,""31"":1,""35"":1,""36"":2,""4"":1,""5"":2,""6"":2,""8"":1,""9"":1}}",154,4.539000790360616,115,0.115,"{""10"":65,""11"":27,""12"":4,""13"":3,""15"":1,""16"":1,""3"":115,""4"":372,""5"":131,""6"":28,""7"":12,""8"":14,""9"":227}","{""10"":6,""11"":13,""12"":7,""13"":3,""14"":7,""15"":5,""16"":1,""17"":33,""18"":29,""19"":13,""20"":201,""21"":11,""22"":6,""23"":2,""24"":6,""25"":7,""26"":1,""27"":2,""3"":115,""31"":2,""33"":1,""35"":1,""36"":2,""4"":76,""40"":1,""5"":319,""6"":53,""7"":36,""8"":33,""9"":8}","{""Diagonal CMA-ES"":{""attempts"":251,""discoveries"":0,""improvements"":0,""insertions"":0,""insertion_rate"":0.0},""Immigrant"":{""attempts"":170,""discoveries"":0,""improvements"":0,""insertions"":0,""insertion_rate"":0.0},""Morphology"":{""attempts"":336,""discoveries"":0,""improvements"":0,""insertions"":0,""insertion_rate"":0.0},""Novelty"":{""attempts"":243,""discoveries"":0,""improvements"":0,""insertions"":0,""insertion_rate"":0.0}}","{""Morphology"":212,""Novelty"":31}",0,0.8336025848142165,false,7000
40,249,250000,8.545974325000007,0.032491105,0.029984756,0.001057867,0.001448482,9.173779267,103.04291,44.278667,7380.106926500797,185,0.9635417,43,3.9075368219551283,64,0.34594594594594597,"{""10"":10,""11"":6,""13"":3,""15"":1,""16"":1,""3"":64,""4"":30,""5"":25,""6"":18,""7"":6,""8"":4,""9"":17}","{""10"":3,""11"":8,""12"":3,""14"":1,""15"":1,""17"":20,""18"":2,""19"":2,""20"":3,""21"":3,""23"":1,""24"":1,""3"":64,""31"":1,""33"":3,""35"":1,""36"":1,""4"":4,""5"":26,""6"":3,""7"":14,""8"":13,""9"":7}",64,"{""count"":64,""unique_topologies"":64,""topology_entropy_bits"":6.0,""effective_topology_count"":64.0,""triangle_like_count"":0,""triangle_like_fraction"":0.0,""mean_nodes"":8.9375,""mean_muscles"":16.65625,""node_counts"":{""10"":10,""11"":10,""12"":2,""13"":3,""4"":3,""5"":3,""7"":6,""8"":13,""9"":14},""muscle_counts"":{""10"":5,""11"":3,""12"":3,""13"":3,""14"":5,""15"":4,""16"":5,""17"":2,""18"":6,""19"":6,""20"":5,""21"":1,""22"":1,""23"":1,""24"":1,""25"":2,""30"":1,""31"":1,""35"":1,""36"":2,""4"":1,""5"":2,""6"":2,""8"":1}}",129,4.829344994990031,182,0.182,"{""10"":45,""11"":20,""12"":6,""13"":4,""14"":3,""15"":4,""16"":4,""3"":182,""4"":338,""5"":178,""6"":63,""7"":21,""8"":19,""9"":113}","{""10"":10,""11"":29,""12"":10,""13"":5,""14"":6,""15"":7,""16"":3,""17"":31,""18"":19,""19"":5,""20"":91,""21"":7,""22"":4,""23"":2,""24"":6,""25"":3,""3"":182,""31"":4,""33"":3,""34"":1,""35"":4,""36"":4,""37"":2,""4"":80,""41"":1,""5"":276,""6"":62,""7"":64,""8"":55,""9"":24}","{""Diagonal CMA-ES"":{""attempts"":310,""discoveries"":0,""improvements"":0,""insertions"":0,""insertion_rate"":0.0},""Immigrant"":{""attempts"":148,""discoveries"":0,""improvements"":0,""insertions"":0,""insertion_rate"":0.0},""Morphology"":{""attempts"":308,""discoveries"":1,""improvements"":1,""insertions"":2,""insertion_rate"":0.006493506493506494},""Novelty"":{""attempts"":234,""discoveries"":0,""improvements"":0,""insertions"":0,""insertion_rate"":0.0}}","{""Morphology"":201,""Novelty"":25}",1,0.8336025848142165,false,8000
40,250,251000,8.579449684000007,0.033475359,0.030241208,0.001082799,0.002151352,9.209905822,103.04291,44.278667,7382.821316301823,185,0.9635417,43,3.907536821955128,64,0.34594594594594597,"{""10"":10,""11"":6,""13"":3,""15"":1,""16"":1,""3"":64,""4"":30,""5"":25,""6"":18,""7"":6,""8"":4,""9"":17}","{""10"":3,""11"":8,""12"":3,""14"":1,""15"":1,""17"":20,""18"":2,""19"":2,""20"":3,""21"":3,""23"":1,""24"":1,""3"":64,""31"":1,""33"":3,""35"":1,""36"":1,""4"":4,""5"":26,""6"":3,""7"":14,""8"":13,""9"":7}",64,"{""count"":64,""unique_topologies"":64,""topology_entropy_bits"":6.0,""effective_topology_count"":64.0,""triangle_like_count"":0,""triangle_like_fraction"":0.0,""mean_nodes"":9.0,""mean_muscles"":17.03125,""node_counts"":{""10"":10,""11"":9,""12"":4,""13"":3,""4"":3,""5"":3,""6"":1,""7"":5,""8"":12,""9"":14},""muscle_counts"":{""10"":3,""11"":4,""12"":3,""13"":3,""14"":5,""15"":4,""16"":5,""17"":2,""18"":6,""19"":5,""20"":5,""21"":1,""22"":1,""23"":1,""24"":2,""25"":2,""28"":1,""30"":1,""31"":1,""35"":1,""36"":2,""4"":1,""5"":2,""6"":2,""8"":1}}",142,5.048143285196399,216,0.216,"{""10"":42,""11"":34,""12"":22,""13"":1,""14"":3,""15"":6,""16"":6,""3"":216,""4"":288,""5"":191,""6"":96,""7"":35,""8"":19,""9"":41}","{""10"":17,""11"":40,""12"":9,""13"":3,""14"":9,""15"":7,""17"":38,""18"":20,""19"":7,""20"":25,""22"":3,""23"":11,""24"":17,""25"":1,""26"":1,""27"":3,""28"":3,""3"":216,""31"":6,""33"":1,""34"":2,""35"":6,""36"":6,""37"":1,""4"":67,""5"":245,""6"":54,""7"":74,""8"":72,""9"":36}","{""Diagonal CMA-ES"":{""attempts"":291,""discoveries"":0,""improvements"":0,""insertions"":0,""insertion_rate"":0.0},""Immigrant"":{""attempts"":142,""discoveries"":0,""improvements"":0,""insertions"":0,""insertion_rate"":0.0},""Morphology"":{""attempts"":306,""discoveries"":3,""improvements"":1,""insertions"":4,""insertion_rate"":0.013071895424836602},""Novelty"":{""attempts"":261,""discoveries"":0,""improvements"":0,""insertions"":0,""insertion_rate"":0.0}}","{""Morphology"":201,""Novelty"":26}",3,0.8336025848142165,false,9000
40,251,252000,8.615646290000008,0.036196606000000006,0.033227218,0.001142164,0.001827224,9.249549101,103.04291,44.278667,7383.5812955498695,185,0.9635417,43,3.9075368219551287,64,0.34594594594594597,"{""10"":10,""11"":6,""13"":3,""15"":1,""16"":1,""3"":64,""4"":30,""5"":25,""6"":18,""7"":6,""8"":4,""9"":17}","{""10"":3,""11"":8,""12"":3,""14"":1,""15"":1,""17"":20,""18"":2,""19"":2,""20"":3,""21"":3,""23"":1,""24"":1,""3"":64,""31"":1,""33"":3,""35"":1,""36"":1,""4"":4,""5"":26,""6"":3,""7"":14,""8"":13,""9"":7}",64,"{""count"":64,""unique_topologies"":64,""topology_entropy_bits"":6.0,""effective_topology_count"":64.0,""triangle_like_count"":0,""triangle_like_fraction"":0.0,""mean_nodes"":8.984375,""mean_muscles"":16.953125,""node_counts"":{""10"":10,""11"":9,""12"":4,""13"":3,""4"":3,""5"":3,""6"":1,""7"":5,""8"":13,""9"":13},""muscle_counts"":{""10"":3,""11"":5,""12"":3,""13"":3,""14"":5,""15"":4,""16"":4,""17"":2,""18"":6,""19"":5,""20"":5,""21"":1,""22"":1,""23"":1,""24"":2,""25"":2,""28"":1,""30"":1,""31"":1,""35"":1,""36"":2,""4"":1,""5"":2,""6"":2,""8"":1}}",137,5.205499376210647,236,0.236,"{""10"":50,""11"":19,""12"":12,""13"":17,""14"":1,""15"":6,""16"":7,""3"":236,""4"":226,""5"":214,""6"":109,""7"":38,""8"":18,""9"":47}","{""10"":9,""11"":36,""12"":15,""13"":2,""14"":12,""15"":12,""16"":3,""17"":43,""18"":31,""19"":7,""20"":19,""21"":3,""22"":2,""23"":1,""24"":7,""25"":2,""27"":2,""28"":3,""29"":9,""3"":236,""31"":5,""32"":1,""33"":3,""35"":7,""36"":7,""4"":88,""41"":1,""5"":157,""6"":65,""7"":86,""8"":91,""9"":35}","{""Diagonal CMA-ES"":{""attempts"":292,""discoveries"":0,""improvements"":0,""insertions"":0,""insertion_rate"":0.0},""Immigrant"":{""attempts"":156,""discoveries"":0,""improvements"":0,""insertions"":0,""insertion_rate"":0.0},""Morphology"":{""attempts"":306,""discoveries"":1,""improvements"":1,""insertions"":2,""insertion_rate"":0.006535947712418301},""Novelty"":{""attempts"":246,""discoveries"":0,""improvements"":0,""insertions"":0,""insertion_rate"":0.0}}","{""Morphology"":204,""Novelty"":30}",1,0.8336025848142165,false,10000
40,252,253000,8.649200008000008,0.033553718,0.029221334,0.001068552,0.003263832,9.285352716,103.04291,44.488415,7401.432724535465,185,0.9635417,43,3.8592664874813023,66,0.3567567567567568,"{""10"":9,""11"":6,""13"":3,""15"":1,""16"":1,""3"":66,""4"":30,""5"":24,""6"":18,""7"":6,""8"":4,""9"":17}","{""10"":3,""11"":8,""12"":3,""14"":1,""15"":1,""17"":20,""18"":2,""19"":2,""20"":3,""21"":2,""23"":1,""24"":1,""3"":66,""31"":1,""33"":3,""35"":1,""36"":1,""4"":4,""5"":26,""6"":3,""7"":14,""8"":12,""9"":7}",64,"{""count"":64,""unique_topologies"":64,""topology_entropy_bits"":6.0,""effective_topology_count"":64.0,""triangle_like_count"":0,""triangle_like_fraction"":0.0,""mean_nodes"":9.015625,""mean_muscles"":16.984375,""node_counts"":{""10"":10,""11"":9,""12"":4,""13"":3,""4"":3,""5"":3,""6"":1,""7"":4,""8"":13,""9"":14},""muscle_counts"":{""10"":3,""11"":4,""12"":3,""13"":4,""14"":5,""15"":4,""16"":4,""17"":2,""18"":6,""19"":5,""20"":5,""21"":1,""22"":1,""23"":1,""24"":2,""25"":2,""28"":1,""30"":1,""31"":1,""35"":1,""36"":2,""4"":1,""5"":2,""6"":2,""8"":1}}",134,5.128965949595948,226,0.226,"{""10"":39,""11"":27,""12"":6,""13"":6,""14"":4,""15"":7,""16"":7,""3"":226,""4"":233,""5"":202,""6"":112,""7"":28,""8"":36,""9"":67}","{""10"":9,""11"":56,""12"":28,""13"":5,""14"":8,""15"":8,""16"":3,""17"":51,""18"":21,""19"":5,""20"":23,""21"":3,""22"":4,""24"":4,""25"":2,""28"":5,""3"":226,""30"":1,""31"":7,""33"":2,""34"":1,""35"":7,""36"":7,""37"":3,""4"":78,""5"":172,""6"":57,""7"":80,""8"":88,""9"":36}","{""Diagonal CMA-ES"":{""attempts"":305,""discoveries"":0,""improvements"":0,""insertions"":0,""insertion_rate"":0.0},""Immigrant"":{""attempts"":120,""discoveries"":0,""improvements"":0,""insertions"":0,""insertion_rate"":0.0},""Morphology"":{""attempts"":301,""discoveries"":1,""improvements"":3,""insertions"":4,""insertion_rate"":0.013289036544850499},""Novelty"":{""attempts"":274,""discoveries"":0,""improvements"":1,""insertions"":1,""insertion_rate"":0.0036496350364963502}}","{""Morphology"":187,""Novelty"":32}",1,0.8338709677419355,false,11000
40,253,254000,8.684870648000008,0.035670639999999997,0.032631203,0.001454418,0.001585019,9.324239697,103.04291,44.912285,7490.774229347706,185,0.9635417,42,3.8208016093591297,67,0.3621621621621622,"{""10"":9,""11"":5,""13"":3,""15"":1,""16"":1,""3"":67,""4"":29,""5"":24,""6"":18,""7"":6,""8"":4,""9"":18}","{""10"":3,""11"":8,""12"":3,""14"":1,""15"":1,""17"":21,""18"":2,""19"":2,""20"":3,""21"":2,""23"":1,""24"":1,""3"":67,""33"":3,""35"":1,""36"":1,""4"":4,""5"":25,""6"":3,""7"":14,""8"":12,""9"":7}",64,"{""count"":64,""unique_topologies"":64,""topology_entropy_bits"":6.0,""effective_topology_count"":64.0,""triangle_like_count"":0,""triangle_like_fraction"":0.0,""mean_nodes"":9.015625,""mean_muscles"":16.984375,""node_counts"":{""10"":10,""11"":9,""12"":4,""13"":3,""4"":3,""5"":3,""6"":1,""7"":4,""8"":13,""9"":14},""muscle_counts"":{""10"":3,""11"":4,""12"":3,""13"":4,""14"":5,""15"":4,""16"":4,""17"":2,""18"":6,""19"":5,""20"":5,""21"":1,""22"":1,""23"":1,""24"":2,""25"":2,""28"":1,""30"":1,""31"":1,""35"":1,""36"":2,""4"":1,""5"":2,""6"":2,""8"":1}}",151,5.334888715253515,223,0.223,"{""10"":82,""11"":24,""12"":6,""13"":8,""14"":3,""15"":6,""16"":7,""3"":223,""4"":223,""5"":206,""6"":110,""7"":28,""8"":22,""9"":52}","{""10"":11,""11"":53,""12"":13,""13"":10,""14"":21,""15"":11,""16"":2,""17"":43,""18"":37,""19"":8,""20"":17,""21"":5,""22"":5,""23"":3,""24"":6,""25"":3,""28"":1,""3"":223,""31"":7,""32"":1,""33"":6,""34"":1,""35"":6,""36"":7,""37"":1,""4"":81,""43"":1,""5"":160,""6"":60,""7"":81,""8"":81,""9"":35}","{""Diagonal CMA-ES"":{""attempts"":275,""discoveries"":0,""improvements"":0,""insertions"":0,""insertion_rate"":0.0},""Immigrant"":{""attempts"":145,""discoveries"":0,""improvements"":0,""insertions"":0,""insertion_rate"":0.0},""Morphology"":{""attempts"":331,""discoveries"":0,""improvements"":4,""insertions"":4,""insertion_rate"":0.012084592145015106},""Novelty"":{""attempts"":249,""discoveries"":0,""improvements"":1,""insertions"":1,""insertion_rate"":0.004016064257028112}}","{""Morphology"":220,""Novelty"":28}",0,0.8346709470304976,false,12000
40,254,255000,8.719238840000008,0.034368192,0.031492601,0.001041244,0.001834347,9.361425306,103.04291,44.912285,7493.481708824635,185,0.9635417,42,3.820801609359129,67,0.3621621621621622,"{""10"":9,""11"":5,""13"":3,""15"":1,""16"":1,""3"":67,""4"":29,""5"":24,""6"":18,""7"":6,""8"":4,""9"":18}","{""10"":3,""11"":8,""12"":3,""14"":1,""15"":1,""17"":21,""18"":2,""19"":2,""20"":3,""21"":2,""23"":1,""24"":1,""3"":67,""33"":3,""35"":1,""36"":1,""4"":4,""5"":25,""6"":3,""7"":14,""8"":12,""9"":7}",64,"{""count"":64,""unique_topologies"":64,""topology_entropy_bits"":6.0,""effective_topology_count"":64.0,""triangle_like_count"":0,""triangle_like_fraction"":0.0,""mean_nodes"":9.015625,""mean_muscles"":16.984375,""node_counts"":{""10"":10,""11"":9,""12"":4,""13"":3,""4"":3,""5"":3,""6"":1,""7"":4,""8"":13,""9"":14},""muscle_counts"":{""10"":3,""11"":4,""12"":3,""13"":4,""14"":5,""15"":4,""16"":4,""17"":2,""18"":6,""19"":5,""20"":5,""21"":1,""22"":1,""23"":1,""24"":2,""25"":2,""28"":1,""30"":1,""31"":1,""35"":1,""36"":2,""4"":1,""5"":2,""6"":2,""8"":1}}",127,4.116887164054744,139,0.139,"{""10"":56,""11"":10,""12"":8,""13"":9,""14"":2,""3"":139,""4"":337,""5"":110,""6"":25,""7"":15,""8"":14,""9"":275}","{""10"":6,""11"":16,""12"":5,""13"":9,""14"":8,""15"":5,""16"":3,""17"":264,""18"":29,""19"":9,""20"":9,""21"":4,""22"":6,""24"":6,""25"":2,""26"":1,""28"":3,""29"":6,""3"":139,""33"":1,""34"":1,""37"":2,""4"":256,""5"":102,""6"":51,""7"":32,""8"":21,""9"":4}","{""Diagonal CMA-ES"":{""attempts"":305,""discoveries"":0,""improvements"":0,""insertions"":0,""insertion_rate"":0.0},""Immigrant"":{""attempts"":161,""discoveries"":0,""improvements"":0,""insertions"":0,""insertion_rate"":0.0},""Morphology"":{""attempts"":300,""discoveries"":0,""improvements"":3,""insertions"":3,""insertion_rate"":0.01},""Novelty"":{""attempts"":234,""discoveries"":0,""improvements"":0,""insertions"":0,""insertion_rate"":0.0}}","{""Morphology"":204,""Novelty"":24}",0,0.8349358974358975,false,13000
40,255,256000,8.750605591000008,0.031366751,0.028865151,0.001091111,0.001410489,9.395183238,103.04291,44.912285,7514.165261566639,185,0.9635417,42,3.8012374854971713,68,0.3675675675675676,"{""10"":9,""11"":5,""13"":3,""15"":1,""16"":1,""3"":68,""4"":29,""5"":24,""6"":17,""7"":6,""8"":4,""9"":18}","{""10"":3,""11"":7,""12"":3,""14"":1,""15"":1,""17"":21,""18"":2,""19"":2,""20"":3,""21"":2,""23"":1,""24"":1,""3"":68,""33"":3,""35"":1,""36"":1,""4"":4,""5"":25,""6"":3,""7"":14,""8"":12,""9"":7}",64,"{""count"":64,""unique_topologies"":64,""topology_entropy_bits"":6.0,""effective_topology_count"":64.0,""triangle_like_count"":0,""triangle_like_fraction"":0.0,""mean_nodes"":9.046875,""mean_muscles"":17.03125,""node_counts"":{""10"":10,""11"":9,""12"":4,""13"":3,""4"":2,""5"":3,""6"":2,""7"":4,""8"":13,""9"":14},""muscle_counts"":{""10"":3,""11"":4,""12"":3,""13"":4,""14"":5,""15"":4,""16"":4,""17"":2,""18"":6,""19"":5,""20"":5,""21"":1,""22"":1,""23"":1,""24"":2,""25"":2,""28"":1,""30"":1,""31"":1,""35"":1,""36"":2,""4"":1,""5"":1,""6"":2,""8"":2}}",130,4.771441728948553,271,0.271,"{""10"":48,""11"":14,""12"":4,""13"":8,""14"":4,""15"":5,""16"":4,""3"":271,""4"":209,""5"":178,""6"":80,""7"":23,""8"":15,""9"":137}","{""10"":8,""11"":34,""12"":12,""13"":3,""14"":11,""15"":6,""16"":2,""17"":127,""18"":24,""19"":8,""20"":16,""21"":2,""22"":6,""23"":1,""24"":4,""25"":2,""26"":1,""28"":2,""29"":3,""3"":271,""33"":2,""34"":4,""35"":5,""36"":4,""4"":80,""5"":154,""6"":60,""7"":61,""8"":61,""9"":26}","{""Diagonal CMA-ES"":{""attempts"":280,""discoveries"":0,""improvements"":0,""insertions"":0,""insertion_rate"":0.0},""Immigrant"":{""attempts"":159,""discoveries"":0,""improvements"":0,""insertions"":0,""insertion_rate"":0.0},""Morphology"":{""attempts"":305,""discoveries"":1,""improvements"":2,""insertions"":3,""insertion_rate"":0.009836065573770493},""Novelty"":{""attempts"":256,""discoveries"":0,""improvements"":0,""insertions"":0,""insertion_rate"":0.0}}","{""Morphology"":221,""Novelty"":34}",1,0.8352,false,14000
40,256,257000,8.786608669000008,0.036003077999999994,0.032995698,0.001095859,0.001911521,9.434814643,103.04291,44.912285,7517.283372223377,185,0.9635417,42,3.7753681513863215,69,0.372972972972973,"{""10"":9,""11"":5,""13"":2,""15"":1,""16"":1,""3"":69,""4"":29,""5"":24,""6"":17,""7"":6,""8"":4,""9"":18}","{""10"":3,""11"":7,""12"":3,""14"":1,""15"":1,""17"":21,""18"":2,""19"":2,""20"":3,""21"":2,""23"":1,""24"":1,""3"":69,""33"":2,""35"":1,""36"":1,""4"":4,""5"":25,""6"":3,""7"":14,""8"":12,""9"":7}",64,"{""count"":64,""unique_topologies"":64,""topology_entropy_bits"":6.0,""effective_topology_count"":64.0,""triangle_like_count"":0,""triangle_like_fraction"":0.0,""mean_nodes"":9.046875,""mean_muscles"":17.03125,""node_counts"":{""10"":10,""11"":9,""12"":4,""13"":3,""4"":2,""5"":3,""6"":2,""7"":4,""8"":13,""9"":14},""muscle_counts"":{""10"":3,""11"":4,""12"":3,""13"":4,""14"":5,""15"":4,""16"":4,""17"":2,""18"":6,""19"":5,""20"":5,""21"":1,""22"":1,""23"":1,""24"":2,""25"":2,""28"":1,""30"":1,""31"":1,""35"":1,""36"":2,""4"":1,""5"":1,""6"":2,""8"":2}}",129,4.932677899369643,282,0.282,"{""10"":45,""11"":13,""12"":3,""14"":2,""15"":5,""16"":6,""3"":282,""4"":235,""5"":212,""6"":85,""7"":51,""8"":21,""9"":40}","{""10"":14,""11"":34,""12"":11,""13"":3,""14"":7,""15"":7,""16"":1,""17"":36,""18"":27,""19"":8,""20"":10,""21"":7,""22"":3,""23"":2,""24"":3,""28"":1,""3"":282,""34"":1,""35"":5,""36"":6,""4"":82,""41"":1,""5"":176,""6"":68,""7"":83,""8"":77,""9"":45}","{""Diagonal CMA-ES"":{""attempts"":290,""discoveries"":0,""improvements"":0,""insertions"":0,""insertion_rate"":0.0},""Immigrant"":{""attempts"":155,""discoveries"":0,""improvements"":0,""insertions"":0,""insertion_rate"":0.0},""Morphology"":{""attempts"":325,""discoveries"":0,""improvements"":1,""insertions"":1,""insertion_rate"":0.003076923076923077},""Novelty"":{""attempts"":230,""discoveries"":0,""improvements"":0,""insertions"":0,""insertion_rate"":0.0}}","{""Morphology"":215,""Novelty"":26}",0,0.8352,false,15000
40,257,258000,8.821311676000008,0.034703007,0.032094553,0.001082799,0.001525655,9.47291802,103.04291,44.912285,7517.283372223377,185,0.9635417,42,3.775368151386321,69,0.372972972972973,"{""10"":9,""11"":5,""13"":2,""15"":1,""16"":1,""3"":69,""4"":29,""5"":24,""6"":17,""7"":6,""8"":4,""9"":18}","{""10"":3,""11"":7,""12"":3,""14"":1,""15"":1,""17"":21,""18"":2,""19"":2,""20"":3,""21"":2,""23"":1,""24"":1,""3"":69,""33"":2,""35"":1,""36"":1,""4"":4,""5"":25,""6"":3,""7"":14,""8"":12,""9"":7}",64,"{""count"":64,""unique_topologies"":64,""topology_entropy_bits"":6.0,""effective_topology_count"":64.0,""triangle_like_count"":0,""triangle_like_fraction"":0.0,""mean_nodes"":9.03125,""mean_muscles"":17.03125,""node_counts"":{""10"":10,""11"":9,""12"":4,""13"":3,""4"":2,""5"":3,""6"":2,""7"":5,""8"":12,""9"":14},""muscle_counts"":{""10"":3,""11"":4,""12"":3,""13"":4,""14"":5,""15"":4,""16"":4,""17"":2,""18"":6,""19"":5,""20"":5,""21"":1,""22"":1,""23"":1,""24"":2,""25"":2,""28"":1,""30"":1,""31"":1,""35"":1,""36"":2,""4"":1,""5"":1,""6"":2,""8"":2}}",124,4.0412512962310805,328,0.328,"{""10"":30,""11"":9,""12"":4,""13"":230,""14"":12,""15"":1,""16"":1,""3"":328,""4"":177,""5"":109,""6"":31,""7"":22,""8"":10,""9"":36}","{""10"":9,""11"":14,""12"":10,""13"":6,""14"":2,""15"":5,""16"":1,""17"":24,""18"":17,""19"":1,""20"":7,""21"":3,""22"":7,""23"":1,""24"":7,""25"":1,""29"":2,""3"":328,""32"":1,""33"":226,""34"":7,""35"":2,""36"":1,""37"":4,""4"":96,""5"":97,""6"":50,""7"":29,""8"":26,""9"":16}","{""Diagonal CMA-ES"":{""attempts"":275,""discoveries"":0,""improvements"":0,""insertions"":0,""insertion_rate"":0.0},""Immigrant"":{""attempts"":162,""discoveries"":0,""improvements"":0,""insertions"":0,""insertion_rate"":0.0},""Morphology"":{""attempts"":305,""discoveries"":1,""improvements"":0,""insertions"":1,""insertion_rate"":0.003278688524590164},""Novelty"":{""attempts"":258,""discoveries"":0,""improvements"":0,""insertions"":0,""insertion_rate"":0.0}}","{""Morphology"":201,""Novelty"":31}",1,0.8352,false,16000
40,258,259000,8.857071362000008,0.03575968599999999,0.033150044,0.00103887,0.001570772,9.511514117,103.04291,44.912285,7517.283372223377,185,0.9635417,42,3.775368151386321,69,0.372972972972973,"{""10"":9,""11"":5,""13"":2,""15"":1,""16"":1,""3"":69,""4"":29,""5"":24,""6"":17,""7"":6,""8"":4,""9"":18}","{""10"":3,""11"":7,""12"":3,""14"":1,""15"":1,""17"":21,""18"":2,""19"":2,""20"":3,""21"":2,""23"":1,""24"":1,""3"":69,""33"":2,""35"":1,""36"":1,""4"":4,""5"":25,""6"":3,""7"":14,""8"":12,""9"":7}",64,"{""count"":64,""unique_topologies"":64,""topology_entropy_bits"":6.0,""effective_topology_count"":64.0,""triangle_like_count"":0,""triangle_like_fraction"":0.0,""mean_nodes"":9.03125,""mean_muscles"":17.078125,""node_counts"":{""10"":10,""11"":9,""12"":4,""13"":3,""4"":2,""5"":3,""6"":2,""7"":5,""8"":12,""9"":14},""muscle_counts"":{""10"":3,""11"":4,""12"":3,""13"":4,""14"":5,""15"":4,""16"":4,""17"":2,""18"":6,""19"":4,""20"":5,""21"":1,""22"":2,""23"":1,""24"":2,""25"":2,""28"":1,""30"":1,""31"":1,""35"":1,""36"":2,""4"":1,""5"":1,""6"":2,""8"":2}}",122,4.934070723974526,261,0.261,"{""10"":39,""11"":19,""12"":2,""13"":9,""14"":1,""15"":4,""16"":10,""3"":261,""4"":241,""5"":218,""6"":91,""7"":35,""8"":34,""9"":36}","{""10"":11,""11"":30,""12"":13,""14"":11,""15"":9,""16"":11,""17"":33,""18"":22,""19"":16,""20"":16,""21"":4,""22"":4,""24"":5,""25"":2,""26"":1,""3"":261,""33"":9,""34"":1,""35"":4,""36"":8,""39"":2,""4"":94,""5"":165,""6"":63,""7"":82,""8"":93,""9"":30}","{""Diagonal CMA-ES"":{""attempts"":273,""discoveries"":0,""improvements"":0,""insertions"":0,""insertion_rate"":0.0},""Immigrant"":{""attempts"":159,""discoveries"":0,""improvements"":0,""insertions"":0,""insertion_rate"":0.0},""Morphology"":{""attempts"":310,""discoveries"":1,""improvements"":2,""insertions"":3,""insertion_rate"":0.00967741935483871},""Novelty"":{""attempts"":258,""discoveries"":0,""improvements"":0,""insertions"":0,""insertion_rate"":0.0}}","{""Morphology"":209,""Novelty"":29}",1,0.8354632587859425,false,17000
40,259,260000,8.891333888000007,0.034262526,0.031914086,0.001002065,0.001346375,9.548094214,103.04291,44.912285,7531.511845886707,185,0.9635417,42,3.784405365337694,68,0.3675675675675676,"{""10"":9,""11"":5,""13"":2,""15"":1,""16"":1,""3"":68,""4"":30,""5"":24,""6"":17,""7"":7,""8"":3,""9"":18}","{""10"":3,""11"":7,""12"":2,""14"":1,""15"":2,""17"":21,""18"":2,""19"":2,""20"":3,""21"":2,""23"":1,""24"":1,""3"":68,""33"":2,""35"":1,""36"":1,""4"":4,""5"":26,""6"":3,""7"":14,""8"":12,""9"":7}",64,"{""count"":64,""unique_topologies"":64,""topology_entropy_bits"":6.0,""effective_topology_count"":64.0,""triangle_like_count"":0,""triangle_like_fraction"":0.0,""mean_nodes"":9.0,""mean_muscles"":16.921875,""node_counts"":{""10"":10,""11"":9,""12"":4,""13"":3,""4"":2,""5"":4,""6"":2,""7"":4,""8"":12,""9"":14},""muscle_counts"":{""10"":3,""11"":4,""12"":3,""13"":4,""14"":5,""15"":3,""16"":4,""17"":2,""18"":6,""19"":4,""20"":5,""21"":1,""22"":2,""23"":1,""24"":2,""25"":2,""28"":1,""30"":1,""31"":1,""35"":1,""36"":2,""4"":1,""5"":2,""6"":2,""8"":2}}",117,4.890743503393383,263,0.263,"{""10"":46,""11"":28,""13"":6,""14"":1,""15"":7,""16"":6,""3"":263,""4"":241,""5"":213,""6"":96,""7"":30,""8"":19,""9"":44}","{""10"":13,""11"":34,""12"":12,""13"":2,""14"":7,""15"":1,""16"":2,""17"":42,""18"":18,""19"":7,""20"":16,""21"":4,""22"":15,""23"":3,""24"":5,""26"":2,""27"":5,""3"":263,""30"":1,""33"":6,""35"":7,""36"":6,""37"":1,""4"":89,""5"":175,""6"":55,""7"":91,""8"":83,""9"":35}","{""Diagonal CMA-ES"":{""attempts"":297,""discoveries"":0,""improvements"":0,""insertions"":0,""insertion_rate"":0.0},""Immigrant"":{""attempts"":146,""discoveries"":0,""improvements"":0,""insertions"":0,""insertion_rate"":0.0},""Morphology"":{""attempts"":288,""discoveries"":0,""improvements"":3,""insertions"":3,""insertion_rate"":0.010416666666666666},""Novelty"":{""attempts"":269,""discoveries"":1,""improvements"":0,""insertions"":1,""insertion_rate"":0.0037174721189591076}}","{""Morphology"":191,""Novelty"":42}",1,0.8354632587859425,false,18000
40,260,261000,8.925730575000006,0.034396687,0.032105237,0.000967633,0.001323817,9.584630381,103.04291,44.912285,7531.511845886707,185,0.9635417,42,3.784405365337695,68,0.3675675675675676,"{""10"":9,""11"":5,""13"":2,""15"":1,""16"":1,""3"":68,""4"":30,""5"":24,""6"":17,""7"":7,""8"":3,""9"":18}","{""10"":3,""11"":7,""12"":2,""14"":1,""15"":2,""17"":21,""18"":2,""19"":2,""20"":3,""21"":2,""23"":1,""24"":1,""3"":68,""33"":2,""35"":1,""36"":1,""4"":4,""5"":26,""6"":3,""7"":14,""8"":12,""9"":7}",64,"{""count"":64,""unique_topologies"":64,""topology_entropy_bits"":6.0,""effective_topology_count"":64.0,""triangle_like_count"":0,""triangle_like_fraction"":0.0,""mean_nodes"":9.015625,""mean_muscles"":16.9375,""node_counts"":{""10"":10,""11"":9,""12"":4,""13"":3,""4"":2,""5"":3,""6"":3,""7"":4,""8"":12,""9"":14},""muscle_counts"":{""10"":3,""11"":4,""12"":3,""13"":4,""14"":5,""15"":3,""16"":4,""17"":2,""18"":6,""19"":4,""20"":5,""21"":1,""22"":2,""23"":1,""24"":2,""25"":2,""28"":1,""30"":1,""31"":1,""35"":1,""36"":2,""4"":1,""5"":1,""6"":3,""8"":2}}",123,4.944308062132182,265,0.265,"{""10"":48,""11"":20,""12"":2,""13"":4,""14"":3,""15"":5,""16"":7,""3"":265,""4"":247,""5"":222,""6"":100,""7"":30,""8"":14,""9"":33}","{""10"":10,""11"":27,""12"":7,""14"":7,""15"":6,""16"":2,""17"":32,""18"":29,""19"":9,""20"":13,""21"":4,""22"":5,""23"":4,""24"":5,""26"":1,""27"":2,""3"":265,""33"":4,""34"":1,""35"":5,""36"":6,""37"":1,""39"":1,""4"":100,""41"":1,""5"":181,""6"":71,""7"":100,""8"":69,""9"":32}","{""Diagonal CMA-ES"":{""attempts"":270,""discoveries"":0,""improvements"":0,""insertions"":0,""insertion_rate"":0.0},""Immigrant"":{""attempts"":161,""discoveries"":0,""improvements"":0,""insertions"":0,""insertion_rate"":0.0},""Morphology"":{""attempts"":308,""discoveries"":1,""improvements"":0,""insertions"":1,""insertion_rate"":0.003246753246753247},""Novelty"":{""attempts"":261,""discoveries"":0,""improvements"":0,""insertions"":0,""insertion_rate"":0.0}}","{""Morphology"":220,""Novelty"":20}",1,0.835725677830941,false,19000
40,261,262000,8.961556749000007,0.035826174,0.033113239,0.001069739,0.001643196,9.622727821,103.04291,44.912285,7533.794713318348,185,0.9635417,42,3.784405365337695,68,0.3675675675675676,"{""10"":9,""11"":5,""13"":2,""15"":1,""16"":1,""3"":68,""4"":30,""5"":24,""6"":17,""7"":7,""8"":3,""9"":18}","{""10"":3,""11"":7,""12"":2,""14"":1,""15"":2,""17"":21,""18"":2,""19"":2,""20"":3,""21"":2,""23"":1,""24"":1,""3"":68,""33"":2,""35"":1,""36"":1,""4"":4,""5"":26,""6"":3,""7"":14,""8"":12,""9"":7}",64,"{""count"":64,""unique_topologies"":64,""topology_entropy_bits"":6.0,""effective_topology_count"":64.0,""triangle_like_count"":0,""triangle_like_fraction"":0.0,""mean_nodes"":9.015625,""mean_muscles"":17.015625,""node_counts"":{""10"":10,""11"":9,""12"":4,""13"":3,""4"":2,""5"":3,""6"":3,""7"":4,""8"":12,""9"":14},""muscle_counts"":{""10"":3,""11"":5,""12"":3,""13"":4,""14"":5,""15"":3,""16"":4,""17"":2,""18"":6,""19"":4,""20"":5,""21"":1,""22"":2,""23"":1,""24"":2,""25"":2,""28"":1,""30"":1,""31"":1,""35"":1,""36"":2,""4"":1,""5"":1,""6"":2,""8"":2}}",133,4.951252732804333,271,0.271,"{""10"":48,""11"":18,""12"":1,""13"":6,""14"":1,""15"":5,""16"":9,""3"":271,""4"":235,""5"":202,""6"":105,""7"":53,""8"":7,""9"":39}","{""10"":12,""11"":38,""12"":4,""13"":3,""14"":10,""15"":5,""17"":36,""18"":31,""19"":4,""20"":13,""21"":3,""22"":8,""23"":1,""24"":5,""26"":1,""3"":271,""33"":6,""35"":5,""36"":7,""37"":2,""39"":1,""4"":86,""5"":176,""6"":54,""7"":89,""8"":91,""9"":38}","{""Diagonal CMA-ES"":{""attempts"":312,""discoveries"":0,""improvements"":0,""insertions"":0,""insertion_rate"":0.0},""Immigrant"":{""attempts"":139,""discoveries"":0,""improvements"":0,""insertions"":0,""insertion_rate"":0.0},""Morphology"":{""attempts"":295,""discoveries"":1,""improvements"":1,""insertions"":2,""insertion_rate"":0.006779661016949152},""Novelty"":{""attempts"":254,""discoveries"":0,""improvements"":0,""insertions"":0,""insertion_rate"":0.0}}","{""Morphology"":195,""Novelty"":37}",1,0.8359872611464968,false,20000
40,262,263000,9.015738271000007,0.054181521999999996,0.051818835,0.000997315,0.001365372,9.679182984,103.04291,44.912285,7539.319478332996,185,0.9635417,42,3.784405365337695,68,0.3675675675675676,"{""10"":9,""11"":5,""13"":2,""15"":1,""16"":1,""3"":68,""4"":30,""5"":24,""6"":17,""7"":7,""8"":3,""9"":18}","{""10"":3,""11"":7,""12"":2,""14"":1,""15"":2,""17"":21,""18"":2,""19"":2,""20"":3,""21"":2,""23"":1,""24"":1,""3"":68,""33"":2,""35"":1,""36"":1,""4"":4,""5"":26,""6"":3,""7"":14,""8"":12,""9"":7}",64,"{""count"":64,""unique_topologies"":64,""topology_entropy_bits"":6.0,""effective_topology_count"":64.0,""triangle_like_count"":0,""triangle_like_fraction"":0.0,""mean_nodes"":9.046875,""mean_muscles"":17.140625,""node_counts"":{""10"":10,""11"":9,""12"":4,""13"":3,""4"":2,""5"":3,""6"":2,""7"":4,""8"":13,""9"":14},""muscle_counts"":{""10"":3,""11"":4,""12"":3,""13"":4,""14"":5,""15"":3,""16"":4,""17"":2,""18"":6,""19"":5,""20"":5,""21"":1,""22"":2,""23"":1,""24"":2,""25"":2,""28"":1,""30"":1,""31"":1,""35"":1,""36"":2,""4"":1,""5"":1,""6"":2,""8"":2}}",134,5.117206776175954,245,0.245,"{""10"":45,""11"":19,""12"":1,""13"":6,""14"":1,""15"":5,""16"":7,""17"":1,""3"":245,""4"":222,""5"":225,""6"":111,""7"":48,""8"":24,""9"":40}","{""10"":12,""11"":50,""12"":17,""13"":1,""14"":11,""15"":9,""16"":2,""17"":40,""18"":29,""19"":8,""20"":11,""21"":3,""22"":8,""23"":1,""24"":4,""25"":1,""29"":1,""3"":245,""33"":6,""35"":6,""36"":6,""37"":1,""4"":81,""43"":1,""5"":163,""6"":58,""7"":100,""8"":91,""9"":34}","{""Diagonal CMA-ES"":{""attempts"":292,""discoveries"":0,""improvements"":0,""insertions"":0,""insertion_rate"":0.0},""Immigrant"":{""attempts"":134,""discoveries"":0,""improvements"":0,""insertions"":0,""insertion_rate"":0.0},""Morphology"":{""attempts"":306,""discoveries"":1,""improvements"":2,""insertions"":3,""insertion_rate"":0.00980392156862745},""Novelty"":{""attempts"":268,""discoveries"":0,""improvements"":0,""insertions"":0,""insertion_rate"":0.0}}","{""Morphology"":214,""Novelty"":31}",1,0.834658187599364,false,21000
40,263,264000,9.048852696000008,0.033114425,0.030762424,0.000998502,0.001353499,9.714650599,103.04291,44.912285,7549.309262573719,185,0.9635417,42,3.811384662939436,68,0.3675675675675676,"{""10"":9,""11"":5,""13"":2,""15"":1,""16"":1,""3"":68,""4"":29,""5"":25,""6"":17,""7"":8,""8"":3,""9"":17}","{""10"":4,""11"":7,""12"":2,""14"":1,""15"":2,""17"":20,""18"":2,""19"":2,""20"":3,""21"":2,""23"":1,""24"":1,""3"":68,""33"":2,""35"":1,""36"":1,""4"":4,""5"":25,""6"":3,""7"":14,""8"":13,""9"":7}",64,"{""count"":64,""unique_topologies"":64,""topology_entropy_bits"":6.0,""effective_topology_count"":64.0,""triangle_like_count"":0,""triangle_like_fraction"":0.0,""mean_nodes"":9.046875,""mean_muscles"":17.0625,""node_counts"":{""10"":10,""11"":9,""12"":4,""13"":3,""4"":2,""5"":3,""6"":2,""7"":4,""8"":13,""9"":14},""muscle_counts"":{""10"":3,""11"":5,""12"":3,""13"":4,""14"":5,""15"":3,""16"":3,""17"":2,""18"":6,""19"":5,""20"":5,""21"":1,""22"":2,""23"":1,""24"":2,""25"":2,""28"":1,""30"":1,""31"":1,""35"":1,""36"":2,""4"":1,""5"":1,""6"":2,""8"":2}}",125,4.9383547569499155,270,0.27,"{""10"":52,""11"":13,""13"":5,""15"":6,""16"":5,""3"":270,""4"":231,""5"":208,""6"":79,""7"":34,""8"":22,""9"":75}","{""10"":11,""11"":27,""12"":4,""13"":2,""14"":9,""15"":6,""16"":5,""17"":49,""18"":29,""19"":14,""20"":25,""21"":5,""22"":5,""23"":6,""24"":7,""25"":2,""26"":3,""3"":270,""33"":5,""35"":6,""36"":5,""4"":99,""5"":164,""6"":57,""7"":76,""8"":72,""9"":37}","{""Diagonal CMA-ES"":{""attempts"":290,""discoveries"":0,""improvements"":0,""insertions"":0,""insertion_rate"":0.0},""Immigrant"":{""attempts"":157,""discoveries"":0,""improvements"":0,""insertions"":0,""insertion_rate"":0.0},""Morphology"":{""attempts"":324,""discoveries"":2,""improvements"":3,""insertions"":5,""insertion_rate"":0.015432098765432098},""Novelty"":{""attempts"":229,""discoveries"":0,""improvements"":0,""insertions"":0,""insertion_rate"":0.0}}","{""Morphology"":210,""Novelty"":31}",1,0.8333333333333334,false,22000
40,264,265000,9.107225316000008,0.05837262000000001,0.056262824,0.001023435,0.001086361,9.775540252,103.04291,44.912285,7553.289586365223,185,0.9635417,42,3.8203071911161155,67,0.3621621621621622,"{""10"":9,""11"":5,""13"":2,""15"":1,""16"":1,""3"":67,""4"":30,""5"":25,""6"":17,""7"":8,""8"":3,""9"":17}","{""10"":4,""11"":7,""12"":2,""14"":1,""15"":2,""17"":20,""18"":2,""19"":2,""20"":3,""21"":2,""23"":1,""24"":1,""3"":67,""33"":2,""35"":1,""36"":1,""4"":4,""5"":26,""6"":3,""7"":14,""8"":13,""9"":7}",64,"{""count"":64,""unique_topologies"":64,""topology_entropy_bits"":6.0,""effective_topology_count"":64.0,""triangle_like_count"":0,""triangle_like_fraction"":0.0,""mean_nodes"":9.046875,""mean_muscles"":17.0625,""node_counts"":{""10"":10,""11"":9,""12"":4,""13"":3,""4"":2,""5"":3,""6"":2,""7"":4,""8"":13,""9"":14},""muscle_counts"":{""10"":3,""11"":5,""12"":3,""13"":4,""14"":5,""15"":3,""16"":3,""17"":2,""18"":6,""19"":5,""20"":5,""21"":1,""22"":2,""23"":1,""24"":2,""25"":2,""28"":1,""30"":1,""31"":1,""35"":1,""36"":2,""4"":1,""5"":1,""6"":2,""8"":2}}",129,4.97429736769391,255,0.255,"{""10"":49,""11"":14,""12"":2,""13"":7,""14"":1,""15"":6,""16"":6,""17"":1,""3"":255,""4"":237,""5"":221,""6"":94,""7"":27,""8"":21,""9"":59}","{""10"":10,""11"":34,""12"":13,""13"":8,""14"":7,""15"":2,""16"":2,""17"":37,""18"":27,""19"":13,""20"":21,""21"":3,""22"":6,""23"":2,""24"":3,""26"":2,""3"":255,""32"":1,""33"":7,""35"":6,""36"":6,""37"":1,""4"":99,""46"":1,""5"":165,""6"":57,""7"":85,""8"":85,""9"":42}","{""Diagonal CMA-ES"":{""attempts"":308,""discoveries"":0,""improvements"":0,""insertions"":0,""insertion_rate"":0.0},""Immigrant"":{""attempts"":157,""discoveries"":0,""improvements"":0,""insertions"":0,""insertion_rate"":0.0},""Morphology"":{""attempts"":288,""discoveries"":0,""improvements"":1,""insertions"":1,""insertion_rate"":0.003472222222222222},""Novelty"":{""attempts"":247,""discoveries"":0,""improvements"":0,""insertions"":0,""insertion_rate"":0.0}}","{""Morphology"":194,""Novelty"":34}",0,0.8320126782884311,false,23000
40,265,266000,9.141058046000008,0.03383273,0.031276517,0.001005626,0.001550587,9.811481592,103.04291,44.912285,7557.459481537342,185,0.9635417,42,3.7765536259627135,69,0.372972972972973,"{""10"":9,""11"":5,""13"":2,""15"":1,""16"":1,""3"":69,""4"":30,""5"":24,""6"":17,""7"":7,""8"":3,""9"":17}","{""10"":4,""11"":7,""12"":2,""14"":1,""15"":2,""17"":20,""18"":2,""19"":2,""20"":3,""21"":2,""23"":1,""24"":1,""3"":69,""33"":2,""35"":1,""36"":1,""4"":4,""5"":26,""6"":3,""7"":13,""8"":13,""9"":6}",64,"{""count"":64,""unique_topologies"":64,""topology_entropy_bits"":6.0,""effective_topology_count"":64.0,""triangle_like_count"":0,""triangle_like_fraction"":0.0,""mean_nodes"":9.046875,""mean_muscles"":17.0625,""node_counts"":{""10"":10,""11"":9,""12"":4,""13"":3,""4"":2,""5"":3,""6"":2,""7"":4,""8"":13,""9"":14},""muscle_counts"":{""10"":3,""11"":5,""12"":3,""13"":4,""14"":5,""15"":3,""16"":3,""17"":2,""18"":6,""19"":5,""20"":5,""21"":1,""22"":2,""23"":1,""24"":2,""25"":2,""28"":1,""30"":1,""31"":1,""35"":1,""36"":2,""4"":1,""5"":1,""6"":2,""8"":2}}",109,3.7724732061853428,340,0.34,"{""10"":36,""11"":5,""12"":2,""13"":1,""15"":1,""16"":1,""3"":340,""4"":400,""5"":125,""6"":30,""7"":10,""8"":16,""9"":33}","{""10"":3,""11"":17,""12"":5,""13"":3,""14"":4,""15"":3,""16"":1,""17"":21,""18"":18,""19"":8,""20"":12,""21"":3,""22"":3,""23"":3,""24"":5,""3"":340,""33"":1,""35"":1,""36"":1,""4"":73,""5"":352,""6"":50,""7"":35,""8"":32,""9"":6}","{""Diagonal CMA-ES"":{""attempts"":304,""discoveries"":0,""improvements"":0,""insertions"":0,""insertion_rate"":0.0},""Immigrant"":{""attempts"":155,""discoveries"":0,""improvements"":0,""insertions"":0,""insertion_rate"":0.0},""Morphology"":{""attempts"":301,""discoveries"":0,""improvements"":2,""insertions"":2,""insertion_rate"":0.006644518272425249},""Novelty"":{""attempts"":240,""discoveries"":0,""improvements"":0,""insertions"":0,""insertion_rate"":0.0}}","{""Morphology"":209,""Novelty"":26}",0,0.8322784810126582,false,24000
40,266,267000,9.177714130000009,0.036656084,0.033592901,0.001035308,0.002027875,9.85088148,103.04291,44.912285,7557.459481537342,185,0.9635417,42,3.7765536259627135,69,0.372972972972973,"{""10"":9,""11"":5,""13"":2,""15"":1,""16"":1,""3"":69,""4"":30,""5"":24,""6"":17,""7"":7,""8"":3,""9"":17}","{""10"":4,""11"":7,""12"":2,""14"":1,""15"":2,""17"":20,""18"":2,""19"":2,""20"":3,""21"":2,""23"":1,""24"":1,""3"":69,""33"":2,""35"":1,""36"":1,""4"":4,""5"":26,""6"":3,""7"":13,""8"":13,""9"":6}",64,"{""count"":64,""unique_topologies"":64,""topology_entropy_bits"":6.0,""effective_topology_count"":64.0,""triangle_like_count"":0,""triangle_like_fraction"":0.0,""mean_nodes"":9.0625,""mean_muscles"":17.203125,""node_counts"":{""10"":10,""11"":9,""12"":4,""13"":3,""4"":2,""5"":3,""6"":2,""7"":4,""8"":12,""9"":15},""muscle_counts"":{""10"":3,""11"":4,""12"":3,""13"":4,""14"":5,""15"":3,""16"":3,""17"":2,""18"":6,""19"":5,""20"":6,""21"":1,""22"":2,""23"":1,""24"":2,""25"":2,""28"":1,""30"":1,""31"":1,""35"":1,""36"":2,""4"":1,""5"":1,""6"":2,""8"":2}}",108,4.17120153290478,282,0.282,"{""10"":29,""11"":12,""13"":1,""15"":2,""16"":1,""3"":282,""4"":376,""5"":143,""6"":38,""7"":12,""8"":59,""9"":45}","{""10"":7,""11"":17,""12"":11,""13"":2,""14"":5,""15"":43,""16"":2,""17"":24,""18"":16,""19"":9,""20"":14,""21"":2,""22"":6,""23"":2,""24"":6,""3"":282,""33"":1,""35"":2,""36"":1,""4"":72,""5"":324,""6"":61,""7"":37,""8"":43,""9"":11}","{""Diagonal CMA-ES"":{""attempts"":297,""discoveries"":0,""improvements"":0,""insertions"":0,""insertion_rate"":0.0},""Immigrant"":{""attempts"":148,""discoveries"":0,""improvements"":0,""insertions"":0,""insertion_rate"":0.0},""Morphology"":{""attempts"":293,""discoveries"":1,""improvements"":1,""insertions"":2,""insertion_rate"":0.006825938566552901},""Novelty"":{""attempts"":262,""discoveries"":0,""improvements"":0,""insertions"":0,""insertion_rate"":0.0}}","{""Morphology"":202,""Novelty"":32}",1,0.8309636650868878,false,25000
40,267,268000,9.212267542000008,0.034553412,0.032223968,0.00098663,0.001342814,9.887294172,103.04291,44.912285,7558.688378632069,185,0.9635417,42,3.7639871994499896,69,0.372972972972973,"{""10"":9,""11"":5,""13"":2,""15"":1,""16"":1,""3"":69,""4"":31,""5"":23,""6"":17,""7"":7,""8"":3,""9"":17}","{""10"":4,""11"":7,""12"":2,""14"":1,""15"":2,""17"":20,""18"":2,""19"":2,""20"":3,""21"":2,""23"":1,""24"":1,""3"":69,""33"":2,""35"":1,""36"":1,""4"":4,""5"":27,""6"":3,""7"":13,""8"":12,""9"":6}",64,"{""count"":64,""unique_topologies"":64,""topology_entropy_bits"":6.0,""effective_topology_count"":64.0,""triangle_like_count"":0,""triangle_like_fraction"":0.0,""mean_nodes"":9.0625,""mean_muscles"":17.203125,""node_counts"":{""10"":10,""11"":9,""12"":4,""13"":3,""4"":2,""5"":3,""6"":2,""7"":4,""8"":12,""9"":15},""muscle_counts"":{""10"":3,""11"":4,""12"":3,""13"":4,""14"":5,""15"":3,""16"":3,""17"":2,""18"":6,""19"":5,""20"":6,""21"":1,""22"":2,""23"":1,""24"":2,""25"":2,""28"":1,""30"":1,""31"":1,""35"":1,""36"":2,""4"":1,""5"":1,""6"":2,""8"":2}}",122,4.816256351842945,253,0.253,"{""10"":62,""11"":10,""13"":6,""14"":1,""15"":4,""16"":7,""3"":253,""4"":281,""5"":203,""6"":86,""7"":22,""8"":17,""9"":48}","{""10"":11,""11"":32,""12"":4,""13"":1,""14"":5,""15"":5,""16"":4,""17"":32,""18"":24,""19"":12,""20"":27,""21"":7,""22"":4,""24"":11,""25"":3,""27"":1,""3"":253,""33"":6,""34"":1,""35"":4,""36"":6,""4"":78,""43"":1,""5"":226,""6"":53,""7"":75,""8"":84,""9"":30}","{""Diagonal CMA-ES"":{""attempts"":295,""discoveries"":0,""improvements"":0,""insertions"":0,""insertion_rate"":0.0},""Immigrant"":{""attempts"":153,""discoveries"":0,""improvements"":0,""insertions"":0,""insertion_rate"":0.0},""Morphology"":{""attempts"":295,""discoveries"":0,""improvements"":3,""insertions"":3,""insertion_rate"":0.010169491525423728},""Novelty"":{""attempts"":257,""discoveries"":0,""improvements"":0,""insertions"":0,""insertion_rate"":0.0}}","{""Morphology"":187,""Novelty"":33}",0,0.8309636650868878,false,26000
40,268,269000,9.243479948000008,0.031212406,0.028822411,0.000968821,0.001421174,9.920305307,103.04291,45.04422,7570.485776245594,185,0.9635417,42,3.793937006545506,68,0.3675675675675676,"{""10"":10,""11"":5,""13"":2,""15"":1,""16"":1,""3"":68,""4"":31,""5"":23,""6"":18,""7"":6,""8"":3,""9"":17}","{""10"":4,""11"":7,""12"":2,""15"":2,""17"":20,""18"":2,""19"":3,""20"":3,""21"":2,""23"":1,""24"":1,""3"":68,""33"":2,""35"":1,""36"":1,""4"":4,""5"":27,""6"":3,""7"":13,""8"":13,""9"":6}",64,"{""count"":64,""unique_topologies"":64,""topology_entropy_bits"":6.0,""effective_topology_count"":64.0,""triangle_like_count"":0,""triangle_like_fraction"":0.0,""mean_nodes"":9.0625,""mean_muscles"":17.203125,""node_counts"":{""10"":10,""11"":9,""12"":4,""13"":3,""4"":2,""5"":3,""6"":2,""7"":4,""8"":12,""9"":15},""muscle_counts"":{""10"":3,""11"":4,""12"":3,""13"":4,""14"":5,""15"":3,""16"":3,""17"":2,""18"":6,""19"":5,""20"":6,""21"":1,""22"":2,""23"":1,""24"":2,""25"":2,""28"":1,""30"":1,""31"":1,""35"":1,""36"":2,""4"":1,""5"":1,""6"":2,""8"":2}}",141,4.986663008530452,255,0.255,"{""10"":55,""11"":14,""12"":5,""13"":6,""15"":5,""16"":8,""3"":255,""4"":262,""5"":202,""6"":97,""7"":28,""8"":16,""9"":47}","{""10"":9,""11"":25,""12"":10,""13"":2,""14"":9,""15"":13,""16"":2,""17"":38,""18"":34,""19"":11,""20"":15,""21"":5,""22"":6,""23"":2,""24"":3,""3"":255,""31"":2,""33"":6,""35"":5,""36"":8,""4"":90,""5"":199,""6"":48,""7"":86,""8"":81,""9"":36}","{""Diagonal CMA-ES"":{""attempts"":294,""discoveries"":0,""improvements"":0,""insertions"":0,""insertion_rate"":0.0},""Immigrant"":{""attempts"":158,""discoveries"":0,""improvements"":0,""insertions"":0,""insertion_rate"":0.0},""Morphology"":{""attempts"":280,""discoveries"":0,""improvements"":3,""insertions"":3,""insertion_rate"":0.010714285714285714},""Novelty"":{""attempts"":268,""discoveries"":0,""improvements"":0,""insertions"":0,""insertion_rate"":0.0}}","{""Morphology"":186,""Novelty"":37}",0,0.8309636650868878,false,27000
40,269,270000,9.297859749000008,0.054379801,0.051492336,0.001072114,0.001815351,9.977034736,103.04291,45.04422,7570.485776245594,185,0.9635417,42,3.793937006545506,68,0.3675675675675676,"{""10"":10,""11"":5,""13"":2,""15"":1,""16"":1,""3"":68,""4"":31,""5"":23,""6"":18,""7"":6,""8"":3,""9"":17}","{""10"":4,""11"":7,""12"":2,""15"":2,""17"":20,""18"":2,""19"":3,""20"":3,""21"":2,""23"":1,""24"":1,""3"":68,""33"":2,""35"":1,""36"":1,""4"":4,""5"":27,""6"":3,""7"":13,""8"":13,""9"":6}",64,"{""count"":64,""unique_topologies"":64,""topology_entropy_bits"":6.0,""effective_topology_count"":64.0,""triangle_like_count"":0,""triangle_like_fraction"":0.0,""mean_nodes"":9.125,""mean_muscles"":17.40625,""node_counts"":{""10"":10,""11"":9,""12"":4,""13"":4,""4"":2,""5"":3,""6"":2,""7"":4,""8"":12,""9"":14},""muscle_counts"":{""10"":3,""11"":4,""12"":3,""13"":4,""14"":5,""15"":3,""16"":3,""17"":2,""18"":6,""19"":5,""20"":5,""21"":1,""22"":2,""23"":1,""24"":2,""25"":2,""28"":1,""30"":1,""31"":1,""33"":1,""35"":1,""36"":2,""4"":1,""5"":1,""6"":2,""8"":2}}",162,5.168411452123626,256,0.256,"{""10"":54,""11"":24,""12"":7,""13"":11,""14"":2,""15"":5,""16"":7,""17"":1,""3"":256,""4"":233,""5"":203,""6"":97,""7"":34,""8"":17,""9"":49}","{""10"":16,""11"":37,""12"":8,""13"":7,""14"":3,""15"":12,""16"":3,""17"":37,""18"":36,""19"":17,""20"":18,""21"":2,""22"":5,""23"":1,""24"":3,""26"":1,""27"":1,""29"":1,""3"":256,""30"":1,""33"":8,""35"":5,""36"":7,""37"":2,""38"":1,""4"":86,""41"":1,""5"":162,""6"":60,""7"":78,""8"":94,""9"":31}","{""Diagonal CMA-ES"":{""attempts"":301,""discoveries"":0,""improvements"":0,""insertions"":0,""insertion_rate"":0.0},""Immigrant"":{""attempts"":139,""discoveries"":0,""improvements"":0,""insertions"":0,""insertion_rate"":0.0},""Morphology"":{""attempts"":304,""discoveries"":1,""improvements"":0,""insertions"":1,""insertion_rate"":0.003289473684210526},""Novelty"":{""attempts"":256,""discoveries"":0,""improvements"":0,""insertions"":0,""insertion_rate"":0.0}}","{""Morphology"":215,""Novelty"":44}",1,0.8296529968454258,false,28000
40,270,271000,9.331761343000007,0.033901594,0.031074681,0.001082799,0.001744114,10.013435555,103.04291,45.04422,7604.139638245106,185,0.9635417,42,3.7726879587712707,69,0.372972972972973,"{""10"":10,""11"":5,""13"":2,""15"":1,""16"":1,""3"":69,""4"":31,""5"":23,""6"":17,""7"":6,""8"":3,""9"":17}","{""10"":4,""11"":6,""12"":2,""15"":2,""17"":20,""18"":2,""19"":3,""20"":3,""21"":2,""23"":1,""24"":1,""3"":69,""33"":2,""35"":1,""36"":1,""4"":4,""5"":27,""6"":3,""7"":13,""8"":13,""9"":6}",64,"{""count"":64,""unique_topologies"":64,""topology_entropy_bits"":6.0,""effective_topology_count"":64.0,""triangle_like_count"":0,""triangle_like_fraction"":0.0,""mean_nodes"":9.125,""mean_muscles"":17.40625,""node_counts"":{""10"":10,""11"":9,""12"":4,""13"":4,""4"":2,""5"":3,""6"":2,""7"":4,""8"":12,""9"":14},""muscle_counts"":{""10"":3,""11"":4,""12"":3,""13"":4,""14"":5,""15"":3,""16"":3,""17"":2,""18"":6,""19"":5,""20"":5,""21"":1,""22"":2,""23"":1,""24"":2,""25"":2,""28"":1,""30"":1,""31"":1,""33"":1,""35"":1,""36"":2,""4"":1,""5"":1,""6"":2,""8"":2}}",143,5.106259246445985,252,0.252,"{""10"":59,""11"":14,""13"":10,""14"":20,""15"":7,""16"":6,""3"":252,""4"":233,""5"":208,""6"":102,""7"":23,""8"":16,""9"":50}","{""10"":10,""11"":38,""12"":8,""13"":4,""14"":4,""15"":7,""16"":1,""17"":44,""18"":30,""19"":13,""20"":15,""21"":5,""22"":5,""23"":1,""24"":5,""3"":252,""33"":8,""34"":12,""35"":7,""36"":7,""37"":2,""38"":4,""39"":1,""4"":95,""40"":1,""5"":159,""6"":63,""7"":87,""8"":77,""9"":35}","{""Diagonal CMA-ES"":{""attempts"":304,""discoveries"":0,""improvements"":0,""insertions"":0,""insertion_rate"":0.0},""Immigrant"":{""attempts"":142,""discoveries"":0,""improvements"":0,""insertions"":0,""insertion_rate"":0.0},""Morphology"":{""attempts"":306,""discoveries"":0,""improvements"":2,""insertions"":2,""insertion_rate"":0.006535947712418301},""Novelty"":{""attempts"":248,""discoveries"":0,""improvements"":2,""insertions"":2,""insertion_rate"":0.008064516129032258}}","{""Morphology"":212,""Novelty"":44}",0,0.8296529968454258,false,29000
40,271,272000,9.365043178000008,0.033281835,0.030910836,0.000993754,0.001377245,10.048948289,103.04291,45.04422,7604.139638245106,185,0.9635417,42,3.772687958771269,69,0.372972972972973,"{""10"":10,""11"":5,""13"":2,""15"":1,""16"":1,""3"":69,""4"":31,""5"":23,""6"":17,""7"":6,""8"":3,""9"":17}","{""10"":4,""11"":6,""12"":2,""15"":2,""17"":20,""18"":2,""19"":3,""20"":3,""21"":2,""23"":1,""24"":1,""3"":69,""33"":2,""35"":1,""36"":1,""4"":4,""5"":27,""6"":3,""7"":13,""8"":13,""9"":6}",64,"{""count"":64,""unique_topologies"":64,""topology_entropy_bits"":6.0,""effective_topology_count"":64.0,""triangle_like_count"":0,""triangle_like_fraction"":0.0,""mean_nodes"":9.125,""mean_muscles"":17.40625,""node_counts"":{""10"":10,""11"":9,""12"":4,""13"":4,""4"":2,""5"":3,""6"":2,""7"":4,""8"":12,""9"":14},""muscle_counts"":{""10"":3,""11"":4,""12"":3,""13"":4,""14"":5,""15"":3,""16"":3,""17"":2,""18"":6,""19"":5,""20"":5,""21"":1,""22"":2,""23"":1,""24"":2,""25"":2,""28"":1,""30"":1,""31"":1,""33"":1,""35"":1,""36"":2,""4"":1,""5"":1,""6"":2,""8"":2}}",113,4.890146908587657,255,0.255,"{""10"":58,""11"":15,""12"":1,""13"":9,""14"":15,""15"":6,""16"":6,""3"":255,""4"":218,""5"":246,""6"":98,""7"":23,""8"":6,""9"":44}","{""10"":13,""11"":27,""12"":6,""13"":6,""14"":4,""15"":8,""17"":38,""18"":31,""19"":14,""20"":15,""21"":4,""22"":7,""25"":1,""3"":255,""33"":9,""34"":7,""35"":8,""36"":6,""38"":3,""39"":1,""4"":91,""40"":1,""43"":1,""5"":156,""6"":63,""7"":102,""8"":92,""9"":31}","{""Diagonal CMA-ES"":{""attempts"":327,""discoveries"":0,""improvements"":0,""insertions"":0,""insertion_rate"":0.0},""Immigrant"":{""attempts"":152,""discoveries"":0,""improvements"":0,""insertions"":0,""insertion_rate"":0.0},""Morphology"":{""attempts"":288,""discoveries"":0,""improvements"":0,""insertions"":0,""insertion_rate"":0.0},""Novelty"":{""attempts"":233,""discoveries"":0,""improvements"":0,""insertions"":0,""insertion_rate"":0.0}}","{""Morphology"":196,""Novelty"":31}",0,0.8296529968454258,false,30000
40,272,273000,9.398283457000007,0.033240279000000005,0.030814666,0.000961697,0.001463916,10.084386225,103.04291,45.209072,7607.298638641834,185,0.9635417,42,3.772330655042823,68,0.3675675675675676,"{""10"":10,""11"":5,""13"":2,""15"":1,""16"":1,""3"":68,""4"":32,""5"":23,""6"":17,""7"":6,""8"":3,""9"":17}","{""10"":4,""11"":6,""12"":2,""15"":2,""17"":20,""18"":2,""19"":3,""20"":3,""21"":2,""23"":1,""24"":1,""3"":68,""33"":2,""35"":1,""36"":1,""4"":4,""5"":28,""6"":3,""7"":12,""8"":14,""9"":6}",64,"{""count"":64,""unique_topologies"":64,""topology_entropy_bits"":6.0,""effective_topology_count"":64.0,""triangle_like_count"":0,""triangle_like_fraction"":0.0,""mean_nodes"":9.125,""mean_muscles"":17.40625,""node_counts"":{""10"":10,""11"":9,""12"":4,""13"":4,""4"":2,""5"":3,""6"":2,""7"":4,""8"":12,""9"":14},""muscle_counts"":{""10"":3,""11"":4,""12"":3,""13"":4,""14"":5,""15"":3,""16"":3,""17"":2,""18"":6,""19"":5,""20"":5,""21"":1,""22"":2,""23"":1,""24"":2,""25"":2,""28"":1,""30"":1,""31"":1,""33"":1,""35"":1,""36"":2,""4"":1,""5"":1,""6"":2,""8"":2}}",135,4.975075966249586,257,0.257,"{""10"":54,""11"":16,""12"":3,""13"":5,""14"":4,""15"":5,""16"":7,""3"":257,""4"":231,""5"":243,""6"":89,""7"":20,""8"":21,""9"":45}","{""10"":10,""11"":33,""12"":9,""13"":5,""14"":3,""15"":9,""16"":4,""17"":36,""18"":30,""19"":9,""20"":21,""21"":3,""22"":5,""23"":2,""24"":2,""3"":257,""31"":1,""33"":5,""34"":3,""35"":5,""36"":7,""37"":1,""4"":101,""5"":151,""6"":73,""7"":108,""8"":81,""9"":26}","{""Diagonal CMA-ES"":{""attempts"":282,""discoveries"":0,""improvements"":0,""insertions"":0,""insertion_rate"":0.0},""Immigrant"":{""attempts"":166,""discoveries"":0,""improvements"":0,""insertions"":0,""insertion_rate"":0.0},""Morphology"":{""attempts"":286,""discoveries"":0,""improvements"":3,""insertions"":3,""insertion_rate"":0.01048951048951049},""Novelty"":{""attempts"":266,""discoveries"":0,""improvements"":0,""insertions"":0,""insertion_rate"":0.0}}","{""Morphology"":190,""Novelty"":26}",0,0.8299212598425196,false,31000
40,273,274000,9.430198733000006,0.031915276,0.029469479,0.000968821,0.001476976,10.118435042,103.04291,45.209072,7614.607930481434,185,0.9635417,42,3.746461320931973,69,0.372972972972973,"{""10"":10,""11"":5,""13"":2,""15"":1,""16"":1,""3"":69,""4"":32,""5"":22,""6"":17,""7"":6,""8"":3,""9"":17}","{""10"":4,""11"":6,""12"":2,""15"":2,""17"":20,""18"":2,""19"":3,""20"":3,""21"":2,""23"":1,""24"":1,""3"":69,""33"":2,""35"":1,""36"":1,""4"":4,""5"":28,""6"":3,""7"":12,""8"":13,""9"":6}",64,"{""count"":64,""unique_topologies"":64,""topology_entropy_bits"":6.0,""effective_topology_count"":64.0,""triangle_like_count"":0,""triangle_like_fraction"":0.0,""mean_nodes"":9.125,""mean_muscles"":17.40625,""node_counts"":{""10"":10,""11"":9,""12"":4,""13"":4,""4"":2,""5"":3,""6"":2,""7"":4,""8"":12,""9"":14},""muscle_counts"":{""10"":3,""11"":4,""12"":3,""13"":4,""14"":5,""15"":3,""16"":3,""17"":2,""18"":6,""19"":5,""20"":5,""21"":1,""22"":2,""23"":1,""24"":2,""25"":2,""28"":1,""30"":1,""31"":1,""33"":1,""35"":1,""36"":2,""4"":1,""5"":1,""6"":2,""8"":2}}",137,5.02267415880838,197,0.197,"{""10"":51,""11"":23,""12"":8,""13"":7,""15"":3,""16"":4,""3"":197,""4"":205,""5"":214,""6"":75,""7"":11,""8"":150,""9"":52}","{""10"":7,""11"":26,""12"":114,""13"":5,""14"":9,""15"":30,""16"":5,""17"":39,""18"":19,""19"":15,""20"":20,""21"":1,""22"":10,""23"":1,""24"":5,""26"":3,""29"":2,""3"":197,""30"":1,""31"":2,""33"":5,""35"":4,""36"":5,""4"":97,""5"":130,""6"":55,""7"":107,""8"":62,""9"":24}","{""Diagonal CMA-ES"":{""attempts"":313,""discoveries"":0,""improvements"":0,""insertions"":0,""insertion_rate"":0.0},""Immigrant"":{""attempts"":141,""discoveries"":0,""improvements"":0,""insertions"":0,""insertion_rate"":0.0},""Morphology"":{""attempts"":320,""discoveries"":0,""improvements"":1,""insertions"":1,""insertion_rate"":0.003125},""Novelty"":{""attempts"":226,""discoveries"":0,""improvements"":0,""insertions"":0,""insertion_rate"":0.0}}","{""Morphology"":213,""Novelty"":25}",0,0.8299212598425196,false,32000
40,274,275000,9.466131765000007,0.035933032000000004,0.03356797,0.001004439,0.001360623,10.15657404,103.04291,45.225746,7669.0656026005745,185,0.9635417,42,3.778271894840807,68,0.3675675675675676,"{""10"":10,""11"":5,""13"":2,""15"":1,""16"":1,""3"":68,""4"":34,""5"":21,""6"":17,""7"":6,""8"":3,""9"":17}","{""10"":4,""11"":6,""12"":2,""15"":2,""17"":20,""18"":2,""19"":3,""20"":3,""21"":2,""23"":1,""24"":1,""3"":68,""33"":2,""35"":1,""36"":1,""4"":5,""5"":29,""6"":3,""7"":11,""8"":13,""9"":6}",64,"{""count"":64,""unique_topologies"":64,""topology_entropy_bits"":6.0,""effective_topology_count"":64.0,""triangle_like_count"":0,""triangle_like_fraction"":0.0,""mean_nodes"":9.125,""mean_muscles"":17.40625,""node_counts"":{""10"":10,""11"":9,""12"":4,""13"":4,""4"":2,""5"":3,""6"":2,""7"":4,""8"":12,""9"":14},""muscle_counts"":{""10"":3,""11"":4,""12"":3,""13"":4,""14"":5,""15"":3,""16"":3,""17"":2,""18"":6,""19"":5,""20"":5,""21"":1,""22"":2,""23"":1,""24"":2,""25"":2,""28"":1,""30"":1,""31"":1,""33"":1,""35"":1,""36"":2,""4"":1,""5"":1,""6"":2,""8"":2}}",136,5.01506970207646,257,0.257,"{""10"":55,""11"":19,""12"":3,""13"":9,""15"":6,""16"":6,""3"":257,""4"":231,""5"":192,""6"":89,""7"":18,""8"":60,""9"":55}","{""10"":10,""11"":30,""12"":50,""13"":7,""14"":6,""15"":16,""16"":3,""17"":37,""18"":23,""19"":13,""20"":21,""21"":5,""22"":9,""24"":6,""25"":2,""29"":1,""3"":257,""33"":6,""35"":6,""36"":7,""4"":92,""5"":154,""6"":61,""7"":75,""8"":79,""9"":24}","{""Diagonal CMA-ES"":{""attempts"":335,""discoveries"":0,""improvements"":1,""insertions"":1,""insertion_rate"":0.0029850746268656717},""Immigrant"":{""attempts"":145,""discoveries"":0,""improvements"":0,""insertions"":0,""insertion_rate"":0.0},""Morphology"":{""attempts"":283,""discoveries"":0,""improvements"":1,""insertions"":1,""insertion_rate"":0.0035335689045936395},""Novelty"":{""attempts"":237,""discoveries"":0,""improvements"":0,""insertions"":0,""insertion_rate"":0.0}}","{""Morphology"":204,""Novelty"":29}",0,0.8299212598425196,false,33000
40,275,276000,9.520458138000008,0.054326373,0.052068167,0.000996127,0.001262079,10.213190677,103.04291,45.225746,7670.197083771229,185,0.9635417,42,3.778271894840806,68,0.3675675675675676,"{""10"":10,""11"":5,""13"":2,""15"":1,""16"":1,""3"":68,""4"":34,""5"":21,""6"":17,""7"":6,""8"":3,""9"":17}","{""10"":4,""11"":6,""12"":2,""15"":2,""17"":20,""18"":2,""19"":3,""20"":3,""21"":2,""23"":1,""24"":1,""3"":68,""33"":2,""35"":1,""36"":1,""4"":5,""5"":29,""6"":3,""7"":11,""8"":13,""9"":6}",64,"{""count"":64,""unique_topologies"":64,""topology_entropy_bits"":6.0,""effective_topology_count"":64.0,""triangle_like_count"":0,""triangle_like_fraction"":0.0,""mean_nodes"":9.125,""mean_muscles"":17.40625,""node_counts"":{""10"":10,""11"":9,""12"":4,""13"":4,""4"":2,""5"":3,""6"":2,""7"":4,""8"":12,""9"":14},""muscle_counts"":{""10"":3,""11"":4,""12"":3,""13"":4,""14"":5,""15"":3,""16"":3,""17"":2,""18"":6,""19"":5,""20"":5,""21"":1,""22"":2,""23"":1,""24"":2,""25"":2,""28"":1,""30"":1,""31"":1,""33"":1,""35"":1,""36"":2,""4"":1,""5"":1,""6"":2,""8"":2}}",141,4.799301502918413,258,0.258,"{""10"":57,""11"":18,""12"":3,""13"":4,""14"":3,""15"":3,""16"":2,""17"":1,""3"":258,""4"":262,""5"":162,""6"":67,""7"":27,""8"":33,""9"":100}","{""10"":17,""11"":22,""12"":25,""13"":2,""14"":6,""15"":12,""16"":2,""17"":96,""18"":27,""19"":15,""20"":8,""21"":3,""22"":3,""23"":2,""24"":12,""26"":1,""29"":1,""3"":258,""33"":3,""34"":1,""35"":3,""36"":2,""37"":2,""4"":88,""40"":1,""46"":1,""5"":206,""6"":50,""7"":54,""8"":54,""9"":23}","{""Diagonal CMA-ES"":{""attempts"":291,""discoveries"":0,""improvements"":0,""insertions"":0,""insertion_rate"":0.0},""Immigrant"":{""attempts"":144,""discoveries"":0,""improvements"":0,""insertions"":0,""insertion_rate"":0.0},""Morphology"":{""attempts"":309,""discoveries"":0,""improvements"":2,""insertions"":2,""insertion_rate"":0.006472491909385114},""Novelty"":{""attempts"":256,""discoveries"":0,""improvements"":0,""insertions"":0,""insertion_rate"":0.0}}","{""Morphology"":202,""Novelty"":31}",0,0.8299212598425196,false,34000
40,276,277000,9.554214885000007,0.033756747000000004,0.031167289,0.001197966,0.001391492,10.250280119,103.04291,45.26343,7688.659447968006,185,0.9635417,42,3.7861756392586017,67,0.3621621621621622,"{""10"":10,""11"":5,""13"":2,""15"":1,""16"":1,""3"":67,""4"":35,""5"":21,""6"":17,""7"":6,""8"":3,""9"":17}","{""10"":4,""11"":6,""12"":2,""15"":2,""17"":20,""18"":2,""19"":3,""20"":3,""21"":2,""23"":1,""24"":1,""3"":67,""33"":2,""35"":1,""36"":1,""4"":5,""5"":30,""6"":3,""7"":11,""8"":13,""9"":6}",64,"{""count"":64,""unique_topologies"":64,""topology_entropy_bits"":6.0,""effective_topology_count"":64.0,""triangle_like_count"":0,""triangle_like_fraction"":0.0,""mean_nodes"":9.125,""mean_muscles"":17.40625,""node_counts"":{""10"":10,""11"":9,""12"":4,""13"":4,""4"":2,""5"":3,""6"":2,""7"":4,""8"":12,""9"":14},""muscle_counts"":{""10"":3,""11"":4,""12"":3,""13"":4,""14"":5,""15"":3,""16"":3,""17"":2,""18"":6,""19"":5,""20"":5,""21"":1,""22"":2,""23"":1,""24"":2,""25"":2,""28"":1,""30"":1,""31"":1,""33"":1,""35"":1,""36"":2,""4"":1,""5"":1,""6"":2,""8"":2}}",124,4.516335441956772,284,0.284,"{""10"":55,""11"":12,""12"":7,""13"":4,""14"":2,""15"":2,""16"":1,""3"":284,""4"":251,""5"":154,""6"":27,""7"":27,""8"":84,""9"":90}","{""10"":21,""11"":9,""12"":82,""13"":4,""14"":6,""15"":4,""16"":1,""17"":83,""18"":23,""19"":18,""20"":6,""21"":6,""22"":5,""23"":1,""24"":5,""25"":1,""26"":3,""27"":1,""28"":1,""3"":284,""33"":2,""35"":2,""36"":3,""37"":1,""4"":98,""5"":175,""6"":60,""7"":49,""8"":38,""9"":8}","{""Diagonal CMA-ES"":{""attempts"":301,""discoveries"":0,""improvements"":0,""insertions"":0,""insertion_rate"":0.0},""Immigrant"":{""attempts"":143,""discoveries"":0,""improvements"":0,""insertions"":0,""insertion_rate"":0.0},""Morphology"":{""attempts"":319,""discoveries"":0,""improvements"":2,""insertions"":2,""insertion_rate"":0.006269592476489028},""Novelty"":{""attempts"":237,""discoveries"":0,""improvements"":0,""insertions"":0,""insertion_rate"":0.0}}","{""Morphology"":198,""Novelty"":27}",0,0.8299212598425196,false,35000
40,277,278000,9.592406123000007,0.038191237999999995,0.035889102,0.000979506,0.00132263,10.290671387,103.04291,45.26343,7688.659447968006,185,0.9635417,42,3.7861756392586017,67,0.3621621621621622,"{""10"":10,""11"":5,""13"":2,""15"":1,""16"":1,""3"":67,""4"":35,""5"":21,""6"":17,""7"":6,""8"":3,""9"":17}","{""10"":4,""11"":6,""12"":2,""15"":2,""17"":20,""18"":2,""19"":3,""20"":3,""21"":2,""23"":1,""24"":1,""3"":67,""33"":2,""35"":1,""36"":1,""4"":5,""5"":30,""6"":3,""7"":11,""8"":13,""9"":6}",64,"{""count"":64,""unique_topologies"":64,""topology_entropy_bits"":6.0,""effective_topology_count"":64.0,""triangle_like_count"":0,""triangle_like_fraction"":0.0,""mean_nodes"":9.125,""mean_muscles"":17.40625,""node_counts"":{""10"":10,""11"":9,""12"":4,""13"":4,""4"":2,""5"":3,""6"":2,""7"":4,""8"":12,""9"":14},""muscle_counts"":{""10"":3,""11"":4,""12"":3,""13"":4,""14"":5,""15"":3,""16"":3,""17"":2,""18"":6,""19"":5,""20"":5,""21"":1,""22"":2,""23"":1,""24"":2,""25"":2,""28"":1,""30"":1,""31"":1,""33"":1,""35"":1,""36"":2,""4"":1,""5"":1,""6"":2,""8"":2}}",129,4.487288032835979,259,0.259,"{""10"":48,""11"":18,""12"":2,""13"":5,""14"":5,""15"":1,""16"":3,""3"":259,""4"":332,""5"":156,""6"":43,""7"":26,""8"":22,""9"":80}","{""10"":12,""11"":18,""12"":18,""13"":4,""14"":7,""15"":6,""16"":1,""17"":78,""18"":20,""19"":19,""20"":8,""21"":5,""22"":4,""23"":3,""25"":3,""28"":1,""3"":259,""33"":5,""34"":3,""35"":1,""36"":2,""4"":93,""41"":1,""43"":1,""5"":267,""6"":62,""7"":43,""8"":38,""9"":18}","{""Diagonal CMA-ES"":{""attempts"":321,""discoveries"":0,""improvements"":0,""insertions"":0,""insertion_rate"":0.0},""Immigrant"":{""attempts"":161,""discoveries"":0,""improvements"":0,""insertions"":0,""insertion_rate"":0.0},""Morphology"":{""attempts"":274,""discoveries"":0,""improvements"":1,""insertions"":1,""insertion_rate"":0.0036496350364963502},""Novelty"":{""attempts"":244,""discoveries"":0,""improvements"":0,""insertions"":0,""insertion_rate"":0.0}}","{""Morphology"":180,""Novelty"":23}",0,0.8299212598425196,false,36000
40,278,279000,9.625221355000008,0.032815232,0.030244772,0.001105357,0.001465103,10.326616291,103.04291,45.26343,7688.659447968006,185,0.9635417,42,3.7861756392586017,67,0.3621621621621622,"{""10"":10,""11"":5,""13"":2,""15"":1,""16"":1,""3"":67,""4"":35,""5"":21,""6"":17,""7"":6,""8"":3,""9"":17}","{""10"":4,""11"":6,""12"":2,""15"":2,""17"":20,""18"":2,""19"":3,""20"":3,""21"":2,""23"":1,""24"":1,""3"":67,""33"":2,""35"":1,""36"":1,""4"":5,""5"":30,""6"":3,""7"":11,""8"":13,""9"":6}",64,"{""count"":64,""unique_topologies"":64,""topology_entropy_bits"":6.0,""effective_topology_count"":64.0,""triangle_like_count"":0,""triangle_like_fraction"":0.0,""mean_nodes"":9.125,""mean_muscles"":17.40625,""node_counts"":{""10"":10,""11"":9,""12"":4,""13"":4,""4"":2,""5"":3,""6"":2,""7"":4,""8"":12,""9"":14},""muscle_counts"":{""10"":3,""11"":4,""12"":3,""13"":4,""14"":5,""15"":3,""16"":3,""17"":2,""18"":6,""19"":5,""20"":5,""21"":1,""22"":2,""23"":1,""24"":2,""25"":2,""28"":1,""30"":1,""31"":1,""33"":1,""35"":1,""36"":2,""4"":1,""5"":1,""6"":2,""8"":2}}",134,4.654382690673217,260,0.26,"{""10"":58,""11"":18,""12"":7,""13"":4,""14"":3,""15"":3,""16"":3,""3"":260,""4"":282,""5"":163,""6"":63,""7"":26,""8"":24,""9"":86}","{""10"":15,""11"":20,""12"":17,""13"":1,""14"":2,""15"":7,""16"":4,""17"":90,""18"":24,""19"":23,""20"":13,""21"":5,""22"":3,""23"":1,""24"":3,""25"":2,""28"":1,""3"":260,""31"":1,""32"":1,""33"":2,""34"":1,""35"":3,""36"":4,""37"":2,""4"":68,""5"":234,""6"":58,""7"":63,""8"":49,""9"":23}","{""Diagonal CMA-ES"":{""attempts"":306,""discoveries"":0,""improvements"":0,""insertions"":0,""insertion_rate"":0.0},""Immigrant"":{""attempts"":133,""discoveries"":0,""improvements"":0,""insertions"":0,""insertion_rate"":0.0},""Morphology"":{""attempts"":281,""discoveries"":0,""improvements"":0,""insertions"":0,""insertion_rate"":0.0},""Novelty"":{""attempts"":280,""discoveries"":0,""improvements"":0,""insertions"":0,""insertion_rate"":0.0}}","{""Morphology"":164,""Novelty"":29}",0,0.8299212598425196,false,37000
40,279,280000,9.658906865000008,0.03368551,0.03133707,0.000980694,0.001367746,10.362485209,103.04291,45.26343,7688.659447968006,185,0.9635417,42,3.786175639258601,67,0.3621621621621622,"{""10"":10,""11"":5,""13"":2,""15"":1,""16"":1,""3"":67,""4"":35,""5"":21,""6"":17,""7"":6,""8"":3,""9"":17}","{""10"":4,""11"":6,""12"":2,""15"":2,""17"":20,""18"":2,""19"":3,""20"":3,""21"":2,""23"":1,""24"":1,""3"":67,""33"":2,""35"":1,""36"":1,""4"":5,""5"":30,""6"":3,""7"":11,""8"":13,""9"":6}",64,"{""count"":64,""unique_topologies"":64,""topology_entropy_bits"":6.0,""effective_topology_count"":64.0,""triangle_like_count"":0,""triangle_like_fraction"":0.0,""mean_nodes"":9.125,""mean_muscles"":17.40625,""node_counts"":{""10"":10,""11"":9,""12"":4,""13"":4,""4"":2,""5"":3,""6"":2,""7"":4,""8"":12,""9"":14},""muscle_counts"":{""10"":3,""11"":4,""12"":3,""13"":4,""14"":5,""15"":3,""16"":3,""17"":2,""18"":6,""19"":5,""20"":5,""21"":1,""22"":2,""23"":1,""24"":2,""25"":2,""28"":1,""30"":1,""31"":1,""33"":1,""35"":1,""36"":2,""4"":1,""5"":1,""6"":2,""8"":2}}",135,4.780041018531002,262,0.262,"{""10"":54,""11"":24,""12"":6,""13"":4,""14"":5,""15"":3,""16"":4,""3"":262,""4"":264,""5"":169,""6"":69,""7"":17,""8"":28,""9"":91}","{""10"":15,""11"":26,""12"":18,""13"":4,""14"":4,""15"":4,""16"":1,""17"":82,""18"":26,""19"":16,""20"":15,""21"":3,""22"":5,""23"":2,""24"":9,""25"":1,""26"":2,""28"":3,""3"":262,""30"":2,""33"":4,""34"":2,""35"":4,""36"":4,""37"":1,""38"":1,""4"":77,""5"":213,""6"":50,""7"":62,""8"":65,""9"":17}","{""Diagonal CMA-ES"":{""attempts"":311,""discoveries"":0,""improvements"":0,""insertions"":0,""insertion_rate"":0.0},""Immigrant"":{""attempts"":142,""discoveries"":0,""improvements"":0,""insertions"":0,""insertion_rate"":0.0},""Morphology"":{""attempts"":300,""discoveries"":0,""improvements"":1,""insertions"":1,""insertion_rate"":0.0033333333333333335},""Novelty"":{""attempts"":247,""discoveries"":0,""improvements"":0,""insertions"":0,""insertion_rate"":0.0}}","{""Morphology"":204,""Novelty"":29}",0,0.8299212598425196,false,38000
40,280,281000,9.715861878000007,0.056955013,0.053359928,0.001307196,0.002287889,10.422185212,103.04291,45.26343,7689.483769714832,185,0.9635417,42,3.7888255041000773,67,0.3621621621621622,"{""10"":11,""11"":5,""13"":2,""15"":1,""16"":1,""3"":67,""4"":35,""5"":21,""6"":16,""7"":6,""8"":3,""9"":17}","{""10"":4,""11"":6,""12"":2,""15"":2,""17"":20,""18"":2,""19"":4,""20"":3,""21"":2,""23"":1,""24"":1,""3"":67,""33"":2,""35"":1,""36"":1,""4"":5,""5"":30,""6"":3,""7"":11,""8"":13,""9"":5}",64,"{""count"":64,""unique_topologies"":64,""topology_entropy_bits"":6.0,""effective_topology_count"":64.0,""triangle_like_count"":0,""triangle_like_fraction"":0.0,""mean_nodes"":9.125,""mean_muscles"":17.40625,""node_counts"":{""10"":10,""11"":9,""12"":4,""13"":4,""4"":2,""5"":3,""6"":2,""7"":4,""8"":12,""9"":14},""muscle_counts"":{""10"":3,""11"":4,""12"":3,""13"":4,""14"":5,""15"":3,""16"":3,""17"":2,""18"":6,""19"":5,""20"":5,""21"":1,""22"":2,""23"":1,""24"":2,""25"":2,""28"":1,""30"":1,""31"":1,""33"":1,""35"":1,""36"":2,""4"":1,""5"":1,""6"":2,""8"":2}}",130,4.95983383664897,261,0.261,"{""10"":53,""11"":18,""12"":4,""13"":5,""14"":2,""15"":6,""16"":5,""17"":1,""3"":261,""4"":242,""5"":205,""6"":112,""7"":18,""8"":16,""9"":52}","{""10"":11,""11"":32,""12"":11,""13"":3,""14"":6,""15"":10,""16"":1,""17"":45,""18"":27,""19"":10,""20"":16,""21"":6,""22"":4,""24"":2,""26"":2,""27"":1,""28"":1,""3"":261,""31"":1,""33"":4,""34"":1,""35"":6,""36"":5,""37"":2,""4"":95,""40"":1,""5"":183,""6"":64,""7"":69,""8"":82,""9"":38}","{""Diagonal CMA-ES"":{""attempts"":300,""discoveries"":0,""improvements"":0,""insertions"":0,""insertion_rate"":0.0},""Immigrant"":{""attempts"":186,""discoveries"":0,""improvements"":0,""insertions"":0,""insertion_rate"":0.0},""Morphology"":{""attempts"":279,""discoveries"":0,""improvements"":1,""insertions"":1,""insertion_rate"":0.0035842293906810036},""Novelty"":{""attempts"":235,""discoveries"":0,""improvements"":0,""insertions"":0,""insertion_rate"":0.0}}","{""Morphology"":186,""Novelty"":28}",0,0.8299212598425196,false,39000
40,281,282000,9.749756349000007,0.033894471,0.031168476,0.001201528,0.001524467,10.459060944,103.04291,45.50167,7752.3885434269905,185,0.9635417,41,3.7888854802176835,66,0.3567567567567568,"{""10"":11,""11"":5,""13"":2,""15"":1,""16"":1,""3"":66,""4"":35,""5"":21,""6"":17,""7"":5,""8"":3,""9"":18}","{""10"":4,""11"":6,""12"":2,""15"":1,""17"":21,""18"":2,""19"":4,""20"":3,""21"":2,""23"":1,""24"":1,""3"":66,""33"":2,""35"":1,""36"":1,""4"":5,""5"":30,""6"":3,""7"":11,""8"":14,""9"":5}",64,"{""count"":64,""unique_topologies"":64,""topology_entropy_bits"":6.0,""effective_topology_count"":64.0,""triangle_like_count"":0,""triangle_like_fraction"":0.0,""mean_nodes"":9.203125,""mean_muscles"":17.5625,""node_counts"":{""10"":10,""11"":10,""12"":4,""13"":4,""4"":2,""5"":3,""6"":1,""7"":4,""8"":12,""9"":14},""muscle_counts"":{""10"":3,""11"":4,""12"":3,""13"":4,""14"":5,""15"":3,""16"":3,""17"":2,""18"":7,""19"":5,""20"":5,""21"":1,""22"":2,""23"":1,""24"":2,""25"":2,""28"":1,""30"":1,""31"":1,""33"":1,""35"":1,""36"":2,""4"":1,""5"":1,""6"":2,""8"":1}}",138,5.062315767216119,236,0.236,"{""10"":59,""11"":20,""12"":6,""13"":7,""14"":4,""15"":7,""16"":7,""3"":236,""4"":256,""5"":210,""6"":98,""7"":27,""8"":13,""9"":50}","{""10"":15,""11"":37,""12"":12,""13"":4,""14"":1,""15"":13,""16"":1,""17"":38,""18"":29,""19"":23,""20"":14,""21"":5,""22"":5,""23"":3,""24"":3,""25"":2,""29"":1,""3"":236,""30"":1,""31"":1,""33"":7,""35"":8,""36"":7,""37"":1,""39"":1,""4"":103,""41"":1,""5"":179,""6"":62,""7"":78,""8"":87,""9"":22}","{""Diagonal CMA-ES"":{""attempts"":262,""discoveries"":0,""improvements"":0,""insertions"":0,""insertion_rate"":0.0},""Immigrant"":{""attempts"":137,""discoveries"":0,""improvements"":0,""insertions"":0,""insertion_rate"":0.0},""Morphology"":{""attempts"":338,""discoveries"":1,""improvements"":3,""insertions"":4,""insertion_rate"":0.011834319526627219},""Novelty"":{""attempts"":263,""discoveries"":0,""improvements"":0,""insertions"":0,""insertion_rate"":0.0}}","{""Morphology"":223,""Novelty"":29}",1,0.8299212598425196,false,40000
40,282,283000,9.781009122000007,0.031252773,0.028438919,0.001101796,0.001712058,10.492858058,103.04291,45.955284,7780.820725739002,185,0.9635417,42,3.829296853357188,65,0.35135135135135137,"{""10"":11,""11"":5,""13"":2,""15"":1,""16"":1,""3"":65,""4"":35,""5"":21,""6"":17,""7"":6,""8"":3,""9"":18}","{""10"":5,""11"":6,""12"":2,""15"":1,""17"":21,""18"":2,""19"":4,""20"":3,""21"":2,""23"":1,""24"":1,""3"":65,""33"":2,""35"":1,""36"":1,""4"":5,""5"":30,""6"":3,""7"":11,""8"":14,""9"":5}",64,"{""count"":64,""unique_topologies"":64,""topology_entropy_bits"":6.0,""effective_topology_count"":64.0,""triangle_like_count"":0,""triangle_like_fraction"":0.0,""mean_nodes"":9.125,""mean_muscles"":17.421875,""node_counts"":{""10"":10,""11"":9,""12"":4,""13"":4,""4"":2,""5"":3,""6"":2,""7"":4,""8"":12,""9"":14},""muscle_counts"":{""10"":3,""11"":4,""12"":3,""13"":4,""14"":5,""15"":3,""16"":3,""17"":2,""18"":6,""19"":5,""20"":5,""21"":1,""22"":2,""23"":1,""24"":2,""25"":2,""28"":1,""30"":1,""31"":1,""33"":1,""35"":1,""36"":2,""4"":1,""5"":1,""6"":2,""8"":1,""9"":1}}",116,4.940870497384507,223,0.223,"{""10"":50,""11"":109,""12"":17,""13"":4,""15"":4,""16"":4,""3"":223,""4"":213,""5"":167,""6"":143,""7"":27,""8"":8,""9"":31}","{""10"":13,""11"":21,""12"":10,""13"":1,""14"":3,""15"":1,""17"":30,""18"":36,""19"":22,""20"":14,""21"":3,""22"":8,""23"":2,""24"":87,""25"":1,""27"":1,""3"":223,""33"":4,""35"":4,""36"":4,""4"":87,""5"":148,""6"":63,""7"":52,""8"":136,""9"":26}","{""Diagonal CMA-ES"":{""attempts"":290,""discoveries"":0,""improvements"":0,""insertions"":0,""insertion_rate"":0.0},""Immigrant"":{""attempts"":167,""discoveries"":0,""improvements"":0,""insertions"":0,""insertion_rate"":0.0},""Morphology"":{""attempts"":296,""discoveries"":1,""improvements"":3,""insertions"":4,""insertion_rate"":0.013513513513513514},""Novelty"":{""attempts"":247,""discoveries"":0,""improvements"":1,""insertions"":1,""insertion_rate"":0.004048582995951417}}","{""Morphology"":191,""Novelty"":24}",2,0.8299212598425196,false,41000
40,283,284000,9.816232159000007,0.035223037,0.031974639,0.00133569,0.001912708,10.531255883,103.04291,45.955284,7780.820725739002,185,0.9635417,42,3.829296853357188,65,0.35135135135135137,"{""10"":11,""11"":5,""13"":2,""15"":1,""16"":1,""3"":65,""4"":35,""5"":21,""6"":17,""7"":6,""8"":3,""9"":18}","{""10"":5,""11"":6,""12"":2,""15"":1,""17"":21,""18"":2,""19"":4,""20"":3,""21"":2,""23"":1,""24"":1,""3"":65,""33"":2,""35"":1,""36"":1,""4"":5,""5"":30,""6"":3,""7"":11,""8"":14,""9"":5}",64,"{""count"":64,""unique_topologies"":64,""topology_entropy_bits"":6.0,""effective_topology_count"":64.0,""triangle_like_count"":0,""triangle_like_fraction"":0.0,""mean_nodes"":9.25,""mean_muscles"":17.703125,""node_counts"":{""10"":10,""11"":9,""12"":4,""13"":5,""4"":2,""5"":3,""6"":1,""7"":4,""8"":11,""9"":15},""muscle_counts"":{""10"":3,""11"":4,""12"":3,""13"":4,""14"":5,""15"":3,""16"":3,""17"":3,""18"":6,""19"":4,""20"":5,""21"":1,""22"":2,""23"":1,""24"":2,""25"":2,""28"":1,""29"":1,""30"":1,""31"":1,""33"":1,""35"":1,""36"":2,""4"":1,""5"":1,""6"":2,""8"":1}}",134,5.180904390639754,228,0.228,"{""10"":61,""11"":89,""12"":7,""13"":6,""15"":4,""16"":6,""3"":228,""4"":210,""5"":159,""6"":93,""7"":45,""8"":40,""9"":52}","{""10"":24,""11"":26,""12"":35,""13"":9,""14"":2,""15"":11,""16"":2,""17"":43,""18"":33,""19"":13,""20"":17,""21"":3,""22"":6,""24"":79,""25"":1,""27"":4,""28"":1,""29"":1,""3"":228,""32"":1,""33"":5,""35"":4,""36"":5,""39"":1,""4"":75,""5"":153,""6"":40,""7"":64,""8"":76,""9"":38}","{""Diagonal CMA-ES"":{""attempts"":305,""discoveries"":0,""improvements"":0,""insertions"":0,""insertion_rate"":0.0},""Immigrant"":{""attempts"":129,""discoveries"":0,""improvements"":0,""insertions"":0,""insertion_rate"":0.0},""Morphology"":{""attempts"":326,""discoveries"":2,""improvements"":0,""insertions"":2,""insertion_rate"":0.006134969325153374},""Novelty"":{""attempts"":240,""discoveries"":0,""improvements"":0,""insertions"":0,""insertion_rate"":0.0}}","{""Morphology"":208,""Novelty"":32}",2,0.8299212598425196,false,42000
40,284,285000,9.869561218000007,0.053329059,0.050363233,0.000998503,0.001967323,10.586984434,103.04291,46.26012,7813.85488730669,185,0.9635417,42,3.8351363963920857,65,0.35135135135135137,"{""10"":11,""11"":5,""13"":2,""14"":1,""16"":1,""3"":65,""4"":36,""5"":20,""6"":17,""7"":6,""8"":3,""9"":18}","{""10"":5,""11"":6,""12"":2,""15"":1,""17"":21,""18"":2,""19"":4,""20"":3,""21"":2,""23"":1,""24"":1,""3"":65,""33"":2,""34"":1,""36"":1,""4"":5,""5"":31,""6"":3,""7"":10,""8"":14,""9"":5}",64,"{""count"":64,""unique_topologies"":64,""topology_entropy_bits"":6.0,""effective_topology_count"":64.0,""triangle_like_count"":0,""triangle_like_fraction"":0.0,""mean_nodes"":9.15625,""mean_muscles"":17.421875,""node_counts"":{""10"":10,""11"":9,""12"":4,""13"":4,""4"":2,""5"":3,""6"":1,""7"":5,""8"":11,""9"":15},""muscle_counts"":{""10"":3,""11"":5,""12"":3,""13"":4,""14"":5,""15"":3,""16"":3,""17"":3,""18"":6,""19"":4,""20"":5,""21"":1,""22"":2,""23"":1,""24"":2,""25"":2,""28"":1,""30"":1,""31"":1,""33"":1,""35"":1,""36"":2,""4"":1,""5"":1,""6"":2,""8"":1}}",132,4.995085159326657,243,0.243,"{""10"":58,""11"":69,""12"":8,""13"":10,""14"":17,""15"":4,""16"":7,""17"":1,""3"":243,""4"":239,""5"":172,""6"":84,""7"":28,""8"":15,""9"":45}","{""10"":19,""11"":27,""12"":12,""13"":1,""14"":3,""15"":7,""17"":43,""18"":24,""19"":13,""20"":17,""21"":6,""22"":5,""23"":1,""24"":63,""25"":4,""27"":1,""29"":5,""3"":243,""30"":5,""31"":1,""32"":2,""33"":5,""34"":7,""35"":5,""36"":7,""37"":1,""4"":97,""43"":1,""5"":167,""6"":41,""7"":71,""8"":72,""9"":24}","{""Diagonal CMA-ES"":{""attempts"":294,""discoveries"":0,""improvements"":0,""insertions"":0,""insertion_rate"":0.0},""Immigrant"":{""attempts"":161,""discoveries"":0,""improvements"":0,""insertions"":0,""insertion_rate"":0.0},""Morphology"":{""attempts"":286,""discoveries"":1,""improvements"":4,""insertions"":5,""insertion_rate"":0.017482517482517484},""Novelty"":{""attempts"":259,""discoveries"":0,""improvements"":0,""insertions"":0,""insertion_rate"":0.0}}","{""Morphology"":181,""Novelty"":33}",2,0.8286163522012578,false,43000
40,285,286000,9.901509738000007,0.03194852,0.029374496,0.001006814,0.00156721,10.621337196,103.04291,46.26012,7815.784017860889,185,0.9635417,42,3.846796775836248,65,0.35135135135135137,"{""10"":11,""11"":5,""13"":2,""14"":1,""16"":1,""3"":65,""4"":35,""5"":21,""6"":17,""7"":6,""8"":3,""9"":18}","{""10"":5,""11"":6,""12"":2,""15"":1,""17"":21,""18"":2,""19"":4,""20"":3,""21"":2,""23"":1,""24"":1,""3"":65,""33"":2,""34"":1,""36"":1,""4"":5,""5"":30,""6"":3,""7"":10,""8"":15,""9"":5}",64,"{""count"":64,""unique_topologies"":64,""topology_entropy_bits"":6.0,""effective_topology_count"":64.0,""triangle_like_count"":0,""triangle_like_fraction"":0.0,""mean_nodes"":9.15625,""mean_muscles"":17.421875,""node_counts"":{""10"":10,""11"":9,""12"":4,""13"":4,""4"":2,""5"":3,""6"":1,""7"":5,""8"":11,""9"":15},""muscle_counts"":{""10"":3,""11"":5,""12"":3,""13"":4,""14"":5,""15"":3,""16"":3,""17"":3,""18"":6,""19"":4,""20"":5,""21"":1,""22"":2,""23"":1,""24"":2,""25"":2,""28"":1,""30"":1,""31"":1,""33"":1,""35"":1,""36"":2,""4"":1,""5"":1,""6"":2,""8"":1}}",129,4.987810976321641,253,0.253,"{""10"":50,""11"":87,""12"":5,""13"":3,""14"":6,""15"":1,""16"":5,""3"":253,""4"":211,""5"":171,""6"":78,""7"":34,""8"":46,""9"":50}","{""10"":16,""11"":41,""12"":20,""13"":6,""14"":1,""15"":19,""16"":1,""17"":47,""18"":22,""19"":19,""20"":12,""21"":2,""22"":8,""24"":72,""25"":3,""27"":2,""3"":253,""32"":1,""33"":3,""34"":5,""35"":1,""36"":5,""37"":1,""4"":78,""5"":154,""6"":56,""7"":60,""8"":71,""9"":21}","{""Diagonal CMA-ES"":{""attempts"":304,""discoveries"":0,""improvements"":0,""insertions"":0,""insertion_rate"":0.0},""Immigrant"":{""attempts"":147,""discoveries"":0,""improvements"":0,""insertions"":0,""insertion_rate"":0.0},""Morphology"":{""attempts"":295,""discoveries"":0,""improvements"":2,""insertions"":2,""insertion_rate"":0.006779661016949152},""Novelty"":{""attempts"":254,""discoveries"":0,""improvements"":0,""insertions"":0,""insertion_rate"":0.0}}","{""Morphology"":183,""Novelty"":33}",0,0.8275862068965517,false,44000
40,286,287000,9.936321976000007,0.034812238,0.032341509,0.001006813,0.001463916,10.658413577,103.04291,46.26012,7820.138227760792,185,0.9635417,42,3.8351363963920853,65,0.35135135135135137,"{""10"":11,""11"":5,""13"":2,""14"":1,""16"":1,""3"":65,""4"":36,""5"":20,""6"":17,""7"":6,""8"":3,""9"":18}","{""10"":5,""11"":6,""12"":2,""15"":1,""17"":21,""18"":2,""19"":4,""20"":3,""21"":2,""23"":1,""24"":1,""3"":65,""33"":2,""34"":1,""36"":1,""4"":5,""5"":31,""6"":3,""7"":10,""8"":14,""9"":5}",64,"{""count"":64,""unique_topologies"":64,""topology_entropy_bits"":6.0,""effective_topology_count"":64.0,""triangle_like_count"":0,""triangle_like_fraction"":0.0,""mean_nodes"":9.171875,""mean_muscles"":17.421875,""node_counts"":{""10"":10,""11"":9,""12"":4,""13"":4,""4"":2,""5"":3,""6"":1,""7"":4,""8"":12,""9"":15},""muscle_counts"":{""10"":3,""11"":5,""12"":3,""13"":4,""14"":5,""15"":3,""16"":3,""17"":3,""18"":6,""19"":4,""20"":5,""21"":1,""22"":2,""23"":1,""24"":2,""25"":2,""28"":1,""30"":1,""31"":1,""33"":1,""35"":1,""36"":2,""4"":1,""5"":1,""6"":2,""8"":1}}",127,5.0875697530684505,246,0.246,"{""10"":74,""11"":23,""12"":1,""13"":6,""14"":8,""16"":7,""3"":246,""4"":236,""5"":182,""6"":107,""7"":28,""8"":30,""9"":52}","{""10"":14,""11"":42,""12"":15,""13"":7,""14"":1,""15"":6,""16"":3,""17"":47,""18"":33,""19"":17,""20"":23,""21"":4,""22"":2,""24"":19,""27"":1,""3"":246,""33"":6,""34"":7,""36"":7,""37"":1,""4"":91,""5"":172,""6"":50,""7"":63,""8"":87,""9"":36}","{""Diagonal CMA-ES"":{""attempts"":304,""discoveries"":0,""improvements"":0,""insertions"":0,""insertion_rate"":0.0},""Immigrant"":{""attempts"":140,""discoveries"":0,""improvements"":0,""insertions"":0,""insertion_rate"":0.0},""Morphology"":{""attempts"":292,""discoveries"":1,""improvements"":2,""insertions"":3,""insertion_rate"":0.010273972602739725},""Novelty"":{""attempts"":264,""discoveries"":0,""improvements"":0,""insertions"":0,""insertion_rate"":0.0}}","{""Morphology"":191,""Novelty"":33}",1,0.8265625,false,45000
40,287,288000,9.986826495000008,0.050504519000000005,0.048069408,0.001006813,0.001428298,10.711114565,103.04291,46.26012,7825.26729041338,185,0.9635417,42,3.8351363963920853,65,0.35135135135135137,"{""10"":11,""11"":5,""13"":2,""14"":1,""16"":1,""3"":65,""4"":36,""5"":20,""6"":17,""7"":6,""8"":3,""9"":18}","{""10"":5,""11"":6,""12"":2,""15"":1,""17"":21,""18"":2,""19"":4,""20"":3,""21"":2,""23"":1,""24"":1,""3"":65,""33"":2,""34"":1,""36"":1,""4"":5,""5"":31,""6"":3,""7"":10,""8"":14,""9"":5}",64,"{""count"":64,""unique_topologies"":64,""topology_entropy_bits"":6.0,""effective_topology_count"":64.0,""triangle_like_count"":0,""triangle_like_fraction"":0.0,""mean_nodes"":9.171875,""mean_muscles"":17.421875,""node_counts"":{""10"":10,""11"":9,""12"":4,""13"":4,""4"":2,""5"":3,""6"":1,""7"":4,""8"":12,""9"":15},""muscle_counts"":{""10"":3,""11"":5,""12"":3,""13"":4,""14"":5,""15"":3,""16"":3,""17"":3,""18"":6,""19"":4,""20"":5,""21"":1,""22"":2,""23"":1,""24"":2,""25"":2,""28"":1,""30"":1,""31"":1,""33"":1,""35"":1,""36"":2,""4"":1,""5"":1,""6"":2,""8"":1}}",134,5.102889632748673,257,0.257,"{""10"":68,""11"":19,""12"":2,""13"":4,""14"":9,""15"":1,""16"":5,""17"":1,""3"":257,""4"":228,""5"":185,""6"":96,""7"":31,""8"":29,""9"":65}","{""10"":22,""11"":44,""12"":21,""13"":7,""14"":2,""15"":10,""16"":1,""17"":44,""18"":39,""19"":22,""20"":10,""21"":2,""22"":5,""24"":11,""3"":257,""33"":4,""34"":7,""35"":1,""36"":5,""37"":2,""4"":85,""40"":1,""5"":161,""6"":60,""7"":66,""8"":83,""9"":28}","{""Diagonal CMA-ES"":{""attempts"":282,""discoveries"":0,""improvements"":0,""insertions"":0,""insertion_rate"":0.0},""Immigrant"":{""attempts"":128,""discoveries"":0,""improvements"":0,""insertions"":0,""insertion_rate"":0.0},""Morphology"":{""attempts"":303,""discoveries"":0,""improvements"":2,""insertions"":2,""insertion_rate"":0.006600660066006601},""Novelty"":{""attempts"":287,""discoveries"":0,""improvements"":0,""insertions"":0,""insertion_rate"":0.0}}","{""Morphology"":209,""Novelty"":42}",0,0.8255451713395638,false,46000
40,288,289000,10.017543806000008,0.030717311,0.02836887,0.00097357,0.001374871,10.743955919,103.04291,46.26012,7825.26729041338,185,0.9635417,42,3.835136396392085,65,0.35135135135135137,"{""10"":11,""11"":5,""13"":2,""14"":1,""16"":1,""3"":65,""4"":36,""5"":20,""6"":17,""7"":6,""8"":3,""9"":18}","{""10"":5,""11"":6,""12"":2,""15"":1,""17"":21,""18"":2,""19"":4,""20"":3,""21"":2,""23"":1,""24"":1,""3"":65,""33"":2,""34"":1,""36"":1,""4"":5,""5"":31,""6"":3,""7"":10,""8"":14,""9"":5}",64,"{""count"":64,""unique_topologies"":64,""topology_entropy_bits"":6.0,""effective_topology_count"":64.0,""triangle_like_count"":0,""triangle_like_fraction"":0.0,""mean_nodes"":9.171875,""mean_muscles"":17.421875,""node_counts"":{""10"":10,""11"":9,""12"":4,""13"":4,""4"":2,""5"":3,""6"":1,""7"":4,""8"":12,""9"":15},""muscle_counts"":{""10"":3,""11"":5,""12"":3,""13"":4,""14"":5,""15"":3,""16"":3,""17"":3,""18"":6,""19"":4,""20"":5,""21"":1,""22"":2,""23"":1,""24"":2,""25"":2,""28"":1,""30"":1,""31"":1,""33"":1,""35"":1,""36"":2,""4"":1,""5"":1,""6"":2,""8"":1}}",137,5.112541961757339,247,0.247,"{""10"":70,""11"":23,""12"":1,""13"":7,""14"":6,""15"":1,""16"":7,""3"":247,""4"":238,""5"":194,""6"":102,""7"":26,""8"":23,""9"":55}","{""10"":18,""11"":43,""12"":15,""13"":5,""14"":1,""15"":9,""16"":5,""17"":39,""18"":34,""19"":25,""20"":11,""21"":4,""22"":5,""23"":1,""24"":9,""26"":1,""3"":247,""33"":7,""34"":6,""36"":7,""38"":1,""4"":84,""5"":180,""6"":59,""7"":73,""8"":80,""9"":31}","{""Diagonal CMA-ES"":{""attempts"":300,""discoveries"":0,""improvements"":0,""insertions"":0,""insertion_rate"":0.0},""Immigrant"":{""attempts"":134,""discoveries"":0,""improvements"":0,""insertions"":0,""insertion_rate"":0.0},""Morphology"":{""attempts"":328,""discoveries"":0,""improvements"":0,""insertions"":0,""insertion_rate"":0.0},""Novelty"":{""attempts"":238,""discoveries"":0,""improvements"":0,""insertions"":0,""insertion_rate"":0.0}}","{""Morphology"":215,""Novelty"":27}",0,0.8255451713395638,false,47000
40,289,290000,10.049385470000008,0.031841664000000006,0.029456418,0.000998503,0.001386743,10.778115154,103.04291,46.26012,7828.351354897022,185,0.9635417,42,3.864700550953941,64,0.34594594594594597,"{""10"":11,""11"":5,""13"":2,""14"":1,""16"":1,""3"":64,""4"":35,""5"":22,""6"":17,""7"":6,""8"":3,""9"":18}","{""10"":5,""11"":6,""12"":2,""15"":1,""17"":21,""18"":2,""19"":4,""20"":3,""21"":2,""23"":1,""24"":1,""3"":64,""33"":2,""34"":1,""36"":1,""4"":5,""5"":30,""6"":3,""7"":10,""8"":16,""9"":5}",64,"{""count"":64,""unique_topologies"":64,""topology_entropy_bits"":6.0,""effective_topology_count"":64.0,""triangle_like_count"":0,""triangle_like_fraction"":0.0,""mean_nodes"":9.234375,""mean_muscles"":17.5,""node_counts"":{""10"":10,""11"":9,""12"":4,""13"":4,""4"":2,""5"":2,""6"":1,""7"":4,""8"":12,""9"":16},""muscle_counts"":{""10"":3,""11"":5,""12"":3,""13"":5,""14"":5,""15"":3,""16"":3,""17"":3,""18"":6,""19"":4,""20"":5,""21"":1,""22"":2,""23"":1,""24"":2,""25"":2,""28"":1,""30"":1,""31"":1,""33"":1,""35"":1,""36"":2,""4"":1,""5"":1,""6"":2}}",133,4.97658210198682,263,0.263,"{""10"":68,""11"":27,""12"":2,""13"":7,""14"":6,""16"":6,""3"":263,""4"":253,""5"":163,""6"":104,""7"":27,""8"":18,""9"":56}","{""10"":20,""11"":34,""12"":4,""13"":6,""14"":4,""15"":6,""16"":1,""17"":54,""18"":26,""19"":22,""20"":20,""21"":8,""22"":5,""23"":1,""24"":12,""25"":1,""26"":1,""3"":263,""33"":7,""34"":6,""36"":6,""4"":87,""5"":185,""6"":42,""7"":66,""8"":79,""9"":34}","{""Diagonal CMA-ES"":{""attempts"":295,""discoveries"":0,""improvements"":0,""insertions"":0,""insertion_rate"":0.0},""Immigrant"":{""attempts"":154,""discoveries"":0,""improvements"":0,""insertions"":0,""insertion_rate"":0.0},""Morphology"":{""attempts"":292,""discoveries"":1,""improvements"":2,""insertions"":3,""insertion_rate"":0.010273972602739725},""Novelty"":{""attempts"":259,""discoveries"":0,""improvements"":0,""insertions"":0,""insertion_rate"":0.0}}","{""Morphology"":184,""Novelty"":18}",1,0.8258164852255054,false,48000
40,290,291000,10.083835588000008,0.034450117999999995,0.031542469,0.001076863,0.001830786,10.81512861,103.04291,46.26012,7828.351354897022,185,0.9635417,42,3.864700550953942,64,0.34594594594594597,"{""10"":11,""11"":5,""13"":2,""14"":1,""16"":1,""3"":64,""4"":35,""5"":22,""6"":17,""7"":6,""8"":3,""9"":18}","{""10"":5,""11"":6,""12"":2,""15"":1,""17"":21,""18"":2,""19"":4,""20"":3,""21"":2,""23"":1,""24"":1,""3"":64,""33"":2,""34"":1,""36"":1,""4"":5,""5"":30,""6"":3,""7"":10,""8"":16,""9"":5}",64,"{""count"":64,""unique_topologies"":64,""topology_entropy_bits"":6.0,""effective_topology_count"":64.0,""triangle_like_count"":0,""triangle_like_fraction"":0.0,""mean_nodes"":9.15625,""mean_muscles"":17.359375,""node_counts"":{""10"":10,""11"":9,""12"":4,""13"":4,""4"":3,""5"":2,""6"":1,""7"":4,""8"":12,""9"":15},""muscle_counts"":{""10"":3,""11"":5,""12"":3,""13"":4,""14"":5,""15"":3,""16"":3,""17"":3,""18"":6,""19"":4,""20"":5,""21"":1,""22"":2,""23"":1,""24"":2,""25"":2,""28"":1,""30"":1,""31"":1,""33"":1,""35"":1,""36"":2,""4"":2,""5"":1,""6"":2}}",117,4.967224322511512,262,0.262,"{""10"":78,""11"":15,""12"":2,""13"":4,""14"":8,""16"":6,""3"":262,""4"":229,""5"":189,""6"":91,""7"":19,""8"":39,""9"":58}","{""10"":12,""11"":33,""12"":32,""13"":8,""14"":10,""15"":16,""17"":48,""18"":32,""19"":19,""20"":14,""21"":2,""22"":5,""23"":1,""24"":8,""3"":262,""33"":4,""34"":7,""36"":6,""4"":100,""41"":1,""5"":154,""6"":59,""7"":62,""8"":77,""9"":28}","{""Diagonal CMA-ES"":{""attempts"":291,""discoveries"":0,""improvements"":0,""insertions"":0,""insertion_rate"":0.0},""Immigrant"":{""attempts"":162,""discoveries"":0,""improvements"":0,""insertions"":0,""insertion_rate"":0.0},""Morphology"":{""attempts"":298,""discoveries"":1,""improvements"":0,""insertions"":1,""insertion_rate"":0.003355704697986577},""Novelty"":{""attempts"":249,""discoveries"":0,""improvements"":0,""insertions"":0,""insertion_rate"":0.0}}","{""Morphology"":199,""Novelty"":30}",1,0.8258164852255054,false,49000
40,291,292000,10.117331135000008,0.033495547,0.030843163,0.001029372,0.001623012,10.851397643,103.04291,46.26012,7830.425421059132,185,0.9635417,42,3.864700550953941,64,0.34594594594594597,"{""10"":11,""11"":5,""13"":2,""14"":1,""16"":1,""3"":64,""4"":35,""5"":22,""6"":17,""7"":6,""8"":3,""9"":18}","{""10"":5,""11"":6,""12"":2,""15"":1,""17"":21,""18"":2,""19"":4,""20"":3,""21"":2,""23"":1,""24"":1,""3"":64,""33"":2,""34"":1,""36"":1,""4"":5,""5"":30,""6"":3,""7"":10,""8"":16,""9"":5}",64,"{""count"":64,""unique_topologies"":64,""topology_entropy_bits"":6.0,""effective_topology_count"":64.0,""triangle_like_count"":0,""triangle_like_fraction"":0.0,""mean_nodes"":9.25,""mean_muscles"":17.578125,""node_counts"":{""10"":11,""11"":9,""12"":4,""13"":4,""4"":2,""5"":2,""6"":1,""7"":4,""8"":12,""9"":15},""muscle_counts"":{""10"":3,""11"":5,""12"":3,""13"":4,""14"":5,""15"":3,""16"":3,""17"":3,""18"":7,""19"":4,""20"":5,""21"":1,""22"":2,""23"":1,""24"":2,""25"":2,""28"":1,""30"":1,""31"":1,""33"":1,""35"":1,""36"":2,""4"":1,""5"":1,""6"":2}}",119,5.070462507899518,235,0.235,"{""10"":60,""11"":21,""12"":3,""13"":7,""14"":7,""16"":6,""3"":235,""4"":250,""5"":209,""6"":102,""7"":27,""8"":23,""9"":50}","{""10"":16,""11"":35,""12"":15,""13"":1,""14"":2,""15"":9,""17"":51,""18"":28,""19"":20,""20"":15,""21"":3,""22"":3,""23"":2,""24"":8,""25"":1,""27"":1,""3"":235,""31"":1,""33"":6,""34"":7,""36"":6,""4"":108,""40"":1,""5"":178,""6"":69,""7"":58,""8"":85,""9"":36}","{""Diagonal CMA-ES"":{""attempts"":307,""discoveries"":0,""improvements"":0,""insertions"":0,""insertion_rate"":0.0},""Immigrant"":{""attempts"":153,""discoveries"":0,""improvements"":0,""insertions"":0,""insertion_rate"":0.0},""Morphology"":{""attempts"":282,""discoveries"":1,""improvements"":2,""insertions"":3,""insertion_rate"":0.010638297872340425},""Novelty"":{""attempts"":258,""discoveries"":0,""improvements"":0,""insertions"":0,""insertion_rate"":0.0}}","{""Morphology"":196,""Novelty"":31}",1,0.8258164852255054,false,50000
40,292,293000,10.170498727000007,0.053167592,0.050540141,0.001083987,0.001543464,10.907287668,103.04291,46.28072,7830.845194160938,185,0.9635417,42,3.846796775836249,65,0.35135135135135137,"{""10"":11,""11"":5,""13"":2,""14"":1,""16"":1,""3"":65,""4"":35,""5"":21,""6"":17,""7"":6,""8"":3,""9"":18}","{""10"":5,""11"":6,""12"":2,""15"":1,""17"":21,""18"":2,""19"":4,""20"":3,""21"":2,""23"":1,""24"":1,""3"":65,""33"":2,""34"":1,""36"":1,""4"":5,""5"":30,""6"":3,""7"":10,""8"":15,""9"":5}",64,"{""count"":64,""unique_topologies"":64,""topology_entropy_bits"":6.0,""effective_topology_count"":64.0,""triangle_like_count"":0,""triangle_like_fraction"":0.0,""mean_nodes"":9.171875,""mean_muscles"":17.390625,""node_counts"":{""10"":10,""11"":9,""12"":4,""13"":4,""4"":2,""5"":2,""6"":2,""7"":5,""8"":11,""9"":15},""muscle_counts"":{""10"":2,""11"":4,""12"":3,""13"":4,""14"":5,""15"":3,""16"":3,""17"":3,""18"":6,""19"":4,""20"":5,""21"":1,""22"":2,""23"":1,""24"":2,""25"":2,""28"":1,""30"":1,""31"":1,""33"":1,""35"":1,""36"":2,""4"":1,""5"":1,""6"":2,""9"":3}}",135,5.109974838697326,253,0.253,"{""10"":72,""11"":35,""12"":2,""13"":7,""14"":6,""15"":1,""16"":6,""17"":1,""3"":253,""4"":243,""5"":171,""6"":107,""7"":33,""8"":23,""9"":40}","{""10"":22,""11"":37,""12"":14,""13"":1,""14"":2,""15"":6,""16"":2,""17"":37,""18"":37,""19"":28,""20"":20,""21"":7,""22"":5,""23"":2,""24"":8,""25"":1,""27"":1,""3"":253,""33"":7,""34"":5,""36"":6,""37"":2,""4"":92,""42"":1,""5"":179,""6"":44,""7"":61,""8"":86,""9"":34}","{""Diagonal CMA-ES"":{""attempts"":309,""discoveries"":0,""improvements"":0,""insertions"":0,""insertion_rate"":0.0},""Immigrant"":{""attempts"":161,""discoveries"":0,""improvements"":0,""insertions"":0,""insertion_rate"":0.0},""Morphology"":{""attempts"":278,""discoveries"":3,""improvements"":1,""insertions"":4,""insertion_rate"":0.014388489208633094},""Novelty"":{""attempts"":252,""discoveries"":0,""improvements"":0,""insertions"":0,""insertion_rate"":0.0}}","{""Morphology"":198,""Novelty"":39}",3,0.8245341614906833,false,51000
40,293,294000,10.222033810000006,0.051535083,0.049109469,0.00102581,0.001399804,10.961045339,103.04291,46.28072,7843.422224342823,185,0.9635417,42,3.8494466406777246,65,0.35135135135135137,"{""10"":11,""11"":5,""13"":2,""14"":1,""16"":1,""3"":65,""4"":34,""5"":21,""6"":18,""7"":6,""8"":3,""9"":18}","{""10"":5,""11"":6,""12"":2,""15"":1,""17"":21,""18"":2,""19"":4,""20"":3,""21"":2,""23"":1,""24"":1,""3"":65,""33"":2,""34"":1,""36"":1,""4"":4,""5"":30,""6"":3,""7"":10,""8"":16,""9"":5}",64,"{""count"":64,""unique_topologies"":64,""topology_entropy_bits"":6.0,""effective_topology_count"":64.0,""triangle_like_count"":0,""triangle_like_fraction"":0.0,""mean_nodes"":9.171875,""mean_muscles"":17.4375,""node_counts"":{""10"":10,""11"":9,""12"":4,""13"":4,""4"":2,""5"":2,""6"":2,""7"":5,""8"":11,""9"":15},""muscle_counts"":{""10"":2,""11"":4,""12"":4,""13"":4,""14"":5,""15"":3,""16"":3,""17"":3,""18"":6,""19"":4,""20"":5,""21"":1,""22"":2,""23"":1,""24"":2,""25"":2,""28"":1,""30"":1,""31"":1,""33"":1,""35"":1,""36"":2,""4"":1,""5"":1,""6"":2,""9"":2}}",127,4.987911269343691,259,0.259,"{""10"":70,""11"":15,""12"":2,""13"":5,""14"":6,""15"":2,""16"":5,""17"":1,""3"":259,""4"":249,""5"":175,""6"":99,""7"":35,""8"":29,""9"":48}","{""10"":23,""11"":34,""12"":14,""13"":3,""14"":2,""15"":6,""17"":47,""18"":41,""19"":18,""20"":13,""21"":1,""22"":2,""23"":1,""24"":11,""3"":259,""33"":5,""34"":6,""36"":5,""38"":2,""4"":94,""40"":1,""5"":175,""6"":55,""7"":62,""8"":83,""9"":37}","{""Diagonal CMA-ES"":{""attempts"":320,""discoveries"":0,""improvements"":0,""insertions"":0,""insertion_rate"":0.0},""Immigrant"":{""attempts"":159,""discoveries"":0,""improvements"":0,""insertions"":0,""insertion_rate"":0.0},""Morphology"":{""attempts"":293,""discoveries"":1,""improvements"":3,""insertions"":4,""insertion_rate"":0.013651877133105802},""Novelty"":{""attempts"":228,""discoveries"":0,""improvements"":0,""insertions"":0,""insertion_rate"":0.0}}","{""Morphology"":197,""Novelty"":21}",1,0.8232558139534883,false,52000
40,294,295000,10.255908100000006,0.03387429,0.030153354,0.001078051,0.002642885,10.997162401,103.04291,46.28072,7843.422224342823,185,0.9635417,42,3.8494466406777237,65,0.35135135135135137,"{""10"":11,""11"":5,""13"":2,""14"":1,""16"":1,""3"":65,""4"":34,""5"":21,""6"":18,""7"":6,""8"":3,""9"":18}","{""10"":5,""11"":6,""12"":2,""15"":1,""17"":21,""18"":2,""19"":4,""20"":3,""21"":2,""23"":1,""24"":1,""3"":65,""33"":2,""34"":1,""36"":1,""4"":4,""5"":30,""6"":3,""7"":10,""8"":16,""9"":5}",64,"{""count"":64,""unique_topologies"":64,""topology_entropy_bits"":6.0,""effective_topology_count"":64.0,""triangle_like_count"":0,""triangle_like_fraction"":0.0,""mean_nodes"":9.046875,""mean_muscles"":17.03125,""node_counts"":{""10"":10,""11"":9,""12"":4,""13"":3,""4"":2,""5"":2,""6"":4,""7"":4,""8"":11,""9"":15},""muscle_counts"":{""10"":2,""11"":6,""12"":3,""13"":4,""14"":5,""15"":3,""16"":3,""17"":3,""18"":6,""19"":4,""20"":5,""21"":1,""22"":2,""23"":1,""24"":2,""25"":2,""28"":1,""30"":1,""31"":1,""33"":1,""35"":1,""36"":1,""4"":1,""5"":1,""6"":2,""9"":2}}",137,4.9775843311366215,267,0.267,"{""10"":61,""11"":22,""13"":4,""14"":6,""16"":5,""3"":267,""4"":241,""5"":152,""6"":89,""7"":36,""8"":33,""9"":84}","{""10"":17,""11"":35,""12"":26,""13"":6,""14"":1,""15"":6,""16"":3,""17"":84,""18"":35,""19"":21,""20"":10,""21"":1,""22"":6,""23"":1,""24"":8,""3"":267,""33"":4,""34"":6,""36"":5,""4"":97,""5"":160,""6"":51,""7"":58,""8"":61,""9"":31}","{""Diagonal CMA-ES"":{""attempts"":282,""discoveries"":0,""improvements"":0,""insertions"":0,""insertion_rate"":0.0},""Immigrant"":{""attempts"":153,""discoveries"":0,""improvements"":0,""insertions"":0,""insertion_rate"":0.0},""Morphology"":{""attempts"":319,""discoveries"":2,""improvements"":0,""insertions"":2,""insertion_rate"":0.006269592476489028},""Novelty"":{""attempts"":246,""discoveries"":0,""improvements"":0,""insertions"":0,""insertion_rate"":0.0}}","{""Morphology"":210,""Novelty"":36}",1,0.8219814241486069,false,53000
40,295,296000,10.289073583000006,0.033165482999999996,0.030177099,0.001113669,0.001874715,11.03295771,103.04291,46.28072,7843.422224342823,185,0.9635417,42,3.8494466406777237,65,0.35135135135135137,"{""10"":11,""11"":5,""13"":2,""14"":1,""16"":1,""3"":65,""4"":34,""5"":21,""6"":18,""7"":6,""8"":3,""9"":18}","{""10"":5,""11"":6,""12"":2,""15"":1,""17"":21,""18"":2,""19"":4,""20"":3,""21"":2,""23"":1,""24"":1,""3"":65,""33"":2,""34"":1,""36"":1,""4"":4,""5"":30,""6"":3,""7"":10,""8"":16,""9"":5}",64,"{""count"":64,""unique_topologies"":64,""topology_entropy_bits"":6.0,""effective_topology_count"":64.0,""triangle_like_count"":0,""triangle_like_fraction"":0.0,""mean_nodes"":9.046875,""mean_muscles"":17.03125,""node_counts"":{""10"":10,""11"":9,""12"":4,""13"":3,""4"":2,""5"":2,""6"":4,""7"":4,""8"":11,""9"":15},""muscle_counts"":{""10"":2,""11"":6,""12"":3,""13"":4,""14"":5,""15"":3,""16"":3,""17"":3,""18"":6,""19"":4,""20"":5,""21"":1,""22"":2,""23"":1,""24"":2,""25"":2,""28"":1,""30"":1,""31"":1,""33"":1,""35"":1,""36"":1,""4"":1,""5"":1,""6"":2,""9"":2}}",136,5.181137024471824,236,0.236,"{""10"":57,""11"":23,""12"":3,""13"":6,""14"":9,""15"":1,""16"":7,""3"":236,""4"":254,""5"":175,""6"":112,""7"":55,""8"":20,""9"":42}","{""10"":20,""11"":48,""12"":24,""13"":3,""14"":6,""15"":13,""16"":3,""17"":37,""18"":26,""19"":17,""20"":21,""21"":5,""22"":6,""24"":5,""25"":2,""27"":1,""3"":236,""33"":6,""34"":7,""35"":3,""36"":7,""4"":107,""5"":164,""6"":46,""7"":71,""8"":86,""9"":30}","{""Diagonal CMA-ES"":{""attempts"":304,""discoveries"":0,""improvements"":0,""insertions"":0,""insertion_rate"":0.0},""Immigrant"":{""attempts"":149,""discoveries"":0,""improvements"":0,""insertions"":0,""insertion_rate"":0.0},""Morphology"":{""attempts"":312,""discoveries"":0,""improvements"":0,""insertions"":0,""insertion_rate"":0.0},""Novelty"":{""attempts"":235,""discoveries"":0,""improvements"":0,""insertions"":0,""insertion_rate"":0.0}}","{""Morphology"":211,""Novelty"":35}",0,0.8212634822804314,false,54000
40,296,297000,10.342806320000006,0.053732736999999996,0.050840523,0.00117422,0.001717994,11.08942238,103.04291,46.28072,7861.405912697315,185,0.9635417,42,3.849446640677724,65,0.35135135135135137,"{""10"":11,""11"":5,""13"":2,""14"":1,""16"":1,""3"":65,""4"":34,""5"":21,""6"":18,""7"":6,""8"":3,""9"":18}","{""10"":5,""11"":6,""12"":2,""15"":1,""17"":21,""18"":2,""19"":4,""20"":3,""21"":2,""23"":1,""24"":1,""3"":65,""33"":2,""34"":1,""36"":1,""4"":4,""5"":30,""6"":3,""7"":10,""8"":16,""9"":5}",64,"{""count"":64,""unique_topologies"":64,""topology_entropy_bits"":6.0,""effective_topology_count"":64.0,""triangle_like_count"":0,""triangle_like_fraction"":0.0,""mean_nodes"":9.046875,""mean_muscles"":17.03125,""node_counts"":{""10"":10,""11"":9,""12"":4,""13"":3,""4"":2,""5"":2,""6"":4,""7"":4,""8"":11,""9"":15},""muscle_counts"":{""10"":2,""11"":6,""12"":3,""13"":4,""14"":5,""15"":3,""16"":3,""17"":3,""18"":6,""19"":4,""20"":5,""21"":1,""22"":2,""23"":1,""24"":2,""25"":2,""28"":1,""30"":1,""31"":1,""33"":1,""35"":1,""36"":1,""4"":1,""5"":1,""6"":2,""9"":2}}",144,5.161540152208163,258,0.258,"{""10"":61,""11"":22,""12"":3,""13"":6,""14"":7,""16"":5,""17"":1,""3"":258,""4"":219,""5"":192,""6"":105,""7"":52,""8"":19,""9"":50}","{""10"":24,""11"":38,""12"":20,""13"":6,""14"":3,""15"":7,""16"":1,""17"":44,""18"":35,""19"":16,""20"":15,""21"":2,""22"":7,""23"":1,""24"":10,""27"":1,""3"":258,""33"":6,""34"":6,""35"":1,""36"":5,""4"":79,""44"":1,""5"":172,""6"":51,""7"":67,""8"":80,""9"":44}","{""Diagonal CMA-ES"":{""attempts"":279,""discoveries"":0,""improvements"":0,""insertions"":0,""insertion_rate"":0.0},""Immigrant"":{""attempts"":172,""discoveries"":0,""improvements"":0,""insertions"":0,""insertion_rate"":0.0},""Morphology"":{""attempts"":287,""discoveries"":0,""improvements"":1,""insertions"":1,""insertion_rate"":0.003484320557491289},""Novelty"":{""attempts"":262,""discoveries"":0,""improvements"":0,""insertions"":0,""insertion_rate"":0.0}}","{""Morphology"":180,""Novelty"":38}",0,0.82,false,55000
40,297,298000,10.375977740000007,0.03317142,0.031112676,0.001016312,0.001042432,11.124879314,103.04291,46.28072,7864.506609261036,185,0.9635417,41,3.8090352675382197,66,0.3567567567567568,"{""10"":11,""11"":4,""13"":2,""14"":1,""16"":1,""3"":66,""4"":34,""5"":21,""6"":18,""7"":6,""8"":3,""9"":18}","{""10"":5,""11"":6,""12"":2,""15"":1,""17"":21,""18"":2,""19"":4,""20"":2,""21"":2,""23"":1,""24"":1,""3"":66,""33"":2,""34"":1,""36"":1,""4"":4,""5"":30,""6"":3,""7"":10,""8"":16,""9"":5}",64,"{""count"":64,""unique_topologies"":64,""topology_entropy_bits"":6.0,""effective_topology_count"":64.0,""triangle_like_count"":0,""triangle_like_fraction"":0.0,""mean_nodes"":9.046875,""mean_muscles"":17.03125,""node_counts"":{""10"":10,""11"":9,""12"":4,""13"":3,""4"":2,""5"":2,""6"":4,""7"":4,""8"":11,""9"":15},""muscle_counts"":{""10"":2,""11"":6,""12"":3,""13"":4,""14"":5,""15"":3,""16"":3,""17"":3,""18"":6,""19"":4,""20"":5,""21"":1,""22"":2,""23"":1,""24"":2,""25"":2,""28"":1,""30"":1,""31"":1,""33"":1,""35"":1,""36"":1,""4"":1,""5"":1,""6"":2,""9"":2}}",132,4.7228024662885595,324,0.324,"{""10"":55,""11"":14,""12"":3,""13"":2,""14"":5,""16"":3,""3"":324,""4"":200,""5"":238,""6"":80,""7"":28,""8"":12,""9"":36}","{""10"":18,""11"":25,""12"":6,""13"":1,""14"":6,""15"":3,""16"":2,""17"":36,""18"":30,""19"":13,""20"":11,""21"":5,""22"":6,""24"":6,""3"":324,""33"":2,""34"":4,""36"":3,""4"":84,""41"":1,""5"":148,""6"":130,""7"":50,""8"":63,""9"":23}","{""Diagonal CMA-ES"":{""attempts"":287,""discoveries"":0,""improvements"":0,""insertions"":0,""insertion_rate"":0.0},""Immigrant"":{""attempts"":169,""discoveries"":0,""improvements"":0,""insertions"":0,""insertion_rate"":0.0},""Morphology"":{""attempts"":312,""discoveries"":0,""improvements"":1,""insertions"":1,""insertion_rate"":0.003205128205128205},""Novelty"":{""attempts"":232,""discoveries"":0,""improvements"":0,""insertions"":0,""insertion_rate"":0.0}}","{""Morphology"":210,""Novelty"":32}",0,0.8202764976958525,false,56000
40,298,299000,10.405447221000006,0.029469481000000002,0.027687374,0.000878587,0.00090352,11.156076287,103.04291,46.28072,7889.854094803333,185,0.9635417,41,3.8090352675382197,66,0.3567567567567568,"{""10"":11,""11"":4,""13"":2,""14"":1,""16"":1,""3"":66,""4"":34,""5"":21,""6"":18,""7"":6,""8"":3,""9"":18}","{""10"":5,""11"":6,""12"":2,""15"":1,""17"":21,""18"":2,""19"":4,""20"":2,""21"":2,""23"":1,""24"":1,""3"":66,""33"":2,""34"":1,""36"":1,""4"":4,""5"":30,""6"":3,""7"":10,""8"":16,""9"":5}",64,"{""count"":64,""unique_topologies"":64,""topology_entropy_bits"":6.0,""effective_topology_count"":64.0,""triangle_like_count"":0,""triangle_like_fraction"":0.0,""mean_nodes"":9.03125,""mean_muscles"":17.078125,""node_counts"":{""10"":10,""11"":9,""12"":4,""13"":3,""4"":2,""5"":2,""6"":4,""7"":5,""8"":10,""9"":15},""muscle_counts"":{""10"":2,""11"":6,""12"":2,""13"":4,""14"":5,""15"":4,""16"":3,""17"":3,""18"":6,""19"":4,""20"":5,""21"":1,""22"":2,""23"":1,""24"":2,""25"":2,""28"":1,""30"":1,""31"":1,""33"":1,""35"":1,""36"":1,""4"":1,""5"":1,""6"":2,""9"":2}}",118,3.399417538799972,580,0.58,"{""10"":32,""11"":10,""12"":1,""13"":1,""16"":1,""3"":580,""4"":157,""5"":125,""6"":32,""7"":31,""8"":13,""9"":17}","{""10"":16,""11"":18,""12"":9,""13"":1,""14"":4,""15"":8,""16"":1,""17"":15,""18"":20,""19"":4,""20"":8,""21"":4,""22"":4,""24"":3,""3"":580,""33"":1,""36"":1,""4"":78,""5"":103,""6"":50,""7"":36,""8"":24,""9"":12}","{""Diagonal CMA-ES"":{""attempts"":303,""discoveries"":0,""improvements"":0,""insertions"":0,""insertion_rate"":0.0},""Immigrant"":{""attempts"":146,""discoveries"":0,""improvements"":0,""insertions"":0,""insertion_rate"":0.0},""Morphology"":{""attempts"":301,""discoveries"":1,""improvements"":2,""insertions"":3,""insertion_rate"":0.009966777408637873},""Novelty"":{""attempts"":250,""discoveries"":0,""improvements"":0,""insertions"":0,""insertion_rate"":0.0}}","{""Morphology"":205,""Novelty"":33}",1,0.8202764976958525,false,57000
40,299,300000,10.432592007000006,0.027144786,0.024814155,0.001016312,0.001314319,11.184870205,103.04291,46.28072,7890.433566391468,185,0.9635417,41,3.8090352675382193,66,0.3567567567567568,"{""10"":11,""11"":4,""13"":2,""14"":1,""16"":1,""3"":66,""4"":34,""5"":21,""6"":18,""7"":6,""8"":3,""9"":18}","{""10"":5,""11"":6,""12"":2,""15"":1,""17"":21,""18"":2,""19"":4,""20"":2,""21"":2,""23"":1,""24"":1,""3"":66,""33"":2,""34"":1,""36"":1,""4"":4,""5"":30,""6"":3,""7"":10,""8"":16,""9"":5}",64,"{""count"":64,""unique_topologies"":64,""topology_entropy_bits"":6.0,""effective_topology_count"":64.0,""triangle_like_count"":0,""triangle_like_fraction"":0.0,""mean_nodes"":8.984375,""mean_muscles"":17.015625,""node_counts"":{""10"":9,""11"":9,""12"":4,""13"":3,""4"":2,""5"":2,""6"":4,""7"":6,""8"":10,""9"":15},""muscle_counts"":{""10"":2,""11"":6,""12"":2,""13"":4,""14"":5,""15"":5,""16"":3,""17"":3,""18"":6,""19"":3,""20"":5,""21"":1,""22"":2,""23"":1,""24"":2,""25"":2,""28"":1,""30"":1,""31"":1,""33"":1,""35"":1,""36"":1,""4"":1,""5"":1,""6"":2,""9"":2}}",105,3.172240634491731,598,0.598,"{""10"":45,""11"":4,""3"":598,""4"":165,""5"":103,""6"":16,""7"":31,""8"":16,""9"":22}","{""10"":7,""11"":8,""12"":5,""13"":2,""14"":2,""15"":17,""16"":9,""17"":18,""18"":26,""19"":7,""20"":5,""22"":9,""24"":4,""27"":1,""3"":598,""4"":93,""5"":93,""6"":42,""7"":26,""8"":18,""9"":10}","{""Diagonal CMA-ES"":{""attempts"":292,""discoveries"":0,""improvements"":0,""insertions"":0,""insertion_rate"":0.0},""Immigrant"":{""attempts"":159,""discoveries"":0,""improvements"":0,""insertions"":0,""insertion_rate"":0.0},""Morphology"":{""attempts"":311,""discoveries"":1,""improvements"":1,""insertions"":2,""insertion_rate"":0.006430868167202572},""Novelty"":{""attempts"":238,""discoveries"":0,""improvements"":0,""insertions"":0,""insertion_rate"":0.0}}","{""Morphology"":198,""Novelty"":34}",1,0.8202764976958525,false,58000
