seed,generation,evaluations,search_wall_seconds,generation_search_seconds,gpu_evaluation_seconds,archive_seconds,offspring_seconds,benchmark_wall_seconds,best_distance_m,median_elite_distance_m,qd_score,archive_cells,archive_coverage,archive_unique_topologies,archive_topology_entropy_bits,archive_triangle_like_count,archive_triangle_like_fraction,archive_node_counts_json,archive_muscle_counts_json,population_unique_topologies,population_topology_entropy_bits,population_triangle_like_count,population_triangle_like_fraction,population_node_counts_json,population_muscle_counts_json,emitter_statistics_json,topology_change_candidates_json,archived_innovations_this_generation,innovation_survival_3gen_fraction,new_all_time_record,evaluations_since_previous_record
40,0,1000,0.012940410999999999,0.012940410999999999,0.009852237,0.000245772,0.002842402,0.016458388,0.7991521,0.14568731,2.1595162823796272,10,0.052083332,3,1.3709505944546687,6,0.6,"{""3"":6,""4"":2,""5"":2}","{""3"":6,""5"":4}",29,3.0748735522744894,336,0.336,"{""3"":336,""4"":308,""5"":356}","{""3"":336,""4"":207,""5"":261,""6"":118,""7"":68,""8"":8,""9"":2}","{""Initial population"":{""attempts"":1000,""discoveries"":10,""improvements"":15,""insertions"":25,""insertion_rate"":0.025}}",{},0,0.0,true,1000
40,1,2000,0.024547481,0.01160707,0.007830261,0.000891664,0.002885145,0.032168776,16.489658,0.25744125,67.07954241521657,74,0.38541666,5,1.1435714208360728,56,0.7567567567567568,"{""3"":56,""4"":13,""5"":5}","{""3"":56,""5"":18}",31,2.963025903499244,433,0.433,"{""3"":433,""4"":288,""5"":238,""6"":41}","{""3"":433,""4"":89,""5"":360,""6"":63,""7"":39,""8"":16}","{""Diagonal CMA-ES"":{""attempts"":329,""discoveries"":63,""improvements"":33,""insertions"":96,""insertion_rate"":0.2917933130699088},""Immigrant"":{""attempts"":32,""discoveries"":0,""improvements"":0,""insertions"":0,""insertion_rate"":0.0},""Morphology"":{""attempts"":361,""discoveries"":0,""improvements"":9,""insertions"":9,""insertion_rate"":0.024930747922437674},""Novelty"":{""attempts"":278,""discoveries"":1,""improvements"":6,""insertions"":7,""insertion_rate"":0.025179856115107913}}","{""Morphology"":243,""Novelty"":36}",2,0.0,true,1000
40,2,3000,0.03714951,0.012602029,0.008421537,0.001499563,0.002680929,0.049007101,20.19881,0.7797112,247.37230415828526,120,0.625,9,1.764985254040403,80,0.6666666666666666,"{""3"":80,""4"":35,""5"":5}","{""3"":80,""4"":10,""5"":29,""8"":1}",37,2.640418097914813,535,0.535,"{""3"":535,""4"":356,""5"":102,""6"":7}","{""3"":535,""4"":135,""5"":268,""6"":41,""7"":12,""8"":9}","{""Diagonal CMA-ES"":{""attempts"":302,""discoveries"":18,""improvements"":39,""insertions"":57,""insertion_rate"":0.18874172185430463},""Immigrant"":{""attempts"":137,""discoveries"":0,""improvements"":0,""insertions"":0,""insertion_rate"":0.0},""Morphology"":{""attempts"":293,""discoveries"":14,""improvements"":20,""insertions"":34,""insertion_rate"":0.11604095563139932},""Novelty"":{""attempts"":268,""discoveries"":14,""improvements"":17,""insertions"":31,""insertion_rate"":0.11567164179104478}}","{""Morphology"":194,""Novelty"":35}",5,0.0,true,1000
40,3,4000,0.049089023999999995,0.011939514,0.007249669,0.001821322,0.002868523,0.06516985,20.19881,1.3171299,418.75887477211654,138,0.71875,11,1.9811228424241625,88,0.6376811594202898,"{""3"":88,""4"":43,""5"":7}","{""3"":88,""4"":13,""5"":34,""6"":1,""8"":2}",39,2.7015197317436552,532,0.532,"{""3"":532,""4"":370,""5"":98}","{""3"":532,""4"":189,""5"":221,""6"":39,""7"":12,""8"":6,""9"":1}","{""Diagonal CMA-ES"":{""attempts"":312,""discoveries"":9,""improvements"":16,""insertions"":25,""insertion_rate"":0.08012820512820513},""Immigrant"":{""attempts"":140,""discoveries"":0,""improvements"":0,""insertions"":0,""insertion_rate"":0.0},""Morphology"":{""attempts"":278,""discoveries"":5,""improvements"":18,""insertions"":23,""insertion_rate"":0.08273381294964029},""Novelty"":{""attempts"":270,""discoveries"":4,""improvements"":20,""insertions"":24,""insertion_rate"":0.08888888888888889}}","{""Morphology"":189,""Novelty"":36}",2,0.0,false,1000
40,4,5000,0.063200114,0.01411109,0.009447366,0.001855754,0.00280797,0.083558792,20.19881,1.6165438,522.938354626298,145,0.7552083,11,2.0767254986967485,88,0.6068965517241379,"{""3"":88,""4"":50,""5"":7}","{""3"":88,""4"":14,""5"":39,""6"":1,""8"":3}",51,3.001662346538008,496,0.496,"{""3"":496,""4"":376,""5"":125,""6"":3}","{""3"":496,""4"":171,""5"":241,""6"":48,""7"":19,""8"":24,""9"":1}","{""Diagonal CMA-ES"":{""attempts"":310,""discoveries"":3,""improvements"":12,""insertions"":15,""insertion_rate"":0.04838709677419355},""Immigrant"":{""attempts"":125,""discoveries"":0,""improvements"":0,""insertions"":0,""insertion_rate"":0.0},""Morphology"":{""attempts"":313,""discoveries"":1,""improvements"":14,""insertions"":15,""insertion_rate"":0.04792332268370607},""Novelty"":{""attempts"":252,""discoveries"":3,""improvements"":12,""insertions"":15,""insertion_rate"":0.05952380952380952}}","{""Morphology"":213,""Novelty"":37}",0,1.0,false,2000
40,5,6000,0.076531147,0.013331032999999999,0.008299245,0.001911557,0.003120231,0.100939714,25.778748,2.2504086,668.1828731521964,150,0.78125,11,2.1282485263395707,89,0.5933333333333334,"{""3"":89,""4"":55,""5"":6}","{""3"":89,""4"":16,""5"":41,""6"":1,""8"":3}",53,3.015242053349348,481,0.481,"{""3"":481,""4"":387,""5"":130,""6"":2}","{""11"":1,""3"":481,""4"":171,""5"":264,""6"":50,""7"":15,""8"":17,""9"":1}","{""Diagonal CMA-ES"":{""attempts"":300,""discoveries"":4,""improvements"":14,""insertions"":18,""insertion_rate"":0.06},""Immigrant"":{""attempts"":151,""discoveries"":0,""improvements"":0,""insertions"":0,""insertion_rate"":0.0},""Morphology"":{""attempts"":293,""discoveries"":1,""improvements"":21,""insertions"":22,""insertion_rate"":0.07508532423208192},""Novelty"":{""attempts"":256,""discoveries"":0,""improvements"":13,""insertions"":13,""insertion_rate"":0.05078125}}","{""Morphology"":194,""Novelty"":19}",0,1.0,true,3000
40,6,7000,0.09290167399999999,0.016370527,0.011216447,0.002048097,0.003105983,0.121956157,29.291292,3.734972,854.1162423118949,151,0.7864583,12,2.196502191112836,88,0.5827814569536424,"{""3"":88,""4"":56,""5"":6,""6"":1}","{""3"":88,""4"":17,""5"":41,""8"":4,""9"":1}",50,3.086133531076242,456,0.456,"{""3"":456,""4"":421,""5"":116,""6"":7}","{""11"":1,""3"":456,""4"":192,""5"":270,""6"":45,""7"":21,""8"":14,""9"":1}","{""Diagonal CMA-ES"":{""attempts"":295,""discoveries"":0,""improvements"":7,""insertions"":7,""insertion_rate"":0.023728813559322035},""Immigrant"":{""attempts"":144,""discoveries"":0,""improvements"":0,""insertions"":0,""insertion_rate"":0.0},""Morphology"":{""attempts"":298,""discoveries"":1,""improvements"":26,""insertions"":27,""insertion_rate"":0.09060402684563758},""Novelty"":{""attempts"":263,""discoveries"":0,""improvements"":14,""insertions"":14,""insertion_rate"":0.053231939163498096}}","{""Morphology"":186,""Novelty"":34}",2,0.8888888888888888,true,1000
40,7,8000,0.10762897499999999,0.014727301,0.009309639,0.002172764,0.003244898,0.141115658,36.15077,5.156507,1118.0623218938708,156,0.8125,15,2.390612304484302,85,0.5448717948717948,"{""3"":85,""4"":63,""5"":7,""6"":1}","{""3"":85,""4"":23,""5"":41,""6"":1,""7"":2,""8"":3,""9"":1}",57,3.2788383615254664,436,0.436,"{""3"":436,""4"":406,""5"":147,""6"":11}","{""11"":1,""12"":1,""3"":436,""4"":184,""5"":266,""6"":54,""7"":19,""8"":31,""9"":8}","{""Diagonal CMA-ES"":{""attempts"":295,""discoveries"":1,""improvements"":7,""insertions"":8,""insertion_rate"":0.02711864406779661},""Immigrant"":{""attempts"":129,""discoveries"":0,""improvements"":0,""insertions"":0,""insertion_rate"":0.0},""Morphology"":{""attempts"":326,""discoveries"":2,""improvements"":25,""insertions"":27,""insertion_rate"":0.08282208588957055},""Novelty"":{""attempts"":250,""discoveries"":2,""improvements"":7,""insertions"":9,""insertion_rate"":0.036}}","{""Morphology"":220,""Novelty"":29}",3,0.8888888888888888,true,1000
40,8,9000,0.12077716599999999,0.013148190999999998,0.008171017,0.002092028,0.002885146,0.158536949,45.722343,6.1909513,1402.4663816317916,160,0.8333333,15,2.649421790153022,76,0.475,"{""3"":76,""4"":70,""5"":13,""6"":1}","{""3"":76,""4"":22,""5"":48,""6"":3,""7"":7,""8"":3,""9"":1}",58,3.4700788441529133,379,0.379,"{""3"":379,""4"":446,""5"":160,""6"":15}","{""11"":3,""3"":379,""4"":169,""5"":303,""6"":59,""7"":61,""8"":19,""9"":7}","{""Diagonal CMA-ES"":{""attempts"":308,""discoveries"":2,""improvements"":8,""insertions"":10,""insertion_rate"":0.032467532467532464},""Immigrant"":{""attempts"":132,""discoveries"":0,""improvements"":0,""insertions"":0,""insertion_rate"":0.0},""Morphology"":{""attempts"":292,""discoveries"":1,""improvements"":21,""insertions"":22,""insertion_rate"":0.07534246575342465},""Novelty"":{""attempts"":268,""discoveries"":1,""improvements"":16,""insertions"":17,""insertion_rate"":0.06343283582089553}}","{""Morphology"":195,""Novelty"":30}",2,0.8888888888888888,true,1000
40,9,10000,0.13538336199999998,0.014606196,0.00929183,0.002169201,0.003145165,0.177609777,45.722343,7.8012543,1602.1453847512603,161,0.8385417,17,2.800358022633266,72,0.4472049689440994,"{""3"":72,""4"":68,""5"":18,""6"":3}","{""3"":72,""4"":20,""5"":48,""6"":3,""7"":12,""8"":4,""9"":2}",68,3.8400566105406977,330,0.33,"{""3"":330,""4"":404,""5"":219,""6"":45,""7"":2}","{""10"":1,""11"":13,""12"":2,""3"":330,""4"":165,""5"":267,""6"":66,""7"":109,""8"":30,""9"":17}","{""Diagonal CMA-ES"":{""attempts"":287,""discoveries"":0,""improvements"":5,""insertions"":5,""insertion_rate"":0.017421602787456445},""Immigrant"":{""attempts"":150,""discoveries"":0,""improvements"":0,""insertions"":0,""insertion_rate"":0.0},""Morphology"":{""attempts"":314,""discoveries"":0,""improvements"":27,""insertions"":27,""insertion_rate"":0.08598726114649681},""Novelty"":{""attempts"":249,""discoveries"":1,""improvements"":7,""insertions"":8,""insertion_rate"":0.0321285140562249}}","{""Morphology"":201,""Novelty"":34}",3,0.8181818181818182,false,1000
40,10,11000,0.15074112099999998,0.015357759000000002,0.009505545,0.00220957,0.003642644,0.198091933,54.38916,8.634467,1863.0039436891675,163,0.8489583,21,3.0496327459430748,63,0.38650306748466257,"{""3"":63,""4"":69,""5"":24,""6"":4,""7"":3}","{""10"":2,""14"":1,""3"":63,""4"":16,""5"":53,""6"":4,""7"":18,""8"":4,""9"":2}",78,4.031996891510905,327,0.327,"{""3"":327,""4"":351,""5"":237,""6"":73,""7"":12}","{""10"":8,""11"":9,""14"":3,""3"":327,""4"":121,""5"":269,""6"":61,""7"":114,""8"":51,""9"":37}","{""Diagonal CMA-ES"":{""attempts"":295,""discoveries"":1,""improvements"":2,""insertions"":3,""insertion_rate"":0.010169491525423728},""Immigrant"":{""attempts"":131,""discoveries"":0,""improvements"":0,""insertions"":0,""insertion_rate"":0.0},""Morphology"":{""attempts"":313,""discoveries"":1,""improvements"":19,""insertions"":20,""insertion_rate"":0.06389776357827476},""Novelty"":{""attempts"":261,""discoveries"":0,""improvements"":7,""insertions"":7,""insertion_rate"":0.02681992337164751}}","{""Morphology"":209,""Novelty"":41}",5,0.8571428571428571,true,2000
40,11,12000,0.16723750199999998,0.016496381,0.009957906,0.002501646,0.004036829,0.219558363,54.38916,9.2422085,2114.594264149666,168,0.875,22,3.1403454595442875,62,0.36904761904761907,"{""3"":62,""4"":66,""5"":29,""6"":8,""7"":3}","{""10"":2,""14"":1,""3"":62,""4"":14,""5"":52,""6"":5,""7"":23,""8"":5,""9"":4}",85,4.232904755569081,283,0.283,"{""3"":283,""4"":362,""5"":244,""6"":88,""7"":22,""8"":1}","{""10"":9,""11"":18,""12"":3,""14"":2,""3"":283,""4"":110,""5"":282,""6"":56,""7"":133,""8"":70,""9"":34}","{""Diagonal CMA-ES"":{""attempts"":281,""discoveries"":3,""improvements"":4,""insertions"":7,""insertion_rate"":0.02491103202846975},""Immigrant"":{""attempts"":147,""discoveries"":0,""improvements"":0,""insertions"":0,""insertion_rate"":0.0},""Morphology"":{""attempts"":327,""discoveries"":1,""improvements"":23,""insertions"":24,""insertion_rate"":0.07339449541284404},""Novelty"":{""attempts"":245,""discoveries"":1,""improvements"":5,""insertions"":6,""insertion_rate"":0.024489795918367346}}","{""Morphology"":223,""Novelty"":32}",1,0.875,false,1000
40,12,13000,0.18565137599999998,0.018413874,0.011956137,0.002954008,0.003503729,0.243094262,56.709637,10.218021,2324.9642251729965,169,0.8802083,24,3.187192799335103,63,0.3727810650887574,"{""3"":63,""4"":63,""5"":28,""6"":10,""7"":5}","{""10"":3,""14"":1,""3"":63,""4"":10,""5"":53,""6"":5,""7"":22,""8"":7,""9"":5}",73,4.135189293754293,245,0.245,"{""3"":245,""4"":347,""5"":293,""6"":99,""7"":16}","{""10"":5,""11"":7,""12"":2,""3"":245,""4"":82,""5"":297,""6"":74,""7"":168,""8"":86,""9"":34}","{""Diagonal CMA-ES"":{""attempts"":288,""discoveries"":1,""improvements"":4,""insertions"":5,""insertion_rate"":0.017361111111111112},""Immigrant"":{""attempts"":143,""discoveries"":0,""improvements"":0,""insertions"":0,""insertion_rate"":0.0},""Morphology"":{""attempts"":305,""discoveries"":0,""improvements"":13,""insertions"":13,""insertion_rate"":0.04262295081967213},""Novelty"":{""attempts"":264,""discoveries"":0,""improvements"":4,""insertions"":4,""insertion_rate"":0.015151515151515152}}","{""Morphology"":196,""Novelty"":30}",2,0.8947368421052632,true,2000
40,13,14000,0.202940876,0.0172895,0.011376733,0.00242091,0.003491857,0.265244578,56.709637,10.87557,2524.2820742949843,170,0.8854167,26,3.304829366812891,62,0.36470588235294116,"{""3"":62,""4"":62,""5"":27,""6"":13,""7"":5,""8"":1}","{""10"":3,""11"":2,""3"":62,""4"":10,""5"":52,""6"":6,""7"":20,""8"":7,""9"":8}",80,4.2498199504201,271,0.271,"{""3"":271,""4"":370,""5"":246,""6"":83,""7"":27,""8"":3}","{""10"":14,""11"":13,""12"":3,""14"":2,""3"":271,""4"":107,""5"":287,""6"":67,""7"":132,""8"":71,""9"":33}","{""Diagonal CMA-ES"":{""attempts"":320,""discoveries"":1,""improvements"":3,""insertions"":4,""insertion_rate"":0.0125},""Immigrant"":{""attempts"":158,""discoveries"":0,""improvements"":0,""insertions"":0,""insertion_rate"":0.0},""Morphology"":{""attempts"":288,""discoveries"":0,""improvements"":16,""insertions"":16,""insertion_rate"":0.05555555555555555},""Novelty"":{""attempts"":234,""discoveries"":0,""improvements"":5,""insertions"":5,""insertion_rate"":0.021367521367521368}}","{""Morphology"":186,""Novelty"":29}",4,0.875,false,1000
40,14,15000,0.231962112,0.029021235999999995,0.023509778,0.002318802,0.003192656,0.299130193,56.709637,12.246199,2664.2189283892512,171,0.890625,25,3.1277466435921997,66,0.38596491228070173,"{""3"":66,""4"":62,""5"":26,""6"":11,""7"":5,""8"":1}","{""10"":2,""11"":3,""14"":1,""3"":66,""4"":8,""5"":54,""6"":5,""7"":21,""8"":3,""9"":8}",83,4.3883180572279805,264,0.264,"{""3"":264,""4"":331,""5"":238,""6"":127,""7"":30,""8"":7,""9"":3}","{""10"":10,""11"":25,""12"":5,""13"":1,""14"":4,""16"":1,""3"":264,""4"":103,""5"":245,""6"":84,""7"":114,""8"":72,""9"":72}","{""Diagonal CMA-ES"":{""attempts"":259,""discoveries"":0,""improvements"":2,""insertions"":2,""insertion_rate"":0.007722007722007722},""Immigrant"":{""attempts"":146,""discoveries"":0,""improvements"":0,""insertions"":0,""insertion_rate"":0.0},""Morphology"":{""attempts"":327,""discoveries"":0,""improvements"":16,""insertions"":16,""insertion_rate"":0.04892966360856269},""Novelty"":{""attempts"":268,""discoveries"":1,""improvements"":4,""insertions"":5,""insertion_rate"":0.018656716417910446}}","{""Morphology"":228,""Novelty"":29}",2,0.84,false,2000
40,15,16000,0.262961395,0.030999283000000002,0.024241156,0.002411412,0.004346715,0.334905994,56.709637,13.493332,2904.235320866108,171,0.890625,26,3.1864375953971114,64,0.3742690058479532,"{""3"":64,""4"":61,""5"":26,""6"":14,""7"":5,""8"":1}","{""10"":2,""11"":3,""14"":1,""3"":64,""4"":7,""5"":54,""6"":6,""7"":20,""8"":3,""9"":11}",77,4.0972693533656095,335,0.335,"{""3"":335,""4"":302,""5"":225,""6"":110,""7"":21,""8"":6,""9"":1}","{""10"":11,""11"":27,""12"":1,""13"":1,""14"":2,""15"":1,""16"":1,""19"":1,""3"":335,""4"":111,""5"":214,""6"":63,""7"":127,""8"":55,""9"":50}","{""Diagonal CMA-ES"":{""attempts"":288,""discoveries"":0,""improvements"":1,""insertions"":1,""insertion_rate"":0.003472222222222222},""Immigrant"":{""attempts"":158,""discoveries"":0,""improvements"":0,""insertions"":0,""insertion_rate"":0.0},""Morphology"":{""attempts"":310,""discoveries"":0,""improvements"":17,""insertions"":17,""insertion_rate"":0.054838709677419356},""Novelty"":{""attempts"":244,""discoveries"":0,""improvements"":4,""insertions"":4,""insertion_rate"":0.01639344262295082}}","{""Morphology"":207,""Novelty"":38}",1,0.8518518518518519,false,3000
40,16,17000,0.290713405,0.02775201,0.021754944,0.002505209,0.003491857,0.36819677,56.709637,14.681707,3033.316639751196,171,0.890625,29,3.4001298312619794,58,0.3391812865497076,"{""3"":58,""4"":62,""5"":24,""6"":19,""7"":7,""8"":1}","{""10"":3,""11"":4,""14"":1,""3"":58,""4"":7,""5"":55,""6"":7,""7"":17,""8"":5,""9"":14}",80,4.29153930799249,240,0.24,"{""3"":240,""4"":366,""5"":217,""6"":134,""7"":34,""8"":7,""9"":2}","{""10"":14,""11"":36,""12"":3,""14"":8,""15"":1,""17"":1,""19"":1,""3"":240,""4"":91,""5"":296,""6"":56,""7"":127,""8"":51,""9"":75}","{""Diagonal CMA-ES"":{""attempts"":297,""discoveries"":0,""improvements"":1,""insertions"":1,""insertion_rate"":0.003367003367003367},""Immigrant"":{""attempts"":136,""discoveries"":0,""improvements"":0,""insertions"":0,""insertion_rate"":0.0},""Morphology"":{""attempts"":298,""discoveries"":0,""improvements"":18,""insertions"":18,""insertion_rate"":0.06040268456375839},""Novelty"":{""attempts"":269,""discoveries"":0,""improvements"":4,""insertions"":4,""insertion_rate"":0.01486988847583643}}","{""Morphology"":202,""Novelty"":32}",3,0.8709677419354839,false,4000
40,17,18000,0.318832291,0.028118886,0.022133694,0.002531329,0.003453863,0.401280956,56.709637,15.430964,3131.69017457217,173,0.9010417,27,3.394113986933204,59,0.34104046242774566,"{""3"":59,""4"":61,""5"":23,""6"":20,""7"":9,""8"":1}","{""10"":4,""11"":5,""14"":1,""3"":59,""4"":6,""5"":55,""6"":7,""7"":16,""8"":5,""9"":15}",84,4.3549459236178745,248,0.248,"{""3"":248,""4"":342,""5"":244,""6"":111,""7"":47,""8"":7,""9"":1}","{""10"":19,""11"":44,""12"":1,""14"":4,""15"":1,""19"":1,""3"":248,""4"":85,""5"":282,""6"":81,""7"":122,""8"":52,""9"":60}","{""Diagonal CMA-ES"":{""attempts"":294,""discoveries"":2,""improvements"":0,""insertions"":2,""insertion_rate"":0.006802721088435374},""Immigrant"":{""attempts"":149,""discoveries"":0,""improvements"":0,""insertions"":0,""insertion_rate"":0.0},""Morphology"":{""attempts"":321,""discoveries"":0,""improvements"":14,""insertions"":14,""insertion_rate"":0.04361370716510903},""Novelty"":{""attempts"":236,""discoveries"":0,""improvements"":2,""insertions"":2,""insertion_rate"":0.00847457627118644}}","{""Morphology"":212,""Novelty"":22}",2,0.8787878787878788,false,5000
40,18,19000,0.341000416,0.022168124999999997,0.013988799,0.003146351,0.005032975,0.430670256,56.709637,15.434049,3290.5780653581023,174,0.90625,28,3.4056220295138977,55,0.3160919540229885,"{""3"":55,""4"":65,""5"":27,""6"":19,""7"":7,""8"":1}","{""10"":3,""11"":6,""14"":1,""3"":55,""4"":6,""5"":59,""6"":8,""7"":19,""8"":4,""9"":13}",89,4.516941244719814,234,0.234,"{""3"":234,""4"":272,""5"":286,""6"":149,""7"":54,""8"":5}","{""10"":28,""11"":24,""12"":1,""14"":12,""15"":4,""3"":234,""4"":65,""5"":228,""6"":70,""7"":179,""8"":103,""9"":52}","{""Diagonal CMA-ES"":{""attempts"":300,""discoveries"":0,""improvements"":1,""insertions"":1,""insertion_rate"":0.0033333333333333335},""Immigrant"":{""attempts"":137,""discoveries"":0,""improvements"":0,""insertions"":0,""insertion_rate"":0.0},""Morphology"":{""attempts"":321,""discoveries"":0,""improvements"":11,""insertions"":11,""insertion_rate"":0.03426791277258567},""Novelty"":{""attempts"":242,""discoveries"":1,""improvements"":3,""insertions"":4,""insertion_rate"":0.01652892561983471}}","{""Morphology"":217,""Novelty"":29}",2,0.8823529411764706,false,6000
40,19,20000,0.360036437,0.019036021,0.012057057,0.002937386,0.004041578,0.456510709,56.709637,16.637486,3429.320342876017,174,0.90625,28,3.3870748283229966,54,0.3103448275862069,"{""3"":54,""4"":70,""5"":25,""6"":17,""7"":7,""8"":1}","{""10"":3,""11"":6,""14"":1,""3"":54,""4"":6,""5"":64,""6"":7,""7"":17,""8"":5,""9"":11}",81,4.378088116615034,211,0.211,"{""3"":211,""4"":362,""5"":259,""6"":121,""7"":42,""8"":5}","{""10"":17,""11"":26,""12"":3,""14"":15,""15"":2,""3"":211,""4"":79,""5"":316,""6"":77,""7"":125,""8"":68,""9"":61}","{""Diagonal CMA-ES"":{""attempts"":287,""discoveries"":0,""improvements"":2,""insertions"":2,""insertion_rate"":0.006968641114982578},""Immigrant"":{""attempts"":162,""discoveries"":0,""improvements"":0,""insertions"":0,""insertion_rate"":0.0},""Morphology"":{""attempts"":310,""discoveries"":0,""improvements"":14,""insertions"":14,""insertion_rate"":0.04516129032258064},""Novelty"":{""attempts"":241,""discoveries"":0,""improvements"":5,""insertions"":5,""insertion_rate"":0.02074688796680498}}","{""Morphology"":202,""Novelty"":36}",1,0.8918918918918919,false,7000
40,20,21000,0.37885637,0.018819933,0.012435807,0.002711799,0.003672327,0.481555669,56.709637,17.346817,3507.151422344148,174,0.90625,26,3.2956488011516836,57,0.3275862068965517,"{""3"":57,""4"":66,""5"":27,""6"":16,""7"":8}","{""10"":4,""11"":5,""14"":1,""3"":57,""4"":5,""5"":61,""6"":7,""7"":19,""8"":4,""9"":11}",79,4.235765894263452,254,0.254,"{""3"":254,""4"":373,""5"":228,""6"":107,""7"":36,""8"":2}","{""10"":22,""11"":18,""12"":3,""14"":7,""15"":1,""3"":254,""4"":89,""5"":306,""6"":72,""7"":113,""8"":56,""9"":59}","{""Diagonal CMA-ES"":{""attempts"":330,""discoveries"":0,""improvements"":1,""insertions"":1,""insertion_rate"":0.0030303030303030303},""Immigrant"":{""attempts"":142,""discoveries"":0,""improvements"":0,""insertions"":0,""insertion_rate"":0.0},""Morphology"":{""attempts"":287,""discoveries"":0,""improvements"":10,""insertions"":10,""insertion_rate"":0.03484320557491289},""Novelty"":{""attempts"":241,""discoveries"":0,""improvements"":3,""insertions"":3,""insertion_rate"":0.012448132780082987}}","{""Morphology"":188,""Novelty"":33}",1,0.8717948717948718,false,8000
40,21,22000,0.398103732,0.019247362,0.012204283,0.002810345,0.004232734,0.506261061,56.709637,17.597416,3554.993166409433,174,0.90625,26,3.2307286786868743,58,0.3333333333333333,"{""3"":58,""4"":66,""5"":26,""6"":16,""7"":8}","{""10"":4,""11"":5,""14"":1,""3"":58,""4"":4,""5"":62,""6"":6,""7"":19,""8"":4,""9"":11}",75,4.218567413427855,236,0.236,"{""3"":236,""4"":334,""5"":226,""6"":157,""7"":42,""8"":5}","{""10"":21,""11"":24,""12"":3,""13"":1,""14"":7,""3"":236,""4"":82,""5"":276,""6"":62,""7"":120,""8"":48,""9"":120}","{""Diagonal CMA-ES"":{""attempts"":317,""discoveries"":0,""improvements"":0,""insertions"":0,""insertion_rate"":0.0},""Immigrant"":{""attempts"":137,""discoveries"":0,""improvements"":0,""insertions"":0,""insertion_rate"":0.0},""Morphology"":{""attempts"":323,""discoveries"":0,""improvements"":8,""insertions"":8,""insertion_rate"":0.02476780185758514},""Novelty"":{""attempts"":223,""discoveries"":0,""improvements"":2,""insertions"":2,""insertion_rate"":0.008968609865470852}}","{""Morphology"":215,""Novelty"":32}",0,0.8780487804878049,false,9000
40,22,23000,0.416223155,0.018119423,0.011279374,0.002879208,0.003960841,0.53001661,56.709637,17.665867,3610.208143673837,174,0.90625,25,3.23301016933,59,0.3390804597701149,"{""3"":59,""4"":63,""5"":27,""6"":17,""7"":8}","{""10"":4,""11"":5,""14"":1,""3"":59,""4"":4,""5"":59,""6"":5,""7"":20,""8"":5,""9"":12}",79,4.214773180243585,277,0.277,"{""3"":277,""4"":337,""5"":238,""6"":114,""7"":33,""8"":1}","{""10"":18,""11"":28,""12"":1,""14"":1,""3"":277,""4"":81,""5"":278,""6"":77,""7"":124,""8"":50,""9"":65}","{""Diagonal CMA-ES"":{""attempts"":297,""discoveries"":0,""improvements"":0,""insertions"":0,""insertion_rate"":0.0},""Immigrant"":{""attempts"":154,""discoveries"":0,""improvements"":0,""insertions"":0,""insertion_rate"":0.0},""Morphology"":{""attempts"":299,""discoveries"":0,""improvements"":8,""insertions"":8,""insertion_rate"":0.026755852842809364},""Novelty"":{""attempts"":250,""discoveries"":0,""improvements"":5,""insertions"":5,""insertion_rate"":0.02}}","{""Morphology"":191,""Novelty"":32}",0,0.8809523809523809,false,10000
40,23,24000,0.436115222,0.019892067,0.013835637,0.002569323,0.003487107,0.555318028,56.709637,17.799704,3668.168018333614,174,0.90625,25,3.236555579419471,59,0.3390804597701149,"{""3"":59,""4"":64,""5"":27,""6"":17,""7"":7}","{""10"":4,""11"":4,""14"":1,""3"":59,""4"":7,""5"":57,""6"":5,""7"":20,""8"":4,""9"":13}",83,4.320423105495883,224,0.224,"{""3"":224,""4"":352,""5"":258,""6"":128,""7"":34,""8"":4}","{""10"":21,""11"":26,""12"":1,""14"":7,""15"":1,""3"":224,""4"":92,""5"":289,""6"":56,""7"":147,""8"":58,""9"":78}","{""Diagonal CMA-ES"":{""attempts"":313,""discoveries"":0,""improvements"":3,""insertions"":3,""insertion_rate"":0.009584664536741214},""Immigrant"":{""attempts"":132,""discoveries"":0,""improvements"":0,""insertions"":0,""insertion_rate"":0.0},""Morphology"":{""attempts"":315,""discoveries"":0,""improvements"":9,""insertions"":9,""insertion_rate"":0.02857142857142857},""Novelty"":{""attempts"":240,""discoveries"":0,""improvements"":3,""insertions"":3,""insertion_rate"":0.0125}}","{""Morphology"":217,""Novelty"":26}",0,0.8837209302325582,false,11000
40,24,25000,0.46018422000000003,0.024068998,0.017162459,0.002488586,0.004417953,0.58520837,57.083313,18.169415,3719.369362346828,174,0.90625,25,3.262572002296353,58,0.3333333333333333,"{""3"":58,""4"":64,""5"":27,""6"":18,""7"":7}","{""10"":4,""11"":4,""14"":1,""3"":58,""4"":8,""5"":56,""6"":4,""7"":20,""8"":5,""9"":14}",91,4.439587161897912,241,0.241,"{""3"":241,""4"":339,""5"":247,""6"":123,""7"":41,""8"":9}","{""10"":21,""11"":37,""12"":2,""14"":5,""19"":1,""3"":241,""4"":98,""5"":265,""6"":78,""7"":126,""8"":47,""9"":79}","{""Diagonal CMA-ES"":{""attempts"":295,""discoveries"":0,""improvements"":0,""insertions"":0,""insertion_rate"":0.0},""Immigrant"":{""attempts"":145,""discoveries"":0,""improvements"":0,""insertions"":0,""insertion_rate"":0.0},""Morphology"":{""attempts"":310,""discoveries"":0,""improvements"":10,""insertions"":10,""insertion_rate"":0.03225806451612903},""Novelty"":{""attempts"":250,""discoveries"":0,""improvements"":4,""insertions"":4,""insertion_rate"":0.016}}","{""Morphology"":216,""Novelty"":32}",2,0.8837209302325582,true,12000
40,25,26000,0.477197077,0.017012857,0.010458948,0.002607316,0.003946593,0.607320692,57.083313,18.285019,3777.5006700083613,175,0.9114583,25,3.320755132867107,60,0.34285714285714286,"{""3"":60,""4"":61,""5"":28,""6"":19,""7"":7}","{""10"":4,""11"":5,""14"":1,""3"":60,""4"":9,""5"":52,""6"":5,""7"":19,""8"":6,""9"":14}",85,4.343089557500761,230,0.23,"{""3"":230,""4"":298,""5"":277,""6"":152,""7"":37,""8"":6}","{""10"":20,""11"":23,""12"":2,""13"":1,""14"":5,""15"":2,""3"":230,""4"":88,""5"":239,""6"":87,""7"":127,""8"":61,""9"":115}","{""Diagonal CMA-ES"":{""attempts"":319,""discoveries"":0,""improvements"":0,""insertions"":0,""insertion_rate"":0.0},""Immigrant"":{""attempts"":132,""discoveries"":0,""improvements"":0,""insertions"":0,""insertion_rate"":0.0},""Morphology"":{""attempts"":300,""discoveries"":0,""improvements"":6,""insertions"":6,""insertion_rate"":0.02},""Novelty"":{""attempts"":249,""discoveries"":1,""improvements"":5,""insertions"":6,""insertion_rate"":0.024096385542168676}}","{""Morphology"":201,""Novelty"":29}",0,0.8837209302325582,false,1000
40,26,27000,0.49361272100000003,0.016415644,0.010595488,0.002450592,0.003369564,0.628898729,57.083313,18.309612,3872.0183544680476,175,0.9114583,25,3.2797725217858202,62,0.35428571428571426,"{""3"":62,""4"":58,""5"":30,""6"":19,""7"":6}","{""10"":3,""11"":4,""14"":1,""3"":62,""4"":9,""5"":49,""6"":6,""7"":20,""8"":6,""9"":15}",88,4.388873597668423,207,0.207,"{""3"":207,""4"":337,""5"":258,""6"":155,""7"":37,""8"":6}","{""10"":20,""11"":37,""13"":2,""14"":3,""15"":1,""3"":207,""4"":78,""5"":282,""6"":68,""7"":123,""8"":83,""9"":96}","{""Diagonal CMA-ES"":{""attempts"":292,""discoveries"":0,""improvements"":0,""insertions"":0,""insertion_rate"":0.0},""Immigrant"":{""attempts"":157,""discoveries"":0,""improvements"":0,""insertions"":0,""insertion_rate"":0.0},""Morphology"":{""attempts"":302,""discoveries"":0,""improvements"":5,""insertions"":5,""insertion_rate"":0.016556291390728478},""Novelty"":{""attempts"":249,""discoveries"":0,""improvements"":3,""insertions"":3,""insertion_rate"":0.012048192771084338}}","{""Morphology"":201,""Novelty"":34}",1,0.8837209302325582,false,2000
40,27,28000,0.51013641,0.016523689,0.012993839,0.001441385,0.002088465,0.649345266,57.083313,18.366053,3881.652599386871,175,0.9114583,25,3.299139882879627,62,0.35428571428571426,"{""3"":62,""4"":56,""5"":30,""6"":20,""7"":7}","{""10"":3,""11"":5,""14"":1,""3"":62,""4"":9,""5"":47,""6"":6,""7"":20,""8"":6,""9"":16}",85,4.53485952146785,209,0.209,"{""3"":209,""4"":295,""5"":321,""6"":130,""7"":41,""8"":4}","{""10"":20,""11"":34,""12"":2,""13"":1,""14"":3,""3"":209,""4"":81,""5"":238,""6"":107,""7"":140,""8"":81,""9"":84}","{""Diagonal CMA-ES"":{""attempts"":282,""discoveries"":0,""improvements"":0,""insertions"":0,""insertion_rate"":0.0},""Immigrant"":{""attempts"":158,""discoveries"":0,""improvements"":0,""insertions"":0,""insertion_rate"":0.0},""Morphology"":{""attempts"":300,""discoveries"":0,""improvements"":2,""insertions"":2,""insertion_rate"":0.006666666666666667},""Novelty"":{""attempts"":260,""discoveries"":0,""improvements"":1,""insertions"":1,""insertion_rate"":0.0038461538461538464}}","{""Morphology"":199,""Novelty"":27}",0,0.8888888888888888,false,3000
40,28,29000,0.525253145,0.015116735,0.009695512,0.001816573,0.00360465,0.668131955,57.083313,18.679821,3939.7155850604177,175,0.9114583,25,3.3080880592166637,62,0.35428571428571426,"{""3"":62,""4"":55,""5"":29,""6"":22,""7"":7}","{""10"":3,""11"":5,""14"":1,""3"":62,""4"":9,""5"":46,""6"":6,""7"":19,""8"":6,""9"":18}",92,4.440769863964271,253,0.253,"{""3"":253,""4"":278,""5"":273,""6"":135,""7"":55,""8"":6}","{""10"":18,""11"":47,""12"":4,""13"":2,""14"":7,""3"":253,""4"":82,""5"":222,""6"":69,""7"":128,""8"":78,""9"":90}","{""Diagonal CMA-ES"":{""attempts"":308,""discoveries"":0,""improvements"":1,""insertions"":1,""insertion_rate"":0.003246753246753247},""Immigrant"":{""attempts"":144,""discoveries"":0,""improvements"":0,""insertions"":0,""insertion_rate"":0.0},""Morphology"":{""attempts"":282,""discoveries"":0,""improvements"":2,""insertions"":2,""insertion_rate"":0.0070921985815602835},""Novelty"":{""attempts"":266,""discoveries"":0,""improvements"":3,""insertions"":3,""insertion_rate"":0.011278195488721804}}","{""Morphology"":186,""Novelty"":40}",0,0.8888888888888888,false,4000
40,29,30000,0.5422766889999999,0.017023544,0.012339635,0.001727525,0.002956384,0.688865819,57.083313,19.88753,4021.8136907294393,175,0.9114583,25,3.2940628122114988,63,0.36,"{""3"":63,""4"":49,""5"":32,""6"":24,""7"":7}","{""10"":3,""11"":5,""14"":1,""3"":63,""4"":8,""5"":41,""6"":6,""7"":22,""8"":6,""9"":20}",91,4.351484660199567,263,0.263,"{""3"":263,""4"":269,""5"":252,""6"":157,""7"":51,""8"":8}","{""10"":21,""11"":34,""12"":4,""13"":3,""14"":11,""3"":263,""4"":85,""5"":204,""6"":51,""7"":126,""8"":89,""9"":109}","{""Diagonal CMA-ES"":{""attempts"":318,""discoveries"":0,""improvements"":0,""insertions"":0,""insertion_rate"":0.0},""Immigrant"":{""attempts"":148,""discoveries"":0,""improvements"":0,""insertions"":0,""insertion_rate"":0.0},""Morphology"":{""attempts"":299,""discoveries"":0,""improvements"":11,""insertions"":11,""insertion_rate"":0.03678929765886288},""Novelty"":{""attempts"":235,""discoveries"":0,""improvements"":2,""insertions"":2,""insertion_rate"":0.00851063829787234}}","{""Morphology"":191,""Novelty"":28}",0,0.8913043478260869,false,5000
40,30,31000,0.559459332,0.017182643,0.011049038,0.002424472,0.003709133,0.710126846,57.083313,20.54878,4076.2570811510086,176,0.9166667,25,3.3340099931899116,62,0.3522727272727273,"{""3"":62,""4"":50,""5"":32,""6"":23,""7"":9}","{""10"":4,""11"":6,""14"":1,""3"":62,""4"":9,""5"":41,""6"":6,""7"":22,""8"":5,""9"":20}",95,4.514889815446455,233,0.233,"{""3"":233,""4"":312,""5"":254,""6"":150,""7"":44,""8"":7}","{""10"":19,""11"":32,""12"":3,""13"":2,""14"":6,""16"":1,""17"":2,""3"":233,""4"":90,""5"":246,""6"":76,""7"":108,""8"":80,""9"":102}","{""Diagonal CMA-ES"":{""attempts"":307,""discoveries"":1,""improvements"":0,""insertions"":1,""insertion_rate"":0.003257328990228013},""Immigrant"":{""attempts"":137,""discoveries"":0,""improvements"":0,""insertions"":0,""insertion_rate"":0.0},""Morphology"":{""attempts"":311,""discoveries"":0,""improvements"":7,""insertions"":7,""insertion_rate"":0.022508038585209004},""Novelty"":{""attempts"":245,""discoveries"":0,""improvements"":2,""insertions"":2,""insertion_rate"":0.00816326530612245}}","{""Morphology"":202,""Novelty"":29}",2,0.8913043478260869,false,6000
40,31,32000,0.57689962,0.017440287999999998,0.011217635,0.00248265,0.003740003,0.732926617,57.083313,21.052408,4142.121871113777,176,0.9166667,23,3.25698944636679,64,0.36363636363636365,"{""3"":64,""4"":49,""5"":31,""6"":23,""7"":9}","{""10"":5,""11"":6,""3"":64,""4"":9,""5"":40,""6"":5,""7"":22,""8"":5,""9"":20}",93,4.573006667318793,187,0.187,"{""3"":187,""4"":359,""5"":246,""6"":154,""7"":49,""8"":5}","{""10"":21,""11"":65,""12"":8,""14"":6,""15"":2,""16"":2,""3"":187,""4"":123,""5"":253,""6"":63,""7"":121,""8"":68,""9"":81}","{""Diagonal CMA-ES"":{""attempts"":287,""discoveries"":0,""improvements"":1,""insertions"":1,""insertion_rate"":0.003484320557491289},""Immigrant"":{""attempts"":142,""discoveries"":0,""improvements"":0,""insertions"":0,""insertion_rate"":0.0},""Morphology"":{""attempts"":303,""discoveries"":0,""improvements"":9,""insertions"":9,""insertion_rate"":0.0297029702970297},""Novelty"":{""attempts"":268,""discoveries"":0,""improvements"":0,""insertions"":0,""insertion_rate"":0.0}}","{""Morphology"":195,""Novelty"":31}",0,0.8913043478260869,false,7000
40,32,33000,0.598863529,0.021963909,0.015531105,0.002697551,0.003735253,0.759950811,57.083313,21.052408,4195.279946446419,176,0.9166667,22,3.260201645977948,62,0.3522727272727273,"{""3"":62,""4"":51,""5"":30,""6"":23,""7"":10}","{""10"":5,""11"":6,""3"":62,""4"":10,""5"":41,""6"":4,""7"":22,""8"":5,""9"":21}",84,4.254861960764419,294,0.294,"{""3"":294,""4"":286,""5"":234,""6"":136,""7"":45,""8"":5}","{""10"":14,""11"":39,""12"":5,""13"":2,""14"":6,""15"":1,""17"":1,""3"":294,""4"":102,""5"":214,""6"":60,""7"":106,""8"":60,""9"":96}","{""Diagonal CMA-ES"":{""attempts"":300,""discoveries"":0,""improvements"":0,""insertions"":0,""insertion_rate"":0.0},""Immigrant"":{""attempts"":153,""discoveries"":0,""improvements"":0,""insertions"":0,""insertion_rate"":0.0},""Morphology"":{""attempts"":276,""discoveries"":0,""improvements"":6,""insertions"":6,""insertion_rate"":0.021739130434782608},""Novelty"":{""attempts"":271,""discoveries"":0,""improvements"":1,""insertions"":1,""insertion_rate"":0.0036900369003690036}}","{""Morphology"":173,""Novelty"":30}",1,0.8913043478260869,false,8000
40,33,34000,0.62016611,0.021302581,0.014525459,0.00276404,0.004013082,0.78695482,57.083313,21.34848,4215.7824984788895,176,0.9166667,22,3.2379169885099057,63,0.35795454545454547,"{""3"":63,""4"":51,""5"":28,""6"":24,""7"":10}","{""10"":5,""11"":6,""3"":63,""4"":9,""5"":42,""6"":3,""7"":21,""8"":5,""9"":22}",81,4.325421390482297,258,0.258,"{""3"":258,""4"":320,""5"":227,""6"":136,""7"":54,""8"":5}","{""10"":17,""11"":44,""12"":5,""14"":7,""3"":258,""4"":100,""5"":249,""6"":56,""7"":109,""8"":58,""9"":97}","{""Diagonal CMA-ES"":{""attempts"":318,""discoveries"":0,""improvements"":0,""insertions"":0,""insertion_rate"":0.0},""Immigrant"":{""attempts"":129,""discoveries"":0,""improvements"":0,""insertions"":0,""insertion_rate"":0.0},""Morphology"":{""attempts"":315,""discoveries"":0,""improvements"":6,""insertions"":6,""insertion_rate"":0.01904761904761905},""Novelty"":{""attempts"":238,""discoveries"":0,""improvements"":3,""insertions"":3,""insertion_rate"":0.012605042016806723}}","{""Morphology"":209,""Novelty"":35}",0,0.8958333333333334,false,9000
40,34,35000,0.636706422,0.016540312,0.010223863,0.002685678,0.003630771,0.809293918,57.083313,22.30801,4292.189727008343,176,0.9166667,21,3.167506171987048,65,0.3693181818181818,"{""3"":65,""4"":49,""5"":27,""6"":25,""7"":10}","{""10"":5,""11"":6,""3"":65,""4"":7,""5"":42,""6"":2,""7"":21,""8"":5,""9"":23}",83,4.277624856308713,259,0.259,"{""3"":259,""4"":308,""5"":228,""6"":151,""7"":49,""8"":5}","{""10"":27,""11"":32,""12"":3,""13"":2,""14"":3,""3"":259,""4"":84,""5"":244,""6"":59,""7"":116,""8"":54,""9"":117}","{""Diagonal CMA-ES"":{""attempts"":319,""discoveries"":0,""improvements"":1,""insertions"":1,""insertion_rate"":0.003134796238244514},""Immigrant"":{""attempts"":135,""discoveries"":0,""improvements"":0,""insertions"":0,""insertion_rate"":0.0},""Morphology"":{""attempts"":300,""discoveries"":0,""improvements"":11,""insertions"":11,""insertion_rate"":0.03666666666666667},""Novelty"":{""attempts"":246,""discoveries"":0,""improvements"":2,""insertions"":2,""insertion_rate"":0.008130081300813009}}","{""Morphology"":206,""Novelty"":31}",0,0.8958333333333334,false,10000
40,35,36000,0.6537454020000001,0.01703898,0.011256816,0.002443469,0.003338695,0.831222208,57.083313,22.662842,4346.753386497498,176,0.9166667,22,3.2450912460517873,63,0.35795454545454547,"{""3"":63,""4"":49,""5"":29,""6"":25,""7"":9,""8"":1}","{""10"":4,""11"":6,""13"":1,""3"":63,""4"":7,""5"":42,""6"":3,""7"":21,""8"":6,""9"":23}",86,4.4446060375729,256,0.256,"{""3"":256,""4"":339,""5"":229,""6"":98,""7"":69,""8"":9}","{""10"":31,""11"":43,""12"":3,""13"":3,""14"":8,""17"":1,""3"":256,""4"":94,""5"":266,""6"":65,""7"":105,""8"":59,""9"":66}","{""Diagonal CMA-ES"":{""attempts"":289,""discoveries"":0,""improvements"":1,""insertions"":1,""insertion_rate"":0.0034602076124567475},""Immigrant"":{""attempts"":155,""discoveries"":0,""improvements"":0,""insertions"":0,""insertion_rate"":0.0},""Morphology"":{""attempts"":278,""discoveries"":0,""improvements"":8,""insertions"":8,""insertion_rate"":0.02877697841726619},""Novelty"":{""attempts"":278,""discoveries"":0,""improvements"":1,""insertions"":1,""insertion_rate"":0.0035971223021582736}}","{""Morphology"":195,""Novelty"":42}",2,0.8979591836734694,false,11000
40,36,37000,0.6710182800000001,0.017272878,0.013701472,0.001506687,0.002064719,0.851861089,57.083313,22.662842,4365.839226722717,176,0.9166667,24,3.3512893555583614,61,0.3465909090909091,"{""3"":61,""4"":48,""5"":30,""6"":25,""7"":11,""8"":1}","{""10"":5,""11"":8,""13"":1,""3"":61,""4"":7,""5"":41,""6"":3,""7"":21,""8"":7,""9"":22}",87,4.312681698993885,273,0.273,"{""3"":273,""4"":282,""5"":221,""6"":144,""7"":68,""8"":12}","{""10"":37,""11"":35,""12"":8,""14"":5,""15"":2,""17"":1,""3"":273,""4"":85,""5"":216,""6"":56,""7"":116,""8"":57,""9"":109}","{""Diagonal CMA-ES"":{""attempts"":308,""discoveries"":0,""improvements"":0,""insertions"":0,""insertion_rate"":0.0},""Immigrant"":{""attempts"":168,""discoveries"":0,""improvements"":0,""insertions"":0,""insertion_rate"":0.0},""Morphology"":{""attempts"":303,""discoveries"":0,""improvements"":7,""insertions"":7,""insertion_rate"":0.0231023102310231},""Novelty"":{""attempts"":221,""discoveries"":0,""improvements"":1,""insertions"":1,""insertion_rate"":0.004524886877828055}}","{""Morphology"":208,""Novelty"":31}",2,0.8979591836734694,false,12000
40,37,38000,0.6864603370000001,0.015442056999999999,0.010653666,0.001478192,0.003310199,0.870220348,57.083313,22.662842,4420.978931851685,176,0.9166667,23,3.313124419464996,61,0.3465909090909091,"{""3"":61,""4"":48,""5"":29,""6"":25,""7"":12,""8"":1}","{""10"":5,""11"":9,""13"":1,""3"":61,""4"":7,""5"":41,""6"":3,""7"":21,""8"":5,""9"":23}",83,4.401329711351767,230,0.23,"{""3"":230,""4"":315,""5"":228,""6"":141,""7"":79,""8"":7}","{""10"":26,""11"":59,""12"":3,""13"":3,""14"":10,""17"":2,""3"":230,""4"":117,""5"":226,""6"":47,""7"":122,""8"":55,""9"":100}","{""Diagonal CMA-ES"":{""attempts"":300,""discoveries"":0,""improvements"":1,""insertions"":1,""insertion_rate"":0.0033333333333333335},""Immigrant"":{""attempts"":157,""discoveries"":0,""improvements"":0,""insertions"":0,""insertion_rate"":0.0},""Morphology"":{""attempts"":297,""discoveries"":0,""improvements"":7,""insertions"":7,""insertion_rate"":0.02356902356902357},""Novelty"":{""attempts"":246,""discoveries"":0,""improvements"":2,""insertions"":2,""insertion_rate"":0.008130081300813009}}","{""Morphology"":188,""Novelty"":31}",0,0.8979591836734694,false,13000
40,38,39000,0.7059095410000001,0.019449204,0.012981967,0.002771164,0.003696073,0.895426781,57.163513,22.772778,4522.203150220215,176,0.9166667,21,3.263117770337515,61,0.3465909090909091,"{""3"":61,""4"":47,""5"":28,""6"":26,""7"":13,""8"":1}","{""10"":5,""11"":10,""13"":1,""3"":61,""4"":6,""5"":41,""6"":2,""7"":21,""8"":5,""9"":24}",82,4.099075560660476,328,0.328,"{""3"":328,""4"":271,""5"":220,""6"":90,""7"":72,""8"":19}","{""10"":21,""11"":61,""12"":10,""13"":5,""14"":2,""17"":4,""3"":328,""4"":92,""5"":202,""6"":46,""7"":123,""8"":45,""9"":61}","{""Diagonal CMA-ES"":{""attempts"":294,""discoveries"":0,""improvements"":0,""insertions"":0,""insertion_rate"":0.0},""Immigrant"":{""attempts"":165,""discoveries"":0,""improvements"":0,""insertions"":0,""insertion_rate"":0.0},""Morphology"":{""attempts"":300,""discoveries"":0,""improvements"":10,""insertions"":10,""insertion_rate"":0.03333333333333333},""Novelty"":{""attempts"":241,""discoveries"":0,""improvements"":3,""insertions"":3,""insertion_rate"":0.012448132780082987}}","{""Morphology"":191,""Novelty"":17}",0,0.9019607843137255,true,14000
40,39,40000,0.7260556910000001,0.02014615,0.012997402,0.002976567,0.004172181,0.921384777,57.163513,22.772778,4553.241006590426,176,0.9166667,20,3.2443481272473464,61,0.3465909090909091,"{""3"":61,""4"":46,""5"":28,""6"":28,""7"":12,""8"":1}","{""10"":5,""11"":10,""13"":1,""3"":61,""4"":5,""5"":41,""6"":2,""7"":21,""8"":5,""9"":25}",89,4.384486155169001,248,0.248,"{""3"":248,""4"":307,""5"":212,""6"":127,""7"":87,""8"":19}","{""10"":32,""11"":72,""12"":10,""13"":6,""14"":2,""16"":1,""17"":2,""3"":248,""4"":84,""5"":241,""6"":44,""7"":117,""8"":54,""9"":87}","{""Diagonal CMA-ES"":{""attempts"":299,""discoveries"":0,""improvements"":1,""insertions"":1,""insertion_rate"":0.0033444816053511705},""Immigrant"":{""attempts"":143,""discoveries"":0,""improvements"":0,""insertions"":0,""insertion_rate"":0.0},""Morphology"":{""attempts"":297,""discoveries"":0,""improvements"":6,""insertions"":6,""insertion_rate"":0.020202020202020204},""Novelty"":{""attempts"":261,""discoveries"":0,""improvements"":0,""insertions"":0,""insertion_rate"":0.0}}","{""Morphology"":190,""Novelty"":40}",0,0.9056603773584906,false,1000
40,40,41000,0.7439910830000002,0.017935391999999998,0.011312619,0.002562199,0.004060574,0.944761577,57.163513,22.772778,4596.8306864872575,176,0.9166667,21,3.2485642243433523,62,0.3522727272727273,"{""3"":62,""4"":45,""5"":28,""6"":28,""7"":11,""8"":2}","{""10"":6,""11"":8,""12"":1,""13"":1,""3"":62,""4"":5,""5"":40,""6"":2,""7"":21,""8"":5,""9"":25}",82,4.337518828782174,265,0.265,"{""3"":265,""4"":280,""5"":215,""6"":112,""7"":108,""8"":20}","{""10"":58,""11"":66,""12"":13,""13"":3,""14"":3,""15"":1,""17"":3,""3"":265,""4"":72,""5"":245,""6"":40,""7"":109,""8"":48,""9"":74}","{""Diagonal CMA-ES"":{""attempts"":278,""discoveries"":0,""improvements"":0,""insertions"":0,""insertion_rate"":0.0},""Immigrant"":{""attempts"":150,""discoveries"":0,""improvements"":0,""insertions"":0,""insertion_rate"":0.0},""Morphology"":{""attempts"":298,""discoveries"":0,""improvements"":5,""insertions"":5,""insertion_rate"":0.016778523489932886},""Novelty"":{""attempts"":274,""discoveries"":0,""improvements"":5,""insertions"":5,""insertion_rate"":0.01824817518248175}}","{""Morphology"":187,""Novelty"":37}",1,0.9056603773584906,false,2000
40,41,42000,0.7715412520000001,0.027550169,0.022506508,0.002254687,0.002788974,0.977152378,57.163513,23.039536,4618.572471894324,176,0.9166667,21,3.2312814481132595,62,0.3522727272727273,"{""3"":62,""4"":46,""5"":28,""6"":27,""7"":11,""8"":2}","{""10"":6,""11"":8,""12"":1,""13"":1,""3"":62,""4"":5,""5"":41,""6"":2,""7"":22,""8"":4,""9"":24}",95,4.500017937057316,249,0.249,"{""3"":249,""4"":285,""5"":215,""6"":155,""7"":79,""8"":16,""9"":1}","{""10"":35,""11"":61,""12"":12,""13"":3,""14"":6,""17"":1,""3"":249,""4"":70,""5"":246,""6"":51,""7"":102,""8"":54,""9"":110}","{""Diagonal CMA-ES"":{""attempts"":308,""discoveries"":0,""improvements"":0,""insertions"":0,""insertion_rate"":0.0},""Immigrant"":{""attempts"":141,""discoveries"":0,""improvements"":0,""insertions"":0,""insertion_rate"":0.0},""Morphology"":{""attempts"":303,""discoveries"":0,""improvements"":4,""insertions"":4,""insertion_rate"":0.013201320132013201},""Novelty"":{""attempts"":248,""discoveries"":0,""improvements"":1,""insertions"":1,""insertion_rate"":0.004032258064516129}}","{""Morphology"":199,""Novelty"":34}",0,0.9056603773584906,false,3000
40,42,43000,0.7923689140000001,0.020827662,0.013947243,0.002754542,0.004125877,1.004329734,57.163513,23.039536,4660.386138238013,176,0.9166667,21,3.2212043239103947,62,0.3522727272727273,"{""3"":62,""4"":48,""5"":28,""6"":26,""7"":10,""8"":2}","{""10"":5,""11"":8,""12"":1,""13"":1,""3"":62,""4"":5,""5"":43,""6"":2,""7"":22,""8"":4,""9"":23}",92,4.468160954232105,250,0.25,"{""3"":250,""4"":314,""5"":228,""6"":118,""7"":74,""8"":16}","{""10"":36,""11"":50,""12"":13,""13"":2,""14"":7,""15"":2,""17"":1,""3"":250,""4"":92,""5"":246,""6"":53,""7"":111,""8"":57,""9"":80}","{""Diagonal CMA-ES"":{""attempts"":288,""discoveries"":0,""improvements"":0,""insertions"":0,""insertion_rate"":0.0},""Immigrant"":{""attempts"":175,""discoveries"":0,""improvements"":0,""insertions"":0,""insertion_rate"":0.0},""Morphology"":{""attempts"":308,""discoveries"":0,""improvements"":7,""insertions"":7,""insertion_rate"":0.022727272727272728},""Novelty"":{""attempts"":229,""discoveries"":0,""improvements"":1,""insertions"":1,""insertion_rate"":0.004366812227074236}}","{""Morphology"":202,""Novelty"":30}",0,0.9056603773584906,false,4000
40,43,44000,0.8151520620000001,0.022783148000000003,0.01598228,0.002784224,0.004016644,1.032525795,57.163513,23.204311,4725.590828873217,176,0.9166667,22,3.2721559467625254,59,0.3352272727272727,"{""3"":59,""4"":46,""5"":31,""6"":28,""7"":10,""8"":2}","{""10"":4,""11"":8,""12"":1,""13"":1,""14"":1,""3"":59,""4"":5,""5"":41,""6"":2,""7"":25,""8"":4,""9"":25}",86,4.456961112845211,224,0.224,"{""3"":224,""4"":325,""5"":213,""6"":157,""7"":65,""8"":16}","{""10"":25,""11"":53,""12"":9,""13"":3,""14"":7,""15"":3,""17"":2,""3"":224,""4"":86,""5"":260,""6"":60,""7"":102,""8"":55,""9"":111}","{""Diagonal CMA-ES"":{""attempts"":301,""discoveries"":0,""improvements"":1,""insertions"":1,""insertion_rate"":0.0033222591362126247},""Immigrant"":{""attempts"":157,""discoveries"":0,""improvements"":0,""insertions"":0,""insertion_rate"":0.0},""Morphology"":{""attempts"":298,""discoveries"":0,""improvements"":6,""insertions"":6,""insertion_rate"":0.020134228187919462},""Novelty"":{""attempts"":244,""discoveries"":0,""improvements"":1,""insertions"":1,""insertion_rate"":0.004098360655737705}}","{""Morphology"":199,""Novelty"":28}",1,0.9074074074074074,false,5000
40,44,45000,0.8476651560000001,0.032513094,0.026151526,0.002626314,0.003735254,1.070665515,57.163513,23.204311,4728.891653038561,176,0.9166667,22,3.2721559467625245,59,0.3352272727272727,"{""3"":59,""4"":46,""5"":31,""6"":28,""7"":10,""8"":2}","{""10"":4,""11"":8,""12"":1,""13"":1,""14"":1,""3"":59,""4"":5,""5"":41,""6"":2,""7"":25,""8"":4,""9"":25}",92,4.593649721476174,222,0.222,"{""3"":222,""4"":288,""5"":247,""6"":137,""7"":87,""8"":18,""9"":1}","{""10"":35,""11"":59,""12"":11,""13"":2,""14"":15,""15"":1,""17"":5,""3"":222,""4"":72,""5"":241,""6"":62,""7"":126,""8"":56,""9"":93}","{""Diagonal CMA-ES"":{""attempts"":293,""discoveries"":0,""improvements"":0,""insertions"":0,""insertion_rate"":0.0},""Immigrant"":{""attempts"":146,""discoveries"":0,""improvements"":0,""insertions"":0,""insertion_rate"":0.0},""Morphology"":{""attempts"":287,""discoveries"":0,""improvements"":1,""insertions"":1,""insertion_rate"":0.003484320557491289},""Novelty"":{""attempts"":274,""discoveries"":0,""improvements"":0,""insertions"":0,""insertion_rate"":0.0}}","{""Morphology"":206,""Novelty"":28}",0,0.9074074074074074,false,6000
40,45,46000,0.8786881830000002,0.031023026999999998,0.024593785,0.002514706,0.003914536,1.107413716,57.163513,24.329931,4759.33135035634,177,0.921875,22,3.231529247112617,60,0.3389830508474576,"{""3"":60,""4"":44,""5"":32,""6"":30,""7"":9,""8"":2}","{""10"":4,""11"":7,""12"":1,""13"":1,""14"":1,""3"":60,""4"":5,""5"":39,""6"":2,""7"":26,""8"":4,""9"":27}",97,4.616146337683669,206,0.206,"{""3"":206,""4"":311,""5"":237,""6"":158,""7"":68,""8"":19,""9"":1}","{""10"":21,""11"":57,""12"":13,""13"":4,""14"":9,""15"":2,""17"":3,""20"":1,""3"":206,""4"":66,""5"":272,""6"":55,""7"":113,""8"":62,""9"":116}","{""Diagonal CMA-ES"":{""attempts"":289,""discoveries"":1,""improvements"":2,""insertions"":3,""insertion_rate"":0.010380622837370242},""Immigrant"":{""attempts"":148,""discoveries"":0,""improvements"":0,""insertions"":0,""insertion_rate"":0.0},""Morphology"":{""attempts"":291,""discoveries"":0,""improvements"":3,""insertions"":3,""insertion_rate"":0.010309278350515464},""Novelty"":{""attempts"":272,""discoveries"":0,""improvements"":2,""insertions"":2,""insertion_rate"":0.007352941176470588}}","{""Morphology"":190,""Novelty"":36}",0,0.9074074074074074,false,7000
40,46,47000,0.8964347950000002,0.017746612,0.013302538,0.001528058,0.002916016,1.128892019,57.864105,24.592205,4819.833288937807,177,0.921875,22,3.222880194035061,60,0.3389830508474576,"{""3"":60,""4"":46,""5"":30,""6"":30,""7"":9,""8"":2}","{""10"":4,""11"":7,""12"":1,""13"":1,""14"":1,""3"":60,""4"":5,""5"":41,""6"":2,""7"":25,""8"":3,""9"":27}",87,4.316734861909073,225,0.225,"{""3"":225,""4"":209,""5"":318,""6"":154,""7"":78,""8"":16}","{""10"":14,""11"":68,""12"":13,""13"":4,""14"":15,""15"":1,""17"":1,""19"":1,""3"":225,""4"":48,""5"":182,""6"":54,""7"":211,""8"":66,""9"":97}","{""Diagonal CMA-ES"":{""attempts"":311,""discoveries"":0,""improvements"":0,""insertions"":0,""insertion_rate"":0.0},""Immigrant"":{""attempts"":143,""discoveries"":0,""improvements"":0,""insertions"":0,""insertion_rate"":0.0},""Morphology"":{""attempts"":321,""discoveries"":0,""improvements"":3,""insertions"":3,""insertion_rate"":0.009345794392523364},""Novelty"":{""attempts"":225,""discoveries"":0,""improvements"":2,""insertions"":2,""insertion_rate"":0.008888888888888889}}","{""Morphology"":208,""Novelty"":27}",0,0.9090909090909091,true,8000
40,47,48000,0.9261482290000003,0.029713434000000004,0.023743677,0.001550617,0.00441914,1.1645039719999999,57.864105,25.134825,4898.825729265809,177,0.921875,22,3.3007904450510615,57,0.3220338983050847,"{""3"":57,""4"":45,""5"":29,""6"":33,""7"":10,""8"":3}","{""10"":4,""11"":7,""12"":1,""13"":2,""14"":2,""3"":57,""4"":5,""5"":40,""6"":2,""7"":24,""8"":3,""9"":30}",91,4.578385334477869,200,0.2,"{""3"":200,""4"":282,""5"":248,""6"":170,""7"":76,""8"":23,""9"":1}","{""10"":25,""11"":55,""12"":17,""13"":7,""14"":18,""17"":1,""3"":200,""4"":71,""5"":237,""6"":43,""7"":136,""8"":68,""9"":122}","{""Diagonal CMA-ES"":{""attempts"":275,""discoveries"":0,""improvements"":1,""insertions"":1,""insertion_rate"":0.0036363636363636364},""Immigrant"":{""attempts"":141,""discoveries"":0,""improvements"":0,""insertions"":0,""insertion_rate"":0.0},""Morphology"":{""attempts"":318,""discoveries"":0,""improvements"":5,""insertions"":5,""insertion_rate"":0.015723270440251572},""Novelty"":{""attempts"":266,""discoveries"":0,""improvements"":0,""insertions"":0,""insertion_rate"":0.0}}","{""Morphology"":214,""Novelty"":42}",0,0.9090909090909091,false,1000
40,48,49000,0.9498230420000002,0.023674813,0.016442953,0.003177222,0.004054638,1.19402625,57.864105,26.073994,5006.66431941092,177,0.921875,24,3.3505012211156666,57,0.3220338983050847,"{""3"":57,""4"":44,""5"":30,""6"":34,""7"":9,""8"":3}","{""10"":3,""11"":6,""12"":1,""13"":2,""14"":3,""3"":57,""4"":5,""5"":39,""6"":2,""7"":25,""8"":4,""9"":30}",84,4.329306661187247,280,0.28,"{""3"":280,""4"":250,""5"":205,""6"":137,""7"":111,""8"":17}","{""10"":16,""11"":65,""12"":5,""13"":6,""14"":62,""15"":1,""19"":3,""20"":1,""3"":280,""4"":74,""5"":199,""6"":52,""7"":105,""8"":47,""9"":84}","{""Diagonal CMA-ES"":{""attempts"":270,""discoveries"":0,""improvements"":0,""insertions"":0,""insertion_rate"":0.0},""Immigrant"":{""attempts"":179,""discoveries"":0,""improvements"":0,""insertions"":0,""insertion_rate"":0.0},""Morphology"":{""attempts"":286,""discoveries"":0,""improvements"":10,""insertions"":10,""insertion_rate"":0.03496503496503497},""Novelty"":{""attempts"":265,""discoveries"":0,""improvements"":2,""insertions"":2,""insertion_rate"":0.007547169811320755}}","{""Morphology"":171,""Novelty"":25}",2,0.9090909090909091,false,2000
40,49,50000,0.9801265650000002,0.030303523,0.024048813,0.00263225,0.00362246,1.229969461,57.864105,27.33727,5070.445631280541,177,0.921875,24,3.3353037299524297,57,0.3220338983050847,"{""3"":57,""4"":45,""5"":28,""6"":35,""7"":9,""8"":3}","{""10"":3,""11"":5,""12"":1,""13"":2,""14"":3,""3"":57,""4"":5,""5"":40,""6"":2,""7"":24,""8"":4,""9"":31}",100,4.626954425147993,222,0.222,"{""3"":222,""4"":225,""5"":196,""6"":230,""7"":106,""8"":20,""9"":1}","{""10"":29,""11"":77,""12"":12,""13"":12,""14"":11,""17"":5,""3"":222,""4"":74,""5"":179,""6"":44,""7"":103,""8"":59,""9"":173}","{""Diagonal CMA-ES"":{""attempts"":287,""discoveries"":0,""improvements"":1,""insertions"":1,""insertion_rate"":0.003484320557491289},""Immigrant"":{""attempts"":151,""discoveries"":0,""improvements"":0,""insertions"":0,""insertion_rate"":0.0},""Morphology"":{""attempts"":313,""discoveries"":0,""improvements"":5,""insertions"":5,""insertion_rate"":0.01597444089456869},""Novelty"":{""attempts"":249,""discoveries"":0,""improvements"":0,""insertions"":0,""insertion_rate"":0.0}}","{""Morphology"":207,""Novelty"":36}",0,0.9090909090909091,false,3000
40,50,51000,1.000576665,0.0204501,0.016375277,0.001599297,0.002475526,1.2546843509999999,57.864105,27.33727,5095.361372247338,177,0.921875,24,3.3524507975054445,57,0.3220338983050847,"{""3"":57,""4"":45,""5"":29,""6"":34,""7"":9,""8"":3}","{""10"":3,""11"":5,""12"":1,""13"":2,""14"":3,""3"":57,""4"":5,""5"":40,""6"":2,""7"":25,""8"":4,""9"":30}",108,4.610194472322629,258,0.258,"{""3"":258,""4"":273,""5"":216,""6"":158,""7"":79,""8"":16}","{""10"":34,""11"":45,""12"":14,""13"":1,""14"":10,""15"":1,""17"":3,""20"":1,""3"":258,""4"":85,""5"":208,""6"":58,""7"":104,""8"":62,""9"":116}","{""Diagonal CMA-ES"":{""attempts"":294,""discoveries"":0,""improvements"":0,""insertions"":0,""insertion_rate"":0.0},""Immigrant"":{""attempts"":160,""discoveries"":0,""improvements"":0,""insertions"":0,""insertion_rate"":0.0},""Morphology"":{""attempts"":279,""discoveries"":0,""improvements"":9,""insertions"":9,""insertion_rate"":0.03225806451612903},""Novelty"":{""attempts"":267,""discoveries"":0,""improvements"":1,""insertions"":1,""insertion_rate"":0.003745318352059925}}","{""Morphology"":191,""Novelty"":32}",0,0.9090909090909091,false,4000
40,51,52000,1.0342461900000002,0.033669525,0.027988283,0.001677658,0.004003584,1.29269228,57.864105,26.073994,5109.469703927636,178,0.9270833,25,3.413650227129304,56,0.3146067415730337,"{""3"":56,""4"":46,""5"":29,""6"":34,""7"":10,""8"":3}","{""10"":3,""11"":5,""12"":1,""13"":2,""14"":3,""3"":56,""4"":5,""5"":41,""6"":2,""7"":24,""8"":5,""9"":31}",99,4.557652663123776,211,0.211,"{""3"":211,""4"":275,""5"":231,""6"":185,""7"":77,""8"":19,""9"":2}","{""10"":18,""11"":52,""12"":12,""13"":6,""14"":13,""17"":3,""19"":1,""20"":1,""3"":211,""4"":58,""5"":243,""6"":44,""7"":131,""8"":78,""9"":129}","{""Diagonal CMA-ES"":{""attempts"":302,""discoveries"":0,""improvements"":0,""insertions"":0,""insertion_rate"":0.0},""Immigrant"":{""attempts"":132,""discoveries"":0,""improvements"":0,""insertions"":0,""insertion_rate"":0.0},""Morphology"":{""attempts"":299,""discoveries"":1,""improvements"":5,""insertions"":6,""insertion_rate"":0.020066889632107024},""Novelty"":{""attempts"":267,""discoveries"":0,""improvements"":0,""insertions"":0,""insertion_rate"":0.0}}","{""Morphology"":174,""Novelty"":36}",1,0.9122807017543859,false,5000
40,52,53000,1.0657750090000002,0.031528819,0.025572123,0.002860211,0.003096485,1.329696939,57.864105,27.412525,5177.246279016137,178,0.9270833,25,3.383328987967234,57,0.3202247191011236,"{""3"":57,""4"":45,""5"":28,""6"":35,""7"":10,""8"":3}","{""10"":3,""11"":5,""12"":1,""13"":2,""14"":3,""3"":57,""4"":4,""5"":41,""6"":2,""7"":23,""8"":5,""9"":32}",105,4.70664178386302,176,0.176,"{""3"":176,""4"":273,""5"":208,""6"":145,""7"":169,""8"":28,""9"":1}","{""10"":31,""11"":56,""12"":4,""13"":5,""14"":14,""15"":1,""17"":1,""20"":1,""3"":176,""4"":52,""5"":238,""6"":51,""7"":115,""8"":60,""9"":195}","{""Diagonal CMA-ES"":{""attempts"":323,""discoveries"":0,""improvements"":0,""insertions"":0,""insertion_rate"":0.0},""Immigrant"":{""attempts"":137,""discoveries"":0,""improvements"":0,""insertions"":0,""insertion_rate"":0.0},""Morphology"":{""attempts"":307,""discoveries"":0,""improvements"":2,""insertions"":2,""insertion_rate"":0.006514657980456026},""Novelty"":{""attempts"":233,""discoveries"":0,""improvements"":0,""insertions"":0,""insertion_rate"":0.0}}","{""Morphology"":191,""Novelty"":39}",0,0.9122807017543859,false,6000
40,53,54000,1.0890603870000002,0.023285378,0.015802997,0.002880396,0.004601985,1.359599154,65.360535,27.66345,5243.186956658959,179,0.9322917,25,3.3653576332481916,58,0.3240223463687151,"{""3"":58,""4"":44,""5"":28,""6"":35,""7"":10,""8"":4}","{""10"":4,""11"":3,""12"":1,""13"":3,""14"":3,""3"":58,""4"":4,""5"":40,""6"":2,""7"":23,""8"":5,""9"":33}",105,4.687576842790503,202,0.202,"{""3"":202,""4"":254,""5"":238,""6"":170,""7"":115,""8"":21}","{""10"":30,""11"":43,""12"":7,""13"":6,""14"":12,""15"":1,""19"":1,""3"":202,""4"":70,""5"":203,""6"":55,""7"":140,""8"":70,""9"":160}","{""Diagonal CMA-ES"":{""attempts"":306,""discoveries"":0,""improvements"":0,""insertions"":0,""insertion_rate"":0.0},""Immigrant"":{""attempts"":158,""discoveries"":0,""improvements"":0,""insertions"":0,""insertion_rate"":0.0},""Morphology"":{""attempts"":293,""discoveries"":1,""improvements"":4,""insertions"":5,""insertion_rate"":0.017064846416382253},""Novelty"":{""attempts"":243,""discoveries"":0,""improvements"":1,""insertions"":1,""insertion_rate"":0.00411522633744856}}","{""Morphology"":196,""Novelty"":32}",1,0.9122807017543859,true,7000
40,54,55000,1.108612885,0.019552498,0.012644772,0.002646497,0.004261229,1.384248742,65.360535,27.66345,5245.464916855097,179,0.9322917,26,3.3884956748687296,58,0.3240223463687151,"{""3"":58,""4"":44,""5"":29,""6"":34,""7"":10,""8"":4}","{""10"":4,""11"":3,""12"":1,""13"":3,""14"":3,""3"":58,""4"":4,""5"":40,""6"":2,""7"":24,""8"":5,""9"":32}",112,4.698512185490679,228,0.228,"{""3"":228,""4"":252,""5"":208,""6"":167,""7"":123,""8"":22}","{""10"":84,""11"":41,""12"":10,""13"":2,""14"":11,""15"":5,""17"":1,""3"":228,""4"":66,""5"":210,""6"":47,""7"":113,""8"":67,""9"":115}","{""Diagonal CMA-ES"":{""attempts"":280,""discoveries"":0,""improvements"":0,""insertions"":0,""insertion_rate"":0.0},""Immigrant"":{""attempts"":165,""discoveries"":0,""improvements"":0,""insertions"":0,""insertion_rate"":0.0},""Morphology"":{""attempts"":298,""discoveries"":0,""improvements"":1,""insertions"":1,""insertion_rate"":0.003355704697986577},""Novelty"":{""attempts"":257,""discoveries"":0,""improvements"":0,""insertions"":0,""insertion_rate"":0.0}}","{""Morphology"":210,""Novelty"":28}",1,0.9137931034482759,false,1000
40,55,56000,1.130910427,0.022297542,0.015773314,0.002620377,0.003903851,1.412171724,65.360535,27.981865,5290.5080834925175,179,0.9322917,26,3.3627928165885965,59,0.329608938547486,"{""3"":59,""4"":42,""5"":30,""6"":35,""7"":9,""8"":4}","{""10"":3,""11"":3,""12"":1,""13"":3,""14"":3,""3"":59,""4"":4,""5"":38,""6"":2,""7"":24,""8"":6,""9"":33}",97,4.582590435878774,236,0.236,"{""3"":236,""4"":275,""5"":151,""6"":146,""7"":171,""8"":21}","{""10"":127,""11"":41,""12"":16,""13"":2,""14"":16,""15"":1,""17"":1,""20"":1,""3"":236,""4"":97,""5"":200,""6"":53,""7"":58,""8"":46,""9"":105}","{""Diagonal CMA-ES"":{""attempts"":312,""discoveries"":0,""improvements"":2,""insertions"":2,""insertion_rate"":0.00641025641025641},""Immigrant"":{""attempts"":149,""discoveries"":0,""improvements"":0,""insertions"":0,""insertion_rate"":0.0},""Morphology"":{""attempts"":312,""discoveries"":0,""improvements"":2,""insertions"":2,""insertion_rate"":0.00641025641025641},""Novelty"":{""attempts"":227,""discoveries"":0,""improvements"":0,""insertions"":0,""insertion_rate"":0.0}}","{""Morphology"":214,""Novelty"":23}",0,0.9137931034482759,false,2000
40,56,57000,1.153433557,0.022523130000000002,0.015964471,0.002722485,0.003836174,1.441094414,65.360535,27.981865,5302.996822506189,179,0.9322917,25,3.3438765982244396,59,0.329608938547486,"{""3"":59,""4"":43,""5"":29,""6"":35,""7"":9,""8"":4}","{""10"":3,""11"":3,""12"":1,""13"":3,""14"":3,""3"":59,""4"":4,""5"":39,""6"":1,""7"":24,""8"":6,""9"":33}",91,4.405890221792507,274,0.274,"{""3"":274,""4"":252,""5"":242,""6"":158,""7"":63,""8"":11}","{""10"":24,""11"":31,""12"":7,""13"":4,""14"":14,""17"":1,""3"":274,""4"":89,""5"":198,""6"":58,""7"":111,""8"":67,""9"":122}","{""Diagonal CMA-ES"":{""attempts"":286,""discoveries"":0,""improvements"":0,""insertions"":0,""insertion_rate"":0.0},""Immigrant"":{""attempts"":152,""discoveries"":0,""improvements"":0,""insertions"":0,""insertion_rate"":0.0},""Morphology"":{""attempts"":296,""discoveries"":0,""improvements"":3,""insertions"":3,""insertion_rate"":0.010135135135135136},""Novelty"":{""attempts"":266,""discoveries"":0,""improvements"":0,""insertions"":0,""insertion_rate"":0.0}}","{""Morphology"":200,""Novelty"":26}",0,0.9152542372881356,false,3000
40,57,58000,1.174745637,0.02131208,0.014973072,0.002620377,0.003718631,1.467901331,65.360535,28.087318,5320.634243160486,179,0.9322917,25,3.3498020670539645,60,0.33519553072625696,"{""3"":60,""4"":41,""5"":30,""6"":35,""7"":9,""8"":4}","{""10"":3,""11"":3,""12"":1,""13"":3,""14"":3,""3"":60,""4"":4,""5"":37,""6"":1,""7"":25,""8"":6,""9"":33}",107,4.757038781835692,232,0.232,"{""3"":232,""4"":261,""5"":214,""6"":187,""7"":84,""8"":22}","{""10"":37,""11"":42,""12"":13,""13"":5,""14"":13,""15"":4,""17"":3,""3"":232,""4"":69,""5"":208,""6"":61,""7"":103,""8"":82,""9"":128}","{""Diagonal CMA-ES"":{""attempts"":285,""discoveries"":0,""improvements"":0,""insertions"":0,""insertion_rate"":0.0},""Immigrant"":{""attempts"":148,""discoveries"":0,""improvements"":0,""insertions"":0,""insertion_rate"":0.0},""Morphology"":{""attempts"":313,""discoveries"":0,""improvements"":7,""insertions"":7,""insertion_rate"":0.022364217252396165},""Novelty"":{""attempts"":254,""discoveries"":0,""improvements"":0,""insertions"":0,""insertion_rate"":0.0}}","{""Morphology"":206,""Novelty"":34}",0,0.9166666666666666,false,4000
40,58,59000,1.204647851,0.029902214,0.023450413,0.002749792,0.003702009,1.503430173,65.360535,28.087318,5328.245663791895,179,0.9322917,24,3.3216458824665582,60,0.33519553072625696,"{""3"":60,""4"":40,""5"":29,""6"":37,""7"":9,""8"":4}","{""10"":2,""11"":4,""12"":1,""13"":3,""14"":3,""3"":60,""4"":4,""5"":36,""6"":1,""7"":24,""8"":6,""9"":35}",98,4.605450141118372,229,0.229,"{""3"":229,""4"":283,""5"":227,""6"":168,""7"":80,""8"":12,""9"":1}","{""10"":38,""11"":41,""12"":5,""13"":4,""14"":8,""15"":1,""17"":2,""19"":1,""3"":229,""4"":86,""5"":220,""6"":58,""7"":119,""8"":65,""9"":123}","{""Diagonal CMA-ES"":{""attempts"":299,""discoveries"":0,""improvements"":1,""insertions"":1,""insertion_rate"":0.0033444816053511705},""Immigrant"":{""attempts"":156,""discoveries"":0,""improvements"":0,""insertions"":0,""insertion_rate"":0.0},""Morphology"":{""attempts"":280,""discoveries"":0,""improvements"":1,""insertions"":1,""insertion_rate"":0.0035714285714285713},""Novelty"":{""attempts"":265,""discoveries"":0,""improvements"":1,""insertions"":1,""insertion_rate"":0.0037735849056603774}}","{""Morphology"":200,""Novelty"":34}",0,0.9166666666666666,false,5000
40,59,60000,1.23458806,0.029940209,0.024177042,0.002523018,0.003240149,1.5390943670000001,65.360535,28.224676,5340.79437366128,179,0.9322917,25,3.343434343527397,60,0.33519553072625696,"{""3"":60,""4"":40,""5"":29,""6"":37,""7"":9,""8"":4}","{""10"":2,""11"":4,""12"":1,""13"":3,""14"":3,""3"":60,""4"":4,""5"":36,""6"":1,""7"":24,""8"":7,""9"":34}",105,4.619972907546644,244,0.244,"{""3"":244,""4"":270,""5"":211,""6"":180,""7"":77,""8"":17,""9"":1}","{""10"":20,""11"":49,""12"":14,""13"":4,""14"":10,""15"":2,""3"":244,""4"":75,""5"":209,""6"":44,""7"":119,""8"":83,""9"":127}","{""Diagonal CMA-ES"":{""attempts"":280,""discoveries"":0,""improvements"":0,""insertions"":0,""insertion_rate"":0.0},""Immigrant"":{""attempts"":149,""discoveries"":0,""improvements"":0,""insertions"":0,""insertion_rate"":0.0},""Morphology"":{""attempts"":311,""discoveries"":0,""improvements"":2,""insertions"":2,""insertion_rate"":0.006430868167202572},""Novelty"":{""attempts"":260,""discoveries"":0,""improvements"":0,""insertions"":0,""insertion_rate"":0.0}}","{""Morphology"":218,""Novelty"":30}",1,0.9166666666666666,false,6000
40,60,61000,1.256815551,0.022227491000000002,0.015521606,0.002824593,0.003881292,1.5669366120000001,65.360535,28.224676,5348.734385639429,179,0.9322917,25,3.333521284807747,60,0.33519553072625696,"{""3"":60,""4"":41,""5"":29,""6"":37,""7"":8,""8"":4}","{""10"":2,""11"":4,""12"":1,""13"":3,""14"":2,""3"":60,""4"":4,""5"":37,""6"":1,""7"":24,""8"":7,""9"":34}",102,4.618537643615015,258,0.258,"{""3"":258,""4"":261,""5"":202,""6"":165,""7"":96,""8"":18}","{""10"":35,""11"":44,""12"":14,""13"":4,""14"":13,""17"":1,""20"":2,""3"":258,""4"":83,""5"":198,""6"":53,""7"":111,""8"":59,""9"":125}","{""Diagonal CMA-ES"":{""attempts"":292,""discoveries"":0,""improvements"":0,""insertions"":0,""insertion_rate"":0.0},""Immigrant"":{""attempts"":153,""discoveries"":0,""improvements"":0,""insertions"":0,""insertion_rate"":0.0},""Morphology"":{""attempts"":299,""discoveries"":0,""improvements"":2,""insertions"":2,""insertion_rate"":0.006688963210702341},""Novelty"":{""attempts"":256,""discoveries"":0,""improvements"":0,""insertions"":0,""insertion_rate"":0.0}}","{""Morphology"":214,""Novelty"":35}",0,0.9166666666666666,false,7000
40,61,62000,1.288920212,0.03210466100000001,0.025416586,0.002718923,0.003969152,1.6049362299999999,69.50488,28.087318,5384.093503147364,180,0.9375,24,3.3040740905432404,59,0.3277777777777778,"{""3"":59,""4"":42,""5"":29,""6"":38,""7"":9,""8"":3}","{""10"":2,""11"":5,""12"":1,""13"":2,""14"":2,""3"":59,""4"":4,""5"":38,""6"":1,""7"":25,""8"":6,""9"":35}",99,4.581604216919325,216,0.216,"{""3"":216,""4"":282,""5"":206,""6"":214,""7"":70,""8"":11,""9"":1}","{""10"":20,""11"":46,""12"":13,""13"":1,""14"":11,""17"":3,""3"":216,""4"":88,""5"":214,""6"":51,""7"":102,""8"":76,""9"":159}","{""Diagonal CMA-ES"":{""attempts"":277,""discoveries"":1,""improvements"":1,""insertions"":2,""insertion_rate"":0.007220216606498195},""Immigrant"":{""attempts"":146,""discoveries"":0,""improvements"":0,""insertions"":0,""insertion_rate"":0.0},""Morphology"":{""attempts"":342,""discoveries"":0,""improvements"":4,""insertions"":4,""insertion_rate"":0.011695906432748537},""Novelty"":{""attempts"":235,""discoveries"":0,""improvements"":2,""insertions"":2,""insertion_rate"":0.00851063829787234}}","{""Morphology"":231,""Novelty"":24}",0,0.9166666666666666,true,8000
40,62,63000,1.3098297970000001,0.020909585,0.014339053,0.002084903,0.004485629,1.630489356,69.50488,28.087318,5404.776288181543,180,0.9375,23,3.274554678057058,59,0.3277777777777778,"{""3"":59,""4"":43,""5"":28,""6"":39,""7"":8,""8"":3}","{""10"":1,""11"":5,""12"":1,""13"":2,""14"":2,""3"":59,""4"":4,""5"":39,""6"":1,""7"":24,""8"":6,""9"":36}",107,4.595734640443282,225,0.225,"{""3"":225,""4"":235,""5"":198,""6"":156,""7"":162,""8"":24}","{""10"":26,""11"":136,""12"":9,""13"":9,""14"":7,""15"":1,""17"":4,""20"":1,""3"":225,""4"":73,""5"":183,""6"":37,""7"":117,""8"":70,""9"":102}","{""Diagonal CMA-ES"":{""attempts"":310,""discoveries"":0,""improvements"":0,""insertions"":0,""insertion_rate"":0.0},""Immigrant"":{""attempts"":158,""discoveries"":0,""improvements"":0,""insertions"":0,""insertion_rate"":0.0},""Morphology"":{""attempts"":289,""discoveries"":0,""improvements"":5,""insertions"":5,""insertion_rate"":0.01730103806228374},""Novelty"":{""attempts"":243,""discoveries"":0,""improvements"":0,""insertions"":0,""insertion_rate"":0.0}}","{""Morphology"":202,""Novelty"":34}",0,0.9180327868852459,false,1000
40,63,64000,1.3308141830000002,0.020984386,0.014365174,0.002904142,0.00371507,1.6573781969999999,69.50488,28.35574,5473.811254650354,181,0.9427083,23,3.270901222449907,59,0.3259668508287293,"{""3"":59,""4"":43,""5"":28,""6"":40,""7"":8,""8"":3}","{""10"":1,""11"":5,""12"":1,""13"":2,""14"":2,""3"":59,""4"":4,""5"":39,""6"":1,""7"":24,""8"":6,""9"":37}",105,4.650505030806216,204,0.204,"{""3"":204,""4"":253,""5"":225,""6"":159,""7"":132,""8"":27}","{""10"":14,""11"":121,""12"":20,""13"":7,""14"":6,""17"":3,""3"":204,""4"":71,""5"":210,""6"":57,""7"":105,""8"":69,""9"":113}","{""Diagonal CMA-ES"":{""attempts"":291,""discoveries"":0,""improvements"":0,""insertions"":0,""insertion_rate"":0.0},""Immigrant"":{""attempts"":175,""discoveries"":0,""improvements"":0,""insertions"":0,""insertion_rate"":0.0},""Morphology"":{""attempts"":285,""discoveries"":1,""improvements"":6,""insertions"":7,""insertion_rate"":0.02456140350877193},""Novelty"":{""attempts"":249,""discoveries"":0,""improvements"":0,""insertions"":0,""insertion_rate"":0.0}}","{""Morphology"":196,""Novelty"":25}",0,0.9180327868852459,false,2000
40,64,65000,1.3629045960000001,0.032090413,0.025421335,0.002955196,0.003713882,1.695090488,69.50488,28.35574,5482.0274848639965,181,0.9427083,23,3.2859046950196262,59,0.3259668508287293,"{""3"":59,""4"":43,""5"":29,""6"":38,""7"":9,""8"":3}","{""10"":1,""11"":6,""12"":1,""13"":2,""14"":2,""3"":59,""4"":4,""5"":39,""6"":1,""7"":25,""8"":6,""9"":35}",99,4.466712110100262,239,0.239,"{""3"":239,""4"":296,""5"":202,""6"":153,""7"":60,""8"":43,""9"":7}","{""10"":19,""11"":33,""12"":9,""13"":39,""14"":9,""15"":4,""20"":2,""3"":239,""4"":72,""5"":245,""6"":51,""7"":111,""8"":65,""9"":102}","{""Diagonal CMA-ES"":{""attempts"":282,""discoveries"":0,""improvements"":1,""insertions"":1,""insertion_rate"":0.0035460992907801418},""Immigrant"":{""attempts"":162,""discoveries"":0,""improvements"":0,""insertions"":0,""insertion_rate"":0.0},""Morphology"":{""attempts"":303,""discoveries"":0,""improvements"":5,""insertions"":5,""insertion_rate"":0.0165016501650165},""Novelty"":{""attempts"":253,""discoveries"":0,""improvements"":0,""insertions"":0,""insertion_rate"":0.0}}","{""Morphology"":200,""Novelty"":31}",0,0.9180327868852459,false,3000
40,65,66000,1.3909688660000001,0.02806427,0.021462868,0.002728421,0.003872981,1.728431131,69.50488,28.35574,5491.1148509681225,181,0.9427083,23,3.277571132660435,59,0.3259668508287293,"{""3"":59,""4"":43,""5"":28,""6"":40,""7"":9,""8"":2}","{""10"":1,""11"":6,""12"":1,""13"":1,""14"":2,""3"":59,""4"":4,""5"":39,""6"":1,""7"":24,""8"":7,""9"":36}",87,4.30666760750558,282,0.282,"{""3"":282,""4"":288,""5"":203,""6"":158,""7"":58,""8"":10,""9"":1}","{""10"":20,""11"":28,""12"":6,""13"":7,""14"":10,""3"":282,""4"":80,""5"":222,""6"":57,""7"":100,""8"":64,""9"":124}","{""Diagonal CMA-ES"":{""attempts"":293,""discoveries"":0,""improvements"":0,""insertions"":0,""insertion_rate"":0.0},""Immigrant"":{""attempts"":142,""discoveries"":0,""improvements"":0,""insertions"":0,""insertion_rate"":0.0},""Morphology"":{""attempts"":287,""discoveries"":0,""improvements"":4,""insertions"":4,""insertion_rate"":0.013937282229965157},""Novelty"":{""attempts"":278,""discoveries"":0,""improvements"":0,""insertions"":0,""insertion_rate"":0.0}}","{""Morphology"":197,""Novelty"":25}",0,0.9180327868852459,false,4000
40,66,67000,1.4206253100000001,0.029656443999999997,0.023127466,0.002641749,0.003887229,1.763907731,69.50488,28.35574,5493.9760963618755,181,0.9427083,23,3.2623019211725857,59,0.3259668508287293,"{""3"":59,""4"":43,""5"":27,""6"":41,""7"":9,""8"":2}","{""10"":1,""11"":6,""12"":1,""13"":1,""14"":2,""3"":59,""4"":4,""5"":39,""6"":1,""7"":23,""8"":7,""9"":37}",97,4.65393752966894,196,0.196,"{""3"":196,""4"":283,""5"":251,""6"":177,""7"":83,""8"":9,""9"":1}","{""10"":29,""11"":41,""12"":7,""13"":3,""14"":17,""15"":1,""3"":196,""4"":83,""5"":230,""6"":60,""7"":132,""8"":73,""9"":128}","{""Diagonal CMA-ES"":{""attempts"":301,""discoveries"":0,""improvements"":1,""insertions"":1,""insertion_rate"":0.0033222591362126247},""Immigrant"":{""attempts"":150,""discoveries"":0,""improvements"":0,""insertions"":0,""insertion_rate"":0.0},""Morphology"":{""attempts"":308,""discoveries"":0,""improvements"":2,""insertions"":2,""insertion_rate"":0.006493506493506494},""Novelty"":{""attempts"":241,""discoveries"":0,""improvements"":1,""insertions"":1,""insertion_rate"":0.004149377593360996}}","{""Morphology"":212,""Novelty"":35}",0,0.9180327868852459,false,5000
40,67,68000,1.4436934120000002,0.023068102,0.016352718,0.002709425,0.004005959,1.792534783,69.50488,28.35574,5508.437941759825,181,0.9427083,22,3.2268327809626034,59,0.3259668508287293,"{""3"":59,""4"":43,""5"":27,""6"":42,""7"":9,""8"":1}","{""10"":1,""11"":6,""12"":1,""14"":2,""3"":59,""4"":4,""5"":39,""6"":1,""7"":23,""8"":7,""9"":38}",98,4.445499555484207,181,0.181,"{""3"":181,""4"":248,""5"":286,""6"":211,""7"":66,""8"":8}","{""10"":27,""11"":27,""12"":5,""13"":1,""14"":14,""15"":2,""17"":1,""3"":181,""4"":63,""5"":199,""6"":56,""7"":185,""8"":75,""9"":164}","{""Diagonal CMA-ES"":{""attempts"":308,""discoveries"":0,""improvements"":0,""insertions"":0,""insertion_rate"":0.0},""Immigrant"":{""attempts"":138,""discoveries"":0,""improvements"":0,""insertions"":0,""insertion_rate"":0.0},""Morphology"":{""attempts"":312,""discoveries"":0,""improvements"":3,""insertions"":3,""insertion_rate"":0.009615384615384616},""Novelty"":{""attempts"":242,""discoveries"":0,""improvements"":0,""insertions"":0,""insertion_rate"":0.0}}","{""Morphology"":202,""Novelty"":23}",0,0.9180327868852459,false,6000
40,68,69000,1.4732916780000003,0.029598266,0.023085911,0.002764041,0.003748314,1.8278534720000001,69.50488,28.35574,5510.157885760069,181,0.9427083,22,3.2413284562876306,59,0.3259668508287293,"{""3"":59,""4"":42,""5"":27,""6"":43,""7"":9,""8"":1}","{""10"":1,""11"":6,""12"":1,""14"":2,""3"":59,""4"":4,""5"":38,""6"":1,""7"":23,""8"":8,""9"":38}",93,4.468602050171285,226,0.226,"{""3"":226,""4"":275,""5"":236,""6"":189,""7"":68,""8"":5,""9"":1}","{""10"":20,""11"":44,""12"":4,""13"":1,""14"":6,""17"":1,""19"":1,""3"":226,""4"":70,""5"":237,""6"":68,""7"":108,""8"":66,""9"":148}","{""Diagonal CMA-ES"":{""attempts"":296,""discoveries"":0,""improvements"":1,""insertions"":1,""insertion_rate"":0.0033783783783783786},""Immigrant"":{""attempts"":161,""discoveries"":0,""improvements"":0,""insertions"":0,""insertion_rate"":0.0},""Morphology"":{""attempts"":284,""discoveries"":0,""improvements"":2,""insertions"":2,""insertion_rate"":0.007042253521126761},""Novelty"":{""attempts"":259,""discoveries"":0,""improvements"":0,""insertions"":0,""insertion_rate"":0.0}}","{""Morphology"":192,""Novelty"":26}",0,0.9180327868852459,false,7000
40,69,70000,1.5105444830000003,0.037252805,0.031013531,0.00256576,0.003673514,1.870056141,69.50488,28.35574,5510.157885760069,181,0.9427083,22,3.241328456287631,59,0.3259668508287293,"{""3"":59,""4"":42,""5"":27,""6"":43,""7"":9,""8"":1}","{""10"":1,""11"":6,""12"":1,""14"":2,""3"":59,""4"":4,""5"":38,""6"":1,""7"":23,""8"":8,""9"":38}",91,4.4786197715977885,222,0.222,"{""3"":222,""4"":285,""5"":226,""6"":184,""7"":76,""8"":5,""9"":2}","{""10"":27,""11"":31,""12"":6,""13"":2,""14"":17,""18"":1,""3"":222,""4"":71,""5"":234,""6"":57,""7"":120,""8"":65,""9"":147}","{""Diagonal CMA-ES"":{""attempts"":316,""discoveries"":0,""improvements"":0,""insertions"":0,""insertion_rate"":0.0},""Immigrant"":{""attempts"":148,""discoveries"":0,""improvements"":0,""insertions"":0,""insertion_rate"":0.0},""Morphology"":{""attempts"":282,""discoveries"":0,""improvements"":0,""insertions"":0,""insertion_rate"":0.0},""Novelty"":{""attempts"":254,""discoveries"":0,""improvements"":0,""insertions"":0,""insertion_rate"":0.0}}","{""Morphology"":184,""Novelty"":30}",0,0.9180327868852459,false,8000
40,70,71000,1.5397343160000003,0.029189833000000002,0.02193304,0.002878021,0.004378772,1.904698068,69.50488,28.690079,5527.393822878599,181,0.9427083,23,3.29927234620542,58,0.32044198895027626,"{""3"":58,""4"":42,""5"":28,""6"":43,""7"":9,""8"":1}","{""10"":1,""11"":7,""12"":1,""14"":2,""3"":58,""4"":4,""5"":38,""6"":1,""7"":23,""8"":9,""9"":37}",90,4.416221079599084,230,0.23,"{""3"":230,""4"":287,""5"":204,""6"":196,""7"":75,""8"":6,""9"":2}","{""10"":21,""11"":38,""12"":7,""13"":3,""14"":17,""17"":1,""3"":230,""4"":71,""5"":234,""6"":57,""7"":110,""8"":62,""9"":149}","{""Diagonal CMA-ES"":{""attempts"":304,""discoveries"":0,""improvements"":0,""insertions"":0,""insertion_rate"":0.0},""Immigrant"":{""attempts"":151,""discoveries"":0,""improvements"":0,""insertions"":0,""insertion_rate"":0.0},""Morphology"":{""attempts"":283,""discoveries"":0,""improvements"":2,""insertions"":2,""insertion_rate"":0.007067137809187279},""Novelty"":{""attempts"":262,""discoveries"":0,""improvements"":1,""insertions"":1,""insertion_rate"":0.003816793893129771}}","{""Morphology"":175,""Novelty"":19}",1,0.9180327868852459,false,9000
40,71,72000,1.5597284910000004,0.019994175000000003,0.012656645,0.003039495,0.004298035,1.932406148,69.50488,28.690798,5565.64770051837,181,0.9427083,23,3.286041073275385,58,0.32044198895027626,"{""3"":58,""4"":40,""5"":28,""6"":45,""7"":9,""8"":1}","{""10"":1,""11"":7,""12"":1,""14"":2,""3"":58,""4"":4,""5"":36,""6"":1,""7"":23,""8"":9,""9"":39}",89,4.335006173789279,213,0.213,"{""3"":213,""4"":344,""5"":211,""6"":164,""7"":64,""8"":4}","{""10"":27,""11"":26,""12"":3,""13"":1,""14"":12,""15"":1,""3"":213,""4"":62,""5"":303,""6"":61,""7"":96,""8"":66,""9"":129}","{""Diagonal CMA-ES"":{""attempts"":292,""discoveries"":0,""improvements"":0,""insertions"":0,""insertion_rate"":0.0},""Immigrant"":{""attempts"":158,""discoveries"":0,""improvements"":0,""insertions"":0,""insertion_rate"":0.0},""Morphology"":{""attempts"":281,""discoveries"":0,""improvements"":4,""insertions"":4,""insertion_rate"":0.014234875444839857},""Novelty"":{""attempts"":269,""discoveries"":0,""improvements"":0,""insertions"":0,""insertion_rate"":0.0}}","{""Morphology"":182,""Novelty"":31}",0,0.9180327868852459,false,10000
40,72,73000,1.5797226670000004,0.019994176000000002,0.013193306,0.002984879,0.003815991,1.958082753,69.50488,28.690798,5583.047208994627,181,0.9427083,24,3.321759338130793,58,0.32044198895027626,"{""3"":58,""4"":40,""5"":28,""6"":44,""7"":10,""8"":1}","{""10"":2,""11"":7,""12"":1,""14"":2,""3"":58,""4"":4,""5"":36,""6"":1,""7"":23,""8"":9,""9"":38}",95,4.529252421005222,236,0.236,"{""3"":236,""4"":288,""5"":221,""6"":173,""7"":77,""8"":5}","{""10"":24,""11"":46,""12"":5,""14"":12,""3"":236,""4"":79,""5"":231,""6"":53,""7"":119,""8"":68,""9"":127}","{""Diagonal CMA-ES"":{""attempts"":302,""discoveries"":0,""improvements"":0,""insertions"":0,""insertion_rate"":0.0},""Immigrant"":{""attempts"":151,""discoveries"":0,""improvements"":0,""insertions"":0,""insertion_rate"":0.0},""Morphology"":{""attempts"":287,""discoveries"":0,""improvements"":2,""insertions"":2,""insertion_rate"":0.006968641114982578},""Novelty"":{""attempts"":260,""discoveries"":0,""improvements"":0,""insertions"":0,""insertion_rate"":0.0}}","{""Morphology"":202,""Novelty"":31}",1,0.9180327868852459,false,11000
40,73,74000,1.6076100290000004,0.027887362000000002,0.021410627,0.002603754,0.003872981,1.991064831,69.50488,28.690798,5590.177786082029,181,0.9427083,25,3.362025453655705,57,0.3149171270718232,"{""3"":57,""4"":40,""5"":29,""6"":44,""7"":10,""8"":1}","{""10"":2,""11"":7,""12"":1,""14"":2,""3"":57,""4"":4,""5"":36,""6"":2,""7"":23,""8"":9,""9"":38}",86,4.399191430095175,258,0.258,"{""3"":258,""4"":290,""5"":212,""6"":167,""7"":64,""8"":8,""9"":1}","{""10"":21,""11"":42,""12"":4,""13"":3,""14"":10,""15"":3,""3"":258,""4"":79,""5"":236,""6"":59,""7"":98,""8"":70,""9"":117}","{""Diagonal CMA-ES"":{""attempts"":295,""discoveries"":0,""improvements"":0,""insertions"":0,""insertion_rate"":0.0},""Immigrant"":{""attempts"":165,""discoveries"":0,""improvements"":0,""insertions"":0,""insertion_rate"":0.0},""Morphology"":{""attempts"":303,""discoveries"":0,""improvements"":2,""insertions"":2,""insertion_rate"":0.006600660066006601},""Novelty"":{""attempts"":237,""discoveries"":0,""improvements"":0,""insertions"":0,""insertion_rate"":0.0}}","{""Morphology"":197,""Novelty"":30}",1,0.9193548387096774,false,12000
40,74,75000,1.6252711550000003,0.017661126,0.011628441,0.002692803,0.003339882,2.013833732,69.50488,29.186895,5631.499093264341,181,0.9427083,25,3.3592663925578514,56,0.30939226519337015,"{""3"":56,""4"":41,""5"":30,""6"":44,""7"":9,""8"":1}","{""10"":2,""11"":6,""12"":1,""14"":2,""3"":56,""4"":4,""5"":37,""6"":2,""7"":24,""8"":9,""9"":38}",107,4.661210446628882,261,0.261,"{""3"":261,""4"":261,""5"":208,""6"":154,""7"":101,""8"":15}","{""10"":38,""11"":47,""12"":14,""14"":13,""15"":2,""3"":261,""4"":79,""5"":203,""6"":72,""7"":94,""8"":53,""9"":124}","{""Diagonal CMA-ES"":{""attempts"":297,""discoveries"":0,""improvements"":1,""insertions"":1,""insertion_rate"":0.003367003367003367},""Immigrant"":{""attempts"":145,""discoveries"":0,""improvements"":0,""insertions"":0,""insertion_rate"":0.0},""Morphology"":{""attempts"":306,""discoveries"":0,""improvements"":6,""insertions"":6,""insertion_rate"":0.0196078431372549},""Novelty"":{""attempts"":252,""discoveries"":0,""improvements"":3,""insertions"":3,""insertion_rate"":0.011904761904761904}}","{""Morphology"":214,""Novelty"":23}",0,0.9193548387096774,false,13000
40,75,76000,1.6445303890000003,0.019259234,0.013105446,0.002697551,0.003456237,2.038334907,69.50488,28.690798,5642.189048975706,182,0.9479167,25,3.3465048715944445,56,0.3076923076923077,"{""3"":56,""4"":42,""5"":30,""6"":44,""7"":9,""8"":1}","{""10"":2,""11"":6,""12"":1,""14"":2,""3"":56,""4"":4,""5"":38,""6"":2,""7"":24,""8"":9,""9"":38}",80,4.175868712251341,259,0.259,"{""3"":259,""4"":345,""5"":232,""6"":107,""7"":55,""8"":2}","{""10"":19,""11"":31,""12"":4,""13"":2,""14"":11,""3"":259,""4"":73,""5"":299,""6"":72,""7"":102,""8"":54,""9"":74}","{""Diagonal CMA-ES"":{""attempts"":284,""discoveries"":0,""improvements"":0,""insertions"":0,""insertion_rate"":0.0},""Immigrant"":{""attempts"":153,""discoveries"":0,""improvements"":0,""insertions"":0,""insertion_rate"":0.0},""Morphology"":{""attempts"":309,""discoveries"":0,""improvements"":3,""insertions"":3,""insertion_rate"":0.009708737864077669},""Novelty"":{""attempts"":254,""discoveries"":1,""improvements"":0,""insertions"":1,""insertion_rate"":0.003937007874015748}}","{""Morphology"":200,""Novelty"":31}",0,0.9206349206349206,false,14000
40,76,77000,1.6648724430000001,0.020342054,0.013967427,0.002693989,0.003680638,2.064138554,69.50488,28.690798,5642.326686114073,182,0.9479167,25,3.3465048715944437,56,0.3076923076923077,"{""3"":56,""4"":42,""5"":30,""6"":44,""7"":9,""8"":1}","{""10"":2,""11"":6,""12"":1,""14"":2,""3"":56,""4"":4,""5"":38,""6"":2,""7"":24,""8"":9,""9"":38}",95,4.409581313095364,273,0.273,"{""3"":273,""4"":280,""5"":191,""6"":182,""7"":65,""8"":9}","{""10"":30,""11"":33,""12"":8,""14"":8,""17"":1,""3"":273,""4"":77,""5"":224,""6"":62,""7"":92,""8"":57,""9"":135}","{""Diagonal CMA-ES"":{""attempts"":302,""discoveries"":0,""improvements"":0,""insertions"":0,""insertion_rate"":0.0},""Immigrant"":{""attempts"":145,""discoveries"":0,""improvements"":0,""insertions"":0,""insertion_rate"":0.0},""Morphology"":{""attempts"":304,""discoveries"":0,""improvements"":1,""insertions"":1,""insertion_rate"":0.003289473684210526},""Novelty"":{""attempts"":249,""discoveries"":0,""improvements"":0,""insertions"":0,""insertion_rate"":0.0}}","{""Morphology"":212,""Novelty"":35}",0,0.921875,false,15000
40,77,78000,1.6839239000000001,0.019051457,0.012471426,0.002807971,0.00377206,2.089203698,69.50488,28.690798,5645.712169855833,182,0.9479167,25,3.3641965937976996,56,0.3076923076923077,"{""3"":56,""4"":42,""5"":30,""6"":44,""7"":9,""8"":1}","{""10"":2,""11"":6,""12"":1,""14"":2,""3"":56,""4"":4,""5"":38,""6"":2,""7"":24,""8"":9,""9"":38}",89,4.33188746509118,250,0.25,"{""3"":250,""4"":272,""5"":212,""6"":199,""7"":60,""8"":7}","{""10"":20,""11"":37,""12"":9,""13"":2,""14"":13,""3"":250,""4"":72,""5"":221,""6"":52,""7"":110,""8"":61,""9"":153}","{""Diagonal CMA-ES"":{""attempts"":309,""discoveries"":0,""improvements"":1,""insertions"":1,""insertion_rate"":0.003236245954692557},""Immigrant"":{""attempts"":148,""discoveries"":0,""improvements"":0,""insertions"":0,""insertion_rate"":0.0},""Morphology"":{""attempts"":293,""discoveries"":0,""improvements"":2,""insertions"":2,""insertion_rate"":0.006825938566552901},""Novelty"":{""attempts"":250,""discoveries"":0,""improvements"":0,""insertions"":0,""insertion_rate"":0.0}}","{""Morphology"":196,""Novelty"":29}",0,0.921875,false,16000
40,78,79000,1.704061738,0.020137838,0.013434328,0.002864961,0.003838549,2.115050087,69.50488,29.186895,5659.514808863401,182,0.9479167,25,3.3883471023991993,55,0.3021978021978022,"{""3"":55,""4"":42,""5"":31,""6"":43,""7"":10,""8"":1}","{""10"":2,""11"":7,""12"":1,""14"":2,""3"":55,""4"":4,""5"":38,""6"":2,""7"":25,""8"":9,""9"":37}",90,4.472960225755065,216,0.216,"{""3"":216,""4"":273,""5"":251,""6"":185,""7"":69,""8"":6}","{""10"":20,""11"":40,""12"":6,""13"":2,""14"":9,""3"":216,""4"":68,""5"":228,""6"":45,""7"":136,""8"":81,""9"":149}","{""Diagonal CMA-ES"":{""attempts"":297,""discoveries"":0,""improvements"":0,""insertions"":0,""insertion_rate"":0.0},""Immigrant"":{""attempts"":140,""discoveries"":0,""improvements"":0,""insertions"":0,""insertion_rate"":0.0},""Morphology"":{""attempts"":316,""discoveries"":0,""improvements"":1,""insertions"":1,""insertion_rate"":0.0031645569620253164},""Novelty"":{""attempts"":247,""discoveries"":0,""improvements"":1,""insertions"":1,""insertion_rate"":0.004048582995951417}}","{""Morphology"":204,""Novelty"":26}",0,0.921875,false,17000
40,79,80000,1.7370746860000001,0.033012948,0.026261946,0.00286971,0.003881292,2.154293999,69.50488,29.186895,5666.952636927366,182,0.9479167,25,3.391893413450949,55,0.3021978021978022,"{""3"":55,""4"":42,""5"":32,""6"":42,""7"":10,""8"":1}","{""10"":2,""11"":7,""12"":1,""14"":2,""3"":55,""4"":4,""5"":38,""6"":2,""7"":26,""8"":9,""9"":36}",87,4.562774285795599,214,0.214,"{""3"":214,""4"":264,""5"":250,""6"":160,""7"":97,""8"":13,""9"":2}","{""10"":28,""11"":69,""12"":4,""13"":6,""14"":10,""17"":4,""3"":214,""4"":70,""5"":220,""6"":60,""7"":141,""8"":70,""9"":104}","{""Diagonal CMA-ES"":{""attempts"":290,""discoveries"":0,""improvements"":0,""insertions"":0,""insertion_rate"":0.0},""Immigrant"":{""attempts"":149,""discoveries"":0,""improvements"":0,""insertions"":0,""insertion_rate"":0.0},""Morphology"":{""attempts"":288,""discoveries"":0,""improvements"":1,""insertions"":1,""insertion_rate"":0.003472222222222222},""Novelty"":{""attempts"":273,""discoveries"":0,""improvements"":0,""insertions"":0,""insertion_rate"":0.0}}","{""Morphology"":204,""Novelty"":35}",0,0.921875,false,18000
40,80,81000,1.7589756690000002,0.021900983,0.015280584,0.002860212,0.003760187,2.182501933,69.50488,29.215628,5698.263035982847,182,0.9479167,25,3.3834131839324098,55,0.3021978021978022,"{""3"":55,""4"":41,""5"":32,""6"":42,""7"":11,""8"":1}","{""10"":2,""11"":7,""12"":1,""14"":2,""3"":55,""4"":3,""5"":38,""6"":2,""7"":26,""8"":8,""9"":38}",94,4.511372762127337,234,0.234,"{""3"":234,""4"":263,""5"":242,""6"":177,""7"":72,""8"":12}","{""10"":23,""11"":49,""12"":8,""14"":9,""15"":1,""17"":3,""19"":1,""3"":234,""4"":65,""5"":222,""6"":55,""7"":132,""8"":69,""9"":129}","{""Diagonal CMA-ES"":{""attempts"":277,""discoveries"":0,""improvements"":0,""insertions"":0,""insertion_rate"":0.0},""Immigrant"":{""attempts"":140,""discoveries"":0,""improvements"":0,""insertions"":0,""insertion_rate"":0.0},""Morphology"":{""attempts"":317,""discoveries"":0,""improvements"":8,""insertions"":8,""insertion_rate"":0.025236593059936908},""Novelty"":{""attempts"":266,""discoveries"":0,""improvements"":1,""insertions"":1,""insertion_rate"":0.0037593984962406013}}","{""Morphology"":208,""Novelty"":28}",1,0.921875,false,19000
40,81,82000,1.7795516230000001,0.020575954,0.013572055,0.002673806,0.004330093,2.208576284,69.50488,29.27613,5713.982944384217,182,0.9479167,25,3.377477384693641,55,0.3021978021978022,"{""3"":55,""4"":42,""5"":32,""6"":42,""7"":10,""8"":1}","{""10"":2,""11"":6,""12"":1,""14"":2,""3"":55,""4"":3,""5"":39,""6"":2,""7"":26,""8"":8,""9"":38}",95,4.50546420016333,190,0.19,"{""3"":190,""4"":273,""5"":229,""6"":220,""7"":82,""8"":6}","{""10"":29,""11"":37,""12"":5,""14"":19,""17"":2,""3"":190,""4"":85,""5"":212,""6"":60,""7"":111,""8"":57,""9"":193}","{""Diagonal CMA-ES"":{""attempts"":294,""discoveries"":0,""improvements"":1,""insertions"":1,""insertion_rate"":0.003401360544217687},""Immigrant"":{""attempts"":141,""discoveries"":0,""improvements"":0,""insertions"":0,""insertion_rate"":0.0},""Morphology"":{""attempts"":311,""discoveries"":0,""improvements"":2,""insertions"":2,""insertion_rate"":0.006430868167202572},""Novelty"":{""attempts"":254,""discoveries"":0,""improvements"":1,""insertions"":1,""insertion_rate"":0.003937007874015748}}","{""Morphology"":207,""Novelty"":29}",0,0.921875,false,20000
40,82,83000,1.8062920510000002,0.026740428,0.020678061,0.002587132,0.003475235,2.240565777,69.50488,29.27613,5724.593564644456,182,0.9479167,24,3.3477561519994565,55,0.3021978021978022,"{""3"":55,""4"":43,""5"":33,""6"":41,""7"":9,""8"":1}","{""10"":2,""11"":6,""12"":1,""14"":2,""3"":55,""4"":3,""5"":40,""6"":2,""7"":27,""8"":8,""9"":36}",89,4.360601418305407,254,0.254,"{""3"":254,""4"":270,""5"":226,""6"":178,""7"":66,""8"":5,""9"":1}","{""10"":29,""11"":38,""12"":5,""13"":2,""14"":11,""3"":254,""4"":65,""5"":237,""6"":55,""7"":116,""8"":56,""9"":132}","{""Diagonal CMA-ES"":{""attempts"":304,""discoveries"":0,""improvements"":0,""insertions"":0,""insertion_rate"":0.0},""Immigrant"":{""attempts"":162,""discoveries"":0,""improvements"":0,""insertions"":0,""insertion_rate"":0.0},""Morphology"":{""attempts"":284,""discoveries"":0,""improvements"":6,""insertions"":6,""insertion_rate"":0.02112676056338028},""Novelty"":{""attempts"":250,""discoveries"":0,""improvements"":0,""insertions"":0,""insertion_rate"":0.0}}","{""Morphology"":196,""Novelty"":41}",0,0.921875,false,21000
40,83,84000,1.8283770670000001,0.022085016,0.015423061,0.002664307,0.003997648,2.268507755,69.50488,29.420698,5752.907387390733,182,0.9479167,24,3.3394379545257036,56,0.3076923076923077,"{""3"":56,""4"":43,""5"":33,""6"":40,""7"":9,""8"":1}","{""10"":2,""11"":6,""12"":1,""14"":2,""3"":56,""4"":3,""5"":40,""6"":2,""7"":27,""8"":8,""9"":35}",88,4.373815551382911,270,0.27,"{""3"":270,""4"":287,""5"":247,""6"":142,""7"":46,""8"":8}","{""10"":18,""11"":44,""12"":5,""14"":6,""15"":1,""17"":2,""3"":270,""4"":72,""5"":242,""6"":68,""7"":116,""8"":60,""9"":96}","{""Diagonal CMA-ES"":{""attempts"":286,""discoveries"":0,""improvements"":1,""insertions"":1,""insertion_rate"":0.0034965034965034965},""Immigrant"":{""attempts"":180,""discoveries"":0,""improvements"":0,""insertions"":0,""insertion_rate"":0.0},""Morphology"":{""attempts"":284,""discoveries"":0,""improvements"":1,""insertions"":1,""insertion_rate"":0.0035211267605633804},""Novelty"":{""attempts"":250,""discoveries"":0,""improvements"":2,""insertions"":2,""insertion_rate"":0.008}}","{""Morphology"":195,""Novelty"":25}",0,0.9230769230769231,false,22000
40,84,85000,1.860241894,0.031864827,0.025061583,0.00311192,0.003691324,2.306293659,69.50488,29.420698,5761.136232510209,182,0.9479167,24,3.339437954525703,56,0.3076923076923077,"{""3"":56,""4"":43,""5"":33,""6"":40,""7"":9,""8"":1}","{""10"":2,""11"":6,""12"":1,""14"":2,""3"":56,""4"":3,""5"":40,""6"":2,""7"":27,""8"":8,""9"":35}",94,4.432358405063207,261,0.261,"{""3"":261,""4"":298,""5"":213,""6"":148,""7"":69,""8"":10,""9"":1}","{""10"":27,""11"":62,""12"":7,""14"":8,""15"":1,""17"":1,""18"":1,""3"":261,""4"":75,""5"":240,""6"":56,""7"":109,""8"":61,""9"":91}","{""Diagonal CMA-ES"":{""attempts"":285,""discoveries"":0,""improvements"":0,""insertions"":0,""insertion_rate"":0.0},""Immigrant"":{""attempts"":144,""discoveries"":0,""improvements"":0,""insertions"":0,""insertion_rate"":0.0},""Morphology"":{""attempts"":307,""discoveries"":0,""improvements"":3,""insertions"":3,""insertion_rate"":0.009771986970684038},""Novelty"":{""attempts"":264,""discoveries"":0,""improvements"":1,""insertions"":1,""insertion_rate"":0.003787878787878788}}","{""Morphology"":216,""Novelty"":38}",0,0.9230769230769231,false,23000
40,85,86000,1.8784527420000001,0.018210847999999998,0.011614194,0.002658371,0.003938283,2.3298141230000002,69.50488,29.420698,5769.847326412797,182,0.9479167,24,3.3222559975151684,56,0.3076923076923077,"{""3"":56,""4"":45,""5"":32,""6"":40,""7"":8,""8"":1}","{""10"":2,""11"":5,""12"":1,""14"":2,""3"":56,""4"":3,""5"":42,""6"":2,""7"":26,""8"":8,""9"":35}",91,4.3790511067166396,248,0.248,"{""3"":248,""4"":294,""5"":234,""6"":155,""7"":59,""8"":10}","{""10"":22,""11"":37,""12"":8,""13"":3,""14"":10,""15"":1,""3"":248,""4"":72,""5"":246,""6"":48,""7"":141,""8"":66,""9"":98}","{""Diagonal CMA-ES"":{""attempts"":309,""discoveries"":0,""improvements"":0,""insertions"":0,""insertion_rate"":0.0},""Immigrant"":{""attempts"":116,""discoveries"":0,""improvements"":0,""insertions"":0,""insertion_rate"":0.0},""Morphology"":{""attempts"":314,""discoveries"":0,""improvements"":4,""insertions"":4,""insertion_rate"":0.012738853503184714},""Novelty"":{""attempts"":261,""discoveries"":0,""improvements"":0,""insertions"":0,""insertion_rate"":0.0}}","{""Morphology"":190,""Novelty"":34}",0,0.9230769230769231,false,24000
40,86,87000,1.895414546,0.016961804,0.010623983,0.002504021,0.0038338,2.351785157,69.50488,29.671398,5782.680995121598,182,0.9479167,24,3.3222559975151684,56,0.3076923076923077,"{""3"":56,""4"":45,""5"":32,""6"":40,""7"":8,""8"":1}","{""10"":2,""11"":5,""12"":1,""14"":2,""3"":56,""4"":3,""5"":42,""6"":2,""7"":26,""8"":8,""9"":35}",81,4.156474995007417,259,0.259,"{""3"":259,""4"":344,""5"":233,""6"":119,""7"":42,""8"":3}","{""10"":19,""11"":24,""12"":2,""14"":8,""3"":259,""4"":69,""5"":291,""6"":60,""7"":121,""8"":69,""9"":78}","{""Diagonal CMA-ES"":{""attempts"":301,""discoveries"":0,""improvements"":0,""insertions"":0,""insertion_rate"":0.0},""Immigrant"":{""attempts"":146,""discoveries"":0,""improvements"":0,""insertions"":0,""insertion_rate"":0.0},""Morphology"":{""attempts"":320,""discoveries"":0,""improvements"":2,""insertions"":2,""insertion_rate"":0.00625},""Novelty"":{""attempts"":233,""discoveries"":0,""improvements"":1,""insertions"":1,""insertion_rate"":0.004291845493562232}}","{""Morphology"":204,""Novelty"":26}",0,0.9230769230769231,false,25000
40,87,88000,1.9152686190000001,0.019854073,0.012565223,0.002895831,0.004393019,2.376904917,69.50488,29.671398,5796.639920368791,182,0.9479167,24,3.3198241802381023,56,0.3076923076923077,"{""3"":56,""4"":46,""5"":31,""6"":40,""7"":8,""8"":1}","{""10"":2,""11"":5,""12"":1,""14"":2,""3"":56,""4"":3,""5"":43,""6"":2,""7"":25,""8"":8,""9"":35}",86,4.23755637350487,276,0.276,"{""3"":276,""4"":306,""5"":237,""6"":113,""7"":62,""8"":6}","{""10"":20,""11"":30,""12"":4,""13"":1,""14"":11,""3"":276,""4"":64,""5"":267,""6"":65,""7"":123,""8"":48,""9"":91}","{""Diagonal CMA-ES"":{""attempts"":301,""discoveries"":0,""improvements"":0,""insertions"":0,""insertion_rate"":0.0},""Immigrant"":{""attempts"":152,""discoveries"":0,""improvements"":0,""insertions"":0,""insertion_rate"":0.0},""Morphology"":{""attempts"":285,""discoveries"":0,""improvements"":1,""insertions"":1,""insertion_rate"":0.0035087719298245615},""Novelty"":{""attempts"":262,""discoveries"":0,""improvements"":2,""insertions"":2,""insertion_rate"":0.007633587786259542}}","{""Morphology"":199,""Novelty"":32}",0,0.9230769230769231,false,26000
40,88,89000,1.934755816,0.019487196999999998,0.013206366,0.002652434,0.003628397,2.401256492,69.50488,29.671398,5808.943891957402,182,0.9479167,24,3.319824180238102,56,0.3076923076923077,"{""3"":56,""4"":46,""5"":31,""6"":40,""7"":8,""8"":1}","{""10"":2,""11"":5,""12"":1,""14"":2,""3"":56,""4"":3,""5"":43,""6"":2,""7"":25,""8"":8,""9"":35}",86,4.167245597534073,288,0.288,"{""3"":288,""4"":275,""5"":217,""6"":151,""7"":60,""8"":9}","{""10"":25,""11"":32,""12"":7,""14"":10,""15"":2,""17"":1,""19"":1,""3"":288,""4"":75,""5"":213,""6"":40,""7"":132,""8"":59,""9"":115}","{""Diagonal CMA-ES"":{""attempts"":325,""discoveries"":0,""improvements"":1,""insertions"":1,""insertion_rate"":0.003076923076923077},""Immigrant"":{""attempts"":146,""discoveries"":0,""improvements"":0,""insertions"":0,""insertion_rate"":0.0},""Morphology"":{""attempts"":265,""discoveries"":0,""improvements"":2,""insertions"":2,""insertion_rate"":0.007547169811320755},""Novelty"":{""attempts"":264,""discoveries"":0,""improvements"":0,""insertions"":0,""insertion_rate"":0.0}}","{""Morphology"":168,""Novelty"":20}",0,0.9230769230769231,false,27000
40,89,90000,1.951249822,0.016494006,0.010330719,0.002515894,0.003647393,2.422676618,69.50488,29.671398,5810.789175465703,182,0.9479167,24,3.319824180238102,56,0.3076923076923077,"{""3"":56,""4"":46,""5"":31,""6"":40,""7"":8,""8"":1}","{""10"":2,""11"":5,""12"":1,""14"":2,""3"":56,""4"":3,""5"":43,""6"":2,""7"":25,""8"":8,""9"":35}",85,4.4392084110487335,235,0.235,"{""3"":235,""4"":292,""5"":255,""6"":160,""7"":53,""8"":5}","{""10"":21,""11"":30,""12"":4,""13"":1,""14"":13,""3"":235,""4"":73,""5"":248,""6"":58,""7"":131,""8"":61,""9"":125}","{""Diagonal CMA-ES"":{""attempts"":290,""discoveries"":0,""improvements"":0,""insertions"":0,""insertion_rate"":0.0},""Immigrant"":{""attempts"":148,""discoveries"":0,""improvements"":0,""insertions"":0,""insertion_rate"":0.0},""Morphology"":{""attempts"":302,""discoveries"":0,""improvements"":2,""insertions"":2,""insertion_rate"":0.006622516556291391},""Novelty"":{""attempts"":260,""discoveries"":0,""improvements"":0,""insertions"":0,""insertion_rate"":0.0}}","{""Morphology"":195,""Novelty"":24}",0,0.9230769230769231,false,28000
40,90,91000,1.98327256,0.032022738,0.025458142,0.002946885,0.003617711,2.461323316,69.50488,29.70739,5820.478224948049,182,0.9479167,25,3.3537281906048344,56,0.3076923076923077,"{""3"":56,""4"":45,""5"":32,""6"":40,""7"":8,""8"":1}","{""10"":2,""11"":5,""12"":1,""14"":2,""3"":56,""4"":3,""5"":42,""6"":3,""7"":25,""8"":8,""9"":35}",89,4.313813796002683,266,0.266,"{""3"":266,""4"":294,""5"":224,""6"":144,""7"":59,""8"":12,""9"":1}","{""10"":21,""11"":37,""12"":6,""13"":2,""14"":13,""15"":2,""17"":2,""18"":1,""3"":266,""4"":78,""5"":236,""6"":53,""7"":127,""8"":48,""9"":108}","{""Diagonal CMA-ES"":{""attempts"":302,""discoveries"":0,""improvements"":0,""insertions"":0,""insertion_rate"":0.0},""Immigrant"":{""attempts"":136,""discoveries"":0,""improvements"":0,""insertions"":0,""insertion_rate"":0.0},""Morphology"":{""attempts"":304,""discoveries"":0,""improvements"":1,""insertions"":1,""insertion_rate"":0.003289473684210526},""Novelty"":{""attempts"":258,""discoveries"":0,""improvements"":2,""insertions"":2,""insertion_rate"":0.007751937984496124}}","{""Morphology"":205,""Novelty"":42}",1,0.9230769230769231,false,29000
40,91,92000,2.01448437,0.03121181,0.025861824,0.001783329,0.003566657,2.497025504,69.50488,29.70739,5851.989043429494,182,0.9479167,25,3.353728190604834,56,0.3076923076923077,"{""3"":56,""4"":45,""5"":32,""6"":40,""7"":8,""8"":1}","{""10"":2,""11"":5,""12"":1,""14"":2,""3"":56,""4"":3,""5"":42,""6"":3,""7"":25,""8"":8,""9"":35}",89,4.359308418298068,271,0.271,"{""3"":271,""4"":292,""5"":214,""6"":154,""7"":62,""8"":6,""9"":1}","{""10"":21,""11"":40,""12"":4,""14"":11,""17"":2,""19"":1,""20"":1,""3"":271,""4"":87,""5"":225,""6"":52,""7"":124,""8"":55,""9"":106}","{""Diagonal CMA-ES"":{""attempts"":288,""discoveries"":0,""improvements"":0,""insertions"":0,""insertion_rate"":0.0},""Immigrant"":{""attempts"":159,""discoveries"":0,""improvements"":0,""insertions"":0,""insertion_rate"":0.0},""Morphology"":{""attempts"":308,""discoveries"":0,""improvements"":3,""insertions"":3,""insertion_rate"":0.00974025974025974},""Novelty"":{""attempts"":245,""discoveries"":0,""improvements"":0,""insertions"":0,""insertion_rate"":0.0}}","{""Morphology"":205,""Novelty"":25}",0,0.9230769230769231,false,30000
40,92,93000,2.045465842,0.030981472000000003,0.024574788,0.002860212,0.003546472,2.532373875,69.50488,29.70739,5859.07871247828,182,0.9479167,28,3.421072901469541,56,0.3076923076923077,"{""3"":56,""4"":43,""5"":32,""6"":41,""7"":8,""8"":2}","{""10"":2,""11"":6,""12"":1,""14"":1,""17"":1,""3"":56,""4"":3,""5"":40,""6"":3,""7"":25,""8"":9,""9"":35}",92,4.35537089451027,271,0.271,"{""3"":271,""4"":291,""5"":226,""6"":148,""7"":53,""8"":9,""9"":2}","{""10"":27,""11"":29,""12"":9,""13"":3,""14"":9,""17"":1,""18"":1,""3"":271,""4"":73,""5"":240,""6"":55,""7"":125,""8"":56,""9"":101}","{""Diagonal CMA-ES"":{""attempts"":294,""discoveries"":0,""improvements"":0,""insertions"":0,""insertion_rate"":0.0},""Immigrant"":{""attempts"":143,""discoveries"":0,""improvements"":0,""insertions"":0,""insertion_rate"":0.0},""Morphology"":{""attempts"":294,""discoveries"":0,""improvements"":2,""insertions"":2,""insertion_rate"":0.006802721088435374},""Novelty"":{""attempts"":269,""discoveries"":0,""improvements"":1,""insertions"":1,""insertion_rate"":0.0037174721189591076}}","{""Morphology"":199,""Novelty"":40}",3,0.9230769230769231,false,31000
40,93,94000,2.076441378,0.030975536,0.023318622,0.002718923,0.004937991,2.567722247,69.50488,29.70739,5874.295391097665,182,0.9479167,28,3.402454920223703,56,0.3076923076923077,"{""3"":56,""4"":45,""5"":30,""6"":41,""7"":8,""8"":2}","{""10"":2,""11"":6,""12"":1,""14"":1,""17"":1,""3"":56,""4"":3,""5"":42,""6"":3,""7"":23,""8"":9,""9"":35}",93,4.431310362605145,252,0.252,"{""3"":252,""4"":298,""5"":234,""6"":147,""7"":53,""8"":15,""9"":1}","{""10"":24,""11"":33,""12"":7,""13"":1,""14"":8,""15"":2,""17"":5,""3"":252,""4"":76,""5"":238,""6"":62,""7"":121,""8"":63,""9"":108}","{""Diagonal CMA-ES"":{""attempts"":318,""discoveries"":0,""improvements"":0,""insertions"":0,""insertion_rate"":0.0},""Immigrant"":{""attempts"":150,""discoveries"":0,""improvements"":0,""insertions"":0,""insertion_rate"":0.0},""Morphology"":{""attempts"":301,""discoveries"":0,""improvements"":5,""insertions"":5,""insertion_rate"":0.016611295681063124},""Novelty"":{""attempts"":231,""discoveries"":0,""improvements"":0,""insertions"":0,""insertion_rate"":0.0}}","{""Morphology"":201,""Novelty"":21}",0,0.9242424242424242,false,32000
40,94,95000,2.098439721,0.021998343,0.015170165,0.002761666,0.004066512,2.595891,69.50488,30.163033,5887.622141852975,182,0.9479167,28,3.4223117284576157,55,0.3021978021978022,"{""3"":55,""4"":45,""5"":31,""6"":41,""7"":8,""8"":2}","{""10"":2,""11"":6,""12"":1,""14"":1,""17"":1,""3"":55,""4"":3,""5"":42,""6"":3,""7"":24,""8"":9,""9"":35}",92,4.60170318436534,263,0.263,"{""3"":263,""4"":259,""5"":188,""6"":179,""7"":91,""8"":20}","{""10"":35,""11"":62,""12"":9,""14"":14,""17"":9,""3"":263,""4"":79,""5"":203,""6"":62,""7"":81,""8"":83,""9"":100}","{""Diagonal CMA-ES"":{""attempts"":281,""discoveries"":0,""improvements"":0,""insertions"":0,""insertion_rate"":0.0},""Immigrant"":{""attempts"":158,""discoveries"":0,""improvements"":0,""insertions"":0,""insertion_rate"":0.0},""Morphology"":{""attempts"":283,""discoveries"":0,""improvements"":6,""insertions"":6,""insertion_rate"":0.02120141342756184},""Novelty"":{""attempts"":278,""discoveries"":0,""improvements"":0,""insertions"":0,""insertion_rate"":0.0}}","{""Morphology"":197,""Novelty"":19}",0,0.9242424242424242,false,33000
40,95,96000,2.133086397,0.034646676,0.027453997,0.002970631,0.004222048,2.636779326,69.50488,30.163033,5895.984496131539,182,0.9479167,28,3.4250372016272856,55,0.3021978021978022,"{""3"":55,""4"":45,""5"":32,""6"":40,""7"":8,""8"":2}","{""10"":2,""11"":6,""12"":1,""14"":1,""17"":1,""3"":55,""4"":3,""5"":42,""6"":3,""7"":25,""8"":9,""9"":34}",88,4.451897199847257,298,0.298,"{""3"":298,""4"":247,""5"":215,""6"":154,""7"":69,""8"":15,""9"":2}","{""10"":19,""11"":50,""12"":6,""13"":1,""14"":16,""15"":1,""17"":7,""3"":298,""4"":75,""5"":200,""6"":58,""7"":103,""8"":78,""9"":88}","{""Diagonal CMA-ES"":{""attempts"":298,""discoveries"":0,""improvements"":0,""insertions"":0,""insertion_rate"":0.0},""Immigrant"":{""attempts"":169,""discoveries"":0,""improvements"":0,""insertions"":0,""insertion_rate"":0.0},""Morphology"":{""attempts"":296,""discoveries"":0,""improvements"":4,""insertions"":4,""insertion_rate"":0.013513513513513514},""Novelty"":{""attempts"":237,""discoveries"":0,""improvements"":1,""insertions"":1,""insertion_rate"":0.004219409282700422}}","{""Morphology"":195,""Novelty"":33}",0,0.927536231884058,false,34000
40,96,97000,2.154365234,0.021278837,0.01520341,0.002242814,0.003832613,2.662752756,69.50488,30.163033,5897.88237477839,182,0.9479167,28,3.4250372016272865,55,0.3021978021978022,"{""3"":55,""4"":45,""5"":32,""6"":40,""7"":8,""8"":2}","{""10"":2,""11"":6,""12"":1,""14"":1,""17"":1,""3"":55,""4"":3,""5"":42,""6"":3,""7"":25,""8"":9,""9"":34}",99,4.6414514110857805,272,0.272,"{""3"":272,""4"":241,""5"":218,""6"":183,""7"":65,""8"":21}","{""10"":25,""11"":47,""12"":13,""13"":2,""14"":7,""15"":2,""17"":6,""3"":272,""4"":91,""5"":172,""6"":68,""7"":100,""8"":83,""9"":112}","{""Diagonal CMA-ES"":{""attempts"":286,""discoveries"":0,""improvements"":1,""insertions"":1,""insertion_rate"":0.0034965034965034965},""Immigrant"":{""attempts"":153,""discoveries"":0,""improvements"":0,""insertions"":0,""insertion_rate"":0.0},""Morphology"":{""attempts"":316,""discoveries"":0,""improvements"":0,""insertions"":0,""insertion_rate"":0.0},""Novelty"":{""attempts"":245,""discoveries"":0,""improvements"":0,""insertions"":0,""insertion_rate"":0.0}}","{""Morphology"":215,""Novelty"":36}",0,0.927536231884058,false,35000
40,97,98000,2.183219061,0.028853827,0.02485143,0.001517373,0.002485024,2.694679322,69.50488,30.24319,5908.92125608027,182,0.9479167,28,3.42260538435022,55,0.3021978021978022,"{""3"":55,""4"":46,""5"":31,""6"":40,""7"":8,""8"":2}","{""10"":2,""11"":6,""12"":1,""14"":1,""17"":1,""3"":55,""4"":3,""5"":43,""6"":3,""7"":24,""8"":9,""9"":34}",84,4.316252950631279,262,0.262,"{""3"":262,""4"":295,""5"":226,""6"":149,""7"":57,""8"":9,""9"":2}","{""10"":20,""11"":30,""12"":10,""14"":11,""15"":2,""17"":3,""18"":1,""3"":262,""4"":103,""5"":211,""6"":50,""7"":120,""8"":69,""9"":108}","{""Diagonal CMA-ES"":{""attempts"":297,""discoveries"":0,""improvements"":0,""insertions"":0,""insertion_rate"":0.0},""Immigrant"":{""attempts"":134,""discoveries"":0,""improvements"":0,""insertions"":0,""insertion_rate"":0.0},""Morphology"":{""attempts"":325,""discoveries"":0,""improvements"":7,""insertions"":7,""insertion_rate"":0.021538461538461538},""Novelty"":{""attempts"":244,""discoveries"":0,""improvements"":0,""insertions"":0,""insertion_rate"":0.0}}","{""Morphology"":214,""Novelty"":34}",0,0.927536231884058,false,36000
40,98,99000,2.203893561,0.0206745,0.014468469,0.00258832,0.003617711,2.720596949,69.50488,30.24319,5918.183360114694,182,0.9479167,28,3.4278911909083165,55,0.3021978021978022,"{""3"":55,""4"":47,""5"":30,""6"":40,""7"":8,""8"":2}","{""10"":2,""11"":6,""12"":1,""14"":1,""17"":1,""3"":55,""4"":3,""5"":44,""6"":3,""7"":23,""8"":9,""9"":34}",89,4.414257767208942,255,0.255,"{""3"":255,""4"":313,""5"":219,""6"":150,""7"":51,""8"":12}","{""10"":21,""11"":41,""12"":6,""13"":4,""14"":7,""17"":3,""3"":255,""4"":79,""5"":249,""6"":57,""7"":114,""8"":68,""9"":96}","{""Diagonal CMA-ES"":{""attempts"":285,""discoveries"":0,""improvements"":0,""insertions"":0,""insertion_rate"":0.0},""Immigrant"":{""attempts"":138,""discoveries"":0,""improvements"":0,""insertions"":0,""insertion_rate"":0.0},""Morphology"":{""attempts"":318,""discoveries"":0,""improvements"":3,""insertions"":3,""insertion_rate"":0.009433962264150943},""Novelty"":{""attempts"":259,""discoveries"":0,""improvements"":0,""insertions"":0,""insertion_rate"":0.0}}","{""Morphology"":217,""Novelty"":30}",0,0.927536231884058,false,37000
40,99,100000,2.222117467,0.018223905999999998,0.011680682,0.002728421,0.003814803,2.744459356,69.50488,31.055052,5927.532999053597,182,0.9479167,28,3.4059572409438497,56,0.3076923076923077,"{""3"":56,""4"":47,""5"":29,""6"":40,""7"":8,""8"":2}","{""10"":2,""11"":6,""12"":1,""14"":1,""17"":1,""3"":56,""4"":3,""5"":44,""6"":3,""7"":23,""8"":8,""9"":34}",95,4.420602704463605,270,0.27,"{""3"":270,""4"":279,""5"":237,""6"":132,""7"":71,""8"":11}","{""10"":26,""11"":39,""12"":6,""14"":11,""15"":1,""17"":4,""3"":270,""4"":62,""5"":237,""6"":57,""7"":116,""8"":76,""9"":95}","{""Diagonal CMA-ES"":{""attempts"":300,""discoveries"":0,""improvements"":1,""insertions"":1,""insertion_rate"":0.0033333333333333335},""Immigrant"":{""attempts"":137,""discoveries"":0,""improvements"":0,""insertions"":0,""insertion_rate"":0.0},""Morphology"":{""attempts"":314,""discoveries"":0,""improvements"":3,""insertions"":3,""insertion_rate"":0.009554140127388535},""Novelty"":{""attempts"":249,""discoveries"":0,""improvements"":0,""insertions"":0,""insertion_rate"":0.0}}","{""Morphology"":210,""Novelty"":30}",0,0.927536231884058,false,38000
40,100,101000,2.243944839,0.021827371999999998,0.014716616,0.00290533,0.004205426,2.772999735,69.50488,31.314342,5988.280080810189,182,0.9479167,28,3.4182246034869723,56,0.3076923076923077,"{""3"":56,""4"":46,""5"":30,""6"":40,""7"":8,""8"":2}","{""10"":2,""11"":6,""12"":1,""14"":1,""17"":1,""3"":56,""4"":3,""5"":43,""6"":3,""7"":23,""8"":9,""9"":34}",92,4.346287513783658,264,0.264,"{""3"":264,""4"":281,""5"":246,""6"":151,""7"":48,""8"":10}","{""10"":18,""11"":32,""12"":6,""13"":1,""14"":9,""17"":3,""3"":264,""4"":77,""5"":229,""6"":59,""7"":133,""8"":55,""9"":114}","{""Diagonal CMA-ES"":{""attempts"":307,""discoveries"":0,""improvements"":1,""insertions"":1,""insertion_rate"":0.003257328990228013},""Immigrant"":{""attempts"":151,""discoveries"":0,""improvements"":0,""insertions"":0,""insertion_rate"":0.0},""Morphology"":{""attempts"":275,""discoveries"":0,""improvements"":5,""insertions"":5,""insertion_rate"":0.01818181818181818},""Novelty"":{""attempts"":267,""discoveries"":0,""improvements"":1,""insertions"":1,""insertion_rate"":0.003745318352059925}}","{""Morphology"":171,""Novelty"":26}",0,0.927536231884058,false,39000
40,101,102000,2.263128086,0.019183247,0.013852259,0.001723963,0.003607025,2.796599748,69.50488,31.314342,6014.024171844125,182,0.9479167,28,3.4195930410215567,55,0.3021978021978022,"{""3"":55,""4"":46,""5"":31,""6"":40,""7"":8,""8"":2}","{""10"":2,""11"":6,""12"":1,""14"":1,""17"":1,""3"":55,""4"":3,""5"":43,""6"":3,""7"":24,""8"":9,""9"":34}",84,4.181824104586752,247,0.247,"{""3"":247,""4"":268,""5"":217,""6"":217,""7"":45,""8"":6}","{""10"":15,""11"":30,""12"":3,""14"":10,""15"":1,""17"":3,""3"":247,""4"":84,""5"":209,""6"":54,""7"":105,""8"":62,""9"":177}","{""Diagonal CMA-ES"":{""attempts"":315,""discoveries"":0,""improvements"":0,""insertions"":0,""insertion_rate"":0.0},""Immigrant"":{""attempts"":160,""discoveries"":0,""improvements"":0,""insertions"":0,""insertion_rate"":0.0},""Morphology"":{""attempts"":288,""discoveries"":0,""improvements"":3,""insertions"":3,""insertion_rate"":0.010416666666666666},""Novelty"":{""attempts"":237,""discoveries"":0,""improvements"":0,""insertions"":0,""insertion_rate"":0.0}}","{""Morphology"":188,""Novelty"":21}",0,0.927536231884058,false,40000
40,102,103000,2.295795529,0.032667443,0.026448352,0.00253964,0.003679451,2.834541188,69.50488,31.314342,6014.024171844125,182,0.9479167,28,3.4195930410215563,55,0.3021978021978022,"{""3"":55,""4"":46,""5"":31,""6"":40,""7"":8,""8"":2}","{""10"":2,""11"":6,""12"":1,""14"":1,""17"":1,""3"":55,""4"":3,""5"":43,""6"":3,""7"":24,""8"":9,""9"":34}",86,4.397983682473047,229,0.229,"{""3"":229,""4"":313,""5"":225,""6"":179,""7"":48,""8"":4,""9"":2}","{""10"":21,""11"":30,""12"":2,""13"":2,""14"":7,""17"":1,""18"":1,""3"":229,""4"":71,""5"":266,""6"":63,""7"":98,""8"":64,""9"":145}","{""Diagonal CMA-ES"":{""attempts"":300,""discoveries"":0,""improvements"":0,""insertions"":0,""insertion_rate"":0.0},""Immigrant"":{""attempts"":161,""discoveries"":0,""improvements"":0,""insertions"":0,""insertion_rate"":0.0},""Morphology"":{""attempts"":293,""discoveries"":0,""improvements"":0,""insertions"":0,""insertion_rate"":0.0},""Novelty"":{""attempts"":246,""discoveries"":0,""improvements"":0,""insertions"":0,""insertion_rate"":0.0}}","{""Morphology"":194,""Novelty"":37}",0,0.927536231884058,false,41000
40,103,104000,2.331278067,0.035482538,0.029877282,0.002597818,0.003007438,2.875295349,69.50488,31.314342,6018.701844066381,182,0.9479167,28,3.4223859692178396,55,0.3021978021978022,"{""3"":55,""4"":45,""5"":31,""6"":41,""7"":8,""8"":2}","{""10"":2,""11"":6,""12"":1,""14"":1,""17"":1,""3"":55,""4"":3,""5"":42,""6"":3,""7"":23,""8"":10,""9"":35}",86,4.384340419176901,274,0.274,"{""3"":274,""4"":280,""5"":224,""6"":155,""7"":56,""8"":9,""9"":2}","{""10"":29,""11"":37,""12"":9,""13"":1,""14"":5,""17"":2,""20"":1,""23"":1,""3"":274,""4"":90,""5"":208,""6"":65,""7"":100,""8"":76,""9"":102}","{""Diagonal CMA-ES"":{""attempts"":267,""discoveries"":0,""improvements"":1,""insertions"":1,""insertion_rate"":0.003745318352059925},""Immigrant"":{""attempts"":162,""discoveries"":0,""improvements"":0,""insertions"":0,""insertion_rate"":0.0},""Morphology"":{""attempts"":307,""discoveries"":0,""improvements"":5,""insertions"":5,""insertion_rate"":0.016286644951140065},""Novelty"":{""attempts"":264,""discoveries"":0,""improvements"":0,""insertions"":0,""insertion_rate"":0.0}}","{""Morphology"":207,""Novelty"":33}",0,0.927536231884058,false,42000
40,104,105000,2.349873599,0.018595531999999998,0.013464011,0.002582383,0.002549138,2.899209997,69.50488,31.314342,6042.481055110693,183,0.953125,28,3.4651548194715747,55,0.3005464480874317,"{""3"":55,""4"":46,""5"":31,""6"":39,""7"":10,""8"":2}","{""10"":2,""11"":8,""12"":1,""14"":1,""17"":1,""3"":55,""4"":4,""5"":42,""6"":3,""7"":23,""8"":10,""9"":33}",81,4.366285458473216,240,0.24,"{""3"":240,""4"":295,""5"":247,""6"":163,""7"":45,""8"":10}","{""10"":16,""11"":38,""12"":8,""13"":1,""14"":6,""17"":4,""3"":240,""4"":76,""5"":247,""6"":63,""7"":109,""8"":79,""9"":113}","{""Diagonal CMA-ES"":{""attempts"":342,""discoveries"":0,""improvements"":0,""insertions"":0,""insertion_rate"":0.0},""Immigrant"":{""attempts"":140,""discoveries"":0,""improvements"":0,""insertions"":0,""insertion_rate"":0.0},""Morphology"":{""attempts"":303,""discoveries"":0,""improvements"":4,""insertions"":4,""insertion_rate"":0.013201320132013201},""Novelty"":{""attempts"":215,""discoveries"":1,""improvements"":0,""insertions"":1,""insertion_rate"":0.004651162790697674}}","{""Morphology"":204,""Novelty"":28}",0,0.927536231884058,false,43000
40,105,106000,2.370859172,0.020985573,0.014986133,0.002696364,0.003303076,2.925654787,69.50488,31.486738,6066.763753980398,183,0.953125,27,3.3973279583325553,56,0.30601092896174864,"{""3"":56,""4"":46,""5"":30,""6"":40,""7"":9,""8"":2}","{""10"":2,""11"":7,""12"":1,""14"":1,""17"":1,""3"":56,""4"":4,""5"":42,""6"":2,""7"":23,""8"":10,""9"":34}",88,4.275971438123493,182,0.182,"{""3"":182,""4"":348,""5"":223,""6"":199,""7"":45,""8"":3}","{""10"":17,""11"":28,""12"":4,""13"":1,""14"":11,""17"":1,""3"":182,""4"":181,""5"":202,""6"":55,""7"":103,""8"":50,""9"":165}","{""Diagonal CMA-ES"":{""attempts"":304,""discoveries"":0,""improvements"":0,""insertions"":0,""insertion_rate"":0.0},""Immigrant"":{""attempts"":154,""discoveries"":0,""improvements"":0,""insertions"":0,""insertion_rate"":0.0},""Morphology"":{""attempts"":281,""discoveries"":0,""improvements"":1,""insertions"":1,""insertion_rate"":0.0035587188612099642},""Novelty"":{""attempts"":261,""discoveries"":0,""improvements"":2,""insertions"":2,""insertion_rate"":0.007662835249042145}}","{""Morphology"":201,""Novelty"":25}",0,0.927536231884058,false,44000
40,106,107000,2.401654238,0.030795066,0.025441519,0.002908891,0.002444656,2.960776383,69.50488,31.486738,6070.128246486187,183,0.953125,27,3.397327958332555,56,0.30601092896174864,"{""3"":56,""4"":47,""5"":30,""6"":39,""7"":9,""8"":2}","{""10"":2,""11"":7,""12"":1,""14"":1,""17"":1,""3"":56,""4"":4,""5"":43,""6"":2,""7"":23,""8"":10,""9"":33}",92,4.318669472308379,241,0.241,"{""3"":241,""4"":365,""5"":209,""6"":137,""7"":41,""8"":5,""9"":2}","{""10"":18,""11"":29,""12"":4,""13"":1,""14"":6,""15"":1,""17"":2,""3"":241,""4"":148,""5"":243,""6"":56,""7"":99,""8"":54,""9"":98}","{""Diagonal CMA-ES"":{""attempts"":302,""discoveries"":0,""improvements"":1,""insertions"":1,""insertion_rate"":0.0033112582781456954},""Immigrant"":{""attempts"":180,""discoveries"":0,""improvements"":0,""insertions"":0,""insertion_rate"":0.0},""Morphology"":{""attempts"":288,""discoveries"":0,""improvements"":2,""insertions"":2,""insertion_rate"":0.006944444444444444},""Novelty"":{""attempts"":230,""discoveries"":0,""improvements"":1,""insertions"":1,""insertion_rate"":0.004347826086956522}}","{""Morphology"":190,""Novelty"":34}",0,0.927536231884058,false,45000
40,107,108000,2.421420451,0.019766213,0.014813974,0.002145456,0.002806783,2.98462573,69.50488,31.486738,6074.994122684002,183,0.953125,27,3.3973279583325553,56,0.30601092896174864,"{""3"":56,""4"":47,""5"":30,""6"":39,""7"":9,""8"":2}","{""10"":2,""11"":7,""12"":1,""14"":1,""17"":1,""3"":56,""4"":4,""5"":43,""6"":2,""7"":23,""8"":10,""9"":33}",88,4.33273120137638,209,0.209,"{""3"":209,""4"":334,""5"":220,""6"":160,""7"":70,""8"":7}","{""10"":19,""11"":18,""12"":2,""13"":1,""14"":12,""17"":1,""3"":209,""4"":159,""5"":201,""6"":55,""7"":96,""8"":66,""9"":161}","{""Diagonal CMA-ES"":{""attempts"":301,""discoveries"":0,""improvements"":0,""insertions"":0,""insertion_rate"":0.0},""Immigrant"":{""attempts"":132,""discoveries"":0,""improvements"":0,""insertions"":0,""insertion_rate"":0.0},""Morphology"":{""attempts"":318,""discoveries"":0,""improvements"":2,""insertions"":2,""insertion_rate"":0.006289308176100629},""Novelty"":{""attempts"":249,""discoveries"":0,""improvements"":0,""insertions"":0,""insertion_rate"":0.0}}","{""Morphology"":195,""Novelty"":26}",0,0.927536231884058,false,46000
40,108,109000,2.438599531,0.01717908,0.012587781,0.001709716,0.002881583,3.005377404,69.50488,31.486738,6076.354199588299,183,0.953125,27,3.400161604000745,56,0.30601092896174864,"{""3"":56,""4"":47,""5"":31,""6"":38,""7"":9,""8"":2}","{""10"":2,""11"":7,""12"":1,""14"":1,""17"":1,""3"":56,""4"":4,""5"":43,""6"":2,""7"":24,""8"":10,""9"":32}",89,4.481926830015147,222,0.222,"{""3"":222,""4"":340,""5"":225,""6"":126,""7"":69,""8"":18}","{""10"":22,""11"":26,""12"":4,""13"":2,""14"":7,""17"":4,""3"":222,""4"":119,""5"":241,""6"":67,""7"":100,""8"":69,""9"":117}","{""Diagonal CMA-ES"":{""attempts"":304,""discoveries"":0,""improvements"":0,""insertions"":0,""insertion_rate"":0.0},""Immigrant"":{""attempts"":154,""discoveries"":0,""improvements"":0,""insertions"":0,""insertion_rate"":0.0},""Morphology"":{""attempts"":296,""discoveries"":0,""improvements"":2,""insertions"":2,""insertion_rate"":0.006756756756756757},""Novelty"":{""attempts"":246,""discoveries"":0,""improvements"":0,""insertions"":0,""insertion_rate"":0.0}}","{""Morphology"":185,""Novelty"":29}",0,0.927536231884058,false,47000
40,109,110000,2.471735958,0.033136427,0.02658133,0.002797284,0.003757813,3.044221194,69.50488,31.486738,6076.354199588299,183,0.953125,27,3.4001616040007447,56,0.30601092896174864,"{""3"":56,""4"":47,""5"":31,""6"":38,""7"":9,""8"":2}","{""10"":2,""11"":7,""12"":1,""14"":1,""17"":1,""3"":56,""4"":4,""5"":43,""6"":2,""7"":24,""8"":10,""9"":32}",87,4.295765104055161,234,0.234,"{""3"":234,""4"":312,""5"":229,""6"":156,""7"":55,""8"":11,""9"":3}","{""10"":18,""11"":37,""12"":8,""13"":2,""14"":7,""17"":1,""18"":1,""20"":1,""3"":234,""4"":90,""5"":240,""6"":52,""7"":124,""8"":66,""9"":119}","{""Diagonal CMA-ES"":{""attempts"":309,""discoveries"":0,""improvements"":0,""insertions"":0,""insertion_rate"":0.0},""Immigrant"":{""attempts"":137,""discoveries"":0,""improvements"":0,""insertions"":0,""insertion_rate"":0.0},""Morphology"":{""attempts"":303,""discoveries"":0,""improvements"":0,""insertions"":0,""insertion_rate"":0.0},""Novelty"":{""attempts"":251,""discoveries"":0,""improvements"":0,""insertions"":0,""insertion_rate"":0.0}}","{""Morphology"":208,""Novelty"":30}",0,0.927536231884058,false,48000
40,110,111000,2.489293788,0.01755783,0.011088219,0.002604942,0.003864669,3.066684959,69.50488,31.486738,6090.645219027996,183,0.953125,27,3.393884034263789,55,0.3005464480874317,"{""3"":55,""4"":49,""5"":32,""6"":36,""7"":9,""8"":2}","{""10"":2,""11"":7,""12"":1,""14"":1,""17"":1,""3"":55,""4"":4,""5"":45,""6"":2,""7"":24,""8"":10,""9"":31}",91,4.371229746735284,258,0.258,"{""3"":258,""4"":307,""5"":226,""6"":150,""7"":48,""8"":11}","{""10"":18,""11"":33,""12"":7,""13"":1,""14"":8,""17"":4,""3"":258,""4"":83,""5"":244,""6"":60,""7"":106,""8"":81,""9"":97}","{""Diagonal CMA-ES"":{""attempts"":289,""discoveries"":0,""improvements"":0,""insertions"":0,""insertion_rate"":0.0},""Immigrant"":{""attempts"":149,""discoveries"":0,""improvements"":0,""insertions"":0,""insertion_rate"":0.0},""Morphology"":{""attempts"":324,""discoveries"":0,""improvements"":7,""insertions"":7,""insertion_rate"":0.021604938271604937},""Novelty"":{""attempts"":238,""discoveries"":0,""improvements"":0,""insertions"":0,""insertion_rate"":0.0}}","{""Morphology"":226,""Novelty"":22}",0,0.927536231884058,false,49000
40,111,112000,2.5073336619999997,0.018039874,0.011324491,0.002726046,0.003989337,3.090632851,69.50488,31.486738,6107.64037245512,183,0.953125,28,3.4399006338322393,54,0.29508196721311475,"{""3"":54,""4"":49,""5"":32,""6"":36,""7"":10,""8"":2}","{""10"":2,""11"":8,""12"":1,""14"":1,""17"":1,""3"":54,""4"":5,""5"":44,""6"":2,""7"":24,""8"":10,""9"":31}",83,4.298052857015826,207,0.207,"{""3"":207,""4"":227,""5"":278,""6"":232,""7"":52,""8"":4}","{""10"":23,""11"":34,""12"":2,""14"":8,""17"":1,""3"":207,""4"":58,""5"":183,""6"":55,""7"":165,""8"":69,""9"":195}","{""Diagonal CMA-ES"":{""attempts"":294,""discoveries"":0,""improvements"":0,""insertions"":0,""insertion_rate"":0.0},""Immigrant"":{""attempts"":147,""discoveries"":0,""improvements"":0,""insertions"":0,""insertion_rate"":0.0},""Morphology"":{""attempts"":308,""discoveries"":0,""improvements"":6,""insertions"":6,""insertion_rate"":0.01948051948051948},""Novelty"":{""attempts"":251,""discoveries"":0,""improvements"":0,""insertions"":0,""insertion_rate"":0.0}}","{""Morphology"":205,""Novelty"":25}",1,0.927536231884058,false,50000
40,112,113000,2.5359749609999995,0.028641299000000002,0.021468804,0.002930263,0.004242232,3.125711705,69.50488,31.486738,6118.851935565472,183,0.953125,28,3.435958584519282,54,0.29508196721311475,"{""3"":54,""4"":50,""5"":31,""6"":36,""7"":10,""8"":2}","{""10"":2,""11"":8,""12"":1,""14"":1,""17"":1,""3"":54,""4"":5,""5"":45,""6"":2,""7"":23,""8"":10,""9"":31}",87,4.425797842988303,270,0.27,"{""3"":270,""4"":291,""5"":206,""6"":143,""7"":67,""8"":22,""9"":1}","{""10"":21,""11"":47,""12"":12,""13"":4,""14"":12,""17"":9,""3"":270,""4"":100,""5"":216,""6"":56,""7"":97,""8"":58,""9"":98}","{""Diagonal CMA-ES"":{""attempts"":295,""discoveries"":0,""improvements"":0,""insertions"":0,""insertion_rate"":0.0},""Immigrant"":{""attempts"":155,""discoveries"":0,""improvements"":0,""insertions"":0,""insertion_rate"":0.0},""Morphology"":{""attempts"":296,""discoveries"":0,""improvements"":1,""insertions"":1,""insertion_rate"":0.0033783783783783786},""Novelty"":{""attempts"":254,""discoveries"":0,""improvements"":0,""insertions"":0,""insertion_rate"":0.0}}","{""Morphology"":203,""Novelty"":29}",0,0.927536231884058,false,51000
40,113,114000,2.5678587839999993,0.031883823,0.025217119,0.003002688,0.003664016,3.164244422,69.50488,31.314342,6120.547408282757,184,0.9583333,28,3.4290066486201294,55,0.29891304347826086,"{""3"":55,""4"":50,""5"":32,""6"":35,""7"":10,""8"":2}","{""10"":2,""11"":8,""12"":1,""14"":1,""17"":1,""3"":55,""4"":5,""5"":45,""6"":2,""7"":24,""8"":10,""9"":30}",83,4.437448181983078,259,0.259,"{""3"":259,""4"":283,""5"":217,""6"":148,""7"":74,""8"":18,""9"":1}","{""10"":26,""11"":51,""12"":13,""13"":2,""14"":14,""17"":6,""18"":1,""3"":259,""4"":90,""5"":218,""6"":66,""7"":101,""8"":47,""9"":106}","{""Diagonal CMA-ES"":{""attempts"":306,""discoveries"":0,""improvements"":0,""insertions"":0,""insertion_rate"":0.0},""Immigrant"":{""attempts"":152,""discoveries"":0,""improvements"":0,""insertions"":0,""insertion_rate"":0.0},""Morphology"":{""attempts"":305,""discoveries"":0,""improvements"":2,""insertions"":2,""insertion_rate"":0.006557377049180328},""Novelty"":{""attempts"":237,""discoveries"":1,""improvements"":0,""insertions"":1,""insertion_rate"":0.004219409282700422}}","{""Morphology"":199,""Novelty"":18}",0,0.927536231884058,false,52000
40,114,115000,2.6005487849999995,0.032690000999999996,0.02605298,0.002899393,0.003737628,3.202069507,69.50488,31.314342,6131.589982926846,184,0.9583333,29,3.455029741510536,56,0.30434782608695654,"{""3"":56,""4"":49,""5"":32,""6"":35,""7"":10,""8"":2}","{""10"":2,""11"":8,""12"":1,""14"":1,""17"":1,""3"":56,""4"":5,""5"":44,""6"":2,""7"":23,""8"":11,""9"":30}",82,3.915220713304419,410,0.41,"{""3"":410,""4"":220,""5"":171,""6"":135,""7"":49,""8"":14,""9"":1}","{""10"":17,""11"":37,""12"":9,""13"":3,""14"":9,""15"":1,""17"":4,""3"":410,""4"":82,""5"":158,""6"":58,""7"":67,""8"":47,""9"":98}","{""Diagonal CMA-ES"":{""attempts"":289,""discoveries"":0,""improvements"":1,""insertions"":1,""insertion_rate"":0.0034602076124567475},""Immigrant"":{""attempts"":142,""discoveries"":0,""improvements"":0,""insertions"":0,""insertion_rate"":0.0},""Morphology"":{""attempts"":292,""discoveries"":0,""improvements"":2,""insertions"":2,""insertion_rate"":0.00684931506849315},""Novelty"":{""attempts"":277,""discoveries"":0,""improvements"":1,""insertions"":1,""insertion_rate"":0.0036101083032490976}}","{""Morphology"":203,""Novelty"":32}",1,0.9285714285714286,false,53000
40,115,116000,2.6329146529999994,0.032365868,0.026061291,0.002594256,0.003710321,3.239496846,69.50488,31.314342,6145.6182097792625,184,0.9583333,28,3.4203918732837013,56,0.30434782608695654,"{""3"":56,""4"":50,""5"":32,""6"":34,""7"":10,""8"":2}","{""10"":2,""11"":8,""12"":1,""14"":1,""17"":1,""3"":56,""4"":5,""5"":45,""6"":2,""7"":23,""8"":10,""9"":30}",91,4.312291780148894,268,0.268,"{""3"":268,""4"":289,""5"":258,""6"":141,""7"":36,""8"":7,""9"":1}","{""10"":14,""11"":31,""12"":4,""13"":2,""14"":7,""17"":2,""18"":1,""3"":268,""4"":91,""5"":220,""6"":53,""7"":140,""8"":76,""9"":91}","{""Diagonal CMA-ES"":{""attempts"":292,""discoveries"":0,""improvements"":0,""insertions"":0,""insertion_rate"":0.0},""Immigrant"":{""attempts"":163,""discoveries"":0,""improvements"":0,""insertions"":0,""insertion_rate"":0.0},""Morphology"":{""attempts"":307,""discoveries"":0,""improvements"":4,""insertions"":4,""insertion_rate"":0.013029315960912053},""Novelty"":{""attempts"":238,""discoveries"":0,""improvements"":0,""insertions"":0,""insertion_rate"":0.0}}","{""Morphology"":192,""Novelty"":29}",0,0.9285714285714286,false,54000
40,116,117000,2.6587111759999993,0.025796523,0.019569121,0.002652434,0.003574968,3.27043795,69.50488,31.314342,6153.0476531386375,184,0.9583333,28,3.4203918732837013,56,0.30434782608695654,"{""3"":56,""4"":50,""5"":32,""6"":34,""7"":10,""8"":2}","{""10"":2,""11"":8,""12"":1,""14"":1,""17"":1,""3"":56,""4"":5,""5"":45,""6"":2,""7"":23,""8"":10,""9"":30}",86,4.23724114454824,261,0.261,"{""3"":261,""4"":299,""5"":249,""6"":138,""7"":41,""8"":11,""9"":1}","{""10"":12,""11"":34,""12"":9,""13"":1,""14"":4,""17"":5,""3"":261,""4"":80,""5"":245,""6"":57,""7"":115,""8"":83,""9"":94}","{""Diagonal CMA-ES"":{""attempts"":307,""discoveries"":0,""improvements"":0,""insertions"":0,""insertion_rate"":0.0},""Immigrant"":{""attempts"":143,""discoveries"":0,""improvements"":0,""insertions"":0,""insertion_rate"":0.0},""Morphology"":{""attempts"":312,""discoveries"":0,""improvements"":1,""insertions"":1,""insertion_rate"":0.003205128205128205},""Novelty"":{""attempts"":238,""discoveries"":0,""improvements"":0,""insertions"":0,""insertion_rate"":0.0}}","{""Morphology"":212,""Novelty"":28}",0,0.9285714285714286,false,55000
40,117,118000,2.6904085929999995,0.031697417,0.025192186,0.002930263,0.003574968,3.307847479,69.50488,31.486738,6175.997232377529,184,0.9583333,28,3.4271794159185136,56,0.30434782608695654,"{""3"":56,""4"":51,""5"":32,""6"":33,""7"":10,""8"":2}","{""10"":2,""11"":8,""12"":1,""14"":1,""17"":1,""3"":56,""4"":5,""5"":46,""6"":2,""7"":22,""8"":11,""9"":29}",92,4.250603795498429,265,0.265,"{""3"":265,""4"":306,""5"":243,""6"":127,""7"":50,""8"":8,""9"":1}","{""10"":23,""11"":32,""12"":5,""13"":2,""14"":4,""17"":2,""18"":1,""3"":265,""4"":65,""5"":270,""6"":74,""7"":105,""8"":60,""9"":92}","{""Diagonal CMA-ES"":{""attempts"":312,""discoveries"":0,""improvements"":0,""insertions"":0,""insertion_rate"":0.0},""Immigrant"":{""attempts"":157,""discoveries"":0,""improvements"":0,""insertions"":0,""insertion_rate"":0.0},""Morphology"":{""attempts"":308,""discoveries"":0,""improvements"":3,""insertions"":3,""insertion_rate"":0.00974025974025974},""Novelty"":{""attempts"":223,""discoveries"":0,""improvements"":0,""insertions"":0,""insertion_rate"":0.0}}","{""Morphology"":195,""Novelty"":25}",0,0.9295774647887324,false,56000
40,118,119000,2.7118192209999994,0.021410627999999998,0.015096552,0.002762854,0.003551222,3.334050059,69.50488,31.486738,6187.773857057095,184,0.9583333,29,3.4514064437866527,56,0.30434782608695654,"{""3"":56,""4"":49,""5"":33,""6"":34,""7"":10,""8"":2}","{""10"":2,""11"":8,""12"":1,""14"":1,""17"":1,""3"":56,""4"":4,""5"":45,""6"":2,""7"":23,""8"":12,""9"":29}",83,4.246309474620725,246,0.246,"{""3"":246,""4"":350,""5"":233,""6"":115,""7"":46,""8"":10}","{""10"":21,""11"":27,""12"":4,""13"":1,""14"":9,""17"":3,""19"":1,""3"":246,""4"":91,""5"":279,""6"":51,""7"":111,""8"":74,""9"":82}","{""Diagonal CMA-ES"":{""attempts"":307,""discoveries"":0,""improvements"":0,""insertions"":0,""insertion_rate"":0.0},""Immigrant"":{""attempts"":166,""discoveries"":0,""improvements"":0,""insertions"":0,""insertion_rate"":0.0},""Morphology"":{""attempts"":292,""discoveries"":0,""improvements"":4,""insertions"":4,""insertion_rate"":0.0136986301369863},""Novelty"":{""attempts"":235,""discoveries"":0,""improvements"":0,""insertions"":0,""insertion_rate"":0.0}}","{""Morphology"":197,""Novelty"":20}",1,0.9295774647887324,false,57000
40,119,120000,2.7346997279999994,0.022880507,0.015363695,0.002773539,0.004743273,3.362677111,69.50488,31.544918,6200.674718797207,184,0.9583333,29,3.4467970271926256,56,0.30434782608695654,"{""3"":56,""4"":50,""5"":32,""6"":34,""7"":10,""8"":2}","{""10"":2,""11"":8,""12"":1,""14"":1,""17"":1,""3"":56,""4"":4,""5"":46,""6"":2,""7"":22,""8"":12,""9"":29}",89,4.18208136103417,271,0.271,"{""3"":271,""4"":280,""5"":214,""6"":132,""7"":89,""8"":14}","{""10"":23,""11"":73,""12"":11,""13"":2,""14"":1,""17"":3,""3"":271,""4"":61,""5"":238,""6"":63,""7"":96,""8"":57,""9"":101}","{""Diagonal CMA-ES"":{""attempts"":285,""discoveries"":0,""improvements"":0,""insertions"":0,""insertion_rate"":0.0},""Immigrant"":{""attempts"":152,""discoveries"":0,""improvements"":0,""insertions"":0,""insertion_rate"":0.0},""Morphology"":{""attempts"":309,""discoveries"":0,""improvements"":4,""insertions"":4,""insertion_rate"":0.012944983818770227},""Novelty"":{""attempts"":254,""discoveries"":0,""improvements"":0,""insertions"":0,""insertion_rate"":0.0}}","{""Morphology"":211,""Novelty"":28}",0,0.9295774647887324,false,58000
40,120,121000,2.757291720999999,0.022591992999999998,0.01562134,0.002959945,0.004010708,3.390863674,69.50488,31.544918,6200.674718797207,184,0.9583333,29,3.4467970271926256,56,0.30434782608695654,"{""3"":56,""4"":50,""5"":32,""6"":34,""7"":10,""8"":2}","{""10"":2,""11"":8,""12"":1,""14"":1,""17"":1,""3"":56,""4"":4,""5"":46,""6"":2,""7"":22,""8"":12,""9"":29}",91,4.545169186210232,276,0.276,"{""3"":276,""4"":243,""5"":223,""6"":166,""7"":66,""8"":26}","{""10"":27,""11"":45,""12"":15,""13"":3,""14"":13,""15"":1,""17"":7,""3"":276,""4"":83,""5"":179,""6"":84,""7"":77,""8"":66,""9"":124}","{""Diagonal CMA-ES"":{""attempts"":285,""discoveries"":0,""improvements"":0,""insertions"":0,""insertion_rate"":0.0},""Immigrant"":{""attempts"":157,""discoveries"":0,""improvements"":0,""insertions"":0,""insertion_rate"":0.0},""Morphology"":{""attempts"":304,""discoveries"":0,""improvements"":0,""insertions"":0,""insertion_rate"":0.0},""Novelty"":{""attempts"":254,""discoveries"":0,""improvements"":0,""insertions"":0,""insertion_rate"":0.0}}","{""Morphology"":212,""Novelty"":48}",0,0.9295774647887324,false,59000
40,121,122000,2.794289256999999,0.036997536,0.029445104,0.002977755,0.004574677,3.43426077,69.50488,31.544918,6200.674718797207,184,0.9583333,29,3.446797027192625,56,0.30434782608695654,"{""3"":56,""4"":50,""5"":32,""6"":34,""7"":10,""8"":2}","{""10"":2,""11"":8,""12"":1,""14"":1,""17"":1,""3"":56,""4"":4,""5"":46,""6"":2,""7"":22,""8"":12,""9"":29}",93,4.551588101039728,274,0.274,"{""3"":274,""4"":258,""5"":233,""6"":139,""7"":76,""8"":18,""9"":2}","{""10"":33,""11"":40,""12"":8,""13"":2,""14"":11,""15"":2,""17"":7,""18"":1,""23"":1,""3"":274,""4"":84,""5"":197,""6"":71,""7"":80,""8"":86,""9"":103}","{""Diagonal CMA-ES"":{""attempts"":291,""discoveries"":0,""improvements"":0,""insertions"":0,""insertion_rate"":0.0},""Immigrant"":{""attempts"":163,""discoveries"":0,""improvements"":0,""insertions"":0,""insertion_rate"":0.0},""Morphology"":{""attempts"":287,""discoveries"":0,""improvements"":0,""insertions"":0,""insertion_rate"":0.0},""Novelty"":{""attempts"":259,""discoveries"":0,""improvements"":0,""insertions"":0,""insertion_rate"":0.0}}","{""Morphology"":195,""Novelty"":38}",0,0.9305555555555556,false,60000
40,122,123000,2.826778603999999,0.032489347,0.026602701,0.001926992,0.003959654,3.472502598,69.50488,31.544918,6209.1305221915245,184,0.9583333,30,3.457666592410017,56,0.30434782608695654,"{""3"":56,""4"":51,""5"":32,""6"":33,""7"":10,""8"":2}","{""10"":2,""11"":8,""12"":1,""14"":1,""17"":1,""3"":56,""4"":5,""5"":46,""6"":2,""7"":22,""8"":11,""9"":29}",88,4.559273602479499,255,0.255,"{""3"":255,""4"":292,""5"":221,""6"":136,""7"":72,""8"":22,""9"":2}","{""10"":29,""11"":45,""12"":12,""13"":1,""14"":14,""15"":1,""17"":9,""18"":1,""3"":255,""4"":90,""5"":220,""6"":78,""7"":77,""8"":77,""9"":91}","{""Diagonal CMA-ES"":{""attempts"":285,""discoveries"":0,""improvements"":0,""insertions"":0,""insertion_rate"":0.0},""Immigrant"":{""attempts"":139,""discoveries"":0,""improvements"":0,""insertions"":0,""insertion_rate"":0.0},""Morphology"":{""attempts"":305,""discoveries"":0,""improvements"":2,""insertions"":2,""insertion_rate"":0.006557377049180328},""Novelty"":{""attempts"":271,""discoveries"":0,""improvements"":0,""insertions"":0,""insertion_rate"":0.0}}","{""Morphology"":216,""Novelty"":40}",1,0.9305555555555556,false,61000
40,123,124000,2.8462622389999988,0.019483635,0.014988508,0.001926992,0.002568135,3.496614338,69.50488,31.544918,6214.860037267208,184,0.9583333,29,3.433050695600339,56,0.30434782608695654,"{""3"":56,""4"":52,""5"":31,""6"":33,""7"":10,""8"":2}","{""10"":2,""11"":8,""12"":1,""14"":1,""17"":1,""3"":56,""4"":5,""5"":47,""6"":2,""7"":22,""8"":10,""9"":29}",91,4.479770253086886,236,0.236,"{""3"":236,""4"":365,""5"":212,""6"":116,""7"":54,""8"":17}","{""10"":23,""11"":40,""12"":8,""13"":1,""14"":7,""17"":7,""3"":236,""4"":192,""5"":199,""6"":73,""7"":75,""8"":63,""9"":76}","{""Diagonal CMA-ES"":{""attempts"":304,""discoveries"":0,""improvements"":0,""insertions"":0,""insertion_rate"":0.0},""Immigrant"":{""attempts"":148,""discoveries"":0,""improvements"":0,""insertions"":0,""insertion_rate"":0.0},""Morphology"":{""attempts"":305,""discoveries"":0,""improvements"":4,""insertions"":4,""insertion_rate"":0.013114754098360656},""Novelty"":{""attempts"":243,""discoveries"":0,""improvements"":0,""insertions"":0,""insertion_rate"":0.0}}","{""Morphology"":210,""Novelty"":32}",0,0.9305555555555556,false,62000
40,124,125000,2.876391228999999,0.030128989999999998,0.024086807,0.001803513,0.00423867,3.532047008,69.50488,31.544918,6237.097984731197,184,0.9583333,28,3.3897935419141136,56,0.30434782608695654,"{""3"":56,""4"":52,""5"":32,""6"":34,""7"":9,""8"":1}","{""10"":2,""11"":7,""12"":1,""14"":1,""3"":56,""4"":5,""5"":47,""6"":2,""7"":23,""8"":10,""9"":30}",87,4.253340162430024,269,0.269,"{""3"":269,""4"":376,""5"":180,""6"":108,""7"":51,""8"":15,""9"":1}","{""10"":19,""11"":43,""12"":11,""13"":2,""14"":9,""17"":5,""3"":269,""4"":90,""5"":311,""6"":51,""7"":71,""8"":56,""9"":63}","{""Diagonal CMA-ES"":{""attempts"":303,""discoveries"":0,""improvements"":0,""insertions"":0,""insertion_rate"":0.0},""Immigrant"":{""attempts"":153,""discoveries"":0,""improvements"":0,""insertions"":0,""insertion_rate"":0.0},""Morphology"":{""attempts"":277,""discoveries"":0,""improvements"":2,""insertions"":2,""insertion_rate"":0.007220216606498195},""Novelty"":{""attempts"":267,""discoveries"":0,""improvements"":1,""insertions"":1,""insertion_rate"":0.003745318352059925}}","{""Morphology"":180,""Novelty"":37}",0,0.9305555555555556,false,63000
40,125,126000,2.8931571289999987,0.0167659,0.012336074,0.002069468,0.002360358,3.554882398,69.50488,31.674856,6262.748310387135,184,0.9583333,28,3.4014563660085346,56,0.30434782608695654,"{""3"":56,""4"":51,""5"":33,""6"":34,""7"":9,""8"":1}","{""10"":2,""11"":7,""12"":1,""14"":1,""3"":56,""4"":5,""5"":46,""6"":2,""7"":23,""8"":11,""9"":30}",83,4.496626980296463,249,0.249,"{""3"":249,""4"":264,""5"":223,""6"":190,""7"":64,""8"":10}","{""10"":21,""11"":46,""12"":9,""13"":2,""14"":10,""3"":249,""4"":98,""5"":183,""6"":70,""7"":86,""8"":85,""9"":141}","{""Diagonal CMA-ES"":{""attempts"":287,""discoveries"":0,""improvements"":1,""insertions"":1,""insertion_rate"":0.003484320557491289},""Immigrant"":{""attempts"":130,""discoveries"":0,""improvements"":0,""insertions"":0,""insertion_rate"":0.0},""Morphology"":{""attempts"":331,""discoveries"":0,""improvements"":3,""insertions"":3,""insertion_rate"":0.00906344410876133},""Novelty"":{""attempts"":252,""discoveries"":0,""improvements"":1,""insertions"":1,""insertion_rate"":0.003968253968253968}}","{""Morphology"":214,""Novelty"":27}",0,0.9315068493150684,false,64000
40,126,127000,2.9121872149999986,0.019030086,0.015121486,0.001753646,0.002154954,3.577593121,69.50488,31.968426,6293.789955437183,184,0.9583333,28,3.4218956027178224,54,0.29347826086956524,"{""3"":54,""4"":52,""5"":33,""6"":35,""7"":9,""8"":1}","{""10"":2,""11"":7,""12"":1,""14"":1,""3"":54,""4"":5,""5"":47,""6"":2,""7"":23,""8"":11,""9"":31}",75,4.266741152746764,221,0.221,"{""3"":221,""4"":348,""5"":248,""6"":126,""7"":53,""8"":4}","{""10"":24,""11"":29,""12"":2,""14"":8,""17"":1,""3"":221,""4"":82,""5"":280,""6"":68,""7"":114,""8"":70,""9"":101}","{""Diagonal CMA-ES"":{""attempts"":321,""discoveries"":0,""improvements"":0,""insertions"":0,""insertion_rate"":0.0},""Immigrant"":{""attempts"":125,""discoveries"":0,""improvements"":0,""insertions"":0,""insertion_rate"":0.0},""Morphology"":{""attempts"":303,""discoveries"":0,""improvements"":2,""insertions"":2,""insertion_rate"":0.006600660066006601},""Novelty"":{""attempts"":251,""discoveries"":0,""improvements"":1,""insertions"":1,""insertion_rate"":0.00398406374501992}}","{""Morphology"":187,""Novelty"":34}",0,0.9315068493150684,false,65000
40,127,128000,2.9297331719999984,0.017545957,0.013060328,0.002202446,0.002283183,3.600232607,69.50488,31.968426,6298.2155802845955,184,0.9583333,28,3.421895602717823,54,0.29347826086956524,"{""3"":54,""4"":52,""5"":33,""6"":35,""7"":9,""8"":1}","{""10"":2,""11"":7,""12"":1,""14"":1,""3"":54,""4"":5,""5"":47,""6"":2,""7"":23,""8"":11,""9"":31}",78,4.242031630162943,219,0.219,"{""3"":219,""4"":378,""5"":228,""6"":120,""7"":49,""8"":6}","{""10"":19,""11"":36,""12"":6,""13"":1,""14"":4,""3"":219,""4"":88,""5"":309,""6"":63,""7"":101,""8"":71,""9"":83}","{""Diagonal CMA-ES"":{""attempts"":281,""discoveries"":0,""improvements"":0,""insertions"":0,""insertion_rate"":0.0},""Immigrant"":{""attempts"":151,""discoveries"":0,""improvements"":0,""insertions"":0,""insertion_rate"":0.0},""Morphology"":{""attempts"":308,""discoveries"":0,""improvements"":3,""insertions"":3,""insertion_rate"":0.00974025974025974},""Novelty"":{""attempts"":260,""discoveries"":0,""improvements"":0,""insertions"":0,""insertion_rate"":0.0}}","{""Morphology"":186,""Novelty"":25}",0,0.9315068493150684,false,66000
40,128,129000,2.9491503179999983,0.019417146,0.01446372,0.002778288,0.002175138,3.625288252,69.50488,31.968426,6343.708803474903,184,0.9583333,28,3.371925386204895,55,0.29891304347826086,"{""3"":55,""4"":54,""5"":32,""6"":33,""7"":9,""8"":1}","{""10"":2,""11"":7,""12"":1,""14"":1,""3"":55,""4"":5,""5"":49,""6"":2,""7"":22,""8"":11,""9"":29}",83,4.265764707693463,235,0.235,"{""3"":235,""4"":340,""5"":251,""6"":116,""7"":52,""8"":6}","{""10"":18,""11"":38,""12"":3,""13"":2,""14"":8,""17"":1,""3"":235,""4"":62,""5"":310,""6"":60,""7"":112,""8"":70,""9"":81}","{""Diagonal CMA-ES"":{""attempts"":312,""discoveries"":0,""improvements"":1,""insertions"":1,""insertion_rate"":0.003205128205128205},""Immigrant"":{""attempts"":157,""discoveries"":0,""improvements"":0,""insertions"":0,""insertion_rate"":0.0},""Morphology"":{""attempts"":295,""discoveries"":0,""improvements"":5,""insertions"":5,""insertion_rate"":0.01694915254237288},""Novelty"":{""attempts"":236,""discoveries"":0,""improvements"":0,""insertions"":0,""insertion_rate"":0.0}}","{""Morphology"":190,""Novelty"":22}",0,0.9315068493150684,false,67000
40,129,130000,2.967856269999998,0.018705952,0.012590156,0.002773539,0.003342257,3.649098418,69.50488,31.968426,6375.2713886499405,184,0.9583333,28,3.375393252389643,54,0.29347826086956524,"{""3"":54,""4"":55,""5"":31,""6"":33,""7"":10,""8"":1}","{""10"":2,""11"":8,""12"":1,""14"":1,""3"":54,""4"":5,""5"":50,""6"":2,""7"":21,""8"":11,""9"":29}",77,4.123989134524488,253,0.253,"{""3"":253,""4"":336,""5"":247,""6"":111,""7"":42,""8"":11}","{""10"":17,""11"":29,""12"":7,""13"":3,""14"":3,""15"":1,""3"":253,""4"":77,""5"":291,""6"":64,""7"":111,""8"":67,""9"":77}","{""Diagonal CMA-ES"":{""attempts"":292,""discoveries"":0,""improvements"":1,""insertions"":1,""insertion_rate"":0.003424657534246575},""Immigrant"":{""attempts"":151,""discoveries"":0,""improvements"":0,""insertions"":0,""insertion_rate"":0.0},""Morphology"":{""attempts"":325,""discoveries"":0,""improvements"":3,""insertions"":3,""insertion_rate"":0.009230769230769232},""Novelty"":{""attempts"":232,""discoveries"":0,""improvements"":2,""insertions"":2,""insertion_rate"":0.008620689655172414}}","{""Morphology"":207,""Novelty"":22}",0,0.9315068493150684,false,68000
40,130,131000,2.995104862999998,0.027248593,0.020809851,0.002639374,0.003799368,3.68140492,69.50488,31.968426,6383.154918313026,184,0.9583333,28,3.375393252389643,54,0.29347826086956524,"{""3"":54,""4"":55,""5"":31,""6"":33,""7"":10,""8"":1}","{""10"":2,""11"":8,""12"":1,""14"":1,""3"":54,""4"":5,""5"":50,""6"":2,""7"":21,""8"":11,""9"":29}",69,3.9366936378395425,190,0.19,"{""3"":190,""4"":395,""5"":303,""6"":93,""7"":17,""8"":1,""9"":1}","{""10"":8,""11"":14,""12"":4,""13"":1,""14"":1,""3"":190,""4"":55,""5"":367,""6"":64,""7"":174,""8"":56,""9"":66}","{""Diagonal CMA-ES"":{""attempts"":300,""discoveries"":0,""improvements"":0,""insertions"":0,""insertion_rate"":0.0},""Immigrant"":{""attempts"":148,""discoveries"":0,""improvements"":0,""insertions"":0,""insertion_rate"":0.0},""Morphology"":{""attempts"":299,""discoveries"":0,""improvements"":4,""insertions"":4,""insertion_rate"":0.013377926421404682},""Novelty"":{""attempts"":253,""discoveries"":0,""improvements"":0,""insertions"":0,""insertion_rate"":0.0}}","{""Morphology"":200,""Novelty"":37}",0,0.9315068493150684,false,69000
40,131,132000,3.011857701999998,0.016752839,0.010428078,0.002723672,0.003601089,3.70328097,69.50488,31.968426,6404.240825295448,184,0.9583333,28,3.3522031992491343,54,0.29347826086956524,"{""3"":54,""4"":56,""5"":31,""6"":32,""7"":10,""8"":1}","{""10"":2,""11"":8,""12"":1,""14"":1,""3"":54,""4"":4,""5"":52,""6"":2,""7"":21,""8"":11,""9"":28}",83,4.046298056059741,161,0.161,"{""3"":161,""4"":391,""5"":333,""6"":94,""7"":18,""8"":3}","{""10"":10,""11"":17,""12"":3,""14"":4,""3"":161,""4"":61,""5"":349,""6"":63,""7"":210,""8"":72,""9"":50}","{""Diagonal CMA-ES"":{""attempts"":298,""discoveries"":0,""improvements"":0,""insertions"":0,""insertion_rate"":0.0},""Immigrant"":{""attempts"":136,""discoveries"":0,""improvements"":0,""insertions"":0,""insertion_rate"":0.0},""Morphology"":{""attempts"":317,""discoveries"":0,""improvements"":4,""insertions"":4,""insertion_rate"":0.012618296529968454},""Novelty"":{""attempts"":249,""discoveries"":0,""improvements"":0,""insertions"":0,""insertion_rate"":0.0}}","{""Morphology"":213,""Novelty"":26}",0,0.9315068493150684,false,70000
40,132,133000,3.033102106999998,0.021244405,0.014689308,0.003007437,0.00354766,3.730408459,69.50488,31.968426,6424.386325478554,184,0.9583333,28,3.347908765218444,54,0.29347826086956524,"{""3"":54,""4"":57,""5"":32,""6"":30,""7"":10,""8"":1}","{""10"":2,""11"":8,""12"":1,""14"":1,""3"":54,""4"":4,""5"":53,""6"":2,""7"":22,""8"":11,""9"":26}",79,4.3453967824136495,220,0.22,"{""3"":220,""4"":341,""5"":276,""6"":124,""7"":32,""8"":7}","{""10"":10,""11"":31,""12"":5,""13"":2,""14"":5,""15"":1,""17"":1,""3"":220,""4"":86,""5"":279,""6"":70,""7"":127,""8"":85,""9"":78}","{""Diagonal CMA-ES"":{""attempts"":302,""discoveries"":0,""improvements"":0,""insertions"":0,""insertion_rate"":0.0},""Immigrant"":{""attempts"":140,""discoveries"":0,""improvements"":0,""insertions"":0,""insertion_rate"":0.0},""Morphology"":{""attempts"":330,""discoveries"":0,""improvements"":3,""insertions"":3,""insertion_rate"":0.00909090909090909},""Novelty"":{""attempts"":228,""discoveries"":0,""improvements"":0,""insertions"":0,""insertion_rate"":0.0}}","{""Morphology"":221,""Novelty"":24}",0,0.9315068493150684,false,71000
40,133,134000,3.050734736999998,0.01763263,0.011155894,0.002766415,0.003710321,3.7534266929999998,69.50488,31.968426,6424.386325478554,184,0.9583333,28,3.3479087652184454,54,0.29347826086956524,"{""3"":54,""4"":57,""5"":32,""6"":30,""7"":10,""8"":1}","{""10"":2,""11"":8,""12"":1,""14"":1,""3"":54,""4"":4,""5"":53,""6"":2,""7"":22,""8"":11,""9"":26}",73,4.20698358264355,219,0.219,"{""3"":219,""4"":369,""5"":273,""6"":100,""7"":34,""8"":5}","{""10"":10,""11"":29,""12"":6,""14"":8,""3"":219,""4"":87,""5"":306,""6"":67,""7"":130,""8"":72,""9"":66}","{""Diagonal CMA-ES"":{""attempts"":310,""discoveries"":0,""improvements"":0,""insertions"":0,""insertion_rate"":0.0},""Immigrant"":{""attempts"":143,""discoveries"":0,""improvements"":0,""insertions"":0,""insertion_rate"":0.0},""Morphology"":{""attempts"":294,""discoveries"":0,""improvements"":0,""insertions"":0,""insertion_rate"":0.0},""Novelty"":{""attempts"":253,""discoveries"":0,""improvements"":0,""insertions"":0,""insertion_rate"":0.0}}","{""Morphology"":201,""Novelty"":24}",0,0.9315068493150684,false,72000
40,134,135000,3.0673296659999982,0.016594929,0.010008961,0.002664307,0.003921661,3.774986921,69.50488,31.968426,6431.233993172646,184,0.9583333,28,3.336809133397632,54,0.29347826086956524,"{""3"":54,""4"":57,""5"":33,""6"":30,""7"":9,""8"":1}","{""10"":2,""11"":7,""12"":1,""14"":1,""3"":54,""4"":4,""5"":53,""6"":2,""7"":23,""8"":11,""9"":26}",94,4.264291042774852,233,0.233,"{""3"":233,""4"":392,""5"":214,""6"":93,""7"":60,""8"":8}","{""10"":21,""11"":40,""12"":10,""14"":6,""3"":233,""4"":93,""5"":319,""6"":53,""7"":97,""8"":73,""9"":55}","{""Diagonal CMA-ES"":{""attempts"":294,""discoveries"":0,""improvements"":0,""insertions"":0,""insertion_rate"":0.0},""Immigrant"":{""attempts"":151,""discoveries"":0,""improvements"":0,""insertions"":0,""insertion_rate"":0.0},""Morphology"":{""attempts"":285,""discoveries"":0,""improvements"":3,""insertions"":3,""insertion_rate"":0.010526315789473684},""Novelty"":{""attempts"":270,""discoveries"":0,""improvements"":0,""insertions"":0,""insertion_rate"":0.0}}","{""Morphology"":191,""Novelty"":39}",0,0.9315068493150684,false,73000
40,135,136000,3.0847616419999984,0.017431976000000002,0.010672663,0.0027771,0.003982213,3.7984124,85.264694,32.581524,6474.467599511147,184,0.9583333,27,3.248696964120913,57,0.30978260869565216,"{""3"":57,""4"":57,""5"":31,""6"":29,""7"":9,""8"":1}","{""10"":2,""11"":7,""12"":1,""14"":1,""3"":57,""4"":4,""5"":53,""6"":2,""7"":22,""8"":10,""9"":25}",85,4.499894865259453,259,0.259,"{""3"":259,""4"":293,""5"":253,""6"":116,""7"":68,""8"":11}","{""10"":23,""11"":51,""12"":13,""13"":1,""14"":9,""17"":2,""3"":259,""4"":81,""5"":238,""6"":71,""7"":105,""8"":78,""9"":69}","{""Diagonal CMA-ES"":{""attempts"":304,""discoveries"":0,""improvements"":0,""insertions"":0,""insertion_rate"":0.0},""Immigrant"":{""attempts"":151,""discoveries"":0,""improvements"":0,""insertions"":0,""insertion_rate"":0.0},""Morphology"":{""attempts"":312,""discoveries"":0,""improvements"":6,""insertions"":6,""insertion_rate"":0.019230769230769232},""Novelty"":{""attempts"":233,""discoveries"":0,""improvements"":1,""insertions"":1,""insertion_rate"":0.004291845493562232}}","{""Morphology"":203,""Novelty"":36}",0,0.9315068493150684,true,74000
40,136,137000,3.1180025509999982,0.033240909,0.026058916,0.00319978,0.003982213,3.8368133269999998,85.264694,32.581524,6475.6570736169815,184,0.9583333,27,3.248696964120915,57,0.30978260869565216,"{""3"":57,""4"":57,""5"":31,""6"":29,""7"":9,""8"":1}","{""10"":2,""11"":7,""12"":1,""14"":1,""3"":57,""4"":4,""5"":53,""6"":2,""7"":22,""8"":10,""9"":25}",77,4.21912635973554,292,0.292,"{""3"":292,""4"":247,""5"":318,""6"":81,""7"":57,""8"":4,""9"":1}","{""10"":20,""11"":39,""12"":8,""14"":9,""3"":292,""4"":84,""5"":190,""6"":66,""7"":182,""8"":63,""9"":47}","{""Diagonal CMA-ES"":{""attempts"":294,""discoveries"":0,""improvements"":0,""insertions"":0,""insertion_rate"":0.0},""Immigrant"":{""attempts"":161,""discoveries"":0,""improvements"":0,""insertions"":0,""insertion_rate"":0.0},""Morphology"":{""attempts"":273,""discoveries"":0,""improvements"":2,""insertions"":2,""insertion_rate"":0.007326007326007326},""Novelty"":{""attempts"":272,""discoveries"":0,""improvements"":0,""insertions"":0,""insertion_rate"":0.0}}","{""Morphology"":189,""Novelty"":28}",0,0.9315068493150684,false,1000
40,137,138000,3.1392350839999983,0.021232533,0.013333408,0.003105984,0.004793141,3.864263762,85.264694,32.581524,6476.236531853676,184,0.9583333,27,3.248696964120916,57,0.30978260869565216,"{""3"":57,""4"":57,""5"":31,""6"":29,""7"":9,""8"":1}","{""10"":2,""11"":7,""12"":1,""14"":1,""3"":57,""4"":4,""5"":53,""6"":2,""7"":22,""8"":10,""9"":25}",79,4.538329038580839,255,0.255,"{""3"":255,""4"":278,""5"":266,""6"":122,""7"":70,""8"":9}","{""10"":24,""11"":48,""12"":10,""13"":1,""14"":7,""3"":255,""4"":78,""5"":222,""6"":88,""7"":102,""8"":77,""9"":88}","{""Diagonal CMA-ES"":{""attempts"":294,""discoveries"":0,""improvements"":0,""insertions"":0,""insertion_rate"":0.0},""Immigrant"":{""attempts"":163,""discoveries"":0,""improvements"":0,""insertions"":0,""insertion_rate"":0.0},""Morphology"":{""attempts"":293,""discoveries"":0,""improvements"":1,""insertions"":1,""insertion_rate"":0.0034129692832764505},""Novelty"":{""attempts"":250,""discoveries"":0,""improvements"":0,""insertions"":0,""insertion_rate"":0.0}}","{""Morphology"":205,""Novelty"":29}",0,0.9315068493150684,false,2000
40,138,139000,3.1714002989999983,0.032165215000000004,0.024070185,0.004059388,0.004035642,3.902076973,85.264694,33.49855,6528.294221520424,184,0.9583333,27,3.2486969641209154,57,0.30978260869565216,"{""3"":57,""4"":57,""5"":32,""6"":28,""7"":9,""8"":1}","{""10"":2,""11"":7,""12"":1,""14"":1,""3"":57,""4"":4,""5"":53,""6"":2,""7"":22,""8"":11,""9"":24}",79,4.46007675735859,260,0.26,"{""3"":260,""4"":289,""5"":246,""6"":128,""7"":66,""8"":10,""9"":1}","{""10"":26,""11"":45,""12"":10,""13"":3,""14"":7,""15"":2,""3"":260,""4"":86,""5"":231,""6"":81,""7"":80,""8"":82,""9"":87}","{""Diagonal CMA-ES"":{""attempts"":317,""discoveries"":0,""improvements"":0,""insertions"":0,""insertion_rate"":0.0},""Immigrant"":{""attempts"":164,""discoveries"":0,""improvements"":0,""insertions"":0,""insertion_rate"":0.0},""Morphology"":{""attempts"":300,""discoveries"":0,""improvements"":5,""insertions"":5,""insertion_rate"":0.016666666666666666},""Novelty"":{""attempts"":219,""discoveries"":0,""improvements"":0,""insertions"":0,""insertion_rate"":0.0}}","{""Morphology"":198,""Novelty"":30}",1,0.9315068493150684,false,3000
40,139,140000,3.203665245999998,0.032264946999999995,0.024484553,0.002857837,0.004922557,3.9396087939999997,85.264694,33.49855,6532.092738747597,184,0.9583333,27,3.248696964120915,57,0.30978260869565216,"{""3"":57,""4"":57,""5"":32,""6"":28,""7"":9,""8"":1}","{""10"":2,""11"":7,""12"":1,""14"":1,""3"":57,""4"":4,""5"":53,""6"":2,""7"":22,""8"":11,""9"":24}",84,4.423695730664842,252,0.252,"{""3"":252,""4"":294,""5"":230,""6"":150,""7"":61,""8"":12,""9"":1}","{""10"":19,""11"":41,""12"":8,""13"":3,""14"":9,""15"":1,""17"":1,""3"":252,""4"":85,""5"":230,""6"":74,""7"":79,""8"":76,""9"":122}","{""Diagonal CMA-ES"":{""attempts"":318,""discoveries"":0,""improvements"":0,""insertions"":0,""insertion_rate"":0.0},""Immigrant"":{""attempts"":151,""discoveries"":0,""improvements"":0,""insertions"":0,""insertion_rate"":0.0},""Morphology"":{""attempts"":313,""discoveries"":0,""improvements"":2,""insertions"":2,""insertion_rate"":0.006389776357827476},""Novelty"":{""attempts"":218,""discoveries"":0,""improvements"":0,""insertions"":0,""insertion_rate"":0.0}}","{""Morphology"":216,""Novelty"":15}",0,0.9315068493150684,false,4000
40,140,141000,3.233046234999998,0.029380989,0.022379466,0.00295757,0.004043953,3.974321959,85.264694,33.49855,6563.643381714821,184,0.9583333,27,3.246715833813304,57,0.30978260869565216,"{""3"":57,""4"":56,""5"":32,""6"":28,""7"":10,""8"":1}","{""10"":2,""11"":8,""12"":1,""14"":1,""3"":57,""4"":4,""5"":52,""6"":2,""7"":22,""8"":11,""9"":24}",83,4.3991651531182905,244,0.244,"{""3"":244,""4"":372,""5"":204,""6"":100,""7"":71,""8"":8,""9"":1}","{""10"":23,""11"":49,""12"":9,""13"":2,""14"":9,""15"":1,""3"":244,""4"":93,""5"":293,""6"":78,""7"":62,""8"":70,""9"":67}","{""Diagonal CMA-ES"":{""attempts"":313,""discoveries"":0,""improvements"":0,""insertions"":0,""insertion_rate"":0.0},""Immigrant"":{""attempts"":132,""discoveries"":0,""improvements"":0,""insertions"":0,""insertion_rate"":0.0},""Morphology"":{""attempts"":298,""discoveries"":0,""improvements"":4,""insertions"":4,""insertion_rate"":0.013422818791946308},""Novelty"":{""attempts"":257,""discoveries"":0,""improvements"":0,""insertions"":0,""insertion_rate"":0.0}}","{""Morphology"":198,""Novelty"":23}",0,0.9315068493150684,false,5000
40,141,142000,3.255470817999998,0.022424583,0.015341136,0.003005063,0.004078384,4.003403748,97.17624,34.449833,6639.199602723122,184,0.9583333,27,3.22672384231563,58,0.31521739130434784,"{""3"":58,""4"":56,""5"":32,""6"":28,""7"":9,""8"":1}","{""10"":2,""11"":7,""12"":1,""14"":1,""3"":58,""4"":4,""5"":52,""6"":2,""7"":22,""8"":11,""9"":24}",87,4.3736760426333525,266,0.266,"{""3"":266,""4"":317,""5"":235,""6"":92,""7"":76,""8"":14}","{""10"":21,""11"":49,""12"":12,""13"":1,""14"":10,""15"":1,""17"":3,""3"":266,""4"":86,""5"":257,""6"":61,""7"":97,""8"":77,""9"":59}","{""Diagonal CMA-ES"":{""attempts"":312,""discoveries"":0,""improvements"":0,""insertions"":0,""insertion_rate"":0.0},""Immigrant"":{""attempts"":167,""discoveries"":0,""improvements"":0,""insertions"":0,""insertion_rate"":0.0},""Morphology"":{""attempts"":276,""discoveries"":0,""improvements"":2,""insertions"":2,""insertion_rate"":0.007246376811594203},""Novelty"":{""attempts"":245,""discoveries"":0,""improvements"":0,""insertions"":0,""insertion_rate"":0.0}}","{""Morphology"":172,""Novelty"":28}",0,0.9324324324324325,true,6000
40,142,143000,3.2734252069999976,0.017954388999999998,0.012483299,0.002214319,0.003256771,4.026363805,97.17624,34.449833,6759.341688752174,184,0.9583333,27,3.194709621241543,58,0.31521739130434784,"{""3"":58,""4"":57,""5"":31,""6"":28,""7"":9,""8"":1}","{""10"":2,""11"":7,""12"":1,""14"":1,""3"":58,""4"":4,""5"":53,""6"":2,""7"":22,""8"":10,""9"":24}",74,4.364768987103233,219,0.219,"{""3"":219,""4"":344,""5"":235,""6"":131,""7"":61,""8"":10}","{""10"":15,""11"":44,""12"":12,""13"":1,""14"":8,""3"":219,""4"":87,""5"":277,""6"":88,""7"":81,""8"":68,""9"":100}","{""Diagonal CMA-ES"":{""attempts"":278,""discoveries"":0,""improvements"":0,""insertions"":0,""insertion_rate"":0.0},""Immigrant"":{""attempts"":140,""discoveries"":0,""improvements"":0,""insertions"":0,""insertion_rate"":0.0},""Morphology"":{""attempts"":326,""discoveries"":0,""improvements"":5,""insertions"":5,""insertion_rate"":0.015337423312883436},""Novelty"":{""attempts"":256,""discoveries"":0,""improvements"":0,""insertions"":0,""insertion_rate"":0.0}}","{""Morphology"":219,""Novelty"":34}",0,0.9324324324324325,false,1000
40,143,144000,3.2924980339999976,0.019072827,0.012043997,0.002986065,0.004042765,4.050571717,97.17624,34.449833,6766.877016663551,184,0.9583333,27,3.206600666970363,57,0.30978260869565216,"{""3"":57,""4"":58,""5"":32,""6"":27,""7"":9,""8"":1}","{""10"":2,""11"":7,""12"":1,""14"":1,""3"":57,""4"":4,""5"":54,""6"":2,""7"":22,""8"":11,""9"":23}",76,4.348664999417447,270,0.27,"{""3"":270,""4"":320,""5"":218,""6"":107,""7"":72,""8"":13}","{""10"":21,""11"":50,""12"":13,""13"":2,""14"":9,""17"":2,""3"":270,""4"":79,""5"":262,""6"":77,""7"":74,""8"":71,""9"":70}","{""Diagonal CMA-ES"":{""attempts"":299,""discoveries"":0,""improvements"":0,""insertions"":0,""insertion_rate"":0.0},""Immigrant"":{""attempts"":141,""discoveries"":0,""improvements"":0,""insertions"":0,""insertion_rate"":0.0},""Morphology"":{""attempts"":298,""discoveries"":0,""improvements"":3,""insertions"":3,""insertion_rate"":0.010067114093959731},""Novelty"":{""attempts"":262,""discoveries"":0,""improvements"":0,""insertions"":0,""insertion_rate"":0.0}}","{""Morphology"":184,""Novelty"":23}",0,0.9324324324324325,false,2000
40,144,145000,3.3216938049999976,0.029195771000000002,0.021969847,0.003484733,0.003741191,4.085683815,97.17624,34.449833,6784.074142575264,184,0.9583333,26,3.16719776075052,57,0.30978260869565216,"{""3"":57,""4"":59,""5"":32,""6"":25,""7"":10,""8"":1}","{""10"":2,""11"":8,""12"":1,""14"":1,""3"":57,""4"":4,""5"":55,""6"":2,""7"":22,""8"":10,""9"":22}",89,4.4948204902686895,236,0.236,"{""3"":236,""4"":330,""5"":237,""6"":113,""7"":68,""8"":15,""9"":1}","{""10"":23,""11"":40,""12"":13,""13"":4,""14"":15,""15"":1,""17"":1,""3"":236,""4"":81,""5"":279,""6"":85,""7"":75,""8"":70,""9"":77}","{""Diagonal CMA-ES"":{""attempts"":280,""discoveries"":0,""improvements"":2,""insertions"":2,""insertion_rate"":0.007142857142857143},""Immigrant"":{""attempts"":159,""discoveries"":0,""improvements"":0,""insertions"":0,""insertion_rate"":0.0},""Morphology"":{""attempts"":322,""discoveries"":0,""improvements"":3,""insertions"":3,""insertion_rate"":0.009316770186335404},""Novelty"":{""attempts"":239,""discoveries"":0,""improvements"":0,""insertions"":0,""insertion_rate"":0.0}}","{""Morphology"":216,""Novelty"":34}",0,0.9324324324324325,false,3000
40,145,146000,3.3375003649999977,0.01580656,0.010334282,0.002350859,0.003121419,4.105374041,97.17624,34.449833,6785.228733181953,184,0.9583333,26,3.1874582995674725,57,0.30978260869565216,"{""3"":57,""4"":59,""5"":32,""6"":25,""7"":10,""8"":1}","{""10"":2,""11"":8,""12"":1,""14"":1,""3"":57,""4"":4,""5"":55,""6"":2,""7"":21,""8"":11,""9"":22}",77,4.0902464930723355,264,0.264,"{""3"":264,""4"":340,""5"":260,""6"":78,""7"":45,""8"":13}","{""10"":11,""11"":36,""12"":9,""13"":4,""14"":5,""15"":2,""3"":264,""4"":55,""5"":313,""6"":82,""7"":91,""8"":84,""9"":44}","{""Diagonal CMA-ES"":{""attempts"":313,""discoveries"":0,""improvements"":0,""insertions"":0,""insertion_rate"":0.0},""Immigrant"":{""attempts"":152,""discoveries"":0,""improvements"":0,""insertions"":0,""insertion_rate"":0.0},""Morphology"":{""attempts"":278,""discoveries"":0,""improvements"":2,""insertions"":2,""insertion_rate"":0.007194244604316547},""Novelty"":{""attempts"":257,""discoveries"":0,""improvements"":1,""insertions"":1,""insertion_rate"":0.0038910505836575876}}","{""Morphology"":181,""Novelty"":28}",0,0.9324324324324325,false,4000
40,146,147000,3.365136019999998,0.027635655000000002,0.022800959,0.001631354,0.003203342,4.137530943,97.17624,34.449833,6795.359183430672,184,0.9583333,25,3.1662619162528514,57,0.30978260869565216,"{""3"":57,""4"":59,""5"":31,""6"":25,""7"":11,""8"":1}","{""10"":2,""11"":9,""12"":1,""14"":1,""3"":57,""4"":4,""5"":55,""6"":1,""7"":21,""8"":11,""9"":22}",76,4.212241068020437,257,0.257,"{""3"":257,""4"":344,""5"":253,""6"":88,""7"":50,""8"":7,""9"":1}","{""10"":17,""11"":42,""12"":8,""13"":1,""14"":6,""17"":1,""3"":257,""4"":82,""5"":287,""6"":77,""7"":67,""8"":108,""9"":47}","{""Diagonal CMA-ES"":{""attempts"":311,""discoveries"":0,""improvements"":0,""insertions"":0,""insertion_rate"":0.0},""Immigrant"":{""attempts"":145,""discoveries"":0,""improvements"":0,""insertions"":0,""insertion_rate"":0.0},""Morphology"":{""attempts"":304,""discoveries"":0,""improvements"":1,""insertions"":1,""insertion_rate"":0.003289473684210526},""Novelty"":{""attempts"":240,""discoveries"":0,""improvements"":0,""insertions"":0,""insertion_rate"":0.0}}","{""Morphology"":207,""Novelty"":28}",0,0.9324324324324325,false,5000
40,147,148000,3.3859755549999977,0.020839535,0.014295123,0.003002688,0.003541724,4.163843942,97.17624,34.449833,6799.95657646656,184,0.9583333,25,3.1662619162528522,57,0.30978260869565216,"{""3"":57,""4"":59,""5"":31,""6"":25,""7"":11,""8"":1}","{""10"":2,""11"":9,""12"":1,""14"":1,""3"":57,""4"":4,""5"":55,""6"":1,""7"":21,""8"":11,""9"":22}",85,4.163191620670263,235,0.235,"{""3"":235,""4"":386,""5"":230,""6"":84,""7"":57,""8"":8}","{""10"":17,""11"":40,""12"":5,""13"":1,""14"":5,""15"":1,""16"":1,""17"":2,""3"":235,""4"":88,""5"":322,""6"":62,""7"":76,""8"":91,""9"":54}","{""Diagonal CMA-ES"":{""attempts"":306,""discoveries"":0,""improvements"":0,""insertions"":0,""insertion_rate"":0.0},""Immigrant"":{""attempts"":156,""discoveries"":0,""improvements"":0,""insertions"":0,""insertion_rate"":0.0},""Morphology"":{""attempts"":294,""discoveries"":0,""improvements"":2,""insertions"":2,""insertion_rate"":0.006802721088435374},""Novelty"":{""attempts"":244,""discoveries"":0,""improvements"":0,""insertions"":0,""insertion_rate"":0.0}}","{""Morphology"":195,""Novelty"":32}",0,0.9324324324324325,false,6000
40,148,149000,3.4164536119999975,0.030478057,0.023600013,0.003064428,0.003813616,4.201800818,97.17624,35.14396,6808.8551951646805,184,0.9583333,25,3.1593791695934623,57,0.30978260869565216,"{""3"":57,""4"":60,""5"":30,""6"":25,""7"":11,""8"":1}","{""10"":2,""11"":9,""12"":1,""14"":1,""3"":57,""4"":4,""5"":56,""6"":1,""7"":20,""8"":11,""9"":22}",78,4.220044900052616,242,0.242,"{""3"":242,""4"":365,""5"":230,""6"":93,""7"":56,""8"":13,""9"":1}","{""10"":15,""11"":38,""12"":13,""13"":7,""14"":7,""17"":1,""3"":242,""4"":83,""5"":296,""6"":71,""7"":80,""8"":93,""9"":54}","{""Diagonal CMA-ES"":{""attempts"":300,""discoveries"":0,""improvements"":0,""insertions"":0,""insertion_rate"":0.0},""Immigrant"":{""attempts"":138,""discoveries"":0,""improvements"":0,""insertions"":0,""insertion_rate"":0.0},""Morphology"":{""attempts"":297,""discoveries"":0,""improvements"":3,""insertions"":3,""insertion_rate"":0.010101010101010102},""Novelty"":{""attempts"":265,""discoveries"":0,""improvements"":0,""insertions"":0,""insertion_rate"":0.0}}","{""Morphology"":201,""Novelty"":31}",0,0.9324324324324325,false,7000
40,149,150000,3.4354409549999976,0.018987343,0.011814848,0.002791349,0.004381146,4.225995669,97.17624,35.14396,6808.8551951646805,184,0.9583333,25,3.1593791695934623,57,0.30978260869565216,"{""3"":57,""4"":60,""5"":30,""6"":25,""7"":11,""8"":1}","{""10"":2,""11"":9,""12"":1,""14"":1,""3"":57,""4"":4,""5"":56,""6"":1,""7"":20,""8"":11,""9"":22}",81,4.113069967073709,231,0.231,"{""3"":231,""4"":386,""5"":230,""6"":88,""7"":54,""8"":11}","{""10"":18,""11"":33,""12"":10,""13"":3,""14"":5,""17"":3,""3"":231,""4"":70,""5"":340,""6"":81,""7"":67,""8"":81,""9"":58}","{""Diagonal CMA-ES"":{""attempts"":300,""discoveries"":0,""improvements"":0,""insertions"":0,""insertion_rate"":0.0},""Immigrant"":{""attempts"":164,""discoveries"":0,""improvements"":0,""insertions"":0,""insertion_rate"":0.0},""Morphology"":{""attempts"":286,""discoveries"":0,""improvements"":0,""insertions"":0,""insertion_rate"":0.0},""Novelty"":{""attempts"":250,""discoveries"":0,""improvements"":0,""insertions"":0,""insertion_rate"":0.0}}","{""Morphology"":183,""Novelty"":26}",0,0.9324324324324325,false,8000
40,150,151000,3.4537942769999974,0.018353322,0.011281748,0.002711799,0.004359775,4.249766654,97.17624,35.646793,6852.148791432381,184,0.9583333,25,3.1593791695934628,57,0.30978260869565216,"{""3"":57,""4"":60,""5"":30,""6"":25,""7"":11,""8"":1}","{""10"":2,""11"":9,""12"":1,""14"":1,""3"":57,""4"":4,""5"":56,""6"":1,""7"":20,""8"":11,""9"":22}",81,4.3565491751217875,243,0.243,"{""3"":243,""4"":359,""5"":220,""6"":94,""7"":68,""8"":16}","{""10"":24,""11"":42,""12"":20,""13"":4,""14"":8,""17"":1,""3"":243,""4"":107,""5"":272,""6"":62,""7"":66,""8"":86,""9"":65}","{""Diagonal CMA-ES"":{""attempts"":295,""discoveries"":0,""improvements"":0,""insertions"":0,""insertion_rate"":0.0},""Immigrant"":{""attempts"":142,""discoveries"":0,""improvements"":0,""insertions"":0,""insertion_rate"":0.0},""Morphology"":{""attempts"":308,""discoveries"":0,""improvements"":4,""insertions"":4,""insertion_rate"":0.012987012987012988},""Novelty"":{""attempts"":255,""discoveries"":0,""improvements"":0,""insertions"":0,""insertion_rate"":0.0}}","{""Morphology"":201,""Novelty"":32}",0,0.9324324324324325,false,9000
40,151,152000,3.4708605649999975,0.017066288,0.010264231,0.002840028,0.003962029,4.272070132,97.17624,35.646793,6852.148791432381,184,0.9583333,25,3.159379169593462,57,0.30978260869565216,"{""3"":57,""4"":60,""5"":30,""6"":25,""7"":11,""8"":1}","{""10"":2,""11"":9,""12"":1,""14"":1,""3"":57,""4"":4,""5"":56,""6"":1,""7"":20,""8"":11,""9"":22}",74,4.215789952118469,291,0.291,"{""3"":291,""4"":320,""5"":225,""6"":80,""7"":74,""8"":10}","{""10"":21,""11"":48,""12"":13,""14"":7,""15"":1,""3"":291,""4"":99,""5"":238,""6"":79,""7"":64,""8"":86,""9"":53}","{""Diagonal CMA-ES"":{""attempts"":295,""discoveries"":0,""improvements"":0,""insertions"":0,""insertion_rate"":0.0},""Immigrant"":{""attempts"":149,""discoveries"":0,""improvements"":0,""insertions"":0,""insertion_rate"":0.0},""Morphology"":{""attempts"":287,""discoveries"":0,""improvements"":0,""insertions"":0,""insertion_rate"":0.0},""Novelty"":{""attempts"":269,""discoveries"":0,""improvements"":0,""insertions"":0,""insertion_rate"":0.0}}","{""Morphology"":189,""Novelty"":39}",0,0.9324324324324325,false,10000
40,152,153000,3.4944593899999976,0.023598825,0.016248235,0.003078675,0.004271915,4.301573413,97.17624,35.646793,6856.409468770027,184,0.9583333,25,3.151842093789587,57,0.30978260869565216,"{""3"":57,""4"":59,""5"":31,""6"":25,""7"":11,""8"":1}","{""10"":2,""11"":9,""12"":1,""14"":1,""3"":57,""4"":3,""5"":56,""6"":1,""7"":20,""8"":12,""9"":22}",75,4.25919360153384,260,0.26,"{""3"":260,""4"":328,""5"":240,""6"":81,""7"":75,""8"":16}","{""10"":25,""11"":44,""12"":16,""13"":5,""14"":9,""16"":1,""20"":1,""3"":260,""4"":87,""5"":267,""6"":60,""7"":75,""8"":91,""9"":59}","{""Diagonal CMA-ES"":{""attempts"":298,""discoveries"":0,""improvements"":0,""insertions"":0,""insertion_rate"":0.0},""Immigrant"":{""attempts"":154,""discoveries"":0,""improvements"":0,""insertions"":0,""insertion_rate"":0.0},""Morphology"":{""attempts"":299,""discoveries"":0,""improvements"":2,""insertions"":2,""insertion_rate"":0.006688963210702341},""Novelty"":{""attempts"":249,""discoveries"":0,""improvements"":0,""insertions"":0,""insertion_rate"":0.0}}","{""Morphology"":184,""Novelty"":20}",0,0.9324324324324325,false,11000
40,153,154000,3.5258849139999975,0.031425524,0.02544983,0.002170389,0.003805305,4.337591424,97.17624,35.646793,6857.087530255318,184,0.9583333,24,3.1409725285721977,57,0.30978260869565216,"{""3"":57,""4"":59,""5"":31,""6"":25,""7"":12}","{""10"":3,""11"":9,""14"":1,""3"":57,""4"":3,""5"":56,""6"":1,""7"":20,""8"":12,""9"":22}",81,4.345634259127465,251,0.251,"{""3"":251,""4"":332,""5"":243,""6"":90,""7"":66,""8"":17,""9"":1}","{""10"":22,""11"":48,""12"":12,""13"":4,""14"":7,""17"":2,""18"":1,""3"":251,""4"":73,""5"":272,""6"":78,""7"":75,""8"":91,""9"":64}","{""Diagonal CMA-ES"":{""attempts"":323,""discoveries"":0,""improvements"":0,""insertions"":0,""insertion_rate"":0.0},""Immigrant"":{""attempts"":137,""discoveries"":0,""improvements"":0,""insertions"":0,""insertion_rate"":0.0},""Morphology"":{""attempts"":280,""discoveries"":0,""improvements"":0,""insertions"":0,""insertion_rate"":0.0},""Novelty"":{""attempts"":260,""discoveries"":0,""improvements"":1,""insertions"":1,""insertion_rate"":0.0038461538461538464}}","{""Morphology"":199,""Novelty"":30}",0,0.9324324324324325,false,12000
40,154,155000,3.5485184629999975,0.022633549,0.015786375,0.003151101,0.003696073,4.366148425,97.17624,35.646793,6868.069831967354,184,0.9583333,24,3.140972528572196,57,0.30978260869565216,"{""3"":57,""4"":59,""5"":31,""6"":25,""7"":12}","{""10"":3,""11"":9,""14"":1,""3"":57,""4"":3,""5"":56,""6"":1,""7"":20,""8"":12,""9"":22}",80,4.390278691451382,247,0.247,"{""3"":247,""4"":327,""5"":239,""6"":95,""7"":81,""8"":11}","{""10"":25,""11"":53,""12"":8,""13"":2,""14"":8,""15"":1,""17"":2,""19"":1,""3"":247,""4"":84,""5"":260,""6"":77,""7"":74,""8"":90,""9"":68}","{""Diagonal CMA-ES"":{""attempts"":298,""discoveries"":0,""improvements"":0,""insertions"":0,""insertion_rate"":0.0},""Immigrant"":{""attempts"":137,""discoveries"":0,""improvements"":0,""insertions"":0,""insertion_rate"":0.0},""Morphology"":{""attempts"":317,""discoveries"":0,""improvements"":4,""insertions"":4,""insertion_rate"":0.012618296529968454},""Novelty"":{""attempts"":248,""discoveries"":0,""improvements"":0,""insertions"":0,""insertion_rate"":0.0}}","{""Morphology"":224,""Novelty"":27}",0,0.9324324324324325,false,13000
40,155,156000,3.5685423199999975,0.020023857,0.012996213,0.00267618,0.004351464,4.391246814,97.17624,35.646793,6872.802923321724,184,0.9583333,24,3.140972528572197,57,0.30978260869565216,"{""3"":57,""4"":59,""5"":31,""6"":25,""7"":12}","{""10"":3,""11"":9,""14"":1,""3"":57,""4"":3,""5"":56,""6"":1,""7"":20,""8"":12,""9"":22}",80,3.74524578746986,290,0.29,"{""3"":290,""4"":185,""5"":401,""6"":52,""7"":63,""8"":9}","{""10"":13,""11"":51,""12"":9,""13"":2,""14"":2,""15"":1,""3"":290,""4"":80,""5"":129,""6"":72,""7"":271,""8"":59,""9"":21}","{""Diagonal CMA-ES"":{""attempts"":306,""discoveries"":0,""improvements"":0,""insertions"":0,""insertion_rate"":0.0},""Immigrant"":{""attempts"":147,""discoveries"":0,""improvements"":0,""insertions"":0,""insertion_rate"":0.0},""Morphology"":{""attempts"":293,""discoveries"":0,""improvements"":2,""insertions"":2,""insertion_rate"":0.006825938566552901},""Novelty"":{""attempts"":254,""discoveries"":0,""improvements"":0,""insertions"":0,""insertion_rate"":0.0}}","{""Morphology"":200,""Novelty"":39}",0,0.9324324324324325,false,14000
40,156,157000,3.5889579879999975,0.020415668,0.012580658,0.002930263,0.004904747,4.417766403,97.17624,35.646793,6895.460906147957,184,0.9583333,23,3.0888868158090625,57,0.30978260869565216,"{""3"":57,""4"":60,""5"":31,""6"":25,""7"":11}","{""10"":3,""11"":9,""14"":1,""3"":57,""4"":3,""5"":57,""6"":1,""7"":20,""8"":12,""9"":21}",79,4.21670766624274,149,0.149,"{""3"":149,""4"":209,""5"":193,""6"":224,""7"":214,""8"":11}","{""10"":18,""11"":29,""12"":7,""13"":1,""14"":6,""3"":149,""4"":72,""5"":167,""6"":60,""7"":57,""8"":61,""9"":373}","{""Diagonal CMA-ES"":{""attempts"":298,""discoveries"":0,""improvements"":0,""insertions"":0,""insertion_rate"":0.0},""Immigrant"":{""attempts"":185,""discoveries"":0,""improvements"":0,""insertions"":0,""insertion_rate"":0.0},""Morphology"":{""attempts"":286,""discoveries"":0,""improvements"":3,""insertions"":3,""insertion_rate"":0.01048951048951049},""Novelty"":{""attempts"":231,""discoveries"":0,""improvements"":0,""insertions"":0,""insertion_rate"":0.0}}","{""Morphology"":187,""Novelty"":24}",0,0.9324324324324325,false,15000
40,157,158000,3.6119702859999974,0.023012298,0.014684558,0.004122314,0.004205426,4.446728275,97.17624,35.646793,6895.460906147957,184,0.9583333,23,3.0888868158090617,57,0.30978260869565216,"{""3"":57,""4"":60,""5"":31,""6"":25,""7"":11}","{""10"":3,""11"":9,""14"":1,""3"":57,""4"":3,""5"":57,""6"":1,""7"":20,""8"":12,""9"":21}",81,4.344641262179088,199,0.199,"{""3"":199,""4"":375,""5"":226,""6"":125,""7"":68,""8"":7}","{""10"":22,""11"":46,""12"":6,""13"":2,""14"":10,""17"":2,""3"":199,""4"":75,""5"":320,""6"":80,""7"":68,""8"":76,""9"":94}","{""Diagonal CMA-ES"":{""attempts"":325,""discoveries"":0,""improvements"":0,""insertions"":0,""insertion_rate"":0.0},""Immigrant"":{""attempts"":160,""discoveries"":0,""improvements"":0,""insertions"":0,""insertion_rate"":0.0},""Morphology"":{""attempts"":279,""discoveries"":0,""improvements"":0,""insertions"":0,""insertion_rate"":0.0},""Novelty"":{""attempts"":236,""discoveries"":0,""improvements"":0,""insertions"":0,""insertion_rate"":0.0}}","{""Morphology"":182,""Novelty"":29}",0,0.9324324324324325,false,16000
40,158,159000,3.6341206029999973,0.022150317000000003,0.015171352,0.002788974,0.004189991,4.474711809,97.17624,35.646793,6902.618075489998,184,0.9583333,23,3.1118593079181,57,0.30978260869565216,"{""3"":57,""4"":59,""5"":32,""6"":25,""7"":11}","{""10"":3,""11"":9,""14"":1,""3"":57,""4"":3,""5"":56,""6"":1,""7"":21,""8"":12,""9"":21}",78,4.34792248709013,226,0.226,"{""3"":226,""4"":287,""5"":265,""6"":143,""7"":73,""8"":6}","{""10"":31,""11"":46,""12"":7,""13"":1,""14"":10,""17"":1,""3"":226,""4"":78,""5"":231,""6"":70,""7"":114,""8"":79,""9"":106}","{""Diagonal CMA-ES"":{""attempts"":292,""discoveries"":0,""improvements"":0,""insertions"":0,""insertion_rate"":0.0},""Immigrant"":{""attempts"":138,""discoveries"":0,""improvements"":0,""insertions"":0,""insertion_rate"":0.0},""Morphology"":{""attempts"":308,""discoveries"":0,""improvements"":3,""insertions"":3,""insertion_rate"":0.00974025974025974},""Novelty"":{""attempts"":262,""discoveries"":0,""improvements"":0,""insertions"":0,""insertion_rate"":0.0}}","{""Morphology"":208,""Novelty"":31}",0,0.9324324324324325,false,17000
40,159,160000,3.655190473999997,0.021069871,0.015595219,0.001795201,0.003679451,4.500010852,97.17624,35.646793,6902.618075489998,184,0.9583333,23,3.1118593079181003,57,0.30978260869565216,"{""3"":57,""4"":59,""5"":32,""6"":25,""7"":11}","{""10"":3,""11"":9,""14"":1,""3"":57,""4"":3,""5"":56,""6"":1,""7"":21,""8"":12,""9"":21}",86,4.47166934678766,207,0.207,"{""3"":207,""4"":274,""5"":285,""6"":144,""7"":79,""8"":11}","{""10"":32,""11"":45,""12"":9,""13"":3,""14"":7,""17"":1,""19"":1,""3"":207,""4"":79,""5"":218,""6"":65,""7"":133,""8"":80,""9"":120}","{""Diagonal CMA-ES"":{""attempts"":302,""discoveries"":0,""improvements"":0,""insertions"":0,""insertion_rate"":0.0},""Immigrant"":{""attempts"":149,""discoveries"":0,""improvements"":0,""insertions"":0,""insertion_rate"":0.0},""Morphology"":{""attempts"":288,""discoveries"":0,""improvements"":0,""insertions"":0,""insertion_rate"":0.0},""Novelty"":{""attempts"":261,""discoveries"":0,""improvements"":0,""insertions"":0,""insertion_rate"":0.0}}","{""Morphology"":192,""Novelty"":44}",0,0.9324324324324325,false,18000
40,160,161000,3.6748735759999973,0.019683102,0.01225415,0.002792536,0.004636416,4.525311082,97.17624,35.646793,6931.796488881111,184,0.9583333,23,3.1283862357296632,56,0.30434782608695654,"{""3"":56,""4"":59,""5"":33,""6"":24,""7"":12}","{""10"":3,""11"":10,""14"":1,""3"":56,""4"":3,""5"":56,""6"":1,""7"":22,""8"":12,""9"":20}",79,4.373230515951424,241,0.241,"{""3"":241,""4"":315,""5"":249,""6"":102,""7"":87,""8"":6}","{""10"":27,""11"":60,""12"":3,""13"":2,""14"":8,""17"":2,""3"":241,""4"":85,""5"":254,""6"":66,""7"":82,""8"":97,""9"":73}","{""Diagonal CMA-ES"":{""attempts"":288,""discoveries"":0,""improvements"":0,""insertions"":0,""insertion_rate"":0.0},""Immigrant"":{""attempts"":149,""discoveries"":0,""improvements"":0,""insertions"":0,""insertion_rate"":0.0},""Morphology"":{""attempts"":293,""discoveries"":0,""improvements"":4,""insertions"":4,""insertion_rate"":0.013651877133105802},""Novelty"":{""attempts"":270,""discoveries"":0,""improvements"":0,""insertions"":0,""insertion_rate"":0.0}}","{""Morphology"":195,""Novelty"":34}",0,0.9324324324324325,false,19000
40,161,162000,3.697606857999997,0.022733282,0.015713949,0.003069177,0.003950156,4.554556718,97.17624,35.646793,6935.8668357133865,184,0.9583333,23,3.1283862357296623,56,0.30434782608695654,"{""3"":56,""4"":59,""5"":33,""6"":24,""7"":12}","{""10"":3,""11"":10,""14"":1,""3"":56,""4"":3,""5"":56,""6"":1,""7"":22,""8"":12,""9"":20}",80,4.183365455095098,289,0.289,"{""3"":289,""4"":308,""5"":220,""6"":99,""7"":73,""8"":11}","{""10"":23,""11"":65,""12"":9,""13"":1,""14"":4,""15"":2,""17"":2,""20"":1,""3"":289,""4"":90,""5"":234,""6"":51,""7"":92,""8"":79,""9"":58}","{""Diagonal CMA-ES"":{""attempts"":297,""discoveries"":0,""improvements"":0,""insertions"":0,""insertion_rate"":0.0},""Immigrant"":{""attempts"":142,""discoveries"":0,""improvements"":0,""insertions"":0,""insertion_rate"":0.0},""Morphology"":{""attempts"":289,""discoveries"":0,""improvements"":2,""insertions"":2,""insertion_rate"":0.006920415224913495},""Novelty"":{""attempts"":272,""discoveries"":0,""improvements"":0,""insertions"":0,""insertion_rate"":0.0}}","{""Morphology"":195,""Novelty"":38}",0,0.9324324324324325,false,20000
40,162,163000,3.718506944999997,0.020900087,0.013243173,0.003608212,0.004048702,4.580673813,97.17624,35.646793,6937.894847035408,184,0.9583333,23,3.128386235729663,56,0.30434782608695654,"{""3"":56,""4"":59,""5"":33,""6"":24,""7"":12}","{""10"":3,""11"":10,""14"":1,""3"":56,""4"":3,""5"":56,""6"":1,""7"":22,""8"":12,""9"":20}",75,4.228127917433609,283,0.283,"{""3"":283,""4"":297,""5"":249,""6"":91,""7"":75,""8"":5}","{""10"":21,""11"":65,""12"":3,""13"":2,""14"":9,""3"":283,""4"":94,""5"":222,""6"":60,""7"":108,""8"":77,""9"":56}","{""Diagonal CMA-ES"":{""attempts"":302,""discoveries"":0,""improvements"":0,""insertions"":0,""insertion_rate"":0.0},""Immigrant"":{""attempts"":137,""discoveries"":0,""improvements"":0,""insertions"":0,""insertion_rate"":0.0},""Morphology"":{""attempts"":319,""discoveries"":0,""improvements"":1,""insertions"":1,""insertion_rate"":0.003134796238244514},""Novelty"":{""attempts"":242,""discoveries"":0,""improvements"":0,""insertions"":0,""insertion_rate"":0.0}}","{""Morphology"":209,""Novelty"":26}",0,0.9324324324324325,false,21000
40,163,164000,3.740157407999997,0.021650463,0.014752235,0.002939761,0.003958467,4.608009079,97.17624,35.646793,6940.704569935799,184,0.9583333,23,3.128386235729662,56,0.30434782608695654,"{""3"":56,""4"":59,""5"":33,""6"":24,""7"":12}","{""10"":3,""11"":10,""14"":1,""3"":56,""4"":3,""5"":56,""6"":1,""7"":22,""8"":12,""9"":20}",83,4.390652915622979,275,0.275,"{""3"":275,""4"":291,""5"":238,""6"":110,""7"":80,""8"":6}","{""10"":24,""11"":64,""12"":5,""13"":1,""14"":8,""17"":2,""3"":275,""4"":83,""5"":227,""6"":74,""7"":72,""8"":98,""9"":67}","{""Diagonal CMA-ES"":{""attempts"":292,""discoveries"":0,""improvements"":0,""insertions"":0,""insertion_rate"":0.0},""Immigrant"":{""attempts"":167,""discoveries"":0,""improvements"":0,""insertions"":0,""insertion_rate"":0.0},""Morphology"":{""attempts"":280,""discoveries"":0,""improvements"":1,""insertions"":1,""insertion_rate"":0.0035714285714285713},""Novelty"":{""attempts"":261,""discoveries"":0,""improvements"":0,""insertions"":0,""insertion_rate"":0.0}}","{""Morphology"":194,""Novelty"":27}",0,0.9324324324324325,false,22000
40,164,165000,3.761407748999997,0.021250341,0.013700284,0.003496606,0.004053451,4.635233927,97.17624,35.646793,6947.710711598396,184,0.9583333,23,3.1283862357296615,56,0.30434782608695654,"{""3"":56,""4"":59,""5"":33,""6"":24,""7"":12}","{""10"":3,""11"":10,""14"":1,""3"":56,""4"":3,""5"":56,""6"":1,""7"":22,""8"":12,""9"":20}",76,4.348627412987757,262,0.262,"{""3"":262,""4"":304,""5"":220,""6"":124,""7"":85,""8"":5}","{""10"":24,""11"":69,""12"":5,""13"":1,""14"":10,""15"":1,""17"":1,""3"":262,""4"":84,""5"":242,""6"":59,""7"":65,""8"":106,""9"":71}","{""Diagonal CMA-ES"":{""attempts"":285,""discoveries"":0,""improvements"":0,""insertions"":0,""insertion_rate"":0.0},""Immigrant"":{""attempts"":157,""discoveries"":0,""improvements"":0,""insertions"":0,""insertion_rate"":0.0},""Morphology"":{""attempts"":312,""discoveries"":0,""improvements"":2,""insertions"":2,""insertion_rate"":0.00641025641025641},""Novelty"":{""attempts"":246,""discoveries"":0,""improvements"":0,""insertions"":0,""insertion_rate"":0.0}}","{""Morphology"":205,""Novelty"":34}",0,0.9324324324324325,false,23000
40,165,166000,3.7840840409999967,0.022676291999999997,0.017261005,0.002150205,0.003265082,4.662515765,97.17624,35.646793,6960.144453167915,184,0.9583333,23,3.1211587720298803,56,0.30434782608695654,"{""3"":56,""4"":60,""5"":32,""6"":24,""7"":12}","{""10"":3,""11"":10,""14"":1,""3"":56,""4"":3,""5"":57,""6"":1,""7"":21,""8"":12,""9"":20}",79,4.3519114026254835,257,0.257,"{""3"":257,""4"":314,""5"":242,""6"":95,""7"":85,""8"":7}","{""10"":23,""11"":68,""12"":13,""14"":7,""17"":2,""19"":1,""3"":257,""4"":75,""5"":263,""6"":70,""7"":77,""8"":91,""9"":53}","{""Diagonal CMA-ES"":{""attempts"":282,""discoveries"":0,""improvements"":0,""insertions"":0,""insertion_rate"":0.0},""Immigrant"":{""attempts"":166,""discoveries"":0,""improvements"":0,""insertions"":0,""insertion_rate"":0.0},""Morphology"":{""attempts"":304,""discoveries"":0,""improvements"":2,""insertions"":2,""insertion_rate"":0.006578947368421052},""Novelty"":{""attempts"":248,""discoveries"":0,""improvements"":0,""insertions"":0,""insertion_rate"":0.0}}","{""Morphology"":204,""Novelty"":25}",0,0.9324324324324325,false,24000
40,166,167000,3.8018223409999967,0.0177383,0.011223571,0.002715361,0.003799368,4.685620673,108.88957,35.646793,6971.857786297798,184,0.9583333,23,3.12115877202988,56,0.30434782608695654,"{""3"":56,""4"":60,""5"":32,""6"":24,""7"":12}","{""10"":3,""11"":10,""14"":1,""3"":56,""4"":3,""5"":57,""6"":1,""7"":21,""8"":12,""9"":20}",79,4.431410479917235,241,0.241,"{""3"":241,""4"":296,""5"":246,""6"":117,""7"":89,""8"":11}","{""10"":28,""11"":67,""12"":8,""13"":4,""14"":7,""15"":1,""17"":2,""3"":241,""4"":72,""5"":246,""6"":61,""7"":86,""8"":98,""9"":79}","{""Diagonal CMA-ES"":{""attempts"":319,""discoveries"":0,""improvements"":0,""insertions"":0,""insertion_rate"":0.0},""Immigrant"":{""attempts"":153,""discoveries"":0,""improvements"":0,""insertions"":0,""insertion_rate"":0.0},""Morphology"":{""attempts"":272,""discoveries"":0,""improvements"":1,""insertions"":1,""insertion_rate"":0.003676470588235294},""Novelty"":{""attempts"":256,""discoveries"":0,""improvements"":0,""insertions"":0,""insertion_rate"":0.0}}","{""Morphology"":192,""Novelty"":33}",0,0.9324324324324325,true,25000
40,167,168000,3.8196116939999967,0.017789353,0.010651291,0.00291364,0.004224422,4.70884906,108.88957,35.646793,6972.601442456245,184,0.9583333,23,3.121158772029881,56,0.30434782608695654,"{""3"":56,""4"":60,""5"":32,""6"":24,""7"":12}","{""10"":3,""11"":10,""14"":1,""3"":56,""4"":3,""5"":57,""6"":1,""7"":21,""8"":12,""9"":20}",70,4.287041645656038,262,0.262,"{""3"":262,""4"":305,""5"":245,""6"":101,""7"":78,""8"":9}","{""10"":24,""11"":59,""12"":8,""13"":2,""14"":10,""15"":1,""3"":262,""4"":75,""5"":254,""6"":63,""7"":83,""8"":95,""9"":64}","{""Diagonal CMA-ES"":{""attempts"":296,""discoveries"":0,""improvements"":0,""insertions"":0,""insertion_rate"":0.0},""Immigrant"":{""attempts"":161,""discoveries"":0,""improvements"":0,""insertions"":0,""insertion_rate"":0.0},""Morphology"":{""attempts"":301,""discoveries"":0,""improvements"":1,""insertions"":1,""insertion_rate"":0.0033222591362126247},""Novelty"":{""attempts"":242,""discoveries"":0,""improvements"":0,""insertions"":0,""insertion_rate"":0.0}}","{""Morphology"":197,""Novelty"":28}",0,0.9324324324324325,false,1000
40,168,169000,3.834989635999997,0.015377942,0.010239297,0.001602858,0.003535787,4.727299742,108.88957,35.646793,6972.601442456245,184,0.9583333,23,3.1211587720298812,56,0.30434782608695654,"{""3"":56,""4"":60,""5"":32,""6"":24,""7"":12}","{""10"":3,""11"":10,""14"":1,""3"":56,""4"":3,""5"":57,""6"":1,""7"":21,""8"":12,""9"":20}",72,4.2185173107208245,245,0.245,"{""3"":245,""4"":350,""5"":217,""6"":103,""7"":76,""8"":9}","{""10"":22,""11"":56,""12"":10,""13"":1,""14"":7,""15"":1,""3"":245,""4"":86,""5"":288,""6"":63,""7"":60,""8"":92,""9"":69}","{""Diagonal CMA-ES"":{""attempts"":313,""discoveries"":0,""improvements"":0,""insertions"":0,""insertion_rate"":0.0},""Immigrant"":{""attempts"":145,""discoveries"":0,""improvements"":0,""insertions"":0,""insertion_rate"":0.0},""Morphology"":{""attempts"":290,""discoveries"":0,""improvements"":0,""insertions"":0,""insertion_rate"":0.0},""Novelty"":{""attempts"":252,""discoveries"":0,""improvements"":0,""insertions"":0,""insertion_rate"":0.0}}","{""Morphology"":199,""Novelty"":29}",0,0.9324324324324325,false,2000
40,169,170000,3.854653740999997,0.019664105,0.011497838,0.002876834,0.005289433,4.7529526010000005,108.88957,35.646793,6976.395488858223,184,0.9583333,23,3.1211587720298803,56,0.30434782608695654,"{""3"":56,""4"":60,""5"":32,""6"":24,""7"":12}","{""10"":3,""11"":10,""14"":1,""3"":56,""4"":3,""5"":57,""6"":1,""7"":21,""8"":12,""9"":20}",75,4.383747780832721,233,0.233,"{""3"":233,""4"":338,""5"":244,""6"":100,""7"":79,""8"":6}","{""10"":20,""11"":64,""12"":6,""14"":9,""17"":1,""3"":233,""4"":90,""5"":270,""6"":72,""7"":58,""8"":115,""9"":62}","{""Diagonal CMA-ES"":{""attempts"":304,""discoveries"":0,""improvements"":0,""insertions"":0,""insertion_rate"":0.0},""Immigrant"":{""attempts"":167,""discoveries"":0,""improvements"":0,""insertions"":0,""insertion_rate"":0.0},""Morphology"":{""attempts"":293,""discoveries"":0,""improvements"":2,""insertions"":2,""insertion_rate"":0.006825938566552901},""Novelty"":{""attempts"":236,""discoveries"":0,""improvements"":0,""insertions"":0,""insertion_rate"":0.0}}","{""Morphology"":206,""Novelty"":23}",0,0.9324324324324325,false,3000
40,170,171000,3.8734831719999967,0.018829431,0.014708304,0.001661036,0.002460091,4.776557363,108.88957,35.646793,6982.705014824867,184,0.9583333,23,3.1124977500546995,56,0.30434782608695654,"{""3"":56,""4"":60,""5"":32,""6"":24,""7"":12}","{""10"":3,""11"":10,""14"":1,""3"":56,""4"":3,""5"":57,""6"":1,""7"":20,""8"":13,""9"":20}",78,4.392073357689839,247,0.247,"{""3"":247,""4"":324,""5"":239,""6"":97,""7"":79,""8"":14}","{""10"":23,""11"":61,""12"":9,""13"":6,""14"":9,""15"":1,""17"":1,""3"":247,""4"":84,""5"":266,""6"":70,""7"":73,""8"":87,""9"":63}","{""Diagonal CMA-ES"":{""attempts"":298,""discoveries"":0,""improvements"":0,""insertions"":0,""insertion_rate"":0.0},""Immigrant"":{""attempts"":154,""discoveries"":0,""improvements"":0,""insertions"":0,""insertion_rate"":0.0},""Morphology"":{""attempts"":296,""discoveries"":0,""improvements"":1,""insertions"":1,""insertion_rate"":0.0033783783783783786},""Novelty"":{""attempts"":252,""discoveries"":0,""improvements"":1,""insertions"":1,""insertion_rate"":0.003968253968253968}}","{""Morphology"":214,""Novelty"":25}",0,0.9324324324324325,false,4000
40,171,172000,3.8939926349999965,0.020509463000000002,0.016032146,0.001697842,0.002779475,4.800988487,108.88957,35.674793,6983.9535537958145,184,0.9583333,23,3.1124977500547004,56,0.30434782608695654,"{""3"":56,""4"":60,""5"":32,""6"":24,""7"":12}","{""10"":3,""11"":10,""14"":1,""3"":56,""4"":3,""5"":57,""6"":1,""7"":20,""8"":13,""9"":20}",80,4.397189099497433,229,0.229,"{""3"":229,""4"":329,""5"":233,""6"":110,""7"":91,""8"":8}","{""10"":27,""11"":67,""12"":6,""13"":1,""14"":12,""15"":1,""17"":2,""3"":229,""4"":82,""5"":268,""6"":64,""7"":81,""8"":88,""9"":72}","{""Diagonal CMA-ES"":{""attempts"":300,""discoveries"":0,""improvements"":0,""insertions"":0,""insertion_rate"":0.0},""Immigrant"":{""attempts"":147,""discoveries"":0,""improvements"":0,""insertions"":0,""insertion_rate"":0.0},""Morphology"":{""attempts"":283,""discoveries"":0,""improvements"":1,""insertions"":1,""insertion_rate"":0.0035335689045936395},""Novelty"":{""attempts"":270,""discoveries"":0,""improvements"":0,""insertions"":0,""insertion_rate"":0.0}}","{""Morphology"":187,""Novelty"":33}",0,0.9324324324324325,false,5000
40,172,173000,3.9119968899999966,0.018004255,0.011064472,0.003072739,0.003867044,4.825619079,108.88957,35.674793,7053.42419397831,184,0.9583333,23,3.0790391602917575,58,0.31521739130434784,"{""3"":58,""4"":61,""5"":30,""6"":23,""7"":12}","{""10"":3,""11"":10,""14"":1,""3"":58,""4"":3,""5"":58,""6"":1,""7"":19,""8"":12,""9"":19}",81,4.3781902914359145,244,0.244,"{""3"":244,""4"":317,""5"":237,""6"":103,""7"":89,""8"":10}","{""10"":24,""11"":65,""12"":6,""13"":2,""14"":10,""15"":1,""17"":3,""3"":244,""4"":84,""5"":252,""6"":74,""7"":61,""8"":102,""9"":72}","{""Diagonal CMA-ES"":{""attempts"":295,""discoveries"":0,""improvements"":0,""insertions"":0,""insertion_rate"":0.0},""Immigrant"":{""attempts"":145,""discoveries"":0,""improvements"":0,""insertions"":0,""insertion_rate"":0.0},""Morphology"":{""attempts"":286,""discoveries"":0,""improvements"":4,""insertions"":4,""insertion_rate"":0.013986013986013986},""Novelty"":{""attempts"":274,""discoveries"":0,""improvements"":0,""insertions"":0,""insertion_rate"":0.0}}","{""Morphology"":194,""Novelty"":33}",0,0.9324324324324325,false,6000
40,173,174000,3.930007081999997,0.018010192,0.01083651,0.002815095,0.004358587,4.850675912,108.88957,35.674793,7053.42419397831,185,0.9635417,23,3.095991828500255,58,0.31351351351351353,"{""3"":58,""4"":61,""5"":30,""6"":23,""7"":13}","{""10"":4,""11"":10,""14"":1,""3"":58,""4"":3,""5"":58,""6"":1,""7"":19,""8"":12,""9"":19}",75,4.151171194196223,287,0.287,"{""3"":287,""4"":240,""5"":210,""6"":196,""7"":60,""8"":7}","{""10"":20,""11"":43,""12"":9,""13"":2,""14"":5,""17"":1,""3"":287,""4"":75,""5"":184,""6"":73,""7"":59,""8"":77,""9"":165}","{""Diagonal CMA-ES"":{""attempts"":271,""discoveries"":0,""improvements"":0,""insertions"":0,""insertion_rate"":0.0},""Immigrant"":{""attempts"":168,""discoveries"":0,""improvements"":0,""insertions"":0,""insertion_rate"":0.0},""Morphology"":{""attempts"":303,""discoveries"":0,""improvements"":0,""insertions"":0,""insertion_rate"":0.0},""Novelty"":{""attempts"":258,""discoveries"":1,""improvements"":0,""insertions"":1,""insertion_rate"":0.003875968992248062}}","{""Morphology"":208,""Novelty"":28}",0,0.9324324324324325,false,7000
40,174,175000,3.9479899659999966,0.017982884,0.010533748,0.003014561,0.004434575,4.875287507,108.88957,35.674793,7073.315554261208,185,0.9635417,23,3.132364310614144,57,0.3081081081081081,"{""3"":57,""4"":60,""5"":31,""6"":24,""7"":13}","{""10"":4,""11"":11,""14"":1,""3"":57,""4"":3,""5"":57,""6"":1,""7"":20,""8"":12,""9"":19}",78,3.984725493943849,152,0.152,"{""3"":152,""4"":146,""5"":230,""6"":161,""7"":289,""8"":22}","{""10"":268,""11"":26,""12"":11,""13"":3,""14"":6,""15"":5,""16"":1,""3"":152,""4"":63,""5"":106,""6"":77,""7"":97,""8"":47,""9"":138}","{""Diagonal CMA-ES"":{""attempts"":311,""discoveries"":0,""improvements"":0,""insertions"":0,""insertion_rate"":0.0},""Immigrant"":{""attempts"":164,""discoveries"":0,""improvements"":0,""insertions"":0,""insertion_rate"":0.0},""Morphology"":{""attempts"":290,""discoveries"":0,""improvements"":3,""insertions"":3,""insertion_rate"":0.010344827586206896},""Novelty"":{""attempts"":235,""discoveries"":0,""improvements"":0,""insertions"":0,""insertion_rate"":0.0}}","{""Morphology"":193,""Novelty"":32}",0,0.9324324324324325,false,8000
40,175,176000,3.9687451999999968,0.020755234,0.015547726,0.001618293,0.003589215,4.900184054,108.88957,35.674793,7081.183169007301,185,0.9635417,23,3.132364310614144,57,0.3081081081081081,"{""3"":57,""4"":60,""5"":31,""6"":24,""7"":13}","{""10"":4,""11"":11,""14"":1,""3"":57,""4"":3,""5"":57,""6"":1,""7"":20,""8"":12,""9"":19}",85,4.264055640831815,179,0.179,"{""3"":179,""4"":192,""5"":205,""6"":120,""7"":281,""8"":23}","{""10"":256,""11"":41,""12"":11,""13"":3,""14"":3,""15"":2,""17"":1,""3"":179,""4"":69,""5"":137,""6"":71,""7"":83,""8"":61,""9"":83}","{""Diagonal CMA-ES"":{""attempts"":295,""discoveries"":0,""improvements"":0,""insertions"":0,""insertion_rate"":0.0},""Immigrant"":{""attempts"":164,""discoveries"":0,""improvements"":0,""insertions"":0,""insertion_rate"":0.0},""Morphology"":{""attempts"":310,""discoveries"":0,""improvements"":2,""insertions"":2,""insertion_rate"":0.0064516129032258064},""Novelty"":{""attempts"":231,""discoveries"":0,""improvements"":0,""insertions"":0,""insertion_rate"":0.0}}","{""Morphology"":204,""Novelty"":25}",0,0.9324324324324325,false,9000
40,176,177000,3.9863303389999967,0.017585139,0.011128587,0.002752168,0.003704384,4.923364949,108.88957,35.674793,7088.609127640724,185,0.9635417,23,3.1323643106141446,57,0.3081081081081081,"{""3"":57,""4"":60,""5"":31,""6"":24,""7"":13}","{""10"":4,""11"":11,""14"":1,""3"":57,""4"":3,""5"":57,""6"":1,""7"":20,""8"":12,""9"":19}",85,4.495535410413557,194,0.194,"{""3"":194,""4"":273,""5"":223,""6"":90,""7"":203,""8"":17}","{""10"":158,""11"":55,""12"":9,""13"":2,""14"":9,""17"":3,""3"":194,""4"":85,""5"":215,""6"":69,""7"":69,""8"":77,""9"":55}","{""Diagonal CMA-ES"":{""attempts"":304,""discoveries"":0,""improvements"":1,""insertions"":1,""insertion_rate"":0.003289473684210526},""Immigrant"":{""attempts"":153,""discoveries"":0,""improvements"":0,""insertions"":0,""insertion_rate"":0.0},""Morphology"":{""attempts"":304,""discoveries"":0,""improvements"":1,""insertions"":1,""insertion_rate"":0.003289473684210526},""Novelty"":{""attempts"":239,""discoveries"":0,""improvements"":0,""insertions"":0,""insertion_rate"":0.0}}","{""Morphology"":202,""Novelty"":31}",0,0.9324324324324325,false,10000
40,177,178000,4.003022624999996,0.016692286,0.010441138,0.002666681,0.003584467,4.945106834,108.88957,35.674793,7134.437225937843,185,0.9635417,23,3.132364310614144,57,0.3081081081081081,"{""3"":57,""4"":60,""5"":31,""6"":24,""7"":13}","{""10"":4,""11"":11,""14"":1,""3"":57,""4"":3,""5"":57,""6"":1,""7"":20,""8"":12,""9"":19}",82,4.186803815684621,235,0.235,"{""3"":235,""4"":353,""5"":227,""6"":102,""7"":72,""8"":11}","{""10"":22,""11"":56,""12"":11,""13"":4,""14"":5,""15"":1,""3"":235,""4"":72,""5"":301,""6"":55,""7"":91,""8"":97,""9"":50}","{""Diagonal CMA-ES"":{""attempts"":309,""discoveries"":0,""improvements"":0,""insertions"":0,""insertion_rate"":0.0},""Immigrant"":{""attempts"":138,""discoveries"":0,""improvements"":0,""insertions"":0,""insertion_rate"":0.0},""Morphology"":{""attempts"":292,""discoveries"":0,""improvements"":1,""insertions"":1,""insertion_rate"":0.003424657534246575},""Novelty"":{""attempts"":261,""discoveries"":0,""improvements"":0,""insertions"":0,""insertion_rate"":0.0}}","{""Morphology"":184,""Novelty"":35}",0,0.9324324324324325,false,11000
40,178,179000,4.023553460999996,0.020530836,0.014029167,0.002728421,0.003773248,4.97094135,108.88957,35.674793,7134.437225937843,185,0.9635417,23,3.132364310614144,57,0.3081081081081081,"{""3"":57,""4"":60,""5"":31,""6"":24,""7"":13}","{""10"":4,""11"":11,""14"":1,""3"":57,""4"":3,""5"":57,""6"":1,""7"":20,""8"":12,""9"":19}",87,4.27980012064145,224,0.224,"{""3"":224,""4"":350,""5"":245,""6"":99,""7"":59,""8"":23}","{""10"":16,""11"":49,""12"":14,""13"":7,""14"":4,""15"":2,""16"":1,""17"":2,""3"":224,""4"":65,""5"":319,""6"":71,""7"":79,""8"":93,""9"":54}","{""Diagonal CMA-ES"":{""attempts"":320,""discoveries"":0,""improvements"":0,""insertions"":0,""insertion_rate"":0.0},""Immigrant"":{""attempts"":155,""discoveries"":0,""improvements"":0,""insertions"":0,""insertion_rate"":0.0},""Morphology"":{""attempts"":291,""discoveries"":0,""improvements"":0,""insertions"":0,""insertion_rate"":0.0},""Novelty"":{""attempts"":234,""discoveries"":0,""improvements"":0,""insertions"":0,""insertion_rate"":0.0}}","{""Morphology"":206,""Novelty"":26}",0,0.9324324324324325,false,12000
40,179,180000,4.042227354999996,0.018673894,0.012396626,0.002653621,0.003623647,4.99467909,108.88957,36.009594,7172.258978486061,185,0.9635417,23,3.141964239646083,56,0.3027027027027027,"{""3"":56,""4"":60,""5"":31,""6"":25,""7"":13}","{""10"":4,""11"":11,""14"":1,""3"":56,""4"":3,""5"":57,""6"":1,""7"":20,""8"":12,""9"":20}",81,4.133476253807882,242,0.242,"{""3"":242,""4"":340,""5"":262,""6"":80,""7"":66,""8"":10}","{""10"":23,""11"":49,""12"":10,""13"":2,""14"":4,""17"":2,""3"":242,""4"":64,""5"":293,""6"":77,""7"":107,""8"":84,""9"":43}","{""Diagonal CMA-ES"":{""attempts"":287,""discoveries"":0,""improvements"":0,""insertions"":0,""insertion_rate"":0.0},""Immigrant"":{""attempts"":162,""discoveries"":0,""improvements"":0,""insertions"":0,""insertion_rate"":0.0},""Morphology"":{""attempts"":309,""discoveries"":0,""improvements"":3,""insertions"":3,""insertion_rate"":0.009708737864077669},""Novelty"":{""attempts"":242,""discoveries"":0,""improvements"":0,""insertions"":0,""insertion_rate"":0.0}}","{""Morphology"":183,""Novelty"":28}",0,0.9324324324324325,false,13000
40,180,181000,4.059839799999996,0.017612445,0.011038352,0.00265837,0.003915723,5.017551286,108.88957,36.009594,7175.696200013161,185,0.9635417,23,3.149152635974515,56,0.3027027027027027,"{""3"":56,""4"":59,""5"":32,""6"":25,""7"":13}","{""10"":4,""11"":11,""14"":1,""3"":56,""4"":3,""5"":56,""6"":1,""7"":21,""8"":12,""9"":20}",83,4.232585022980234,138,0.138,"{""3"":138,""4"":380,""5"":267,""6"":161,""7"":40,""8"":14}","{""10"":9,""11"":35,""12"":12,""13"":4,""14"":6,""15"":3,""17"":2,""3"":138,""4"":127,""5"":284,""6"":59,""7"":143,""8"":61,""9"":117}","{""Diagonal CMA-ES"":{""attempts"":282,""discoveries"":0,""improvements"":0,""insertions"":0,""insertion_rate"":0.0},""Immigrant"":{""attempts"":159,""discoveries"":0,""improvements"":0,""insertions"":0,""insertion_rate"":0.0},""Morphology"":{""attempts"":315,""discoveries"":0,""improvements"":2,""insertions"":2,""insertion_rate"":0.006349206349206349},""Novelty"":{""attempts"":244,""discoveries"":0,""improvements"":0,""insertions"":0,""insertion_rate"":0.0}}","{""Morphology"":200,""Novelty"":27}",0,0.9324324324324325,false,14000
40,181,182000,4.081633924999997,0.021794124999999998,0.014426913,0.003053742,0.00431347,5.045373347,108.88957,36.009594,7175.720446228981,185,0.9635417,23,3.149152635974515,56,0.3027027027027027,"{""3"":56,""4"":59,""5"":32,""6"":25,""7"":13}","{""10"":4,""11"":11,""14"":1,""3"":56,""4"":3,""5"":56,""6"":1,""7"":21,""8"":12,""9"":20}",76,4.158290860883524,197,0.197,"{""3"":197,""4"":363,""5"":246,""6"":123,""7"":63,""8"":8}","{""10"":16,""11"":62,""12"":7,""13"":1,""14"":4,""17"":3,""3"":197,""4"":61,""5"":332,""6"":66,""7"":88,""8"":86,""9"":77}","{""Diagonal CMA-ES"":{""attempts"":341,""discoveries"":0,""improvements"":0,""insertions"":0,""insertion_rate"":0.0},""Immigrant"":{""attempts"":139,""discoveries"":0,""improvements"":0,""insertions"":0,""insertion_rate"":0.0},""Morphology"":{""attempts"":273,""discoveries"":0,""improvements"":1,""insertions"":1,""insertion_rate"":0.003663003663003663},""Novelty"":{""attempts"":247,""discoveries"":0,""improvements"":0,""insertions"":0,""insertion_rate"":0.0}}","{""Morphology"":189,""Novelty"":33}",0,0.9324324324324325,false,15000
40,182,183000,4.105079588999996,0.023445664,0.016125943,0.003200968,0.004118753,5.074459885,108.88957,36.009594,7176.101740479469,185,0.9635417,23,3.149152635974515,56,0.3027027027027027,"{""3"":56,""4"":59,""5"":32,""6"":25,""7"":13}","{""10"":4,""11"":11,""14"":1,""3"":56,""4"":3,""5"":56,""6"":1,""7"":21,""8"":12,""9"":20}",80,4.3423424072067025,239,0.239,"{""3"":239,""4"":297,""5"":233,""6"":132,""7"":86,""8"":13}","{""10"":29,""11"":56,""12"":11,""13"":2,""14"":9,""15"":1,""17"":2,""3"":239,""4"":67,""5"":252,""6"":69,""7"":76,""8"":89,""9"":98}","{""Diagonal CMA-ES"":{""attempts"":323,""discoveries"":0,""improvements"":0,""insertions"":0,""insertion_rate"":0.0},""Immigrant"":{""attempts"":133,""discoveries"":0,""improvements"":0,""insertions"":0,""insertion_rate"":0.0},""Morphology"":{""attempts"":314,""discoveries"":0,""improvements"":1,""insertions"":1,""insertion_rate"":0.0031847133757961785},""Novelty"":{""attempts"":230,""discoveries"":0,""improvements"":0,""insertions"":0,""insertion_rate"":0.0}}","{""Morphology"":202,""Novelty"":24}",0,0.9324324324324325,false,16000
40,183,184000,4.123622880999997,0.018543292,0.01121526,0.003330384,0.003997648,5.099459728,108.88957,36.009594,7178.43762075901,185,0.9635417,23,3.149152635974515,56,0.3027027027027027,"{""3"":56,""4"":59,""5"":32,""6"":25,""7"":13}","{""10"":4,""11"":11,""14"":1,""3"":56,""4"":3,""5"":56,""6"":1,""7"":21,""8"":12,""9"":20}",85,4.353538641775628,187,0.187,"{""3"":187,""4"":337,""5"":215,""6"":168,""7"":71,""8"":22}","{""10"":23,""11"":46,""12"":16,""13"":6,""14"":6,""15"":1,""16"":3,""17"":4,""3"":187,""4"":76,""5"":274,""6"":67,""7"":67,""8"":87,""9"":137}","{""Diagonal CMA-ES"":{""attempts"":273,""discoveries"":0,""improvements"":0,""insertions"":0,""insertion_rate"":0.0},""Immigrant"":{""attempts"":141,""discoveries"":0,""improvements"":0,""insertions"":0,""insertion_rate"":0.0},""Morphology"":{""attempts"":329,""discoveries"":0,""improvements"":1,""insertions"":1,""insertion_rate"":0.00303951367781155},""Novelty"":{""attempts"":257,""discoveries"":0,""improvements"":0,""insertions"":0,""insertion_rate"":0.0}}","{""Morphology"":225,""Novelty"":31}",0,0.9324324324324325,false,17000
40,184,185000,4.140999053999996,0.017376172999999998,0.010789018,0.002524205,0.00406295,5.121555428,108.88957,36.009594,7178.43762075901,185,0.9635417,23,3.149152635974515,56,0.3027027027027027,"{""3"":56,""4"":59,""5"":32,""6"":25,""7"":13}","{""10"":4,""11"":11,""14"":1,""3"":56,""4"":3,""5"":56,""6"":1,""7"":21,""8"":12,""9"":20}",76,4.2712328585529376,213,0.213,"{""3"":213,""4"":295,""5"":207,""6"":201,""7"":74,""8"":10}","{""10"":27,""11"":59,""12"":10,""13"":3,""14"":8,""16"":1,""17"":1,""3"":213,""4"":75,""5"":253,""6"":60,""7"":59,""8"":75,""9"":156}","{""Diagonal CMA-ES"":{""attempts"":313,""discoveries"":0,""improvements"":0,""insertions"":0,""insertion_rate"":0.0},""Immigrant"":{""attempts"":152,""discoveries"":0,""improvements"":0,""insertions"":0,""insertion_rate"":0.0},""Morphology"":{""attempts"":296,""discoveries"":0,""improvements"":0,""insertions"":0,""insertion_rate"":0.0},""Novelty"":{""attempts"":239,""discoveries"":0,""improvements"":0,""insertions"":0,""insertion_rate"":0.0}}","{""Morphology"":199,""Novelty"":19}",0,0.9324324324324325,false,18000
40,185,186000,4.1611820099999965,0.020182956,0.013149376,0.00291364,0.00411994,5.147363824,108.88957,36.009594,7181.136107087135,185,0.9635417,23,3.149152635974515,56,0.3027027027027027,"{""3"":56,""4"":59,""5"":32,""6"":25,""7"":13}","{""10"":4,""11"":11,""14"":1,""3"":56,""4"":3,""5"":56,""6"":1,""7"":21,""8"":12,""9"":20}",85,4.379437728547645,233,0.233,"{""3"":233,""4"":318,""5"":223,""6"":132,""7"":87,""8"":7}","{""10"":33,""11"":60,""12"":3,""13"":3,""14"":8,""15"":1,""17"":1,""3"":233,""4"":73,""5"":265,""6"":66,""7"":71,""8"":95,""9"":88}","{""Diagonal CMA-ES"":{""attempts"":296,""discoveries"":0,""improvements"":0,""insertions"":0,""insertion_rate"":0.0},""Immigrant"":{""attempts"":135,""discoveries"":0,""improvements"":0,""insertions"":0,""insertion_rate"":0.0},""Morphology"":{""attempts"":322,""discoveries"":0,""improvements"":1,""insertions"":1,""insertion_rate"":0.003105590062111801},""Novelty"":{""attempts"":247,""discoveries"":0,""improvements"":0,""insertions"":0,""insertion_rate"":0.0}}","{""Morphology"":221,""Novelty"":33}",0,0.9324324324324325,false,19000
40,186,187000,4.183804872999996,0.022622863,0.015818432,0.002810345,0.003994086,5.175453028,108.88957,36.009594,7184.348997712135,185,0.9635417,23,3.149152635974515,56,0.3027027027027027,"{""3"":56,""4"":60,""5"":31,""6"":25,""7"":13}","{""10"":4,""11"":11,""14"":1,""3"":56,""4"":4,""5"":56,""6"":1,""7"":20,""8"":12,""9"":20}",80,4.38566801309372,225,0.225,"{""3"":225,""4"":304,""5"":244,""6"":122,""7"":90,""8"":15}","{""10"":28,""11"":63,""12"":9,""13"":6,""14"":9,""15"":1,""17"":2,""3"":225,""4"":75,""5"":258,""6"":73,""7"":68,""8"":96,""9"":87}","{""Diagonal CMA-ES"":{""attempts"":290,""discoveries"":0,""improvements"":0,""insertions"":0,""insertion_rate"":0.0},""Immigrant"":{""attempts"":147,""discoveries"":0,""improvements"":0,""insertions"":0,""insertion_rate"":0.0},""Morphology"":{""attempts"":322,""discoveries"":0,""improvements"":2,""insertions"":2,""insertion_rate"":0.006211180124223602},""Novelty"":{""attempts"":241,""discoveries"":0,""improvements"":0,""insertions"":0,""insertion_rate"":0.0}}","{""Morphology"":229,""Novelty"":18}",0,0.9324324324324325,false,20000
40,187,188000,4.200651507999996,0.016846635000000002,0.010060014,0.002704675,0.004081946,5.197517858,108.88957,36.009594,7184.348997712135,185,0.9635417,23,3.149152635974515,56,0.3027027027027027,"{""3"":56,""4"":60,""5"":31,""6"":25,""7"":13}","{""10"":4,""11"":11,""14"":1,""3"":56,""4"":4,""5"":56,""6"":1,""7"":20,""8"":12,""9"":20}",85,4.543527143820791,172,0.172,"{""3"":172,""4"":252,""5"":308,""6"":182,""7"":73,""8"":13}","{""10"":33,""11"":50,""12"":10,""13"":6,""14"":7,""3"":172,""4"":79,""5"":195,""6"":69,""7"":156,""8"":79,""9"":144}","{""Diagonal CMA-ES"":{""attempts"":303,""discoveries"":0,""improvements"":0,""insertions"":0,""insertion_rate"":0.0},""Immigrant"":{""attempts"":151,""discoveries"":0,""improvements"":0,""insertions"":0,""insertion_rate"":0.0},""Morphology"":{""attempts"":287,""discoveries"":0,""improvements"":0,""insertions"":0,""insertion_rate"":0.0},""Novelty"":{""attempts"":259,""discoveries"":0,""improvements"":0,""insertions"":0,""insertion_rate"":0.0}}","{""Morphology"":202,""Novelty"":36}",0,0.9324324324324325,false,21000
40,188,189000,4.218501414999997,0.017849906999999998,0.011216447,0.002745044,0.003888416,5.220505223,108.88957,36.009594,7204.637320160866,185,0.9635417,23,3.1478495503471455,56,0.3027027027027027,"{""3"":56,""4"":60,""5"":32,""6"":24,""7"":13}","{""10"":4,""11"":11,""14"":1,""3"":56,""4"":4,""5"":56,""6"":1,""7"":21,""8"":12,""9"":19}",81,4.3886463133274765,236,0.236,"{""3"":236,""4"":322,""5"":251,""6"":106,""7"":78,""8"":7}","{""10"":26,""11"":56,""12"":10,""13"":1,""14"":6,""15"":2,""17"":1,""3"":236,""4"":80,""5"":261,""6"":75,""7"":70,""8"":110,""9"":66}","{""Diagonal CMA-ES"":{""attempts"":328,""discoveries"":0,""improvements"":0,""insertions"":0,""insertion_rate"":0.0},""Immigrant"":{""attempts"":140,""discoveries"":0,""improvements"":0,""insertions"":0,""insertion_rate"":0.0},""Morphology"":{""attempts"":300,""discoveries"":0,""improvements"":3,""insertions"":3,""insertion_rate"":0.01},""Novelty"":{""attempts"":232,""discoveries"":0,""improvements"":0,""insertions"":0,""insertion_rate"":0.0}}","{""Morphology"":200,""Novelty"":26}",0,0.9324324324324325,false,22000
40,189,190000,4.240411896999997,0.021910482000000002,0.014984946,0.002892269,0.004033267,5.248213303,108.88957,36.009594,7204.637320160866,185,0.9635417,23,3.1478495503471455,56,0.3027027027027027,"{""3"":56,""4"":60,""5"":32,""6"":24,""7"":13}","{""10"":4,""11"":11,""14"":1,""3"":56,""4"":4,""5"":56,""6"":1,""7"":21,""8"":12,""9"":19}",71,4.333291180774086,256,0.256,"{""3"":256,""4"":277,""5"":234,""6"":146,""7"":75,""8"":12}","{""10"":31,""11"":43,""12"":4,""13"":6,""14"":12,""15"":1,""17"":1,""3"":256,""4"":87,""5"":213,""6"":96,""7"":59,""8"":76,""9"":115}","{""Diagonal CMA-ES"":{""attempts"":298,""discoveries"":0,""improvements"":0,""insertions"":0,""insertion_rate"":0.0},""Immigrant"":{""attempts"":149,""discoveries"":0,""improvements"":0,""insertions"":0,""insertion_rate"":0.0},""Morphology"":{""attempts"":313,""discoveries"":0,""improvements"":0,""insertions"":0,""insertion_rate"":0.0},""Novelty"":{""attempts"":240,""discoveries"":0,""improvements"":0,""insertions"":0,""insertion_rate"":0.0}}","{""Morphology"":210,""Novelty"":26}",0,0.9324324324324325,false,23000
40,190,191000,4.262753368999997,0.022341472,0.015781626,0.002786599,0.003773247,5.275585376,108.88957,36.009594,7204.637320160866,185,0.9635417,23,3.147849550347145,56,0.3027027027027027,"{""3"":56,""4"":60,""5"":32,""6"":24,""7"":13}","{""10"":4,""11"":11,""14"":1,""3"":56,""4"":4,""5"":56,""6"":1,""7"":21,""8"":12,""9"":19}",80,4.410472465808711,245,0.245,"{""3"":245,""4"":323,""5"":219,""6"":121,""7"":76,""8"":16}","{""10"":28,""11"":60,""12"":13,""13"":5,""14"":6,""15"":2,""17"":1,""3"":245,""4"":96,""5"":251,""6"":67,""7"":56,""8"":95,""9"":75}","{""Diagonal CMA-ES"":{""attempts"":293,""discoveries"":0,""improvements"":0,""insertions"":0,""insertion_rate"":0.0},""Immigrant"":{""attempts"":165,""discoveries"":0,""improvements"":0,""insertions"":0,""insertion_rate"":0.0},""Morphology"":{""attempts"":297,""discoveries"":0,""improvements"":0,""insertions"":0,""insertion_rate"":0.0},""Novelty"":{""attempts"":245,""discoveries"":0,""improvements"":0,""insertions"":0,""insertion_rate"":0.0}}","{""Morphology"":209,""Novelty"":32}",0,0.9324324324324325,false,24000
40,191,192000,4.280280327999996,0.017526959,0.011154707,0.002859024,0.003513228,5.298259293,108.88957,36.009594,7232.048716187477,185,0.9635417,23,3.1011864739493165,57,0.3081081081081081,"{""3"":57,""4"":62,""5"":30,""6"":24,""7"":12}","{""10"":3,""11"":11,""14"":1,""3"":57,""4"":4,""5"":58,""6"":1,""7"":20,""8"":11,""9"":19}",88,4.472924470690041,235,0.235,"{""3"":235,""4"":304,""5"":281,""6"":84,""7"":84,""8"":12}","{""10"":24,""11"":60,""12"":12,""14"":9,""17"":1,""3"":235,""4"":82,""5"":247,""6"":92,""7"":82,""8"":98,""9"":58}","{""Diagonal CMA-ES"":{""attempts"":293,""discoveries"":0,""improvements"":1,""insertions"":1,""insertion_rate"":0.0034129692832764505},""Immigrant"":{""attempts"":154,""discoveries"":0,""improvements"":0,""insertions"":0,""insertion_rate"":0.0},""Morphology"":{""attempts"":273,""discoveries"":0,""improvements"":4,""insertions"":4,""insertion_rate"":0.014652014652014652},""Novelty"":{""attempts"":280,""discoveries"":0,""improvements"":1,""insertions"":1,""insertion_rate"":0.0035714285714285713}}","{""Morphology"":185,""Novelty"":40}",0,0.9324324324324325,false,25000
40,192,193000,4.2979592629999965,0.017678935,0.011352987,0.002663119,0.003662829,5.320676753,108.88957,36.009594,7238.033959031105,185,0.9635417,22,3.0903756631385044,57,0.3081081081081081,"{""3"":57,""4"":62,""5"":30,""6"":25,""7"":11}","{""10"":3,""11"":11,""14"":1,""3"":57,""4"":4,""5"":58,""6"":1,""7"":20,""8"":11,""9"":19}",83,3.903221592211512,328,0.328,"{""3"":328,""4"":304,""5"":214,""6"":108,""7"":35,""8"":11}","{""10"":9,""11"":42,""12"":8,""13"":3,""14"":3,""17"":2,""3"":328,""4"":86,""5"":239,""6"":64,""7"":91,""8"":57,""9"":68}","{""Diagonal CMA-ES"":{""attempts"":309,""discoveries"":0,""improvements"":0,""insertions"":0,""insertion_rate"":0.0},""Immigrant"":{""attempts"":143,""discoveries"":0,""improvements"":0,""insertions"":0,""insertion_rate"":0.0},""Morphology"":{""attempts"":296,""discoveries"":0,""improvements"":1,""insertions"":1,""insertion_rate"":0.0033783783783783786},""Novelty"":{""attempts"":252,""discoveries"":0,""improvements"":0,""insertions"":0,""insertion_rate"":0.0}}","{""Morphology"":199,""Novelty"":28}",0,0.9324324324324325,false,26000
40,193,194000,4.316267467999997,0.018308204999999998,0.011368422,0.00327458,0.003665203,5.344564093,108.88957,36.009594,7241.3188062906265,185,0.9635417,22,3.0903756631385058,57,0.3081081081081081,"{""3"":57,""4"":62,""5"":30,""6"":25,""7"":11}","{""10"":3,""11"":11,""14"":1,""3"":57,""4"":4,""5"":58,""6"":1,""7"":20,""8"":11,""9"":19}",72,3.754791881755567,319,0.319,"{""3"":319,""4"":310,""5"":254,""6"":75,""7"":29,""8"":13}","{""10"":7,""11"":39,""12"":8,""13"":6,""14"":2,""17"":2,""3"":319,""4"":68,""5"":260,""6"":65,""7"":142,""8"":52,""9"":30}","{""Diagonal CMA-ES"":{""attempts"":315,""discoveries"":0,""improvements"":0,""insertions"":0,""insertion_rate"":0.0},""Immigrant"":{""attempts"":141,""discoveries"":0,""improvements"":0,""insertions"":0,""insertion_rate"":0.0},""Morphology"":{""attempts"":298,""discoveries"":0,""improvements"":1,""insertions"":1,""insertion_rate"":0.003355704697986577},""Novelty"":{""attempts"":246,""discoveries"":0,""improvements"":0,""insertions"":0,""insertion_rate"":0.0}}","{""Morphology"":195,""Novelty"":24}",0,0.9324324324324325,false,27000
40,194,195000,4.339282140999996,0.023014673,0.016204305,0.002926701,0.003883667,5.373877405,108.88957,36.009594,7245.0100828409195,185,0.9635417,22,3.0888857014939517,58,0.31351351351351353,"{""3"":58,""4"":61,""5"":30,""6"":25,""7"":11}","{""10"":3,""11"":11,""14"":1,""3"":58,""4"":4,""5"":57,""6"":1,""7"":20,""8"":11,""9"":19}",79,4.137173179592163,234,0.234,"{""3"":234,""4"":355,""5"":251,""6"":93,""7"":58,""8"":9}","{""10"":14,""11"":60,""12"":6,""13"":3,""14"":3,""15"":1,""17"":1,""3"":234,""4"":82,""5"":296,""6"":78,""7"":88,""8"":82,""9"":52}","{""Diagonal CMA-ES"":{""attempts"":316,""discoveries"":0,""improvements"":0,""insertions"":0,""insertion_rate"":0.0},""Immigrant"":{""attempts"":138,""discoveries"":0,""improvements"":0,""insertions"":0,""insertion_rate"":0.0},""Morphology"":{""attempts"":301,""discoveries"":0,""improvements"":1,""insertions"":1,""insertion_rate"":0.0033222591362126247},""Novelty"":{""attempts"":245,""discoveries"":0,""improvements"":0,""insertions"":0,""insertion_rate"":0.0}}","{""Morphology"":197,""Novelty"":34}",0,0.9324324324324325,false,28000
40,195,196000,4.357739946999996,0.018457806,0.012070118,0.002628688,0.003759,5.397118853,108.88957,36.009594,7252.649862885475,185,0.9635417,22,3.0888857014939517,58,0.31351351351351353,"{""3"":58,""4"":61,""5"":30,""6"":25,""7"":11}","{""10"":3,""11"":11,""14"":1,""3"":58,""4"":4,""5"":57,""6"":1,""7"":20,""8"":11,""9"":19}",82,4.238761097912976,224,0.224,"{""3"":224,""4"":331,""5"":256,""6"":126,""7"":52,""8"":11}","{""10"":13,""11"":49,""12"":9,""13"":4,""14"":6,""17"":1,""20"":1,""3"":224,""4"":68,""5"":284,""6"":71,""7"":108,""8"":79,""9"":83}","{""Diagonal CMA-ES"":{""attempts"":299,""discoveries"":0,""improvements"":0,""insertions"":0,""insertion_rate"":0.0},""Immigrant"":{""attempts"":168,""discoveries"":0,""improvements"":0,""insertions"":0,""insertion_rate"":0.0},""Morphology"":{""attempts"":308,""discoveries"":0,""improvements"":0,""insertions"":0,""insertion_rate"":0.0},""Novelty"":{""attempts"":225,""discoveries"":0,""improvements"":1,""insertions"":1,""insertion_rate"":0.0044444444444444444}}","{""Morphology"":201,""Novelty"":19}",0,0.9324324324324325,false,29000
40,196,197000,4.375811879999996,0.018071933,0.011350613,0.002608504,0.004112816,5.420065849,108.88957,36.009594,7253.404287934303,185,0.9635417,22,3.0888857014939526,58,0.31351351351351353,"{""3"":58,""4"":61,""5"":30,""6"":25,""7"":11}","{""10"":3,""11"":11,""14"":1,""3"":58,""4"":4,""5"":57,""6"":1,""7"":20,""8"":11,""9"":19}",86,4.288932626270615,231,0.231,"{""3"":231,""4"":353,""5"":223,""6"":116,""7"":63,""8"":14}","{""10"":23,""11"":51,""12"":9,""13"":6,""14"":3,""15"":1,""17"":2,""3"":231,""4"":96,""5"":273,""6"":68,""7"":79,""8"":76,""9"":82}","{""Diagonal CMA-ES"":{""attempts"":282,""discoveries"":0,""improvements"":0,""insertions"":0,""insertion_rate"":0.0},""Immigrant"":{""attempts"":167,""discoveries"":0,""improvements"":0,""insertions"":0,""insertion_rate"":0.0},""Morphology"":{""attempts"":289,""discoveries"":0,""improvements"":1,""insertions"":1,""insertion_rate"":0.0034602076124567475},""Novelty"":{""attempts"":262,""discoveries"":0,""improvements"":0,""insertions"":0,""insertion_rate"":0.0}}","{""Morphology"":203,""Novelty"":34}",0,0.9324324324324325,false,30000
40,197,198000,4.391388101999996,0.015576222,0.01091606,0.001653912,0.00300625,5.438995014,108.88957,36.009594,7253.892014145851,185,0.9635417,21,3.049355743683414,59,0.31891891891891894,"{""3"":59,""4"":61,""5"":30,""6"":24,""7"":11}","{""10"":3,""11"":11,""14"":1,""3"":59,""4"":4,""5"":57,""6"":1,""7"":20,""8"":10,""9"":19}",86,4.499212342428888,249,0.249,"{""3"":249,""4"":299,""5"":242,""6"":122,""7"":76,""8"":12}","{""10"":23,""11"":53,""12"":9,""13"":6,""14"":11,""15"":2,""17"":1,""3"":249,""4"":83,""5"":233,""6"":83,""7"":66,""8"":100,""9"":81}","{""Diagonal CMA-ES"":{""attempts"":281,""discoveries"":0,""improvements"":1,""insertions"":1,""insertion_rate"":0.0035587188612099642},""Immigrant"":{""attempts"":133,""discoveries"":0,""improvements"":0,""insertions"":0,""insertion_rate"":0.0},""Morphology"":{""attempts"":335,""discoveries"":0,""improvements"":0,""insertions"":0,""insertion_rate"":0.0},""Novelty"":{""attempts"":251,""discoveries"":0,""improvements"":0,""insertions"":0,""insertion_rate"":0.0}}","{""Morphology"":227,""Novelty"":30}",0,0.9324324324324325,false,31000
40,198,199000,4.411772898999996,0.020384797,0.013642107,0.002974192,0.003768498,5.465173848,108.88957,36.009594,7255.238726258278,185,0.9635417,21,3.0493557436834138,59,0.31891891891891894,"{""3"":59,""4"":61,""5"":30,""6"":24,""7"":11}","{""10"":3,""11"":11,""14"":1,""3"":59,""4"":4,""5"":57,""6"":1,""7"":20,""8"":10,""9"":19}",78,4.177989737769799,239,0.239,"{""3"":239,""4"":353,""5"":239,""6"":94,""7"":67,""8"":8}","{""10"":17,""11"":51,""12"":8,""13"":1,""14"":7,""15"":1,""17"":3,""3"":239,""4"":74,""5"":296,""6"":72,""7"":90,""8"":84,""9"":57}","{""Diagonal CMA-ES"":{""attempts"":300,""discoveries"":0,""improvements"":0,""insertions"":0,""insertion_rate"":0.0},""Immigrant"":{""attempts"":146,""discoveries"":0,""improvements"":0,""insertions"":0,""insertion_rate"":0.0},""Morphology"":{""attempts"":293,""discoveries"":0,""improvements"":2,""insertions"":2,""insertion_rate"":0.006825938566552901},""Novelty"":{""attempts"":261,""discoveries"":0,""improvements"":0,""insertions"":0,""insertion_rate"":0.0}}","{""Morphology"":192,""Novelty"":39}",0,0.9324324324324325,false,32000
40,199,200000,4.430559587999996,0.018786689,0.012668518,0.002682117,0.003436054,5.489100369,108.88957,36.009594,7257.415518403053,185,0.9635417,21,3.047564943270188,59,0.31891891891891894,"{""3"":59,""4"":61,""5"":31,""6"":23,""7"":11}","{""10"":3,""11"":11,""14"":1,""3"":59,""4"":4,""5"":57,""6"":1,""7"":21,""8"":10,""9"":18}",73,4.156763107097783,244,0.244,"{""3"":244,""4"":358,""5"":239,""6"":91,""7"":54,""8"":14}","{""10"":15,""11"":54,""12"":8,""13"":6,""14"":6,""15"":1,""17"":1,""3"":244,""4"":71,""5"":307,""6"":64,""7"":91,""8"":83,""9"":49}","{""Diagonal CMA-ES"":{""attempts"":320,""discoveries"":0,""improvements"":0,""insertions"":0,""insertion_rate"":0.0},""Immigrant"":{""attempts"":141,""discoveries"":0,""improvements"":0,""insertions"":0,""insertion_rate"":0.0},""Morphology"":{""attempts"":300,""discoveries"":0,""improvements"":1,""insertions"":1,""insertion_rate"":0.0033333333333333335},""Novelty"":{""attempts"":239,""discoveries"":0,""improvements"":0,""insertions"":0,""insertion_rate"":0.0}}","{""Morphology"":208,""Novelty"":32}",0,0.9324324324324325,false,33000
40,200,201000,4.452715840999996,0.022156253,0.015037187,0.002716548,0.004402518,5.516359649,108.88957,36.009594,7263.102364182472,185,0.9635417,21,3.040783313770464,59,0.31891891891891894,"{""3"":59,""4"":60,""5"":32,""6"":23,""7"":11}","{""10"":3,""11"":12,""14"":1,""3"":59,""4"":3,""5"":57,""6"":1,""7"":22,""8"":10,""9"":17}",75,4.049598076610624,264,0.264,"{""3"":264,""4"":362,""5"":225,""6"":84,""7"":55,""8"":10}","{""10"":11,""11"":53,""12"":6,""13"":5,""14"":5,""15"":1,""16"":1,""17"":1,""19"":1,""3"":264,""4"":86,""5"":289,""6"":63,""7"":88,""8"":79,""9"":47}","{""Diagonal CMA-ES"":{""attempts"":306,""discoveries"":0,""improvements"":0,""insertions"":0,""insertion_rate"":0.0},""Immigrant"":{""attempts"":150,""discoveries"":0,""improvements"":0,""insertions"":0,""insertion_rate"":0.0},""Morphology"":{""attempts"":298,""discoveries"":0,""improvements"":3,""insertions"":3,""insertion_rate"":0.010067114093959731},""Novelty"":{""attempts"":246,""discoveries"":0,""improvements"":0,""insertions"":0,""insertion_rate"":0.0}}","{""Morphology"":195,""Novelty"":30}",0,0.9324324324324325,false,34000
40,201,202000,4.470989613999996,0.018273773,0.011941889,0.002875647,0.003456237,5.539880112,108.88957,36.009594,7263.900307297707,185,0.9635417,21,3.04348447028552,59,0.31891891891891894,"{""3"":59,""4"":60,""5"":31,""6"":24,""7"":11}","{""10"":3,""11"":12,""14"":1,""3"":59,""4"":3,""5"":57,""6"":1,""7"":21,""8"":10,""9"":18}",84,4.239022435837687,228,0.228,"{""3"":228,""4"":331,""5"":244,""6"":123,""7"":60,""8"":14}","{""10"":13,""11"":80,""12"":15,""13"":2,""14"":4,""15"":2,""17"":1,""3"":228,""4"":75,""5"":275,""6"":61,""7"":97,""8"":92,""9"":55}","{""Diagonal CMA-ES"":{""attempts"":293,""discoveries"":0,""improvements"":0,""insertions"":0,""insertion_rate"":0.0},""Immigrant"":{""attempts"":140,""discoveries"":0,""improvements"":0,""insertions"":0,""insertion_rate"":0.0},""Morphology"":{""attempts"":318,""discoveries"":0,""improvements"":1,""insertions"":1,""insertion_rate"":0.0031446540880503146},""Novelty"":{""attempts"":249,""discoveries"":0,""improvements"":0,""insertions"":0,""insertion_rate"":0.0}}","{""Morphology"":234,""Novelty"":28}",0,0.9324324324324325,false,35000
40,202,203000,4.493024762999996,0.022035148999999997,0.014844844,0.002745044,0.004445261,5.568141475,108.88957,36.009594,7267.577790856361,185,0.9635417,21,3.0434844702855197,59,0.31891891891891894,"{""3"":59,""4"":60,""5"":31,""6"":24,""7"":11}","{""10"":3,""11"":12,""14"":1,""3"":59,""4"":3,""5"":57,""6"":1,""7"":21,""8"":10,""9"":18}",79,4.16372341015623,265,0.265,"{""3"":265,""4"":322,""5"":240,""6"":103,""7"":59,""8"":11}","{""10"":13,""11"":70,""12"":9,""13"":3,""14"":11,""15"":1,""17"":3,""3"":265,""4"":76,""5"":260,""6"":74,""7"":97,""8"":70,""9"":48}","{""Diagonal CMA-ES"":{""attempts"":314,""discoveries"":0,""improvements"":0,""insertions"":0,""insertion_rate"":0.0},""Immigrant"":{""attempts"":156,""discoveries"":0,""improvements"":0,""insertions"":0,""insertion_rate"":0.0},""Morphology"":{""attempts"":302,""discoveries"":0,""improvements"":1,""insertions"":1,""insertion_rate"":0.0033112582781456954},""Novelty"":{""attempts"":228,""discoveries"":0,""improvements"":1,""insertions"":1,""insertion_rate"":0.0043859649122807015}}","{""Morphology"":190,""Novelty"":24}",0,0.9324324324324325,false,36000
40,203,204000,4.513378690999995,0.020353928,0.013629046,0.002823406,0.003901476,5.593559248,108.88957,36.009594,7291.156321167946,185,0.9635417,21,3.0658966255232087,58,0.31351351351351353,"{""3"":58,""4"":59,""5"":32,""6"":24,""7"":12}","{""10"":3,""11"":13,""14"":1,""3"":58,""4"":3,""5"":56,""6"":1,""7"":22,""8"":10,""9"":18}",84,4.415093444753246,270,0.27,"{""3"":270,""4"":275,""5"":218,""6"":140,""7"":82,""8"":15}","{""10"":25,""11"":92,""12"":17,""13"":5,""14"":10,""16"":1,""17"":1,""3"":270,""4"":77,""5"":215,""6"":72,""7"":65,""8"":79,""9"":71}","{""Diagonal CMA-ES"":{""attempts"":311,""discoveries"":0,""improvements"":0,""insertions"":0,""insertion_rate"":0.0},""Immigrant"":{""attempts"":128,""discoveries"":0,""improvements"":0,""insertions"":0,""insertion_rate"":0.0},""Morphology"":{""attempts"":303,""discoveries"":0,""improvements"":4,""insertions"":4,""insertion_rate"":0.013201320132013201},""Novelty"":{""attempts"":258,""discoveries"":0,""improvements"":0,""insertions"":0,""insertion_rate"":0.0}}","{""Morphology"":211,""Novelty"":23}",0,0.9324324324324325,false,37000
40,204,205000,4.534801190999995,0.0214225,0.015973969,0.001683595,0.003764936,5.621542782,108.88957,36.009594,7301.304997086525,185,0.9635417,21,3.0389678360625263,58,0.31351351351351353,"{""3"":58,""4"":60,""5"":31,""6"":24,""7"":12}","{""10"":3,""11"":13,""14"":1,""3"":58,""4"":3,""5"":57,""6"":1,""7"":22,""8"":9,""9"":18}",78,4.356130306639495,254,0.254,"{""3"":254,""4"":319,""5"":201,""6"":127,""7"":81,""8"":18}","{""10"":27,""11"":95,""12"":13,""13"":7,""14"":7,""15"":2,""17"":1,""3"":254,""4"":76,""5"":265,""6"":70,""7"":51,""8"":76,""9"":56}","{""Diagonal CMA-ES"":{""attempts"":290,""discoveries"":0,""improvements"":0,""insertions"":0,""insertion_rate"":0.0},""Immigrant"":{""attempts"":154,""discoveries"":0,""improvements"":0,""insertions"":0,""insertion_rate"":0.0},""Morphology"":{""attempts"":306,""discoveries"":0,""improvements"":0,""insertions"":0,""insertion_rate"":0.0},""Novelty"":{""attempts"":250,""discoveries"":0,""improvements"":2,""insertions"":2,""insertion_rate"":0.008}}","{""Morphology"":205,""Novelty"":31}",0,0.9324324324324325,false,38000
40,205,206000,4.554641017999995,0.019839826999999997,0.014056475,0.001912745,0.003870607,5.646961742,108.88957,36.009594,7305.469613671303,185,0.9635417,21,3.0389678360625254,58,0.31351351351351353,"{""3"":58,""4"":60,""5"":31,""6"":24,""7"":12}","{""10"":3,""11"":13,""14"":1,""3"":58,""4"":3,""5"":57,""6"":1,""7"":22,""8"":9,""9"":18}",72,4.185551645051924,272,0.272,"{""3"":272,""4"":334,""5"":208,""6"":102,""7"":73,""8"":11}","{""10"":19,""11"":58,""12"":8,""13"":3,""14"":6,""15"":1,""3"":272,""4"":93,""5"":266,""6"":57,""7"":62,""8"":83,""9"":72}","{""Diagonal CMA-ES"":{""attempts"":325,""discoveries"":0,""improvements"":0,""insertions"":0,""insertion_rate"":0.0},""Immigrant"":{""attempts"":154,""discoveries"":0,""improvements"":0,""insertions"":0,""insertion_rate"":0.0},""Morphology"":{""attempts"":280,""discoveries"":0,""improvements"":1,""insertions"":1,""insertion_rate"":0.0035714285714285713},""Novelty"":{""attempts"":241,""discoveries"":0,""improvements"":1,""insertions"":1,""insertion_rate"":0.004149377593360996}}","{""Morphology"":188,""Novelty"":40}",0,0.9324324324324325,false,39000
40,206,207000,4.576176311999996,0.021535294,0.01401017,0.002759291,0.004765833,5.673829212,108.88957,36.009594,7313.782783150673,185,0.9635417,21,3.039358359143668,59,0.31891891891891894,"{""3"":59,""4"":59,""5"":30,""6"":25,""7"":12}","{""10"":3,""11"":13,""14"":1,""3"":59,""4"":3,""5"":56,""6"":1,""7"":21,""8"":9,""9"":19}",79,4.2098355087834,287,0.287,"{""3"":287,""4"":326,""5"":193,""6"":92,""7"":88,""8"":14}","{""10"":34,""11"":53,""12"":11,""13"":3,""14"":8,""17"":3,""3"":287,""4"":95,""5"":247,""6"":71,""7"":51,""8"":70,""9"":67}","{""Diagonal CMA-ES"":{""attempts"":308,""discoveries"":0,""improvements"":0,""insertions"":0,""insertion_rate"":0.0},""Immigrant"":{""attempts"":148,""discoveries"":0,""improvements"":0,""insertions"":0,""insertion_rate"":0.0},""Morphology"":{""attempts"":289,""discoveries"":0,""improvements"":3,""insertions"":3,""insertion_rate"":0.010380622837370242},""Novelty"":{""attempts"":255,""discoveries"":0,""improvements"":0,""insertions"":0,""insertion_rate"":0.0}}","{""Morphology"":181,""Novelty"":25}",0,0.9324324324324325,false,40000
40,207,208000,4.594421589999996,0.018245278,0.01124613,0.00272011,0.004279038,5.697249942,108.88957,36.009594,7313.782783150673,185,0.9635417,21,3.0393583591436686,59,0.31891891891891894,"{""3"":59,""4"":59,""5"":30,""6"":25,""7"":12}","{""10"":3,""11"":13,""14"":1,""3"":59,""4"":3,""5"":56,""6"":1,""7"":21,""8"":9,""9"":19}",81,4.249385514850428,305,0.305,"{""3"":305,""4"":287,""5"":206,""6"":101,""7"":83,""8"":18}","{""10"":22,""11"":65,""12"":13,""13"":5,""14"":12,""15"":2,""17"":1,""3"":305,""4"":75,""5"":226,""6"":75,""7"":61,""8"":71,""9"":67}","{""Diagonal CMA-ES"":{""attempts"":305,""discoveries"":0,""improvements"":0,""insertions"":0,""insertion_rate"":0.0},""Immigrant"":{""attempts"":116,""discoveries"":0,""improvements"":0,""insertions"":0,""insertion_rate"":0.0},""Morphology"":{""attempts"":299,""discoveries"":0,""improvements"":0,""insertions"":0,""insertion_rate"":0.0},""Novelty"":{""attempts"":280,""discoveries"":0,""improvements"":0,""insertions"":0,""insertion_rate"":0.0}}","{""Morphology"":207,""Novelty"":31}",0,0.9324324324324325,false,41000
40,208,209000,4.612172949999996,0.01775136,0.011411164,0.00267618,0.003664016,5.71980038,108.88957,36.009594,7313.782783150673,185,0.9635417,21,3.0393583591436686,59,0.31891891891891894,"{""3"":59,""4"":59,""5"":30,""6"":25,""7"":12}","{""10"":3,""11"":13,""14"":1,""3"":59,""4"":3,""5"":56,""6"":1,""7"":21,""8"":9,""9"":19}",85,4.3850056889651405,270,0.27,"{""3"":270,""4"":303,""5"":226,""6"":92,""7"":88,""8"":21}","{""10"":32,""11"":58,""12"":16,""13"":6,""14"":8,""15"":1,""16"":1,""17"":3,""3"":270,""4"":84,""5"":244,""6"":73,""7"":64,""8"":81,""9"":59}","{""Diagonal CMA-ES"":{""attempts"":304,""discoveries"":0,""improvements"":0,""insertions"":0,""insertion_rate"":0.0},""Immigrant"":{""attempts"":163,""discoveries"":0,""improvements"":0,""insertions"":0,""insertion_rate"":0.0},""Morphology"":{""attempts"":290,""discoveries"":0,""improvements"":0,""insertions"":0,""insertion_rate"":0.0},""Novelty"":{""attempts"":243,""discoveries"":0,""improvements"":0,""insertions"":0,""insertion_rate"":0.0}}","{""Morphology"":208,""Novelty"":28}",0,0.9324324324324325,false,42000
40,209,210000,4.633977760999996,0.021804810999999997,0.014994444,0.002958758,0.003851609,5.747122586,108.88957,36.009594,7313.782783150673,185,0.9635417,21,3.0393583591436677,59,0.31891891891891894,"{""3"":59,""4"":59,""5"":30,""6"":25,""7"":12}","{""10"":3,""11"":13,""14"":1,""3"":59,""4"":3,""5"":56,""6"":1,""7"":21,""8"":9,""9"":19}",78,4.3244254549720464,276,0.276,"{""3"":276,""4"":315,""5"":206,""6"":97,""7"":82,""8"":24}","{""10"":23,""11"":64,""12"":16,""13"":6,""14"":7,""15"":1,""16"":1,""17"":5,""3"":276,""4"":87,""5"":253,""6"":68,""7"":59,""8"":64,""9"":70}","{""Diagonal CMA-ES"":{""attempts"":298,""discoveries"":0,""improvements"":0,""insertions"":0,""insertion_rate"":0.0},""Immigrant"":{""attempts"":151,""discoveries"":0,""improvements"":0,""insertions"":0,""insertion_rate"":0.0},""Morphology"":{""attempts"":278,""discoveries"":0,""improvements"":0,""insertions"":0,""insertion_rate"":0.0},""Novelty"":{""attempts"":273,""discoveries"":0,""improvements"":0,""insertions"":0,""insertion_rate"":0.0}}","{""Morphology"":204,""Novelty"":35}",0,0.9324324324324325,false,43000
40,210,211000,4.654444481999996,0.020466721,0.013855821,0.002657183,0.003953717,5.772689959,108.88957,36.009594,7321.071498513222,185,0.9635417,21,3.037177478523482,59,0.31891891891891894,"{""3"":59,""4"":59,""5"":31,""6"":24,""7"":12}","{""10"":3,""11"":13,""14"":1,""3"":59,""4"":3,""5"":56,""6"":1,""7"":22,""8"":9,""9"":18}",72,4.267339187943688,271,0.271,"{""3"":271,""4"":314,""5"":196,""6"":113,""7"":88,""8"":18}","{""10"":25,""11"":69,""12"":10,""13"":7,""14"":11,""15"":1,""17"":2,""3"":271,""4"":92,""5"":245,""6"":61,""7"":55,""8"":76,""9"":75}","{""Diagonal CMA-ES"":{""attempts"":328,""discoveries"":0,""improvements"":0,""insertions"":0,""insertion_rate"":0.0},""Immigrant"":{""attempts"":141,""discoveries"":0,""improvements"":0,""insertions"":0,""insertion_rate"":0.0},""Morphology"":{""attempts"":295,""discoveries"":0,""improvements"":2,""insertions"":2,""insertion_rate"":0.006779661016949152},""Novelty"":{""attempts"":236,""discoveries"":0,""improvements"":0,""insertions"":0,""insertion_rate"":0.0}}","{""Morphology"":197,""Novelty"":30}",0,0.9324324324324325,false,44000
40,211,212000,4.673448446999996,0.019003965,0.011305495,0.002967069,0.004731401,5.797211319,108.88957,36.009594,7327.321586251259,185,0.9635417,22,3.0520687623189597,59,0.31891891891891894,"{""3"":59,""4"":58,""5"":31,""6"":25,""7"":12}","{""10"":3,""11"":14,""14"":1,""3"":59,""4"":3,""5"":55,""6"":1,""7"":22,""8"":9,""9"":18}",75,4.220545945308694,294,0.294,"{""3"":294,""4"":306,""5"":214,""6"":91,""7"":80,""8"":15}","{""10"":20,""11"":68,""12"":8,""13"":4,""14"":12,""17"":3,""3"":294,""4"":87,""5"":241,""6"":65,""7"":64,""8"":75,""9"":59}","{""Diagonal CMA-ES"":{""attempts"":309,""discoveries"":0,""improvements"":0,""insertions"":0,""insertion_rate"":0.0},""Immigrant"":{""attempts"":155,""discoveries"":0,""improvements"":0,""insertions"":0,""insertion_rate"":0.0},""Morphology"":{""attempts"":284,""discoveries"":0,""improvements"":1,""insertions"":1,""insertion_rate"":0.0035211267605633804},""Novelty"":{""attempts"":252,""discoveries"":0,""improvements"":0,""insertions"":0,""insertion_rate"":0.0}}","{""Morphology"":186,""Novelty"":36}",1,0.9324324324324325,false,45000
40,212,213000,4.6949255629999955,0.021477116,0.014794977,0.002913641,0.003768498,5.823989741,108.88957,36.009594,7335.735923409462,185,0.9635417,22,3.0692111014804366,58,0.31351351351351353,"{""3"":58,""4"":58,""5"":32,""6"":25,""7"":12}","{""10"":3,""11"":14,""14"":1,""3"":58,""4"":3,""5"":55,""6"":1,""7"":22,""8"":10,""9"":18}",84,4.355663036660189,275,0.275,"{""3"":275,""4"":281,""5"":195,""6"":156,""7"":74,""8"":19}","{""10"":18,""11"":123,""12"":17,""13"":4,""14"":9,""15"":2,""16"":1,""17"":1,""3"":275,""4"":77,""5"":221,""6"":70,""7"":56,""8"":69,""9"":57}","{""Diagonal CMA-ES"":{""attempts"":318,""discoveries"":0,""improvements"":1,""insertions"":1,""insertion_rate"":0.0031446540880503146},""Immigrant"":{""attempts"":163,""discoveries"":0,""improvements"":0,""insertions"":0,""insertion_rate"":0.0},""Morphology"":{""attempts"":248,""discoveries"":0,""improvements"":1,""insertions"":1,""insertion_rate"":0.004032258064516129},""Novelty"":{""attempts"":271,""discoveries"":0,""improvements"":0,""insertions"":0,""insertion_rate"":0.0}}","{""Morphology"":167,""Novelty"":34}",0,0.9324324324324325,false,46000
40,213,214000,4.716478665999995,0.021553103,0.014316494,0.002897018,0.004339591,5.8515066650000005,108.88957,36.009594,7335.735923409462,185,0.9635417,22,3.0692111014804366,58,0.31351351351351353,"{""3"":58,""4"":58,""5"":32,""6"":25,""7"":12}","{""10"":3,""11"":14,""14"":1,""3"":58,""4"":3,""5"":55,""6"":1,""7"":22,""8"":10,""9"":18}",81,4.234862460215652,232,0.232,"{""3"":232,""4"":340,""5"":225,""6"":119,""7"":66,""8"":18}","{""10"":13,""11"":84,""12"":14,""13"":5,""14"":6,""15"":2,""16"":2,""17"":2,""3"":232,""4"":72,""5"":284,""6"":62,""7"":79,""8"":92,""9"":51}","{""Diagonal CMA-ES"":{""attempts"":307,""discoveries"":0,""improvements"":0,""insertions"":0,""insertion_rate"":0.0},""Immigrant"":{""attempts"":129,""discoveries"":0,""improvements"":0,""insertions"":0,""insertion_rate"":0.0},""Morphology"":{""attempts"":315,""discoveries"":0,""improvements"":0,""insertions"":0,""insertion_rate"":0.0},""Novelty"":{""attempts"":249,""discoveries"":0,""improvements"":0,""insertions"":0,""insertion_rate"":0.0}}","{""Morphology"":210,""Novelty"":25}",0,0.9324324324324325,false,47000
40,214,215000,4.738741775999995,0.022263110000000003,0.015966845,0.002748605,0.00354766,5.8789571,108.88957,36.009594,7335.735923409462,185,0.9635417,22,3.069211101480437,58,0.31351351351351353,"{""3"":58,""4"":58,""5"":32,""6"":25,""7"":12}","{""10"":3,""11"":14,""14"":1,""3"":58,""4"":3,""5"":55,""6"":1,""7"":22,""8"":10,""9"":18}",80,4.259553311265621,237,0.237,"{""3"":237,""4"":327,""5"":246,""6"":114,""7"":60,""8"":16}","{""10"":14,""11"":76,""12"":8,""13"":6,""14"":6,""15"":2,""17"":1,""3"":237,""4"":81,""5"":268,""6"":74,""7"":98,""8"":73,""9"":56}","{""Diagonal CMA-ES"":{""attempts"":283,""discoveries"":0,""improvements"":0,""insertions"":0,""insertion_rate"":0.0},""Immigrant"":{""attempts"":163,""discoveries"":0,""improvements"":0,""insertions"":0,""insertion_rate"":0.0},""Morphology"":{""attempts"":303,""discoveries"":0,""improvements"":0,""insertions"":0,""insertion_rate"":0.0},""Novelty"":{""attempts"":251,""discoveries"":0,""improvements"":0,""insertions"":0,""insertion_rate"":0.0}}","{""Morphology"":200,""Novelty"":22}",0,0.9333333333333333,false,48000
40,215,216000,4.756997739999995,0.018255964,0.01195495,0.002646497,0.003654517,5.902266224,108.88957,36.009594,7387.505935311317,185,0.9635417,22,3.0692111014804366,58,0.31351351351351353,"{""3"":58,""4"":58,""5"":32,""6"":25,""7"":12}","{""10"":3,""11"":14,""14"":1,""3"":58,""4"":3,""5"":55,""6"":1,""7"":22,""8"":10,""9"":18}",79,4.271105560751702,230,0.23,"{""3"":230,""4"":338,""5"":235,""6"":108,""7"":69,""8"":20}","{""10"":16,""11"":64,""12"":19,""13"":7,""14"":5,""15"":1,""16"":2,""17"":2,""3"":230,""4"":80,""5"":283,""6"":63,""7"":92,""8"":81,""9"":55}","{""Diagonal CMA-ES"":{""attempts"":288,""discoveries"":0,""improvements"":0,""insertions"":0,""insertion_rate"":0.0},""Immigrant"":{""attempts"":145,""discoveries"":0,""improvements"":0,""insertions"":0,""insertion_rate"":0.0},""Morphology"":{""attempts"":309,""discoveries"":0,""improvements"":1,""insertions"":1,""insertion_rate"":0.003236245954692557},""Novelty"":{""attempts"":258,""discoveries"":0,""improvements"":0,""insertions"":0,""insertion_rate"":0.0}}","{""Morphology"":203,""Novelty"":32}",0,0.9333333333333333,false,49000
40,216,217000,4.774612560999994,0.017614821,0.011177266,0.002807971,0.003629584,5.925457804,108.88957,36.009594,7392.898601174355,185,0.9635417,22,3.0692111014804357,58,0.31351351351351353,"{""3"":58,""4"":58,""5"":32,""6"":25,""7"":12}","{""10"":3,""11"":14,""14"":1,""3"":58,""4"":3,""5"":55,""6"":1,""7"":22,""8"":10,""9"":18}",92,4.284229601121474,240,0.24,"{""3"":240,""4"":328,""5"":228,""6"":103,""7"":77,""8"":24}","{""10"":18,""11"":71,""12"":17,""13"":10,""14"":4,""15"":1,""17"":4,""3"":240,""4"":79,""5"":269,""6"":69,""7"":87,""8"":70,""9"":61}","{""Diagonal CMA-ES"":{""attempts"":315,""discoveries"":0,""improvements"":0,""insertions"":0,""insertion_rate"":0.0},""Immigrant"":{""attempts"":144,""discoveries"":0,""improvements"":0,""insertions"":0,""insertion_rate"":0.0},""Morphology"":{""attempts"":286,""discoveries"":0,""improvements"":2,""insertions"":2,""insertion_rate"":0.006993006993006993},""Novelty"":{""attempts"":255,""discoveries"":0,""improvements"":0,""insertions"":0,""insertion_rate"":0.0}}","{""Morphology"":195,""Novelty"":33}",0,0.9333333333333333,false,50000
40,217,218000,4.796758128999994,0.022145568,0.015106051,0.002736732,0.004302785,5.953078024,108.88957,36.009594,7392.898601174355,185,0.9635417,22,3.0692111014804357,58,0.31351351351351353,"{""3"":58,""4"":58,""5"":32,""6"":25,""7"":12}","{""10"":3,""11"":14,""14"":1,""3"":58,""4"":3,""5"":55,""6"":1,""7"":22,""8"":10,""9"":18}",71,4.178329740061495,234,0.234,"{""3"":234,""4"":355,""5"":228,""6"":102,""7"":64,""8"":17}","{""10"":17,""11"":67,""12"":14,""13"":4,""14"":5,""15"":1,""17"":4,""3"":234,""4"":85,""5"":298,""6"":70,""7"":71,""8"":76,""9"":54}","{""Diagonal CMA-ES"":{""attempts"":282,""discoveries"":0,""improvements"":0,""insertions"":0,""insertion_rate"":0.0},""Immigrant"":{""attempts"":164,""discoveries"":0,""improvements"":0,""insertions"":0,""insertion_rate"":0.0},""Morphology"":{""attempts"":302,""discoveries"":0,""improvements"":0,""insertions"":0,""insertion_rate"":0.0},""Novelty"":{""attempts"":252,""discoveries"":0,""improvements"":0,""insertions"":0,""insertion_rate"":0.0}}","{""Morphology"":199,""Novelty"":28}",0,0.9333333333333333,false,51000
40,218,219000,4.818349226999994,0.021591098,0.014426914,0.003090549,0.004073635,5.980656688,108.88957,36.009594,7410.202367424965,185,0.9635417,22,3.0445724274653774,59,0.31891891891891894,"{""3"":59,""4"":58,""5"":32,""6"":24,""7"":12}","{""10"":3,""11"":14,""14"":1,""3"":59,""4"":3,""5"":55,""6"":1,""7"":22,""8"":10,""9"":17}",78,4.33523619668208,264,0.264,"{""3"":264,""4"":309,""5"":226,""6"":111,""7"":73,""8"":17}","{""10"":23,""11"":60,""12"":16,""13"":5,""14"":9,""16"":1,""17"":2,""3"":264,""4"":73,""5"":264,""6"":70,""7"":61,""8"":82,""9"":70}","{""Diagonal CMA-ES"":{""attempts"":318,""discoveries"":0,""improvements"":0,""insertions"":0,""insertion_rate"":0.0},""Immigrant"":{""attempts"":143,""discoveries"":0,""improvements"":0,""insertions"":0,""insertion_rate"":0.0},""Morphology"":{""attempts"":307,""discoveries"":0,""improvements"":2,""insertions"":2,""insertion_rate"":0.006514657980456026},""Novelty"":{""attempts"":232,""discoveries"":0,""improvements"":1,""insertions"":1,""insertion_rate"":0.004310344827586207}}","{""Morphology"":208,""Novelty"":21}",0,0.9333333333333333,false,52000
40,219,220000,4.834377811999994,0.016028585,0.011927642,0.00166816,0.002432783,6.000139135,108.88957,36.577827,7437.253993630409,185,0.9635417,22,3.0387069542237666,58,0.31351351351351353,"{""3"":58,""4"":58,""5"":33,""6"":23,""7"":13}","{""10"":3,""11"":14,""14"":1,""3"":58,""4"":3,""5"":55,""6"":1,""7"":23,""8"":10,""9"":17}",82,4.301034612167412,229,0.229,"{""3"":229,""4"":359,""5"":226,""6"":92,""7"":79,""8"":15}","{""10"":27,""11"":61,""12"":12,""13"":5,""14"":13,""17"":2,""3"":229,""4"":71,""5"":324,""6"":73,""7"":59,""8"":74,""9"":50}","{""Diagonal CMA-ES"":{""attempts"":306,""discoveries"":0,""improvements"":0,""insertions"":0,""insertion_rate"":0.0},""Immigrant"":{""attempts"":150,""discoveries"":0,""improvements"":0,""insertions"":0,""insertion_rate"":0.0},""Morphology"":{""attempts"":306,""discoveries"":0,""improvements"":3,""insertions"":3,""insertion_rate"":0.00980392156862745},""Novelty"":{""attempts"":238,""discoveries"":0,""improvements"":0,""insertions"":0,""insertion_rate"":0.0}}","{""Morphology"":207,""Novelty"":28}",0,0.9333333333333333,false,53000
40,220,221000,4.857220325999994,0.022842514,0.016539125,0.002273684,0.004029705,6.028296015,108.88957,36.577827,7438.971351265907,185,0.9635417,21,2.999176996413229,59,0.31891891891891894,"{""3"":59,""4"":58,""5"":32,""6"":23,""7"":13}","{""10"":3,""11"":14,""14"":1,""3"":59,""4"":3,""5"":55,""6"":1,""7"":23,""8"":9,""9"":17}",82,4.210535579743616,278,0.278,"{""3"":278,""4"":324,""5"":205,""6"":84,""7"":92,""8"":17}","{""10"":25,""11"":64,""12"":13,""13"":4,""14"":11,""15"":1,""16"":2,""17"":3,""3"":278,""4"":89,""5"":249,""6"":64,""7"":64,""8"":68,""9"":65}","{""Diagonal CMA-ES"":{""attempts"":307,""discoveries"":0,""improvements"":0,""insertions"":0,""insertion_rate"":0.0},""Immigrant"":{""attempts"":143,""discoveries"":0,""improvements"":0,""insertions"":0,""insertion_rate"":0.0},""Morphology"":{""attempts"":308,""discoveries"":0,""improvements"":1,""insertions"":1,""insertion_rate"":0.003246753246753247},""Novelty"":{""attempts"":242,""discoveries"":0,""improvements"":1,""insertions"":1,""insertion_rate"":0.004132231404958678}}","{""Morphology"":193,""Novelty"":25}",0,0.9333333333333333,false,54000
40,221,222000,4.880574567999994,0.023354242,0.017231322,0.00242566,0.00369726,6.055989847,108.88957,36.577827,7441.596868157387,185,0.9635417,21,2.9991769964132287,59,0.31891891891891894,"{""3"":59,""4"":58,""5"":32,""6"":23,""7"":13}","{""10"":3,""11"":14,""14"":1,""3"":59,""4"":3,""5"":55,""6"":1,""7"":23,""8"":9,""9"":17}",78,4.302966048878046,253,0.253,"{""3"":253,""4"":316,""5"":229,""6"":116,""7"":65,""8"":21}","{""10"":19,""11"":82,""12"":8,""13"":8,""14"":12,""15"":2,""17"":3,""3"":253,""4"":89,""5"":251,""6"":69,""7"":69,""8"":80,""9"":55}","{""Diagonal CMA-ES"":{""attempts"":291,""discoveries"":0,""improvements"":0,""insertions"":0,""insertion_rate"":0.0},""Immigrant"":{""attempts"":150,""discoveries"":0,""improvements"":0,""insertions"":0,""insertion_rate"":0.0},""Morphology"":{""attempts"":327,""discoveries"":0,""improvements"":1,""insertions"":1,""insertion_rate"":0.0030581039755351682},""Novelty"":{""attempts"":232,""discoveries"":0,""improvements"":0,""insertions"":0,""insertion_rate"":0.0}}","{""Morphology"":210,""Novelty"":29}",0,0.9333333333333333,false,55000
40,222,223000,4.903871818999994,0.023297250999999998,0.016414458,0.002771164,0.004111629,6.08453735,108.88957,36.577827,7445.552663445473,185,0.9635417,21,2.9931608000966894,59,0.31891891891891894,"{""3"":59,""4"":59,""5"":31,""6"":23,""7"":13}","{""10"":3,""11"":14,""14"":1,""3"":59,""4"":3,""5"":56,""6"":1,""7"":22,""8"":9,""9"":17}",85,4.173274673768056,332,0.332,"{""3"":332,""4"":305,""5"":188,""6"":87,""7"":67,""8"":21}","{""10"":19,""11"":50,""12"":11,""13"":5,""14"":5,""15"":2,""17"":7,""19"":1,""3"":332,""4"":99,""5"":215,""6"":69,""7"":57,""8"":70,""9"":58}","{""Diagonal CMA-ES"":{""attempts"":290,""discoveries"":0,""improvements"":0,""insertions"":0,""insertion_rate"":0.0},""Immigrant"":{""attempts"":161,""discoveries"":0,""improvements"":0,""insertions"":0,""insertion_rate"":0.0},""Morphology"":{""attempts"":300,""discoveries"":0,""improvements"":1,""insertions"":1,""insertion_rate"":0.0033333333333333335},""Novelty"":{""attempts"":249,""discoveries"":0,""improvements"":0,""insertions"":0,""insertion_rate"":0.0}}","{""Morphology"":205,""Novelty"":29}",0,0.9333333333333333,false,56000
40,223,224000,4.923140551999993,0.019268733,0.012200721,0.003008625,0.004059387,6.109116888,108.88957,36.577827,7466.927230477333,185,0.9635417,21,2.9697089015933797,58,0.31351351351351353,"{""3"":58,""4"":61,""5"":30,""6"":24,""7"":12}","{""10"":2,""11"":14,""14"":1,""3"":58,""4"":3,""5"":58,""6"":1,""7"":21,""8"":9,""9"":18}",79,4.306227909749706,296,0.296,"{""3"":296,""4"":277,""5"":231,""6"":101,""7"":77,""8"":18}","{""10"":23,""11"":63,""12"":13,""13"":7,""14"":8,""15"":1,""16"":2,""17"":1,""3"":296,""4"":74,""5"":228,""6"":75,""7"":58,""8"":91,""9"":60}","{""Diagonal CMA-ES"":{""attempts"":304,""discoveries"":0,""improvements"":0,""insertions"":0,""insertion_rate"":0.0},""Immigrant"":{""attempts"":152,""discoveries"":0,""improvements"":0,""insertions"":0,""insertion_rate"":0.0},""Morphology"":{""attempts"":293,""discoveries"":0,""improvements"":2,""insertions"":2,""insertion_rate"":0.006825938566552901},""Novelty"":{""attempts"":251,""discoveries"":0,""improvements"":1,""insertions"":1,""insertion_rate"":0.00398406374501992}}","{""Morphology"":189,""Novelty"":35}",0,0.9333333333333333,false,57000
40,224,225000,4.940899036999993,0.017758485,0.011487152,0.002709425,0.003561908,6.132110189,108.88957,36.577827,7475.35460960865,185,0.9635417,21,2.973872629596778,58,0.31351351351351353,"{""3"":58,""4"":60,""5"":32,""6"":23,""7"":12}","{""10"":2,""11"":14,""14"":1,""3"":58,""4"":3,""5"":57,""6"":1,""7"":23,""8"":9,""9"":17}",86,4.388722765262778,277,0.277,"{""3"":277,""4"":307,""5"":229,""6"":88,""7"":71,""8"":28}","{""10"":13,""11"":60,""12"":17,""13"":8,""14"":11,""17"":6,""3"":277,""4"":71,""5"":264,""6"":95,""7"":49,""8"":73,""9"":56}","{""Diagonal CMA-ES"":{""attempts"":285,""discoveries"":0,""improvements"":1,""insertions"":1,""insertion_rate"":0.0035087719298245615},""Immigrant"":{""attempts"":160,""discoveries"":0,""improvements"":0,""insertions"":0,""insertion_rate"":0.0},""Morphology"":{""attempts"":308,""discoveries"":0,""improvements"":1,""insertions"":1,""insertion_rate"":0.003246753246753247},""Novelty"":{""attempts"":247,""discoveries"":0,""improvements"":0,""insertions"":0,""insertion_rate"":0.0}}","{""Morphology"":221,""Novelty"":31}",0,0.9333333333333333,false,58000
40,225,226000,4.959466075999993,0.018567039,0.013268106,0.002260625,0.003038308,6.155187789,108.88957,36.577827,7475.450169667602,185,0.9635417,21,2.9738726295967775,58,0.31351351351351353,"{""3"":58,""4"":60,""5"":32,""6"":23,""7"":12}","{""10"":2,""11"":14,""14"":1,""3"":58,""4"":3,""5"":57,""6"":1,""7"":23,""8"":9,""9"":17}",84,4.277139505645862,227,0.227,"{""3"":227,""4"":347,""5"":234,""6"":111,""7"":57,""8"":24}","{""10"":8,""11"":73,""12"":14,""13"":10,""14"":7,""15"":3,""3"":227,""4"":74,""5"":294,""6"":66,""7"":94,""8"":84,""9"":46}","{""Diagonal CMA-ES"":{""attempts"":308,""discoveries"":0,""improvements"":0,""insertions"":0,""insertion_rate"":0.0},""Immigrant"":{""attempts"":164,""discoveries"":0,""improvements"":0,""insertions"":0,""insertion_rate"":0.0},""Morphology"":{""attempts"":291,""discoveries"":0,""improvements"":0,""insertions"":0,""insertion_rate"":0.0},""Novelty"":{""attempts"":237,""discoveries"":0,""improvements"":1,""insertions"":1,""insertion_rate"":0.004219409282700422}}","{""Morphology"":213,""Novelty"":28}",0,0.9333333333333333,false,59000
40,226,227000,4.9785484029999925,0.019082327,0.012439369,0.002901767,0.003741191,6.17965572,108.88957,36.577827,7475.450169667602,185,0.9635417,21,2.9738726295967775,58,0.31351351351351353,"{""3"":58,""4"":60,""5"":32,""6"":23,""7"":12}","{""10"":2,""11"":14,""14"":1,""3"":58,""4"":3,""5"":57,""6"":1,""7"":23,""8"":9,""9"":17}",83,4.182383115720141,255,0.255,"{""3"":255,""4"":334,""5"":219,""6"":101,""7"":70,""8"":21}","{""10"":15,""11"":76,""12"":14,""13"":8,""14"":8,""17"":2,""3"":255,""4"":70,""5"":279,""6"":59,""7"":94,""8"":75,""9"":45}","{""Diagonal CMA-ES"":{""attempts"":273,""discoveries"":0,""improvements"":0,""insertions"":0,""insertion_rate"":0.0},""Immigrant"":{""attempts"":161,""discoveries"":0,""improvements"":0,""insertions"":0,""insertion_rate"":0.0},""Morphology"":{""attempts"":308,""discoveries"":0,""improvements"":0,""insertions"":0,""insertion_rate"":0.0},""Novelty"":{""attempts"":258,""discoveries"":0,""improvements"":0,""insertions"":0,""insertion_rate"":0.0}}","{""Morphology"":191,""Novelty"":35}",0,0.9333333333333333,false,60000
40,227,228000,4.9965348479999925,0.017986445,0.011389793,0.002760478,0.003836174,6.204235257,108.88957,36.974697,7502.727297887206,185,0.9635417,22,3.0117781647630837,58,0.31351351351351353,"{""3"":58,""4"":59,""5"":33,""6"":23,""7"":12}","{""10"":2,""11"":14,""14"":1,""3"":58,""4"":3,""5"":56,""6"":1,""7"":23,""8"":10,""9"":17}",85,4.280899549849206,229,0.229,"{""3"":229,""4"":342,""5"":238,""6"":98,""7"":77,""8"":16}","{""10"":13,""11"":93,""12"":12,""13"":2,""14"":6,""15"":3,""16"":2,""17"":5,""3"":229,""4"":79,""5"":280,""6"":63,""7"":87,""8"":87,""9"":39}","{""Diagonal CMA-ES"":{""attempts"":272,""discoveries"":0,""improvements"":0,""insertions"":0,""insertion_rate"":0.0},""Immigrant"":{""attempts"":148,""discoveries"":0,""improvements"":0,""insertions"":0,""insertion_rate"":0.0},""Morphology"":{""attempts"":315,""discoveries"":0,""improvements"":2,""insertions"":2,""insertion_rate"":0.006349206349206349},""Novelty"":{""attempts"":265,""discoveries"":0,""improvements"":0,""insertions"":0,""insertion_rate"":0.0}}","{""Morphology"":199,""Novelty"":34}",1,0.9333333333333333,false,61000
40,228,229000,5.015076950999992,0.018542103,0.011370796,0.00276404,0.004407267,6.227651238,108.88957,36.974697,7505.747262105346,185,0.9635417,22,3.013268126407637,57,0.3081081081081081,"{""3"":57,""4"":60,""5"":33,""6"":23,""7"":12}","{""10"":2,""11"":14,""14"":1,""3"":57,""4"":3,""5"":57,""6"":1,""7"":23,""8"":10,""9"":17}",84,4.2170402536889595,232,0.232,"{""3"":232,""4"":345,""5"":224,""6"":120,""7"":65,""8"":14}","{""10"":10,""11"":92,""12"":13,""13"":3,""14"":5,""15"":1,""17"":2,""3"":232,""4"":85,""5"":272,""6"":66,""7"":89,""8"":75,""9"":55}","{""Diagonal CMA-ES"":{""attempts"":313,""discoveries"":0,""improvements"":1,""insertions"":1,""insertion_rate"":0.003194888178913738},""Immigrant"":{""attempts"":142,""discoveries"":0,""improvements"":0,""insertions"":0,""insertion_rate"":0.0},""Morphology"":{""attempts"":285,""discoveries"":0,""improvements"":0,""insertions"":0,""insertion_rate"":0.0},""Novelty"":{""attempts"":260,""discoveries"":0,""improvements"":0,""insertions"":0,""insertion_rate"":0.0}}","{""Morphology"":188,""Novelty"":41}",0,0.9333333333333333,false,62000
40,229,230000,5.035220725999992,0.020143775,0.01530433,0.001619481,0.003219964,6.251385416,108.88957,37.83126,7508.457875356078,185,0.9635417,22,3.000573447782789,57,0.3081081081081081,"{""3"":57,""4"":59,""5"":34,""6"":23,""7"":12}","{""10"":2,""11"":14,""14"":1,""3"":57,""4"":3,""5"":56,""6"":1,""7"":23,""8"":11,""9"":17}",86,4.047476400463703,171,0.171,"{""3"":171,""4"":385,""5"":230,""6"":148,""7"":50,""8"":16}","{""10"":15,""11"":130,""12"":19,""13"":5,""14"":3,""15"":1,""16"":1,""17"":1,""3"":171,""4"":58,""5"":343,""6"":70,""7"":90,""8"":66,""9"":27}","{""Diagonal CMA-ES"":{""attempts"":313,""discoveries"":0,""improvements"":0,""insertions"":0,""insertion_rate"":0.0},""Immigrant"":{""attempts"":146,""discoveries"":0,""improvements"":0,""insertions"":0,""insertion_rate"":0.0},""Morphology"":{""attempts"":285,""discoveries"":0,""improvements"":1,""insertions"":1,""insertion_rate"":0.0035087719298245615},""Novelty"":{""attempts"":256,""discoveries"":0,""improvements"":0,""insertions"":0,""insertion_rate"":0.0}}","{""Morphology"":187,""Novelty"":29}",0,0.9333333333333333,false,63000
40,230,231000,5.052867603999992,0.017646877999999998,0.011103653,0.002741482,0.003801743,6.274467765,108.88957,38.303524,7531.599133595824,185,0.9635417,22,3.0077541277442683,56,0.3027027027027027,"{""3"":56,""4"":59,""5"":35,""6"":23,""7"":12}","{""10"":2,""11"":14,""14"":1,""3"":56,""4"":3,""5"":56,""6"":1,""7"":24,""8"":11,""9"":17}",82,4.320695119556379,183,0.183,"{""3"":183,""4"":305,""5"":273,""6"":150,""7"":76,""8"":13}","{""10"":14,""11"":110,""12"":21,""13"":1,""14"":11,""15"":2,""16"":3,""17"":5,""3"":183,""4"":76,""5"":258,""6"":58,""7"":136,""8"":70,""9"":52}","{""Diagonal CMA-ES"":{""attempts"":292,""discoveries"":0,""improvements"":0,""insertions"":0,""insertion_rate"":0.0},""Immigrant"":{""attempts"":161,""discoveries"":0,""improvements"":0,""insertions"":0,""insertion_rate"":0.0},""Morphology"":{""attempts"":295,""discoveries"":0,""improvements"":1,""insertions"":1,""insertion_rate"":0.003389830508474576},""Novelty"":{""attempts"":252,""discoveries"":0,""improvements"":0,""insertions"":0,""insertion_rate"":0.0}}","{""Morphology"":201,""Novelty"":36}",0,0.9342105263157895,false,64000
40,231,232000,5.070722258999992,0.017854655,0.011158269,0.002798472,0.003897914,6.297727022,108.88957,38.303524,7540.906373128295,185,0.9635417,22,3.007754127744269,56,0.3027027027027027,"{""3"":56,""4"":59,""5"":35,""6"":23,""7"":12}","{""10"":2,""11"":14,""14"":1,""3"":56,""4"":3,""5"":56,""6"":1,""7"":24,""8"":11,""9"":17}",76,4.11569856747588,214,0.214,"{""3"":214,""4"":308,""5"":315,""6"":97,""7"":55,""8"":11}","{""10"":6,""11"":86,""12"":14,""13"":4,""14"":6,""15"":1,""3"":214,""4"":64,""5"":259,""6"":73,""7"":169,""8"":74,""9"":30}","{""Diagonal CMA-ES"":{""attempts"":291,""discoveries"":0,""improvements"":0,""insertions"":0,""insertion_rate"":0.0},""Immigrant"":{""attempts"":146,""discoveries"":0,""improvements"":0,""insertions"":0,""insertion_rate"":0.0},""Morphology"":{""attempts"":294,""discoveries"":0,""improvements"":2,""insertions"":2,""insertion_rate"":0.006802721088435374},""Novelty"":{""attempts"":269,""discoveries"":0,""improvements"":0,""insertions"":0,""insertion_rate"":0.0}}","{""Morphology"":191,""Novelty"":29}",0,0.9342105263157895,false,65000
40,232,233000,5.093334436999992,0.022612178,0.015537041,0.003434867,0.00364027,6.325575204,108.88957,38.303524,7543.514655217528,185,0.9635417,22,3.0077541277442683,56,0.3027027027027027,"{""3"":56,""4"":59,""5"":35,""6"":23,""7"":12}","{""10"":2,""11"":14,""14"":1,""3"":56,""4"":3,""5"":56,""6"":1,""7"":24,""8"":11,""9"":17}",81,4.045894572395799,275,0.275,"{""3"":275,""4"":310,""5"":270,""6"":82,""7"":44,""8"":19}","{""10"":9,""11"":48,""12"":17,""13"":6,""14"":4,""16"":1,""17"":2,""3"":275,""4"":79,""5"":250,""6"":64,""7"":137,""8"":74,""9"":34}","{""Diagonal CMA-ES"":{""attempts"":307,""discoveries"":0,""improvements"":0,""insertions"":0,""insertion_rate"":0.0},""Immigrant"":{""attempts"":148,""discoveries"":0,""improvements"":0,""insertions"":0,""insertion_rate"":0.0},""Morphology"":{""attempts"":311,""discoveries"":0,""improvements"":1,""insertions"":1,""insertion_rate"":0.003215434083601286},""Novelty"":{""attempts"":234,""discoveries"":0,""improvements"":0,""insertions"":0,""insertion_rate"":0.0}}","{""Morphology"":210,""Novelty"":32}",0,0.9342105263157895,false,66000
40,233,234000,5.115336339999992,0.022001903,0.015496673,0.002712986,0.003792244,6.352684883,108.88957,38.303524,7544.4224158376455,185,0.9635417,22,3.007754127744268,56,0.3027027027027027,"{""3"":56,""4"":59,""5"":35,""6"":23,""7"":12}","{""10"":2,""11"":14,""14"":1,""3"":56,""4"":3,""5"":56,""6"":1,""7"":24,""8"":11,""9"":17}",86,4.128099630618386,279,0.279,"{""3"":279,""4"":309,""5"":235,""6"":100,""7"":56,""8"":21}","{""10"":13,""11"":72,""12"":14,""13"":4,""14"":5,""15"":1,""16"":1,""17"":2,""3"":279,""4"":66,""5"":260,""6"":58,""7"":110,""8"":71,""9"":44}","{""Diagonal CMA-ES"":{""attempts"":298,""discoveries"":0,""improvements"":0,""insertions"":0,""insertion_rate"":0.0},""Immigrant"":{""attempts"":138,""discoveries"":0,""improvements"":0,""insertions"":0,""insertion_rate"":0.0},""Morphology"":{""attempts"":298,""discoveries"":0,""improvements"":1,""insertions"":1,""insertion_rate"":0.003355704697986577},""Novelty"":{""attempts"":266,""discoveries"":0,""improvements"":0,""insertions"":0,""insertion_rate"":0.0}}","{""Morphology"":194,""Novelty"":24}",0,0.9342105263157895,false,67000
40,234,235000,5.134412730999991,0.019076391,0.012238715,0.0029362,0.003901476,6.376737258,108.88957,38.303524,7551.048517331481,185,0.9635417,21,2.996943316933458,56,0.3027027027027027,"{""3"":56,""4"":59,""5"":34,""6"":23,""7"":13}","{""10"":3,""11"":14,""14"":1,""3"":56,""4"":3,""5"":56,""6"":1,""7"":24,""8"":10,""9"":17}",79,4.240752648764709,299,0.299,"{""3"":299,""4"":289,""5"":232,""6"":104,""7"":59,""8"":17}","{""10"":9,""11"":65,""12"":12,""13"":3,""14"":10,""15"":3,""17"":1,""19"":1,""3"":299,""4"":84,""5"":227,""6"":74,""7"":71,""8"":79,""9"":62}","{""Diagonal CMA-ES"":{""attempts"":329,""discoveries"":0,""improvements"":0,""insertions"":0,""insertion_rate"":0.0},""Immigrant"":{""attempts"":156,""discoveries"":0,""improvements"":0,""insertions"":0,""insertion_rate"":0.0},""Morphology"":{""attempts"":277,""discoveries"":0,""improvements"":1,""insertions"":1,""insertion_rate"":0.0036101083032490976},""Novelty"":{""attempts"":238,""discoveries"":0,""improvements"":0,""insertions"":0,""insertion_rate"":0.0}}","{""Morphology"":203,""Novelty"":32}",0,0.9342105263157895,false,68000
40,235,236000,5.155824545999991,0.021411814999999997,0.014038666,0.003344632,0.004028517,6.404450087,108.88957,38.303524,7551.048517331481,185,0.9635417,21,2.996943316933458,56,0.3027027027027027,"{""3"":56,""4"":59,""5"":34,""6"":23,""7"":13}","{""10"":3,""11"":14,""14"":1,""3"":56,""4"":3,""5"":56,""6"":1,""7"":24,""8"":10,""9"":17}",86,4.28377524222575,288,0.288,"{""3"":288,""4"":298,""5"":238,""6"":95,""7"":63,""8"":18}","{""10"":21,""11"":61,""12"":15,""13"":2,""14"":6,""20"":1,""3"":288,""4"":87,""5"":232,""6"":77,""7"":84,""8"":68,""9"":58}","{""Diagonal CMA-ES"":{""attempts"":314,""discoveries"":0,""improvements"":0,""insertions"":0,""insertion_rate"":0.0},""Immigrant"":{""attempts"":165,""discoveries"":0,""improvements"":0,""insertions"":0,""insertion_rate"":0.0},""Morphology"":{""attempts"":291,""discoveries"":0,""improvements"":0,""insertions"":0,""insertion_rate"":0.0},""Novelty"":{""attempts"":230,""discoveries"":0,""improvements"":0,""insertions"":0,""insertion_rate"":0.0}}","{""Morphology"":194,""Novelty"":33}",0,0.9342105263157895,false,69000
40,236,237000,5.177669723999991,0.021845178,0.015895606,0.002910078,0.003039494,6.431652376,108.88957,38.303524,7560.9875832647085,185,0.9635417,21,2.9955901754934695,57,0.3081081081081081,"{""3"":57,""4"":58,""5"":34,""6"":23,""7"":13}","{""10"":3,""11"":14,""14"":1,""3"":57,""4"":3,""5"":55,""6"":1,""7"":24,""8"":10,""9"":17}",83,4.2374205715565925,269,0.269,"{""3"":269,""4"":330,""5"":224,""6"":87,""7"":67,""8"":23}","{""10"":24,""11"":59,""12"":10,""13"":12,""14"":7,""15"":1,""17"":3,""19"":1,""3"":269,""4"":85,""5"":269,""6"":57,""7"":79,""8"":76,""9"":48}","{""Diagonal CMA-ES"":{""attempts"":288,""discoveries"":0,""improvements"":0,""insertions"":0,""insertion_rate"":0.0},""Immigrant"":{""attempts"":155,""discoveries"":0,""improvements"":0,""insertions"":0,""insertion_rate"":0.0},""Morphology"":{""attempts"":290,""discoveries"":0,""improvements"":1,""insertions"":1,""insertion_rate"":0.0034482758620689655},""Novelty"":{""attempts"":267,""discoveries"":0,""improvements"":0,""insertions"":0,""insertion_rate"":0.0}}","{""Morphology"":197,""Novelty"":32}",0,0.9342105263157895,false,70000
40,237,238000,5.198821519999991,0.021151796,0.014977822,0.002597818,0.003576156,6.457603248,108.88957,38.303524,7565.368625745177,185,0.9635417,21,2.9897626369719785,57,0.3081081081081081,"{""3"":57,""4"":59,""5"":33,""6"":23,""7"":13}","{""10"":3,""11"":14,""14"":1,""3"":57,""4"":3,""5"":56,""6"":1,""7"":23,""8"":10,""9"":17}",71,3.3643842468438465,342,0.342,"{""3"":342,""4"":412,""5"":156,""6"":53,""7"":25,""8"":12}","{""10"":6,""11"":22,""12"":12,""13"":5,""14"":2,""15"":2,""17"":1,""3"":342,""4"":72,""5"":357,""6"":64,""7"":47,""8"":47,""9"":21}","{""Diagonal CMA-ES"":{""attempts"":295,""discoveries"":0,""improvements"":0,""insertions"":0,""insertion_rate"":0.0},""Immigrant"":{""attempts"":161,""discoveries"":0,""improvements"":0,""insertions"":0,""insertion_rate"":0.0},""Morphology"":{""attempts"":287,""discoveries"":0,""improvements"":2,""insertions"":2,""insertion_rate"":0.006968641114982578},""Novelty"":{""attempts"":257,""discoveries"":0,""improvements"":0,""insertions"":0,""insertion_rate"":0.0}}","{""Morphology"":189,""Novelty"":36}",0,0.9342105263157895,false,71000
40,238,239000,5.2218670629999915,0.023045543,0.016358655,0.002648872,0.004038016,6.486157874,108.88957,38.303524,7570.40511713922,185,0.9635417,21,2.9897626369719785,57,0.3081081081081081,"{""3"":57,""4"":59,""5"":33,""6"":23,""7"":13}","{""10"":3,""11"":14,""14"":1,""3"":57,""4"":3,""5"":56,""6"":1,""7"":23,""8"":10,""9"":17}",73,3.7652379703701295,179,0.179,"{""3"":179,""4"":412,""5"":183,""6"":188,""7"":24,""8"":14}","{""10"":4,""11"":158,""12"":15,""13"":4,""14"":3,""15"":4,""16"":1,""17"":2,""3"":179,""4"":68,""5"":369,""6"":70,""7"":58,""8"":45,""9"":20}","{""Diagonal CMA-ES"":{""attempts"":309,""discoveries"":0,""improvements"":0,""insertions"":0,""insertion_rate"":0.0},""Immigrant"":{""attempts"":148,""discoveries"":0,""improvements"":0,""insertions"":0,""insertion_rate"":0.0},""Morphology"":{""attempts"":320,""discoveries"":0,""improvements"":1,""insertions"":1,""insertion_rate"":0.003125},""Novelty"":{""attempts"":223,""discoveries"":0,""improvements"":0,""insertions"":0,""insertion_rate"":0.0}}","{""Morphology"":208,""Novelty"":25}",0,0.9342105263157895,false,72000
40,239,240000,5.241862425999991,0.019995363000000002,0.013167186,0.002804408,0.004023769,6.5132343089999996,108.88957,38.303524,7570.40511713922,185,0.9635417,21,2.989762636971978,57,0.3081081081081081,"{""3"":57,""4"":59,""5"":33,""6"":23,""7"":13}","{""10"":3,""11"":14,""14"":1,""3"":57,""4"":3,""5"":56,""6"":1,""7"":23,""8"":10,""9"":17}",78,4.130415714047008,171,0.171,"{""3"":171,""4"":410,""5"":179,""6"":172,""7"":56,""8"":12}","{""10"":16,""11"":135,""12"":13,""13"":2,""14"":7,""15"":3,""16"":2,""17"":1,""19"":1,""3"":171,""4"":72,""5"":358,""6"":63,""7"":56,""8"":60,""9"":40}","{""Diagonal CMA-ES"":{""attempts"":300,""discoveries"":0,""improvements"":0,""insertions"":0,""insertion_rate"":0.0},""Immigrant"":{""attempts"":136,""discoveries"":0,""improvements"":0,""insertions"":0,""insertion_rate"":0.0},""Morphology"":{""attempts"":293,""discoveries"":0,""improvements"":0,""insertions"":0,""insertion_rate"":0.0},""Novelty"":{""attempts"":271,""discoveries"":0,""improvements"":0,""insertions"":0,""insertion_rate"":0.0}}","{""Morphology"":191,""Novelty"":40}",0,0.9342105263157895,false,73000
40,240,241000,5.260592121999991,0.018729695999999997,0.011964447,0.002688053,0.004077196,6.537232068,108.88957,38.303524,7570.40511713922,185,0.9635417,21,2.989762636971979,57,0.3081081081081081,"{""3"":57,""4"":59,""5"":33,""6"":23,""7"":13}","{""10"":3,""11"":14,""14"":1,""3"":57,""4"":3,""5"":56,""6"":1,""7"":23,""8"":10,""9"":17}",87,4.3170778017920295,242,0.242,"{""3"":242,""4"":346,""5"":226,""6"":94,""7"":72,""8"":20}","{""10"":20,""11"":61,""12"":21,""13"":5,""14"":10,""15"":1,""17"":2,""3"":242,""4"":103,""5"":268,""6"":69,""7"":73,""8"":75,""9"":50}","{""Diagonal CMA-ES"":{""attempts"":273,""discoveries"":0,""improvements"":0,""insertions"":0,""insertion_rate"":0.0},""Immigrant"":{""attempts"":167,""discoveries"":0,""improvements"":0,""insertions"":0,""insertion_rate"":0.0},""Morphology"":{""attempts"":322,""discoveries"":0,""improvements"":0,""insertions"":0,""insertion_rate"":0.0},""Novelty"":{""attempts"":238,""discoveries"":0,""improvements"":0,""insertions"":0,""insertion_rate"":0.0}}","{""Morphology"":206,""Novelty"":29}",0,0.9342105263157895,false,74000
40,241,242000,5.276742998999992,0.016150877,0.011088219,0.00162423,0.003438428,6.557371094,108.88957,38.303524,7573.323806867003,185,0.9635417,21,2.9897626369719785,57,0.3081081081081081,"{""3"":57,""4"":59,""5"":33,""6"":23,""7"":13}","{""10"":3,""11"":14,""14"":1,""3"":57,""4"":3,""5"":56,""6"":1,""7"":23,""8"":10,""9"":17}",77,4.203828130173881,254,0.254,"{""3"":254,""4"":341,""5"":200,""6"":111,""7"":75,""8"":19}","{""10"":19,""11"":81,""12"":14,""13"":7,""14"":9,""15"":1,""16"":1,""17"":3,""3"":254,""4"":86,""5"":280,""6"":52,""7"":67,""8"":76,""9"":50}","{""Diagonal CMA-ES"":{""attempts"":298,""discoveries"":0,""improvements"":0,""insertions"":0,""insertion_rate"":0.0},""Immigrant"":{""attempts"":164,""discoveries"":0,""improvements"":0,""insertions"":0,""insertion_rate"":0.0},""Morphology"":{""attempts"":297,""discoveries"":0,""improvements"":1,""insertions"":1,""insertion_rate"":0.003367003367003367},""Novelty"":{""attempts"":241,""discoveries"":0,""improvements"":0,""insertions"":0,""insertion_rate"":0.0}}","{""Morphology"":186,""Novelty"":26}",0,0.9342105263157895,false,75000
40,242,243000,5.297412748999991,0.02066975,0.012866798,0.003010999,0.004791953,6.583471566,108.88957,38.303524,7573.323806867003,185,0.9635417,21,2.9897626369719785,57,0.3081081081081081,"{""3"":57,""4"":59,""5"":33,""6"":23,""7"":13}","{""10"":3,""11"":14,""14"":1,""3"":57,""4"":3,""5"":56,""6"":1,""7"":23,""8"":10,""9"":17}",78,4.269403057167637,259,0.259,"{""3"":259,""4"":329,""5"":222,""6"":89,""7"":75,""8"":26}","{""10"":23,""11"":66,""12"":16,""13"":11,""14"":8,""15"":2,""17"":5,""3"":259,""4"":84,""5"":259,""6"":75,""7"":66,""8"":84,""9"":42}","{""Diagonal CMA-ES"":{""attempts"":287,""discoveries"":0,""improvements"":0,""insertions"":0,""insertion_rate"":0.0},""Immigrant"":{""attempts"":159,""discoveries"":0,""improvements"":0,""insertions"":0,""insertion_rate"":0.0},""Morphology"":{""attempts"":304,""discoveries"":0,""improvements"":0,""insertions"":0,""insertion_rate"":0.0},""Novelty"":{""attempts"":250,""discoveries"":0,""improvements"":0,""insertions"":0,""insertion_rate"":0.0}}","{""Morphology"":204,""Novelty"":32}",0,0.9342105263157895,false,76000
40,243,244000,5.315663964999992,0.018251216,0.011256816,0.002940949,0.004053451,6.607146379,108.88957,38.303524,7587.967697247863,185,0.9635417,21,3.0168573613274736,57,0.3081081081081081,"{""3"":57,""4"":58,""5"":34,""6"":23,""7"":13}","{""10"":3,""11"":14,""14"":1,""3"":57,""4"":3,""5"":55,""6"":1,""7"":23,""8"":11,""9"":17}",79,4.277203205490333,265,0.265,"{""3"":265,""4"":318,""5"":239,""6"":82,""7"":82,""8"":14}","{""10"":22,""11"":64,""12"":13,""13"":5,""14"":13,""16"":1,""17"":1,""3"":265,""4"":78,""5"":261,""6"":74,""7"":83,""8"":74,""9"":46}","{""Diagonal CMA-ES"":{""attempts"":299,""discoveries"":0,""improvements"":0,""insertions"":0,""insertion_rate"":0.0},""Immigrant"":{""attempts"":144,""discoveries"":0,""improvements"":0,""insertions"":0,""insertion_rate"":0.0},""Morphology"":{""attempts"":292,""discoveries"":0,""improvements"":1,""insertions"":1,""insertion_rate"":0.003424657534246575},""Novelty"":{""attempts"":265,""discoveries"":0,""improvements"":0,""insertions"":0,""insertion_rate"":0.0}}","{""Morphology"":204,""Novelty"":41}",0,0.9342105263157895,false,77000
40,244,245000,5.334986127999992,0.019322163,0.01207368,0.002772352,0.004476131,6.632102292,108.88957,38.303524,7591.746223554015,185,0.9635417,21,3.0168573613274736,57,0.3081081081081081,"{""3"":57,""4"":58,""5"":34,""6"":23,""7"":13}","{""10"":3,""11"":14,""14"":1,""3"":57,""4"":3,""5"":55,""6"":1,""7"":23,""8"":11,""9"":17}",81,4.3893555380744615,233,0.233,"{""3"":233,""4"":331,""5"":247,""6"":99,""7"":78,""8"":12}","{""10"":22,""11"":79,""12"":13,""13"":3,""14"":8,""15"":1,""16"":1,""17"":1,""3"":233,""4"":88,""5"":276,""6"":81,""7"":66,""8"":86,""9"":42}","{""Diagonal CMA-ES"":{""attempts"":276,""discoveries"":0,""improvements"":0,""insertions"":0,""insertion_rate"":0.0},""Immigrant"":{""attempts"":166,""discoveries"":0,""improvements"":0,""insertions"":0,""insertion_rate"":0.0},""Morphology"":{""attempts"":296,""discoveries"":0,""improvements"":1,""insertions"":1,""insertion_rate"":0.0033783783783783786},""Novelty"":{""attempts"":262,""discoveries"":0,""improvements"":0,""insertions"":0,""insertion_rate"":0.0}}","{""Morphology"":192,""Novelty"":30}",0,0.9342105263157895,false,78000
40,245,246000,5.356088055999992,0.021101928,0.01282168,0.003572593,0.004707655,6.659542041,108.88957,38.303524,7594.15679179132,185,0.9635417,21,3.016857361327473,57,0.3081081081081081,"{""3"":57,""4"":58,""5"":34,""6"":23,""7"":13}","{""10"":3,""11"":14,""14"":1,""3"":57,""4"":3,""5"":55,""6"":1,""7"":23,""8"":11,""9"":17}",74,4.28802387430175,233,0.233,"{""3"":233,""4"":357,""5"":213,""6"":110,""7"":76,""8"":11}","{""10"":23,""11"":74,""12"":9,""13"":1,""14"":10,""15"":1,""17"":2,""3"":233,""4"":104,""5"":269,""6"":60,""7"":70,""8"":88,""9"":56}","{""Diagonal CMA-ES"":{""attempts"":279,""discoveries"":0,""improvements"":0,""insertions"":0,""insertion_rate"":0.0},""Immigrant"":{""attempts"":148,""discoveries"":0,""improvements"":0,""insertions"":0,""insertion_rate"":0.0},""Morphology"":{""attempts"":325,""discoveries"":0,""improvements"":1,""insertions"":1,""insertion_rate"":0.003076923076923077},""Novelty"":{""attempts"":248,""discoveries"":0,""improvements"":0,""insertions"":0,""insertion_rate"":0.0}}","{""Morphology"":207,""Novelty"":26}",0,0.9342105263157895,false,79000
40,246,247000,5.379145472999992,0.023057417,0.015736509,0.003045431,0.004275477,6.689280408,108.88957,38.303524,7596.552385434508,185,0.9635417,21,3.0168573613274727,57,0.3081081081081081,"{""3"":57,""4"":58,""5"":34,""6"":23,""7"":13}","{""10"":3,""11"":14,""14"":1,""3"":57,""4"":3,""5"":55,""6"":1,""7"":23,""8"":11,""9"":17}",78,4.06063818631479,201,0.201,"{""3"":201,""4"":424,""5"":223,""6"":82,""7"":56,""8"":14}","{""10"":18,""11"":55,""12"":8,""13"":6,""14"":6,""15"":2,""16"":2,""17"":4,""3"":201,""4"":75,""5"":372,""6"":60,""7"":85,""8"":70,""9"":36}","{""Diagonal CMA-ES"":{""attempts"":321,""discoveries"":0,""improvements"":0,""insertions"":0,""insertion_rate"":0.0},""Immigrant"":{""attempts"":155,""discoveries"":0,""improvements"":0,""insertions"":0,""insertion_rate"":0.0},""Morphology"":{""attempts"":287,""discoveries"":0,""improvements"":1,""insertions"":1,""insertion_rate"":0.003484320557491289},""Novelty"":{""attempts"":237,""discoveries"":0,""improvements"":0,""insertions"":0,""insertion_rate"":0.0}}","{""Morphology"":180,""Novelty"":30}",0,0.9342105263157895,false,80000
40,247,248000,5.399795039999993,0.020649567,0.012881046,0.003203343,0.004565178,6.714511775,108.88957,38.303524,7596.552385434508,185,0.9635417,21,3.016857361327473,57,0.3081081081081081,"{""3"":57,""4"":58,""5"":34,""6"":23,""7"":13}","{""10"":3,""11"":14,""14"":1,""3"":57,""4"":3,""5"":55,""6"":1,""7"":23,""8"":11,""9"":17}",84,4.393281939137436,243,0.243,"{""3"":243,""4"":323,""5"":240,""6"":103,""7"":80,""8"":11}","{""10"":28,""11"":77,""12"":7,""13"":6,""14"":10,""15"":2,""17"":1,""3"":243,""4"":93,""5"":249,""6"":79,""7"":67,""8"":85,""9"":53}","{""Diagonal CMA-ES"":{""attempts"":297,""discoveries"":0,""improvements"":0,""insertions"":0,""insertion_rate"":0.0},""Immigrant"":{""attempts"":158,""discoveries"":0,""improvements"":0,""insertions"":0,""insertion_rate"":0.0},""Morphology"":{""attempts"":313,""discoveries"":0,""improvements"":0,""insertions"":0,""insertion_rate"":0.0},""Novelty"":{""attempts"":232,""discoveries"":0,""improvements"":0,""insertions"":0,""insertion_rate"":0.0}}","{""Morphology"":218,""Novelty"":38}",0,0.9342105263157895,false,81000
40,248,249000,5.421325583999993,0.021530544,0.014105154,0.003299514,0.004125876,6.742541614,108.88957,38.303524,7599.722641095519,185,0.9635417,21,3.016857361327473,57,0.3081081081081081,"{""3"":57,""4"":58,""5"":34,""6"":23,""7"":13}","{""10"":3,""11"":14,""14"":1,""3"":57,""4"":3,""5"":55,""6"":1,""7"":23,""8"":11,""9"":17}",83,4.320084672947501,257,0.257,"{""3"":257,""4"":318,""5"":234,""6"":100,""7"":74,""8"":17}","{""10"":17,""11"":67,""12"":12,""13"":6,""14"":13,""16"":2,""17"":1,""3"":257,""4"":78,""5"":265,""6"":74,""7"":77,""8"":77,""9"":54}","{""Diagonal CMA-ES"":{""attempts"":252,""discoveries"":0,""improvements"":0,""insertions"":0,""insertion_rate"":0.0},""Immigrant"":{""attempts"":170,""discoveries"":0,""improvements"":0,""insertions"":0,""insertion_rate"":0.0},""Morphology"":{""attempts"":335,""discoveries"":0,""improvements"":2,""insertions"":2,""insertion_rate"":0.005970149253731343},""Novelty"":{""attempts"":243,""discoveries"":0,""improvements"":0,""insertions"":0,""insertion_rate"":0.0}}","{""Morphology"":212,""Novelty"":23}",0,0.9342105263157895,false,82000
40,249,250000,5.440810405999993,0.019484822,0.015566724,0.001619481,0.002298617,6.765515918,108.88957,38.303524,7599.722641095519,185,0.9635417,21,3.016857361327473,57,0.3081081081081081,"{""3"":57,""4"":58,""5"":34,""6"":23,""7"":13}","{""10"":3,""11"":14,""14"":1,""3"":57,""4"":3,""5"":55,""6"":1,""7"":23,""8"":11,""9"":17}",81,4.409485831978414,191,0.191,"{""3"":191,""4"":306,""5"":324,""6"":104,""7"":61,""8"":14}","{""10"":19,""11"":56,""12"":11,""13"":5,""14"":8,""15"":2,""16"":1,""17"":1,""3"":191,""4"":88,""5"":235,""6"":64,""7"":187,""8"":79,""9"":53}","{""Diagonal CMA-ES"":{""attempts"":310,""discoveries"":0,""improvements"":0,""insertions"":0,""insertion_rate"":0.0},""Immigrant"":{""attempts"":148,""discoveries"":0,""improvements"":0,""insertions"":0,""insertion_rate"":0.0},""Morphology"":{""attempts"":308,""discoveries"":0,""improvements"":0,""insertions"":0,""insertion_rate"":0.0},""Novelty"":{""attempts"":234,""discoveries"":0,""improvements"":0,""insertions"":0,""insertion_rate"":0.0}}","{""Morphology"":201,""Novelty"":32}",0,0.9342105263157895,false,83000
40,250,251000,5.461691495999992,0.020881089999999998,0.014653688,0.00273792,0.003489482,6.790494389,108.88957,38.303524,7611.970338925719,185,0.9635417,21,3.009185268471569,58,0.31351351351351353,"{""3"":58,""4"":58,""5"":33,""6"":23,""7"":13}","{""10"":3,""11"":14,""14"":1,""3"":58,""4"":3,""5"":55,""6"":1,""7"":22,""8"":11,""9"":17}",81,4.363517666146875,245,0.245,"{""3"":245,""4"":323,""5"":244,""6"":103,""7"":71,""8"":14}","{""10"":21,""11"":63,""12"":11,""13"":4,""14"":11,""17"":2,""3"":245,""4"":80,""5"":265,""6"":67,""7"":80,""8"":98,""9"":53}","{""Diagonal CMA-ES"":{""attempts"":291,""discoveries"":0,""improvements"":1,""insertions"":1,""insertion_rate"":0.003436426116838488},""Immigrant"":{""attempts"":142,""discoveries"":0,""improvements"":0,""insertions"":0,""insertion_rate"":0.0},""Morphology"":{""attempts"":306,""discoveries"":0,""improvements"":2,""insertions"":2,""insertion_rate"":0.006535947712418301},""Novelty"":{""attempts"":261,""discoveries"":0,""improvements"":0,""insertions"":0,""insertion_rate"":0.0}}","{""Morphology"":201,""Novelty"":26}",0,0.9342105263157895,false,84000
40,251,252000,5.479994951999992,0.018303456000000003,0.013656354,0.001842694,0.002804408,6.8138047,108.88957,38.303524,7611.970338925719,185,0.9635417,21,3.0091852684715685,58,0.31351351351351353,"{""3"":58,""4"":58,""5"":33,""6"":23,""7"":13}","{""10"":3,""11"":14,""14"":1,""3"":58,""4"":3,""5"":55,""6"":1,""7"":22,""8"":11,""9"":17}",81,4.047689882557759,194,0.194,"{""3"":194,""4"":356,""5"":292,""6"":84,""7"":59,""8"":15}","{""10"":7,""11"":57,""12"":15,""13"":4,""14"":7,""15"":1,""16"":2,""17"":2,""3"":194,""4"":81,""5"":293,""6"":69,""7"":163,""8"":60,""9"":45}","{""Diagonal CMA-ES"":{""attempts"":292,""discoveries"":0,""improvements"":0,""insertions"":0,""insertion_rate"":0.0},""Immigrant"":{""attempts"":156,""discoveries"":0,""improvements"":0,""insertions"":0,""insertion_rate"":0.0},""Morphology"":{""attempts"":306,""discoveries"":0,""improvements"":0,""insertions"":0,""insertion_rate"":0.0},""Novelty"":{""attempts"":246,""discoveries"":0,""improvements"":0,""insertions"":0,""insertion_rate"":0.0}}","{""Morphology"":204,""Novelty"":30}",0,0.9342105263157895,false,85000
40,252,253000,5.500851108999992,0.020856157,0.014023231,0.002968256,0.00386467,6.840400278,108.88957,38.303524,7641.899576291442,185,0.9635417,21,3.007394910932525,59,0.31891891891891894,"{""3"":59,""4"":57,""5"":33,""6"":23,""7"":13}","{""10"":3,""11"":14,""14"":1,""3"":59,""4"":3,""5"":54,""6"":1,""7"":22,""8"":11,""9"":17}",86,4.194604354166531,244,0.244,"{""3"":244,""4"":312,""5"":247,""6"":103,""7"":72,""8"":22}","{""10"":14,""11"":80,""12"":14,""13"":6,""14"":8,""15"":1,""17"":3,""19"":1,""3"":244,""4"":73,""5"":256,""6"":62,""7"":103,""8"":86,""9"":49}","{""Diagonal CMA-ES"":{""attempts"":305,""discoveries"":0,""improvements"":0,""insertions"":0,""insertion_rate"":0.0},""Immigrant"":{""attempts"":120,""discoveries"":0,""improvements"":0,""insertions"":0,""insertion_rate"":0.0},""Morphology"":{""attempts"":301,""discoveries"":0,""improvements"":0,""insertions"":0,""insertion_rate"":0.0},""Novelty"":{""attempts"":274,""discoveries"":0,""improvements"":2,""insertions"":2,""insertion_rate"":0.0072992700729927005}}","{""Morphology"":187,""Novelty"":26}",0,0.9342105263157895,false,86000
40,253,254000,5.5207621729999925,0.019911064,0.015839803,0.001770268,0.002300993,6.86493351,108.88957,38.303524,7650.49820433557,185,0.9635417,22,3.027827753306858,59,0.31891891891891894,"{""3"":59,""4"":57,""5"":33,""6"":22,""7"":14}","{""10"":3,""11"":14,""14"":1,""15"":1,""3"":59,""4"":3,""5"":54,""6"":1,""7"":23,""8"":10,""9"":16}",84,4.29196556958225,247,0.247,"{""3"":247,""4"":324,""5"":255,""6"":103,""7"":62,""8"":9}","{""10"":16,""11"":66,""12"":13,""13"":2,""14"":5,""15"":3,""16"":1,""17"":1,""3"":247,""4"":80,""5"":261,""6"":78,""7"":100,""8"":79,""9"":48}","{""Diagonal CMA-ES"":{""attempts"":277,""discoveries"":0,""improvements"":0,""insertions"":0,""insertion_rate"":0.0},""Immigrant"":{""attempts"":145,""discoveries"":0,""improvements"":0,""insertions"":0,""insertion_rate"":0.0},""Morphology"":{""attempts"":328,""discoveries"":0,""improvements"":2,""insertions"":2,""insertion_rate"":0.006097560975609756},""Novelty"":{""attempts"":250,""discoveries"":0,""improvements"":0,""insertions"":0,""insertion_rate"":0.0}}","{""Morphology"":219,""Novelty"":33}",1,0.9342105263157895,false,87000
40,254,255000,5.5413345639999925,0.020572391,0.015383879,0.001795202,0.00339331,6.890016464,108.88957,38.303524,7655.000315770507,185,0.9635417,22,3.0278277533068576,59,0.31891891891891894,"{""3"":59,""4"":57,""5"":33,""6"":22,""7"":14}","{""10"":3,""11"":14,""14"":1,""15"":1,""3"":59,""4"":3,""5"":54,""6"":1,""7"":23,""8"":10,""9"":16}",85,4.200225246565768,249,0.249,"{""3"":249,""4"":342,""5"":254,""6"":88,""7"":52,""8"":15}","{""10"":17,""11"":43,""12"":10,""13"":3,""14"":3,""15"":6,""17"":4,""19"":3,""3"":249,""4"":80,""5"":279,""6"":65,""7"":109,""8"":89,""9"":40}","{""Diagonal CMA-ES"":{""attempts"":305,""discoveries"":0,""improvements"":0,""insertions"":0,""insertion_rate"":0.0},""Immigrant"":{""attempts"":161,""discoveries"":0,""improvements"":0,""insertions"":0,""insertion_rate"":0.0},""Morphology"":{""attempts"":300,""discoveries"":0,""improvements"":1,""insertions"":1,""insertion_rate"":0.0033333333333333335},""Novelty"":{""attempts"":234,""discoveries"":0,""improvements"":0,""insertions"":0,""insertion_rate"":0.0}}","{""Morphology"":204,""Novelty"":32}",0,0.9342105263157895,false,88000
40,255,256000,5.564071406999992,0.022736843,0.014913707,0.002755729,0.005067407,6.917545261,108.88957,38.303524,7655.899703130126,185,0.9635417,22,3.027827753306857,59,0.31891891891891894,"{""3"":59,""4"":57,""5"":33,""6"":22,""7"":14}","{""10"":3,""11"":14,""14"":1,""15"":1,""3"":59,""4"":3,""5"":54,""6"":1,""7"":23,""8"":10,""9"":16}",75,4.065049526317169,267,0.267,"{""3"":267,""4"":292,""5"":283,""6"":98,""7"":46,""8"":14}","{""10"":7,""11"":45,""12"":11,""13"":5,""14"":8,""15"":4,""16"":2,""17"":1,""3"":267,""4"":75,""5"":239,""6"":57,""7"":159,""8"":73,""9"":47}","{""Diagonal CMA-ES"":{""attempts"":281,""discoveries"":0,""improvements"":0,""insertions"":0,""insertion_rate"":0.0},""Immigrant"":{""attempts"":159,""discoveries"":0,""improvements"":0,""insertions"":0,""insertion_rate"":0.0},""Morphology"":{""attempts"":304,""discoveries"":0,""improvements"":1,""insertions"":1,""insertion_rate"":0.003289473684210526},""Novelty"":{""attempts"":256,""discoveries"":0,""improvements"":0,""insertions"":0,""insertion_rate"":0.0}}","{""Morphology"":220,""Novelty"":28}",0,0.9342105263157895,false,89000
40,256,257000,5.586618281999992,0.022546875,0.016142565,0.002837653,0.003566657,6.945642776,108.88957,38.357407,7674.706549987197,185,0.9635417,22,3.016923432221054,58,0.31351351351351353,"{""3"":58,""4"":58,""5"":34,""6"":21,""7"":14}","{""10"":3,""11"":14,""14"":1,""15"":1,""3"":58,""4"":3,""5"":55,""6"":1,""7"":23,""8"":11,""9"":15}",83,4.392061136588487,273,0.273,"{""3"":273,""4"":311,""5"":240,""6"":96,""7"":62,""8"":18}","{""10"":21,""11"":63,""12"":15,""13"":2,""14"":6,""15"":4,""16"":2,""17"":3,""19"":1,""3"":273,""4"":95,""5"":237,""6"":81,""7"":81,""8"":76,""9"":40}","{""Diagonal CMA-ES"":{""attempts"":291,""discoveries"":0,""improvements"":1,""insertions"":1,""insertion_rate"":0.003436426116838488},""Immigrant"":{""attempts"":155,""discoveries"":0,""improvements"":0,""insertions"":0,""insertion_rate"":0.0},""Morphology"":{""attempts"":322,""discoveries"":0,""improvements"":2,""insertions"":2,""insertion_rate"":0.006211180124223602},""Novelty"":{""attempts"":232,""discoveries"":0,""improvements"":0,""insertions"":0,""insertion_rate"":0.0}}","{""Morphology"":215,""Novelty"":28}",0,0.935064935064935,false,90000
40,257,258000,5.606693192999992,0.020074910999999997,0.015540603,0.001695468,0.00283884,6.969454129,108.88957,38.357407,7680.707454070449,185,0.9635417,22,3.016923432221054,58,0.31351351351351353,"{""3"":58,""4"":58,""5"":34,""6"":21,""7"":14}","{""10"":3,""11"":14,""14"":1,""15"":1,""3"":58,""4"":3,""5"":55,""6"":1,""7"":23,""8"":11,""9"":15}",71,4.022102909925132,253,0.253,"{""3"":253,""4"":353,""5"":251,""6"":80,""7"":51,""8"":12}","{""10"":12,""11"":52,""12"":6,""13"":7,""14"":9,""15"":1,""16"":2,""17"":1,""3"":253,""4"":92,""5"":278,""6"":74,""7"":107,""8"":68,""9"":38}","{""Diagonal CMA-ES"":{""attempts"":275,""discoveries"":0,""improvements"":0,""insertions"":0,""insertion_rate"":0.0},""Immigrant"":{""attempts"":162,""discoveries"":0,""improvements"":0,""insertions"":0,""insertion_rate"":0.0},""Morphology"":{""attempts"":304,""discoveries"":0,""improvements"":3,""insertions"":3,""insertion_rate"":0.009868421052631578},""Novelty"":{""attempts"":259,""discoveries"":0,""improvements"":0,""insertions"":0,""insertion_rate"":0.0}}","{""Morphology"":201,""Novelty"":30}",0,0.935064935064935,false,91000
40,258,259000,5.625798077999992,0.019104885000000002,0.014594323,0.00181776,0.002692802,6.99320018,108.88957,38.357407,7680.707454070449,185,0.9635417,22,3.016923432221054,58,0.31351351351351353,"{""3"":58,""4"":58,""5"":34,""6"":21,""7"":14}","{""10"":3,""11"":14,""14"":1,""15"":1,""3"":58,""4"":3,""5"":55,""6"":1,""7"":23,""8"":11,""9"":15}",72,3.866820605898088,329,0.329,"{""3"":329,""4"":317,""5"":220,""6"":74,""7"":50,""8"":10}","{""10"":11,""11"":47,""12"":6,""13"":3,""14"":3,""15"":10,""16"":1,""17"":2,""19"":3,""3"":329,""4"":88,""5"":246,""6"":69,""7"":92,""8"":56,""9"":34}","{""Diagonal CMA-ES"":{""attempts"":274,""discoveries"":0,""improvements"":0,""insertions"":0,""insertion_rate"":0.0},""Immigrant"":{""attempts"":159,""discoveries"":0,""improvements"":0,""insertions"":0,""insertion_rate"":0.0},""Morphology"":{""attempts"":309,""discoveries"":0,""improvements"":0,""insertions"":0,""insertion_rate"":0.0},""Novelty"":{""attempts"":258,""discoveries"":0,""improvements"":0,""insertions"":0,""insertion_rate"":0.0}}","{""Morphology"":208,""Novelty"":33}",0,0.935064935064935,false,92000
40,259,260000,5.645633154999992,0.019835077,0.013536437,0.002717736,0.003580904,7.018154905,108.88957,38.357407,7680.707454070449,185,0.9635417,22,3.016923432221054,58,0.31351351351351353,"{""3"":58,""4"":58,""5"":34,""6"":21,""7"":14}","{""10"":3,""11"":14,""14"":1,""15"":1,""3"":58,""4"":3,""5"":55,""6"":1,""7"":23,""8"":11,""9"":15}",83,4.083436019257983,263,0.263,"{""3"":263,""4"":342,""5"":228,""6"":89,""7"":65,""8"":13}","{""10"":15,""11"":64,""12"":10,""13"":2,""14"":6,""15"":7,""16"":3,""3"":263,""4"":67,""5"":296,""6"":55,""7"":95,""8"":76,""9"":41}","{""Diagonal CMA-ES"":{""attempts"":298,""discoveries"":0,""improvements"":0,""insertions"":0,""insertion_rate"":0.0},""Immigrant"":{""attempts"":147,""discoveries"":0,""improvements"":0,""insertions"":0,""insertion_rate"":0.0},""Morphology"":{""attempts"":286,""discoveries"":0,""improvements"":0,""insertions"":0,""insertion_rate"":0.0},""Novelty"":{""attempts"":269,""discoveries"":0,""improvements"":0,""insertions"":0,""insertion_rate"":0.0}}","{""Morphology"":189,""Novelty"":35}",0,0.935064935064935,false,93000
40,260,261000,5.665152408999992,0.019519254,0.01402323,0.002930263,0.002565761,7.043155935,108.88957,38.357407,7685.333793029189,185,0.9635417,22,3.016923432221054,58,0.31351351351351353,"{""3"":58,""4"":58,""5"":34,""6"":21,""7"":14}","{""10"":3,""11"":14,""14"":1,""15"":1,""3"":58,""4"":3,""5"":55,""6"":1,""7"":23,""8"":11,""9"":15}",82,4.18824927173502,257,0.257,"{""3"":257,""4"":336,""5"":234,""6"":95,""7"":68,""8"":10}","{""10"":22,""11"":55,""12"":8,""13"":2,""14"":4,""15"":6,""16"":2,""17"":3,""3"":257,""4"":82,""5"":276,""6"":73,""7"":86,""8"":73,""9"":51}","{""Diagonal CMA-ES"":{""attempts"":271,""discoveries"":0,""improvements"":0,""insertions"":0,""insertion_rate"":0.0},""Immigrant"":{""attempts"":161,""discoveries"":0,""improvements"":0,""insertions"":0,""insertion_rate"":0.0},""Morphology"":{""attempts"":306,""discoveries"":0,""improvements"":3,""insertions"":3,""insertion_rate"":0.00980392156862745},""Novelty"":{""attempts"":262,""discoveries"":0,""improvements"":0,""insertions"":0,""insertion_rate"":0.0}}","{""Morphology"":220,""Novelty"":29}",0,0.935064935064935,false,94000
40,261,262000,5.688923393999992,0.023770985,0.01652369,0.003094111,0.004153184,7.073423839,108.88957,38.357407,7695.9255097955465,185,0.9635417,22,3.043852221681737,58,0.31351351351351353,"{""3"":58,""4"":58,""5"":34,""6"":21,""7"":14}","{""10"":3,""11"":14,""14"":1,""15"":1,""3"":58,""4"":3,""5"":55,""6"":1,""7"":23,""8"":11,""9"":15}",91,4.104346009556614,257,0.257,"{""3"":257,""4"":348,""5"":245,""6"":89,""7"":46,""8"":15}","{""10"":10,""11"":44,""12"":14,""13"":3,""14"":6,""15"":5,""16"":1,""17"":1,""19"":3,""3"":257,""4"":69,""5"":305,""6"":52,""7"":113,""8"":77,""9"":40}","{""Diagonal CMA-ES"":{""attempts"":312,""discoveries"":0,""improvements"":0,""insertions"":0,""insertion_rate"":0.0},""Immigrant"":{""attempts"":140,""discoveries"":0,""improvements"":0,""insertions"":0,""insertion_rate"":0.0},""Morphology"":{""attempts"":295,""discoveries"":0,""improvements"":1,""insertions"":1,""insertion_rate"":0.003389830508474576},""Novelty"":{""attempts"":253,""discoveries"":0,""improvements"":1,""insertions"":1,""insertion_rate"":0.003952569169960474}}","{""Morphology"":195,""Novelty"":41}",0,0.935064935064935,false,95000
40,262,263000,5.711990307999992,0.023066914,0.016235175,0.002821031,0.004010708,7.10158903,108.88957,38.357407,7695.9255097955465,185,0.9635417,22,3.043852221681737,58,0.31351351351351353,"{""3"":58,""4"":58,""5"":34,""6"":21,""7"":14}","{""10"":3,""11"":14,""14"":1,""15"":1,""3"":58,""4"":3,""5"":55,""6"":1,""7"":23,""8"":11,""9"":15}",83,4.2188185213598945,282,0.282,"{""3"":282,""4"":273,""5"":277,""6"":89,""7"":72,""8"":7}","{""10"":27,""11"":62,""12"":5,""13"":1,""14"":9,""16"":2,""17"":1,""19"":1,""3"":282,""4"":72,""5"":223,""6"":73,""7"":123,""8"":74,""9"":45}","{""Diagonal CMA-ES"":{""attempts"":293,""discoveries"":0,""improvements"":0,""insertions"":0,""insertion_rate"":0.0},""Immigrant"":{""attempts"":134,""discoveries"":0,""improvements"":0,""insertions"":0,""insertion_rate"":0.0},""Morphology"":{""attempts"":305,""discoveries"":0,""improvements"":0,""insertions"":0,""insertion_rate"":0.0},""Novelty"":{""attempts"":268,""discoveries"":0,""improvements"":0,""insertions"":0,""insertion_rate"":0.0}}","{""Morphology"":213,""Novelty"":26}",0,0.935064935064935,false,96000
40,263,264000,5.735501272999992,0.023510965,0.015924101,0.003019311,0.004567553,7.130521219,108.88957,38.357407,7695.9255097955465,185,0.9635417,22,3.043852221681737,58,0.31351351351351353,"{""3"":58,""4"":58,""5"":34,""6"":21,""7"":14}","{""10"":3,""11"":14,""14"":1,""15"":1,""3"":58,""4"":3,""5"":55,""6"":1,""7"":23,""8"":11,""9"":15}",79,4.210045744224848,294,0.294,"{""3"":294,""4"":303,""5"":234,""6"":88,""7"":68,""8"":13}","{""10"":23,""11"":58,""12"":12,""13"":1,""14"":7,""15"":3,""16"":1,""17"":1,""19"":2,""3"":294,""4"":90,""5"":244,""6"":68,""7"":70,""8"":85,""9"":41}","{""Diagonal CMA-ES"":{""attempts"":291,""discoveries"":0,""improvements"":0,""insertions"":0,""insertion_rate"":0.0},""Immigrant"":{""attempts"":158,""discoveries"":0,""improvements"":0,""insertions"":0,""insertion_rate"":0.0},""Morphology"":{""attempts"":323,""discoveries"":0,""improvements"":0,""insertions"":0,""insertion_rate"":0.0},""Novelty"":{""attempts"":228,""discoveries"":0,""improvements"":0,""insertions"":0,""insertion_rate"":0.0}}","{""Morphology"":209,""Novelty"":26}",0,0.935064935064935,false,97000
40,264,265000,5.755782775999991,0.020281503000000003,0.013453326,0.002956383,0.003871794,7.157288955,108.88957,38.357407,7700.556508406997,185,0.9635417,21,3.0043222638711997,59,0.31891891891891894,"{""3"":59,""4"":58,""5"":33,""6"":21,""7"":14}","{""10"":3,""11"":14,""14"":1,""15"":1,""3"":59,""4"":3,""5"":55,""7"":23,""8"":11,""9"":15}",81,4.217622668367455,299,0.299,"{""3"":299,""4"":303,""5"":233,""6"":91,""7"":65,""8"":9}","{""10"":21,""11"":58,""12"":9,""13"":4,""14"":8,""15"":4,""16"":1,""3"":299,""4"":85,""5"":244,""6"":67,""7"":81,""8"":77,""9"":42}","{""Diagonal CMA-ES"":{""attempts"":309,""discoveries"":0,""improvements"":0,""insertions"":0,""insertion_rate"":0.0},""Immigrant"":{""attempts"":157,""discoveries"":0,""improvements"":0,""insertions"":0,""insertion_rate"":0.0},""Morphology"":{""attempts"":287,""discoveries"":0,""improvements"":2,""insertions"":2,""insertion_rate"":0.006968641114982578},""Novelty"":{""attempts"":247,""discoveries"":0,""improvements"":0,""insertions"":0,""insertion_rate"":0.0}}","{""Morphology"":193,""Novelty"":25}",0,0.935064935064935,false,98000
40,265,266000,5.779188071999991,0.023405296,0.015698515,0.002855463,0.004851318,7.185991994,108.88957,38.357407,7704.773414000869,185,0.9635417,21,3.0043222638711993,59,0.31891891891891894,"{""3"":59,""4"":58,""5"":33,""6"":21,""7"":14}","{""10"":3,""11"":14,""14"":1,""15"":1,""3"":59,""4"":3,""5"":55,""7"":23,""8"":11,""9"":15}",80,4.259902811360575,277,0.277,"{""3"":277,""4"":325,""5"":216,""6"":90,""7"":74,""8"":18}","{""10"":24,""11"":55,""12"":8,""13"":7,""14"":9,""15"":4,""16"":2,""17"":3,""19"":4,""3"":277,""4"":87,""5"":263,""6"":67,""7"":65,""8"":75,""9"":50}","{""Diagonal CMA-ES"":{""attempts"":305,""discoveries"":0,""improvements"":0,""insertions"":0,""insertion_rate"":0.0},""Immigrant"":{""attempts"":155,""discoveries"":0,""improvements"":0,""insertions"":0,""insertion_rate"":0.0},""Morphology"":{""attempts"":300,""discoveries"":0,""improvements"":1,""insertions"":1,""insertion_rate"":0.0033333333333333335},""Novelty"":{""attempts"":240,""discoveries"":0,""improvements"":0,""insertions"":0,""insertion_rate"":0.0}}","{""Morphology"":208,""Novelty"":22}",0,0.935064935064935,false,99000
40,266,267000,5.800471656999991,0.021283584999999997,0.013989986,0.002885145,0.004408454,7.212181514,108.88957,38.357407,7704.773414000869,185,0.9635417,21,3.0043222638711997,59,0.31891891891891894,"{""3"":59,""4"":58,""5"":33,""6"":21,""7"":14}","{""10"":3,""11"":14,""14"":1,""15"":1,""3"":59,""4"":3,""5"":55,""7"":23,""8"":11,""9"":15}",82,4.271680468918994,277,0.277,"{""3"":277,""4"":302,""5"":242,""6"":94,""7"":69,""8"":16}","{""10"":23,""11"":72,""12"":6,""14"":7,""15"":2,""16"":1,""17"":4,""19"":4,""3"":277,""4"":78,""5"":244,""6"":66,""7"":84,""8"":87,""9"":45}","{""Diagonal CMA-ES"":{""attempts"":297,""discoveries"":0,""improvements"":0,""insertions"":0,""insertion_rate"":0.0},""Immigrant"":{""attempts"":148,""discoveries"":0,""improvements"":0,""insertions"":0,""insertion_rate"":0.0},""Morphology"":{""attempts"":291,""discoveries"":0,""improvements"":0,""insertions"":0,""insertion_rate"":0.0},""Novelty"":{""attempts"":264,""discoveries"":0,""improvements"":0,""insertions"":0,""insertion_rate"":0.0}}","{""Morphology"":200,""Novelty"":35}",0,0.935064935064935,false,100000
40,267,268000,5.823856767999991,0.023385111,0.015716324,0.003060866,0.004607921,7.241956688,108.88957,38.357407,7710.023064956069,185,0.9635417,21,3.0043222638711997,59,0.31891891891891894,"{""3"":59,""4"":58,""5"":33,""6"":21,""7"":14}","{""10"":3,""11"":14,""14"":1,""15"":1,""3"":59,""4"":3,""5"":55,""7"":23,""8"":11,""9"":15}",83,4.20046176358155,263,0.263,"{""3"":263,""4"":345,""5"":213,""6"":100,""7"":63,""8"":16}","{""10"":18,""11"":67,""12"":12,""13"":4,""14"":7,""15"":1,""17"":2,""19"":2,""3"":263,""4"":74,""5"":294,""6"":56,""7"":62,""8"":92,""9"":46}","{""Diagonal CMA-ES"":{""attempts"":295,""discoveries"":0,""improvements"":0,""insertions"":0,""insertion_rate"":0.0},""Immigrant"":{""attempts"":153,""discoveries"":0,""improvements"":0,""insertions"":0,""insertion_rate"":0.0},""Morphology"":{""attempts"":294,""discoveries"":0,""improvements"":2,""insertions"":2,""insertion_rate"":0.006802721088435374},""Novelty"":{""attempts"":258,""discoveries"":0,""improvements"":0,""insertions"":0,""insertion_rate"":0.0}}","{""Morphology"":187,""Novelty"":33}",0,0.935064935064935,false,101000
40,268,269000,5.845787432999991,0.021930665,0.015597593,0.002867336,0.003465736,7.268646062,108.88957,38.357407,7713.062299117446,185,0.9635417,21,3.0043222638711993,59,0.31891891891891894,"{""3"":59,""4"":58,""5"":33,""6"":21,""7"":14}","{""10"":3,""11"":14,""14"":1,""15"":1,""3"":59,""4"":3,""5"":55,""7"":23,""8"":11,""9"":15}",83,4.203568034684326,271,0.271,"{""3"":271,""4"":341,""5"":210,""6"":91,""7"":74,""8"":13}","{""10"":21,""11"":70,""12"":10,""13"":7,""14"":8,""15"":3,""21"":1,""3"":271,""4"":91,""5"":273,""6"":65,""7"":70,""8"":64,""9"":46}","{""Diagonal CMA-ES"":{""attempts"":294,""discoveries"":0,""improvements"":0,""insertions"":0,""insertion_rate"":0.0},""Immigrant"":{""attempts"":158,""discoveries"":0,""improvements"":0,""insertions"":0,""insertion_rate"":0.0},""Morphology"":{""attempts"":280,""discoveries"":0,""improvements"":3,""insertions"":3,""insertion_rate"":0.010714285714285714},""Novelty"":{""attempts"":268,""discoveries"":0,""improvements"":0,""insertions"":0,""insertion_rate"":0.0}}","{""Morphology"":186,""Novelty"":23}",0,0.935064935064935,false,102000
40,269,270000,5.865528711999991,0.019741278999999997,0.014780729,0.001918681,0.003041869,7.293026132,108.88957,38.357407,7713.062299117446,185,0.9635417,21,3.0043222638711993,59,0.31891891891891894,"{""3"":59,""4"":58,""5"":33,""6"":21,""7"":14}","{""10"":3,""11"":14,""14"":1,""15"":1,""3"":59,""4"":3,""5"":55,""7"":23,""8"":11,""9"":15}",84,4.257739294179225,272,0.272,"{""3"":272,""4"":342,""5"":214,""6"":87,""7"":75,""8"":10}","{""10"":27,""11"":54,""12"":5,""13"":4,""14"":10,""15"":4,""16"":3,""17"":1,""19"":2,""3"":272,""4"":93,""5"":264,""6"":67,""7"":72,""8"":73,""9"":49}","{""Diagonal CMA-ES"":{""attempts"":301,""discoveries"":0,""improvements"":0,""insertions"":0,""insertion_rate"":0.0},""Immigrant"":{""attempts"":139,""discoveries"":0,""improvements"":0,""insertions"":0,""insertion_rate"":0.0},""Morphology"":{""attempts"":304,""discoveries"":0,""improvements"":0,""insertions"":0,""insertion_rate"":0.0},""Novelty"":{""attempts"":256,""discoveries"":0,""improvements"":0,""insertions"":0,""insertion_rate"":0.0}}","{""Morphology"":215,""Novelty"":32}",0,0.935064935064935,false,103000
40,270,271000,5.885540695999991,0.020011983999999997,0.014838907,0.001691906,0.003481171,7.316836298,108.88957,38.357407,7713.062299117446,185,0.9635417,21,3.0043222638712,59,0.31891891891891894,"{""3"":59,""4"":58,""5"":33,""6"":21,""7"":14}","{""10"":3,""11"":14,""14"":1,""15"":1,""3"":59,""4"":3,""5"":55,""7"":23,""8"":11,""9"":15}",77,4.303900869048949,267,0.267,"{""3"":267,""4"":314,""5"":236,""6"":99,""7"":72,""8"":12}","{""10"":25,""11"":64,""12"":9,""13"":3,""14"":7,""15"":4,""16"":1,""17"":3,""3"":267,""4"":85,""5"":249,""6"":79,""7"":67,""8"":88,""9"":49}","{""Diagonal CMA-ES"":{""attempts"":305,""discoveries"":0,""improvements"":0,""insertions"":0,""insertion_rate"":0.0},""Immigrant"":{""attempts"":142,""discoveries"":0,""improvements"":0,""insertions"":0,""insertion_rate"":0.0},""Morphology"":{""attempts"":304,""discoveries"":0,""improvements"":0,""insertions"":0,""insertion_rate"":0.0},""Novelty"":{""attempts"":249,""discoveries"":0,""improvements"":0,""insertions"":0,""insertion_rate"":0.0}}","{""Morphology"":211,""Novelty"":30}",0,0.935064935064935,false,104000
40,271,272000,5.909937388999991,0.024396693000000004,0.017369049,0.002811533,0.004216111,7.346483243,108.88957,38.357407,7716.98115478456,185,0.9635417,21,3.0043222638711993,59,0.31891891891891894,"{""3"":59,""4"":58,""5"":33,""6"":21,""7"":14}","{""10"":3,""11"":14,""14"":1,""15"":1,""3"":59,""4"":3,""5"":55,""7"":23,""8"":11,""9"":15}",77,4.216004068956312,282,0.282,"{""3"":282,""4"":307,""5"":233,""6"":95,""7"":68,""8"":15}","{""10"":21,""11"":72,""12"":7,""13"":3,""14"":8,""15"":2,""19"":4,""3"":282,""4"":82,""5"":254,""6"":70,""7"":72,""8"":75,""9"":48}","{""Diagonal CMA-ES"":{""attempts"":327,""discoveries"":0,""improvements"":0,""insertions"":0,""insertion_rate"":0.0},""Immigrant"":{""attempts"":152,""discoveries"":0,""improvements"":0,""insertions"":0,""insertion_rate"":0.0},""Morphology"":{""attempts"":288,""discoveries"":0,""improvements"":0,""insertions"":0,""insertion_rate"":0.0},""Novelty"":{""attempts"":233,""discoveries"":0,""improvements"":1,""insertions"":1,""insertion_rate"":0.004291845493562232}}","{""Morphology"":196,""Novelty"":39}",0,0.935064935064935,false,105000
40,272,273000,5.932353660999991,0.022416272,0.015662895,0.00290058,0.003852797,7.374001354,108.88957,38.357407,7719.813138350844,185,0.9635417,21,3.0043222638711997,59,0.31891891891891894,"{""3"":59,""4"":58,""5"":33,""6"":21,""7"":14}","{""10"":3,""11"":14,""14"":1,""15"":1,""3"":59,""4"":3,""5"":55,""7"":23,""8"":11,""9"":15}",78,4.320436345282639,259,0.259,"{""3"":259,""4"":324,""5"":260,""6"":85,""7"":64,""8"":8}","{""10"":25,""11"":48,""12"":5,""13"":2,""14"":5,""15"":3,""16"":2,""17"":3,""3"":259,""4"":89,""5"":256,""6"":78,""7"":100,""8"":85,""9"":40}","{""Diagonal CMA-ES"":{""attempts"":282,""discoveries"":0,""improvements"":1,""insertions"":1,""insertion_rate"":0.0035460992907801418},""Immigrant"":{""attempts"":166,""discoveries"":0,""improvements"":0,""insertions"":0,""insertion_rate"":0.0},""Morphology"":{""attempts"":286,""discoveries"":0,""improvements"":0,""insertions"":0,""insertion_rate"":0.0},""Novelty"":{""attempts"":266,""discoveries"":0,""improvements"":0,""insertions"":0,""insertion_rate"":0.0}}","{""Morphology"":190,""Novelty"":23}",0,0.935064935064935,false,106000
40,273,274000,5.951133224999991,0.018779564,0.012124733,0.00282578,0.003829051,7.398584453,108.88957,39.044624,7723.843308791518,185,0.9635417,21,2.9991769964132287,59,0.31891891891891894,"{""3"":59,""4"":58,""5"":32,""6"":22,""7"":14}","{""10"":3,""11"":14,""14"":1,""15"":1,""3"":59,""4"":3,""5"":55,""7"":23,""8"":10,""9"":16}",78,4.232262498568869,246,0.246,"{""3"":246,""4"":333,""5"":250,""6"":108,""7"":52,""8"":11}","{""10"":14,""11"":52,""12"":5,""13"":4,""14"":5,""15"":4,""17"":1,""19"":2,""3"":246,""4"":76,""5"":278,""6"":68,""7"":92,""8"":98,""9"":55}","{""Diagonal CMA-ES"":{""attempts"":313,""discoveries"":0,""improvements"":0,""insertions"":0,""insertion_rate"":0.0},""Immigrant"":{""attempts"":141,""discoveries"":0,""improvements"":0,""insertions"":0,""insertion_rate"":0.0},""Morphology"":{""attempts"":320,""discoveries"":0,""improvements"":1,""insertions"":1,""insertion_rate"":0.003125},""Novelty"":{""attempts"":226,""discoveries"":0,""improvements"":0,""insertions"":0,""insertion_rate"":0.0}}","{""Morphology"":213,""Novelty"":25}",0,0.935064935064935,false,107000
40,274,275000,5.971087030999991,0.019953806,0.012735007,0.00294451,0.004274289,7.424741916,108.88957,39.044624,7725.965409621596,185,0.9635417,21,2.999176996413229,59,0.31891891891891894,"{""3"":59,""4"":58,""5"":32,""6"":22,""7"":14}","{""10"":3,""11"":14,""14"":1,""15"":1,""3"":59,""4"":3,""5"":55,""7"":23,""8"":10,""9"":16}",79,4.16307908017584,246,0.246,"{""3"":246,""4"":358,""5"":260,""6"":79,""7"":46,""8"":11}","{""10"":9,""11"":46,""12"":7,""13"":4,""14"":5,""15"":8,""16"":4,""17"":1,""3"":246,""4"":84,""5"":288,""6"":83,""7"":101,""8"":74,""9"":40}","{""Diagonal CMA-ES"":{""attempts"":335,""discoveries"":0,""improvements"":0,""insertions"":0,""insertion_rate"":0.0},""Immigrant"":{""attempts"":145,""discoveries"":0,""improvements"":0,""insertions"":0,""insertion_rate"":0.0},""Morphology"":{""attempts"":283,""discoveries"":0,""improvements"":0,""insertions"":0,""insertion_rate"":0.0},""Novelty"":{""attempts"":237,""discoveries"":0,""improvements"":1,""insertions"":1,""insertion_rate"":0.004219409282700422}}","{""Morphology"":204,""Novelty"":34}",0,0.935064935064935,false,108000
40,275,276000,5.992694749999991,0.021607718999999997,0.014669123,0.003395685,0.003542911,7.451571392,108.88957,39.044624,7725.965409621596,185,0.9635417,21,2.9991769964132287,59,0.31891891891891894,"{""3"":59,""4"":58,""5"":32,""6"":22,""7"":14}","{""10"":3,""11"":14,""14"":1,""15"":1,""3"":59,""4"":3,""5"":55,""7"":23,""8"":10,""9"":16}",85,4.167609745122301,256,0.256,"{""3"":256,""4"":344,""5"":223,""6"":98,""7"":60,""8"":19}","{""10"":17,""11"":68,""12"":6,""13"":3,""14"":5,""15"":2,""16"":2,""17"":4,""3"":256,""4"":84,""5"":289,""6"":51,""7"":90,""8"":73,""9"":50}","{""Diagonal CMA-ES"":{""attempts"":291,""discoveries"":0,""improvements"":0,""insertions"":0,""insertion_rate"":0.0},""Immigrant"":{""attempts"":144,""discoveries"":0,""improvements"":0,""insertions"":0,""insertion_rate"":0.0},""Morphology"":{""attempts"":309,""discoveries"":0,""improvements"":0,""insertions"":0,""insertion_rate"":0.0},""Novelty"":{""attempts"":256,""discoveries"":0,""improvements"":0,""insertions"":0,""insertion_rate"":0.0}}","{""Morphology"":202,""Novelty"":37}",0,0.935064935064935,false,109000
40,276,277000,6.011847126999991,0.019152376999999998,0.012825242,0.002978942,0.003348193,7.476063069,108.88957,39.044624,7729.539758071303,185,0.9635417,21,2.999176996413229,59,0.31891891891891894,"{""3"":59,""4"":58,""5"":32,""6"":22,""7"":14}","{""10"":3,""11"":14,""14"":1,""15"":1,""3"":59,""4"":3,""5"":55,""7"":23,""8"":10,""9"":16}",89,4.1211208311838625,275,0.275,"{""3"":275,""4"":331,""5"":238,""6"":105,""7"":37,""8"":14}","{""10"":10,""11"":44,""12"":7,""14"":5,""15"":3,""16"":3,""17"":2,""19"":3,""3"":275,""4"":79,""5"":273,""6"":56,""7"":103,""8"":72,""9"":65}","{""Diagonal CMA-ES"":{""attempts"":301,""discoveries"":0,""improvements"":0,""insertions"":0,""insertion_rate"":0.0},""Immigrant"":{""attempts"":143,""discoveries"":0,""improvements"":0,""insertions"":0,""insertion_rate"":0.0},""Morphology"":{""attempts"":318,""discoveries"":0,""improvements"":2,""insertions"":2,""insertion_rate"":0.006289308176100629},""Novelty"":{""attempts"":238,""discoveries"":0,""improvements"":0,""insertions"":0,""insertion_rate"":0.0}}","{""Morphology"":198,""Novelty"":32}",0,0.935064935064935,false,110000
40,277,278000,6.033370546999992,0.021523419999999998,0.014444723,0.002799659,0.004279038,7.5027191989999995,108.88957,39.044624,7730.900731429458,185,0.9635417,21,2.9991769964132287,59,0.31891891891891894,"{""3"":59,""4"":58,""5"":32,""6"":22,""7"":14}","{""10"":3,""11"":14,""14"":1,""15"":1,""3"":59,""4"":3,""5"":55,""7"":23,""8"":10,""9"":16}",81,4.106289295728278,247,0.247,"{""3"":247,""4"":344,""5"":251,""6"":91,""7"":60,""8"":7}","{""10"":17,""11"":50,""12"":2,""13"":1,""14"":6,""15"":8,""16"":3,""17"":1,""19"":1,""3"":247,""4"":68,""5"":302,""6"":77,""7"":92,""8"":72,""9"":53}","{""Diagonal CMA-ES"":{""attempts"":321,""discoveries"":0,""improvements"":0,""insertions"":0,""insertion_rate"":0.0},""Immigrant"":{""attempts"":161,""discoveries"":0,""improvements"":0,""insertions"":0,""insertion_rate"":0.0},""Morphology"":{""attempts"":274,""discoveries"":0,""improvements"":1,""insertions"":1,""insertion_rate"":0.0036496350364963502},""Novelty"":{""attempts"":244,""discoveries"":0,""improvements"":0,""insertions"":0,""insertion_rate"":0.0}}","{""Morphology"":180,""Novelty"":27}",0,0.935064935064935,false,111000
40,278,279000,6.052246283999992,0.018875737,0.012186474,0.002977755,0.003711508,7.526605351,108.88957,39.044624,7730.900731429458,185,0.9635417,21,2.9991769964132295,59,0.31891891891891894,"{""3"":59,""4"":58,""5"":32,""6"":22,""7"":14}","{""10"":3,""11"":14,""14"":1,""15"":1,""3"":59,""4"":3,""5"":55,""7"":23,""8"":10,""9"":16}",73,4.103528945297758,289,0.289,"{""3"":289,""4"":318,""5"":210,""6"":99,""7"":74,""8"":10}","{""10"":27,""11"":71,""12"":6,""13"":3,""14"":9,""15"":1,""17"":1,""19"":1,""3"":289,""4"":76,""5"":263,""6"":54,""7"":81,""8"":70,""9"":48}","{""Diagonal CMA-ES"":{""attempts"":306,""discoveries"":0,""improvements"":0,""insertions"":0,""insertion_rate"":0.0},""Immigrant"":{""attempts"":133,""discoveries"":0,""improvements"":0,""insertions"":0,""insertion_rate"":0.0},""Morphology"":{""attempts"":281,""discoveries"":0,""improvements"":0,""insertions"":0,""insertion_rate"":0.0},""Novelty"":{""attempts"":280,""discoveries"":0,""improvements"":0,""insertions"":0,""insertion_rate"":0.0}}","{""Morphology"":164,""Novelty"":38}",0,0.935064935064935,false,112000
40,279,280000,6.072830547999992,0.020584264,0.015216469,0.001577925,0.00378987,7.550395333,108.88957,39.044624,7730.900731429458,185,0.9635417,21,2.9991769964132287,59,0.31891891891891894,"{""3"":59,""4"":58,""5"":32,""6"":22,""7"":14}","{""10"":3,""11"":14,""14"":1,""15"":1,""3"":59,""4"":3,""5"":55,""7"":23,""8"":10,""9"":16}",74,4.228770712509064,276,0.276,"{""3"":276,""4"":313,""5"":220,""6"":98,""7"":75,""8"":18}","{""10"":24,""11"":64,""12"":13,""13"":3,""14"":8,""15"":3,""17"":2,""19"":6,""21"":1,""3"":276,""4"":79,""5"":259,""6"":63,""7"":76,""8"":78,""9"":45}","{""Diagonal CMA-ES"":{""attempts"":311,""discoveries"":0,""improvements"":0,""insertions"":0,""insertion_rate"":0.0},""Immigrant"":{""attempts"":142,""discoveries"":0,""improvements"":0,""insertions"":0,""insertion_rate"":0.0},""Morphology"":{""attempts"":300,""discoveries"":0,""improvements"":0,""insertions"":0,""insertion_rate"":0.0},""Novelty"":{""attempts"":247,""discoveries"":0,""improvements"":0,""insertions"":0,""insertion_rate"":0.0}}","{""Morphology"":204,""Novelty"":33}",0,0.935064935064935,false,113000
40,280,281000,6.094638920999992,0.021808373,0.015811308,0.001697842,0.004299223,7.576914923,108.88957,39.044624,7736.946694716811,185,0.9635417,21,3.027896143412956,58,0.31351351351351353,"{""3"":58,""4"":58,""5"":33,""6"":22,""7"":14}","{""10"":3,""11"":14,""14"":1,""15"":1,""3"":58,""4"":3,""5"":55,""7"":24,""8"":10,""9"":16}",78,4.268105120325599,271,0.271,"{""3"":271,""4"":323,""5"":225,""6"":96,""7"":77,""8"":8}","{""10"":26,""11"":67,""12"":10,""14"":9,""15"":1,""16"":1,""17"":1,""19"":3,""3"":271,""4"":90,""5"":267,""6"":66,""7"":75,""8"":65,""9"":48}","{""Diagonal CMA-ES"":{""attempts"":300,""discoveries"":0,""improvements"":1,""insertions"":1,""insertion_rate"":0.0033333333333333335},""Immigrant"":{""attempts"":186,""discoveries"":0,""improvements"":0,""insertions"":0,""insertion_rate"":0.0},""Morphology"":{""attempts"":279,""discoveries"":0,""improvements"":1,""insertions"":1,""insertion_rate"":0.0035842293906810036},""Novelty"":{""attempts"":235,""discoveries"":0,""improvements"":0,""insertions"":0,""insertion_rate"":0.0}}","{""Morphology"":186,""Novelty"":34}",0,0.935064935064935,false,114000
40,281,282000,6.117253473999992,0.022614553,0.015979905,0.002876835,0.003757813,7.605709384,108.88957,39.044624,7750.342168197036,185,0.9635417,22,3.065466200946941,58,0.31351351351351353,"{""3"":58,""4"":57,""5"":34,""6"":22,""7"":14}","{""10"":3,""11"":14,""14"":1,""15"":1,""3"":58,""4"":3,""5"":54,""6"":1,""7"":24,""8"":10,""9"":16}",75,4.258052637763382,230,0.23,"{""3"":230,""4"":333,""5"":275,""6"":97,""7"":51,""8"":14}","{""10"":13,""11"":50,""12"":8,""13"":3,""14"":5,""15"":7,""16"":1,""17"":1,""21"":2,""3"":230,""4"":81,""5"":275,""6"":82,""7"":110,""8"":83,""9"":49}","{""Diagonal CMA-ES"":{""attempts"":262,""discoveries"":0,""improvements"":0,""insertions"":0,""insertion_rate"":0.0},""Immigrant"":{""attempts"":137,""discoveries"":0,""improvements"":0,""insertions"":0,""insertion_rate"":0.0},""Morphology"":{""attempts"":338,""discoveries"":0,""improvements"":2,""insertions"":2,""insertion_rate"":0.005917159763313609},""Novelty"":{""attempts"":263,""discoveries"":0,""improvements"":0,""insertions"":0,""insertion_rate"":0.0}}","{""Morphology"":223,""Novelty"":26}",1,0.935064935064935,false,115000
40,282,283000,6.137669140999992,0.020415667,0.013690785,0.002964695,0.003760187,7.631634135,108.88957,39.044624,7750.342168197036,185,0.9635417,22,3.065466200946941,58,0.31351351351351353,"{""3"":58,""4"":57,""5"":34,""6"":22,""7"":14}","{""10"":3,""11"":14,""14"":1,""15"":1,""3"":58,""4"":3,""5"":54,""6"":1,""7"":24,""8"":10,""9"":16}",76,4.150377078457932,251,0.251,"{""3"":251,""4"":331,""5"":259,""6"":86,""7"":61,""8"":12}","{""10"":16,""11"":51,""12"":9,""14"":4,""15"":6,""16"":2,""17"":3,""3"":251,""4"":84,""5"":267,""6"":78,""7"":104,""8"":82,""9"":43}","{""Diagonal CMA-ES"":{""attempts"":290,""discoveries"":0,""improvements"":0,""insertions"":0,""insertion_rate"":0.0},""Immigrant"":{""attempts"":167,""discoveries"":0,""improvements"":0,""insertions"":0,""insertion_rate"":0.0},""Morphology"":{""attempts"":295,""discoveries"":0,""improvements"":0,""insertions"":0,""insertion_rate"":0.0},""Novelty"":{""attempts"":248,""discoveries"":0,""improvements"":0,""insertions"":0,""insertion_rate"":0.0}}","{""Morphology"":190,""Novelty"":34}",0,0.935064935064935,false,116000
40,283,284000,6.158570414999992,0.020901274,0.014727301,0.002728421,0.003445552,7.657613503,108.88957,39.044624,7750.342168197036,185,0.9635417,22,3.065466200946941,58,0.31351351351351353,"{""3"":58,""4"":57,""5"":34,""6"":22,""7"":14}","{""10"":3,""11"":14,""14"":1,""15"":1,""3"":58,""4"":3,""5"":54,""6"":1,""7"":24,""8"":10,""9"":16}",85,4.153282760604633,250,0.25,"{""3"":250,""4"":357,""5"":225,""6"":86,""7"":64,""8"":18}","{""10"":16,""11"":46,""12"":7,""13"":3,""14"":4,""15"":9,""16"":6,""17"":2,""19"":2,""3"":250,""4"":64,""5"":309,""6"":64,""7"":89,""8"":79,""9"":50}","{""Diagonal CMA-ES"":{""attempts"":305,""discoveries"":0,""improvements"":0,""insertions"":0,""insertion_rate"":0.0},""Immigrant"":{""attempts"":129,""discoveries"":0,""improvements"":0,""insertions"":0,""insertion_rate"":0.0},""Morphology"":{""attempts"":326,""discoveries"":0,""improvements"":0,""insertions"":0,""insertion_rate"":0.0},""Novelty"":{""attempts"":240,""discoveries"":0,""improvements"":0,""insertions"":0,""insertion_rate"":0.0}}","{""Morphology"":208,""Novelty"":24}",0,0.935064935064935,false,117000
40,284,285000,6.179320900999992,0.020750486000000002,0.014147897,0.002980129,0.00362246,7.683849327,108.88957,39.549217,7792.791900023818,185,0.9635417,22,3.068018572113397,58,0.31351351351351353,"{""3"":58,""4"":57,""5"":33,""6"":23,""7"":14}","{""10"":3,""11"":14,""14"":1,""15"":1,""3"":58,""4"":3,""5"":54,""6"":1,""7"":23,""8"":10,""9"":17}",75,4.01586607275646,255,0.255,"{""3"":255,""4"":350,""5"":244,""6"":85,""7"":56,""8"":10}","{""10"":16,""11"":47,""12"":7,""13"":1,""14"":5,""15"":7,""19"":3,""3"":255,""4"":85,""5"":288,""6"":58,""7"":102,""8"":74,""9"":52}","{""Diagonal CMA-ES"":{""attempts"":294,""discoveries"":0,""improvements"":0,""insertions"":0,""insertion_rate"":0.0},""Immigrant"":{""attempts"":161,""discoveries"":0,""improvements"":0,""insertions"":0,""insertion_rate"":0.0},""Morphology"":{""attempts"":285,""discoveries"":0,""improvements"":2,""insertions"":2,""insertion_rate"":0.007017543859649123},""Novelty"":{""attempts"":260,""discoveries"":0,""improvements"":0,""insertions"":0,""insertion_rate"":0.0}}","{""Morphology"":180,""Novelty"":30}",0,0.9358974358974359,false,118000
40,285,286000,6.2019520749999915,0.022631174,0.01569614,0.002741482,0.004193552,7.711664264,108.88957,39.549217,7793.377673491836,185,0.9635417,22,3.0697117379477263,58,0.31351351351351353,"{""3"":58,""4"":57,""5"":32,""6"":24,""7"":14}","{""10"":3,""11"":14,""14"":1,""15"":1,""3"":58,""4"":3,""5"":54,""6"":1,""7"":22,""8"":10,""9"":18}",69,4.037025743520978,233,0.233,"{""3"":233,""4"":373,""5"":242,""6"":94,""7"":51,""8"":7}","{""10"":8,""11"":57,""12"":3,""13"":2,""14"":4,""15"":5,""17"":2,""3"":233,""4"":72,""5"":320,""6"":65,""7"":98,""8"":82,""9"":49}","{""Diagonal CMA-ES"":{""attempts"":304,""discoveries"":0,""improvements"":0,""insertions"":0,""insertion_rate"":0.0},""Immigrant"":{""attempts"":147,""discoveries"":0,""improvements"":0,""insertions"":0,""insertion_rate"":0.0},""Morphology"":{""attempts"":295,""discoveries"":0,""improvements"":1,""insertions"":1,""insertion_rate"":0.003389830508474576},""Novelty"":{""attempts"":254,""discoveries"":0,""improvements"":0,""insertions"":0,""insertion_rate"":0.0}}","{""Morphology"":183,""Novelty"":34}",0,0.9358974358974359,false,119000
40,286,287000,6.222270383999992,0.020318309,0.013315599,0.003018123,0.003984587,7.737896527,108.88957,39.549217,7793.377673491836,185,0.9635417,22,3.069711737947726,58,0.31351351351351353,"{""3"":58,""4"":57,""5"":32,""6"":24,""7"":14}","{""10"":3,""11"":14,""14"":1,""15"":1,""3"":58,""4"":3,""5"":54,""6"":1,""7"":22,""8"":10,""9"":18}",78,4.314569454151698,263,0.263,"{""3"":263,""4"":317,""5"":218,""6"":108,""7"":80,""8"":14}","{""10"":26,""11"":70,""12"":4,""13"":3,""14"":8,""15"":3,""16"":3,""17"":4,""19"":4,""3"":263,""4"":87,""5"":257,""6"":58,""7"":80,""8"":70,""9"":60}","{""Diagonal CMA-ES"":{""attempts"":305,""discoveries"":0,""improvements"":0,""insertions"":0,""insertion_rate"":0.0},""Immigrant"":{""attempts"":140,""discoveries"":0,""improvements"":0,""insertions"":0,""insertion_rate"":0.0},""Morphology"":{""attempts"":291,""discoveries"":0,""improvements"":0,""insertions"":0,""insertion_rate"":0.0},""Novelty"":{""attempts"":264,""discoveries"":0,""improvements"":0,""insertions"":0,""insertion_rate"":0.0}}","{""Morphology"":190,""Novelty"":46}",0,0.9358974358974359,false,120000
40,287,288000,6.241871561999992,0.019601178,0.012450055,0.00293145,0.004219673,7.76450279,108.88957,39.549217,7804.224511489272,185,0.9635417,22,3.040992590947999,59,0.31891891891891894,"{""3"":59,""4"":56,""5"":32,""6"":24,""7"":14}","{""10"":3,""11"":14,""14"":1,""15"":1,""3"":59,""4"":2,""5"":54,""6"":1,""7"":22,""8"":10,""9"":18}",81,4.407179474188692,241,0.241,"{""3"":241,""4"":322,""5"":259,""6"":100,""7"":68,""8"":10}","{""10"":25,""11"":59,""12"":7,""13"":3,""14"":7,""16"":2,""17"":2,""19"":1,""3"":241,""4"":75,""5"":263,""6"":77,""7"":104,""8"":88,""9"":46}","{""Diagonal CMA-ES"":{""attempts"":282,""discoveries"":0,""improvements"":0,""insertions"":0,""insertion_rate"":0.0},""Immigrant"":{""attempts"":128,""discoveries"":0,""improvements"":0,""insertions"":0,""insertion_rate"":0.0},""Morphology"":{""attempts"":302,""discoveries"":0,""improvements"":1,""insertions"":1,""insertion_rate"":0.0033112582781456954},""Novelty"":{""attempts"":288,""discoveries"":0,""improvements"":0,""insertions"":0,""insertion_rate"":0.0}}","{""Morphology"":208,""Novelty"":30}",0,0.9358974358974359,false,121000
40,288,289000,6.261767191999992,0.019895629999999997,0.01530433,0.002050472,0.002540828,7.788479178,108.88957,39.549217,7804.224511489272,185,0.9635417,22,3.0409925909479996,59,0.31891891891891894,"{""3"":59,""4"":56,""5"":32,""6"":24,""7"":14}","{""10"":3,""11"":14,""14"":1,""15"":1,""3"":59,""4"":2,""5"":54,""6"":1,""7"":22,""8"":10,""9"":18}",80,4.280731536163341,268,0.268,"{""3"":268,""4"":319,""5"":235,""6"":92,""7"":77,""8"":9}","{""10"":24,""11"":63,""12"":8,""13"":1,""14"":9,""15"":1,""16"":1,""19"":2,""3"":268,""4"":79,""5"":265,""6"":68,""7"":71,""8"":94,""9"":46}","{""Diagonal CMA-ES"":{""attempts"":300,""discoveries"":0,""improvements"":0,""insertions"":0,""insertion_rate"":0.0},""Immigrant"":{""attempts"":135,""discoveries"":0,""improvements"":0,""insertions"":0,""insertion_rate"":0.0},""Morphology"":{""attempts"":328,""discoveries"":0,""improvements"":0,""insertions"":0,""insertion_rate"":0.0},""Novelty"":{""attempts"":237,""discoveries"":0,""improvements"":0,""insertions"":0,""insertion_rate"":0.0}}","{""Morphology"":215,""Novelty"":27}",0,0.9358974358974359,false,122000
40,289,290000,6.285127369999992,0.023360178,0.016205493,0.003070365,0.00408432,7.817701068,108.88957,39.549217,7804.224511489272,185,0.9635417,22,3.0409925909479996,59,0.31891891891891894,"{""3"":59,""4"":56,""5"":32,""6"":24,""7"":14}","{""10"":3,""11"":14,""14"":1,""15"":1,""3"":59,""4"":2,""5"":54,""6"":1,""7"":22,""8"":10,""9"":18}",83,4.201630043583792,246,0.246,"{""3"":246,""4"":337,""5"":203,""6"":140,""7"":68,""8"":6}","{""10"":23,""11"":57,""12"":3,""14"":6,""15"":3,""16"":2,""19"":2,""3"":246,""4"":59,""5"":296,""6"":62,""7"":76,""8"":70,""9"":95}","{""Diagonal CMA-ES"":{""attempts"":295,""discoveries"":0,""improvements"":0,""insertions"":0,""insertion_rate"":0.0},""Immigrant"":{""attempts"":154,""discoveries"":0,""improvements"":0,""insertions"":0,""insertion_rate"":0.0},""Morphology"":{""attempts"":292,""discoveries"":0,""improvements"":0,""insertions"":0,""insertion_rate"":0.0},""Novelty"":{""attempts"":259,""discoveries"":0,""improvements"":0,""insertions"":0,""insertion_rate"":0.0}}","{""Morphology"":184,""Novelty"":30}",0,0.9358974358974359,false,123000
40,290,291000,6.304521957999992,0.019394588,0.013079325,0.002794911,0.003520352,7.842477698,108.88957,39.549217,7804.224511489272,185,0.9635417,22,3.040992590948,59,0.31891891891891894,"{""3"":59,""4"":56,""5"":32,""6"":24,""7"":14}","{""10"":3,""11"":14,""14"":1,""15"":1,""3"":59,""4"":2,""5"":54,""6"":1,""7"":22,""8"":10,""9"":18}",80,4.228238463184527,156,0.156,"{""3"":156,""4"":414,""5"":179,""6"":186,""7"":53,""8"":12}","{""10"":19,""11"":37,""12"":4,""14"":9,""15"":3,""16"":4,""17"":1,""19"":2,""3"":156,""4"":73,""5"":362,""6"":68,""7"":47,""8"":62,""9"":153}","{""Diagonal CMA-ES"":{""attempts"":291,""discoveries"":0,""improvements"":0,""insertions"":0,""insertion_rate"":0.0},""Immigrant"":{""attempts"":162,""discoveries"":0,""improvements"":0,""insertions"":0,""insertion_rate"":0.0},""Morphology"":{""attempts"":298,""discoveries"":0,""improvements"":0,""insertions"":0,""insertion_rate"":0.0},""Novelty"":{""attempts"":249,""discoveries"":0,""improvements"":0,""insertions"":0,""insertion_rate"":0.0}}","{""Morphology"":199,""Novelty"":26}",0,0.9358974358974359,false,124000
40,291,292000,6.325767548999991,0.021245591,0.014709491,0.002641748,0.003894352,7.868557986,108.88957,39.549217,7810.099236831069,185,0.9635417,21,3.001330451357932,60,0.32432432432432434,"{""3"":60,""4"":55,""5"":32,""6"":24,""7"":14}","{""10"":3,""11"":14,""14"":1,""15"":1,""3"":60,""4"":1,""5"":54,""6"":1,""7"":22,""8"":10,""9"":18}",72,3.9967771027086676,158,0.158,"{""3"":158,""4"":525,""5"":204,""6"":69,""7"":36,""8"":8}","{""10"":15,""11"":40,""12"":2,""13"":1,""14"":3,""16"":1,""17"":1,""19"":3,""20"":1,""3"":158,""4"":71,""5"":479,""6"":74,""7"":61,""8"":61,""9"":29}","{""Diagonal CMA-ES"":{""attempts"":308,""discoveries"":0,""improvements"":1,""insertions"":1,""insertion_rate"":0.003246753246753247},""Immigrant"":{""attempts"":153,""discoveries"":0,""improvements"":0,""insertions"":0,""insertion_rate"":0.0},""Morphology"":{""attempts"":280,""discoveries"":0,""improvements"":0,""insertions"":0,""insertion_rate"":0.0},""Novelty"":{""attempts"":259,""discoveries"":0,""improvements"":0,""insertions"":0,""insertion_rate"":0.0}}","{""Morphology"":195,""Novelty"":27}",0,0.9358974358974359,false,125000
40,292,293000,6.341401948999991,0.0156344,0.01100392,0.001834382,0.002796098,7.887589258,108.88957,39.549217,7813.436757430434,185,0.9635417,21,3.007375284515703,60,0.32432432432432434,"{""3"":60,""4"":54,""5"":33,""6"":24,""7"":14}","{""10"":3,""11"":14,""14"":1,""15"":1,""3"":60,""4"":1,""5"":53,""6"":1,""7"":23,""8"":10,""9"":18}",81,4.173268677007244,250,0.25,"{""3"":250,""4"":344,""5"":234,""6"":106,""7"":56,""8"":10}","{""10"":12,""11"":50,""12"":4,""13"":2,""14"":7,""15"":9,""16"":2,""3"":250,""4"":77,""5"":291,""6"":60,""7"":96,""8"":78,""9"":62}","{""Diagonal CMA-ES"":{""attempts"":309,""discoveries"":0,""improvements"":0,""insertions"":0,""insertion_rate"":0.0},""Immigrant"":{""attempts"":161,""discoveries"":0,""improvements"":0,""insertions"":0,""insertion_rate"":0.0},""Morphology"":{""attempts"":278,""discoveries"":0,""improvements"":2,""insertions"":2,""insertion_rate"":0.007194244604316547},""Novelty"":{""attempts"":252,""discoveries"":0,""improvements"":0,""insertions"":0,""insertion_rate"":0.0}}","{""Morphology"":198,""Novelty"":36}",0,0.9358974358974359,false,126000
40,293,294000,6.360128084999991,0.018726136,0.012061807,0.002754542,0.003909787,7.911370929,108.88957,39.549217,7819.278981551528,185,0.9635417,21,3.0053106281351036,60,0.32432432432432434,"{""3"":60,""4"":54,""5"":34,""6"":23,""7"":14}","{""10"":3,""11"":14,""14"":1,""15"":1,""3"":60,""4"":1,""5"":53,""6"":1,""7"":24,""8"":10,""9"":17}",70,3.796302918658174,284,0.284,"{""3"":284,""4"":356,""5"":213,""6"":101,""7"":34,""8"":12}","{""10"":8,""11"":28,""12"":8,""13"":1,""14"":3,""15"":6,""16"":2,""19"":1,""20"":1,""3"":284,""4"":66,""5"":308,""6"":68,""7"":78,""8"":64,""9"":74}","{""Diagonal CMA-ES"":{""attempts"":320,""discoveries"":0,""improvements"":0,""insertions"":0,""insertion_rate"":0.0},""Immigrant"":{""attempts"":159,""discoveries"":0,""improvements"":0,""insertions"":0,""insertion_rate"":0.0},""Morphology"":{""attempts"":291,""discoveries"":0,""improvements"":1,""insertions"":1,""insertion_rate"":0.003436426116838488},""Novelty"":{""attempts"":230,""discoveries"":0,""improvements"":0,""insertions"":0,""insertion_rate"":0.0}}","{""Morphology"":195,""Novelty"":25}",0,0.9358974358974359,false,127000
40,294,295000,6.377618239999991,0.017490155,0.011198638,0.00265006,0.003641457,7.933858439,108.88957,39.549217,7819.278981551528,185,0.9635417,21,3.005310628135104,60,0.32432432432432434,"{""3"":60,""4"":54,""5"":34,""6"":23,""7"":14}","{""10"":3,""11"":14,""14"":1,""15"":1,""3"":60,""4"":1,""5"":53,""6"":1,""7"":24,""8"":10,""9"":17}",81,4.155505689200064,222,0.222,"{""3"":222,""4"":368,""5"":219,""6"":130,""7"":51,""8"":10}","{""10"":13,""11"":52,""12"":6,""13"":1,""14"":3,""15"":3,""16"":2,""17"":2,""3"":222,""4"":78,""5"":306,""6"":66,""7"":87,""8"":78,""9"":81}","{""Diagonal CMA-ES"":{""attempts"":282,""discoveries"":0,""improvements"":0,""insertions"":0,""insertion_rate"":0.0},""Immigrant"":{""attempts"":153,""discoveries"":0,""improvements"":0,""insertions"":0,""insertion_rate"":0.0},""Morphology"":{""attempts"":317,""discoveries"":0,""improvements"":0,""insertions"":0,""insertion_rate"":0.0},""Novelty"":{""attempts"":248,""discoveries"":0,""improvements"":0,""insertions"":0,""insertion_rate"":0.0}}","{""Morphology"":209,""Novelty"":38}",0,0.9358974358974359,false,128000
40,295,296000,6.39576022299999,0.018141983,0.011808912,0.002855462,0.003477609,7.957705411,108.88957,39.549217,7819.278981551528,185,0.9635417,21,3.0053106281351036,60,0.32432432432432434,"{""3"":60,""4"":54,""5"":34,""6"":23,""7"":14}","{""10"":3,""11"":14,""14"":1,""15"":1,""3"":60,""4"":1,""5"":53,""6"":1,""7"":24,""8"":10,""9"":17}",88,4.223173049680899,228,0.228,"{""3"":228,""4"":361,""5"":246,""6"":94,""7"":57,""8"":14}","{""10"":17,""11"":45,""12"":9,""13"":1,""14"":5,""15"":6,""16"":1,""17"":4,""19"":1,""3"":228,""4"":79,""5"":299,""6"":69,""7"":113,""8"":63,""9"":60}","{""Diagonal CMA-ES"":{""attempts"":305,""discoveries"":0,""improvements"":0,""insertions"":0,""insertion_rate"":0.0},""Immigrant"":{""attempts"":149,""discoveries"":0,""improvements"":0,""insertions"":0,""insertion_rate"":0.0},""Morphology"":{""attempts"":307,""discoveries"":0,""improvements"":0,""insertions"":0,""insertion_rate"":0.0},""Novelty"":{""attempts"":239,""discoveries"":0,""improvements"":0,""insertions"":0,""insertion_rate"":0.0}}","{""Morphology"":207,""Novelty"":20}",0,0.9358974358974359,false,129000
40,296,297000,6.417991274999991,0.022231052,0.013988798,0.003905038,0.004337216,7.985415865,108.88957,39.549217,7819.278981551528,185,0.9635417,21,3.0053106281351036,60,0.32432432432432434,"{""3"":60,""4"":54,""5"":34,""6"":23,""7"":14}","{""10"":3,""11"":14,""14"":1,""15"":1,""3"":60,""4"":1,""5"":53,""6"":1,""7"":24,""8"":10,""9"":17}",77,4.0649588706143875,266,0.266,"{""3"":266,""4"":352,""5"":239,""6"":84,""7"":49,""8"":10}","{""10"":10,""11"":43,""12"":5,""13"":2,""14"":6,""15"":6,""16"":1,""17"":2,""3"":266,""4"":69,""5"":313,""6"":71,""7"":86,""8"":71,""9"":49}","{""Diagonal CMA-ES"":{""attempts"":280,""discoveries"":0,""improvements"":0,""insertions"":0,""insertion_rate"":0.0},""Immigrant"":{""attempts"":172,""discoveries"":0,""improvements"":0,""insertions"":0,""insertion_rate"":0.0},""Morphology"":{""attempts"":285,""discoveries"":0,""improvements"":0,""insertions"":0,""insertion_rate"":0.0},""Novelty"":{""attempts"":263,""discoveries"":0,""improvements"":0,""insertions"":0,""insertion_rate"":0.0}}","{""Morphology"":179,""Novelty"":38}",0,0.9358974358974359,false,130000
40,297,298000,6.43750102999999,0.019509755,0.012219718,0.003234212,0.004055825,8.010894191,108.88957,39.549217,7823.711005553603,185,0.9635417,21,3.0053106281351036,60,0.32432432432432434,"{""3"":60,""4"":54,""5"":34,""6"":23,""7"":14}","{""10"":3,""11"":14,""14"":1,""15"":1,""3"":60,""4"":1,""5"":53,""6"":1,""7"":24,""8"":10,""9"":17}",83,4.354922881491153,267,0.267,"{""3"":267,""4"":315,""5"":225,""6"":106,""7"":71,""8"":16}","{""10"":25,""11"":64,""12"":9,""13"":4,""14"":7,""15"":1,""16"":5,""19"":2,""3"":267,""4"":72,""5"":274,""6"":65,""7"":76,""8"":70,""9"":59}","{""Diagonal CMA-ES"":{""attempts"":288,""discoveries"":0,""improvements"":0,""insertions"":0,""insertion_rate"":0.0},""Immigrant"":{""attempts"":169,""discoveries"":0,""improvements"":0,""insertions"":0,""insertion_rate"":0.0},""Morphology"":{""attempts"":311,""discoveries"":0,""improvements"":1,""insertions"":1,""insertion_rate"":0.003215434083601286},""Novelty"":{""attempts"":232,""discoveries"":0,""improvements"":0,""insertions"":0,""insertion_rate"":0.0}}","{""Morphology"":210,""Novelty"":27}",0,0.9358974358974359,false,131000
40,298,299000,6.46067480099999,0.023173771,0.015711575,0.003002688,0.004459508,8.040260932,108.88957,39.549217,7823.711005553603,185,0.9635417,21,3.005310628135103,60,0.32432432432432434,"{""3"":60,""4"":54,""5"":34,""6"":23,""7"":14}","{""10"":3,""11"":14,""14"":1,""15"":1,""3"":60,""4"":1,""5"":53,""6"":1,""7"":24,""8"":10,""9"":17}",82,4.32456445616811,259,0.259,"{""3"":259,""4"":324,""5"":233,""6"":103,""7"":66,""8"":15}","{""10"":22,""11"":61,""12"":9,""13"":6,""14"":8,""15"":2,""16"":1,""19"":2,""3"":259,""4"":71,""5"":277,""6"":74,""7"":82,""8"":71,""9"":55}","{""Diagonal CMA-ES"":{""attempts"":304,""discoveries"":0,""improvements"":0,""insertions"":0,""insertion_rate"":0.0},""Immigrant"":{""attempts"":146,""discoveries"":0,""improvements"":0,""insertions"":0,""insertion_rate"":0.0},""Morphology"":{""attempts"":300,""discoveries"":0,""improvements"":0,""insertions"":0,""insertion_rate"":0.0},""Novelty"":{""attempts"":250,""discoveries"":0,""improvements"":0,""insertions"":0,""insertion_rate"":0.0}}","{""Morphology"":204,""Novelty"":30}",0,0.9358974358974359,false,132000
40,299,300000,6.4818242219999895,0.021149421,0.01443285,0.002974193,0.003742378,8.067097532,108.88957,39.642853,7842.496173247695,185,0.9635417,21,3.0128947710803557,59,0.31891891891891894,"{""3"":59,""4"":54,""5"":35,""6"":23,""7"":14}","{""10"":3,""11"":14,""14"":1,""15"":1,""3"":59,""4"":1,""5"":53,""6"":1,""7"":25,""8"":10,""9"":17}",76,4.219087521071665,278,0.278,"{""3"":278,""4"":316,""5"":227,""6"":102,""7"":65,""8"":12}","{""10"":19,""11"":58,""12"":5,""13"":4,""14"":8,""15"":3,""16"":1,""17"":3,""3"":278,""4"":75,""5"":261,""6"":79,""7"":71,""8"":77,""9"":58}","{""Diagonal CMA-ES"":{""attempts"":292,""discoveries"":0,""improvements"":0,""insertions"":0,""insertion_rate"":0.0},""Immigrant"":{""attempts"":160,""discoveries"":0,""improvements"":0,""insertions"":0,""insertion_rate"":0.0},""Morphology"":{""attempts"":311,""discoveries"":0,""improvements"":1,""insertions"":1,""insertion_rate"":0.003215434083601286},""Novelty"":{""attempts"":237,""discoveries"":0,""improvements"":0,""insertions"":0,""insertion_rate"":0.0}}","{""Morphology"":198,""Novelty"":35}",0,0.9358974358974359,false,133000
