seed,generation,evaluations,search_wall_seconds,generation_search_seconds,gpu_evaluation_seconds,archive_seconds,offspring_seconds,benchmark_wall_seconds,best_distance_m,median_elite_distance_m,qd_score,archive_cells,archive_coverage,archive_unique_topologies,archive_topology_entropy_bits,archive_triangle_like_count,archive_triangle_like_fraction,archive_node_counts_json,archive_muscle_counts_json,innovation_reserve_count,innovation_reserve_morphology_json,population_unique_topologies,population_topology_entropy_bits,population_triangle_like_count,population_triangle_like_fraction,population_node_counts_json,population_muscle_counts_json,emitter_statistics_json,topology_change_candidates_json,archived_innovations_this_generation,innovation_survival_3gen_fraction,new_all_time_record,evaluations_since_previous_record
38,0,1000,0.011979621999999999,0.011979621999999999,0.010653434,0.000125852,0.001200336,0.036080151,0.687931,0.261321,2.6422692760825157,10,0.052083332,6,2.446439344671015,2,0.2,"{""3"":2,""4"":6,""5"":2}","{""3"":2,""4"":3,""5"":4,""8"":1}",0,"{""count"":0,""unique_topologies"":0,""topology_entropy_bits"":0.0,""effective_topology_count"":1.0,""triangle_like_count"":0,""triangle_like_fraction"":0.0,""mean_nodes"":0.0,""mean_muscles"":0.0,""node_counts"":{},""muscle_counts"":{}}",26,2.9973854574120926,327,0.327,"{""3"":327,""4"":347,""5"":326}","{""3"":327,""4"":233,""5"":257,""6"":133,""7"":42,""8"":8}","{""Initial population"":{""attempts"":1000,""discoveries"":10,""improvements"":12,""insertions"":22,""insertion_rate"":0.022}}",{},0,0.0,true,1000
38,1,2000,0.028634739,0.016655117,0.014900323,0.000573454,0.00118134,0.054500748,3.2913342,0.2729325,44.81612169183791,83,0.43229166,10,2.3987756555461157,5,0.060240963855421686,"{""3"":5,""4"":38,""5"":36,""6"":4}","{""11"":4,""3"":5,""4"":7,""5"":31,""6"":1,""7"":2,""8"":33}",32,"{""count"":32,""unique_topologies"":32,""topology_entropy_bits"":5.0,""effective_topology_count"":32.0,""triangle_like_count"":0,""triangle_like_fraction"":0.0,""mean_nodes"":5.25,""mean_muscles"":7.25,""node_counts"":{""4"":3,""5"":18,""6"":11},""muscle_counts"":{""11"":2,""12"":1,""4"":1,""5"":6,""6"":9,""7"":2,""8"":3,""9"":8}}",46,3.5943684811877468,204,0.204,"{""3"":204,""4"":313,""5"":390,""6"":93}","{""11"":34,""12"":10,""3"":204,""4"":91,""5"":249,""6"":58,""7"":29,""8"":276,""9"":49}","{""Diagonal CMA-ES"":{""attempts"":326,""discoveries"":63,""improvements"":40,""insertions"":103,""insertion_rate"":0.3159509202453988},""Immigrant"":{""attempts"":60,""discoveries"":1,""improvements"":0,""insertions"":1,""insertion_rate"":0.016666666666666666},""Morphology"":{""attempts"":309,""discoveries"":31,""improvements"":47,""insertions"":78,""insertion_rate"":0.2524271844660194},""Novelty"":{""attempts"":305,""discoveries"":11,""improvements"":12,""insertions"":23,""insertion_rate"":0.07540983606557378}}","{""Morphology"":208,""Novelty"":35}",35,0.0,true,1000
38,2,3000,0.045527312,0.016892573,0.013933879,0.000801412,0.002157282,0.073866418,7.8729744,0.6794015,158.94660769309849,130,0.6770833,19,2.7511092002647057,7,0.05384615384615385,"{""3"":7,""4"":54,""5"":56,""6"":13}","{""11"":8,""12"":1,""3"":7,""4"":8,""5"":46,""6"":4,""7"":4,""8"":48,""9"":4}",47,"{""count"":47,""unique_topologies"":47,""topology_entropy_bits"":5.55458885167764,""effective_topology_count"":47.00000000000009,""triangle_like_count"":0,""triangle_like_fraction"":0.0,""mean_nodes"":5.74468085106383,""mean_muscles"":8.340425531914894,""node_counts"":{""4"":2,""5"":19,""6"":15,""7"":11},""muscle_counts"":{""10"":3,""11"":1,""12"":5,""13"":2,""14"":1,""15"":1,""4"":1,""5"":7,""6"":10,""7"":1,""8"":5,""9"":10}}",70,3.9009430610113345,71,0.071,"{""3"":71,""4"":316,""5"":474,""6"":127,""7"":12}","{""10"":3,""11"":45,""12"":15,""13"":2,""14"":2,""15"":1,""3"":71,""4"":68,""5"":279,""6"":76,""7"":47,""8"":323,""9"":68}","{""Diagonal CMA-ES"":{""attempts"":292,""discoveries"":24,""improvements"":30,""insertions"":54,""insertion_rate"":0.18493150684931506},""Immigrant"":{""attempts"":133,""discoveries"":0,""improvements"":0,""insertions"":0,""insertion_rate"":0.0},""Morphology"":{""attempts"":326,""discoveries"":35,""improvements"":48,""insertions"":83,""insertion_rate"":0.254601226993865},""Novelty"":{""attempts"":249,""discoveries"":13,""improvements"":27,""insertions"":40,""insertion_rate"":0.1606425702811245}}","{""Morphology"":229,""Novelty"":28}",21,0.0,true,1000
38,3,4000,0.063464688,0.017937376,0.015173396,0.00085009,0.00191389,0.094274517,27.147003,1.0922028,273.9176256163046,142,0.7395833,22,3.0418338254072763,9,0.06338028169014084,"{""3"":9,""4"":54,""5"":61,""6"":17,""7"":1}","{""11"":9,""12"":1,""3"":9,""4"":7,""5"":47,""6"":8,""7"":5,""8"":48,""9"":8}",64,"{""count"":64,""unique_topologies"":64,""topology_entropy_bits"":6.0,""effective_topology_count"":64.0,""triangle_like_count"":0,""triangle_like_fraction"":0.0,""mean_nodes"":5.953125,""mean_muscles"":8.734375,""node_counts"":{""4"":2,""5"":20,""6"":22,""7"":19,""8"":1},""muscle_counts"":{""10"":8,""11"":4,""12"":6,""13"":3,""14"":2,""15"":1,""4"":1,""5"":7,""6"":12,""7"":2,""8"":6,""9"":12}}",92,4.138846584996649,72,0.072,"{""3"":72,""4"":343,""5"":406,""6"":143,""7"":28,""8"":8}","{""10"":12,""11"":54,""12"":21,""13"":4,""14"":1,""15"":3,""16"":1,""17"":1,""19"":1,""3"":72,""4"":63,""5"":306,""6"":99,""7"":38,""8"":253,""9"":71}","{""Diagonal CMA-ES"":{""attempts"":321,""discoveries"":6,""improvements"":21,""insertions"":27,""insertion_rate"":0.08411214953271028},""Immigrant"":{""attempts"":123,""discoveries"":0,""improvements"":0,""insertions"":0,""insertion_rate"":0.0},""Morphology"":{""attempts"":314,""discoveries"":21,""improvements"":31,""insertions"":52,""insertion_rate"":0.16560509554140126},""Novelty"":{""attempts"":242,""discoveries"":4,""improvements"":14,""insertions"":18,""insertion_rate"":0.0743801652892562}}","{""Morphology"":218,""Novelty"":23}",16,0.0,true,1000
38,4,5000,0.09256484000000001,0.029100151999999997,0.026795648,0.00086315,0.001441354,0.125554509,27.147003,1.5116098,350.94493924453855,146,0.7604167,24,3.3300145329399666,10,0.0684931506849315,"{""3"":10,""4"":54,""5"":60,""6"":21,""7"":1}","{""11"":8,""12"":1,""3"":10,""4"":7,""5"":47,""6"":10,""7"":8,""8"":42,""9"":13}",64,"{""count"":64,""unique_topologies"":64,""topology_entropy_bits"":6.0,""effective_topology_count"":64.0,""triangle_like_count"":0,""triangle_like_fraction"":0.0,""mean_nodes"":5.953125,""mean_muscles"":8.734375,""node_counts"":{""4"":2,""5"":20,""6"":22,""7"":19,""8"":1},""muscle_counts"":{""10"":8,""11"":4,""12"":6,""13"":3,""14"":2,""15"":1,""4"":1,""5"":7,""6"":12,""7"":2,""8"":6,""9"":12}}",101,4.244280565824715,100,0.1,"{""3"":100,""4"":320,""5"":382,""6"":156,""7"":32,""8"":8,""9"":2}","{""10"":9,""11"":54,""12"":24,""13"":8,""14"":4,""15"":4,""17"":1,""3"":100,""4"":62,""5"":279,""6"":83,""7"":40,""8"":252,""9"":80}","{""Diagonal CMA-ES"":{""attempts"":322,""discoveries"":2,""improvements"":13,""insertions"":15,""insertion_rate"":0.046583850931677016},""Immigrant"":{""attempts"":130,""discoveries"":0,""improvements"":0,""insertions"":0,""insertion_rate"":0.0},""Morphology"":{""attempts"":291,""discoveries"":2,""improvements"":34,""insertions"":36,""insertion_rate"":0.12371134020618557},""Novelty"":{""attempts"":257,""discoveries"":0,""improvements"":15,""insertions"":15,""insertion_rate"":0.058365758754863814}}","{""Morphology"":190,""Novelty"":33}",1,1.0,false,1000
38,5,6000,0.11470042700000001,0.022135586999999998,0.020099407,0.000834656,0.001201524,0.149688282,27.147003,1.7218837,425.4188636280596,154,0.8020833,27,3.5727851993628312,14,0.09090909090909091,"{""3"":14,""4"":55,""5"":53,""6"":30,""7"":2}","{""11"":11,""12"":2,""3"":14,""4"":5,""5"":50,""6"":12,""7"":7,""8"":34,""9"":19}",64,"{""count"":64,""unique_topologies"":64,""topology_entropy_bits"":6.0,""effective_topology_count"":64.0,""triangle_like_count"":0,""triangle_like_fraction"":0.0,""mean_nodes"":5.96875,""mean_muscles"":8.765625,""node_counts"":{""4"":3,""5"":19,""6"":20,""7"":21,""8"":1},""muscle_counts"":{""10"":9,""11"":4,""12"":7,""13"":3,""14"":2,""15"":1,""4"":2,""5"":7,""6"":11,""7"":2,""8"":6,""9"":10}}",110,4.500229145370445,108,0.108,"{""3"":108,""4"":298,""5"":357,""6"":189,""7"":42,""8"":6}","{""10"":16,""11"":65,""12"":20,""13"":5,""14"":1,""15"":2,""16"":4,""19"":1,""3"":108,""4"":59,""5"":267,""6"":86,""7"":80,""8"":183,""9"":103}","{""Diagonal CMA-ES"":{""attempts"":288,""discoveries"":1,""improvements"":10,""insertions"":11,""insertion_rate"":0.03819444444444445},""Immigrant"":{""attempts"":150,""discoveries"":0,""improvements"":0,""insertions"":0,""insertion_rate"":0.0},""Morphology"":{""attempts"":289,""discoveries"":4,""improvements"":31,""insertions"":35,""insertion_rate"":0.12110726643598616},""Novelty"":{""attempts"":273,""discoveries"":6,""improvements"":18,""insertions"":24,""insertion_rate"":0.08791208791208792}}","{""Morphology"":184,""Novelty"":35}",5,1.0,false,2000
38,6,7000,0.12986788600000002,0.015167459000000001,0.012873641,0.000924888,0.00136893,0.167160245,33.463737,2.3386757,531.9075570143759,156,0.8125,28,3.7149329121519026,14,0.08974358974358974,"{""3"":14,""4"":53,""5"":56,""6"":28,""7"":5}","{""11"":11,""12"":4,""14"":1,""15"":1,""3"":14,""4"":5,""5"":49,""6"":12,""7"":8,""8"":35,""9"":16}",64,"{""count"":64,""unique_topologies"":64,""topology_entropy_bits"":6.0,""effective_topology_count"":64.0,""triangle_like_count"":0,""triangle_like_fraction"":0.0,""mean_nodes"":6.015625,""mean_muscles"":8.90625,""node_counts"":{""4"":3,""5"":18,""6"":20,""7"":21,""8"":2},""muscle_counts"":{""10"":9,""11"":4,""12"":7,""13"":3,""14"":3,""15"":1,""4"":2,""5"":6,""6"":11,""7"":2,""8"":6,""9"":10}}",119,4.56494227698568,132,0.132,"{""3"":132,""4"":302,""5"":325,""6"":176,""7"":55,""8"":10}","{""10"":20,""11"":42,""12"":34,""13"":4,""14"":3,""15"":4,""16"":1,""19"":1,""3"":132,""4"":50,""5"":275,""6"":102,""7"":68,""8"":151,""9"":113}","{""Diagonal CMA-ES"":{""attempts"":292,""discoveries"":1,""improvements"":9,""insertions"":10,""insertion_rate"":0.03424657534246575},""Immigrant"":{""attempts"":134,""discoveries"":0,""improvements"":0,""insertions"":0,""insertion_rate"":0.0},""Morphology"":{""attempts"":310,""discoveries"":1,""improvements"":26,""insertions"":27,""insertion_rate"":0.08709677419354839},""Novelty"":{""attempts"":264,""discoveries"":1,""improvements"":14,""insertions"":15,""insertion_rate"":0.056818181818181816}}","{""Morphology"":197,""Novelty"":24}",2,0.9861111111111112,true,3000
38,7,8000,0.155535621,0.025667734999999997,0.023627994,0.000829906,0.001209835,0.194822606,33.463737,2.7128675,591.7303286083043,160,0.8333333,30,3.9127397965635318,17,0.10625,"{""3"":17,""4"":51,""5"":54,""6"":31,""7"":6,""8"":1}","{""11"":12,""12"":6,""14"":1,""15"":1,""17"":1,""3"":17,""4"":5,""5"":48,""6"":14,""7"":7,""8"":31,""9"":17}",64,"{""count"":64,""unique_topologies"":64,""topology_entropy_bits"":6.0,""effective_topology_count"":64.0,""triangle_like_count"":0,""triangle_like_fraction"":0.0,""mean_nodes"":6.015625,""mean_muscles"":8.90625,""node_counts"":{""4"":3,""5"":18,""6"":20,""7"":21,""8"":2},""muscle_counts"":{""10"":9,""11"":4,""12"":7,""13"":3,""14"":3,""15"":1,""4"":2,""5"":6,""6"":11,""7"":2,""8"":6,""9"":10}}",132,4.8556318180801235,127,0.127,"{""3"":127,""4"":286,""5"":324,""6"":179,""7"":65,""8"":17,""9"":2}","{""10"":12,""11"":60,""12"":35,""13"":6,""14"":17,""15"":10,""16"":3,""17"":4,""18"":1,""19"":1,""20"":1,""3"":127,""4"":60,""5"":260,""6"":94,""7"":68,""8"":155,""9"":86}","{""Diagonal CMA-ES"":{""attempts"":299,""discoveries"":3,""improvements"":8,""insertions"":11,""insertion_rate"":0.03678929765886288},""Immigrant"":{""attempts"":143,""discoveries"":0,""improvements"":0,""insertions"":0,""insertion_rate"":0.0},""Morphology"":{""attempts"":306,""discoveries"":0,""improvements"":22,""insertions"":22,""insertion_rate"":0.0718954248366013},""Novelty"":{""attempts"":252,""discoveries"":1,""improvements"":11,""insertions"":12,""insertion_rate"":0.047619047619047616}}","{""Morphology"":221,""Novelty"":29}",3,0.9863013698630136,false,1000
38,8,9000,0.18535289000000002,0.029817269,0.027509203,0.000891645,0.001416421,0.226513397,33.463737,3.0216908,732.806373687461,163,0.8489583,34,4.057001368851841,18,0.11042944785276074,"{""3"":18,""4"":46,""5"":59,""6"":29,""7"":6,""8"":3,""9"":2}","{""11"":12,""12"":5,""13"":1,""14"":1,""15"":2,""17"":2,""18"":1,""20"":1,""3"":18,""4"":5,""5"":44,""6"":14,""7"":9,""8"":34,""9"":14}",64,"{""count"":64,""unique_topologies"":64,""topology_entropy_bits"":6.0,""effective_topology_count"":64.0,""triangle_like_count"":0,""triangle_like_fraction"":0.0,""mean_nodes"":6.046875,""mean_muscles"":8.96875,""node_counts"":{""4"":3,""5"":17,""6"":20,""7"":22,""8"":2},""muscle_counts"":{""10"":10,""11"":4,""12"":7,""13"":3,""14"":3,""15"":1,""4"":2,""5"":6,""6"":10,""7"":2,""8"":6,""9"":10}}",139,4.987023898138135,130,0.13,"{""3"":130,""4"":278,""5"":328,""6"":156,""7"":70,""8"":30,""9"":8}","{""10"":17,""11"":48,""12"":34,""13"":7,""14"":14,""15"":8,""16"":7,""17"":18,""18"":2,""19"":2,""20"":1,""23"":3,""3"":130,""4"":48,""5"":268,""6"":118,""7"":62,""8"":138,""9"":75}","{""Diagonal CMA-ES"":{""attempts"":287,""discoveries"":1,""improvements"":11,""insertions"":12,""insertion_rate"":0.041811846689895474},""Immigrant"":{""attempts"":151,""discoveries"":0,""improvements"":0,""insertions"":0,""insertion_rate"":0.0},""Morphology"":{""attempts"":343,""discoveries"":3,""improvements"":35,""insertions"":38,""insertion_rate"":0.11078717201166181},""Novelty"":{""attempts"":219,""discoveries"":0,""improvements"":8,""insertions"":8,""insertion_rate"":0.0365296803652968}}","{""Morphology"":226,""Novelty"":26}",6,0.9743589743589743,false,2000
38,9,10000,0.217442607,0.032089717,0.029710414,0.001163531,0.001215772,0.260873187,33.463737,3.4451244,838.7490207571536,167,0.8697917,37,4.190668298975892,21,0.12574850299401197,"{""3"":21,""4"":43,""5"":57,""6"":33,""7"":6,""8"":3,""9"":4}","{""11"":11,""12"":5,""13"":1,""14"":1,""15"":2,""17"":2,""18"":1,""20"":2,""23"":1,""3"":21,""4"":6,""5"":41,""6"":9,""7"":11,""8"":36,""9"":17}",64,"{""count"":64,""unique_topologies"":64,""topology_entropy_bits"":6.0,""effective_topology_count"":64.0,""triangle_like_count"":0,""triangle_like_fraction"":0.0,""mean_nodes"":6.046875,""mean_muscles"":8.96875,""node_counts"":{""4"":3,""5"":17,""6"":20,""7"":22,""8"":2},""muscle_counts"":{""10"":10,""11"":4,""12"":7,""13"":3,""14"":3,""15"":1,""4"":2,""5"":6,""6"":10,""7"":2,""8"":6,""9"":10}}",133,5.0401106127833275,125,0.125,"{""10"":1,""3"":125,""4"":268,""5"":320,""6"":167,""7"":61,""8"":28,""9"":30}","{""10"":12,""11"":52,""12"":24,""13"":10,""14"":16,""15"":11,""16"":2,""17"":13,""18"":5,""19"":2,""20"":24,""21"":1,""23"":1,""3"":125,""4"":68,""5"":235,""6"":112,""7"":68,""8"":141,""9"":78}","{""Diagonal CMA-ES"":{""attempts"":314,""discoveries"":1,""improvements"":6,""insertions"":7,""insertion_rate"":0.022292993630573247},""Immigrant"":{""attempts"":141,""discoveries"":0,""improvements"":0,""insertions"":0,""insertion_rate"":0.0},""Morphology"":{""attempts"":311,""discoveries"":2,""improvements"":26,""insertions"":28,""insertion_rate"":0.09003215434083602},""Novelty"":{""attempts"":234,""discoveries"":1,""improvements"":6,""insertions"":7,""insertion_rate"":0.029914529914529916}}","{""Morphology"":212,""Novelty"":28}",3,0.975,false,3000
38,10,11000,0.24900992100000002,0.031567314,0.029417156,0.000914203,0.001235955,0.29456454,33.463737,3.909492,943.6483384948224,169,0.8802083,40,4.213972744821807,25,0.14792899408284024,"{""10"":1,""3"":25,""4"":43,""5"":53,""6"":32,""7"":5,""8"":3,""9"":7}","{""11"":12,""12"":4,""13"":1,""15"":2,""17"":2,""18"":3,""20"":2,""21"":1,""23"":2,""3"":25,""4"":6,""5"":43,""6"":8,""7"":9,""8"":34,""9"":15}",64,"{""count"":64,""unique_topologies"":64,""topology_entropy_bits"":6.0,""effective_topology_count"":64.0,""triangle_like_count"":0,""triangle_like_fraction"":0.0,""mean_nodes"":6.0625,""mean_muscles"":8.9375,""node_counts"":{""4"":3,""5"":16,""6"":21,""7"":22,""8"":2},""muscle_counts"":{""10"":10,""11"":4,""12"":7,""13"":3,""14"":3,""15"":1,""4"":2,""5"":6,""6"":11,""7"":2,""8"":5,""9"":10}}",139,5.123380056254892,150,0.15,"{""10"":8,""3"":150,""4"":227,""5"":303,""6"":198,""7"":69,""8"":14,""9"":31}","{""10"":15,""11"":52,""12"":24,""13"":8,""14"":17,""15"":4,""16"":2,""17"":6,""18"":3,""19"":2,""20"":6,""21"":2,""23"":22,""24"":5,""27"":1,""3"":150,""4"":77,""5"":219,""6"":77,""7"":73,""8"":133,""9"":102}","{""Diagonal CMA-ES"":{""attempts"":309,""discoveries"":0,""improvements"":3,""insertions"":3,""insertion_rate"":0.009708737864077669},""Immigrant"":{""attempts"":142,""discoveries"":0,""improvements"":0,""insertions"":0,""insertion_rate"":0.0},""Morphology"":{""attempts"":303,""discoveries"":1,""improvements"":26,""insertions"":27,""insertion_rate"":0.0891089108910891},""Novelty"":{""attempts"":246,""discoveries"":2,""improvements"":11,""insertions"":13,""insertion_rate"":0.052845528455284556}}","{""Morphology"":187,""Novelty"":34}",8,0.9759036144578314,false,4000
38,11,12000,0.28163153900000004,0.032621618,0.02992175,0.001114853,0.001585015,0.329538152,33.463737,4.634696,1020.5444900821894,171,0.890625,39,4.1871039049222745,30,0.17543859649122806,"{""10"":2,""3"":30,""4"":39,""5"":54,""6"":35,""7"":2,""8"":2,""9"":7}","{""11"":14,""12"":3,""15"":1,""17"":1,""18"":3,""20"":2,""21"":2,""23"":2,""3"":30,""4"":6,""5"":40,""6"":9,""7"":11,""8"":33,""9"":14}",64,"{""count"":64,""unique_topologies"":64,""topology_entropy_bits"":6.0,""effective_topology_count"":64.0,""triangle_like_count"":0,""triangle_like_fraction"":0.0,""mean_nodes"":6.125,""mean_muscles"":9.140625,""node_counts"":{""4"":3,""5"":15,""6"":21,""7"":22,""8"":2,""9"":1},""muscle_counts"":{""10"":10,""11"":4,""12"":7,""13"":3,""14"":3,""15"":1,""20"":1,""4"":2,""5"":6,""6"":11,""7"":1,""8"":5,""9"":10}}",129,5.049613183604152,198,0.198,"{""10"":14,""11"":6,""3"":198,""4"":203,""5"":297,""6"":209,""7"":43,""8"":18,""9"":12}","{""10"":10,""11"":76,""12"":21,""13"":9,""14"":5,""15"":4,""16"":1,""17"":10,""18"":6,""19"":2,""20"":1,""21"":12,""22"":3,""23"":5,""24"":2,""28"":1,""29"":1,""3"":198,""4"":76,""5"":193,""6"":95,""7"":66,""8"":127,""9"":76}","{""Diagonal CMA-ES"":{""attempts"":290,""discoveries"":0,""improvements"":1,""insertions"":1,""insertion_rate"":0.0034482758620689655},""Immigrant"":{""attempts"":129,""discoveries"":0,""improvements"":0,""insertions"":0,""insertion_rate"":0.0},""Morphology"":{""attempts"":325,""discoveries"":2,""improvements"":26,""insertions"":28,""insertion_rate"":0.08615384615384615},""Novelty"":{""attempts"":256,""discoveries"":1,""improvements"":11,""insertions"":12,""insertion_rate"":0.046875}}","{""Morphology"":202,""Novelty"":36}",2,0.9550561797752809,false,5000
38,12,13000,0.31454760100000007,0.032916062,0.03054507,0.001029369,0.001341623,0.36466136,33.463737,4.6551027,1081.0707655996084,172,0.8958333,42,4.306055979905861,30,0.1744186046511628,"{""10"":3,""11"":1,""3"":30,""4"":40,""5"":51,""6"":36,""7"":1,""8"":2,""9"":8}","{""11"":13,""12"":2,""15"":1,""17"":1,""18"":3,""20"":3,""21"":2,""23"":3,""28"":1,""3"":30,""4"":7,""5"":41,""6"":9,""7"":13,""8"":29,""9"":14}",64,"{""count"":64,""unique_topologies"":64,""topology_entropy_bits"":6.0,""effective_topology_count"":64.0,""triangle_like_count"":0,""triangle_like_fraction"":0.0,""mean_nodes"":6.125,""mean_muscles"":9.140625,""node_counts"":{""4"":3,""5"":15,""6"":21,""7"":22,""8"":2,""9"":1},""muscle_counts"":{""10"":10,""11"":4,""12"":7,""13"":3,""14"":3,""15"":1,""20"":1,""4"":2,""5"":6,""6"":11,""7"":1,""8"":5,""9"":10}}",139,5.072248602800018,215,0.215,"{""10"":22,""11"":7,""3"":215,""4"":212,""5"":278,""6"":192,""7"":54,""8"":11,""9"":9}","{""10"":11,""11"":65,""12"":21,""13"":9,""14"":2,""15"":7,""16"":3,""17"":4,""18"":3,""19"":1,""20"":4,""21"":19,""22"":3,""23"":4,""24"":1,""28"":2,""29"":1,""3"":215,""4"":67,""5"":198,""6"":74,""7"":84,""8"":134,""9"":68}","{""Diagonal CMA-ES"":{""attempts"":296,""discoveries"":0,""improvements"":5,""insertions"":5,""insertion_rate"":0.016891891891891893},""Immigrant"":{""attempts"":133,""discoveries"":0,""improvements"":0,""insertions"":0,""insertion_rate"":0.0},""Morphology"":{""attempts"":320,""discoveries"":1,""improvements"":28,""insertions"":29,""insertion_rate"":0.090625},""Novelty"":{""attempts"":251,""discoveries"":0,""improvements"":3,""insertions"":3,""insertion_rate"":0.01195219123505976}}","{""Morphology"":220,""Novelty"":27}",6,0.9565217391304348,false,6000
38,13,14000,0.34554264800000006,0.030995046999999998,0.02839966,0.001040054,0.001555333,0.397945477,33.463737,5.0477104,1172.7989707440138,173,0.9010417,44,4.39086621920179,30,0.17341040462427745,"{""10"":4,""11"":1,""3"":30,""4"":39,""5"":50,""6"":37,""7"":2,""8"":2,""9"":8}","{""11"":14,""12"":2,""15"":1,""17"":1,""18"":3,""20"":3,""21"":2,""23"":4,""28"":1,""3"":30,""4"":7,""5"":42,""6"":10,""7"":12,""8"":29,""9"":12}",64,"{""count"":64,""unique_topologies"":64,""topology_entropy_bits"":6.0,""effective_topology_count"":64.0,""triangle_like_count"":0,""triangle_like_fraction"":0.0,""mean_nodes"":6.125,""mean_muscles"":9.140625,""node_counts"":{""4"":3,""5"":15,""6"":21,""7"":22,""8"":2,""9"":1},""muscle_counts"":{""10"":10,""11"":4,""12"":7,""13"":3,""14"":3,""15"":1,""20"":1,""4"":2,""5"":6,""6"":11,""7"":1,""8"":5,""9"":10}}",156,5.230994592651547,182,0.182,"{""10"":24,""11"":21,""3"":182,""4"":218,""5"":273,""6"":198,""7"":61,""8"":9,""9"":14}","{""10"":12,""11"":63,""12"":30,""13"":7,""14"":4,""15"":3,""16"":1,""17"":1,""18"":5,""20"":4,""21"":13,""22"":8,""23"":12,""24"":10,""26"":3,""27"":1,""3"":182,""31"":1,""4"":60,""5"":229,""6"":84,""7"":68,""8"":125,""9"":74}","{""Diagonal CMA-ES"":{""attempts"":290,""discoveries"":1,""improvements"":6,""insertions"":7,""insertion_rate"":0.02413793103448276},""Immigrant"":{""attempts"":142,""discoveries"":0,""improvements"":0,""insertions"":0,""insertion_rate"":0.0},""Morphology"":{""attempts"":305,""discoveries"":0,""improvements"":18,""insertions"":18,""insertion_rate"":0.05901639344262295},""Novelty"":{""attempts"":263,""discoveries"":0,""improvements"":6,""insertions"":6,""insertion_rate"":0.022813688212927757}}","{""Morphology"":208,""Novelty"":32}",2,0.96,false,7000
38,14,15000,0.37684876200000006,0.031306114,0.028702416,0.001093482,0.001510216,0.431734187,33.463737,5.629557,1270.147902354598,175,0.9114583,44,4.325436066313966,34,0.19428571428571428,"{""10"":5,""11"":1,""3"":34,""4"":38,""5"":49,""6"":37,""7"":4,""8"":2,""9"":5}","{""11"":13,""12"":3,""14"":1,""15"":1,""17"":1,""18"":2,""20"":2,""21"":3,""23"":3,""28"":1,""3"":34,""4"":7,""5"":43,""6"":12,""7"":10,""8"":27,""9"":12}",64,"{""count"":64,""unique_topologies"":64,""topology_entropy_bits"":6.0,""effective_topology_count"":64.0,""triangle_like_count"":0,""triangle_like_fraction"":0.0,""mean_nodes"":6.125,""mean_muscles"":9.140625,""node_counts"":{""4"":3,""5"":15,""6"":21,""7"":22,""8"":2,""9"":1},""muscle_counts"":{""10"":10,""11"":4,""12"":7,""13"":3,""14"":3,""15"":1,""20"":1,""4"":2,""5"":6,""6"":11,""7"":1,""8"":5,""9"":10}}",136,5.064490333038599,203,0.203,"{""10"":26,""11"":19,""3"":203,""4"":203,""5"":282,""6"":205,""7"":46,""8"":4,""9"":12}","{""10"":8,""11"":60,""12"":18,""14"":8,""15"":4,""16"":1,""18"":6,""19"":1,""20"":5,""21"":17,""22"":5,""23"":8,""24"":6,""26"":2,""27"":1,""28"":2,""29"":1,""3"":203,""31"":3,""32"":1,""4"":67,""5"":231,""6"":96,""7"":71,""8"":115,""9"":60}","{""Diagonal CMA-ES"":{""attempts"":299,""discoveries"":1,""improvements"":2,""insertions"":3,""insertion_rate"":0.010033444816053512},""Immigrant"":{""attempts"":147,""discoveries"":0,""improvements"":0,""insertions"":0,""insertion_rate"":0.0},""Morphology"":{""attempts"":295,""discoveries"":1,""improvements"":27,""insertions"":28,""insertion_rate"":0.09491525423728814},""Novelty"":{""attempts"":259,""discoveries"":1,""improvements"":7,""insertions"":8,""insertion_rate"":0.03088803088803089}}","{""Morphology"":206,""Novelty"":36}",3,0.9509803921568627,false,8000
38,15,16000,0.40885536800000005,0.032006606,0.029300803,0.001094669,0.001611134,0.466454909,33.463737,6.094447,1328.58093701303,176,0.9166667,45,4.293124210532869,37,0.21022727272727273,"{""10"":6,""11"":1,""3"":37,""4"":37,""5"":50,""6"":34,""7"":6,""8"":2,""9"":3}","{""10"":1,""11"":13,""12"":2,""14"":2,""15"":1,""17"":1,""18"":1,""19"":1,""20"":1,""21"":3,""23"":3,""28"":1,""3"":37,""4"":6,""5"":44,""6"":11,""7"":9,""8"":28,""9"":11}",64,"{""count"":64,""unique_topologies"":64,""topology_entropy_bits"":6.0,""effective_topology_count"":64.0,""triangle_like_count"":0,""triangle_like_fraction"":0.0,""mean_nodes"":6.125,""mean_muscles"":9.140625,""node_counts"":{""4"":3,""5"":15,""6"":21,""7"":22,""8"":2,""9"":1},""muscle_counts"":{""10"":10,""11"":4,""12"":7,""13"":3,""14"":3,""15"":1,""20"":1,""4"":2,""5"":6,""6"":11,""7"":1,""8"":5,""9"":10}}",138,5.075459227178668,197,0.197,"{""10"":26,""11"":7,""3"":197,""4"":247,""5"":244,""6"":194,""7"":62,""8"":8,""9"":15}","{""10"":16,""11"":47,""12"":18,""13"":1,""14"":4,""15"":3,""16"":2,""17"":3,""18"":1,""19"":2,""20"":12,""21"":14,""22"":1,""23"":12,""24"":4,""28"":1,""29"":1,""3"":197,""4"":76,""5"":249,""6"":80,""7"":87,""8"":95,""9"":74}","{""Diagonal CMA-ES"":{""attempts"":297,""discoveries"":0,""improvements"":3,""insertions"":3,""insertion_rate"":0.010101010101010102},""Immigrant"":{""attempts"":159,""discoveries"":0,""improvements"":0,""insertions"":0,""insertion_rate"":0.0},""Morphology"":{""attempts"":306,""discoveries"":1,""improvements"":24,""insertions"":25,""insertion_rate"":0.08169934640522876},""Novelty"":{""attempts"":238,""discoveries"":0,""improvements"":7,""insertions"":7,""insertion_rate"":0.029411764705882353}}","{""Morphology"":206,""Novelty"":26}",3,0.9537037037037037,false,9000
38,16,17000,0.43915467100000005,0.030299303,0.027584001,0.001158782,0.00155652,0.499708156,33.463737,6.488771,1398.96254979074,177,0.921875,48,4.2775717444637005,43,0.24293785310734464,"{""10"":6,""11"":3,""3"":43,""4"":35,""5"":48,""6"":31,""7"":6,""8"":2,""9"":3}","{""10"":1,""11"":13,""12"":1,""14"":2,""15"":1,""17"":1,""18"":1,""19"":2,""20"":1,""21"":3,""23"":2,""26"":1,""28"":1,""3"":43,""31"":1,""4"":5,""5"":44,""6"":11,""7"":9,""8"":24,""9"":10}",64,"{""count"":64,""unique_topologies"":64,""topology_entropy_bits"":6.0,""effective_topology_count"":64.0,""triangle_like_count"":0,""triangle_like_fraction"":0.0,""mean_nodes"":6.234375,""mean_muscles"":9.375,""node_counts"":{""11"":1,""4"":3,""5"":14,""6"":20,""7"":23,""8"":2,""9"":1},""muscle_counts"":{""10"":10,""11"":3,""12"":8,""13"":3,""14"":3,""15"":1,""20"":2,""4"":2,""5"":6,""6"":10,""7"":1,""8"":5,""9"":10}}",143,5.056721067053042,228,0.228,"{""10"":65,""11"":20,""3"":228,""4"":213,""5"":258,""6"":164,""7"":46,""8"":4,""9"":2}","{""10"":12,""11"":53,""12"":16,""13"":6,""14"":2,""15"":1,""16"":2,""17"":2,""18"":1,""19"":38,""20"":7,""21"":12,""22"":3,""23"":15,""24"":5,""26"":2,""28"":1,""29"":2,""3"":228,""31"":1,""4"":75,""5"":213,""6"":81,""7"":65,""8"":103,""9"":54}","{""Diagonal CMA-ES"":{""attempts"":314,""discoveries"":0,""improvements"":5,""insertions"":5,""insertion_rate"":0.01592356687898089},""Immigrant"":{""attempts"":144,""discoveries"":0,""improvements"":0,""insertions"":0,""insertion_rate"":0.0},""Morphology"":{""attempts"":314,""discoveries"":1,""improvements"":20,""insertions"":21,""insertion_rate"":0.06687898089171974},""Novelty"":{""attempts"":228,""discoveries"":2,""improvements"":4,""insertions"":6,""insertion_rate"":0.02631578947368421}}","{""Morphology"":220,""Novelty"":28}",5,0.9545454545454546,false,10000
38,17,18000,0.47042041700000004,0.031265746,0.028919687,0.000983065,0.001362994,0.532962591,33.463737,6.872024,1459.0701769441366,177,0.921875,49,4.373427923348845,41,0.23163841807909605,"{""10"":6,""11"":4,""3"":41,""4"":32,""5"":48,""6"":32,""7"":10,""8"":1,""9"":3}","{""10"":2,""11"":12,""12"":1,""14"":2,""15"":3,""17"":1,""18"":1,""19"":2,""20"":1,""21"":3,""23"":2,""26"":2,""28"":1,""3"":41,""31"":1,""4"":5,""5"":39,""6"":11,""7"":7,""8"":28,""9"":12}",64,"{""count"":64,""unique_topologies"":64,""topology_entropy_bits"":6.0,""effective_topology_count"":64.0,""triangle_like_count"":0,""triangle_like_fraction"":0.0,""mean_nodes"":6.21875,""mean_muscles"":9.265625,""node_counts"":{""11"":1,""4"":3,""5"":14,""6"":21,""7"":22,""8"":2,""9"":1},""muscle_counts"":{""10"":10,""11"":3,""12"":8,""13"":3,""14"":3,""20"":2,""4"":2,""5"":6,""6"":10,""7"":1,""8"":6,""9"":10}}",147,5.056171664118959,217,0.217,"{""10"":24,""11"":24,""12"":16,""3"":217,""4"":245,""5"":258,""6"":152,""7"":46,""8"":12,""9"":6}","{""10"":11,""11"":37,""12"":15,""13"":3,""14"":5,""15"":6,""16"":2,""17"":3,""19"":11,""20"":4,""21"":13,""22"":3,""23"":6,""24"":3,""26"":15,""27"":5,""29"":2,""3"":217,""31"":2,""35"":3,""36"":1,""4"":84,""5"":248,""6"":72,""7"":48,""8"":117,""9"":64}","{""Diagonal CMA-ES"":{""attempts"":290,""discoveries"":0,""improvements"":4,""insertions"":4,""insertion_rate"":0.013793103448275862},""Immigrant"":{""attempts"":144,""discoveries"":0,""improvements"":0,""insertions"":0,""insertion_rate"":0.0},""Morphology"":{""attempts"":314,""discoveries"":0,""improvements"":21,""insertions"":21,""insertion_rate"":0.06687898089171974},""Novelty"":{""attempts"":252,""discoveries"":1,""improvements"":4,""insertions"":5,""insertion_rate"":0.01984126984126984}}","{""Morphology"":213,""Novelty"":47}",5,0.9469026548672567,false,11000
38,18,19000,0.506416274,0.035995857000000006,0.032729659,0.001161156,0.002105042,0.57169156,33.853355,7.001281,1510.2420930117369,178,0.9270833,48,4.383462855938672,41,0.2303370786516854,"{""10"":6,""11"":5,""3"":41,""4"":32,""5"":48,""6"":32,""7"":9,""8"":2,""9"":3}","{""10"":2,""11"":12,""12"":1,""14"":2,""15"":4,""17"":1,""18"":1,""19"":2,""20"":1,""21"":3,""23"":2,""26"":3,""28"":1,""3"":41,""31"":1,""4"":4,""5"":38,""6"":13,""7"":6,""8"":28,""9"":12}",64,"{""count"":64,""unique_topologies"":64,""topology_entropy_bits"":6.0,""effective_topology_count"":64.0,""triangle_like_count"":0,""triangle_like_fraction"":0.0,""mean_nodes"":6.28125,""mean_muscles"":9.390625,""node_counts"":{""11"":1,""4"":2,""5"":14,""6"":21,""7"":22,""8"":3,""9"":1},""muscle_counts"":{""10"":10,""11"":3,""12"":8,""13"":4,""14"":3,""20"":2,""4"":2,""5"":5,""6"":10,""7"":1,""8"":6,""9"":10}}",123,4.736309943537313,244,0.244,"{""10"":13,""11"":15,""12"":4,""3"":244,""4"":276,""5"":243,""6"":129,""7"":58,""8"":18}","{""10"":17,""11"":35,""12"":27,""13"":5,""14"":1,""15"":9,""16"":3,""17"":4,""19"":6,""20"":2,""21"":6,""23"":2,""26"":13,""27"":1,""29"":1,""3"":244,""36"":1,""4"":108,""5"":221,""6"":74,""7"":44,""8"":125,""9"":51}","{""Diagonal CMA-ES"":{""attempts"":303,""discoveries"":0,""improvements"":1,""insertions"":1,""insertion_rate"":0.0033003300330033004},""Immigrant"":{""attempts"":156,""discoveries"":0,""improvements"":0,""insertions"":0,""insertion_rate"":0.0},""Morphology"":{""attempts"":312,""discoveries"":1,""improvements"":23,""insertions"":24,""insertion_rate"":0.07692307692307693},""Novelty"":{""attempts"":229,""discoveries"":1,""improvements"":5,""insertions"":6,""insertion_rate"":0.026200873362445413}}","{""Morphology"":213,""Novelty"":23}",2,0.9396551724137931,true,12000
38,19,20000,0.539966343,0.033550068999999995,0.030901253,0.001283447,0.001365369,0.608212193,33.853355,7.001281,1536.1153188198805,180,0.9375,45,4.352355598566623,44,0.24444444444444444,"{""10"":5,""11"":5,""3"":44,""4"":31,""5"":47,""6"":32,""7"":10,""8"":2,""9"":4}","{""10"":3,""11"":12,""12"":1,""14"":2,""15"":4,""17"":1,""18"":1,""19"":2,""20"":2,""21"":3,""23"":1,""26"":4,""3"":44,""31"":1,""4"":4,""5"":36,""6"":15,""7"":7,""8"":25,""9"":12}",64,"{""count"":64,""unique_topologies"":64,""topology_entropy_bits"":6.0,""effective_topology_count"":64.0,""triangle_like_count"":0,""triangle_like_fraction"":0.0,""mean_nodes"":6.625,""mean_muscles"":10.25,""node_counts"":{""11"":1,""12"":2,""4"":3,""5"":12,""6"":16,""7"":23,""8"":3,""9"":4},""muscle_counts"":{""10"":8,""11"":2,""12"":9,""13"":3,""14"":4,""16"":1,""17"":1,""20"":2,""27"":1,""29"":1,""4"":3,""5"":4,""6"":9,""7"":2,""8"":4,""9"":10}}",133,5.001252687485008,206,0.206,"{""10"":17,""11"":10,""12"":3,""3"":206,""4"":281,""5"":238,""6"":141,""7"":39,""8"":42,""9"":23}","{""10"":8,""11"":37,""12"":17,""13"":7,""14"":5,""15"":31,""16"":6,""17"":5,""18"":1,""19"":6,""20"":13,""21"":10,""22"":1,""23"":3,""24"":3,""26"":5,""27"":1,""29"":2,""3"":206,""4"":85,""5"":269,""6"":87,""7"":56,""8"":90,""9"":46}","{""Diagonal CMA-ES"":{""attempts"":268,""discoveries"":1,""improvements"":2,""insertions"":3,""insertion_rate"":0.011194029850746268},""Immigrant"":{""attempts"":146,""discoveries"":0,""improvements"":0,""insertions"":0,""insertion_rate"":0.0},""Morphology"":{""attempts"":302,""discoveries"":13,""improvements"":12,""insertions"":25,""insertion_rate"":0.08278145695364239},""Novelty"":{""attempts"":284,""discoveries"":1,""improvements"":3,""insertions"":4,""insertion_rate"":0.014084507042253521}}","{""Morphology"":193,""Novelty"":36}",10,0.9338842975206612,false,1000
38,20,21000,0.571308075,0.031341732,0.028948182,0.000990189,0.001403361,0.641541426,33.853355,7.3335266,1623.0220139473677,180,0.9375,45,4.404957259024641,43,0.2388888888888889,"{""10"":5,""11"":5,""3"":43,""4"":31,""5"":47,""6"":29,""7"":11,""8"":3,""9"":6}","{""10"":3,""11"":12,""12"":1,""14"":2,""15"":5,""16"":1,""18"":1,""19"":3,""20"":2,""21"":3,""23"":1,""26"":4,""3"":43,""31"":1,""4"":4,""5"":36,""6"":14,""7"":7,""8"":23,""9"":14}",64,"{""count"":64,""unique_topologies"":64,""topology_entropy_bits"":6.0,""effective_topology_count"":64.0,""triangle_like_count"":0,""triangle_like_fraction"":0.0,""mean_nodes"":6.609375,""mean_muscles"":10.234375,""node_counts"":{""11"":1,""12"":2,""4"":3,""5"":12,""6"":16,""7"":24,""8"":2,""9"":4},""muscle_counts"":{""10"":9,""11"":1,""12"":9,""13"":3,""14"":4,""16"":1,""17"":1,""20"":2,""27"":1,""29"":1,""4"":3,""5"":4,""6"":9,""7"":2,""8"":4,""9"":10}}",126,4.708067464934578,271,0.271,"{""10"":17,""11"":11,""12"":7,""13"":2,""3"":271,""4"":244,""5"":205,""6"":127,""7"":64,""8"":36,""9"":16}","{""10"":36,""11"":42,""12"":15,""13"":5,""14"":3,""15"":22,""16"":8,""17"":5,""18"":2,""19"":7,""20"":6,""21"":7,""22"":1,""23"":2,""24"":1,""26"":8,""27"":3,""28"":3,""29"":4,""3"":271,""30"":1,""4"":107,""5"":193,""6"":62,""7"":31,""8"":92,""9"":63}","{""Diagonal CMA-ES"":{""attempts"":289,""discoveries"":0,""improvements"":1,""insertions"":1,""insertion_rate"":0.0034602076124567475},""Immigrant"":{""attempts"":151,""discoveries"":0,""improvements"":0,""insertions"":0,""insertion_rate"":0.0},""Morphology"":{""attempts"":318,""discoveries"":0,""improvements"":18,""insertions"":18,""insertion_rate"":0.05660377358490566},""Novelty"":{""attempts"":242,""discoveries"":1,""improvements"":1,""insertions"":2,""insertion_rate"":0.008264462809917356}}","{""Morphology"":188,""Novelty"":24}",4,0.9206349206349206,false,2000
38,21,22000,0.605829335,0.03452126,0.031513888,0.001520901,0.001486471,0.679433365,33.853355,7.6989455,1663.6107724159956,180,0.9375,45,4.386981815400439,45,0.25,"{""10"":5,""11"":5,""3"":45,""4"":31,""5"":45,""6"":29,""7"":10,""8"":4,""9"":6}","{""10"":3,""11"":13,""12"":1,""14"":2,""15"":5,""16"":1,""18"":1,""19"":3,""20"":2,""21"":3,""23"":1,""26"":4,""3"":45,""31"":1,""4"":5,""5"":35,""6"":11,""7"":6,""8"":23,""9"":15}",64,"{""count"":64,""unique_topologies"":64,""topology_entropy_bits"":6.0,""effective_topology_count"":64.0,""triangle_like_count"":0,""triangle_like_fraction"":0.0,""mean_nodes"":6.65625,""mean_muscles"":10.359375,""node_counts"":{""11"":1,""12"":2,""4"":2,""5"":12,""6"":16,""7"":25,""8"":2,""9"":4},""muscle_counts"":{""10"":9,""11"":1,""12"":10,""13"":3,""14"":4,""16"":1,""17"":1,""20"":2,""27"":1,""29"":1,""4"":2,""5"":4,""6"":9,""7"":2,""8"":4,""9"":10}}",143,5.006985305722526,248,0.248,"{""10"":21,""11"":7,""12"":6,""13"":2,""3"":248,""4"":242,""5"":219,""6"":147,""7"":56,""8"":33,""9"":19}","{""10"":25,""11"":67,""12"":16,""13"":5,""14"":5,""15"":25,""16"":1,""17"":2,""18"":3,""19"":16,""20"":9,""21"":4,""23"":5,""26"":7,""27"":3,""28"":2,""29"":3,""3"":248,""30"":1,""31"":1,""4"":88,""5"":198,""6"":72,""7"":32,""8"":105,""9"":57}","{""Diagonal CMA-ES"":{""attempts"":273,""discoveries"":0,""improvements"":3,""insertions"":3,""insertion_rate"":0.01098901098901099},""Immigrant"":{""attempts"":159,""discoveries"":0,""improvements"":0,""insertions"":0,""insertion_rate"":0.0},""Morphology"":{""attempts"":311,""discoveries"":0,""improvements"":16,""insertions"":16,""insertion_rate"":0.05144694533762058},""Novelty"":{""attempts"":257,""discoveries"":1,""improvements"":1,""insertions"":2,""insertion_rate"":0.007782101167315175}}","{""Morphology"":192,""Novelty"":41}",3,0.921875,false,3000
38,22,23000,0.639678596,0.033849261,0.031443838,0.001017497,0.001387926,0.715841207,33.985493,8.045553,1761.2811561077833,180,0.9375,44,4.295913946933942,49,0.2722222222222222,"{""10"":4,""11"":3,""3"":49,""4"":32,""5"":40,""6"":31,""7"":10,""8"":6,""9"":5}","{""10"":2,""11"":14,""12"":1,""14"":1,""15"":7,""16"":1,""19"":5,""20"":2,""21"":2,""23"":1,""26"":3,""3"":49,""4"":4,""5"":36,""6"":10,""7"":5,""8"":21,""9"":16}",64,"{""count"":64,""unique_topologies"":64,""topology_entropy_bits"":6.0,""effective_topology_count"":64.0,""triangle_like_count"":0,""triangle_like_fraction"":0.0,""mean_nodes"":6.65625,""mean_muscles"":10.359375,""node_counts"":{""11"":1,""12"":2,""4"":2,""5"":12,""6"":16,""7"":25,""8"":2,""9"":4},""muscle_counts"":{""10"":9,""11"":1,""12"":10,""13"":3,""14"":4,""16"":1,""17"":1,""20"":2,""27"":1,""29"":1,""4"":2,""5"":4,""6"":9,""7"":2,""8"":4,""9"":10}}",130,5.016047700597905,228,0.228,"{""10"":7,""11"":23,""12"":7,""13"":1,""3"":228,""4"":243,""5"":235,""6"":141,""7"":65,""8"":33,""9"":17}","{""10"":16,""11"":53,""12"":13,""13"":6,""14"":4,""15"":19,""16"":7,""17"":4,""18"":2,""19"":8,""20"":12,""21"":2,""22"":2,""26"":20,""27"":3,""29"":2,""3"":228,""30"":1,""35"":2,""4"":78,""5"":216,""6"":70,""7"":43,""8"":100,""9"":89}","{""Diagonal CMA-ES"":{""attempts"":290,""discoveries"":0,""improvements"":1,""insertions"":1,""insertion_rate"":0.0034482758620689655},""Immigrant"":{""attempts"":147,""discoveries"":0,""improvements"":0,""insertions"":0,""insertion_rate"":0.0},""Morphology"":{""attempts"":312,""discoveries"":0,""improvements"":21,""insertions"":21,""insertion_rate"":0.0673076923076923},""Novelty"":{""attempts"":251,""discoveries"":0,""improvements"":3,""insertions"":3,""insertion_rate"":0.01195219123505976}}","{""Morphology"":209,""Novelty"":39}",2,0.927536231884058,true,4000
38,23,24000,0.674817239,0.035138643000000004,0.032964739,0.000991376,0.001182528,0.753267732,33.985493,8.456879,1811.7255520634353,181,0.9427083,45,4.246811124498667,49,0.27071823204419887,"{""10"":4,""11"":3,""3"":49,""4"":37,""5"":38,""6"":28,""7"":11,""8"":6,""9"":5}","{""10"":2,""11"":12,""12"":1,""14"":1,""15"":8,""16"":1,""19"":5,""20"":2,""21"":2,""23"":1,""26"":3,""3"":49,""4"":5,""5"":40,""6"":6,""7"":3,""8"":24,""9"":16}",64,"{""count"":64,""unique_topologies"":64,""topology_entropy_bits"":6.0,""effective_topology_count"":64.0,""triangle_like_count"":0,""triangle_like_fraction"":0.0,""mean_nodes"":6.8125,""mean_muscles"":11.09375,""node_counts"":{""11"":1,""12"":3,""4"":2,""5"":13,""6"":11,""7"":27,""8"":2,""9"":5},""muscle_counts"":{""10"":9,""11"":2,""12"":10,""13"":3,""14"":3,""16"":4,""17"":1,""20"":2,""27"":1,""29"":1,""36"":1,""4"":2,""5"":3,""6"":9,""7"":4,""8"":2,""9"":7}}",130,4.758478629592363,270,0.27,"{""10"":30,""11"":10,""12"":9,""3"":270,""4"":267,""5"":209,""6"":115,""7"":48,""8"":16,""9"":26}","{""10"":14,""11"":68,""12"":18,""13"":5,""14"":5,""15"":12,""16"":6,""18"":1,""19"":17,""20"":8,""21"":21,""23"":3,""24"":1,""26"":8,""27"":4,""28"":1,""29"":4,""3"":270,""35"":1,""36"":1,""4"":94,""5"":221,""6"":54,""7"":25,""8"":99,""9"":39}","{""Diagonal CMA-ES"":{""attempts"":290,""discoveries"":1,""improvements"":0,""insertions"":1,""insertion_rate"":0.0034482758620689655},""Immigrant"":{""attempts"":145,""discoveries"":0,""improvements"":0,""insertions"":0,""insertion_rate"":0.0},""Morphology"":{""attempts"":317,""discoveries"":14,""improvements"":23,""insertions"":37,""insertion_rate"":0.1167192429022082},""Novelty"":{""attempts"":248,""discoveries"":1,""improvements"":3,""insertions"":4,""insertion_rate"":0.016129032258064516}}","{""Morphology"":199,""Novelty"":34}",15,0.9295774647887324,false,1000
38,24,25000,0.708939573,0.034122334,0.031878381,0.000999687,0.001244266,0.789718316,36.162384,8.531313,1903.0398829989135,181,0.9427083,44,4.178558530320297,51,0.281767955801105,"{""10"":4,""11"":3,""3"":51,""4"":37,""5"":34,""6"":29,""7"":10,""8"":7,""9"":6}","{""10"":2,""11"":12,""12"":1,""15"":8,""16"":1,""18"":1,""19"":6,""20"":2,""21"":2,""23"":1,""26"":3,""3"":51,""4"":4,""5"":40,""6"":5,""7"":1,""8"":24,""9"":17}",64,"{""count"":64,""unique_topologies"":64,""topology_entropy_bits"":6.0,""effective_topology_count"":64.0,""triangle_like_count"":0,""triangle_like_fraction"":0.0,""mean_nodes"":7.0,""mean_muscles"":11.625,""node_counts"":{""11"":1,""12"":4,""4"":1,""5"":13,""6"":11,""7"":25,""8"":2,""9"":7},""muscle_counts"":{""10"":9,""11"":2,""12"":8,""13"":3,""14"":3,""16"":5,""17"":1,""18"":1,""20"":2,""27"":2,""29"":1,""36"":1,""4"":1,""5"":2,""6"":10,""7"":4,""8"":2,""9"":7}}",128,4.87412261094316,251,0.251,"{""10"":12,""11"":19,""12"":12,""3"":251,""4"":260,""5"":212,""6"":122,""7"":44,""8"":38,""9"":30}","{""10"":9,""11"":45,""12"":14,""13"":4,""15"":32,""16"":12,""17"":2,""18"":6,""19"":21,""20"":11,""21"":4,""22"":1,""23"":1,""24"":1,""26"":18,""27"":6,""29"":4,""3"":251,""35"":1,""36"":2,""4"":84,""5"":209,""6"":40,""7"":49,""8"":114,""9"":59}","{""Diagonal CMA-ES"":{""attempts"":272,""discoveries"":0,""improvements"":1,""insertions"":1,""insertion_rate"":0.003676470588235294},""Immigrant"":{""attempts"":160,""discoveries"":0,""improvements"":0,""insertions"":0,""insertion_rate"":0.0},""Morphology"":{""attempts"":323,""discoveries"":4,""improvements"":16,""insertions"":20,""insertion_rate"":0.06191950464396285},""Novelty"":{""attempts"":245,""discoveries"":0,""improvements"":3,""insertions"":3,""insertion_rate"":0.012244897959183673}}","{""Morphology"":220,""Novelty"":29}",4,0.9310344827586207,true,2000
38,25,26000,0.746202255,0.037262682,0.034471394,0.00113385,0.001657438,0.829841147,36.162384,8.724691,1942.4512072615325,182,0.9479167,46,4.139230202835128,55,0.3021978021978022,"{""10"":5,""11"":2,""3"":55,""4"":32,""5"":35,""6"":28,""7"":11,""8"":7,""9"":7}","{""10"":2,""11"":12,""12"":1,""15"":9,""16"":1,""18"":1,""19"":7,""20"":2,""21"":3,""23"":1,""26"":2,""3"":55,""4"":2,""5"":37,""6"":5,""7"":1,""8"":25,""9"":16}",64,"{""count"":64,""unique_topologies"":64,""topology_entropy_bits"":6.0,""effective_topology_count"":64.0,""triangle_like_count"":0,""triangle_like_fraction"":0.0,""mean_nodes"":7.0,""mean_muscles"":11.609375,""node_counts"":{""11"":1,""12"":4,""4"":2,""5"":13,""6"":9,""7"":25,""8"":3,""9"":7},""muscle_counts"":{""10"":9,""11"":2,""12"":9,""13"":3,""14"":3,""16"":5,""17"":1,""18"":1,""20"":2,""27"":2,""29"":1,""36"":1,""4"":1,""5"":3,""6"":10,""7"":4,""8"":2,""9"":5}}",133,4.915241639248012,260,0.26,"{""10"":16,""11"":19,""12"":7,""13"":3,""3"":260,""4"":268,""5"":224,""6"":101,""7"":45,""8"":28,""9"":29}","{""10"":10,""11"":35,""12"":14,""13"":6,""14"":3,""15"":28,""16"":7,""17"":2,""18"":5,""19"":18,""20"":11,""21"":6,""23"":2,""26"":19,""27"":3,""28"":2,""29"":2,""3"":260,""35"":1,""36"":1,""4"":98,""40"":1,""5"":221,""6"":65,""7"":29,""8"":96,""9"":55}","{""Diagonal CMA-ES"":{""attempts"":300,""discoveries"":0,""improvements"":0,""insertions"":0,""insertion_rate"":0.0},""Immigrant"":{""attempts"":157,""discoveries"":0,""improvements"":0,""insertions"":0,""insertion_rate"":0.0},""Morphology"":{""attempts"":302,""discoveries"":3,""improvements"":16,""insertions"":19,""insertion_rate"":0.06291390728476821},""Novelty"":{""attempts"":241,""discoveries"":1,""improvements"":1,""insertions"":2,""insertion_rate"":0.008298755186721992}}","{""Morphology"":204,""Novelty"":33}",3,0.9319727891156463,false,1000
38,26,27000,0.7853835760000001,0.039181321000000005,0.036355602,0.001354683,0.001471036,0.87220437,36.162384,8.953228,1981.4149592928588,182,0.9479167,49,4.178837596580615,56,0.3076923076923077,"{""10"":6,""11"":2,""3"":56,""4"":29,""5"":37,""6"":25,""7"":11,""8"":8,""9"":8}","{""10"":2,""11"":11,""12"":2,""15"":9,""16"":1,""18"":2,""19"":7,""20"":2,""21"":3,""23"":1,""25"":1,""26"":2,""3"":56,""4"":2,""5"":34,""6"":5,""7"":1,""8"":27,""9"":14}",64,"{""count"":64,""unique_topologies"":64,""topology_entropy_bits"":6.0,""effective_topology_count"":64.0,""triangle_like_count"":0,""triangle_like_fraction"":0.0,""mean_nodes"":7.015625,""mean_muscles"":11.609375,""node_counts"":{""11"":1,""12"":4,""4"":2,""5"":12,""6"":10,""7"":25,""8"":3,""9"":7},""muscle_counts"":{""10"":9,""11"":2,""12"":9,""13"":3,""14"":3,""16"":5,""17"":1,""18"":1,""20"":2,""27"":2,""29"":1,""36"":1,""4"":1,""5"":3,""6"":10,""7"":4,""8"":2,""9"":5}}",148,4.93354413606905,242,0.242,"{""10"":87,""11"":21,""12"":8,""13"":2,""3"":242,""4"":219,""5"":229,""6"":88,""7"":45,""8"":33,""9"":26}","{""10"":14,""11"":46,""12"":13,""13"":2,""14"":5,""15"":24,""16"":10,""17"":1,""18"":2,""19"":83,""20"":9,""21"":11,""22"":7,""23"":2,""25"":4,""26"":14,""27"":7,""28"":1,""29"":4,""3"":242,""4"":98,""40"":1,""5"":164,""6"":47,""7"":20,""8"":132,""9"":37}","{""Diagonal CMA-ES"":{""attempts"":290,""discoveries"":0,""improvements"":0,""insertions"":0,""insertion_rate"":0.0},""Immigrant"":{""attempts"":149,""discoveries"":0,""improvements"":0,""insertions"":0,""insertion_rate"":0.0},""Morphology"":{""attempts"":327,""discoveries"":2,""improvements"":15,""insertions"":17,""insertion_rate"":0.05198776758409786},""Novelty"":{""attempts"":234,""discoveries"":0,""improvements"":1,""insertions"":1,""insertion_rate"":0.004273504273504274}}","{""Morphology"":223,""Novelty"":34}",3,0.9382716049382716,false,2000
38,27,28000,0.8206017680000001,0.035218191999999995,0.032454211,0.001190839,0.001573142,0.91036582,36.162384,9.865526,2073.0117356590927,182,0.9479167,47,4.128338960608048,58,0.31868131868131866,"{""10"":9,""11"":1,""3"":58,""4"":27,""5"":36,""6"":20,""7"":11,""8"":9,""9"":11}","{""10"":2,""11"":10,""12"":2,""14"":1,""15"":10,""16"":1,""18"":2,""19"":7,""20"":2,""21"":6,""22"":1,""23"":1,""25"":2,""26"":1,""3"":58,""4"":2,""5"":31,""6"":3,""7"":1,""8"":28,""9"":11}",64,"{""count"":64,""unique_topologies"":64,""topology_entropy_bits"":6.0,""effective_topology_count"":64.0,""triangle_like_count"":0,""triangle_like_fraction"":0.0,""mean_nodes"":7.015625,""mean_muscles"":11.609375,""node_counts"":{""11"":1,""12"":4,""4"":2,""5"":12,""6"":10,""7"":25,""8"":3,""9"":7},""muscle_counts"":{""10"":9,""11"":2,""12"":9,""13"":3,""14"":3,""16"":5,""17"":1,""18"":1,""20"":2,""27"":2,""29"":1,""36"":1,""4"":1,""5"":3,""6"":10,""7"":4,""8"":2,""9"":5}}",140,4.784456963018423,297,0.297,"{""10"":28,""11"":5,""12"":3,""13"":2,""3"":297,""4"":246,""5"":212,""6"":96,""7"":49,""8"":25,""9"":37}","{""10"":13,""11"":54,""12"":14,""13"":3,""14"":6,""15"":22,""16"":10,""18"":1,""19"":17,""20"":10,""21"":21,""22"":3,""23"":3,""24"":3,""25"":1,""26"":4,""27"":7,""28"":1,""29"":1,""3"":297,""37"":1,""4"":98,""5"":194,""6"":47,""7"":16,""8"":112,""9"":41}","{""Diagonal CMA-ES"":{""attempts"":290,""discoveries"":0,""improvements"":1,""insertions"":1,""insertion_rate"":0.0034482758620689655},""Immigrant"":{""attempts"":168,""discoveries"":0,""improvements"":0,""insertions"":0,""insertion_rate"":0.0},""Morphology"":{""attempts"":300,""discoveries"":0,""improvements"":23,""insertions"":23,""insertion_rate"":0.07666666666666666},""Novelty"":{""attempts"":242,""discoveries"":0,""improvements"":7,""insertions"":7,""insertion_rate"":0.028925619834710745}}","{""Morphology"":192,""Novelty"":28}",3,0.9397590361445783,false,3000
38,28,29000,0.8555231400000001,0.034921372,0.032567002,0.000975942,0.001378428,0.94774248,36.162384,10.061014,2094.1362802796066,182,0.9479167,48,4.150637434819972,59,0.3241758241758242,"{""10"":10,""11"":1,""3"":59,""4"":23,""5"":38,""6"":19,""7"":12,""8"":9,""9"":11}","{""10"":3,""11"":10,""12"":2,""14"":1,""15"":10,""16"":1,""18"":2,""19"":7,""20"":2,""21"":6,""22"":2,""23"":1,""25"":2,""26"":1,""3"":59,""4"":2,""5"":27,""6"":3,""7"":2,""8"":29,""9"":10}",64,"{""count"":64,""unique_topologies"":64,""topology_entropy_bits"":6.0,""effective_topology_count"":64.0,""triangle_like_count"":0,""triangle_like_fraction"":0.0,""mean_nodes"":7.015625,""mean_muscles"":11.609375,""node_counts"":{""11"":1,""12"":4,""4"":2,""5"":12,""6"":10,""7"":25,""8"":3,""9"":7},""muscle_counts"":{""10"":9,""11"":2,""12"":9,""13"":3,""14"":3,""16"":5,""17"":1,""18"":1,""20"":2,""27"":2,""29"":1,""36"":1,""4"":1,""5"":3,""6"":10,""7"":4,""8"":2,""9"":5}}",144,4.900002789326183,242,0.242,"{""10"":49,""11"":22,""12"":2,""3"":242,""4"":212,""5"":246,""6"":114,""7"":59,""8"":21,""9"":33}","{""10"":8,""11"":66,""12"":23,""13"":4,""14"":8,""15"":31,""16"":8,""17"":4,""18"":4,""19"":15,""20"":5,""21"":35,""22"":12,""23"":1,""24"":4,""25"":7,""26"":6,""27"":2,""29"":2,""3"":242,""32"":2,""35"":1,""36"":1,""4"":66,""5"":181,""6"":44,""7"":13,""8"":160,""9"":45}","{""Diagonal CMA-ES"":{""attempts"":306,""discoveries"":0,""improvements"":0,""insertions"":0,""insertion_rate"":0.0},""Immigrant"":{""attempts"":151,""discoveries"":0,""improvements"":0,""insertions"":0,""insertion_rate"":0.0},""Morphology"":{""attempts"":297,""discoveries"":0,""improvements"":4,""insertions"":4,""insertion_rate"":0.013468013468013467},""Novelty"":{""attempts"":246,""discoveries"":0,""improvements"":5,""insertions"":5,""insertion_rate"":0.02032520325203252}}","{""Morphology"":199,""Novelty"":33}",1,0.9408284023668639,false,4000
38,29,30000,0.8902771060000001,0.034753966000000004,0.032363977,0.00105074,0.001339249,0.98491849,36.162384,10.061014,2114.3064060024917,182,0.9479167,49,4.153038213318074,60,0.32967032967032966,"{""10"":12,""11"":1,""3"":60,""4"":22,""5"":38,""6"":18,""7"":11,""8"":9,""9"":11}","{""10"":3,""11"":10,""12"":1,""14"":1,""15"":10,""16"":1,""18"":2,""19"":8,""20"":2,""21"":7,""22"":2,""23"":1,""25"":2,""26"":1,""3"":60,""4"":2,""5"":26,""6"":2,""7"":3,""8"":29,""9"":9}",64,"{""count"":64,""unique_topologies"":64,""topology_entropy_bits"":6.0,""effective_topology_count"":64.0,""triangle_like_count"":0,""triangle_like_fraction"":0.0,""mean_nodes"":7.234375,""mean_muscles"":12.203125,""node_counts"":{""11"":5,""12"":1,""13"":2,""4"":2,""5"":10,""6"":12,""7"":22,""8"":4,""9"":6},""muscle_counts"":{""10"":8,""11"":3,""12"":9,""13"":1,""14"":1,""16"":6,""17"":1,""18"":1,""20"":2,""22"":3,""24"":1,""28"":1,""29"":1,""37"":1,""4"":1,""5"":1,""6"":9,""7"":4,""8"":3,""9"":7}}",158,4.980719693226631,270,0.27,"{""10"":46,""11"":22,""12"":1,""13"":4,""3"":270,""4"":197,""5"":171,""6"":184,""7"":54,""8"":28,""9"":23}","{""10"":8,""11"":82,""12"":17,""13"":3,""14"":8,""15"":28,""16"":7,""18"":6,""19"":15,""20"":3,""21"":33,""22"":15,""23"":1,""24"":3,""25"":9,""26"":6,""27"":2,""28"":1,""29"":1,""3"":270,""30"":1,""37"":2,""4"":77,""5"":154,""6"":27,""7"":22,""8"":99,""9"":100}","{""Diagonal CMA-ES"":{""attempts"":303,""discoveries"":0,""improvements"":0,""insertions"":0,""insertion_rate"":0.0},""Immigrant"":{""attempts"":153,""discoveries"":0,""improvements"":0,""insertions"":0,""insertion_rate"":0.0},""Morphology"":{""attempts"":308,""discoveries"":13,""improvements"":8,""insertions"":21,""insertion_rate"":0.06818181818181818},""Novelty"":{""attempts"":236,""discoveries"":1,""improvements"":2,""insertions"":3,""insertion_rate"":0.012711864406779662}}","{""Morphology"":211,""Novelty"":21}",16,0.9418604651162791,false,5000
38,30,31000,0.9240990590000001,0.033821953,0.031509138,0.001006811,0.001306004,1.021074629,36.162384,10.678355,2185.114094119519,183,0.953125,51,4.146399818345027,63,0.3442622950819672,"{""10"":11,""11"":3,""13"":1,""3"":63,""4"":21,""5"":37,""6"":19,""7"":9,""8"":9,""9"":10}","{""10"":3,""11"":10,""12"":1,""14"":1,""15"":9,""16"":1,""18"":2,""19"":8,""20"":2,""21"":5,""22"":2,""23"":1,""24"":2,""25"":2,""26"":1,""3"":63,""37"":1,""4"":3,""5"":23,""6"":2,""7"":3,""8"":29,""9"":9}",64,"{""count"":64,""unique_topologies"":64,""topology_entropy_bits"":6.0,""effective_topology_count"":64.0,""triangle_like_count"":0,""triangle_like_fraction"":0.0,""mean_nodes"":7.234375,""mean_muscles"":12.203125,""node_counts"":{""11"":5,""12"":1,""13"":2,""4"":2,""5"":10,""6"":12,""7"":22,""8"":4,""9"":6},""muscle_counts"":{""10"":8,""11"":3,""12"":9,""13"":1,""14"":1,""16"":6,""17"":1,""18"":1,""20"":2,""22"":3,""24"":1,""28"":1,""29"":1,""37"":1,""4"":1,""5"":1,""6"":9,""7"":4,""8"":3,""9"":7}}",151,5.1422303553066575,247,0.247,"{""10"":64,""11"":26,""12"":3,""13"":2,""14"":2,""3"":247,""4"":214,""5"":219,""6"":112,""7"":61,""8"":21,""9"":29}","{""10"":13,""11"":53,""12"":16,""13"":1,""14"":6,""15"":29,""16"":7,""17"":1,""18"":3,""19"":21,""20"":5,""21"":28,""22"":22,""23"":6,""24"":4,""25"":17,""26"":5,""27"":1,""28"":1,""29"":4,""3"":247,""31"":1,""32"":2,""37"":3,""4"":93,""5"":159,""6"":49,""7"":33,""8"":116,""9"":54}","{""Diagonal CMA-ES"":{""attempts"":296,""discoveries"":0,""improvements"":3,""insertions"":3,""insertion_rate"":0.010135135135135136},""Immigrant"":{""attempts"":174,""discoveries"":0,""improvements"":0,""insertions"":0,""insertion_rate"":0.0},""Morphology"":{""attempts"":287,""discoveries"":1,""improvements"":16,""insertions"":17,""insertion_rate"":0.059233449477351915},""Novelty"":{""attempts"":243,""discoveries"":0,""improvements"":5,""insertions"":5,""insertion_rate"":0.0205761316872428}}","{""Morphology"":203,""Novelty"":30}",1,0.9428571428571428,false,6000
38,31,32000,0.9616989260000001,0.037599866999999995,0.03523125,0.001057863,0.001310754,1.061037178,36.162384,10.9098425,2218.475749950856,183,0.953125,52,4.172841023488577,63,0.3442622950819672,"{""10"":11,""11"":5,""13"":1,""3"":63,""4"":20,""5"":38,""6"":18,""7"":7,""8"":8,""9"":12}","{""10"":2,""11"":10,""12"":1,""14"":2,""15"":7,""16"":1,""18"":3,""19"":8,""20"":2,""21"":5,""22"":3,""23"":1,""24"":3,""25"":2,""26"":1,""3"":63,""37"":1,""4"":3,""5"":22,""6"":3,""7"":3,""8"":29,""9"":8}",64,"{""count"":64,""unique_topologies"":64,""topology_entropy_bits"":6.0,""effective_topology_count"":64.0,""triangle_like_count"":0,""triangle_like_fraction"":0.0,""mean_nodes"":7.3125,""mean_muscles"":12.4375,""node_counts"":{""10"":1,""11"":5,""12"":1,""13"":2,""4"":2,""5"":9,""6"":12,""7"":22,""8"":4,""9"":6},""muscle_counts"":{""10"":8,""11"":3,""12"":9,""13"":1,""14"":1,""16"":6,""17"":1,""18"":1,""20"":2,""21"":1,""22"":3,""24"":1,""28"":1,""29"":1,""37"":1,""4"":1,""5"":1,""6"":8,""7"":4,""8"":3,""9"":7}}",135,4.752526482491206,305,0.305,"{""10"":54,""11"":26,""12"":8,""13"":1,""14"":3,""3"":305,""4"":218,""5"":181,""6"":131,""7"":37,""8"":14,""9"":22}","{""10"":13,""11"":58,""12"":15,""14"":6,""15"":11,""16"":3,""17"":1,""18"":14,""19"":16,""20"":3,""21"":11,""22"":11,""23"":2,""24"":10,""25"":27,""26"":6,""27"":2,""28"":1,""29"":1,""3"":305,""32"":1,""38"":2,""4"":83,""41"":1,""5"":168,""6"":42,""7"":25,""8"":92,""9"":70}","{""Diagonal CMA-ES"":{""attempts"":320,""discoveries"":0,""improvements"":1,""insertions"":1,""insertion_rate"":0.003125},""Immigrant"":{""attempts"":134,""discoveries"":0,""improvements"":0,""insertions"":0,""insertion_rate"":0.0},""Morphology"":{""attempts"":292,""discoveries"":0,""improvements"":12,""insertions"":12,""insertion_rate"":0.0410958904109589},""Novelty"":{""attempts"":254,""discoveries"":1,""improvements"":5,""insertions"":6,""insertion_rate"":0.023622047244094488}}","{""Morphology"":191,""Novelty"":34}",2,0.9431818181818182,false,7000
38,32,33000,0.998763331,0.037064405,0.034308736,0.00105074,0.001704929,1.100457141,36.162384,11.293678,2272.699243288487,183,0.953125,53,4.127909372018139,66,0.36065573770491804,"{""10"":9,""11"":8,""12"":1,""13"":1,""3"":66,""4"":19,""5"":36,""6"":18,""7"":6,""8"":7,""9"":12}","{""10"":2,""11"":10,""12"":1,""14"":2,""15"":6,""16"":1,""18"":3,""19"":6,""20"":2,""21"":4,""22"":3,""23"":1,""24"":5,""25"":2,""26"":1,""27"":1,""29"":1,""3"":66,""37"":1,""4"":3,""5"":20,""6"":3,""7"":3,""8"":28,""9"":8}",64,"{""count"":64,""unique_topologies"":64,""topology_entropy_bits"":6.0,""effective_topology_count"":64.0,""triangle_like_count"":0,""triangle_like_fraction"":0.0,""mean_nodes"":7.3125,""mean_muscles"":12.4375,""node_counts"":{""10"":1,""11"":5,""12"":1,""13"":2,""4"":2,""5"":9,""6"":12,""7"":22,""8"":4,""9"":6},""muscle_counts"":{""10"":8,""11"":3,""12"":9,""13"":1,""14"":1,""16"":6,""17"":1,""18"":1,""20"":2,""21"":1,""22"":3,""24"":1,""28"":1,""29"":1,""37"":1,""4"":1,""5"":1,""6"":8,""7"":4,""8"":3,""9"":7}}",131,4.586680855021294,338,0.338,"{""10"":39,""11"":30,""12"":14,""13"":3,""14"":1,""3"":338,""4"":194,""5"":189,""6"":116,""7"":36,""8"":16,""9"":24}","{""10"":11,""11"":66,""12"":18,""13"":4,""14"":11,""15"":10,""16"":2,""17"":1,""18"":5,""19"":9,""20"":2,""21"":14,""22"":11,""23"":1,""24"":21,""25"":18,""26"":1,""27"":3,""28"":4,""29"":4,""3"":338,""31"":1,""32"":1,""37"":1,""4"":92,""41"":1,""5"":137,""6"":36,""7"":21,""8"":111,""9"":45}","{""Diagonal CMA-ES"":{""attempts"":308,""discoveries"":0,""improvements"":1,""insertions"":1,""insertion_rate"":0.003246753246753247},""Immigrant"":{""attempts"":149,""discoveries"":0,""improvements"":0,""insertions"":0,""insertion_rate"":0.0},""Morphology"":{""attempts"":286,""discoveries"":0,""improvements"":15,""insertions"":15,""insertion_rate"":0.05244755244755245},""Novelty"":{""attempts"":257,""discoveries"":0,""improvements"":1,""insertions"":1,""insertion_rate"":0.0038910505836575876}}","{""Morphology"":190,""Novelty"":31}",2,0.9427083333333334,false,8000
38,33,34000,1.037175296,0.03841196499999999,0.035370162,0.001173029,0.001868774,1.141783871,36.162384,11.704288,2315.388675879687,184,0.9583333,52,4.138181812416089,64,0.34782608695652173,"{""10"":9,""11"":9,""12"":1,""3"":64,""4"":22,""5"":36,""6"":20,""7"":6,""8"":5,""9"":12}","{""10"":2,""11"":12,""12"":1,""14"":2,""15"":5,""16"":1,""18"":3,""19"":5,""20"":2,""21"":4,""22"":2,""23"":1,""24"":5,""25"":3,""26"":1,""27"":2,""29"":1,""3"":64,""4"":4,""5"":22,""6"":3,""7"":3,""8"":28,""9"":8}",64,"{""count"":64,""unique_topologies"":64,""topology_entropy_bits"":6.0,""effective_topology_count"":64.0,""triangle_like_count"":0,""triangle_like_fraction"":0.0,""mean_nodes"":7.515625,""mean_muscles"":13.078125,""node_counts"":{""10"":2,""11"":6,""12"":1,""13"":2,""4"":2,""5"":8,""6"":11,""7"":21,""8"":3,""9"":8},""muscle_counts"":{""10"":8,""11"":2,""12"":8,""13"":2,""14"":1,""15"":1,""16"":8,""17"":1,""20"":1,""21"":1,""22"":3,""24"":1,""26"":2,""28"":1,""29"":1,""37"":1,""4"":1,""5"":1,""6"":5,""7"":4,""8"":4,""9"":7}}",135,4.795658105683032,311,0.311,"{""10"":59,""11"":31,""12"":7,""13"":4,""14"":1,""3"":311,""4"":193,""5"":209,""6"":112,""7"":39,""8"":7,""9"":27}","{""10"":12,""11"":53,""12"":16,""13"":2,""14"":6,""15"":7,""16"":10,""17"":2,""18"":13,""19"":24,""21"":14,""22"":13,""24"":11,""25"":21,""26"":6,""27"":4,""28"":2,""29"":3,""3"":311,""30"":3,""32"":2,""4"":87,""47"":1,""5"":134,""6"":48,""7"":19,""8"":126,""9"":50}","{""Diagonal CMA-ES"":{""attempts"":299,""discoveries"":0,""improvements"":1,""insertions"":1,""insertion_rate"":0.0033444816053511705},""Immigrant"":{""attempts"":149,""discoveries"":0,""improvements"":0,""insertions"":0,""insertion_rate"":0.0},""Morphology"":{""attempts"":303,""discoveries"":7,""improvements"":18,""insertions"":25,""insertion_rate"":0.08250825082508251},""Novelty"":{""attempts"":249,""discoveries"":4,""improvements"":2,""insertions"":6,""insertion_rate"":0.024096385542168676}}","{""Morphology"":197,""Novelty"":31}",11,0.9430051813471503,false,9000
38,34,35000,1.072829218,0.035653922,0.033287679,0.001117228,0.001249015,1.180784726,36.162384,12.187364,2352.7398836128414,184,0.9583333,51,4.071580161712461,66,0.358695652173913,"{""10"":11,""11"":8,""12"":2,""3"":66,""4"":23,""5"":34,""6"":18,""7"":7,""8"":4,""9"":11}","{""10"":2,""11"":10,""12"":1,""14"":2,""15"":6,""16"":1,""17"":1,""18"":2,""19"":4,""20"":2,""21"":5,""22"":2,""23"":1,""24"":4,""25"":3,""26"":1,""27"":3,""29"":1,""3"":66,""4"":4,""5"":23,""6"":1,""7"":3,""8"":28,""9"":8}",64,"{""count"":64,""unique_topologies"":64,""topology_entropy_bits"":6.0,""effective_topology_count"":64.0,""triangle_like_count"":0,""triangle_like_fraction"":0.0,""mean_nodes"":7.609375,""mean_muscles"":13.296875,""node_counts"":{""10"":3,""11"":6,""12"":1,""13"":2,""4"":1,""5"":8,""6"":11,""7"":21,""8"":3,""9"":8},""muscle_counts"":{""10"":8,""11"":2,""12"":8,""13"":2,""14"":1,""15"":1,""16"":8,""17"":1,""19"":1,""20"":1,""21"":1,""22"":3,""24"":1,""26"":2,""28"":1,""29"":1,""37"":1,""4"":1,""6"":5,""7"":4,""8"":4,""9"":7}}",135,4.640644637568096,265,0.265,"{""10"":37,""11"":31,""12"":10,""13"":1,""3"":265,""4"":297,""5"":189,""6"":80,""7"":26,""8"":15,""9"":49}","{""10"":9,""11"":50,""12"":9,""13"":1,""14"":10,""15"":10,""16"":8,""17"":5,""18"":40,""19"":9,""20"":2,""21"":5,""22"":4,""24"":11,""25"":15,""26"":6,""27"":6,""29"":8,""3"":265,""30"":5,""32"":2,""4"":103,""5"":231,""6"":41,""7"":20,""8"":100,""9"":25}","{""Diagonal CMA-ES"":{""attempts"":280,""discoveries"":0,""improvements"":0,""insertions"":0,""insertion_rate"":0.0},""Immigrant"":{""attempts"":150,""discoveries"":0,""improvements"":0,""insertions"":0,""insertion_rate"":0.0},""Morphology"":{""attempts"":296,""discoveries"":1,""improvements"":9,""insertions"":10,""insertion_rate"":0.033783783783783786},""Novelty"":{""attempts"":274,""discoveries"":1,""improvements"":1,""insertions"":2,""insertion_rate"":0.0072992700729927005}}","{""Morphology"":208,""Novelty"":23}",4,0.9435897435897436,false,10000
38,35,36000,1.106297367,0.033468148999999996,0.030737411,0.001116041,0.001614697,1.21711421,36.162384,12.271318,2399.737423092127,184,0.9583333,47,3.990582405603811,68,0.3695652173913043,"{""10"":9,""11"":8,""12"":3,""3"":68,""4"":22,""5"":32,""6"":20,""7"":6,""8"":4,""9"":12}","{""10"":2,""11"":13,""14"":3,""15"":5,""16"":1,""17"":1,""18"":2,""19"":3,""20"":2,""21"":4,""22"":2,""23"":1,""24"":4,""25"":3,""26"":1,""27"":3,""29"":1,""3"":68,""32"":1,""4"":4,""5"":22,""6"":1,""7"":3,""8"":26,""9"":8}",64,"{""count"":64,""unique_topologies"":64,""topology_entropy_bits"":6.0,""effective_topology_count"":64.0,""triangle_like_count"":0,""triangle_like_fraction"":0.0,""mean_nodes"":7.53125,""mean_muscles"":13.125,""node_counts"":{""10"":3,""11"":5,""12"":1,""13"":2,""4"":1,""5"":8,""6"":12,""7"":21,""8"":3,""9"":8},""muscle_counts"":{""10"":8,""11"":3,""12"":8,""13"":2,""14"":1,""15"":1,""16"":8,""17"":1,""19"":1,""20"":1,""21"":1,""22"":2,""24"":1,""26"":2,""28"":1,""29"":1,""37"":1,""4"":1,""6"":5,""7"":4,""8"":4,""9"":7}}",138,4.646296746621728,324,0.324,"{""10"":33,""11"":18,""12"":15,""13"":4,""3"":324,""4"":226,""5"":187,""6"":119,""7"":40,""8"":14,""9"":20}","{""10"":12,""11"":59,""12"":17,""13"":5,""14"":12,""15"":9,""16"":8,""17"":3,""18"":4,""19"":13,""20"":1,""21"":12,""22"":5,""23"":1,""24"":2,""25"":9,""26"":7,""27"":14,""28"":1,""3"":324,""30"":3,""32"":2,""33"":1,""4"":114,""5"":156,""6"":34,""7"":26,""8"":91,""9"":55}","{""Diagonal CMA-ES"":{""attempts"":296,""discoveries"":0,""improvements"":2,""insertions"":2,""insertion_rate"":0.006756756756756757},""Immigrant"":{""attempts"":161,""discoveries"":0,""improvements"":0,""insertions"":0,""insertion_rate"":0.0},""Morphology"":{""attempts"":285,""discoveries"":0,""improvements"":10,""insertions"":10,""insertion_rate"":0.03508771929824561},""Novelty"":{""attempts"":258,""discoveries"":1,""improvements"":2,""insertions"":3,""insertion_rate"":0.011627906976744186}}","{""Morphology"":188,""Novelty"":39}",2,0.9390862944162437,false,11000
38,36,37000,1.1456924,0.039395033,0.036905314,0.001069736,0.001419983,1.2594786230000001,36.162384,12.570498,2482.997622638941,184,0.9583333,45,4.026909546601189,65,0.3532608695652174,"{""10"":10,""11"":6,""12"":6,""3"":65,""4"":24,""5"":32,""6"":18,""7"":7,""8"":4,""9"":12}","{""10"":1,""11"":13,""14"":4,""15"":7,""16"":1,""17"":2,""18"":2,""19"":3,""20"":2,""21"":3,""22"":2,""23"":1,""24"":3,""25"":3,""26"":1,""27"":3,""3"":65,""32"":4,""4"":6,""5"":22,""6"":1,""7"":3,""8"":26,""9"":6}",64,"{""count"":64,""unique_topologies"":64,""topology_entropy_bits"":6.0,""effective_topology_count"":64.0,""triangle_like_count"":0,""triangle_like_fraction"":0.0,""mean_nodes"":8.1875,""mean_muscles"":15.390625,""node_counts"":{""10"":6,""11"":6,""12"":1,""13"":6,""4"":1,""5"":6,""6"":10,""7"":17,""8"":4,""9"":7},""muscle_counts"":{""10"":6,""11"":3,""12"":7,""13"":2,""14"":1,""15"":4,""16"":7,""17"":1,""19"":2,""20"":1,""21"":1,""22"":2,""24"":1,""26"":3,""28"":1,""29"":1,""30"":1,""33"":1,""36"":1,""37"":1,""4"":1,""42"":1,""6"":4,""7"":3,""8"":2,""9"":6}}",159,5.007336204876431,261,0.261,"{""10"":71,""11"":28,""12"":95,""13"":19,""3"":261,""4"":194,""5"":163,""6"":68,""7"":29,""8"":15,""9"":57}","{""10"":7,""11"":38,""12"":6,""13"":4,""14"":58,""15"":18,""16"":14,""17"":35,""18"":7,""19"":7,""20"":1,""21"":10,""22"":2,""23"":1,""24"":11,""25"":6,""26"":5,""27"":18,""28"":4,""3"":261,""30"":6,""32"":75,""33"":6,""36"":2,""37"":1,""4"":92,""40"":2,""42"":2,""5"":127,""6"":35,""7"":21,""8"":86,""9"":32}","{""Diagonal CMA-ES"":{""attempts"":286,""discoveries"":0,""improvements"":0,""insertions"":0,""insertion_rate"":0.0},""Immigrant"":{""attempts"":149,""discoveries"":0,""improvements"":0,""insertions"":0,""insertion_rate"":0.0},""Morphology"":{""attempts"":304,""discoveries"":7,""improvements"":16,""insertions"":23,""insertion_rate"":0.0756578947368421},""Novelty"":{""attempts"":261,""discoveries"":4,""improvements"":5,""insertions"":9,""insertion_rate"":0.034482758620689655}}","{""Morphology"":216,""Novelty"":33}",12,0.9375,false,12000
38,37,38000,1.187740998,0.042048598000000006,0.039110087,0.001295319,0.001643192,1.304757801,52.535126,12.93153,2551.0102648139,184,0.9583333,46,4.043062985619811,65,0.3532608695652174,"{""10"":9,""11"":7,""12"":7,""13"":1,""3"":65,""4"":24,""5"":31,""6"":19,""7"":7,""8"":3,""9"":11}","{""10"":1,""11"":13,""14"":4,""15"":7,""16"":2,""17"":3,""18"":2,""19"":3,""20"":2,""21"":1,""22"":2,""23"":1,""24"":3,""25"":2,""26"":1,""27"":4,""3"":65,""30"":1,""32"":4,""4"":6,""5"":22,""6"":1,""7"":3,""8"":25,""9"":6}",64,"{""count"":64,""unique_topologies"":64,""topology_entropy_bits"":6.0,""effective_topology_count"":64.0,""triangle_like_count"":0,""triangle_like_fraction"":0.0,""mean_nodes"":8.328125,""mean_muscles"":15.6875,""node_counts"":{""10"":6,""11"":7,""12"":2,""13"":6,""4"":1,""5"":6,""6"":10,""7"":15,""8"":4,""9"":7},""muscle_counts"":{""10"":6,""11"":3,""12"":5,""13"":2,""14"":1,""15"":4,""16"":7,""17"":2,""19"":2,""20"":1,""21"":1,""22"":2,""24"":1,""26"":3,""28"":3,""29"":1,""33"":1,""36"":1,""37"":1,""4"":1,""42"":1,""6"":4,""7"":3,""8"":2,""9"":6}}",158,4.9005974756060136,308,0.308,"{""10"":32,""11"":31,""12"":37,""13"":17,""14"":10,""3"":308,""4"":223,""5"":171,""6"":98,""7"":32,""8"":14,""9"":27}","{""10"":4,""11"":55,""12"":6,""14"":19,""15"":23,""16"":11,""17"":18,""18"":5,""19"":11,""20"":3,""21"":7,""22"":4,""23"":2,""24"":5,""25"":5,""26"":4,""27"":23,""28"":8,""29"":2,""3"":308,""30"":7,""31"":1,""32"":14,""33"":3,""34"":3,""36"":1,""37"":1,""4"":100,""40"":1,""42"":2,""43"":1,""45"":1,""47"":1,""5"":164,""6"":28,""7"":19,""8"":91,""9"":39}","{""Diagonal CMA-ES"":{""attempts"":308,""discoveries"":0,""improvements"":2,""insertions"":2,""insertion_rate"":0.006493506493506494},""Immigrant"":{""attempts"":121,""discoveries"":0,""improvements"":0,""insertions"":0,""insertion_rate"":0.0},""Morphology"":{""attempts"":321,""discoveries"":2,""improvements"":14,""insertions"":16,""insertion_rate"":0.04984423676012461},""Novelty"":{""attempts"":250,""discoveries"":1,""improvements"":1,""insertions"":2,""insertion_rate"":0.008}}","{""Morphology"":230,""Novelty"":32}",5,0.9339622641509434,true,13000
38,38,39000,1.227449473,0.039708475,0.036614431,0.001118415,0.001975629,1.347534199,52.535126,13.069476,2606.0199959874153,184,0.9583333,46,4.017391340489704,65,0.3532608695652174,"{""10"":9,""11"":7,""12"":6,""13"":2,""3"":65,""4"":24,""5"":31,""6"":19,""7"":7,""8"":3,""9"":11}","{""10"":1,""11"":13,""14"":4,""15"":7,""16"":2,""17"":3,""18"":2,""19"":3,""20"":2,""21"":1,""22"":2,""23"":1,""24"":3,""25"":2,""26"":1,""27"":3,""28"":1,""3"":65,""30"":1,""32"":4,""4"":5,""5"":23,""6"":1,""7"":3,""8"":25,""9"":6}",64,"{""count"":64,""unique_topologies"":64,""topology_entropy_bits"":6.0,""effective_topology_count"":64.0,""triangle_like_count"":0,""triangle_like_fraction"":0.0,""mean_nodes"":8.328125,""mean_muscles"":15.6875,""node_counts"":{""10"":6,""11"":7,""12"":2,""13"":6,""4"":1,""5"":6,""6"":10,""7"":15,""8"":4,""9"":7},""muscle_counts"":{""10"":6,""11"":3,""12"":5,""13"":2,""14"":1,""15"":4,""16"":7,""17"":2,""19"":2,""20"":1,""21"":1,""22"":2,""24"":1,""26"":3,""28"":3,""29"":1,""33"":1,""36"":1,""37"":1,""4"":1,""42"":1,""6"":4,""7"":3,""8"":2,""9"":6}}",150,4.939738669625278,276,0.276,"{""10"":48,""11"":28,""12"":29,""13"":16,""14"":4,""3"":276,""4"":236,""5"":214,""6"":83,""7"":21,""8"":8,""9"":37}","{""10"":1,""11"":48,""12"":9,""14"":15,""15"":10,""16"":14,""17"":24,""18"":12,""19"":17,""20"":11,""21"":3,""22"":7,""23"":2,""24"":2,""25"":6,""26"":2,""27"":20,""28"":10,""29"":2,""3"":276,""30"":3,""31"":2,""32"":10,""33"":1,""34"":1,""36"":1,""4"":117,""47"":1,""5"":153,""6"":35,""7"":24,""8"":127,""9"":34}","{""Diagonal CMA-ES"":{""attempts"":301,""discoveries"":0,""improvements"":1,""insertions"":1,""insertion_rate"":0.0033222591362126247},""Immigrant"":{""attempts"":148,""discoveries"":0,""improvements"":0,""insertions"":0,""insertion_rate"":0.0},""Morphology"":{""attempts"":297,""discoveries"":0,""improvements"":9,""insertions"":9,""insertion_rate"":0.030303030303030304},""Novelty"":{""attempts"":254,""discoveries"":0,""improvements"":2,""insertions"":2,""insertion_rate"":0.007874015748031496}}","{""Morphology"":209,""Novelty"":39}",0,0.9345794392523364,false,1000
38,39,40000,1.265767646,0.038318173,0.035934121,0.001019871,0.001364181,1.388602105,52.535126,13.140175,2662.9709237217903,184,0.9583333,45,3.946193051421466,66,0.358695652173913,"{""10"":11,""11"":6,""12"":6,""13"":3,""3"":66,""4"":24,""5"":35,""6"":15,""7"":6,""8"":3,""9"":9}","{""10"":1,""11"":11,""14"":2,""15"":8,""16"":2,""17"":3,""18"":2,""19"":3,""20"":2,""21"":1,""22"":2,""23"":1,""24"":2,""25"":3,""26"":1,""27"":3,""28"":2,""3"":66,""30"":1,""32"":4,""4"":5,""5"":23,""7"":3,""8"":29,""9"":4}",64,"{""count"":64,""unique_topologies"":64,""topology_entropy_bits"":6.0,""effective_topology_count"":64.0,""triangle_like_count"":0,""triangle_like_fraction"":0.0,""mean_nodes"":8.34375,""mean_muscles"":15.703125,""node_counts"":{""10"":6,""11"":7,""12"":2,""13"":6,""4"":1,""5"":5,""6"":11,""7"":15,""8"":4,""9"":7},""muscle_counts"":{""10"":6,""11"":3,""12"":5,""13"":2,""14"":1,""15"":4,""16"":7,""17"":2,""19"":2,""20"":1,""21"":1,""22"":2,""24"":1,""26"":3,""28"":3,""29"":1,""33"":1,""36"":1,""37"":1,""4"":1,""42"":1,""6"":4,""7"":3,""8"":1,""9"":7}}",128,4.661181060401527,289,0.289,"{""10"":30,""11"":22,""12"":58,""13"":32,""14"":14,""3"":289,""4"":240,""5"":180,""6"":89,""7"":20,""8"":7,""9"":19}","{""10"":1,""11"":64,""12"":6,""14"":15,""15"":18,""16"":10,""17"":11,""18"":1,""19"":8,""20"":3,""21"":1,""22"":3,""23"":1,""24"":4,""25"":10,""26"":3,""27"":10,""28"":23,""29"":8,""3"":289,""31"":4,""32"":48,""33"":4,""35"":2,""36"":1,""37"":1,""4"":102,""40"":2,""42"":1,""47"":1,""5"":160,""6"":27,""7"":19,""8"":116,""9"":23}","{""Diagonal CMA-ES"":{""attempts"":287,""discoveries"":0,""improvements"":1,""insertions"":1,""insertion_rate"":0.003484320557491289},""Immigrant"":{""attempts"":123,""discoveries"":0,""improvements"":0,""insertions"":0,""insertion_rate"":0.0},""Morphology"":{""attempts"":336,""discoveries"":1,""improvements"":13,""insertions"":14,""insertion_rate"":0.041666666666666664},""Novelty"":{""attempts"":254,""discoveries"":0,""improvements"":3,""insertions"":3,""insertion_rate"":0.011811023622047244}}","{""Morphology"":215,""Novelty"":30}",2,0.9380530973451328,false,2000
38,40,41000,1.301593724,0.035826078,0.033041915,0.001113665,0.001670498,1.42719454,52.535126,13.280005,2720.8790244460106,184,0.9583333,45,3.9252093214457418,65,0.3532608695652174,"{""10"":10,""11"":5,""12"":5,""13"":3,""14"":2,""3"":65,""4"":27,""5"":36,""6"":14,""7"":6,""8"":3,""9"":8}","{""10"":1,""11"":10,""14"":1,""15"":8,""16"":2,""17"":2,""18"":2,""19"":3,""20"":2,""21"":1,""22"":2,""23"":1,""24"":2,""25"":3,""26"":1,""27"":2,""28"":2,""29"":1,""3"":65,""30"":1,""32"":3,""33"":1,""4"":5,""5"":26,""7"":3,""8"":30,""9"":4}",64,"{""count"":64,""unique_topologies"":64,""topology_entropy_bits"":6.0,""effective_topology_count"":64.0,""triangle_like_count"":0,""triangle_like_fraction"":0.0,""mean_nodes"":8.34375,""mean_muscles"":15.515625,""node_counts"":{""10"":5,""11"":7,""12"":1,""13"":6,""14"":2,""4"":1,""5"":7,""6"":11,""7"":14,""8"":4,""9"":6},""muscle_counts"":{""10"":3,""11"":2,""12"":7,""13"":2,""14"":1,""15"":4,""16"":9,""17"":2,""19"":2,""20"":1,""22"":2,""23"":1,""24"":1,""26"":1,""28"":2,""29"":1,""33"":1,""36"":2,""37"":1,""4"":1,""42"":1,""6"":4,""7"":4,""8"":2,""9"":7}}",146,4.694171611634752,316,0.316,"{""10"":54,""11"":23,""12"":19,""13"":20,""14"":10,""3"":316,""4"":210,""5"":209,""6"":72,""7"":34,""8"":11,""9"":22}","{""10"":8,""11"":57,""12"":14,""13"":2,""14"":13,""15"":23,""16"":15,""17"":5,""18"":5,""19"":11,""20"":2,""22"":6,""23"":4,""24"":3,""25"":21,""26"":7,""27"":8,""28"":13,""29"":3,""3"":316,""30"":3,""31"":4,""32"":7,""33"":2,""35"":2,""36"":2,""38"":2,""4"":90,""40"":2,""42"":1,""5"":165,""6"":27,""7"":20,""8"":123,""9"":14}","{""Diagonal CMA-ES"":{""attempts"":306,""discoveries"":0,""improvements"":0,""insertions"":0,""insertion_rate"":0.0},""Immigrant"":{""attempts"":150,""discoveries"":0,""improvements"":0,""insertions"":0,""insertion_rate"":0.0},""Morphology"":{""attempts"":300,""discoveries"":15,""improvements"":11,""insertions"":26,""insertion_rate"":0.08666666666666667},""Novelty"":{""attempts"":244,""discoveries"":2,""improvements"":5,""insertions"":7,""insertion_rate"":0.028688524590163935}}","{""Morphology"":188,""Novelty"":26}",20,0.9264069264069265,false,3000
38,41,42000,1.341525407,0.039931682999999996,0.037609369,0.001000874,0.00132144,1.469757228,52.535126,13.280005,2731.1725103259087,184,0.9583333,46,3.949825218255422,65,0.3532608695652174,"{""10"":10,""11"":5,""12"":5,""13"":3,""14"":2,""3"":65,""4"":26,""5"":36,""6"":15,""7"":6,""8"":3,""9"":8}","{""10"":1,""11"":11,""14"":1,""15"":8,""16"":2,""17"":2,""18"":2,""19"":3,""20"":2,""21"":1,""22"":2,""23"":1,""24"":2,""25"":3,""26"":1,""27"":2,""28"":2,""29"":1,""3"":65,""30"":1,""32"":3,""33"":1,""4"":5,""5"":25,""7"":3,""8"":30,""9"":4}",64,"{""count"":64,""unique_topologies"":64,""topology_entropy_bits"":6.0,""effective_topology_count"":64.0,""triangle_like_count"":0,""triangle_like_fraction"":0.0,""mean_nodes"":8.484375,""mean_muscles"":15.78125,""node_counts"":{""10"":3,""11"":9,""12"":1,""13"":6,""14"":3,""4"":1,""5"":7,""6"":11,""7"":13,""8"":4,""9"":6},""muscle_counts"":{""10"":3,""11"":2,""12"":6,""13"":2,""14"":1,""15"":3,""16"":9,""17"":3,""19"":1,""20"":1,""21"":1,""22"":3,""23"":1,""24"":1,""28"":2,""29"":2,""33"":1,""36"":2,""37"":1,""4"":1,""42"":1,""6"":4,""7"":4,""8"":2,""9"":7}}",152,5.06178284472753,258,0.258,"{""10"":47,""11"":16,""12"":36,""13"":26,""14"":21,""15"":5,""3"":258,""4"":225,""5"":209,""6"":97,""7"":30,""8"":13,""9"":17}","{""10"":6,""11"":49,""12"":13,""13"":3,""14"":7,""15"":27,""16"":8,""17"":12,""18"":8,""19"":12,""20"":7,""21"":1,""22"":8,""23"":2,""24"":2,""25"":11,""26"":2,""27"":3,""28"":9,""29"":4,""3"":258,""30"":10,""31"":1,""32"":29,""33"":18,""34"":1,""35"":1,""36"":3,""4"":92,""40"":1,""43"":1,""44"":1,""5"":160,""6"":33,""7"":30,""8"":124,""9"":43}","{""Diagonal CMA-ES"":{""attempts"":269,""discoveries"":0,""improvements"":0,""insertions"":0,""insertion_rate"":0.0},""Immigrant"":{""attempts"":138,""discoveries"":0,""improvements"":0,""insertions"":0,""insertion_rate"":0.0},""Morphology"":{""attempts"":295,""discoveries"":5,""improvements"":2,""insertions"":7,""insertion_rate"":0.023728813559322035},""Novelty"":{""attempts"":298,""discoveries"":0,""improvements"":3,""insertions"":3,""insertion_rate"":0.010067114093959731}}","{""Morphology"":207,""Novelty"":45}",6,0.9264069264069265,false,4000
38,42,43000,1.37687895,0.035353542999999994,0.03300511,0.000977129,0.001371304,1.5074045900000002,52.535126,13.749815,2810.090002477169,184,0.9583333,46,3.9802138524454524,64,0.34782608695652173,"{""10"":11,""11"":6,""12"":4,""13"":3,""14"":2,""3"":64,""4"":26,""5"":35,""6"":17,""7"":6,""8"":3,""9"":7}","{""10"":1,""11"":13,""15"":8,""16"":2,""17"":3,""18"":2,""19"":3,""20"":2,""21"":1,""22"":3,""23"":1,""24"":2,""25"":3,""26"":1,""27"":2,""28"":2,""29"":1,""3"":64,""30"":1,""32"":2,""33"":1,""4"":5,""5"":25,""7"":2,""8"":30,""9"":4}",64,"{""count"":64,""unique_topologies"":64,""topology_entropy_bits"":6.0,""effective_topology_count"":64.0,""triangle_like_count"":0,""triangle_like_fraction"":0.0,""mean_nodes"":8.53125,""mean_muscles"":15.71875,""node_counts"":{""10"":2,""11"":9,""12"":2,""13"":5,""14"":4,""4"":1,""5"":7,""6"":11,""7"":13,""8"":4,""9"":6},""muscle_counts"":{""10"":3,""11"":1,""12"":6,""13"":2,""15"":3,""16"":9,""17"":4,""19"":1,""20"":1,""21"":1,""22"":3,""23"":1,""24"":1,""28"":2,""29"":2,""31"":1,""33"":1,""36"":2,""4"":1,""42"":1,""6"":4,""7"":3,""8"":3,""9"":8}}",140,4.853625643611269,302,0.302,"{""10"":59,""11"":20,""12"":18,""13"":14,""14"":15,""15"":6,""3"":302,""4"":220,""5"":208,""6"":91,""7"":19,""8"":9,""9"":19}","{""10"":1,""11"":58,""12"":7,""13"":1,""14"":6,""15"":28,""16"":10,""17"":16,""18"":6,""19"":17,""20"":4,""21"":2,""22"":11,""23"":1,""25"":10,""26"":6,""27"":1,""28"":8,""29"":11,""3"":302,""30"":5,""31"":3,""32"":11,""33"":4,""34"":2,""37"":2,""38"":1,""4"":78,""40"":1,""5"":172,""6"":37,""7"":25,""8"":120,""9"":33}","{""Diagonal CMA-ES"":{""attempts"":284,""discoveries"":0,""improvements"":0,""insertions"":0,""insertion_rate"":0.0},""Immigrant"":{""attempts"":134,""discoveries"":0,""improvements"":0,""insertions"":0,""insertion_rate"":0.0},""Morphology"":{""attempts"":324,""discoveries"":6,""improvements"":9,""insertions"":15,""insertion_rate"":0.046296296296296294},""Novelty"":{""attempts"":258,""discoveries"":0,""improvements"":4,""insertions"":4,""insertion_rate"":0.015503875968992248}}","{""Morphology"":218,""Novelty"":22}",6,0.9227467811158798,false,5000
38,43,44000,1.415321788,0.038442838,0.034834703,0.002278385,0.00132975,1.549005584,52.535126,13.910864,2869.0655264258385,184,0.9583333,45,3.976881363031937,64,0.34782608695652173,"{""10"":11,""11"":6,""12"":4,""13"":3,""14"":2,""3"":64,""4"":25,""5"":35,""6"":18,""7"":6,""8"":3,""9"":7}","{""10"":1,""11"":13,""15"":8,""16"":1,""17"":4,""18"":2,""19"":3,""20"":2,""21"":1,""22"":3,""23"":1,""24"":2,""25"":3,""26"":1,""27"":2,""28"":2,""29"":1,""3"":64,""30"":1,""31"":1,""32"":2,""4"":5,""5"":24,""7"":2,""8"":30,""9"":5}",64,"{""count"":64,""unique_topologies"":64,""topology_entropy_bits"":6.0,""effective_topology_count"":64.0,""triangle_like_count"":0,""triangle_like_fraction"":0.0,""mean_nodes"":8.296875,""mean_muscles"":15.171875,""node_counts"":{""10"":2,""11"":8,""12"":2,""13"":4,""14"":4,""4"":1,""5"":9,""6"":11,""7"":14,""8"":3,""9"":6},""muscle_counts"":{""10"":3,""11"":2,""12"":5,""13"":2,""15"":3,""16"":9,""17"":3,""19"":1,""20"":1,""21"":1,""22"":3,""23"":1,""24"":1,""28"":1,""29"":3,""33"":1,""36"":2,""4"":1,""42"":1,""6"":5,""7"":4,""8"":3,""9"":8}}",145,4.821841697173489,272,0.272,"{""10"":35,""11"":22,""12"":12,""13"":18,""14"":18,""15"":8,""3"":272,""4"":281,""5"":184,""6"":92,""7"":32,""8"":10,""9"":16}","{""10"":5,""11"":58,""12"":8,""14"":5,""15"":24,""16"":13,""17"":16,""18"":6,""19"":11,""20"":5,""21"":1,""22"":10,""23"":4,""24"":2,""25"":9,""26"":3,""28"":14,""29"":3,""3"":272,""30"":3,""31"":3,""32"":4,""33"":10,""34"":2,""36"":4,""38"":1,""4"":106,""41"":1,""43"":1,""5"":204,""6"":29,""7"":19,""8"":113,""9"":31}","{""Diagonal CMA-ES"":{""attempts"":320,""discoveries"":0,""improvements"":1,""insertions"":1,""insertion_rate"":0.003125},""Immigrant"":{""attempts"":133,""discoveries"":0,""improvements"":0,""insertions"":0,""insertion_rate"":0.0},""Morphology"":{""attempts"":290,""discoveries"":4,""improvements"":11,""insertions"":15,""insertion_rate"":0.05172413793103448},""Novelty"":{""attempts"":257,""discoveries"":0,""improvements"":1,""insertions"":1,""insertion_rate"":0.0038910505836575876}}","{""Morphology"":202,""Novelty"":25}",5,0.9209486166007905,false,6000
38,44,45000,1.452016953,0.036695165,0.033888443,0.001143347,0.001663375,1.58833413,52.535126,13.923066,2950.1242794394493,184,0.9583333,46,3.946102396508692,65,0.3532608695652174,"{""10"":10,""11"":7,""12"":3,""13"":3,""14"":2,""15"":2,""3"":65,""4"":22,""5"":37,""6"":19,""7"":4,""8"":4,""9"":6}","{""11"":14,""15"":7,""16"":1,""17"":5,""18"":2,""19"":3,""20"":1,""21"":1,""22"":3,""23"":1,""24"":2,""25"":3,""26"":1,""27"":2,""28"":2,""29"":1,""3"":65,""30"":1,""31"":1,""32"":2,""34"":1,""4"":3,""5"":23,""7"":2,""8"":32,""9"":5}",64,"{""count"":64,""unique_topologies"":64,""topology_entropy_bits"":6.0,""effective_topology_count"":64.0,""triangle_like_count"":0,""triangle_like_fraction"":0.0,""mean_nodes"":8.296875,""mean_muscles"":15.171875,""node_counts"":{""10"":2,""11"":8,""12"":2,""13"":4,""14"":4,""4"":1,""5"":9,""6"":11,""7"":14,""8"":3,""9"":6},""muscle_counts"":{""10"":3,""11"":2,""12"":5,""13"":2,""15"":3,""16"":9,""17"":3,""19"":1,""20"":1,""21"":1,""22"":3,""23"":1,""24"":1,""28"":1,""29"":3,""33"":1,""36"":2,""4"":1,""42"":1,""6"":5,""7"":4,""8"":3,""9"":8}}",147,4.884337389607607,300,0.3,"{""10"":37,""11"":29,""12"":11,""13"":12,""14"":20,""15"":13,""3"":300,""4"":216,""5"":198,""6"":112,""7"":23,""8"":14,""9"":15}","{""11"":71,""12"":13,""13"":2,""14"":4,""15"":8,""16"":12,""17"":21,""18"":6,""19"":16,""20"":6,""22"":12,""23"":2,""24"":2,""25"":10,""26"":4,""28"":11,""29"":2,""3"":300,""30"":4,""31"":17,""32"":12,""33"":1,""34"":2,""4"":92,""40"":1,""41"":1,""5"":159,""6"":35,""7"":24,""8"":111,""9"":39}","{""Diagonal CMA-ES"":{""attempts"":300,""discoveries"":0,""improvements"":0,""insertions"":0,""insertion_rate"":0.0},""Immigrant"":{""attempts"":154,""discoveries"":0,""improvements"":0,""insertions"":0,""insertion_rate"":0.0},""Morphology"":{""attempts"":293,""discoveries"":0,""improvements"":13,""insertions"":13,""insertion_rate"":0.04436860068259386},""Novelty"":{""attempts"":253,""discoveries"":0,""improvements"":1,""insertions"":1,""insertion_rate"":0.003952569169960474}}","{""Morphology"":195,""Novelty"":34}",3,0.9227799227799228,false,7000
38,45,46000,1.490354123,0.038337170000000004,0.035446151,0.001123164,0.001767855,1.629353358,52.535126,14.087832,3016.0759920477867,184,0.9583333,49,4.023102984018052,64,0.34782608695652173,"{""10"":11,""11"":7,""12"":2,""13"":3,""14"":2,""15"":3,""3"":64,""4"":22,""5"":35,""6"":20,""7"":5,""8"":4,""9"":6}","{""11"":16,""12"":1,""15"":8,""16"":1,""17"":5,""18"":2,""19"":3,""20"":1,""21"":1,""22"":4,""23"":1,""24"":1,""25"":3,""26"":1,""27"":1,""28"":2,""29"":1,""3"":64,""30"":2,""31"":1,""32"":2,""34"":1,""4"":3,""5"":23,""7"":2,""8"":30,""9"":4}",64,"{""count"":64,""unique_topologies"":64,""topology_entropy_bits"":6.0,""effective_topology_count"":64.0,""triangle_like_count"":0,""triangle_like_fraction"":0.0,""mean_nodes"":8.296875,""mean_muscles"":15.171875,""node_counts"":{""10"":2,""11"":8,""12"":2,""13"":4,""14"":4,""4"":1,""5"":9,""6"":11,""7"":14,""8"":3,""9"":6},""muscle_counts"":{""10"":3,""11"":2,""12"":5,""13"":2,""15"":3,""16"":9,""17"":3,""19"":1,""20"":1,""21"":1,""22"":3,""23"":1,""24"":1,""28"":1,""29"":3,""33"":1,""36"":2,""4"":1,""42"":1,""6"":5,""7"":4,""8"":3,""9"":8}}",155,4.97423293306096,274,0.274,"{""10"":41,""11"":33,""12"":12,""13"":16,""14"":14,""15"":8,""3"":274,""4"":208,""5"":180,""6"":114,""7"":29,""8"":44,""9"":27}","{""10"":4,""11"":82,""12"":20,""13"":3,""14"":7,""15"":20,""16"":5,""17"":19,""18"":11,""19"":46,""20"":9,""21"":1,""22"":8,""23"":13,""24"":2,""25"":11,""26"":3,""27"":4,""28"":8,""29"":4,""3"":274,""30"":9,""31"":10,""32"":4,""34"":2,""37"":2,""4"":81,""40"":1,""42"":1,""5"":163,""6"":26,""7"":20,""8"":101,""9"":26}","{""Diagonal CMA-ES"":{""attempts"":299,""discoveries"":0,""improvements"":0,""insertions"":0,""insertion_rate"":0.0},""Immigrant"":{""attempts"":144,""discoveries"":0,""improvements"":0,""insertions"":0,""insertion_rate"":0.0},""Morphology"":{""attempts"":315,""discoveries"":0,""improvements"":11,""insertions"":11,""insertion_rate"":0.03492063492063492},""Novelty"":{""attempts"":242,""discoveries"":0,""improvements"":2,""insertions"":2,""insertion_rate"":0.008264462809917356}}","{""Morphology"":213,""Novelty"":26}",3,0.9245283018867925,false,8000
38,46,47000,1.529908252,0.039554129,0.036471958,0.001314316,0.001767855,1.672535804,52.535126,14.643477,3064.244958460331,184,0.9583333,48,4.02378574761121,62,0.33695652173913043,"{""10"":10,""11"":8,""12"":2,""13"":2,""14"":2,""15"":4,""3"":62,""4"":22,""5"":35,""6"":21,""7"":6,""8"":4,""9"":6}","{""11"":18,""12"":2,""15"":8,""16"":1,""17"":5,""18"":2,""19"":3,""20"":1,""21"":1,""22"":4,""23"":1,""24"":1,""25"":3,""26"":1,""27"":1,""28"":2,""29"":1,""3"":62,""30"":1,""31"":1,""32"":2,""34"":2,""4"":3,""5"":23,""7"":1,""8"":30,""9"":4}",64,"{""count"":64,""unique_topologies"":64,""topology_entropy_bits"":6.0,""effective_topology_count"":64.0,""triangle_like_count"":0,""triangle_like_fraction"":0.0,""mean_nodes"":8.3125,""mean_muscles"":15.21875,""node_counts"":{""10"":2,""11"":8,""12"":2,""13"":4,""14"":4,""4"":1,""5"":9,""6"":10,""7"":15,""8"":3,""9"":6},""muscle_counts"":{""10"":3,""11"":1,""12"":5,""13"":2,""14"":1,""15"":3,""16"":9,""17"":3,""19"":1,""20"":1,""21"":1,""22"":3,""23"":1,""24"":1,""28"":1,""29"":3,""33"":1,""36"":2,""4"":1,""42"":1,""6"":5,""7"":4,""8"":3,""9"":8}}",151,5.114558198274507,264,0.264,"{""10"":29,""11"":33,""12"":14,""13"":11,""14"":12,""15"":18,""16"":1,""3"":264,""4"":178,""5"":193,""6"":149,""7"":56,""8"":21,""9"":21}","{""10"":4,""11"":99,""12"":30,""13"":3,""14"":12,""15"":14,""16"":10,""17"":18,""18"":4,""19"":20,""20"":7,""21"":2,""22"":16,""23"":3,""24"":2,""25"":11,""26"":5,""27"":2,""28"":8,""29"":1,""3"":264,""30"":6,""31"":12,""32"":19,""33"":1,""34"":2,""4"":70,""40"":1,""5"":155,""6"":29,""7"":27,""8"":101,""9"":42}","{""Diagonal CMA-ES"":{""attempts"":283,""discoveries"":0,""improvements"":0,""insertions"":0,""insertion_rate"":0.0},""Immigrant"":{""attempts"":154,""discoveries"":0,""improvements"":0,""insertions"":0,""insertion_rate"":0.0},""Morphology"":{""attempts"":303,""discoveries"":1,""improvements"":11,""insertions"":12,""insertion_rate"":0.039603960396039604},""Novelty"":{""attempts"":260,""discoveries"":0,""improvements"":0,""insertions"":0,""insertion_rate"":0.0}}","{""Morphology"":200,""Novelty"":40}",3,0.9259259259259259,false,9000
38,47,48000,1.567337156,0.037428904,0.033916938,0.001201525,0.002310441,1.713321139,54.147858,16.503973,3181.2821870446205,184,0.9583333,47,3.9520542550776945,61,0.33152173913043476,"{""10"":10,""11"":7,""12"":2,""13"":1,""14"":2,""15"":6,""3"":61,""4"":22,""5"":37,""6"":21,""7"":6,""8"":4,""9"":5}","{""11"":18,""12"":2,""15"":8,""16"":1,""17"":5,""18"":1,""19"":3,""20"":1,""21"":1,""22"":3,""23"":1,""24"":1,""25"":3,""26"":1,""27"":1,""28"":1,""29"":1,""3"":61,""30"":2,""31"":1,""32"":2,""34"":3,""4"":3,""5"":23,""8"":33,""9"":4}",64,"{""count"":64,""unique_topologies"":64,""topology_entropy_bits"":6.0,""effective_topology_count"":64.0,""triangle_like_count"":0,""triangle_like_fraction"":0.0,""mean_nodes"":8.3125,""mean_muscles"":15.21875,""node_counts"":{""10"":2,""11"":8,""12"":2,""13"":4,""14"":4,""4"":1,""5"":9,""6"":10,""7"":15,""8"":3,""9"":6},""muscle_counts"":{""10"":3,""11"":1,""12"":5,""13"":2,""14"":1,""15"":3,""16"":9,""17"":3,""19"":1,""20"":1,""21"":1,""22"":3,""23"":1,""24"":1,""28"":1,""29"":3,""33"":1,""36"":2,""4"":1,""42"":1,""6"":5,""7"":4,""8"":3,""9"":8}}",145,5.010089900859114,259,0.259,"{""10"":26,""11"":36,""12"":21,""13"":5,""14"":15,""15"":20,""16"":3,""3"":259,""4"":222,""5"":180,""6"":135,""7"":52,""8"":16,""9"":10}","{""10"":1,""11"":104,""12"":28,""13"":2,""14"":11,""15"":21,""16"":7,""17"":31,""18"":4,""19"":11,""20"":3,""21"":2,""22"":8,""23"":3,""24"":2,""25"":9,""26"":2,""27"":1,""28"":5,""29"":4,""3"":259,""30"":3,""31"":14,""32"":18,""34"":10,""35"":2,""37"":1,""4"":92,""40"":1,""5"":166,""6"":33,""7"":11,""8"":102,""9"":29}","{""Diagonal CMA-ES"":{""attempts"":287,""discoveries"":0,""improvements"":0,""insertions"":0,""insertion_rate"":0.0},""Immigrant"":{""attempts"":166,""discoveries"":0,""improvements"":0,""insertions"":0,""insertion_rate"":0.0},""Morphology"":{""attempts"":318,""discoveries"":0,""improvements"":19,""insertions"":19,""insertion_rate"":0.059748427672955975},""Novelty"":{""attempts"":229,""discoveries"":0,""improvements"":2,""insertions"":2,""insertion_rate"":0.008733624454148471}}","{""Morphology"":202,""Novelty"":26}",2,0.9267399267399268,true,10000
38,48,49000,1.608312455,0.040975299,0.038390597,0.001019871,0.001564831,1.757226637,54.147858,16.503973,3219.8145347237587,184,0.9583333,47,3.9520542550776954,61,0.33152173913043476,"{""10"":9,""11"":7,""12"":3,""13"":1,""14"":1,""15"":7,""3"":61,""4"":22,""5"":37,""6"":21,""7"":6,""8"":4,""9"":5}","{""11"":18,""12"":2,""15"":8,""16"":1,""17"":5,""18"":1,""19"":3,""20"":1,""21"":1,""22"":2,""23"":2,""24"":1,""25"":3,""26"":1,""27"":1,""28"":1,""29"":1,""3"":61,""30"":2,""32"":2,""34"":4,""4"":3,""5"":23,""8"":33,""9"":4}",64,"{""count"":64,""unique_topologies"":64,""topology_entropy_bits"":6.0,""effective_topology_count"":64.0,""triangle_like_count"":0,""triangle_like_fraction"":0.0,""mean_nodes"":8.96875,""mean_muscles"":16.71875,""node_counts"":{""10"":1,""11"":7,""12"":6,""13"":5,""14"":5,""15"":1,""16"":1,""4"":1,""5"":8,""6"":9,""7"":13,""8"":3,""9"":4},""muscle_counts"":{""10"":3,""11"":1,""12"":4,""13"":2,""14"":1,""15"":4,""16"":5,""17"":3,""18"":2,""19"":3,""20"":1,""21"":1,""22"":2,""23"":1,""24"":1,""28"":1,""29"":3,""30"":1,""31"":1,""32"":1,""33"":1,""35"":1,""36"":2,""4"":1,""42"":1,""6"":4,""7"":4,""8"":2,""9"":7}}",153,4.9162062720519915,280,0.28,"{""10"":18,""11"":25,""12"":13,""13"":5,""14"":9,""15"":33,""16"":14,""3"":280,""4"":177,""5"":166,""6"":170,""7"":67,""8"":8,""9"":15}","{""10"":3,""11"":132,""12"":33,""13"":2,""14"":11,""15"":17,""16"":11,""17"":14,""18"":9,""19"":11,""20"":3,""21"":1,""22"":6,""23"":4,""24"":1,""25"":7,""26"":10,""27"":2,""28"":3,""29"":2,""3"":280,""30"":6,""31"":8,""32"":4,""34"":24,""35"":9,""37"":2,""4"":83,""43"":1,""46"":1,""5"":123,""6"":27,""7"":10,""8"":103,""9"":37}","{""Diagonal CMA-ES"":{""attempts"":283,""discoveries"":0,""improvements"":1,""insertions"":1,""insertion_rate"":0.0035335689045936395},""Immigrant"":{""attempts"":149,""discoveries"":0,""improvements"":0,""insertions"":0,""insertion_rate"":0.0},""Morphology"":{""attempts"":305,""discoveries"":9,""improvements"":11,""insertions"":20,""insertion_rate"":0.06557377049180328},""Novelty"":{""attempts"":263,""discoveries"":0,""improvements"":0,""insertions"":0,""insertion_rate"":0.0}}","{""Morphology"":212,""Novelty"":26}",10,0.927536231884058,false,1000
38,49,50000,1.67266761,0.064355155,0.061130511,0.001218146,0.002006498,1.824756571,54.147858,16.876158,3297.509455859661,184,0.9583333,49,3.9703678086076586,62,0.33695652173913043,"{""10"":8,""11"":7,""12"":4,""13"":1,""14"":1,""15"":7,""16"":1,""3"":62,""4"":19,""5"":37,""6"":21,""7"":7,""8"":4,""9"":5}","{""11"":18,""12"":2,""14"":1,""15"":7,""16"":1,""17"":5,""18"":1,""19"":4,""20"":1,""21"":1,""22"":2,""23"":2,""24"":1,""25"":3,""26"":1,""27"":1,""28"":1,""29"":1,""3"":62,""30"":2,""32"":2,""34"":4,""37"":1,""4"":3,""5"":20,""8"":33,""9"":4}",64,"{""count"":64,""unique_topologies"":64,""topology_entropy_bits"":6.0,""effective_topology_count"":64.0,""triangle_like_count"":0,""triangle_like_fraction"":0.0,""mean_nodes"":8.96875,""mean_muscles"":16.65625,""node_counts"":{""10"":1,""11"":7,""12"":6,""13"":5,""14"":5,""15"":1,""16"":1,""4"":1,""5"":8,""6"":9,""7"":13,""8"":3,""9"":4},""muscle_counts"":{""10"":4,""11"":1,""12"":4,""13"":2,""15"":4,""16"":5,""17"":3,""18"":2,""19"":3,""20"":1,""21"":1,""22"":2,""23"":1,""24"":1,""28"":1,""29"":3,""30"":1,""31"":1,""32"":1,""33"":1,""35"":1,""36"":2,""4"":1,""42"":1,""6"":4,""7"":4,""8"":2,""9"":7}}",161,5.102843641084022,277,0.277,"{""10"":24,""11"":24,""12"":32,""13"":15,""14"":9,""15"":32,""16"":18,""17"":4,""3"":277,""4"":175,""5"":157,""6"":157,""7"":51,""8"":11,""9"":14}","{""10"":5,""11"":118,""12"":33,""13"":2,""14"":3,""15"":13,""16"":9,""17"":20,""18"":9,""19"":16,""20"":5,""21"":4,""22"":5,""23"":4,""25"":15,""26"":5,""28"":4,""29"":3,""3"":277,""30"":7,""31"":5,""32"":21,""33"":5,""34"":22,""35"":7,""36"":1,""37"":4,""38"":1,""39"":1,""4"":69,""42"":2,""45"":1,""46"":2,""47"":1,""5"":133,""6"":33,""7"":10,""8"":89,""9"":36}","{""Diagonal CMA-ES"":{""attempts"":293,""discoveries"":0,""improvements"":1,""insertions"":1,""insertion_rate"":0.0034129692832764505},""Immigrant"":{""attempts"":138,""discoveries"":0,""improvements"":0,""insertions"":0,""insertion_rate"":0.0},""Morphology"":{""attempts"":312,""discoveries"":1,""improvements"":13,""insertions"":14,""insertion_rate"":0.04487179487179487},""Novelty"":{""attempts"":257,""discoveries"":0,""improvements"":0,""insertions"":0,""insertion_rate"":0.0}}","{""Morphology"":202,""Novelty"":27}",2,0.9283154121863799,false,2000
38,50,51000,1.734628027,0.061960417,0.059078897,0.001018683,0.001862837,1.88965906,54.147858,16.924137,3350.494873225689,185,0.9635417,49,3.976479240450506,61,0.32972972972972975,"{""10"":8,""11"":7,""12"":5,""13"":1,""14"":1,""15"":7,""16"":1,""3"":61,""4"":19,""5"":38,""6"":22,""7"":6,""8"":4,""9"":5}","{""11"":19,""12"":1,""14"":1,""15"":7,""16"":1,""17"":5,""18"":1,""19"":5,""20"":1,""21"":1,""22"":2,""23"":2,""24"":1,""25"":3,""26"":1,""27"":1,""28"":1,""29"":1,""3"":61,""30"":2,""32"":2,""34"":4,""37"":1,""4"":3,""5"":20,""8"":34,""9"":4}",64,"{""count"":64,""unique_topologies"":64,""topology_entropy_bits"":6.0,""effective_topology_count"":64.0,""triangle_like_count"":0,""triangle_like_fraction"":0.0,""mean_nodes"":9.0,""mean_muscles"":16.640625,""node_counts"":{""10"":1,""11"":6,""12"":6,""13"":6,""14"":5,""15"":1,""16"":1,""4"":1,""5"":8,""6"":9,""7"":13,""8"":3,""9"":4},""muscle_counts"":{""10"":4,""11"":1,""12"":4,""13"":2,""15"":4,""16"":5,""17"":3,""18"":2,""19"":3,""20"":2,""22"":2,""23"":1,""24"":1,""28"":1,""29"":3,""30"":1,""31"":1,""32"":1,""33"":1,""35"":1,""36"":2,""4"":1,""42"":1,""6"":4,""7"":4,""8"":2,""9"":7}}",163,5.076393581376452,233,0.233,"{""10"":21,""11"":24,""12"":25,""13"":11,""14"":6,""15"":46,""16"":16,""17"":3,""3"":233,""4"":187,""5"":183,""6"":165,""7"":55,""8"":14,""9"":11}","{""10"":4,""11"":138,""12"":26,""13"":2,""14"":18,""15"":10,""16"":8,""17"":12,""18"":8,""19"":15,""20"":10,""21"":2,""22"":5,""23"":8,""24"":1,""25"":12,""26"":5,""27"":1,""29"":5,""3"":233,""30"":4,""31"":5,""32"":7,""33"":6,""34"":37,""35"":5,""36"":1,""37"":6,""38"":2,""4"":101,""41"":1,""44"":1,""5"":121,""6"":26,""7"":16,""8"":112,""9"":26}","{""Diagonal CMA-ES"":{""attempts"":293,""discoveries"":0,""improvements"":0,""insertions"":0,""insertion_rate"":0.0},""Immigrant"":{""attempts"":162,""discoveries"":0,""improvements"":0,""insertions"":0,""insertion_rate"":0.0},""Morphology"":{""attempts"":319,""discoveries"":2,""improvements"":8,""insertions"":10,""insertion_rate"":0.03134796238244514},""Novelty"":{""attempts"":226,""discoveries"":0,""improvements"":1,""insertions"":1,""insertion_rate"":0.004424778761061947}}","{""Morphology"":208,""Novelty"":37}",1,0.9288256227758007,false,3000
38,51,52000,1.7730150630000001,0.038387036,0.03508047,0.001235955,0.002070611,1.931347912,54.147858,17.328424,3440.0850598216057,185,0.9635417,50,3.987638488159502,60,0.32432432432432434,"{""10"":8,""11"":7,""12"":3,""13"":1,""15"":8,""16"":3,""3"":60,""4"":16,""5"":38,""6"":24,""7"":8,""8"":4,""9"":5}","{""10"":1,""11"":21,""12"":2,""14"":1,""15"":7,""16"":1,""17"":5,""18"":1,""19"":5,""20"":1,""21"":1,""22"":2,""23"":2,""24"":1,""25"":3,""26"":1,""28"":1,""3"":60,""30"":2,""32"":1,""34"":5,""35"":2,""37"":1,""4"":1,""5"":19,""8"":34,""9"":4}",64,"{""count"":64,""unique_topologies"":64,""topology_entropy_bits"":6.0,""effective_topology_count"":64.0,""triangle_like_count"":0,""triangle_like_fraction"":0.0,""mean_nodes"":9.03125,""mean_muscles"":16.21875,""node_counts"":{""11"":5,""12"":7,""13"":5,""14"":6,""15"":1,""16"":2,""4"":2,""5"":7,""6"":11,""7"":13,""8"":2,""9"":3},""muscle_counts"":{""10"":3,""11"":1,""12"":3,""13"":1,""15"":5,""16"":5,""17"":2,""18"":2,""19"":3,""20"":3,""21"":2,""22"":2,""23"":1,""24"":2,""29"":2,""31"":1,""32"":1,""33"":1,""35"":1,""36"":2,""37"":1,""4"":2,""6"":3,""7"":4,""8"":2,""9"":9}}",152,5.031004602499774,195,0.195,"{""10"":10,""11"":24,""12"":87,""13"":16,""14"":31,""15"":34,""16"":10,""3"":195,""4"":160,""5"":214,""6"":144,""7"":57,""8"":9,""9"":9}","{""10"":5,""11"":108,""12"":22,""13"":2,""14"":15,""15"":19,""16"":3,""17"":18,""18"":4,""19"":79,""20"":11,""21"":5,""22"":4,""23"":6,""24"":1,""25"":8,""26"":7,""27"":2,""28"":1,""29"":27,""3"":195,""30"":5,""32"":4,""33"":1,""34"":28,""35"":6,""37"":2,""4"":74,""43"":2,""5"":118,""6"":32,""7"":13,""8"":141,""9"":32}","{""Diagonal CMA-ES"":{""attempts"":289,""discoveries"":0,""improvements"":0,""insertions"":0,""insertion_rate"":0.0},""Immigrant"":{""attempts"":137,""discoveries"":0,""improvements"":0,""insertions"":0,""insertion_rate"":0.0},""Morphology"":{""attempts"":323,""discoveries"":12,""improvements"":17,""insertions"":29,""insertion_rate"":0.08978328173374613},""Novelty"":{""attempts"":251,""discoveries"":0,""improvements"":1,""insertions"":1,""insertion_rate"":0.00398406374501992}}","{""Morphology"":215,""Novelty"":18}",15,0.9278350515463918,false,4000
38,52,53000,1.836228057,0.063212994,0.059927799,0.00123833,0.002046865,1.9979387100000001,54.147858,17.703342,3498.3629272580147,185,0.9635417,52,4.0317081931368985,58,0.31351351351351353,"{""10"":8,""11"":6,""12"":3,""13"":3,""15"":8,""16"":3,""3"":58,""4"":15,""5"":38,""6"":27,""7"":8,""8"":3,""9"":5}","{""10"":1,""11"":24,""12"":2,""14"":1,""15"":6,""16"":1,""17"":4,""18"":1,""19"":5,""20"":2,""21"":1,""22"":2,""23"":2,""24"":1,""25"":3,""26"":2,""28"":1,""3"":58,""30"":2,""32"":1,""34"":5,""35"":2,""37"":1,""4"":1,""5"":18,""8"":34,""9"":4}",64,"{""count"":64,""unique_topologies"":64,""topology_entropy_bits"":6.0,""effective_topology_count"":64.0,""triangle_like_count"":0,""triangle_like_fraction"":0.0,""mean_nodes"":9.234375,""mean_muscles"":16.703125,""node_counts"":{""11"":4,""12"":5,""13"":4,""14"":5,""15"":3,""16"":4,""4"":1,""5"":7,""6"":10,""7"":14,""8"":4,""9"":3},""muscle_counts"":{""10"":3,""11"":1,""12"":4,""13"":1,""15"":5,""16"":5,""17"":3,""18"":1,""19"":3,""20"":2,""21"":2,""22"":3,""23"":3,""24"":1,""29"":1,""31"":1,""33"":1,""35"":3,""36"":2,""37"":1,""4"":1,""6"":3,""7"":4,""8"":2,""9"":8}}",160,5.217300797876536,215,0.215,"{""10"":14,""11"":31,""12"":23,""13"":10,""14"":4,""15"":50,""16"":18,""17"":2,""3"":215,""4"":140,""5"":150,""6"":237,""7"":86,""8"":12,""9"":8}","{""10"":1,""11"":198,""12"":33,""14"":23,""15"":33,""16"":9,""17"":24,""18"":4,""19"":17,""20"":7,""21"":1,""22"":5,""23"":10,""24"":3,""25"":6,""26"":6,""27"":4,""29"":3,""3"":215,""30"":3,""31"":1,""32"":5,""34"":42,""35"":10,""37"":6,""38"":1,""4"":64,""40"":1,""44"":1,""5"":115,""6"":29,""7"":13,""8"":72,""9"":35}","{""Diagonal CMA-ES"":{""attempts"":294,""discoveries"":0,""improvements"":1,""insertions"":1,""insertion_rate"":0.003401360544217687},""Immigrant"":{""attempts"":152,""discoveries"":0,""improvements"":0,""insertions"":0,""insertion_rate"":0.0},""Morphology"":{""attempts"":301,""discoveries"":8,""improvements"":15,""insertions"":23,""insertion_rate"":0.07641196013289037},""Novelty"":{""attempts"":253,""discoveries"":0,""improvements"":0,""insertions"":0,""insertion_rate"":0.0}}","{""Morphology"":211,""Novelty"":36}",9,0.9283276450511946,false,5000
38,53,54000,1.899754492,0.063526435,0.060510752,0.001202711,0.001812972,2.064326482,54.147858,17.703342,3541.5187304615974,185,0.9635417,52,4.030213992454891,56,0.3027027027027027,"{""10"":7,""11"":5,""12"":2,""13"":3,""15"":7,""16"":8,""3"":56,""4"":15,""5"":39,""6"":28,""7"":8,""8"":2,""9"":5}","{""10"":1,""11"":24,""12"":2,""14"":1,""15"":6,""16"":1,""17"":1,""18"":1,""19"":4,""20"":3,""21"":1,""22"":2,""23"":3,""24"":2,""25"":4,""26"":3,""3"":56,""30"":1,""32"":1,""34"":4,""35"":4,""37"":2,""4"":1,""5"":18,""8"":35,""9"":4}",64,"{""count"":64,""unique_topologies"":64,""topology_entropy_bits"":6.0,""effective_topology_count"":64.0,""triangle_like_count"":0,""triangle_like_fraction"":0.0,""mean_nodes"":9.3125,""mean_muscles"":16.9375,""node_counts"":{""11"":3,""12"":5,""13"":4,""14"":5,""15"":3,""16"":5,""4"":1,""5"":7,""6"":10,""7"":14,""8"":4,""9"":3},""muscle_counts"":{""10"":3,""11"":1,""12"":4,""13"":1,""15"":5,""16"":5,""17"":3,""18"":1,""19"":3,""20"":2,""21"":2,""22"":2,""23"":3,""24"":1,""29"":1,""31"":1,""33"":1,""35"":3,""36"":2,""37"":2,""4"":1,""6"":3,""7"":4,""8"":2,""9"":8}}",161,5.219742863942564,245,0.245,"{""10"":24,""11"":30,""12"":23,""13"":19,""14"":6,""15"":44,""16"":29,""17"":4,""3"":245,""4"":171,""5"":175,""6"":143,""7"":56,""8"":9,""9"":22}","{""10"":4,""11"":118,""12"":26,""13"":3,""14"":11,""15"":14,""16"":10,""17"":23,""18"":13,""19"":8,""20"":20,""21"":4,""22"":8,""23"":13,""24"":7,""25"":15,""26"":12,""27"":2,""29"":2,""3"":245,""30"":3,""31"":1,""32"":4,""33"":1,""34"":34,""35"":11,""36"":3,""37"":9,""38"":1,""4"":81,""45"":3,""5"":137,""6"":33,""7"":15,""8"":86,""9"":20}","{""Diagonal CMA-ES"":{""attempts"":268,""discoveries"":0,""improvements"":1,""insertions"":1,""insertion_rate"":0.0037313432835820895},""Immigrant"":{""attempts"":176,""discoveries"":0,""improvements"":0,""insertions"":0,""insertion_rate"":0.0},""Morphology"":{""attempts"":306,""discoveries"":1,""improvements"":16,""insertions"":17,""insertion_rate"":0.05555555555555555},""Novelty"":{""attempts"":250,""discoveries"":0,""improvements"":0,""insertions"":0,""insertion_rate"":0.0}}","{""Morphology"":203,""Novelty"":23}",5,0.9285714285714286,false,6000
38,54,55000,1.961320733,0.061566241,0.058725088,0.001056676,0.001784477,2.128773058,54.147858,17.703342,3560.6959832310677,185,0.9635417,52,4.0302139924548905,56,0.3027027027027027,"{""10"":7,""11"":5,""12"":2,""13"":3,""15"":7,""16"":8,""3"":56,""4"":15,""5"":39,""6"":28,""7"":8,""8"":2,""9"":5}","{""10"":1,""11"":24,""12"":2,""14"":1,""15"":6,""16"":1,""17"":1,""18"":1,""19"":4,""20"":3,""21"":1,""22"":2,""23"":3,""24"":2,""25"":4,""26"":3,""3"":56,""30"":1,""32"":1,""34"":4,""35"":4,""37"":2,""4"":1,""5"":18,""8"":35,""9"":4}",64,"{""count"":64,""unique_topologies"":64,""topology_entropy_bits"":6.0,""effective_topology_count"":64.0,""triangle_like_count"":0,""triangle_like_fraction"":0.0,""mean_nodes"":9.296875,""mean_muscles"":16.9375,""node_counts"":{""11"":3,""12"":5,""13"":4,""14"":5,""15"":3,""16"":5,""4"":1,""5"":7,""6"":11,""7"":13,""8"":4,""9"":3},""muscle_counts"":{""10"":3,""11"":1,""12"":4,""13"":1,""15"":5,""16"":5,""17"":3,""18"":1,""19"":3,""20"":2,""21"":2,""22"":2,""23"":3,""24"":1,""29"":1,""31"":1,""33"":1,""35"":3,""36"":2,""37"":2,""4"":1,""6"":3,""7"":4,""8"":2,""9"":8}}",164,5.2481039935926885,207,0.207,"{""10"":17,""11"":15,""12"":42,""13"":29,""14"":10,""15"":49,""16"":39,""17"":16,""3"":207,""4"":166,""5"":188,""6"":159,""7"":42,""8"":10,""9"":11}","{""10"":3,""11"":122,""12"":22,""13"":2,""14"":9,""15"":12,""16"":6,""17"":5,""18"":2,""19"":47,""20"":23,""21"":7,""22"":12,""23"":8,""24"":10,""25"":15,""26"":10,""27"":2,""28"":2,""3"":207,""30"":3,""31"":1,""32"":2,""34"":39,""35"":12,""36"":2,""37"":15,""38"":8,""4"":71,""41"":1,""45"":1,""48"":1,""5"":132,""6"":32,""7"":18,""8"":106,""9"":30}","{""Diagonal CMA-ES"":{""attempts"":294,""discoveries"":0,""improvements"":1,""insertions"":1,""insertion_rate"":0.003401360544217687},""Immigrant"":{""attempts"":141,""discoveries"":0,""improvements"":0,""insertions"":0,""insertion_rate"":0.0},""Morphology"":{""attempts"":304,""discoveries"":1,""improvements"":3,""insertions"":4,""insertion_rate"":0.013157894736842105},""Novelty"":{""attempts"":261,""discoveries"":0,""improvements"":2,""insertions"":2,""insertion_rate"":0.007662835249042145}}","{""Morphology"":203,""Novelty"":32}",0,0.9320388349514563,false,7000
38,55,56000,2.029097622,0.067776889,0.064799198,0.001118415,0.001859276,2.1996677350000002,54.147858,18.064837,3584.9549172520638,185,0.9635417,51,4.0573712464159986,55,0.2972972972972973,"{""10"":7,""11"":4,""12"":2,""13"":4,""15"":6,""16"":8,""17"":1,""3"":55,""4"":15,""5"":39,""6"":28,""7"":9,""8"":2,""9"":5}","{""10"":1,""11"":24,""12"":2,""14"":2,""15"":6,""16"":1,""17"":1,""18"":1,""19"":4,""20"":3,""21"":1,""22"":1,""23"":3,""24"":2,""25"":4,""26"":4,""3"":55,""30"":1,""32"":1,""34"":3,""35"":4,""37"":2,""38"":1,""4"":1,""5"":18,""8"":35,""9"":4}",64,"{""count"":64,""unique_topologies"":64,""topology_entropy_bits"":6.0,""effective_topology_count"":64.0,""triangle_like_count"":0,""triangle_like_fraction"":0.0,""mean_nodes"":9.296875,""mean_muscles"":16.9375,""node_counts"":{""11"":3,""12"":5,""13"":4,""14"":5,""15"":3,""16"":5,""4"":1,""5"":7,""6"":11,""7"":13,""8"":4,""9"":3},""muscle_counts"":{""10"":3,""11"":1,""12"":4,""13"":1,""15"":5,""16"":5,""17"":3,""18"":1,""19"":3,""20"":2,""21"":2,""22"":2,""23"":3,""24"":1,""29"":1,""31"":1,""33"":1,""35"":3,""36"":2,""37"":2,""4"":1,""6"":3,""7"":4,""8"":2,""9"":8}}",145,5.06596143540169,248,0.248,"{""10"":20,""11"":17,""12"":13,""13"":13,""14"":5,""15"":51,""16"":40,""17"":16,""3"":248,""4"":146,""5"":190,""6"":153,""7"":61,""8"":8,""9"":19}","{""10"":3,""11"":116,""12"":26,""13"":3,""14"":21,""15"":12,""16"":10,""17"":6,""18"":5,""19"":12,""20"":12,""21"":4,""22"":9,""23"":17,""24"":8,""25"":15,""26"":13,""27"":1,""29"":1,""3"":248,""30"":5,""32"":3,""33"":1,""34"":36,""35"":7,""37"":22,""38"":11,""4"":59,""40"":2,""45"":1,""46"":1,""49"":1,""5"":126,""6"":31,""7"":12,""8"":112,""9"":28}","{""Diagonal CMA-ES"":{""attempts"":314,""discoveries"":0,""improvements"":0,""insertions"":0,""insertion_rate"":0.0},""Immigrant"":{""attempts"":146,""discoveries"":0,""improvements"":0,""insertions"":0,""insertion_rate"":0.0},""Morphology"":{""attempts"":297,""discoveries"":0,""improvements"":7,""insertions"":7,""insertion_rate"":0.02356902356902357},""Novelty"":{""attempts"":243,""discoveries"":0,""improvements"":1,""insertions"":1,""insertion_rate"":0.00411522633744856}}","{""Morphology"":202,""Novelty"":23}",1,0.9339622641509434,false,8000
38,56,57000,2.097045483,0.06794786100000001,0.065058028,0.001057864,0.001831969,2.270435377,54.147858,18.601234,3674.709292471409,185,0.9635417,48,4.037674522928191,54,0.2918918918918919,"{""10"":7,""11"":4,""12"":1,""13"":4,""15"":8,""16"":7,""17"":1,""3"":54,""4"":15,""5"":39,""6"":28,""7"":10,""8"":3,""9"":4}","{""10"":1,""11"":24,""12"":3,""14"":2,""15"":7,""16"":1,""17"":1,""18"":1,""19"":3,""20"":3,""21"":1,""22"":1,""23"":3,""24"":2,""25"":4,""26"":4,""3"":54,""32"":1,""34"":5,""35"":3,""37"":2,""38"":1,""4"":1,""5"":18,""8"":35,""9"":4}",64,"{""count"":64,""unique_topologies"":64,""topology_entropy_bits"":6.0,""effective_topology_count"":64.0,""triangle_like_count"":0,""triangle_like_fraction"":0.0,""mean_nodes"":9.09375,""mean_muscles"":16.328125,""node_counts"":{""11"":3,""12"":5,""13"":4,""14"":6,""15"":3,""16"":3,""4"":2,""5"":8,""6"":8,""7"":15,""8"":4,""9"":3},""muscle_counts"":{""10"":3,""11"":1,""12"":6,""14"":1,""15"":5,""16"":5,""17"":2,""18"":1,""19"":3,""20"":3,""21"":3,""22"":2,""23"":3,""24"":1,""29"":1,""31"":1,""33"":1,""35"":2,""36"":2,""37"":1,""4"":2,""5"":1,""6"":3,""7"":3,""8"":2,""9"":6}}",161,5.261389337851308,212,0.212,"{""10"":20,""11"":8,""12"":22,""13"":33,""14"":10,""15"":52,""16"":48,""17"":10,""3"":212,""4"":140,""5"":202,""6"":160,""7"":63,""8"":9,""9"":11}","{""10"":4,""11"":122,""12"":27,""13"":1,""14"":19,""15"":11,""16"":11,""17"":3,""18"":5,""19"":28,""20"":28,""21"":8,""22"":6,""23"":7,""24"":7,""25"":13,""26"":15,""29"":2,""3"":212,""30"":3,""32"":3,""33"":1,""34"":38,""35"":16,""36"":3,""37"":22,""38"":4,""4"":57,""46"":1,""48"":1,""49"":2,""5"":119,""6"":36,""7"":15,""8"":122,""9"":28}","{""Diagonal CMA-ES"":{""attempts"":315,""discoveries"":0,""improvements"":0,""insertions"":0,""insertion_rate"":0.0},""Immigrant"":{""attempts"":139,""discoveries"":0,""improvements"":0,""insertions"":0,""insertion_rate"":0.0},""Morphology"":{""attempts"":323,""discoveries"":8,""improvements"":10,""insertions"":18,""insertion_rate"":0.05572755417956656},""Novelty"":{""attempts"":223,""discoveries"":0,""improvements"":2,""insertions"":2,""insertion_rate"":0.008968609865470852}}","{""Morphology"":208,""Novelty"":32}",9,0.934984520123839,false,9000
38,57,58000,2.159035587,0.061990104000000004,0.059405402,0.001015122,0.00156958,2.334855837,54.147858,18.601234,3694.1299820542336,185,0.9635417,46,3.9814103867467177,54,0.2918918918918919,"{""10"":7,""11"":4,""12"":1,""13"":4,""15"":9,""16"":6,""17"":1,""3"":54,""4"":15,""5"":40,""6"":28,""7"":10,""8"":3,""9"":3}","{""10"":1,""11"":24,""12"":3,""14"":2,""15"":7,""17"":1,""18"":1,""19"":3,""20"":3,""21"":1,""22"":1,""23"":3,""24"":2,""25"":4,""26"":4,""3"":54,""32"":1,""34"":6,""35"":2,""37"":2,""38"":1,""4"":1,""5"":18,""8"":36,""9"":4}",64,"{""count"":64,""unique_topologies"":64,""topology_entropy_bits"":6.0,""effective_topology_count"":64.0,""triangle_like_count"":0,""triangle_like_fraction"":0.0,""mean_nodes"":8.984375,""mean_muscles"":16.0625,""node_counts"":{""11"":3,""12"":5,""13"":4,""14"":6,""15"":3,""16"":2,""4"":2,""5"":8,""6"":8,""7"":15,""8"":4,""9"":4},""muscle_counts"":{""10"":3,""11"":1,""12"":6,""14"":1,""15"":5,""16"":5,""17"":2,""18"":2,""19"":3,""20"":3,""21"":3,""22"":2,""23"":3,""24"":1,""29"":1,""31"":1,""33"":1,""35"":1,""36"":2,""37"":1,""4"":2,""5"":1,""6"":3,""7"":3,""8"":2,""9"":6}}",143,5.061977704706864,205,0.205,"{""10"":24,""11"":7,""13"":16,""14"":3,""15"":57,""16"":39,""17"":9,""18"":1,""3"":205,""4"":148,""5"":240,""6"":137,""7"":71,""8"":25,""9"":18}","{""10"":3,""11"":104,""12"":40,""13"":2,""14"":19,""15"":28,""16"":11,""17"":6,""18"":7,""19"":7,""20"":11,""21"":4,""22"":6,""23"":31,""24"":4,""25"":12,""26"":13,""3"":205,""31"":2,""32"":2,""33"":1,""34"":27,""35"":10,""36"":1,""37"":20,""38"":4,""39"":1,""4"":72,""46"":1,""5"":119,""50"":1,""6"":27,""7"":15,""8"":161,""9"":23}","{""Diagonal CMA-ES"":{""attempts"":308,""discoveries"":0,""improvements"":0,""insertions"":0,""insertion_rate"":0.0},""Immigrant"":{""attempts"":135,""discoveries"":0,""improvements"":0,""insertions"":0,""insertion_rate"":0.0},""Morphology"":{""attempts"":305,""discoveries"":1,""improvements"":6,""insertions"":7,""insertion_rate"":0.022950819672131147},""Novelty"":{""attempts"":252,""discoveries"":0,""improvements"":0,""insertions"":0,""insertion_rate"":0.0}}","{""Morphology"":193,""Novelty"":30}",1,0.934984520123839,false,10000
38,58,59000,2.217501853,0.058466266,0.05533423,0.001202711,0.001929325,2.396350847,54.147858,18.601234,3736.042695105076,185,0.9635417,46,4.080364187404019,50,0.2702702702702703,"{""10"":6,""11"":4,""12"":1,""13"":5,""14"":1,""15"":10,""16"":5,""17"":1,""3"":50,""4"":15,""5"":39,""6"":28,""7"":11,""8"":6,""9"":3}","{""10"":1,""11"":24,""12"":3,""14"":3,""15"":8,""17"":2,""18"":1,""19"":3,""20"":4,""21"":1,""22"":3,""23"":3,""24"":2,""25"":3,""26"":4,""3"":50,""32"":1,""34"":6,""35"":2,""37"":2,""38"":1,""4"":1,""5"":18,""8"":35,""9"":4}",64,"{""count"":64,""unique_topologies"":64,""topology_entropy_bits"":6.0,""effective_topology_count"":64.0,""triangle_like_count"":0,""triangle_like_fraction"":0.0,""mean_nodes"":8.984375,""mean_muscles"":16.0625,""node_counts"":{""11"":3,""12"":5,""13"":4,""14"":6,""15"":3,""16"":2,""4"":2,""5"":8,""6"":8,""7"":15,""8"":4,""9"":4},""muscle_counts"":{""10"":3,""11"":1,""12"":6,""14"":1,""15"":5,""16"":5,""17"":2,""18"":2,""19"":3,""20"":3,""21"":3,""22"":2,""23"":3,""24"":1,""29"":1,""31"":1,""33"":1,""35"":1,""36"":2,""37"":1,""4"":2,""5"":1,""6"":3,""7"":3,""8"":2,""9"":6}}",134,5.103370768756931,209,0.209,"{""10"":20,""11"":10,""12"":3,""13"":16,""14"":8,""15"":44,""16"":30,""17"":11,""3"":209,""4"":162,""5"":214,""6"":147,""7"":78,""8"":32,""9"":16}","{""10"":3,""11"":109,""12"":42,""13"":6,""14"":25,""15"":30,""16"":4,""17"":7,""18"":7,""19"":10,""20"":13,""21"":4,""22"":6,""23"":9,""24"":5,""25"":10,""26"":16,""27"":4,""29"":2,""3"":209,""32"":5,""34"":30,""35"":11,""37"":15,""38"":4,""4"":57,""40"":4,""5"":138,""6"":33,""7"":14,""8"":136,""9"":32}","{""Diagonal CMA-ES"":{""attempts"":304,""discoveries"":0,""improvements"":0,""insertions"":0,""insertion_rate"":0.0},""Immigrant"":{""attempts"":140,""discoveries"":0,""improvements"":0,""insertions"":0,""insertion_rate"":0.0},""Morphology"":{""attempts"":300,""discoveries"":0,""improvements"":13,""insertions"":13,""insertion_rate"":0.043333333333333335},""Novelty"":{""attempts"":256,""discoveries"":0,""improvements"":1,""insertions"":1,""insertion_rate"":0.00390625}}","{""Morphology"":209,""Novelty"":24}",3,0.9351851851851852,false,11000
38,59,60000,2.284552132,0.06705027899999999,0.064127203,0.001066175,0.001856901,2.466613897,56.93877,19.135307,3817.8311765789986,185,0.9635417,48,4.150643147595927,49,0.2648648648648649,"{""10"":6,""11"":4,""12"":1,""13"":6,""14"":1,""15"":7,""16"":7,""17"":1,""3"":49,""4"":15,""5"":39,""6"":26,""7"":13,""8"":7,""9"":3}","{""10"":1,""11"":22,""12"":4,""14"":4,""15"":9,""17"":2,""18"":1,""19"":3,""20"":5,""21"":1,""22"":3,""23"":2,""24"":3,""25"":3,""26"":3,""3"":49,""32"":1,""34"":4,""35"":3,""37"":3,""38"":1,""4"":1,""5"":18,""8"":35,""9"":4}",64,"{""count"":64,""unique_topologies"":64,""topology_entropy_bits"":6.0,""effective_topology_count"":64.0,""triangle_like_count"":0,""triangle_like_fraction"":0.0,""mean_nodes"":9.875,""mean_muscles"":18.03125,""node_counts"":{""10"":1,""11"":2,""12"":5,""13"":3,""14"":6,""15"":3,""16"":5,""17"":3,""4"":3,""5"":5,""6"":7,""7"":11,""8"":5,""9"":5},""muscle_counts"":{""10"":1,""11"":2,""12"":3,""13"":1,""14"":1,""15"":5,""16"":4,""17"":2,""18"":4,""19"":2,""20"":3,""21"":4,""22"":2,""23"":3,""24"":1,""25"":2,""29"":1,""31"":1,""34"":1,""35"":3,""36"":2,""37"":1,""38"":1,""4"":1,""5"":3,""6"":1,""7"":3,""8"":1,""9"":5}}",160,5.293187927677071,178,0.178,"{""10"":19,""11"":10,""12"":4,""13"":12,""14"":10,""15"":31,""16"":34,""17"":8,""3"":178,""4"":154,""5"":212,""6"":172,""7"":80,""8"":59,""9"":17}","{""10"":5,""11"":135,""12"":29,""13"":7,""14"":37,""15"":31,""16"":12,""17"":20,""18"":8,""19"":17,""20"":9,""21"":6,""22"":7,""23"":5,""24"":11,""25"":10,""26"":11,""27"":2,""29"":2,""3"":178,""32"":2,""34"":26,""35"":11,""36"":4,""37"":10,""38"":1,""4"":62,""43"":1,""44"":1,""48"":2,""5"":127,""6"":35,""7"":11,""8"":135,""9"":30}","{""Diagonal CMA-ES"":{""attempts"":311,""discoveries"":0,""improvements"":0,""insertions"":0,""insertion_rate"":0.0},""Immigrant"":{""attempts"":145,""discoveries"":0,""improvements"":0,""insertions"":0,""insertion_rate"":0.0},""Morphology"":{""attempts"":323,""discoveries"":16,""improvements"":14,""insertions"":30,""insertion_rate"":0.09287925696594428},""Novelty"":{""attempts"":221,""discoveries"":2,""improvements"":0,""insertions"":2,""insertion_rate"":0.00904977375565611}}","{""Morphology"":226,""Novelty"":27}",19,0.933933933933934,true,12000
38,60,61000,2.346621784,0.062069652,0.058639608,0.001362994,0.00206705,2.5321124040000003,56.93877,19.166462,3857.026140987873,185,0.9635417,49,4.12700846028559,50,0.2702702702702703,"{""10"":6,""11"":3,""12"":1,""13"":6,""14"":1,""15"":6,""16"":7,""18"":1,""3"":50,""4"":15,""5"":39,""6"":27,""7"":12,""8"":8,""9"":3}","{""10"":1,""11"":23,""12"":3,""14"":5,""15"":9,""17"":2,""18"":1,""19"":3,""20"":5,""21"":1,""22"":3,""23"":2,""24"":3,""25"":3,""26"":2,""3"":50,""32"":1,""34"":3,""35"":3,""37"":3,""39"":1,""4"":1,""5"":18,""8"":35,""9"":4}",64,"{""count"":64,""unique_topologies"":64,""topology_entropy_bits"":6.0,""effective_topology_count"":64.0,""triangle_like_count"":0,""triangle_like_fraction"":0.0,""mean_nodes"":9.890625,""mean_muscles"":17.890625,""node_counts"":{""10"":1,""11"":2,""12"":5,""13"":3,""14"":6,""15"":3,""16"":4,""17"":4,""4"":3,""5"":5,""6"":7,""7"":11,""8"":5,""9"":5},""muscle_counts"":{""10"":1,""11"":2,""12"":3,""13"":1,""14"":1,""15"":5,""16"":4,""17"":2,""18"":4,""19"":2,""20"":3,""21"":4,""22"":2,""23"":3,""24"":1,""25"":2,""26"":1,""29"":1,""31"":1,""34"":1,""35"":2,""36"":2,""37"":1,""38"":1,""4"":1,""5"":3,""6"":1,""7"":3,""8"":1,""9"":5}}",150,5.321237004330214,156,0.156,"{""10"":32,""11"":16,""12"":2,""13"":11,""14"":3,""15"":14,""16"":16,""17"":43,""18"":3,""3"":156,""4"":147,""5"":217,""6"":134,""7"":74,""8"":109,""9"":23}","{""10"":10,""11"":97,""12"":34,""13"":4,""14"":19,""15"":62,""16"":8,""17"":17,""18"":7,""19"":54,""20"":9,""21"":4,""22"":6,""23"":9,""24"":13,""25"":17,""26"":12,""27"":2,""29"":1,""3"":156,""32"":6,""35"":8,""36"":6,""37"":2,""38"":29,""39"":2,""4"":53,""40"":4,""41"":1,""43"":1,""5"":138,""6"":29,""7"":12,""8"":135,""9"":33}","{""Diagonal CMA-ES"":{""attempts"":303,""discoveries"":0,""improvements"":0,""insertions"":0,""insertion_rate"":0.0},""Immigrant"":{""attempts"":142,""discoveries"":0,""improvements"":0,""insertions"":0,""insertion_rate"":0.0},""Morphology"":{""attempts"":292,""discoveries"":1,""improvements"":13,""insertions"":14,""insertion_rate"":0.04794520547945205},""Novelty"":{""attempts"":263,""discoveries"":0,""improvements"":1,""insertions"":1,""insertion_rate"":0.0038022813688212928}}","{""Morphology"":186,""Novelty"":26}",3,0.9341317365269461,false,1000
38,61,62000,2.41764944,0.07102765600000001,0.067015847,0.001258514,0.002753295,2.607026018,56.93877,19.565117,3883.0224214196205,186,0.96875,51,4.1498057842326554,51,0.27419354838709675,"{""10"":6,""11"":3,""12"":1,""13"":5,""14"":1,""15"":6,""16"":7,""18"":2,""3"":51,""4"":15,""5"":39,""6"":27,""7"":11,""8"":9,""9"":3}","{""10"":1,""11"":23,""12"":3,""14"":4,""15"":10,""17"":2,""18"":1,""19"":3,""20"":4,""21"":1,""22"":3,""23"":2,""24"":3,""25"":3,""26"":2,""28"":1,""3"":51,""32"":1,""34"":3,""35"":3,""37"":3,""39"":1,""4"":1,""5"":18,""8"":35,""9"":4}",64,"{""count"":64,""unique_topologies"":64,""topology_entropy_bits"":6.0,""effective_topology_count"":64.0,""triangle_like_count"":0,""triangle_like_fraction"":0.0,""mean_nodes"":10.0,""mean_muscles"":18.1875,""node_counts"":{""10"":1,""11"":1,""12"":5,""13"":3,""14"":6,""15"":3,""16"":4,""17"":5,""4"":3,""5"":5,""6"":7,""7"":10,""8"":6,""9"":5},""muscle_counts"":{""10"":1,""11"":2,""12"":3,""13"":2,""14"":1,""15"":4,""16"":4,""17"":1,""18"":4,""19"":2,""20"":3,""21"":4,""22"":2,""23"":3,""24"":1,""25"":2,""26"":1,""29"":1,""31"":1,""34"":1,""35"":2,""36"":2,""37"":1,""38"":2,""4"":1,""5"":3,""6"":1,""7"":3,""8"":1,""9"":5}}",164,5.361124323238761,181,0.181,"{""10"":31,""11"":25,""12"":1,""13"":12,""14"":3,""15"":20,""16"":11,""17"":25,""18"":7,""3"":181,""4"":162,""5"":213,""6"":178,""7"":48,""8"":57,""9"":26}","{""10"":8,""11"":128,""12"":19,""13"":5,""14"":26,""15"":31,""16"":3,""17"":16,""18"":9,""19"":23,""20"":11,""21"":2,""22"":10,""23"":11,""24"":11,""25"":18,""26"":18,""27"":4,""28"":2,""3"":181,""32"":10,""34"":2,""35"":8,""36"":4,""37"":1,""38"":8,""39"":2,""4"":53,""40"":7,""46"":1,""48"":2,""5"":151,""6"":30,""7"":19,""8"":125,""9"":41}","{""Diagonal CMA-ES"":{""attempts"":305,""discoveries"":1,""improvements"":0,""insertions"":1,""insertion_rate"":0.003278688524590164},""Immigrant"":{""attempts"":155,""discoveries"":0,""improvements"":0,""insertions"":0,""insertion_rate"":0.0},""Morphology"":{""attempts"":314,""discoveries"":2,""improvements"":8,""insertions"":10,""insertion_rate"":0.03184713375796178},""Novelty"":{""attempts"":226,""discoveries"":0,""improvements"":1,""insertions"":1,""insertion_rate"":0.004424778761061947}}","{""Morphology"":224,""Novelty"":23}",4,0.9347181008902077,false,2000
38,62,63000,2.477568934,0.059919494,0.056644984,0.001311941,0.001962569,2.670699681,56.93877,20.170214,3959.6058669686317,186,0.96875,52,4.117161719502431,50,0.26881720430107525,"{""10"":5,""11"":3,""12"":1,""13"":5,""14"":1,""15"":6,""16"":7,""18"":2,""3"":50,""4"":15,""5"":40,""6"":28,""7"":11,""8"":9,""9"":3}","{""10"":1,""11"":24,""12"":3,""14"":4,""15"":9,""17"":3,""18"":1,""19"":3,""20"":4,""21"":1,""22"":3,""23"":2,""24"":3,""25"":2,""26"":2,""28"":1,""3"":50,""32"":1,""34"":3,""35"":3,""37"":3,""39"":1,""4"":1,""5"":16,""8"":38,""9"":4}",64,"{""count"":64,""unique_topologies"":64,""topology_entropy_bits"":6.0,""effective_topology_count"":64.0,""triangle_like_count"":0,""triangle_like_fraction"":0.0,""mean_nodes"":10.015625,""mean_muscles"":18.234375,""node_counts"":{""10"":1,""11"":1,""12"":5,""13"":3,""14"":6,""15"":3,""16"":4,""17"":5,""4"":3,""5"":5,""6"":7,""7"":9,""8"":7,""9"":5},""muscle_counts"":{""10"":1,""11"":2,""12"":2,""13"":2,""14"":1,""15"":5,""16"":4,""17"":1,""18"":4,""19"":2,""20"":3,""21"":4,""22"":2,""23"":3,""24"":1,""25"":2,""26"":1,""29"":1,""31"":1,""34"":1,""35"":2,""36"":2,""37"":1,""38"":2,""4"":1,""5"":3,""6"":1,""7"":3,""8"":1,""9"":5}}",165,4.841706391159011,285,0.285,"{""10"":8,""11"":7,""12"":3,""13"":7,""14"":4,""15"":6,""16"":48,""17"":30,""18"":14,""19"":4,""3"":285,""4"":169,""5"":205,""6"":108,""7"":57,""8"":35,""9"":10}","{""10"":2,""11"":79,""12"":23,""13"":3,""14"":30,""15"":27,""16"":9,""17"":5,""18"":4,""19"":4,""20"":4,""21"":4,""22"":2,""23"":4,""24"":10,""25"":5,""26"":7,""27"":2,""28"":8,""29"":3,""3"":285,""30"":2,""32"":1,""33"":1,""34"":4,""35"":28,""36"":13,""37"":14,""38"":12,""39"":1,""4"":63,""41"":1,""46"":1,""48"":1,""5"":137,""50"":1,""51"":1,""6"":29,""7"":15,""8"":132,""9"":23}","{""Diagonal CMA-ES"":{""attempts"":314,""discoveries"":0,""improvements"":2,""insertions"":2,""insertion_rate"":0.006369426751592357},""Immigrant"":{""attempts"":137,""discoveries"":0,""improvements"":0,""insertions"":0,""insertion_rate"":0.0},""Morphology"":{""attempts"":291,""discoveries"":1,""improvements"":10,""insertions"":11,""insertion_rate"":0.037800687285223365},""Novelty"":{""attempts"":258,""discoveries"":0,""improvements"":8,""insertions"":8,""insertion_rate"":0.031007751937984496}}","{""Morphology"":199,""Novelty"":34}",0,0.9382022471910112,false,3000
38,63,64000,2.5390295139999997,0.06146058,0.058010352,0.0012692,0.002181028,2.736215997,77.9086,20.472776,4030.051855623722,186,0.96875,51,4.0514087310368385,52,0.27956989247311825,"{""10"":5,""11"":2,""12"":1,""13"":5,""14"":1,""15"":6,""16"":7,""18"":2,""3"":52,""4"":15,""5"":39,""6"":28,""7"":11,""8"":9,""9"":3}","{""10"":1,""11"":24,""12"":3,""14"":4,""15"":9,""17"":3,""18"":1,""19"":3,""20"":4,""21"":1,""22"":3,""23"":2,""24"":3,""25"":2,""26"":1,""28"":1,""3"":52,""32"":1,""34"":3,""35"":3,""37"":3,""39"":1,""4"":1,""5"":15,""8"":38,""9"":4}",64,"{""count"":64,""unique_topologies"":64,""topology_entropy_bits"":6.0,""effective_topology_count"":64.0,""triangle_like_count"":0,""triangle_like_fraction"":0.0,""mean_nodes"":10.015625,""mean_muscles"":18.234375,""node_counts"":{""10"":1,""11"":1,""12"":5,""13"":3,""14"":6,""15"":3,""16"":4,""17"":5,""4"":3,""5"":5,""6"":7,""7"":9,""8"":7,""9"":5},""muscle_counts"":{""10"":1,""11"":2,""12"":2,""13"":2,""14"":1,""15"":5,""16"":4,""17"":1,""18"":4,""19"":2,""20"":3,""21"":4,""22"":2,""23"":3,""24"":1,""25"":2,""26"":1,""29"":1,""31"":1,""34"":1,""35"":2,""36"":2,""37"":1,""38"":2,""4"":1,""5"":3,""6"":1,""7"":3,""8"":1,""9"":5}}",164,5.172356384249124,231,0.231,"{""10"":10,""11"":65,""12"":7,""13"":15,""14"":5,""15"":11,""16"":27,""17"":21,""18"":11,""19"":7,""3"":231,""4"":166,""5"":175,""6"":113,""7"":76,""8"":46,""9"":14}","{""10"":4,""11"":80,""12"":41,""13"":4,""14"":39,""15"":34,""16"":5,""17"":7,""18"":6,""19"":8,""20"":6,""21"":1,""22"":5,""23"":8,""24"":65,""25"":11,""26"":13,""27"":3,""28"":9,""29"":6,""3"":231,""30"":3,""31"":1,""32"":3,""34"":1,""35"":8,""36"":5,""37"":16,""38"":7,""39"":2,""4"":68,""40"":3,""44"":1,""47"":1,""5"":125,""6"":34,""7"":12,""8"":104,""9"":20}","{""Diagonal CMA-ES"":{""attempts"":290,""discoveries"":0,""improvements"":0,""insertions"":0,""insertion_rate"":0.0},""Immigrant"":{""attempts"":144,""discoveries"":0,""improvements"":0,""insertions"":0,""insertion_rate"":0.0},""Morphology"":{""attempts"":306,""discoveries"":0,""improvements"":7,""insertions"":7,""insertion_rate"":0.02287581699346405},""Novelty"":{""attempts"":260,""discoveries"":0,""improvements"":1,""insertions"":1,""insertion_rate"":0.0038461538461538464}}","{""Morphology"":210,""Novelty"":33}",0,0.9387186629526463,true,4000
38,64,65000,2.6029050149999997,0.063875501,0.060741089,0.001184903,0.001949509,2.803367194,77.9086,20.472776,4066.287662088871,186,0.96875,49,4.038651119724315,53,0.2849462365591398,"{""10"":5,""11"":1,""12"":1,""13"":5,""14"":1,""15"":6,""16"":8,""18"":2,""3"":53,""4"":15,""5"":38,""6"":27,""7"":11,""8"":10,""9"":3}","{""10"":1,""11"":23,""12"":3,""14"":3,""15"":11,""17"":2,""18"":1,""19"":3,""20"":4,""21"":1,""22"":3,""23"":2,""24"":3,""25"":3,""26"":1,""28"":1,""3"":53,""32"":1,""34"":3,""35"":3,""37"":3,""39"":1,""4"":1,""5"":15,""8"":37,""9"":4}",64,"{""count"":64,""unique_topologies"":64,""topology_entropy_bits"":6.0,""effective_topology_count"":64.0,""triangle_like_count"":0,""triangle_like_fraction"":0.0,""mean_nodes"":10.015625,""mean_muscles"":18.234375,""node_counts"":{""10"":1,""11"":1,""12"":5,""13"":3,""14"":6,""15"":3,""16"":4,""17"":5,""4"":3,""5"":5,""6"":7,""7"":9,""8"":7,""9"":5},""muscle_counts"":{""10"":1,""11"":2,""12"":2,""13"":2,""14"":1,""15"":5,""16"":4,""17"":1,""18"":4,""19"":2,""20"":3,""21"":4,""22"":2,""23"":3,""24"":1,""25"":2,""26"":1,""29"":1,""31"":1,""34"":1,""35"":2,""36"":2,""37"":1,""38"":2,""4"":1,""5"":3,""6"":1,""7"":3,""8"":1,""9"":5}}",166,5.3396849308266505,197,0.197,"{""10"":13,""11"":21,""12"":6,""13"":7,""14"":5,""15"":12,""16"":40,""17"":28,""18"":18,""19"":3,""3"":197,""4"":162,""5"":204,""6"":122,""7"":87,""8"":56,""9"":19}","{""10"":5,""11"":94,""12"":28,""13"":5,""14"":45,""15"":35,""16"":12,""17"":13,""18"":7,""19"":15,""20"":8,""21"":3,""22"":8,""23"":5,""24"":19,""25"":9,""26"":4,""27"":2,""28"":15,""29"":1,""3"":197,""30"":1,""31"":1,""32"":3,""33"":2,""34"":7,""35"":22,""36"":3,""37"":16,""38"":11,""39"":1,""4"":68,""40"":4,""41"":1,""45"":1,""46"":1,""49"":1,""5"":126,""50"":1,""6"":26,""7"":13,""8"":133,""9"":28}","{""Diagonal CMA-ES"":{""attempts"":312,""discoveries"":0,""improvements"":1,""insertions"":1,""insertion_rate"":0.003205128205128205},""Immigrant"":{""attempts"":152,""discoveries"":0,""improvements"":0,""insertions"":0,""insertion_rate"":0.0},""Morphology"":{""attempts"":314,""discoveries"":0,""improvements"":8,""insertions"":8,""insertion_rate"":0.025477707006369428},""Novelty"":{""attempts"":222,""discoveries"":0,""improvements"":1,""insertions"":1,""insertion_rate"":0.0045045045045045045}}","{""Morphology"":216,""Novelty"":25}",1,0.9393939393939394,false,1000
38,65,66000,2.668221868,0.06531685300000001,0.062608675,0.001054302,0.001653876,2.871507393,77.9086,20.472776,4095.696757555008,186,0.96875,50,4.067147840290557,53,0.2849462365591398,"{""10"":5,""11"":1,""12"":1,""13"":5,""14"":1,""15"":6,""16"":8,""18"":2,""3"":53,""4"":15,""5"":38,""6"":25,""7"":12,""8"":10,""9"":4}","{""10"":1,""11"":21,""12"":3,""14"":4,""15"":11,""17"":2,""18"":2,""19"":3,""20"":4,""21"":1,""22"":3,""23"":2,""24"":3,""25"":3,""26"":1,""28"":1,""3"":53,""32"":1,""34"":3,""35"":3,""37"":3,""39"":1,""4"":1,""5"":15,""8"":37,""9"":4}",64,"{""count"":64,""unique_topologies"":64,""topology_entropy_bits"":6.0,""effective_topology_count"":64.0,""triangle_like_count"":0,""triangle_like_fraction"":0.0,""mean_nodes"":10.75,""mean_muscles"":19.578125,""node_counts"":{""10"":1,""11"":1,""12"":4,""13"":1,""14"":5,""15"":2,""16"":5,""17"":10,""19"":1,""4"":3,""5"":3,""6"":5,""7"":9,""8"":9,""9"":5},""muscle_counts"":{""11"":2,""12"":3,""13"":3,""14"":2,""15"":5,""16"":3,""17"":1,""18"":4,""19"":2,""20"":3,""21"":3,""22"":3,""23"":2,""24"":1,""25"":4,""26"":2,""29"":1,""34"":1,""35"":2,""37"":2,""38"":3,""39"":1,""4"":1,""40"":1,""5"":3,""7"":3,""9"":3}}",165,5.258258245071751,209,0.209,"{""10"":13,""11"":7,""12"":1,""13"":12,""14"":9,""15"":12,""16"":45,""17"":18,""18"":10,""19"":3,""3"":209,""4"":167,""5"":173,""6"":140,""7"":89,""8"":67,""9"":25}","{""10"":4,""11"":104,""12"":49,""13"":8,""14"":30,""15"":52,""16"":8,""17"":12,""18"":9,""19"":10,""20"":12,""21"":2,""22"":6,""23"":4,""24"":16,""25"":12,""26"":7,""27"":2,""28"":11,""29"":2,""3"":209,""30"":1,""31"":1,""32"":3,""33"":2,""34"":6,""35"":16,""36"":2,""37"":17,""38"":5,""39"":1,""4"":63,""40"":4,""46"":1,""49"":1,""5"":124,""6"":13,""7"":12,""8"":129,""9"":30}","{""Diagonal CMA-ES"":{""attempts"":305,""discoveries"":0,""improvements"":1,""insertions"":1,""insertion_rate"":0.003278688524590164},""Immigrant"":{""attempts"":131,""discoveries"":0,""improvements"":0,""insertions"":0,""insertion_rate"":0.0},""Morphology"":{""attempts"":307,""discoveries"":12,""improvements"":6,""insertions"":18,""insertion_rate"":0.05863192182410423},""Novelty"":{""attempts"":257,""discoveries"":2,""improvements"":1,""insertions"":3,""insertion_rate"":0.011673151750972763}}","{""Morphology"":209,""Novelty"":30}",14,0.9393939393939394,false,2000
38,66,67000,2.7371670409999997,0.06894517300000001,0.065934239,0.001106542,0.001904392,2.943546609,77.9086,20.516405,4130.182711839676,186,0.96875,50,4.066065114266013,54,0.2903225806451613,"{""10"":5,""11"":1,""12"":1,""13"":4,""14"":1,""15"":5,""16"":10,""18"":2,""3"":54,""4"":15,""5"":37,""6"":25,""7"":14,""8"":8,""9"":4}","{""10"":1,""11"":21,""12"":4,""14"":4,""15"":11,""17"":2,""18"":2,""19"":2,""20"":3,""21"":1,""22"":3,""23"":2,""24"":3,""25"":3,""26"":1,""28"":1,""3"":54,""31"":1,""32"":1,""34"":2,""35"":4,""37"":3,""39"":1,""4"":1,""5"":15,""8"":36,""9"":4}",64,"{""count"":64,""unique_topologies"":64,""topology_entropy_bits"":6.0,""effective_topology_count"":64.0,""triangle_like_count"":0,""triangle_like_fraction"":0.0,""mean_nodes"":10.9375,""mean_muscles"":19.796875,""node_counts"":{""10"":1,""11"":1,""12"":4,""13"":1,""14"":5,""15"":2,""16"":5,""17"":10,""19"":2,""4"":3,""5"":3,""6"":5,""7"":8,""8"":9,""9"":5},""muscle_counts"":{""11"":2,""12"":3,""13"":3,""14"":2,""15"":4,""16"":3,""17"":1,""18"":4,""19"":2,""20"":3,""21"":3,""22"":3,""23"":2,""24"":1,""25"":4,""26"":2,""29"":2,""34"":1,""35"":2,""37"":2,""38"":3,""39"":1,""4"":1,""40"":1,""5"":3,""7"":3,""9"":3}}",164,5.3356657018485745,210,0.21,"{""10"":19,""11"":8,""12"":2,""13"":14,""14"":3,""15"":17,""16"":36,""17"":26,""18"":20,""19"":7,""20"":1,""3"":210,""4"":194,""5"":189,""6"":118,""7"":52,""8"":48,""9"":36}","{""10"":4,""11"":79,""12"":22,""13"":3,""14"":24,""15"":34,""16"":7,""17"":9,""18"":17,""19"":17,""20"":18,""21"":1,""22"":6,""23"":10,""24"":11,""25"":10,""26"":10,""27"":6,""28"":12,""29"":4,""3"":210,""30"":5,""31"":1,""32"":4,""34"":5,""35"":13,""36"":5,""37"":13,""38"":8,""39"":2,""4"":71,""40"":7,""42"":2,""46"":1,""49"":1,""5"":148,""52"":1,""6"":33,""7"":13,""8"":118,""9"":35}","{""Diagonal CMA-ES"":{""attempts"":283,""discoveries"":0,""improvements"":0,""insertions"":0,""insertion_rate"":0.0},""Immigrant"":{""attempts"":129,""discoveries"":0,""improvements"":0,""insertions"":0,""insertion_rate"":0.0},""Morphology"":{""attempts"":317,""discoveries"":1,""improvements"":11,""insertions"":12,""insertion_rate"":0.03785488958990536},""Novelty"":{""attempts"":271,""discoveries"":0,""improvements"":1,""insertions"":1,""insertion_rate"":0.0036900369003690036}}","{""Morphology"":211,""Novelty"":40}",2,0.9393939393939394,false,3000
38,67,68000,2.8022559379999996,0.065088897,0.062409212,0.001117228,0.001562457,3.011800786,77.9086,20.790403,4166.294408082962,186,0.96875,49,4.06580780284201,54,0.2903225806451613,"{""10"":5,""11"":1,""12"":1,""13"":4,""14"":1,""15"":5,""16"":10,""17"":1,""18"":1,""3"":54,""4"":15,""5"":37,""6"":24,""7"":16,""8"":7,""9"":4}","{""10"":1,""11"":20,""12"":6,""14"":4,""15"":10,""17"":2,""18"":2,""19"":2,""20"":3,""21"":1,""22"":3,""23"":2,""24"":2,""25"":3,""26"":1,""3"":54,""31"":2,""32"":1,""34"":3,""35"":4,""37"":3,""39"":1,""4"":1,""5"":15,""8"":36,""9"":4}",64,"{""count"":64,""unique_topologies"":64,""topology_entropy_bits"":6.0,""effective_topology_count"":64.0,""triangle_like_count"":0,""triangle_like_fraction"":0.0,""mean_nodes"":10.84375,""mean_muscles"":19.71875,""node_counts"":{""10"":2,""11"":1,""12"":4,""13"":1,""14"":5,""15"":1,""16"":5,""17"":9,""18"":1,""19"":2,""4"":3,""5"":3,""6"":6,""7"":8,""8"":8,""9"":5},""muscle_counts"":{""11"":2,""12"":3,""13"":2,""14"":2,""15"":4,""16"":3,""17"":1,""18"":4,""19"":3,""20"":3,""21"":3,""22"":2,""23"":2,""24"":1,""25"":3,""26"":2,""27"":1,""29"":2,""34"":1,""35"":2,""37"":2,""38"":3,""39"":1,""4"":1,""40"":1,""5"":3,""7"":3,""9"":4}}",177,5.363403840241455,195,0.195,"{""10"":20,""11"":7,""13"":7,""14"":1,""15"":15,""16"":69,""17"":28,""18"":9,""19"":6,""20"":2,""3"":195,""4"":194,""5"":182,""6"":120,""7"":63,""8"":49,""9"":33}","{""10"":5,""11"":81,""12"":35,""13"":7,""14"":22,""15"":31,""16"":8,""17"":15,""18"":15,""19"":12,""20"":9,""21"":3,""22"":4,""23"":4,""24"":11,""25"":13,""26"":6,""27"":2,""28"":4,""29"":4,""3"":195,""30"":3,""31"":38,""32"":11,""33"":1,""34"":9,""35"":17,""36"":3,""37"":6,""38"":5,""39"":3,""4"":68,""40"":5,""41"":1,""47"":1,""48"":1,""5"":145,""6"":31,""7"":17,""8"":116,""9"":33}","{""Diagonal CMA-ES"":{""attempts"":293,""discoveries"":0,""improvements"":1,""insertions"":1,""insertion_rate"":0.0034129692832764505},""Immigrant"":{""attempts"":150,""discoveries"":0,""improvements"":0,""insertions"":0,""insertion_rate"":0.0},""Morphology"":{""attempts"":304,""discoveries"":4,""improvements"":7,""insertions"":11,""insertion_rate"":0.03618421052631579},""Novelty"":{""attempts"":253,""discoveries"":0,""improvements"":1,""insertions"":1,""insertion_rate"":0.003952569169960474}}","{""Morphology"":203,""Novelty"":28}",4,0.9395604395604396,false,4000
38,68,69000,2.8679123529999995,0.065656415,0.062917368,0.001047178,0.001691869,3.080180815,77.9086,21.019,4266.723750591278,186,0.96875,49,4.1251287020200635,50,0.26881720430107525,"{""10"":5,""11"":1,""12"":1,""13"":4,""14"":1,""15"":5,""16"":10,""17"":1,""18"":1,""3"":50,""4"":14,""5"":39,""6"":25,""7"":18,""8"":7,""9"":4}","{""10"":1,""11"":19,""12"":8,""14"":4,""15"":9,""17"":3,""18"":2,""19"":2,""20"":3,""21"":1,""22"":3,""23"":2,""24"":2,""25"":3,""26"":1,""3"":50,""31"":2,""32"":1,""34"":3,""35"":4,""37"":3,""39"":1,""4"":1,""5"":14,""8"":38,""9"":6}",64,"{""count"":64,""unique_topologies"":64,""topology_entropy_bits"":6.0,""effective_topology_count"":64.0,""triangle_like_count"":0,""triangle_like_fraction"":0.0,""mean_nodes"":10.84375,""mean_muscles"":19.71875,""node_counts"":{""10"":2,""11"":1,""12"":4,""13"":1,""14"":5,""15"":1,""16"":5,""17"":9,""18"":1,""19"":2,""4"":3,""5"":3,""6"":6,""7"":8,""8"":8,""9"":5},""muscle_counts"":{""11"":2,""12"":3,""13"":2,""14"":2,""15"":4,""16"":3,""17"":1,""18"":4,""19"":3,""20"":3,""21"":3,""22"":2,""23"":2,""24"":1,""25"":3,""26"":2,""27"":1,""29"":2,""34"":1,""35"":2,""37"":2,""38"":3,""39"":1,""4"":1,""40"":1,""5"":3,""7"":3,""9"":4}}",149,5.095172378441554,197,0.197,"{""10"":16,""11"":6,""12"":1,""13"":10,""14"":3,""15"":9,""16"":29,""17"":21,""18"":5,""19"":3,""3"":197,""4"":165,""5"":240,""6"":137,""7"":75,""8"":55,""9"":28}","{""10"":2,""11"":104,""12"":36,""13"":3,""14"":26,""15"":38,""16"":10,""17"":19,""18"":14,""19"":10,""20"":12,""21"":1,""22"":5,""23"":5,""24"":4,""25"":7,""26"":8,""27"":3,""28"":3,""29"":1,""3"":197,""31"":6,""32"":4,""33"":1,""34"":14,""35"":18,""36"":4,""37"":5,""38"":2,""4"":69,""44"":1,""45"":1,""46"":1,""5"":124,""6"":31,""7"":11,""8"":170,""9"":30}","{""Diagonal CMA-ES"":{""attempts"":316,""discoveries"":0,""improvements"":0,""insertions"":0,""insertion_rate"":0.0},""Immigrant"":{""attempts"":148,""discoveries"":0,""improvements"":0,""insertions"":0,""insertion_rate"":0.0},""Morphology"":{""attempts"":292,""discoveries"":0,""improvements"":11,""insertions"":11,""insertion_rate"":0.03767123287671233},""Novelty"":{""attempts"":244,""discoveries"":0,""improvements"":2,""insertions"":2,""insertion_rate"":0.00819672131147541}}","{""Morphology"":195,""Novelty"":30}",0,0.9417989417989417,false,5000
38,69,70000,2.9333633699999995,0.065451017,0.061221936,0.001136224,0.003092857,3.148718751,77.9086,21.129118,4306.66897726059,186,0.96875,50,4.202770912821823,47,0.25268817204301075,"{""10"":5,""11"":1,""12"":1,""13"":4,""14"":1,""15"":5,""16"":10,""17"":1,""18"":1,""3"":47,""4"":14,""5"":39,""6"":25,""7"":20,""8"":7,""9"":5}","{""10"":1,""11"":18,""12"":9,""14"":5,""15"":9,""16"":1,""17"":3,""18"":2,""19"":2,""20"":3,""21"":1,""22"":3,""23"":2,""24"":2,""25"":3,""26"":1,""3"":47,""31"":2,""32"":1,""34"":3,""35"":4,""37"":3,""39"":1,""4"":1,""5"":14,""8"":38,""9"":7}",64,"{""count"":64,""unique_topologies"":64,""topology_entropy_bits"":6.0,""effective_topology_count"":64.0,""triangle_like_count"":0,""triangle_like_fraction"":0.0,""mean_nodes"":10.84375,""mean_muscles"":19.6875,""node_counts"":{""10"":2,""11"":1,""12"":4,""13"":1,""14"":5,""15"":1,""16"":5,""17"":9,""18"":1,""19"":2,""4"":3,""5"":3,""6"":6,""7"":8,""8"":8,""9"":5},""muscle_counts"":{""11"":2,""12"":3,""13"":2,""14"":2,""15"":4,""16"":4,""17"":1,""18"":3,""19"":3,""20"":3,""21"":3,""22"":2,""23"":2,""24"":1,""25"":3,""26"":2,""27"":1,""29"":2,""34"":1,""35"":2,""37"":2,""38"":3,""39"":1,""4"":1,""40"":1,""5"":3,""7"":3,""9"":4}}",170,5.074508924036997,247,0.247,"{""10"":12,""11"":7,""13"":11,""15"":12,""16"":23,""17"":37,""18"":11,""19"":3,""20"":1,""3"":247,""4"":155,""5"":205,""6"":109,""7"":84,""8"":49,""9"":34}","{""10"":6,""11"":76,""12"":46,""13"":6,""14"":22,""15"":32,""16"":10,""17"":12,""18"":20,""19"":14,""20"":11,""21"":2,""22"":2,""23"":5,""24"":6,""25"":5,""26"":9,""27"":1,""28"":1,""29"":4,""3"":247,""30"":1,""31"":2,""32"":3,""34"":26,""35"":11,""36"":3,""37"":8,""38"":8,""39"":2,""4"":79,""40"":4,""41"":1,""46"":1,""47"":1,""48"":1,""5"":99,""51"":1,""6"":24,""7"":12,""8"":147,""9"":29}","{""Diagonal CMA-ES"":{""attempts"":295,""discoveries"":0,""improvements"":0,""insertions"":0,""insertion_rate"":0.0},""Immigrant"":{""attempts"":125,""discoveries"":0,""improvements"":0,""insertions"":0,""insertion_rate"":0.0},""Morphology"":{""attempts"":352,""discoveries"":1,""improvements"":11,""insertions"":12,""insertion_rate"":0.03409090909090909},""Novelty"":{""attempts"":228,""discoveries"":0,""improvements"":1,""insertions"":1,""insertion_rate"":0.0043859649122807015}}","{""Morphology"":234,""Novelty"":28}",2,0.9421052631578948,false,6000
38,70,71000,2.9942694929999996,0.060906123,0.057267119,0.001127913,0.002511091,3.212604939,77.9086,21.170033,4333.362996578217,186,0.96875,51,4.225802950083927,47,0.25268817204301075,"{""10"":5,""11"":1,""12"":1,""13"":4,""14"":1,""15"":3,""16"":10,""17"":3,""18"":1,""3"":47,""4"":14,""5"":38,""6"":24,""7"":22,""8"":7,""9"":5}","{""10"":1,""11"":17,""12"":11,""14"":5,""15"":9,""16"":1,""17"":3,""18"":2,""19"":2,""20"":3,""21"":1,""22"":3,""23"":2,""24"":2,""25"":3,""26"":1,""3"":47,""31"":2,""32"":1,""34"":1,""35"":4,""37"":3,""38"":2,""39"":1,""4"":1,""5"":14,""8"":37,""9"":7}",64,"{""count"":64,""unique_topologies"":64,""topology_entropy_bits"":6.0,""effective_topology_count"":64.0,""triangle_like_count"":0,""triangle_like_fraction"":0.0,""mean_nodes"":11.1875,""mean_muscles"":20.59375,""node_counts"":{""10"":3,""11"":1,""12"":4,""13"":1,""14"":5,""15"":1,""16"":5,""17"":8,""18"":3,""19"":2,""4"":2,""5"":2,""6"":5,""7"":8,""8"":9,""9"":5},""muscle_counts"":{""11"":1,""12"":3,""13"":1,""14"":2,""15"":4,""16"":5,""17"":2,""18"":3,""19"":3,""20"":3,""21"":3,""22"":2,""23"":2,""24"":1,""25"":4,""26"":2,""27"":1,""29"":2,""34"":1,""35"":3,""37"":3,""38"":2,""39"":1,""4"":1,""40"":1,""5"":2,""7"":1,""9"":5}}",181,5.479990568242153,201,0.201,"{""10"":37,""11"":9,""12"":4,""13"":8,""14"":3,""15"":14,""16"":30,""17"":31,""18"":7,""20"":2,""3"":201,""4"":154,""5"":181,""6"":129,""7"":102,""8"":42,""9"":46}","{""10"":3,""11"":86,""12"":45,""13"":6,""14"":41,""15"":31,""16"":13,""17"":18,""18"":23,""19"":18,""20"":12,""21"":4,""22"":8,""23"":8,""24"":8,""25"":17,""26"":11,""27"":3,""3"":201,""30"":1,""31"":2,""32"":6,""34"":13,""35"":11,""36"":5,""37"":13,""38"":7,""39"":2,""4"":65,""40"":3,""41"":1,""42"":1,""45"":1,""46"":1,""5"":116,""6"":31,""7"":10,""8"":114,""9"":41}","{""Diagonal CMA-ES"":{""attempts"":292,""discoveries"":0,""improvements"":0,""insertions"":0,""insertion_rate"":0.0},""Immigrant"":{""attempts"":149,""discoveries"":0,""improvements"":0,""insertions"":0,""insertion_rate"":0.0},""Morphology"":{""attempts"":306,""discoveries"":8,""improvements"":10,""insertions"":18,""insertion_rate"":0.058823529411764705},""Novelty"":{""attempts"":253,""discoveries"":0,""improvements"":0,""insertions"":0,""insertion_rate"":0.0}}","{""Morphology"":203,""Novelty"":34}",8,0.9401041666666666,false,7000
38,71,72000,3.0582815339999994,0.064012041,0.061009418,0.001308379,0.001694244,3.281540618,77.9086,21.187653,4352.94437789917,186,0.96875,53,4.247857395834888,47,0.25268817204301075,"{""10"":5,""11"":1,""12"":1,""13"":3,""14"":1,""15"":3,""16"":10,""17"":2,""18"":2,""19"":1,""3"":47,""4"":13,""5"":39,""6"":23,""7"":22,""8"":8,""9"":5}","{""10"":1,""11"":17,""12"":11,""14"":6,""15"":9,""16"":1,""17"":3,""18"":2,""19"":2,""20"":2,""21"":1,""22"":3,""23"":2,""24"":2,""25"":3,""26"":1,""3"":47,""31"":2,""32"":1,""35"":4,""37"":4,""38"":3,""39"":1,""4"":1,""5"":13,""8"":38,""9"":6}",64,"{""count"":64,""unique_topologies"":64,""topology_entropy_bits"":6.0,""effective_topology_count"":64.0,""triangle_like_count"":0,""triangle_like_fraction"":0.0,""mean_nodes"":11.09375,""mean_muscles"":20.265625,""node_counts"":{""10"":2,""11"":1,""12"":4,""13"":1,""14"":5,""15"":1,""16"":5,""17"":8,""18"":3,""19"":2,""4"":3,""5"":2,""6"":5,""7"":8,""8"":9,""9"":5},""muscle_counts"":{""11"":1,""12"":3,""13"":2,""14"":1,""15"":5,""16"":5,""17"":2,""18"":3,""19"":2,""20"":3,""21"":2,""22"":2,""23"":2,""24"":1,""25"":4,""26"":2,""27"":1,""29"":2,""34"":1,""35"":3,""37"":3,""38"":2,""39"":1,""4"":1,""40"":1,""5"":3,""7"":1,""9"":5}}",166,5.393785273642779,210,0.21,"{""10"":15,""11"":11,""12"":2,""13"":6,""14"":1,""15"":8,""16"":32,""17"":33,""18"":15,""19"":5,""3"":210,""4"":147,""5"":164,""6"":135,""7"":106,""8"":72,""9"":38}","{""10"":5,""11"":87,""12"":44,""13"":7,""14"":27,""15"":69,""16"":6,""17"":18,""18"":20,""19"":18,""20"":7,""21"":1,""22"":6,""23"":6,""24"":3,""25"":13,""26"":9,""27"":1,""29"":1,""3"":210,""30"":1,""31"":7,""32"":6,""34"":10,""35"":14,""36"":4,""37"":14,""38"":20,""39"":3,""4"":60,""41"":2,""42"":2,""45"":1,""47"":1,""5"":109,""50"":1,""6"":22,""7"":18,""8"":104,""9"":43}","{""Diagonal CMA-ES"":{""attempts"":305,""discoveries"":0,""improvements"":1,""insertions"":1,""insertion_rate"":0.003278688524590164},""Immigrant"":{""attempts"":130,""discoveries"":0,""improvements"":0,""insertions"":0,""insertion_rate"":0.0},""Morphology"":{""attempts"":309,""discoveries"":3,""improvements"":8,""insertions"":11,""insertion_rate"":0.03559870550161812},""Novelty"":{""attempts"":256,""discoveries"":0,""improvements"":2,""insertions"":2,""insertion_rate"":0.0078125}}","{""Morphology"":207,""Novelty"":37}",5,0.9401041666666666,false,8000
38,72,73000,3.1210409989999994,0.062759465,0.058662172,0.001095857,0.003001436,3.347416685,77.9086,21.22552,4397.530485630035,186,0.96875,53,4.251485799298552,46,0.24731182795698925,"{""10"":6,""11"":1,""12"":1,""13"":3,""14"":1,""15"":3,""16"":9,""17"":3,""18"":2,""19"":1,""3"":46,""4"":13,""5"":39,""6"":24,""7"":21,""8"":8,""9"":5}","{""10"":1,""11"":18,""12"":11,""14"":6,""15"":8,""16"":1,""17"":3,""18"":2,""19"":2,""20"":2,""21"":2,""22"":3,""23"":2,""24"":2,""25"":3,""26"":1,""3"":46,""31"":2,""32"":1,""35"":3,""36"":1,""37"":4,""38"":3,""39"":1,""4"":1,""5"":13,""8"":38,""9"":6}",64,"{""count"":64,""unique_topologies"":64,""topology_entropy_bits"":6.0,""effective_topology_count"":64.0,""triangle_like_count"":0,""triangle_like_fraction"":0.0,""mean_nodes"":11.09375,""mean_muscles"":20.265625,""node_counts"":{""10"":2,""11"":1,""12"":4,""13"":1,""14"":5,""15"":1,""16"":5,""17"":8,""18"":3,""19"":2,""4"":3,""5"":2,""6"":5,""7"":8,""8"":9,""9"":5},""muscle_counts"":{""11"":1,""12"":3,""13"":2,""14"":1,""15"":5,""16"":5,""17"":2,""18"":3,""19"":2,""20"":3,""21"":2,""22"":2,""23"":2,""24"":1,""25"":4,""26"":2,""27"":1,""29"":2,""34"":1,""35"":3,""37"":3,""38"":2,""39"":1,""4"":1,""40"":1,""5"":3,""7"":1,""9"":5}}",158,5.181359139905065,171,0.171,"{""10"":14,""11"":6,""12"":2,""13"":5,""14"":4,""15"":1,""16"":12,""17"":31,""18"":13,""19"":6,""3"":171,""4"":137,""5"":236,""6"":120,""7"":141,""8"":57,""9"":44}","{""10"":1,""11"":88,""12"":43,""13"":4,""14"":31,""15"":95,""16"":15,""17"":15,""18"":24,""19"":18,""20"":5,""21"":4,""22"":1,""23"":2,""24"":2,""25"":3,""26"":7,""27"":3,""28"":1,""29"":2,""3"":171,""31"":2,""32"":3,""35"":6,""36"":4,""37"":14,""38"":28,""39"":1,""4"":63,""40"":2,""45"":1,""5"":94,""50"":1,""51"":1,""6"":31,""7"":16,""8"":169,""9"":29}","{""Diagonal CMA-ES"":{""attempts"":302,""discoveries"":0,""improvements"":0,""insertions"":0,""insertion_rate"":0.0},""Immigrant"":{""attempts"":155,""discoveries"":0,""improvements"":0,""insertions"":0,""insertion_rate"":0.0},""Morphology"":{""attempts"":292,""discoveries"":0,""improvements"":6,""insertions"":6,""insertion_rate"":0.02054794520547945},""Novelty"":{""attempts"":251,""discoveries"":0,""improvements"":0,""insertions"":0,""insertion_rate"":0.0}}","{""Morphology"":187,""Novelty"":37}",2,0.9404145077720207,false,9000
38,73,74000,3.1852251949999992,0.064184196,0.061168513,0.001048365,0.001967318,3.414507336,77.9086,21.328136,4425.238671779633,186,0.96875,53,4.271407025889684,45,0.24193548387096775,"{""10"":6,""12"":1,""13"":3,""14"":1,""15"":3,""16"":9,""17"":4,""18"":2,""19"":1,""3"":45,""4"":13,""5"":39,""6"":24,""7"":21,""8"":9,""9"":5}","{""10"":1,""11"":18,""12"":11,""13"":1,""14"":6,""15"":7,""16"":1,""17"":4,""18"":2,""19"":2,""20"":2,""21"":2,""22"":3,""23"":2,""24"":1,""25"":3,""26"":1,""3"":45,""31"":2,""32"":1,""35"":3,""36"":1,""37"":4,""38"":4,""39"":1,""4"":1,""5"":13,""8"":38,""9"":6}",64,"{""count"":64,""unique_topologies"":64,""topology_entropy_bits"":6.0,""effective_topology_count"":64.0,""triangle_like_count"":0,""triangle_like_fraction"":0.0,""mean_nodes"":11.96875,""mean_muscles"":22.46875,""node_counts"":{""10"":2,""11"":2,""12"":3,""13"":1,""14"":5,""16"":4,""17"":8,""18"":3,""19"":8,""4"":3,""5"":1,""6"":4,""7"":6,""8"":10,""9"":4},""muscle_counts"":{""12"":3,""13"":2,""14"":1,""15"":6,""16"":4,""17"":2,""18"":2,""19"":1,""20"":3,""21"":2,""22"":2,""23"":2,""25"":3,""26"":2,""27"":1,""29"":3,""34"":1,""35"":3,""36"":2,""37"":3,""38"":5,""39"":1,""4"":1,""40"":2,""5"":3,""9"":4}}",174,5.045561652331727,189,0.189,"{""10"":27,""11"":3,""12"":1,""13"":5,""14"":3,""15"":2,""16"":23,""17"":27,""18"":25,""19"":18,""20"":1,""3"":189,""4"":132,""5"":232,""6"":168,""7"":69,""8"":45,""9"":30}","{""10"":7,""11"":74,""12"":35,""13"":7,""14"":23,""15"":26,""16"":7,""17"":16,""18"":20,""19"":5,""20"":4,""21"":14,""22"":2,""23"":2,""24"":2,""25"":13,""26"":7,""27"":2,""28"":1,""29"":1,""3"":189,""31"":4,""32"":4,""35"":12,""36"":4,""37"":18,""38"":28,""39"":4,""4"":62,""40"":7,""41"":3,""43"":1,""45"":2,""49"":1,""5"":93,""50"":1,""6"":15,""7"":6,""8"":189,""9"":89}","{""Diagonal CMA-ES"":{""attempts"":327,""discoveries"":0,""improvements"":0,""insertions"":0,""insertion_rate"":0.0},""Immigrant"":{""attempts"":131,""discoveries"":0,""improvements"":0,""insertions"":0,""insertion_rate"":0.0},""Morphology"":{""attempts"":293,""discoveries"":10,""improvements"":6,""insertions"":16,""insertion_rate"":0.05460750853242321},""Novelty"":{""attempts"":249,""discoveries"":0,""improvements"":1,""insertions"":1,""insertion_rate"":0.004016064257028112}}","{""Morphology"":189,""Novelty"":26}",12,0.9416243654822335,false,10000
38,74,75000,3.2456872779999992,0.060462083,0.057359728,0.001106542,0.001995813,3.4780064729999998,78.54738,21.328136,4487.917920589447,186,0.96875,52,4.271152165196947,44,0.23655913978494625,"{""10"":7,""12"":1,""13"":3,""14"":1,""15"":3,""16"":9,""17"":4,""18"":2,""20"":1,""3"":44,""4"":13,""5"":39,""6"":25,""7"":20,""8"":9,""9"":5}","{""10"":1,""11"":19,""12"":10,""13"":1,""14"":6,""15"":7,""16"":1,""17"":4,""18"":2,""19"":2,""20"":2,""21"":3,""22"":3,""23"":2,""24"":1,""25"":3,""26"":1,""3"":44,""31"":2,""32"":1,""35"":3,""36"":1,""37"":4,""38"":3,""39"":2,""4"":1,""5"":13,""8"":38,""9"":6}",64,"{""count"":64,""unique_topologies"":64,""topology_entropy_bits"":6.0,""effective_topology_count"":64.0,""triangle_like_count"":0,""triangle_like_fraction"":0.0,""mean_nodes"":11.828125,""mean_muscles"":22.390625,""node_counts"":{""10"":2,""11"":2,""12"":4,""13"":1,""14"":5,""16"":3,""17"":7,""19"":10,""20"":1,""4"":3,""5"":1,""6"":4,""7"":7,""8"":9,""9"":5},""muscle_counts"":{""12"":4,""13"":2,""14"":1,""15"":5,""16"":4,""17"":3,""18"":2,""19"":1,""20"":3,""21"":2,""22"":2,""23"":2,""24"":1,""25"":3,""26"":1,""29"":3,""34"":1,""35"":1,""36"":2,""37"":2,""38"":7,""39"":1,""4"":1,""40"":2,""41"":1,""5"":3,""9"":4}}",181,5.454447296124515,179,0.179,"{""10"":26,""11"":13,""12"":3,""13"":2,""14"":4,""15"":3,""16"":17,""17"":30,""18"":19,""19"":11,""20"":13,""3"":179,""4"":137,""5"":194,""6"":136,""7"":85,""8"":86,""9"":42}","{""10"":8,""11"":95,""12"":42,""13"":38,""14"":31,""15"":32,""16"":3,""17"":24,""18"":28,""19"":12,""20"":5,""21"":11,""22"":1,""23"":4,""24"":8,""25"":7,""26"":3,""27"":2,""28"":3,""29"":2,""3"":179,""30"":3,""31"":4,""32"":5,""35"":7,""36"":8,""37"":16,""38"":29,""39"":9,""4"":52,""40"":3,""41"":7,""43"":1,""5"":104,""6"":26,""7"":13,""8"":136,""9"":39}","{""Diagonal CMA-ES"":{""attempts"":278,""discoveries"":0,""improvements"":0,""insertions"":0,""insertion_rate"":0.0},""Immigrant"":{""attempts"":144,""discoveries"":0,""improvements"":0,""insertions"":0,""insertion_rate"":0.0},""Morphology"":{""attempts"":308,""discoveries"":6,""improvements"":6,""insertions"":12,""insertion_rate"":0.03896103896103896},""Novelty"":{""attempts"":270,""discoveries"":0,""improvements"":1,""insertions"":1,""insertion_rate"":0.003703703703703704}}","{""Morphology"":205,""Novelty"":35}",7,0.9373433583959899,true,11000
38,75,76000,3.309127051999999,0.06343977399999999,0.059101464,0.001176591,0.003161719,3.545346452,78.54738,21.760214,4542.289351940155,186,0.96875,51,4.2086369010057325,45,0.24193548387096775,"{""10"":6,""12"":1,""13"":3,""14"":1,""15"":3,""16"":9,""17"":4,""18"":2,""20"":1,""3"":45,""4"":13,""5"":40,""6"":25,""7"":20,""8"":9,""9"":4}","{""10"":1,""11"":19,""12"":10,""13"":1,""14"":6,""15"":7,""16"":1,""17"":4,""18"":1,""19"":2,""20"":2,""21"":3,""22"":3,""23"":2,""24"":1,""25"":2,""26"":1,""3"":45,""31"":2,""32"":1,""35"":3,""36"":1,""37"":4,""38"":3,""39"":2,""4"":1,""5"":13,""8"":39,""9"":6}",64,"{""count"":64,""unique_topologies"":64,""topology_entropy_bits"":6.0,""effective_topology_count"":64.0,""triangle_like_count"":0,""triangle_like_fraction"":0.0,""mean_nodes"":11.875,""mean_muscles"":22.5,""node_counts"":{""10"":2,""11"":3,""12"":4,""13"":1,""14"":5,""16"":3,""17"":7,""19"":10,""20"":1,""4"":3,""5"":1,""6"":4,""7"":7,""8"":8,""9"":5},""muscle_counts"":{""12"":4,""13"":2,""14"":1,""15"":5,""16"":4,""17"":2,""18"":2,""19"":1,""20"":3,""21"":2,""22"":2,""23"":2,""24"":2,""25"":3,""26"":1,""29"":3,""34"":1,""35"":1,""36"":2,""37"":2,""38"":7,""39"":1,""4"":1,""40"":2,""41"":1,""5"":3,""9"":4}}",182,5.535669311351865,196,0.196,"{""10"":34,""11"":12,""12"":4,""13"":9,""14"":2,""15"":4,""16"":27,""17"":29,""18"":21,""19"":7,""20"":50,""21"":11,""3"":196,""4"":151,""5"":159,""6"":103,""7"":81,""8"":63,""9"":37}","{""10"":5,""11"":72,""12"":38,""13"":10,""14"":31,""15"":32,""16"":15,""17"":25,""18"":18,""19"":10,""20"":8,""21"":20,""22"":6,""23"":3,""24"":3,""25"":11,""26"":9,""27"":1,""28"":1,""29"":5,""3"":196,""30"":1,""31"":5,""32"":3,""33"":2,""34"":2,""35"":13,""36"":4,""37"":13,""38"":19,""39"":54,""4"":70,""40"":12,""41"":6,""42"":1,""43"":2,""44"":1,""45"":1,""47"":2,""48"":1,""49"":3,""5"":105,""6"":28,""7"":9,""8"":98,""9"":26}","{""Diagonal CMA-ES"":{""attempts"":293,""discoveries"":0,""improvements"":0,""insertions"":0,""insertion_rate"":0.0},""Immigrant"":{""attempts"":147,""discoveries"":0,""improvements"":0,""insertions"":0,""insertion_rate"":0.0},""Morphology"":{""attempts"":326,""discoveries"":1,""improvements"":7,""insertions"":8,""insertion_rate"":0.024539877300613498},""Novelty"":{""attempts"":234,""discoveries"":0,""improvements"":1,""insertions"":1,""insertion_rate"":0.004273504273504274}}","{""Morphology"":224,""Novelty"":29}",1,0.9376558603491272,false,1000
38,76,77000,3.371043548999999,0.06191649700000001,0.058366539,0.001353496,0.002196462,3.6111097279999997,78.54738,22.088594,4561.591401576996,186,0.96875,53,4.23743346944233,45,0.24193548387096775,"{""10"":6,""12"":1,""13"":3,""14"":1,""15"":3,""16"":6,""17"":4,""18"":3,""19"":1,""20"":2,""3"":45,""4"":13,""5"":40,""6"":24,""7"":20,""8"":10,""9"":4}","{""10"":1,""11"":18,""12"":10,""13"":1,""14"":6,""15"":7,""16"":1,""17"":5,""18"":1,""19"":2,""20"":2,""21"":3,""22"":3,""23"":2,""24"":1,""25"":2,""26"":1,""3"":45,""32"":1,""35"":2,""36"":1,""37"":4,""38"":3,""39"":2,""4"":1,""40"":1,""41"":2,""5"":13,""8"":39,""9"":6}",64,"{""count"":64,""unique_topologies"":64,""topology_entropy_bits"":6.0,""effective_topology_count"":64.0,""triangle_like_count"":0,""triangle_like_fraction"":0.0,""mean_nodes"":11.515625,""mean_muscles"":21.75,""node_counts"":{""10"":2,""11"":3,""12"":4,""13"":1,""14"":5,""16"":3,""17"":7,""19"":9,""4"":3,""5"":1,""6"":4,""7"":8,""8"":8,""9"":6},""muscle_counts"":{""10"":1,""12"":4,""13"":2,""14"":1,""15"":5,""16"":4,""17"":2,""18"":2,""19"":1,""20"":3,""21"":2,""22"":2,""23"":3,""24"":2,""25"":3,""26"":1,""29"":3,""34"":1,""35"":1,""36"":2,""37"":2,""38"":7,""39"":1,""4"":1,""40"":1,""5"":3,""9"":4}}",167,5.378520694971178,191,0.191,"{""10"":34,""11"":7,""12"":8,""13"":12,""14"":4,""15"":6,""16"":17,""17"":19,""18"":27,""19"":12,""20"":12,""21"":3,""3"":191,""4"":154,""5"":180,""6"":117,""7"":92,""8"":67,""9"":38}","{""10"":8,""11"":80,""12"":42,""13"":7,""14"":36,""15"":40,""16"":6,""17"":26,""18"":22,""19"":8,""20"":11,""21"":21,""22"":7,""23"":6,""24"":16,""25"":10,""26"":2,""27"":3,""28"":1,""29"":3,""3"":191,""31"":6,""32"":5,""34"":1,""35"":5,""36"":3,""37"":14,""38"":18,""39"":19,""4"":59,""40"":7,""41"":8,""42"":2,""5"":114,""6"":32,""7"":4,""8"":125,""9"":32}","{""Diagonal CMA-ES"":{""attempts"":303,""discoveries"":0,""improvements"":0,""insertions"":0,""insertion_rate"":0.0},""Immigrant"":{""attempts"":139,""discoveries"":0,""improvements"":0,""insertions"":0,""insertion_rate"":0.0},""Morphology"":{""attempts"":300,""discoveries"":2,""improvements"":7,""insertions"":9,""insertion_rate"":0.03},""Novelty"":{""attempts"":258,""discoveries"":0,""improvements"":0,""insertions"":0,""insertion_rate"":0.0}}","{""Morphology"":201,""Novelty"":34}",3,0.9394673123486683,false,2000
38,77,78000,3.430386029999999,0.059342481,0.054974489,0.00147816,0.002889832,3.674783395,78.54738,22.208069,4583.602557420731,186,0.96875,53,4.218007635061655,47,0.25268817204301075,"{""10"":6,""12"":1,""13"":3,""14"":1,""15"":3,""16"":6,""17"":4,""18"":2,""19"":1,""20"":3,""3"":47,""4"":13,""5"":39,""6"":23,""7"":20,""8"":10,""9"":4}","{""10"":1,""11"":18,""12"":10,""13"":1,""14"":6,""15"":7,""16"":1,""17"":5,""18"":1,""19"":2,""20"":2,""21"":3,""22"":3,""23"":2,""24"":1,""25"":2,""26"":1,""3"":47,""32"":1,""35"":2,""36"":1,""37"":3,""38"":3,""39"":2,""4"":1,""40"":1,""41"":3,""5"":13,""8"":38,""9"":5}",64,"{""count"":64,""unique_topologies"":64,""topology_entropy_bits"":6.0,""effective_topology_count"":64.0,""triangle_like_count"":0,""triangle_like_fraction"":0.0,""mean_nodes"":11.5625,""mean_muscles"":21.890625,""node_counts"":{""10"":2,""11"":3,""12"":4,""13"":1,""14"":5,""16"":3,""17"":7,""19"":9,""4"":3,""5"":1,""6"":3,""7"":8,""8"":8,""9"":7},""muscle_counts"":{""10"":1,""12"":4,""13"":2,""14"":1,""15"":5,""16"":4,""17"":2,""18"":3,""19"":1,""20"":3,""21"":2,""22"":2,""23"":3,""24"":2,""25"":3,""26"":1,""29"":3,""34"":1,""35"":1,""36"":2,""37"":2,""38"":7,""39"":1,""4"":1,""40"":1,""5"":3,""9"":3}}",174,5.421022209617975,212,0.212,"{""10"":32,""11"":12,""12"":9,""13"":20,""14"":25,""15"":7,""16"":9,""17"":10,""18"":19,""19"":15,""20"":28,""21"":2,""3"":212,""4"":180,""5"":168,""6"":103,""7"":53,""8"":59,""9"":37}","{""10"":11,""11"":59,""12"":32,""13"":20,""14"":8,""15"":22,""16"":8,""17"":10,""18"":14,""19"":17,""20"":14,""21"":8,""22"":37,""23"":14,""24"":25,""25"":9,""26"":2,""27"":3,""28"":1,""29"":4,""3"":212,""32"":6,""33"":2,""36"":2,""38"":10,""39"":21,""4"":73,""40"":11,""41"":19,""42"":2,""43"":4,""44"":3,""46"":1,""5"":124,""6"":22,""7"":10,""8"":119,""9"":41}","{""Diagonal CMA-ES"":{""attempts"":275,""discoveries"":0,""improvements"":1,""insertions"":1,""insertion_rate"":0.0036363636363636364},""Immigrant"":{""attempts"":148,""discoveries"":0,""improvements"":0,""insertions"":0,""insertion_rate"":0.0},""Morphology"":{""attempts"":329,""discoveries"":1,""improvements"":9,""insertions"":10,""insertion_rate"":0.030395136778115502},""Novelty"":{""attempts"":248,""discoveries"":0,""improvements"":1,""insertions"":1,""insertion_rate"":0.004032258064516129}}","{""Morphology"":221,""Novelty"":39}",2,0.9404761904761905,false,3000
38,78,79000,3.4906165949999988,0.060230565,0.055959929,0.001499531,0.002771105,3.739101754,78.54738,22.22402,4624.980194091797,186,0.96875,53,4.218544546191277,47,0.25268817204301075,"{""10"":6,""12"":1,""13"":3,""14"":1,""15"":3,""16"":6,""17"":4,""18"":2,""19"":1,""20"":3,""3"":47,""4"":14,""5"":39,""6"":21,""7"":21,""8"":10,""9"":4}","{""10"":1,""11"":16,""12"":10,""13"":1,""14"":7,""15"":7,""16"":1,""17"":5,""18"":1,""19"":2,""20"":2,""21"":3,""22"":3,""23"":2,""24"":1,""25"":2,""26"":1,""3"":47,""32"":1,""35"":2,""36"":1,""37"":3,""38"":3,""39"":2,""4"":2,""40"":1,""41"":3,""5"":13,""8"":38,""9"":5}",64,"{""count"":64,""unique_topologies"":64,""topology_entropy_bits"":6.0,""effective_topology_count"":64.0,""triangle_like_count"":0,""triangle_like_fraction"":0.0,""mean_nodes"":11.671875,""mean_muscles"":22.25,""node_counts"":{""10"":2,""11"":3,""12"":4,""13"":1,""14"":4,""16"":1,""17"":6,""19"":8,""20"":3,""21"":1,""4"":3,""5"":1,""6"":3,""7"":8,""8"":9,""9"":7},""muscle_counts"":{""10"":1,""12"":4,""13"":2,""14"":1,""15"":6,""16"":4,""17"":2,""18"":3,""19"":1,""20"":3,""21"":2,""22"":2,""23"":3,""24"":2,""25"":2,""26"":1,""29"":1,""34"":1,""36"":2,""37"":2,""38"":6,""39"":2,""4"":1,""40"":1,""41"":2,""43"":1,""5"":3,""9"":3}}",176,5.356518874483235,225,0.225,"{""10"":41,""11"":9,""12"":3,""13"":8,""14"":18,""15"":6,""16"":11,""17"":24,""18"":13,""19"":12,""20"":27,""21"":10,""3"":225,""4"":142,""5"":175,""6"":107,""7"":71,""8"":65,""9"":33}","{""10"":4,""11"":84,""12"":38,""13"":9,""14"":22,""15"":27,""16"":3,""17"":39,""18"":19,""19"":12,""20"":11,""21"":23,""22"":23,""23"":4,""24"":8,""25"":8,""26"":2,""27"":1,""28"":1,""29"":2,""3"":225,""30"":2,""31"":2,""32"":4,""35"":1,""36"":1,""37"":5,""38"":23,""39"":13,""4"":68,""40"":12,""41"":22,""42"":8,""43"":1,""44"":2,""45"":1,""5"":95,""51"":1,""6"":32,""7"":8,""8"":114,""9"":20}","{""Diagonal CMA-ES"":{""attempts"":295,""discoveries"":0,""improvements"":0,""insertions"":0,""insertion_rate"":0.0},""Immigrant"":{""attempts"":146,""discoveries"":0,""improvements"":0,""insertions"":0,""insertion_rate"":0.0},""Morphology"":{""attempts"":314,""discoveries"":5,""improvements"":8,""insertions"":13,""insertion_rate"":0.041401273885350316},""Novelty"":{""attempts"":245,""discoveries"":0,""improvements"":3,""insertions"":3,""insertion_rate"":0.012244897959183673}}","{""Morphology"":207,""Novelty"":32}",5,0.9406175771971497,false,4000
38,79,80000,3.557853280999999,0.067236686,0.063575124,0.001333312,0.00232825,3.810560397,78.54738,22.309713,4652.211865663528,186,0.96875,53,4.254498819466375,46,0.24731182795698925,"{""10"":6,""12"":1,""13"":2,""14"":1,""15"":3,""16"":6,""17"":4,""18"":2,""19"":1,""20"":1,""21"":1,""22"":1,""3"":46,""4"":14,""5"":38,""6"":22,""7"":21,""8"":10,""9"":6}","{""10"":1,""11"":17,""12"":10,""13"":1,""14"":7,""15"":7,""16"":1,""17"":5,""18"":1,""19"":2,""20"":3,""21"":3,""22"":3,""23"":2,""24"":1,""25"":2,""26"":1,""3"":46,""32"":1,""35"":2,""36"":1,""37"":3,""38"":3,""39"":1,""4"":2,""40"":1,""41"":2,""43"":1,""46"":1,""5"":13,""8"":37,""9"":5}",64,"{""count"":64,""unique_topologies"":64,""topology_entropy_bits"":6.0,""effective_topology_count"":64.0,""triangle_like_count"":0,""triangle_like_fraction"":0.0,""mean_nodes"":11.59375,""mean_muscles"":22.203125,""node_counts"":{""10"":2,""11"":3,""12"":4,""13"":1,""14"":4,""17"":5,""19"":8,""20"":3,""21"":2,""4"":3,""5"":1,""6"":3,""7"":9,""8"":9,""9"":7},""muscle_counts"":{""10"":1,""12"":4,""13"":2,""14"":1,""15"":7,""16"":4,""17"":1,""18"":4,""19"":1,""20"":3,""21"":2,""22"":2,""23"":3,""24"":2,""25"":2,""29"":1,""34"":1,""36"":2,""37"":1,""38"":6,""39"":2,""4"":1,""40"":1,""41"":2,""43"":1,""44"":1,""5"":3,""9"":3}}",175,5.281122310222688,221,0.221,"{""10"":27,""11"":11,""12"":3,""13"":8,""14"":9,""15"":6,""16"":11,""17"":16,""18"":13,""19"":18,""20"":25,""21"":27,""22"":4,""3"":221,""4"":149,""5"":185,""6"":107,""7"":56,""8"":62,""9"":42}","{""10"":3,""11"":84,""12"":30,""13"":4,""14"":22,""15"":21,""16"":8,""17"":36,""18"":18,""19"":13,""20"":12,""21"":16,""22"":16,""23"":11,""24"":8,""25"":4,""26"":4,""27"":2,""28"":2,""3"":221,""32"":4,""35"":2,""36"":1,""37"":4,""38"":13,""39"":11,""4"":59,""40"":19,""41"":25,""42"":6,""43"":6,""44"":13,""46"":3,""48"":1,""49"":1,""5"":113,""51"":2,""54"":1,""6"":25,""7"":7,""8"":130,""9"":19}","{""Diagonal CMA-ES"":{""attempts"":300,""discoveries"":0,""improvements"":1,""insertions"":1,""insertion_rate"":0.0033333333333333335},""Immigrant"":{""attempts"":130,""discoveries"":0,""improvements"":0,""insertions"":0,""insertion_rate"":0.0},""Morphology"":{""attempts"":323,""discoveries"":5,""improvements"":13,""insertions"":18,""insertion_rate"":0.05572755417956656},""Novelty"":{""attempts"":247,""discoveries"":0,""improvements"":1,""insertions"":1,""insertion_rate"":0.004048582995951417}}","{""Morphology"":201,""Novelty"":30}",5,0.9410377358490566,false,5000
38,80,81000,3.624567564999999,0.06671428400000001,0.063674855,0.001171842,0.001867587,3.881920496,78.54738,22.309713,4663.2329342365265,186,0.96875,53,4.254498819466374,46,0.24731182795698925,"{""10"":6,""12"":1,""13"":2,""14"":1,""15"":3,""16"":6,""17"":4,""18"":2,""19"":1,""20"":1,""21"":1,""22"":1,""3"":46,""4"":14,""5"":38,""6"":22,""7"":21,""8"":10,""9"":6}","{""10"":1,""11"":17,""12"":10,""13"":1,""14"":7,""15"":7,""16"":1,""17"":5,""18"":1,""19"":2,""20"":3,""21"":3,""22"":3,""23"":2,""24"":1,""25"":2,""26"":1,""3"":46,""32"":1,""35"":2,""36"":1,""37"":3,""38"":3,""39"":1,""4"":2,""40"":1,""41"":2,""43"":1,""46"":1,""5"":13,""8"":37,""9"":5}",64,"{""count"":64,""unique_topologies"":64,""topology_entropy_bits"":6.0,""effective_topology_count"":64.0,""triangle_like_count"":0,""triangle_like_fraction"":0.0,""mean_nodes"":11.59375,""mean_muscles"":22.203125,""node_counts"":{""10"":2,""11"":3,""12"":4,""13"":1,""14"":4,""17"":5,""19"":8,""20"":3,""21"":2,""4"":3,""5"":1,""6"":3,""7"":9,""8"":9,""9"":7},""muscle_counts"":{""10"":1,""12"":4,""13"":2,""14"":1,""15"":7,""16"":4,""17"":1,""18"":4,""19"":1,""20"":3,""21"":2,""22"":2,""23"":3,""24"":2,""25"":2,""29"":1,""34"":1,""36"":2,""37"":1,""38"":6,""39"":2,""4"":1,""40"":1,""41"":2,""43"":1,""44"":1,""5"":3,""9"":3}}",158,5.204392433997933,161,0.161,"{""10"":28,""11"":6,""13"":6,""14"":29,""15"":23,""16"":18,""17"":15,""18"":14,""19"":13,""20"":14,""21"":5,""22"":12,""3"":161,""4"":126,""5"":224,""6"":134,""7"":51,""8"":73,""9"":48}","{""10"":1,""11"":99,""12"":29,""13"":7,""14"":15,""15"":20,""16"":5,""17"":47,""18"":26,""19"":15,""20"":16,""21"":16,""22"":28,""23"":25,""24"":7,""25"":3,""26"":6,""27"":2,""28"":2,""29"":1,""3"":161,""32"":1,""34"":1,""35"":9,""37"":6,""38"":14,""39"":7,""4"":64,""40"":14,""41"":12,""42"":1,""43"":5,""44"":5,""45"":2,""46"":7,""47"":1,""5"":79,""50"":1,""51"":1,""52"":1,""55"":1,""57"":1,""6"":18,""7"":10,""8"":178,""9"":30}","{""Diagonal CMA-ES"":{""attempts"":287,""discoveries"":0,""improvements"":0,""insertions"":0,""insertion_rate"":0.0},""Immigrant"":{""attempts"":138,""discoveries"":0,""improvements"":0,""insertions"":0,""insertion_rate"":0.0},""Morphology"":{""attempts"":333,""discoveries"":0,""improvements"":6,""insertions"":6,""insertion_rate"":0.018018018018018018},""Novelty"":{""attempts"":242,""discoveries"":0,""improvements"":0,""insertions"":0,""insertion_rate"":0.0}}","{""Morphology"":217,""Novelty"":22}",0,0.9413145539906104,false,6000
38,81,82000,3.686587355999999,0.062019791000000005,0.057661297,0.001145722,0.003212772,3.947575729,78.54738,22.309713,4704.817358255386,186,0.96875,52,4.280028218735183,45,0.24193548387096775,"{""10"":6,""12"":1,""13"":1,""14"":2,""15"":3,""16"":6,""17"":4,""18"":2,""19"":1,""20"":1,""21"":1,""22"":1,""3"":45,""4"":15,""5"":37,""6"":22,""7"":21,""8"":10,""9"":7}","{""10"":1,""11"":17,""12"":10,""14"":7,""15"":8,""16"":1,""17"":5,""18"":2,""19"":2,""20"":3,""21"":3,""22"":3,""23"":2,""25"":2,""26"":1,""29"":1,""3"":45,""32"":1,""35"":2,""36"":1,""37"":3,""38"":3,""39"":1,""4"":2,""40"":1,""41"":2,""43"":1,""46"":1,""5"":14,""8"":36,""9"":5}",64,"{""count"":64,""unique_topologies"":64,""topology_entropy_bits"":6.0,""effective_topology_count"":64.0,""triangle_like_count"":0,""triangle_like_fraction"":0.0,""mean_nodes"":12.296875,""mean_muscles"":23.828125,""node_counts"":{""10"":4,""11"":3,""12"":3,""14"":4,""17"":4,""18"":1,""19"":6,""20"":5,""21"":2,""22"":1,""23"":2,""4"":4,""6"":2,""7"":7,""8"":9,""9"":7},""muscle_counts"":{""12"":3,""13"":3,""14"":1,""15"":6,""16"":4,""17"":1,""18"":4,""19"":1,""20"":2,""21"":4,""22"":2,""23"":2,""24"":2,""25"":2,""29"":1,""30"":1,""34"":1,""36"":1,""38"":5,""39"":3,""4"":1,""40"":2,""41"":2,""43"":1,""44"":2,""47"":1,""49"":1,""5"":3,""9"":2}}",163,5.358404360676158,176,0.176,"{""10"":28,""11"":12,""12"":3,""13"":7,""14"":4,""15"":12,""16"":11,""17"":16,""18"":5,""19"":23,""20"":10,""21"":5,""22"":7,""23"":2,""3"":176,""4"":147,""5"":182,""6"":93,""7"":119,""8"":79,""9"":59}","{""10"":3,""11"":63,""12"":101,""13"":9,""14"":15,""15"":25,""16"":6,""17"":44,""18"":25,""19"":12,""20"":31,""21"":12,""22"":7,""23"":16,""24"":11,""25"":2,""26"":5,""27"":1,""28"":1,""29"":3,""3"":176,""30"":1,""32"":2,""35"":2,""36"":1,""37"":8,""38"":15,""39"":4,""4"":70,""40"":22,""41"":7,""42"":2,""43"":4,""44"":1,""46"":6,""47"":2,""49"":2,""5"":98,""6"":32,""7"":18,""8"":111,""9"":24}","{""Diagonal CMA-ES"":{""attempts"":291,""discoveries"":0,""improvements"":1,""insertions"":1,""insertion_rate"":0.003436426116838488},""Immigrant"":{""attempts"":162,""discoveries"":0,""improvements"":0,""insertions"":0,""insertion_rate"":0.0},""Morphology"":{""attempts"":307,""discoveries"":10,""improvements"":8,""insertions"":18,""insertion_rate"":0.05863192182410423},""Novelty"":{""attempts"":240,""discoveries"":1,""improvements"":1,""insertions"":2,""insertion_rate"":0.008333333333333333}}","{""Morphology"":199,""Novelty"":32}",11,0.9396751740139211,false,7000
38,82,83000,3.7532577099999993,0.066670354,0.063061032,0.001157595,0.002451727,4.017677315,78.54738,22.422045,4750.976135015488,186,0.96875,51,4.259608822927595,45,0.24193548387096775,"{""10"":6,""12"":1,""13"":1,""14"":2,""15"":3,""16"":6,""17"":4,""18"":2,""19"":2,""21"":1,""22"":1,""3"":45,""4"":14,""5"":38,""6"":22,""7"":21,""8"":10,""9"":7}","{""10"":1,""11"":17,""12"":10,""14"":7,""15"":8,""16"":1,""17"":5,""18"":2,""19"":2,""20"":3,""21"":3,""22"":3,""23"":2,""25"":2,""26"":1,""29"":1,""3"":45,""32"":1,""35"":2,""36"":1,""37"":3,""38"":3,""39"":1,""4"":2,""40"":2,""41"":1,""43"":1,""46"":1,""5"":13,""8"":37,""9"":5}",64,"{""count"":64,""unique_topologies"":64,""topology_entropy_bits"":6.0,""effective_topology_count"":64.0,""triangle_like_count"":0,""triangle_like_fraction"":0.0,""mean_nodes"":12.625,""mean_muscles"":24.609375,""node_counts"":{""10"":4,""11"":4,""12"":3,""14"":4,""17"":3,""18"":1,""19"":2,""20"":7,""21"":2,""22"":1,""23"":4,""24"":1,""4"":4,""6"":2,""7"":6,""8"":9,""9"":7},""muscle_counts"":{""12"":3,""13"":3,""14"":1,""15"":5,""16"":4,""17"":1,""18"":4,""19"":1,""20"":2,""21"":4,""22"":2,""23"":2,""24"":3,""25"":2,""30"":1,""34"":1,""36"":1,""38"":3,""39"":2,""4"":1,""40"":2,""41"":3,""43"":1,""44"":2,""47"":2,""48"":1,""49"":2,""5"":3,""9"":2}}",172,5.458623558017865,184,0.184,"{""10"":36,""11"":13,""12"":4,""13"":3,""14"":12,""15"":9,""16"":7,""17"":20,""18"":12,""19"":14,""20"":10,""21"":7,""22"":2,""23"":7,""24"":2,""3"":184,""4"":152,""5"":193,""6"":88,""7"":94,""8"":64,""9"":67}","{""10"":4,""11"":66,""12"":51,""13"":7,""14"":31,""15"":29,""16"":8,""17"":32,""18"":34,""19"":12,""20"":21,""21"":23,""22"":14,""23"":12,""24"":8,""25"":4,""26"":3,""27"":3,""29"":6,""3"":184,""30"":1,""31"":1,""32"":6,""35"":2,""37"":1,""38"":19,""39"":8,""4"":68,""40"":17,""41"":11,""42"":3,""43"":2,""45"":1,""46"":2,""47"":1,""48"":2,""49"":4,""5"":119,""51"":1,""59"":1,""6"":29,""7"":7,""8"":124,""9"":18}","{""Diagonal CMA-ES"":{""attempts"":309,""discoveries"":0,""improvements"":0,""insertions"":0,""insertion_rate"":0.0},""Immigrant"":{""attempts"":152,""discoveries"":0,""improvements"":0,""insertions"":0,""insertion_rate"":0.0},""Morphology"":{""attempts"":288,""discoveries"":7,""improvements"":8,""insertions"":15,""insertion_rate"":0.052083333333333336},""Novelty"":{""attempts"":251,""discoveries"":0,""improvements"":2,""insertions"":2,""insertion_rate"":0.00796812749003984}}","{""Morphology"":192,""Novelty"":24}",6,0.9380733944954128,false,8000
38,83,84000,3.8193819159999993,0.066124206,0.062568312,0.00130363,0.002252264,4.087699353,78.54738,22.47721,4787.863751649857,186,0.96875,53,4.336341189512977,45,0.24193548387096775,"{""10"":7,""12"":1,""13"":1,""14"":2,""15"":3,""16"":6,""17"":4,""18"":3,""19"":2,""21"":1,""22"":1,""3"":45,""4"":15,""5"":37,""6"":20,""7"":21,""8"":10,""9"":7}","{""11"":14,""12"":10,""14"":7,""15"":8,""16"":2,""17"":5,""18"":2,""19"":2,""20"":3,""21"":4,""22"":3,""23"":2,""25"":2,""26"":1,""29"":1,""3"":45,""32"":1,""35"":2,""36"":1,""37"":3,""38"":3,""39"":1,""4"":2,""40"":2,""41"":2,""43"":1,""46"":1,""5"":14,""8"":36,""9"":6}",64,"{""count"":64,""unique_topologies"":64,""topology_entropy_bits"":6.0,""effective_topology_count"":64.0,""triangle_like_count"":0,""triangle_like_fraction"":0.0,""mean_nodes"":12.8125,""mean_muscles"":25.046875,""node_counts"":{""10"":4,""11"":4,""12"":4,""14"":4,""17"":3,""18"":1,""19"":1,""20"":6,""21"":2,""22"":1,""23"":5,""24"":2,""4"":4,""6"":3,""7"":4,""8"":9,""9"":7},""muscle_counts"":{""11"":1,""12"":2,""13"":4,""14"":1,""15"":4,""16"":3,""17"":1,""18"":4,""20"":2,""21"":5,""22"":2,""23"":2,""24"":3,""25"":2,""27"":1,""30"":1,""34"":1,""36"":1,""38"":2,""39"":2,""4"":1,""40"":2,""41"":2,""43"":1,""44"":2,""47"":3,""48"":1,""49"":2,""5"":3,""50"":1,""9"":2}}",173,5.3250327841737395,199,0.199,"{""10"":38,""11"":9,""12"":4,""13"":5,""14"":13,""15"":6,""16"":10,""17"":16,""18"":15,""19"":14,""20"":9,""21"":6,""22"":6,""23"":7,""24"":3,""25"":2,""3"":199,""4"":158,""5"":182,""6"":99,""7"":72,""8"":65,""9"":62}","{""10"":4,""11"":76,""12"":50,""13"":8,""14"":18,""15"":18,""16"":4,""17"":38,""18"":28,""19"":13,""20"":26,""21"":20,""22"":13,""23"":8,""24"":7,""25"":7,""26"":4,""27"":5,""29"":5,""3"":199,""30"":1,""32"":6,""35"":2,""36"":1,""37"":3,""38"":15,""39"":8,""4"":70,""40"":14,""41"":13,""42"":2,""43"":4,""44"":1,""46"":6,""47"":5,""48"":3,""49"":1,""5"":114,""50"":2,""52"":2,""6"":17,""7"":11,""8"":127,""9"":21}","{""Diagonal CMA-ES"":{""attempts"":281,""discoveries"":0,""improvements"":0,""insertions"":0,""insertion_rate"":0.0},""Immigrant"":{""attempts"":143,""discoveries"":0,""improvements"":0,""insertions"":0,""insertion_rate"":0.0},""Morphology"":{""attempts"":306,""discoveries"":6,""improvements"":14,""insertions"":20,""insertion_rate"":0.06535947712418301},""Novelty"":{""attempts"":270,""discoveries"":0,""improvements"":2,""insertions"":2,""insertion_rate"":0.007407407407407408}}","{""Morphology"":201,""Novelty"":26}",6,0.9380733944954128,false,9000
38,84,85000,3.8844031439999993,0.065021228,0.062083904,0.001124352,0.001812972,4.155946411,78.54738,22.662937,4835.959996938705,186,0.96875,53,4.342754183221432,43,0.23118279569892472,"{""10"":7,""12"":1,""13"":1,""14"":2,""15"":3,""16"":6,""17"":4,""18"":3,""19"":2,""21"":1,""22"":1,""3"":43,""4"":14,""5"":39,""6"":20,""7"":22,""8"":10,""9"":7}","{""11"":14,""12"":10,""14"":8,""15"":8,""16"":2,""17"":5,""18"":2,""19"":2,""20"":3,""21"":4,""22"":3,""23"":2,""25"":2,""26"":1,""29"":1,""3"":43,""32"":1,""35"":2,""36"":1,""37"":3,""38"":3,""39"":1,""4"":2,""40"":2,""41"":2,""43"":1,""46"":1,""5"":13,""8"":38,""9"":6}",64,"{""count"":64,""unique_topologies"":64,""topology_entropy_bits"":6.0,""effective_topology_count"":64.0,""triangle_like_count"":0,""triangle_like_fraction"":0.0,""mean_nodes"":12.90625,""mean_muscles"":25.34375,""node_counts"":{""10"":5,""11"":4,""12"":4,""14"":4,""17"":3,""18"":1,""19"":1,""20"":6,""21"":2,""22"":1,""23"":5,""24"":2,""4"":3,""6"":3,""7"":4,""8"":9,""9"":7},""muscle_counts"":{""11"":1,""12"":2,""13"":4,""14"":1,""15"":4,""16"":3,""17"":1,""18"":4,""20"":2,""21"":5,""22"":2,""23"":3,""24"":3,""25"":2,""27"":1,""30"":1,""34"":1,""36"":1,""38"":2,""39"":2,""40"":2,""41"":2,""43"":1,""44"":2,""47"":3,""48"":1,""49"":2,""5"":3,""50"":1,""9"":2}}",172,5.314796854479636,204,0.204,"{""10"":39,""11"":10,""12"":5,""13"":7,""14"":8,""15"":7,""16"":13,""17"":14,""18"":9,""19"":25,""20"":7,""21"":1,""22"":2,""23"":10,""24"":5,""25"":4,""3"":204,""4"":148,""5"":162,""6"":138,""7"":72,""8"":69,""9"":41}","{""11"":109,""12"":37,""13"":6,""14"":32,""15"":27,""16"":3,""17"":42,""18"":17,""19"":9,""20"":18,""21"":24,""22"":11,""23"":14,""24"":6,""25"":3,""26"":4,""27"":5,""28"":2,""29"":4,""3"":204,""30"":2,""32"":1,""35"":7,""36"":2,""37"":3,""38"":10,""39"":3,""4"":63,""40"":22,""41"":7,""42"":4,""43"":5,""45"":1,""46"":2,""47"":4,""48"":4,""49"":3,""5"":109,""50"":2,""51"":1,""52"":2,""53"":2,""56"":1,""6"":26,""7"":10,""8"":103,""9"":24}","{""Diagonal CMA-ES"":{""attempts"":313,""discoveries"":0,""improvements"":0,""insertions"":0,""insertion_rate"":0.0},""Immigrant"":{""attempts"":130,""discoveries"":0,""improvements"":0,""insertions"":0,""insertion_rate"":0.0},""Morphology"":{""attempts"":308,""discoveries"":1,""improvements"":8,""insertions"":9,""insertion_rate"":0.02922077922077922},""Novelty"":{""attempts"":249,""discoveries"":0,""improvements"":2,""insertions"":2,""insertion_rate"":0.008032128514056224}}","{""Morphology"":212,""Novelty"":30}",1,0.9395973154362416,false,10000
38,85,86000,3.9479830199999992,0.063579876,0.060706665,0.001099419,0.001773792,4.222742621,78.54738,22.662937,4903.972317934036,186,0.96875,52,4.320183627553354,44,0.23655913978494625,"{""10"":9,""12"":1,""13"":1,""14"":2,""15"":3,""16"":6,""17"":4,""18"":3,""19"":2,""21"":1,""22"":1,""3"":44,""4"":14,""5"":38,""6"":20,""7"":23,""8"":8,""9"":6}","{""11"":14,""12"":10,""14"":9,""15"":7,""16"":2,""17"":4,""18"":2,""19"":1,""20"":3,""21"":5,""22"":3,""23"":3,""25"":2,""26"":1,""29"":1,""3"":44,""32"":1,""35"":2,""36"":1,""37"":3,""38"":3,""39"":1,""4"":2,""40"":2,""41"":2,""43"":1,""46"":1,""5"":13,""8"":37,""9"":6}",64,"{""count"":64,""unique_topologies"":64,""topology_entropy_bits"":6.0,""effective_topology_count"":64.0,""triangle_like_count"":0,""triangle_like_fraction"":0.0,""mean_nodes"":12.890625,""mean_muscles"":25.21875,""node_counts"":{""10"":4,""11"":4,""12"":4,""14"":4,""17"":3,""18"":1,""19"":1,""20"":6,""21"":2,""22"":1,""23"":5,""24"":2,""4"":3,""6"":3,""7"":4,""8"":9,""9"":8},""muscle_counts"":{""11"":1,""12"":2,""13"":4,""14"":1,""15"":5,""16"":3,""17"":1,""18"":4,""20"":2,""21"":5,""22"":2,""23"":2,""24"":3,""25"":2,""27"":1,""30"":1,""34"":1,""36"":1,""38"":2,""39"":2,""40"":2,""41"":2,""43"":1,""44"":2,""47"":3,""48"":1,""49"":2,""5"":3,""50"":1,""9"":2}}",166,5.272131382107088,197,0.197,"{""10"":37,""11"":8,""12"":5,""13"":3,""14"":10,""15"":7,""16"":9,""17"":18,""18"":10,""19"":16,""20"":8,""21"":5,""22"":5,""23"":2,""24"":6,""25"":1,""3"":197,""4"":174,""5"":186,""6"":123,""7"":79,""8"":47,""9"":44}","{""11"":97,""12"":33,""13"":4,""14"":41,""15"":25,""16"":7,""17"":22,""18"":18,""19"":15,""20"":15,""21"":19,""22"":7,""23"":12,""24"":6,""25"":6,""26"":4,""27"":3,""28"":2,""29"":4,""3"":197,""30"":1,""31"":1,""32"":5,""35"":2,""36"":2,""37"":2,""38"":14,""39"":5,""4"":68,""40"":18,""41"":7,""42"":3,""43"":4,""44"":1,""45"":1,""46"":4,""47"":1,""48"":2,""49"":2,""5"":131,""50"":3,""52"":1,""55"":1,""6"":27,""7"":7,""8"":128,""9"":22}","{""Diagonal CMA-ES"":{""attempts"":279,""discoveries"":0,""improvements"":2,""insertions"":2,""insertion_rate"":0.007168458781362007},""Immigrant"":{""attempts"":136,""discoveries"":0,""improvements"":0,""insertions"":0,""insertion_rate"":0.0},""Morphology"":{""attempts"":304,""discoveries"":1,""improvements"":13,""insertions"":14,""insertion_rate"":0.046052631578947366},""Novelty"":{""attempts"":281,""discoveries"":0,""improvements"":2,""insertions"":2,""insertion_rate"":0.0071174377224199285}}","{""Morphology"":212,""Novelty"":37}",1,0.9403973509933775,false,11000
38,86,87000,4.012541214,0.064558194,0.061205323,0.001284634,0.002068237,4.290704738,78.54738,22.746445,4930.176355600357,186,0.96875,52,4.343404522238634,43,0.23118279569892472,"{""10"":9,""12"":1,""13"":1,""14"":2,""15"":3,""16"":6,""17"":3,""18"":4,""19"":2,""21"":1,""22"":1,""3"":43,""4"":15,""5"":37,""6"":20,""7"":23,""8"":10,""9"":5}","{""11"":14,""12"":10,""14"":9,""15"":8,""16"":1,""17"":5,""18"":2,""19"":1,""20"":3,""21"":5,""22"":3,""23"":3,""25"":2,""26"":1,""29"":1,""3"":43,""32"":1,""35"":2,""36"":1,""37"":3,""38"":2,""39"":2,""4"":2,""40"":2,""41"":2,""43"":1,""46"":1,""5"":14,""8"":36,""9"":6}",64,"{""count"":64,""unique_topologies"":64,""topology_entropy_bits"":6.0,""effective_topology_count"":64.0,""triangle_like_count"":0,""triangle_like_fraction"":0.0,""mean_nodes"":12.9375,""mean_muscles"":25.390625,""node_counts"":{""10"":4,""11"":5,""12"":4,""14"":4,""17"":3,""18"":1,""19"":1,""20"":6,""21"":2,""22"":1,""23"":5,""24"":2,""4"":3,""6"":3,""7"":4,""8"":8,""9"":8},""muscle_counts"":{""11"":1,""12"":2,""13"":3,""14"":1,""15"":5,""16"":3,""17"":1,""18"":4,""20"":2,""21"":5,""22"":2,""23"":2,""24"":4,""25"":2,""27"":1,""30"":1,""34"":1,""36"":1,""38"":2,""39"":2,""40"":2,""41"":2,""43"":1,""44"":2,""47"":3,""48"":1,""49"":2,""5"":3,""50"":1,""9"":2}}",158,4.9868011288434975,277,0.277,"{""10"":33,""11"":14,""12"":3,""13"":6,""14"":4,""15"":5,""16"":8,""17"":16,""18"":13,""19"":11,""20"":6,""21"":1,""23"":3,""24"":6,""3"":277,""4"":191,""5"":161,""6"":92,""7"":61,""8"":59,""9"":30}","{""11"":71,""12"":41,""13"":9,""14"":26,""15"":15,""16"":7,""17"":31,""18"":17,""19"":4,""20"":10,""21"":18,""22"":9,""23"":9,""24"":6,""25"":4,""26"":5,""27"":1,""28"":2,""29"":4,""3"":277,""30"":1,""32"":2,""35"":3,""37"":3,""38"":14,""39"":5,""4"":85,""40"":12,""41"":10,""42"":1,""43"":2,""45"":1,""47"":2,""49"":3,""5"":130,""50"":4,""51"":1,""6"":32,""7"":11,""8"":94,""9"":18}","{""Diagonal CMA-ES"":{""attempts"":297,""discoveries"":0,""improvements"":0,""insertions"":0,""insertion_rate"":0.0},""Immigrant"":{""attempts"":149,""discoveries"":0,""improvements"":0,""insertions"":0,""insertion_rate"":0.0},""Morphology"":{""attempts"":314,""discoveries"":1,""improvements"":10,""insertions"":11,""insertion_rate"":0.03503184713375796},""Novelty"":{""attempts"":240,""discoveries"":1,""improvements"":1,""insertions"":2,""insertion_rate"":0.008333333333333333}}","{""Morphology"":203,""Novelty"":31}",2,0.9411764705882353,false,12000
38,87,88000,4.0789836159999995,0.066442402,0.063194012,0.001117228,0.002131162,4.360145015,78.54738,22.767555,4950.995836019516,186,0.96875,51,4.289248925065146,45,0.24193548387096775,"{""10"":8,""12"":1,""13"":1,""14"":2,""15"":3,""16"":6,""17"":3,""18"":4,""19"":2,""21"":1,""22"":1,""3"":45,""4"":14,""5"":37,""6"":19,""7"":24,""8"":10,""9"":5}","{""11"":14,""12"":11,""14"":9,""15"":8,""16"":1,""17"":5,""18"":2,""19"":1,""20"":3,""21"":4,""22"":3,""23"":3,""25"":2,""26"":1,""29"":1,""3"":45,""32"":1,""35"":2,""36"":1,""37"":3,""38"":2,""39"":2,""4"":2,""40"":2,""41"":2,""43"":1,""46"":1,""5"":13,""8"":36,""9"":5}",64,"{""count"":64,""unique_topologies"":64,""topology_entropy_bits"":6.0,""effective_topology_count"":64.0,""triangle_like_count"":0,""triangle_like_fraction"":0.0,""mean_nodes"":12.9375,""mean_muscles"":25.390625,""node_counts"":{""10"":4,""11"":5,""12"":4,""14"":4,""17"":3,""18"":1,""19"":1,""20"":6,""21"":2,""22"":1,""23"":5,""24"":2,""4"":3,""6"":3,""7"":4,""8"":8,""9"":8},""muscle_counts"":{""11"":1,""12"":2,""13"":3,""14"":1,""15"":5,""16"":3,""17"":1,""18"":4,""20"":2,""21"":5,""22"":2,""23"":2,""24"":4,""25"":2,""27"":1,""30"":1,""34"":1,""36"":1,""38"":2,""39"":2,""40"":2,""41"":2,""43"":1,""44"":2,""47"":3,""48"":1,""49"":2,""5"":3,""50"":1,""9"":2}}",166,5.140947019455537,234,0.234,"{""10"":35,""11"":14,""12"":8,""13"":4,""14"":8,""15"":10,""16"":16,""17"":16,""18"":6,""19"":17,""20"":10,""21"":1,""22"":4,""23"":4,""24"":3,""25"":1,""3"":234,""4"":175,""5"":173,""6"":103,""7"":72,""8"":54,""9"":32}","{""11"":80,""12"":43,""13"":6,""14"":27,""15"":18,""16"":7,""17"":26,""18"":14,""19"":9,""20"":13,""21"":18,""22"":10,""23"":18,""24"":11,""25"":9,""26"":2,""28"":1,""29"":6,""3"":234,""30"":1,""32"":5,""35"":3,""36"":4,""37"":9,""38"":11,""39"":1,""4"":75,""40"":12,""41"":9,""42"":3,""43"":5,""44"":2,""45"":1,""46"":2,""47"":3,""48"":1,""49"":3,""5"":122,""50"":1,""51"":2,""52"":1,""6"":22,""7"":9,""8"":120,""9"":21}","{""Diagonal CMA-ES"":{""attempts"":298,""discoveries"":0,""improvements"":0,""insertions"":0,""insertion_rate"":0.0},""Immigrant"":{""attempts"":159,""discoveries"":0,""improvements"":0,""insertions"":0,""insertion_rate"":0.0},""Morphology"":{""attempts"":302,""discoveries"":0,""improvements"":6,""insertions"":6,""insertion_rate"":0.019867549668874173},""Novelty"":{""attempts"":241,""discoveries"":0,""improvements"":1,""insertions"":1,""insertion_rate"":0.004149377593360996}}","{""Morphology"":212,""Novelty"":20}",0,0.941304347826087,false,13000
38,88,89000,4.148159131,0.069175515,0.065088907,0.001144535,0.002942073,4.433302658,78.54738,22.89819,4969.837688207626,186,0.96875,50,4.24384785964291,46,0.24731182795698925,"{""10"":8,""12"":1,""13"":1,""14"":2,""15"":2,""16"":6,""17"":3,""18"":4,""19"":2,""21"":1,""22"":1,""3"":46,""4"":13,""5"":38,""6"":18,""7"":23,""8"":11,""9"":6}","{""11"":13,""12"":11,""14"":8,""15"":8,""16"":1,""17"":6,""18"":2,""19"":1,""20"":4,""21"":4,""22"":2,""23"":3,""25"":2,""26"":1,""29"":1,""3"":46,""32"":1,""35"":2,""36"":1,""37"":3,""38"":2,""39"":2,""4"":2,""40"":2,""41"":2,""43"":1,""46"":1,""5"":12,""8"":37,""9"":5}",64,"{""count"":64,""unique_topologies"":64,""topology_entropy_bits"":6.0,""effective_topology_count"":64.0,""triangle_like_count"":0,""triangle_like_fraction"":0.0,""mean_nodes"":13.265625,""mean_muscles"":26.515625,""node_counts"":{""10"":4,""11"":6,""12"":3,""14"":3,""17"":3,""18"":1,""19"":2,""20"":7,""21"":2,""22"":1,""23"":4,""24"":2,""25"":1,""4"":3,""6"":2,""7"":4,""8"":7,""9"":9},""muscle_counts"":{""11"":1,""12"":2,""13"":2,""14"":1,""15"":5,""16"":3,""17"":1,""18"":5,""20"":2,""21"":4,""22"":2,""23"":2,""24"":4,""25"":2,""27"":1,""30"":1,""34"":1,""36"":1,""38"":2,""39"":1,""40"":2,""41"":4,""42"":1,""43"":1,""44"":2,""47"":2,""48"":2,""49"":1,""5"":3,""50"":1,""60"":1,""9"":1}}",165,5.259956817888002,183,0.183,"{""10"":38,""11"":13,""12"":4,""13"":3,""14"":6,""15"":7,""16"":13,""17"":11,""18"":5,""19"":16,""20"":7,""21"":6,""22"":2,""23"":6,""24"":2,""25"":2,""3"":183,""4"":141,""5"":205,""6"":114,""7"":95,""8"":76,""9"":45}","{""11"":85,""12"":66,""13"":8,""14"":28,""15"":25,""16"":7,""17"":43,""18"":26,""19"":4,""20"":16,""21"":28,""22"":12,""23"":12,""24"":5,""25"":4,""26"":5,""29"":4,""3"":183,""32"":3,""35"":1,""36"":2,""37"":8,""38"":9,""39"":2,""4"":51,""40"":13,""41"":8,""42"":6,""44"":3,""46"":3,""47"":2,""48"":2,""49"":3,""5"":109,""50"":1,""52"":1,""59"":1,""6"":26,""60"":1,""7"":17,""8"":143,""9"":24}","{""Diagonal CMA-ES"":{""attempts"":307,""discoveries"":0,""improvements"":0,""insertions"":0,""insertion_rate"":0.0},""Immigrant"":{""attempts"":151,""discoveries"":0,""improvements"":0,""insertions"":0,""insertion_rate"":0.0},""Morphology"":{""attempts"":286,""discoveries"":7,""improvements"":5,""insertions"":12,""insertion_rate"":0.04195804195804196},""Novelty"":{""attempts"":256,""discoveries"":0,""improvements"":2,""insertions"":2,""insertion_rate"":0.0078125}}","{""Morphology"":196,""Novelty"":34}",7,0.9414316702819957,false,14000
38,89,90000,4.2201259339999995,0.071966803,0.068853762,0.001121977,0.001991064,4.508489356,78.54738,22.938862,4983.691983938217,186,0.96875,50,4.241969625374746,47,0.25268817204301075,"{""10"":8,""12"":1,""13"":1,""14"":2,""15"":2,""16"":6,""17"":3,""18"":4,""19"":2,""21"":1,""22"":1,""3"":47,""4"":13,""5"":37,""6"":18,""7"":23,""8"":11,""9"":6}","{""11"":13,""12"":11,""14"":8,""15"":8,""16"":1,""17"":6,""18"":2,""19"":1,""20"":4,""21"":4,""22"":2,""23"":3,""25"":2,""26"":1,""29"":1,""3"":47,""32"":1,""35"":2,""36"":1,""37"":3,""38"":2,""39"":2,""4"":2,""40"":2,""41"":2,""43"":1,""46"":1,""5"":12,""8"":36,""9"":5}",64,"{""count"":64,""unique_topologies"":64,""topology_entropy_bits"":6.0,""effective_topology_count"":64.0,""triangle_like_count"":0,""triangle_like_fraction"":0.0,""mean_nodes"":12.75,""mean_muscles"":25.453125,""node_counts"":{""10"":5,""11"":6,""12"":3,""14"":3,""17"":3,""18"":1,""19"":2,""20"":5,""21"":1,""22"":1,""23"":4,""24"":1,""25"":1,""26"":1,""4"":3,""6"":2,""7"":4,""8"":9,""9"":9},""muscle_counts"":{""11"":1,""12"":2,""13"":3,""14"":1,""15"":5,""16"":3,""17"":2,""18"":5,""19"":1,""20"":2,""21"":4,""22"":2,""23"":2,""24"":4,""25"":2,""27"":1,""30"":1,""34"":1,""36"":1,""38"":2,""39"":1,""40"":2,""41"":3,""42"":1,""44"":1,""47"":2,""48"":2,""49"":1,""5"":3,""60"":1,""61"":1,""9"":1}}",172,5.270501079139249,198,0.198,"{""10"":61,""11"":11,""12"":4,""13"":7,""14"":6,""15"":3,""16"":11,""17"":20,""18"":4,""19"":17,""20"":12,""21"":27,""22"":6,""23"":1,""24"":1,""25"":5,""26"":4,""3"":198,""4"":137,""5"":174,""6"":61,""7"":66,""8"":61,""9"":103}","{""11"":42,""12"":40,""13"":8,""14"":22,""15"":16,""16"":9,""17"":32,""18"":18,""19"":13,""20"":83,""21"":37,""22"":7,""23"":15,""24"":6,""25"":4,""26"":8,""27"":4,""29"":4,""3"":198,""32"":1,""35"":5,""36"":1,""37"":6,""38"":18,""39"":2,""4"":69,""40"":13,""41"":10,""42"":4,""43"":25,""44"":3,""45"":3,""46"":5,""47"":1,""48"":1,""49"":3,""5"":89,""50"":1,""53"":1,""6"":25,""60"":1,""61"":3,""63"":1,""7"":6,""8"":122,""9"":15}","{""Diagonal CMA-ES"":{""attempts"":304,""discoveries"":0,""improvements"":0,""insertions"":0,""insertion_rate"":0.0},""Immigrant"":{""attempts"":148,""discoveries"":0,""improvements"":0,""insertions"":0,""insertion_rate"":0.0},""Morphology"":{""attempts"":301,""discoveries"":4,""improvements"":7,""insertions"":11,""insertion_rate"":0.036544850498338874},""Novelty"":{""attempts"":247,""discoveries"":0,""improvements"":0,""insertions"":0,""insertion_rate"":0.0}}","{""Morphology"":205,""Novelty"":34}",4,0.9416846652267818,false,15000
38,90,91000,4.2894973499999995,0.069371416,0.066079096,0.001194401,0.002097919,4.5830444230000005,78.54738,22.938862,4996.599462270737,186,0.96875,50,4.241969625374747,47,0.25268817204301075,"{""10"":8,""12"":1,""13"":1,""14"":2,""15"":2,""16"":6,""17"":3,""18"":4,""19"":2,""21"":1,""22"":1,""3"":47,""4"":13,""5"":37,""6"":18,""7"":23,""8"":11,""9"":6}","{""11"":13,""12"":11,""14"":8,""15"":8,""16"":1,""17"":6,""18"":2,""19"":1,""20"":4,""21"":4,""22"":2,""23"":3,""25"":2,""26"":1,""29"":1,""3"":47,""32"":1,""35"":2,""36"":1,""37"":3,""38"":2,""39"":2,""4"":2,""40"":2,""41"":2,""43"":1,""46"":1,""5"":12,""8"":36,""9"":5}",64,"{""count"":64,""unique_topologies"":64,""topology_entropy_bits"":6.0,""effective_topology_count"":64.0,""triangle_like_count"":0,""triangle_like_fraction"":0.0,""mean_nodes"":12.75,""mean_muscles"":25.453125,""node_counts"":{""10"":5,""11"":6,""12"":3,""14"":3,""17"":3,""18"":1,""19"":2,""20"":5,""21"":1,""22"":1,""23"":4,""24"":1,""25"":1,""26"":1,""4"":3,""6"":2,""7"":4,""8"":9,""9"":9},""muscle_counts"":{""11"":1,""12"":2,""13"":3,""14"":1,""15"":5,""16"":3,""17"":2,""18"":5,""19"":1,""20"":2,""21"":4,""22"":2,""23"":2,""24"":4,""25"":2,""27"":1,""30"":1,""34"":1,""36"":1,""38"":2,""39"":1,""40"":2,""41"":3,""42"":1,""44"":1,""47"":2,""48"":2,""49"":1,""5"":3,""60"":1,""61"":1,""9"":1}}",169,5.443820005545107,201,0.201,"{""10"":50,""11"":19,""12"":4,""13"":6,""14"":10,""15"":8,""16"":16,""17"":18,""18"":11,""19"":14,""20"":5,""21"":5,""22"":3,""24"":1,""26"":4,""27"":3,""3"":201,""4"":138,""5"":169,""6"":86,""7"":78,""8"":87,""9"":64}","{""10"":1,""11"":68,""12"":51,""13"":13,""14"":24,""15"":24,""16"":11,""17"":47,""18"":25,""19"":8,""20"":30,""21"":25,""22"":13,""23"":21,""24"":10,""25"":6,""26"":10,""27"":3,""28"":1,""29"":5,""3"":201,""32"":4,""35"":4,""36"":2,""37"":8,""38"":15,""39"":3,""4"":76,""40"":11,""41"":12,""42"":3,""43"":4,""44"":1,""46"":4,""48"":1,""5"":92,""51"":1,""6"":23,""61"":3,""62"":2,""63"":1,""64"":1,""7"":11,""8"":105,""9"":16}","{""Diagonal CMA-ES"":{""attempts"":324,""discoveries"":0,""improvements"":0,""insertions"":0,""insertion_rate"":0.0},""Immigrant"":{""attempts"":147,""discoveries"":0,""improvements"":0,""insertions"":0,""insertion_rate"":0.0},""Morphology"":{""attempts"":292,""discoveries"":0,""improvements"":2,""insertions"":2,""insertion_rate"":0.00684931506849315},""Novelty"":{""attempts"":237,""discoveries"":0,""improvements"":1,""insertions"":1,""insertion_rate"":0.004219409282700422}}","{""Morphology"":206,""Novelty"":24}",0,0.9416846652267818,false,16000
38,91,92000,4.358738164999999,0.06924081500000001,0.065855888,0.00143898,0.001945947,4.655934928,78.54738,22.938862,5031.129848241806,186,0.96875,50,4.225672418926203,48,0.25806451612903225,"{""10"":8,""12"":1,""13"":1,""14"":2,""15"":2,""16"":6,""17"":3,""18"":4,""19"":2,""21"":1,""22"":1,""3"":48,""4"":13,""5"":37,""6"":16,""7"":22,""8"":12,""9"":7}","{""11"":11,""12"":10,""14"":8,""15"":8,""16"":1,""17"":7,""18"":3,""19"":1,""20"":4,""21"":4,""22"":2,""23"":3,""25"":2,""26"":1,""29"":1,""3"":48,""32"":1,""35"":2,""36"":1,""37"":3,""38"":2,""39"":2,""4"":2,""40"":2,""41"":2,""43"":1,""46"":1,""5"":12,""8"":36,""9"":5}",64,"{""count"":64,""unique_topologies"":64,""topology_entropy_bits"":6.0,""effective_topology_count"":64.0,""triangle_like_count"":0,""triangle_like_fraction"":0.0,""mean_nodes"":13.3125,""mean_muscles"":27.0625,""node_counts"":{""10"":6,""11"":5,""12"":2,""17"":2,""18"":2,""19"":1,""20"":8,""21"":2,""23"":4,""24"":2,""25"":2,""26"":1,""4"":3,""6"":1,""7"":5,""8"":9,""9"":9},""muscle_counts"":{""11"":1,""12"":3,""13"":3,""15"":5,""16"":2,""17"":3,""18"":5,""19"":2,""20"":2,""21"":2,""22"":1,""23"":2,""24"":4,""25"":2,""27"":1,""30"":1,""38"":1,""39"":2,""40"":2,""41"":4,""42"":1,""43"":1,""45"":2,""47"":2,""48"":3,""49"":2,""5"":3,""60"":1,""61"":1}}",172,5.262989260108016,188,0.188,"{""10"":47,""11"":20,""12"":9,""13"":5,""14"":22,""15"":16,""16"":10,""17"":9,""18"":13,""19"":5,""20"":9,""21"":8,""22"":4,""24"":1,""25"":2,""26"":1,""27"":1,""3"":188,""4"":135,""5"":234,""6"":112,""7"":57,""8"":50,""9"":42}","{""11"":76,""12"":28,""13"":6,""14"":23,""15"":24,""16"":5,""17"":23,""18"":16,""19"":18,""20"":24,""21"":15,""22"":25,""23"":21,""24"":11,""25"":12,""26"":5,""28"":3,""29"":9,""3"":188,""32"":9,""34"":1,""35"":2,""36"":2,""38"":5,""39"":7,""4"":61,""40"":3,""41"":10,""42"":5,""43"":9,""44"":2,""45"":2,""46"":1,""48"":1,""49"":2,""5"":97,""50"":1,""52"":1,""6"":29,""62"":1,""64"":1,""7"":7,""8"":175,""9"":34}","{""Diagonal CMA-ES"":{""attempts"":291,""discoveries"":0,""improvements"":0,""insertions"":0,""insertion_rate"":0.0},""Immigrant"":{""attempts"":158,""discoveries"":0,""improvements"":0,""insertions"":0,""insertion_rate"":0.0},""Morphology"":{""attempts"":309,""discoveries"":13,""improvements"":8,""insertions"":21,""insertion_rate"":0.06796116504854369},""Novelty"":{""attempts"":242,""discoveries"":0,""improvements"":0,""insertions"":0,""insertion_rate"":0.0}}","{""Morphology"":209,""Novelty"":33}",13,0.9404255319148936,false,17000
38,92,93000,4.424448017,0.06570985199999999,0.062653801,0.001083984,0.001972067,4.724595164,78.54738,22.938862,5090.0797345638275,186,0.96875,53,4.341174254770734,46,0.24731182795698925,"{""10"":8,""12"":1,""13"":1,""14"":2,""15"":2,""16"":6,""17"":3,""18"":4,""19"":2,""21"":1,""22"":1,""3"":46,""4"":13,""5"":36,""6"":18,""7"":22,""8"":11,""9"":9}","{""11"":11,""12"":11,""14"":8,""15"":8,""16"":1,""17"":6,""18"":4,""19"":1,""20"":5,""21"":4,""22"":2,""23"":3,""25"":2,""26"":1,""29"":1,""3"":46,""32"":1,""35"":2,""36"":1,""37"":3,""38"":2,""39"":2,""4"":2,""40"":2,""41"":2,""43"":1,""46"":1,""5"":12,""8"":35,""9"":6}",64,"{""count"":64,""unique_topologies"":64,""topology_entropy_bits"":6.0,""effective_topology_count"":64.0,""triangle_like_count"":0,""triangle_like_fraction"":0.0,""mean_nodes"":12.921875,""mean_muscles"":26.328125,""node_counts"":{""10"":5,""11"":8,""12"":2,""17"":2,""18"":2,""19"":1,""20"":9,""21"":1,""23"":3,""24"":1,""25"":2,""26"":1,""4"":3,""6"":1,""7"":5,""8"":9,""9"":9},""muscle_counts"":{""11"":1,""12"":3,""13"":3,""15"":5,""16"":2,""17"":3,""18"":5,""19"":2,""20"":3,""21"":1,""22"":2,""23"":2,""24"":4,""25"":2,""26"":1,""27"":1,""30"":1,""38"":1,""39"":2,""40"":1,""41"":5,""42"":1,""43"":1,""45"":2,""47"":1,""48"":2,""49"":2,""5"":3,""60"":1,""61"":1}}",179,5.192193541162461,127,0.127,"{""10"":32,""11"":23,""12"":4,""14"":11,""15"":7,""16"":5,""17"":7,""18"":9,""19"":5,""20"":8,""21"":9,""22"":5,""25"":3,""26"":1,""3"":127,""4"":141,""5"":164,""6"":86,""7"":259,""8"":64,""9"":30}","{""10"":3,""11"":54,""12"":26,""13"":11,""14"":15,""15"":233,""16"":6,""17"":22,""18"":17,""19"":15,""20"":15,""21"":15,""22"":19,""23"":14,""24"":4,""25"":3,""26"":5,""27"":2,""28"":2,""29"":5,""3"":127,""31"":2,""32"":3,""33"":1,""36"":1,""37"":1,""38"":3,""39"":5,""4"":71,""40"":3,""41"":4,""42"":3,""43"":10,""44"":4,""45"":1,""46"":4,""49"":4,""5"":88,""50"":1,""52"":1,""56"":1,""6"":27,""7"":11,""8"":108,""9"":30}","{""Diagonal CMA-ES"":{""attempts"":278,""discoveries"":0,""improvements"":0,""insertions"":0,""insertion_rate"":0.0},""Immigrant"":{""attempts"":138,""discoveries"":0,""improvements"":0,""insertions"":0,""insertion_rate"":0.0},""Morphology"":{""attempts"":317,""discoveries"":5,""improvements"":8,""insertions"":13,""insertion_rate"":0.04100946372239748},""Novelty"":{""attempts"":267,""discoveries"":0,""improvements"":0,""insertions"":0,""insertion_rate"":0.0}}","{""Morphology"":227,""Novelty"":34}",7,0.9409282700421941,false,18000
38,93,94000,4.4896414039999994,0.065193387,0.061791838,0.00126445,0.002137099,4.793497605,78.54738,22.938862,5136.514038801193,186,0.96875,54,4.367563779419376,45,0.24193548387096775,"{""10"":10,""12"":1,""13"":1,""14"":2,""15"":2,""16"":6,""17"":3,""18"":4,""19"":2,""21"":1,""22"":1,""3"":45,""4"":13,""5"":36,""6"":19,""7"":24,""8"":8,""9"":8}","{""11"":11,""12"":12,""14"":9,""15"":6,""16"":1,""17"":5,""18"":4,""19"":1,""20"":4,""21"":5,""22"":2,""23"":4,""25"":2,""26"":1,""29"":1,""3"":45,""32"":1,""35"":2,""36"":1,""37"":3,""38"":2,""39"":2,""4"":2,""40"":2,""41"":2,""43"":1,""46"":1,""5"":12,""8"":35,""9"":7}",64,"{""count"":64,""unique_topologies"":64,""topology_entropy_bits"":6.0,""effective_topology_count"":64.0,""triangle_like_count"":0,""triangle_like_fraction"":0.0,""mean_nodes"":12.890625,""mean_muscles"":26.203125,""node_counts"":{""10"":6,""11"":8,""12"":1,""17"":2,""18"":2,""19"":1,""20"":9,""21"":1,""23"":3,""24"":1,""25"":2,""26"":1,""4"":3,""6"":1,""7"":5,""8"":9,""9"":9},""muscle_counts"":{""11"":1,""12"":3,""13"":3,""15"":5,""16"":2,""17"":3,""18"":5,""19"":3,""20"":3,""21"":1,""22"":2,""23"":2,""24"":4,""25"":2,""26"":1,""30"":1,""38"":1,""39"":2,""40"":1,""41"":5,""42"":1,""43"":1,""45"":2,""47"":1,""48"":2,""49"":2,""5"":3,""60"":1,""61"":1}}",164,5.183004533120503,182,0.182,"{""10"":39,""11"":22,""12"":13,""14"":11,""15"":15,""16"":7,""17"":10,""18"":15,""19"":3,""20"":11,""21"":9,""22"":1,""23"":2,""25"":1,""3"":182,""4"":150,""5"":250,""6"":97,""7"":83,""8"":42,""9"":37}","{""11"":54,""12"":37,""13"":11,""14"":18,""15"":46,""16"":4,""17"":15,""18"":10,""19"":15,""20"":25,""21"":17,""22"":17,""23"":21,""24"":10,""25"":6,""26"":6,""27"":2,""28"":2,""29"":6,""3"":182,""32"":9,""36"":3,""37"":2,""38"":4,""39"":7,""4"":73,""40"":4,""41"":16,""42"":2,""43"":9,""45"":1,""46"":1,""47"":2,""49"":1,""5"":106,""50"":1,""6"":25,""7"":6,""8"":190,""9"":34}","{""Diagonal CMA-ES"":{""attempts"":306,""discoveries"":0,""improvements"":0,""insertions"":0,""insertion_rate"":0.0},""Immigrant"":{""attempts"":160,""discoveries"":0,""improvements"":0,""insertions"":0,""insertion_rate"":0.0},""Morphology"":{""attempts"":305,""discoveries"":1,""improvements"":12,""insertions"":13,""insertion_rate"":0.04262295081967213},""Novelty"":{""attempts"":229,""discoveries"":0,""improvements"":0,""insertions"":0,""insertion_rate"":0.0}}","{""Morphology"":210,""Novelty"":24}",2,0.9409282700421941,false,19000
38,94,95000,4.5565682149999995,0.066926811,0.063887382,0.00119915,0.001840279,4.8642806929999995,78.54738,24.073889,5215.16613984108,186,0.96875,54,4.393920691697818,44,0.23655913978494625,"{""10"":12,""12"":1,""13"":1,""14"":2,""15"":2,""16"":6,""17"":3,""18"":4,""19"":2,""21"":1,""22"":1,""3"":44,""4"":12,""5"":36,""6"":19,""7"":25,""8"":8,""9"":7}","{""11"":11,""12"":12,""14"":10,""15"":6,""16"":1,""17"":5,""18"":4,""19"":1,""20"":3,""21"":6,""22"":2,""23"":5,""25"":2,""26"":1,""29"":1,""3"":44,""32"":1,""35"":2,""36"":1,""37"":3,""38"":2,""39"":2,""4"":2,""40"":2,""41"":2,""43"":1,""46"":1,""5"":11,""8"":35,""9"":7}",64,"{""count"":64,""unique_topologies"":64,""topology_entropy_bits"":6.0,""effective_topology_count"":64.0,""triangle_like_count"":0,""triangle_like_fraction"":0.0,""mean_nodes"":12.859375,""mean_muscles"":26.140625,""node_counts"":{""10"":6,""11"":8,""12"":1,""17"":2,""18"":2,""19"":1,""20"":9,""21"":1,""23"":3,""24"":1,""25"":2,""26"":1,""4"":3,""6"":2,""7"":5,""8"":8,""9"":9},""muscle_counts"":{""11"":1,""12"":3,""13"":2,""15"":5,""16"":2,""17"":3,""18"":5,""19"":3,""20"":3,""21"":1,""22"":2,""23"":2,""24"":4,""25"":2,""26"":1,""30"":1,""38"":1,""39"":2,""40"":1,""41"":5,""42"":1,""43"":1,""45"":2,""47"":1,""48"":2,""49"":2,""5"":3,""60"":1,""61"":1,""9"":1}}",163,5.334846824107175,190,0.19,"{""10"":46,""11"":23,""12"":11,""14"":16,""15"":16,""16"":10,""17"":6,""18"":8,""19"":2,""20"":6,""21"":13,""22"":4,""23"":2,""25"":3,""26"":2,""3"":190,""4"":163,""5"":187,""6"":133,""7"":82,""8"":45,""9"":32}","{""10"":2,""11"":71,""12"":45,""13"":6,""14"":29,""15"":32,""16"":4,""17"":18,""18"":9,""19"":12,""20"":30,""21"":16,""22"":23,""23"":31,""24"":5,""25"":9,""26"":4,""29"":8,""3"":190,""32"":9,""35"":2,""36"":1,""38"":3,""39"":4,""4"":80,""40"":2,""41"":8,""42"":1,""43"":9,""44"":2,""45"":2,""46"":5,""47"":1,""48"":1,""49"":3,""5"":107,""50"":2,""52"":1,""55"":1,""6"":22,""7"":9,""8"":132,""9"":49}","{""Diagonal CMA-ES"":{""attempts"":291,""discoveries"":0,""improvements"":0,""insertions"":0,""insertion_rate"":0.0},""Immigrant"":{""attempts"":175,""discoveries"":0,""improvements"":0,""insertions"":0,""insertion_rate"":0.0},""Morphology"":{""attempts"":284,""discoveries"":1,""improvements"":9,""insertions"":10,""insertion_rate"":0.035211267605633804},""Novelty"":{""attempts"":250,""discoveries"":0,""improvements"":3,""insertions"":3,""insertion_rate"":0.012}}","{""Morphology"":192,""Novelty"":37}",1,0.9425051334702259,false,20000
38,95,96000,4.620843836,0.064275621,0.060568942,0.001282259,0.00242442,4.932131206,78.54738,24.073889,5231.210499048233,186,0.96875,52,4.359788887689234,44,0.23655913978494625,"{""10"":12,""12"":1,""13"":1,""14"":2,""15"":2,""16"":6,""17"":2,""18"":5,""19"":2,""21"":1,""22"":1,""3"":44,""4"":12,""5"":36,""6"":20,""7"":24,""8"":8,""9"":7}","{""11"":12,""12"":11,""14"":10,""15"":6,""16"":1,""17"":5,""18"":4,""19"":1,""20"":3,""21"":6,""22"":2,""23"":5,""25"":2,""26"":1,""29"":1,""3"":44,""32"":1,""35"":2,""37"":3,""38"":2,""39"":2,""4"":2,""40"":2,""41"":3,""43"":1,""46"":1,""5"":11,""8"":35,""9"":7}",64,"{""count"":64,""unique_topologies"":64,""topology_entropy_bits"":6.0,""effective_topology_count"":64.0,""triangle_like_count"":0,""triangle_like_fraction"":0.0,""mean_nodes"":12.859375,""mean_muscles"":26.140625,""node_counts"":{""10"":6,""11"":8,""12"":1,""17"":2,""18"":2,""19"":1,""20"":9,""21"":1,""23"":3,""24"":1,""25"":2,""26"":1,""4"":3,""6"":2,""7"":5,""8"":8,""9"":9},""muscle_counts"":{""11"":1,""12"":3,""13"":2,""15"":5,""16"":2,""17"":3,""18"":5,""19"":3,""20"":3,""21"":1,""22"":2,""23"":2,""24"":4,""25"":2,""26"":1,""30"":1,""38"":1,""39"":2,""40"":1,""41"":5,""42"":1,""43"":1,""45"":2,""47"":1,""48"":2,""49"":2,""5"":3,""60"":1,""61"":1,""9"":1}}",157,5.317737574301519,169,0.169,"{""10"":39,""11"":23,""12"":8,""13"":2,""14"":17,""15"":12,""16"":9,""17"":6,""18"":9,""19"":7,""20"":8,""21"":6,""22"":7,""23"":2,""24"":1,""26"":1,""3"":169,""4"":144,""5"":250,""6"":110,""7"":92,""8"":46,""9"":32}","{""11"":46,""12"":67,""13"":6,""14"":21,""15"":26,""16"":10,""17"":17,""18"":9,""19"":10,""20"":23,""21"":14,""22"":21,""23"":22,""24"":10,""25"":7,""26"":5,""27"":3,""29"":10,""3"":169,""30"":1,""31"":2,""32"":5,""33"":1,""35"":1,""36"":1,""38"":4,""39"":4,""4"":65,""40"":3,""41"":6,""42"":3,""43"":6,""44"":3,""45"":2,""46"":6,""47"":1,""48"":1,""49"":1,""5"":122,""50"":1,""52"":4,""55"":1,""6"":25,""7"":9,""8"":174,""9"":52}","{""Diagonal CMA-ES"":{""attempts"":308,""discoveries"":0,""improvements"":0,""insertions"":0,""insertion_rate"":0.0},""Immigrant"":{""attempts"":146,""discoveries"":0,""improvements"":0,""insertions"":0,""insertion_rate"":0.0},""Morphology"":{""attempts"":295,""discoveries"":0,""improvements"":5,""insertions"":5,""insertion_rate"":0.01694915254237288},""Novelty"":{""attempts"":251,""discoveries"":0,""improvements"":0,""insertions"":0,""insertion_rate"":0.0}}","{""Morphology"":195,""Novelty"":35}",0,0.9433198380566802,false,21000
38,96,97000,4.688428399999999,0.067584564,0.063443341,0.001765481,0.002375742,5.004200115,78.54738,24.219196,5323.9838008880615,186,0.96875,53,4.350170644190005,46,0.24731182795698925,"{""10"":13,""12"":1,""13"":1,""14"":2,""15"":2,""16"":6,""17"":2,""18"":5,""19"":2,""21"":1,""22"":1,""3"":46,""4"":13,""5"":35,""6"":18,""7"":23,""8"":8,""9"":7}","{""11"":11,""12"":10,""14"":10,""15"":6,""16"":1,""17"":5,""18"":4,""19"":1,""20"":3,""21"":7,""22"":2,""23"":5,""25"":2,""26"":1,""29"":1,""3"":46,""32"":1,""35"":2,""37"":3,""38"":2,""39"":2,""4"":2,""40"":2,""41"":3,""43"":1,""46"":1,""5"":12,""8"":34,""9"":6}",64,"{""count"":64,""unique_topologies"":64,""topology_entropy_bits"":6.0,""effective_topology_count"":64.0,""triangle_like_count"":0,""triangle_like_fraction"":0.0,""mean_nodes"":13.046875,""mean_muscles"":26.78125,""node_counts"":{""10"":7,""11"":8,""12"":2,""17"":2,""18"":2,""19"":1,""20"":7,""21"":1,""22"":1,""23"":4,""24"":1,""25"":2,""26"":1,""4"":3,""6"":1,""7"":5,""8"":8,""9"":8},""muscle_counts"":{""11"":1,""12"":3,""13"":2,""15"":5,""16"":2,""17"":2,""18"":5,""19"":4,""20"":2,""21"":2,""22"":2,""23"":2,""24"":4,""25"":3,""26"":1,""38"":1,""39"":2,""4"":1,""40"":1,""41"":4,""42"":1,""43"":1,""45"":3,""47"":1,""48"":2,""49"":3,""5"":2,""60"":1,""61"":1}}",176,5.5338415106917624,179,0.179,"{""10"":63,""11"":15,""12"":12,""13"":1,""14"":16,""15"":13,""16"":11,""17"":6,""18"":8,""19"":9,""20"":11,""21"":10,""22"":5,""23"":5,""25"":1,""26"":1,""3"":179,""4"":142,""5"":201,""6"":129,""7"":79,""8"":51,""9"":32}","{""10"":1,""11"":72,""12"":44,""13"":8,""14"":27,""15"":35,""16"":5,""17"":16,""18"":11,""19"":16,""20"":21,""21"":20,""22"":22,""23"":35,""24"":8,""25"":8,""26"":4,""27"":3,""29"":8,""3"":179,""30"":1,""32"":6,""33"":1,""35"":2,""36"":1,""37"":1,""38"":5,""39"":6,""4"":60,""40"":7,""41"":4,""42"":1,""43"":12,""44"":4,""45"":2,""46"":3,""47"":1,""48"":2,""49"":5,""5"":129,""50"":1,""52"":1,""6"":17,""7"":12,""8"":126,""9"":47}","{""Diagonal CMA-ES"":{""attempts"":307,""discoveries"":0,""improvements"":1,""insertions"":1,""insertion_rate"":0.003257328990228013},""Immigrant"":{""attempts"":130,""discoveries"":0,""improvements"":0,""insertions"":0,""insertion_rate"":0.0},""Morphology"":{""attempts"":317,""discoveries"":6,""improvements"":11,""insertions"":17,""insertion_rate"":0.05362776025236593},""Novelty"":{""attempts"":246,""discoveries"":0,""improvements"":0,""insertions"":0,""insertion_rate"":0.0}}","{""Morphology"":196,""Novelty"":30}",6,0.9435483870967742,false,22000
38,97,98000,4.752657716999999,0.06422931700000001,0.060374229,0.001417609,0.002437479,5.072201413,78.54738,24.81006,5374.5686864852905,186,0.96875,52,4.336874432434391,47,0.25268817204301075,"{""10"":13,""12"":1,""13"":1,""14"":2,""15"":2,""16"":6,""17"":2,""18"":5,""19"":2,""21"":1,""22"":1,""3"":47,""4"":13,""5"":34,""6"":18,""7"":23,""8"":8,""9"":7}","{""11"":11,""12"":10,""14"":10,""15"":6,""16"":1,""17"":5,""18"":4,""19"":1,""20"":3,""21"":7,""22"":2,""23"":5,""25"":2,""26"":1,""29"":1,""3"":47,""32"":1,""35"":2,""37"":3,""38"":2,""39"":2,""4"":2,""40"":2,""41"":3,""43"":1,""46"":1,""5"":12,""8"":33,""9"":6}",64,"{""count"":64,""unique_topologies"":64,""topology_entropy_bits"":6.0,""effective_topology_count"":64.0,""triangle_like_count"":0,""triangle_like_fraction"":0.0,""mean_nodes"":13.03125,""mean_muscles"":26.671875,""node_counts"":{""10"":6,""11"":8,""12"":2,""17"":2,""18"":2,""19"":1,""20"":7,""21"":1,""22"":1,""23"":4,""24"":1,""25"":2,""26"":1,""4"":3,""6"":1,""7"":5,""8"":8,""9"":9},""muscle_counts"":{""11"":1,""12"":3,""13"":2,""15"":5,""16"":2,""17"":2,""18"":6,""19"":4,""20"":2,""21"":1,""22"":3,""23"":2,""24"":4,""25"":3,""38"":1,""39"":2,""4"":1,""40"":1,""41"":4,""42"":1,""43"":1,""45"":3,""47"":1,""48"":2,""49"":3,""5"":2,""60"":1,""61"":1}}",150,5.035031869685696,189,0.189,"{""10"":51,""11"":27,""12"":1,""13"":9,""14"":3,""16"":8,""17"":17,""18"":7,""19"":11,""20"":4,""22"":2,""23"":11,""24"":2,""3"":189,""4"":146,""5"":221,""6"":146,""7"":70,""8"":41,""9"":34}","{""10"":3,""11"":43,""12"":36,""13"":4,""14"":27,""15"":13,""16"":3,""17"":25,""18"":27,""19"":8,""20"":7,""21"":35,""22"":12,""23"":12,""24"":6,""25"":3,""26"":11,""27"":2,""28"":3,""29"":1,""3"":189,""32"":1,""35"":1,""36"":1,""37"":7,""38"":15,""39"":2,""4"":81,""40"":9,""41"":6,""42"":1,""43"":3,""44"":1,""45"":2,""46"":2,""47"":2,""48"":2,""49"":4,""5"":94,""50"":1,""51"":1,""52"":1,""58"":1,""6"":24,""7"":10,""8"":158,""9"":100}","{""Diagonal CMA-ES"":{""attempts"":281,""discoveries"":0,""improvements"":1,""insertions"":1,""insertion_rate"":0.0035587188612099642},""Immigrant"":{""attempts"":152,""discoveries"":0,""improvements"":0,""insertions"":0,""insertion_rate"":0.0},""Morphology"":{""attempts"":323,""discoveries"":2,""improvements"":5,""insertions"":7,""insertion_rate"":0.021671826625386997},""Novelty"":{""attempts"":244,""discoveries"":0,""improvements"":0,""insertions"":0,""insertion_rate"":0.0}}","{""Morphology"":218,""Novelty"":28}",2,0.9436619718309859,false,23000
38,98,99000,4.815148861999999,0.062491145,0.058733413,0.001341623,0.002416109,5.138726925,78.54738,24.81006,5416.569684267044,186,0.96875,51,4.426797014594898,44,0.23655913978494625,"{""10"":13,""12"":1,""13"":1,""14"":2,""15"":2,""16"":4,""17"":2,""18"":6,""19"":2,""22"":1,""24"":1,""3"":44,""4"":12,""5"":33,""6"":22,""7"":25,""8"":8,""9"":7}","{""11"":14,""12"":10,""14"":10,""15"":7,""16"":1,""17"":5,""18"":4,""19"":1,""20"":3,""21"":7,""22"":2,""23"":5,""25"":1,""26"":1,""29"":1,""3"":44,""32"":1,""35"":2,""37"":2,""38"":2,""39"":2,""4"":2,""40"":2,""41"":4,""46"":1,""5"":11,""50"":1,""8"":32,""9"":8}",64,"{""count"":64,""unique_topologies"":64,""topology_entropy_bits"":6.0,""effective_topology_count"":64.0,""triangle_like_count"":0,""triangle_like_fraction"":0.0,""mean_nodes"":13.109375,""mean_muscles"":26.875,""node_counts"":{""10"":7,""11"":8,""12"":2,""17"":2,""18"":2,""19"":1,""20"":7,""21"":1,""22"":1,""23"":4,""24"":1,""25"":2,""26"":1,""4"":2,""6"":2,""7"":4,""8"":8,""9"":9},""muscle_counts"":{""11"":1,""12"":2,""13"":2,""15"":5,""16"":2,""17"":2,""18"":6,""19"":4,""20"":2,""21"":2,""22"":3,""23"":2,""24"":4,""25"":3,""38"":1,""39"":2,""4"":1,""40"":1,""41"":4,""42"":1,""43"":1,""45"":3,""47"":1,""48"":2,""49"":3,""5"":1,""60"":1,""61"":1,""9"":1}}",161,5.27501491253456,206,0.206,"{""10"":64,""11"":25,""12"":6,""13"":5,""14"":6,""15"":6,""16"":14,""17"":20,""18"":10,""19"":12,""20"":7,""21"":3,""22"":4,""23"":1,""24"":1,""3"":206,""4"":129,""5"":205,""6"":93,""7"":93,""8"":57,""9"":33}","{""10"":1,""11"":51,""12"":35,""13"":11,""14"":46,""15"":24,""16"":6,""17"":29,""18"":19,""19"":16,""20"":11,""21"":34,""22"":15,""23"":25,""24"":10,""25"":4,""26"":5,""27"":1,""28"":1,""29"":7,""3"":206,""31"":1,""32"":4,""35"":3,""36"":2,""37"":7,""38"":18,""39"":3,""4"":66,""40"":10,""41"":11,""42"":1,""43"":4,""44"":1,""45"":1,""46"":3,""48"":1,""49"":1,""5"":93,""50"":1,""51"":1,""6"":22,""7"":7,""8"":146,""9"":36}","{""Diagonal CMA-ES"":{""attempts"":284,""discoveries"":0,""improvements"":0,""insertions"":0,""insertion_rate"":0.0},""Immigrant"":{""attempts"":138,""discoveries"":0,""improvements"":0,""insertions"":0,""insertion_rate"":0.0},""Morphology"":{""attempts"":312,""discoveries"":2,""improvements"":14,""insertions"":16,""insertion_rate"":0.05128205128205128},""Novelty"":{""attempts"":266,""discoveries"":0,""improvements"":0,""insertions"":0,""insertion_rate"":0.0}}","{""Morphology"":210,""Novelty"":30}",3,0.9436619718309859,false,24000
38,99,100000,4.879409050999999,0.064260189,0.061407161,0.001057864,0.001795164,5.206227193,78.54738,25.321531,5504.164505958557,186,0.96875,51,4.454190263555359,45,0.24193548387096775,"{""10"":13,""11"":1,""13"":1,""14"":2,""15"":2,""16"":4,""17"":2,""18"":6,""19"":2,""22"":1,""24"":1,""3"":45,""4"":10,""5"":31,""6"":22,""7"":27,""8"":8,""9"":8}","{""11"":15,""12"":10,""14"":10,""15"":9,""16"":1,""17"":5,""18"":5,""19"":1,""20"":3,""21"":7,""22"":2,""23"":4,""25"":1,""26"":2,""29"":1,""3"":45,""32"":1,""35"":2,""37"":2,""38"":2,""39"":2,""4"":2,""40"":2,""41"":4,""46"":1,""5"":8,""50"":1,""8"":31,""9"":7}",64,"{""count"":64,""unique_topologies"":64,""topology_entropy_bits"":6.0,""effective_topology_count"":64.0,""triangle_like_count"":0,""triangle_like_fraction"":0.0,""mean_nodes"":13.109375,""mean_muscles"":26.875,""node_counts"":{""10"":7,""11"":8,""12"":2,""17"":2,""18"":2,""19"":1,""20"":7,""21"":1,""22"":1,""23"":4,""24"":1,""25"":2,""26"":1,""4"":2,""6"":2,""7"":4,""8"":8,""9"":9},""muscle_counts"":{""11"":1,""12"":2,""13"":2,""15"":5,""16"":2,""17"":2,""18"":6,""19"":4,""20"":2,""21"":2,""22"":3,""23"":2,""24"":4,""25"":3,""38"":1,""39"":2,""4"":1,""40"":1,""41"":4,""42"":1,""43"":1,""45"":3,""47"":1,""48"":2,""49"":3,""5"":1,""60"":1,""61"":1,""9"":1}}",165,5.32153173623944,206,0.206,"{""10"":63,""11"":21,""12"":5,""13"":2,""14"":10,""15"":4,""16"":9,""17"":22,""18"":4,""19"":12,""20"":7,""22"":3,""23"":1,""24"":4,""3"":206,""4"":135,""5"":139,""6"":169,""7"":88,""8"":60,""9"":36}","{""10"":3,""11"":138,""12"":37,""13"":4,""14"":31,""15"":22,""16"":9,""17"":39,""18"":21,""19"":10,""20"":13,""21"":42,""22"":13,""23"":19,""24"":8,""25"":4,""26"":3,""27"":2,""28"":1,""29"":6,""3"":206,""32"":3,""34"":1,""35"":4,""36"":1,""37"":3,""38"":21,""39"":1,""4"":68,""40"":12,""41"":5,""43"":4,""45"":1,""46"":4,""5"":75,""50"":3,""52"":1,""6"":35,""7"":12,""8"":84,""9"":31}","{""Diagonal CMA-ES"":{""attempts"":314,""discoveries"":0,""improvements"":0,""insertions"":0,""insertion_rate"":0.0},""Immigrant"":{""attempts"":163,""discoveries"":0,""improvements"":0,""insertions"":0,""insertion_rate"":0.0},""Morphology"":{""attempts"":269,""discoveries"":0,""improvements"":9,""insertions"":9,""insertion_rate"":0.03345724907063197},""Novelty"":{""attempts"":254,""discoveries"":0,""improvements"":1,""insertions"":1,""insertion_rate"":0.003937007874015748}}","{""Morphology"":184,""Novelty"":29}",2,0.9443339960238568,false,25000
38,100,101000,4.944983558999999,0.065574508,0.062560011,0.001093483,0.001921014,5.275405088,78.54738,25.601252,5540.737075805664,186,0.96875,50,4.443437575383316,45,0.24193548387096775,"{""10"":13,""11"":1,""13"":1,""14"":1,""15"":2,""16"":4,""17"":2,""18"":7,""19"":2,""22"":1,""24"":1,""3"":45,""4"":10,""5"":31,""6"":22,""7"":27,""8"":8,""9"":8}","{""11"":15,""12"":10,""14"":10,""15"":9,""16"":1,""17"":5,""18"":5,""19"":1,""20"":3,""21"":7,""22"":1,""23"":4,""25"":1,""26"":2,""29"":1,""3"":45,""32"":1,""35"":2,""37"":2,""38"":2,""39"":3,""4"":2,""40"":2,""41"":4,""46"":1,""5"":8,""50"":1,""8"":31,""9"":7}",64,"{""count"":64,""unique_topologies"":64,""topology_entropy_bits"":6.0,""effective_topology_count"":64.0,""triangle_like_count"":0,""triangle_like_fraction"":0.0,""mean_nodes"":12.65625,""mean_muscles"":25.921875,""node_counts"":{""10"":8,""11"":9,""12"":2,""18"":1,""19"":1,""20"":8,""21"":1,""22"":1,""23"":3,""24"":1,""25"":2,""26"":1,""4"":2,""6"":2,""7"":5,""8"":10,""9"":7},""muscle_counts"":{""10"":1,""11"":1,""12"":2,""13"":2,""15"":5,""16"":3,""17"":2,""18"":5,""19"":5,""20"":3,""21"":2,""22"":3,""23"":1,""24"":4,""25"":2,""32"":1,""38"":1,""39"":1,""40"":1,""41"":5,""42"":1,""43"":2,""45"":1,""47"":1,""48"":1,""49"":3,""5"":2,""60"":1,""61"":1,""9"":1}}",173,5.315493193155468,176,0.176,"{""10"":54,""11"":24,""12"":4,""14"":3,""15"":5,""16"":9,""17"":17,""18"":11,""19"":13,""20"":11,""21"":2,""22"":5,""23"":1,""24"":4,""25"":1,""3"":176,""4"":118,""5"":185,""6"":178,""7"":89,""8"":44,""9"":46}","{""10"":3,""11"":141,""12"":33,""13"":4,""14"":36,""15"":21,""16"":6,""17"":30,""18"":28,""19"":13,""20"":16,""21"":27,""22"":8,""23"":22,""24"":9,""25"":3,""26"":5,""27"":1,""28"":3,""29"":2,""3"":176,""32"":3,""35"":2,""37"":7,""38"":15,""39"":6,""4"":52,""40"":13,""41"":10,""42"":2,""43"":3,""44"":3,""46"":5,""47"":1,""5"":91,""50"":3,""51"":1,""56"":1,""57"":1,""6"":23,""7"":9,""8"":128,""9"":34}","{""Diagonal CMA-ES"":{""attempts"":300,""discoveries"":0,""improvements"":0,""insertions"":0,""insertion_rate"":0.0},""Immigrant"":{""attempts"":152,""discoveries"":0,""improvements"":0,""insertions"":0,""insertion_rate"":0.0},""Morphology"":{""attempts"":300,""discoveries"":11,""improvements"":9,""insertions"":20,""insertion_rate"":0.06666666666666667},""Novelty"":{""attempts"":248,""discoveries"":0,""improvements"":0,""insertions"":0,""insertion_rate"":0.0}}","{""Morphology"":197,""Novelty"":27}",10,0.9445544554455445,false,26000
38,101,102000,5.008298678999999,0.06331512,0.059708172,0.001323814,0.002283134,5.342805628,78.54738,25.601252,5569.371439933777,186,0.96875,49,4.460045082312651,45,0.24193548387096775,"{""10"":13,""11"":1,""13"":1,""14"":1,""15"":2,""16"":4,""17"":2,""18"":7,""19"":2,""22"":1,""24"":1,""3"":45,""4"":10,""5"":29,""6"":24,""7"":27,""8"":8,""9"":8}","{""11"":15,""12"":10,""14"":10,""15"":10,""16"":1,""17"":5,""18"":5,""19"":1,""20"":3,""21"":7,""22"":1,""23"":4,""25"":1,""26"":2,""29"":1,""3"":45,""32"":1,""35"":2,""37"":2,""38"":2,""39"":3,""4"":2,""40"":2,""41"":4,""46"":1,""5"":8,""50"":1,""8"":29,""9"":8}",64,"{""count"":64,""unique_topologies"":64,""topology_entropy_bits"":6.0,""effective_topology_count"":64.0,""triangle_like_count"":0,""triangle_like_fraction"":0.0,""mean_nodes"":11.8125,""mean_muscles"":24.0,""node_counts"":{""10"":8,""11"":12,""12"":2,""20"":6,""21"":1,""22"":1,""23"":2,""24"":1,""25"":2,""26"":1,""4"":2,""6"":3,""7"":6,""8"":10,""9"":7},""muscle_counts"":{""10"":1,""11"":1,""12"":3,""13"":2,""15"":6,""16"":3,""17"":1,""18"":5,""19"":5,""20"":4,""21"":2,""22"":3,""23"":2,""24"":5,""25"":2,""32"":1,""39"":1,""41"":4,""42"":1,""43"":1,""45"":1,""48"":1,""49"":3,""5"":2,""60"":1,""61"":1,""9"":2}}",166,5.3174153932814106,212,0.212,"{""10"":59,""11"":23,""12"":3,""13"":1,""14"":4,""15"":6,""16"":10,""17"":21,""18"":15,""19"":14,""20"":7,""21"":1,""22"":5,""3"":212,""4"":128,""5"":188,""6"":113,""7"":85,""8"":67,""9"":38}","{""10"":7,""11"":72,""12"":34,""13"":6,""14"":26,""15"":33,""16"":6,""17"":37,""18"":14,""19"":20,""20"":19,""21"":33,""22"":11,""23"":18,""24"":9,""25"":3,""26"":5,""28"":1,""29"":5,""3"":212,""32"":5,""35"":3,""37"":5,""38"":19,""39"":6,""4"":63,""40"":14,""41"":14,""42"":1,""43"":3,""44"":1,""46"":5,""48"":1,""5"":85,""50"":1,""6"":28,""7"":13,""8"":127,""9"":35}","{""Diagonal CMA-ES"":{""attempts"":311,""discoveries"":0,""improvements"":0,""insertions"":0,""insertion_rate"":0.0},""Immigrant"":{""attempts"":148,""discoveries"":0,""improvements"":0,""insertions"":0,""insertion_rate"":0.0},""Morphology"":{""attempts"":297,""discoveries"":7,""improvements"":9,""insertions"":16,""insertion_rate"":0.05387205387205387},""Novelty"":{""attempts"":244,""discoveries"":0,""improvements"":1,""insertions"":1,""insertion_rate"":0.004098360655737705}}","{""Morphology"":186,""Novelty"":27}",7,0.9429133858267716,false,27000
38,102,103000,5.075937860999999,0.067639182,0.064539202,0.001055489,0.002044491,5.413827364,78.54738,25.601252,5616.630061626434,186,0.96875,50,4.471908743690864,45,0.24193548387096775,"{""10"":13,""11"":1,""13"":1,""14"":1,""15"":2,""16"":4,""17"":2,""18"":7,""19"":2,""22"":1,""24"":1,""3"":45,""4"":9,""5"":29,""6"":25,""7"":26,""8"":9,""9"":8}","{""11"":15,""12"":10,""14"":11,""15"":8,""16"":1,""17"":5,""18"":5,""19"":2,""20"":3,""21"":7,""22"":1,""23"":4,""25"":1,""26"":2,""29"":1,""3"":45,""32"":1,""35"":2,""37"":2,""38"":2,""39"":3,""4"":2,""40"":2,""41"":4,""46"":1,""5"":7,""50"":1,""8"":29,""9"":9}",64,"{""count"":64,""unique_topologies"":64,""topology_entropy_bits"":6.0,""effective_topology_count"":64.0,""triangle_like_count"":0,""triangle_like_fraction"":0.0,""mean_nodes"":11.8125,""mean_muscles"":24.0,""node_counts"":{""10"":8,""11"":12,""12"":2,""20"":6,""21"":1,""22"":1,""23"":2,""24"":1,""25"":2,""26"":1,""4"":2,""6"":3,""7"":6,""8"":10,""9"":7},""muscle_counts"":{""10"":1,""11"":1,""12"":3,""13"":2,""15"":6,""16"":3,""17"":1,""18"":5,""19"":5,""20"":4,""21"":2,""22"":3,""23"":2,""24"":5,""25"":2,""32"":1,""39"":1,""41"":4,""42"":1,""43"":1,""45"":1,""48"":1,""49"":3,""5"":2,""60"":1,""61"":1,""9"":2}}",183,5.530120838365527,201,0.201,"{""10"":86,""11"":28,""12"":7,""13"":2,""14"":2,""15"":8,""16"":7,""17"":18,""18"":15,""19"":16,""20"":5,""21"":4,""22"":3,""23"":2,""24"":1,""3"":201,""4"":136,""5"":164,""6"":105,""7"":92,""8"":56,""9"":42}","{""10"":3,""11"":67,""12"":41,""13"":6,""14"":27,""15"":37,""16"":6,""17"":32,""18"":22,""19"":12,""20"":17,""21"":49,""22"":13,""23"":31,""24"":11,""25"":1,""26"":8,""28"":3,""29"":3,""3"":201,""30"":1,""31"":1,""32"":3,""33"":2,""35"":3,""36"":2,""37"":3,""38"":14,""39"":7,""4"":60,""40"":15,""41"":8,""42"":6,""43"":3,""46"":4,""47"":2,""5"":98,""50"":1,""52"":3,""6"":24,""7"":5,""8"":112,""9"":33}","{""Diagonal CMA-ES"":{""attempts"":279,""discoveries"":0,""improvements"":0,""insertions"":0,""insertion_rate"":0.0},""Immigrant"":{""attempts"":150,""discoveries"":0,""improvements"":0,""insertions"":0,""insertion_rate"":0.0},""Morphology"":{""attempts"":317,""discoveries"":0,""improvements"":9,""insertions"":9,""insertion_rate"":0.028391167192429023},""Novelty"":{""attempts"":254,""discoveries"":0,""improvements"":0,""insertions"":0,""insertion_rate"":0.0}}","{""Morphology"":204,""Novelty"":34}",1,0.9431372549019608,false,28000
38,103,104000,5.145983654999999,0.07004579400000001,0.066142026,0.001732238,0.00217153,5.488578337,78.54738,26.024515,5643.199092507362,186,0.96875,52,4.519857120652124,44,0.23655913978494625,"{""10"":13,""11"":1,""13"":1,""14"":1,""15"":2,""16"":4,""17"":3,""18"":6,""19"":1,""20"":1,""22"":1,""24"":1,""3"":44,""4"":9,""5"":29,""6"":25,""7"":27,""8"":9,""9"":8}","{""11"":15,""12"":11,""14"":11,""15"":8,""16"":1,""17"":5,""18"":5,""19"":2,""20"":3,""21"":7,""22"":1,""23"":4,""25"":1,""26"":2,""29"":1,""3"":44,""32"":1,""35"":2,""37"":2,""38"":3,""39"":2,""4"":2,""40"":1,""41"":5,""46"":1,""5"":7,""50"":1,""8"":29,""9"":9}",64,"{""count"":64,""unique_topologies"":64,""topology_entropy_bits"":6.0,""effective_topology_count"":64.0,""triangle_like_count"":0,""triangle_like_fraction"":0.0,""mean_nodes"":11.5625,""mean_muscles"":23.546875,""node_counts"":{""10"":9,""11"":12,""12"":3,""20"":6,""22"":1,""23"":1,""24"":1,""25"":2,""26"":1,""4"":1,""6"":2,""7"":6,""8"":12,""9"":7},""muscle_counts"":{""10"":1,""12"":3,""13"":2,""15"":7,""16"":3,""17"":1,""18"":5,""19"":6,""20"":5,""21"":2,""22"":3,""23"":2,""24"":6,""25"":2,""32"":1,""39"":1,""41"":4,""43"":1,""45"":1,""48"":1,""49"":2,""5"":1,""60"":1,""61"":1,""9"":2}}",185,5.662721156883479,183,0.183,"{""10"":61,""11"":33,""12"":5,""14"":8,""15"":14,""17"":13,""18"":12,""19"":4,""20"":7,""21"":6,""22"":2,""23"":5,""24"":13,""3"":183,""4"":121,""5"":174,""6"":126,""7"":104,""8"":67,""9"":42}","{""10"":3,""11"":80,""12"":57,""13"":5,""14"":23,""15"":45,""16"":9,""17"":18,""18"":12,""19"":37,""20"":29,""21"":16,""22"":14,""23"":29,""24"":13,""25"":1,""26"":13,""27"":1,""28"":4,""29"":7,""3"":183,""32"":8,""36"":1,""38"":12,""39"":10,""4"":57,""40"":2,""41"":7,""42"":5,""43"":2,""44"":3,""45"":1,""46"":2,""49"":3,""5"":89,""50"":14,""59"":1,""6"":26,""7"":12,""8"":111,""9"":35}","{""Diagonal CMA-ES"":{""attempts"":280,""discoveries"":0,""improvements"":1,""insertions"":1,""insertion_rate"":0.0035714285714285713},""Immigrant"":{""attempts"":150,""discoveries"":0,""improvements"":0,""insertions"":0,""insertion_rate"":0.0},""Morphology"":{""attempts"":331,""discoveries"":4,""improvements"":10,""insertions"":14,""insertion_rate"":0.04229607250755287},""Novelty"":{""attempts"":239,""discoveries"":0,""improvements"":0,""insertions"":0,""insertion_rate"":0.0}}","{""Morphology"":223,""Novelty"":22}",7,0.9442307692307692,false,29000
38,104,105000,5.2137023849999995,0.06771872999999999,0.064751725,0.00115522,0.001811785,5.55968437,78.54738,26.024515,5669.621001839638,186,0.96875,51,4.512051994231782,44,0.23655913978494625,"{""10"":14,""11"":1,""13"":1,""14"":1,""15"":2,""16"":4,""17"":3,""18"":6,""19"":1,""20"":1,""22"":1,""24"":1,""3"":44,""4"":9,""5"":29,""6"":25,""7"":25,""8"":10,""9"":8}","{""11"":15,""12"":11,""14"":11,""15"":8,""17"":5,""18"":5,""19"":2,""20"":3,""21"":8,""22"":1,""23"":4,""25"":1,""26"":2,""29"":1,""3"":44,""32"":1,""35"":2,""37"":2,""38"":3,""39"":2,""4"":2,""40"":1,""41"":5,""46"":1,""5"":7,""50"":1,""8"":29,""9"":9}",64,"{""count"":64,""unique_topologies"":64,""topology_entropy_bits"":6.0,""effective_topology_count"":64.0,""triangle_like_count"":0,""triangle_like_fraction"":0.0,""mean_nodes"":11.34375,""mean_muscles"":22.9375,""node_counts"":{""10"":8,""11"":12,""12"":3,""20"":5,""22"":1,""23"":1,""24"":1,""25"":2,""26"":1,""4"":1,""6"":2,""7"":7,""8"":12,""9"":8},""muscle_counts"":{""10"":2,""12"":3,""13"":2,""15"":7,""16"":3,""17"":2,""18"":5,""19"":6,""20"":5,""21"":2,""22"":3,""23"":2,""24"":6,""25"":1,""32"":1,""39"":1,""41"":3,""43"":1,""45"":1,""48"":1,""49"":2,""5"":1,""60"":1,""61"":1,""9"":2}}",181,5.473472757396333,197,0.197,"{""10"":66,""11"":29,""12"":4,""13"":3,""14"":4,""15"":8,""16"":6,""17"":12,""18"":10,""19"":9,""20"":7,""21"":4,""22"":1,""24"":2,""25"":2,""3"":197,""4"":117,""5"":177,""6"":121,""7"":101,""8"":68,""9"":52}","{""10"":4,""11"":76,""12"":39,""13"":5,""14"":42,""15"":36,""16"":6,""17"":35,""18"":24,""19"":18,""20"":21,""21"":38,""22"":11,""23"":29,""24"":9,""25"":5,""26"":7,""27"":1,""28"":1,""29"":4,""3"":197,""31"":1,""32"":4,""35"":2,""37"":4,""38"":12,""39"":8,""4"":68,""40"":8,""41"":8,""42"":2,""43"":1,""44"":1,""46"":1,""5"":73,""50"":2,""52"":1,""53"":3,""6"":27,""7"":8,""8"":118,""9"":40}","{""Diagonal CMA-ES"":{""attempts"":274,""discoveries"":0,""improvements"":0,""insertions"":0,""insertion_rate"":0.0},""Immigrant"":{""attempts"":165,""discoveries"":0,""improvements"":0,""insertions"":0,""insertion_rate"":0.0},""Morphology"":{""attempts"":293,""discoveries"":2,""improvements"":7,""insertions"":9,""insertion_rate"":0.030716723549488054},""Novelty"":{""attempts"":268,""discoveries"":0,""improvements"":0,""insertions"":0,""insertion_rate"":0.0}}","{""Morphology"":187,""Novelty"":28}",2,0.9449715370018975,false,30000
38,105,106000,5.279314885,0.0656125,0.061931941,0.001771417,0.001909142,5.6287720310000005,78.54738,26.375528,5702.290367722511,186,0.96875,51,4.508595612115075,45,0.24193548387096775,"{""10"":14,""11"":1,""13"":1,""14"":1,""15"":2,""16"":4,""17"":3,""18"":6,""19"":1,""20"":1,""22"":1,""24"":1,""3"":45,""4"":9,""5"":28,""6"":25,""7"":25,""8"":10,""9"":8}","{""11"":15,""12"":11,""14"":11,""15"":8,""17"":5,""18"":5,""19"":2,""20"":3,""21"":8,""22"":1,""23"":4,""25"":1,""26"":2,""29"":1,""3"":45,""32"":1,""35"":2,""37"":2,""38"":3,""39"":2,""4"":2,""40"":1,""41"":5,""46"":1,""5"":7,""50"":1,""8"":28,""9"":9}",64,"{""count"":64,""unique_topologies"":64,""topology_entropy_bits"":6.0,""effective_topology_count"":64.0,""triangle_like_count"":0,""triangle_like_fraction"":0.0,""mean_nodes"":11.328125,""mean_muscles"":22.890625,""node_counts"":{""10"":9,""11"":11,""12"":3,""20"":5,""22"":1,""23"":1,""24"":1,""25"":2,""26"":1,""4"":1,""6"":2,""7"":7,""8"":12,""9"":8},""muscle_counts"":{""10"":2,""12"":3,""13"":2,""15"":7,""16"":3,""17"":2,""18"":5,""19"":6,""20"":5,""21"":3,""22"":3,""23"":2,""24"":5,""25"":1,""32"":1,""39"":1,""41"":3,""43"":1,""45"":1,""48"":1,""49"":2,""5"":1,""60"":1,""61"":1,""9"":2}}",169,5.349483267199688,191,0.191,"{""10"":69,""11"":26,""12"":1,""13"":4,""14"":4,""15"":5,""16"":11,""17"":22,""18"":12,""19"":10,""20"":9,""21"":6,""23"":1,""24"":3,""3"":191,""4"":139,""5"":166,""6"":122,""7"":107,""8"":51,""9"":41}","{""10"":7,""11"":85,""12"":24,""13"":6,""14"":58,""15"":30,""16"":5,""17"":27,""18"":26,""19"":12,""20"":20,""21"":42,""22"":7,""23"":17,""24"":6,""25"":3,""26"":9,""28"":2,""29"":5,""3"":191,""32"":2,""33"":1,""35"":3,""36"":2,""37"":8,""38"":18,""39"":8,""4"":64,""40"":13,""41"":8,""42"":3,""43"":3,""44"":3,""5"":98,""50"":3,""53"":1,""55"":1,""6"":13,""7"":9,""8"":121,""9"":36}","{""Diagonal CMA-ES"":{""attempts"":310,""discoveries"":0,""improvements"":0,""insertions"":0,""insertion_rate"":0.0},""Immigrant"":{""attempts"":163,""discoveries"":0,""improvements"":0,""insertions"":0,""insertion_rate"":0.0},""Morphology"":{""attempts"":286,""discoveries"":1,""improvements"":8,""insertions"":9,""insertion_rate"":0.03146853146853147},""Novelty"":{""attempts"":241,""discoveries"":0,""improvements"":2,""insertions"":2,""insertion_rate"":0.008298755186721992}}","{""Morphology"":186,""Novelty"":23}",1,0.9450757575757576,false,31000
38,106,107000,5.344600885999999,0.065286001,0.062169397,0.001158783,0.001957821,5.697763523,78.54738,26.375528,5712.017639756203,186,0.96875,50,4.463341738506672,45,0.24193548387096775,"{""10"":14,""11"":1,""13"":1,""14"":1,""15"":2,""16"":4,""17"":3,""18"":6,""19"":1,""20"":1,""22"":1,""24"":1,""3"":45,""4"":9,""5"":29,""6"":26,""7"":23,""8"":10,""9"":8}","{""11"":16,""12"":11,""14"":11,""15"":6,""17"":5,""18"":5,""19"":2,""20"":3,""21"":8,""22"":1,""23"":4,""25"":1,""26"":2,""29"":1,""3"":45,""32"":1,""35"":2,""37"":2,""38"":3,""39"":2,""4"":2,""40"":1,""41"":5,""46"":1,""5"":7,""50"":1,""8"":29,""9"":9}",64,"{""count"":64,""unique_topologies"":64,""topology_entropy_bits"":6.0,""effective_topology_count"":64.0,""triangle_like_count"":0,""triangle_like_fraction"":0.0,""mean_nodes"":11.140625,""mean_muscles"":22.515625,""node_counts"":{""10"":8,""11"":12,""12"":3,""18"":1,""20"":3,""22"":1,""23"":1,""24"":1,""25"":2,""26"":1,""4"":1,""6"":2,""7"":7,""8"":12,""9"":9},""muscle_counts"":{""10"":2,""12"":3,""13"":2,""15"":7,""16"":3,""17"":2,""18"":6,""19"":6,""20"":5,""21"":2,""22"":4,""23"":2,""24"":5,""25"":1,""32"":1,""39"":1,""41"":3,""45"":1,""48"":1,""49"":2,""5"":1,""60"":1,""61"":1,""9"":2}}",169,5.371892431687274,185,0.185,"{""10"":72,""11"":46,""12"":2,""14"":3,""15"":5,""16"":3,""17"":17,""18"":15,""19"":15,""20"":9,""21"":4,""24"":3,""3"":185,""4"":123,""5"":204,""6"":106,""7"":88,""8"":57,""9"":43}","{""10"":3,""11"":70,""12"":34,""14"":42,""15"":27,""16"":4,""17"":34,""18"":25,""19"":13,""20"":14,""21"":47,""22"":16,""23"":32,""24"":21,""26"":4,""28"":2,""29"":3,""3"":185,""31"":1,""32"":2,""35"":2,""36"":1,""37"":1,""38"":14,""39"":10,""4"":67,""40"":16,""41"":12,""42"":2,""43"":1,""44"":1,""45"":1,""46"":1,""5"":75,""50"":3,""52"":1,""6"":20,""7"":20,""8"":145,""9"":28}","{""Diagonal CMA-ES"":{""attempts"":281,""discoveries"":0,""improvements"":0,""insertions"":0,""insertion_rate"":0.0},""Immigrant"":{""attempts"":147,""discoveries"":0,""improvements"":0,""insertions"":0,""insertion_rate"":0.0},""Morphology"":{""attempts"":319,""discoveries"":3,""improvements"":3,""insertions"":6,""insertion_rate"":0.018808777429467086},""Novelty"":{""attempts"":253,""discoveries"":0,""improvements"":0,""insertions"":0,""insertion_rate"":0.0}}","{""Morphology"":219,""Novelty"":23}",3,0.9457943925233645,false,32000
38,107,108000,5.414624119999999,0.07002323399999999,0.066827085,0.001275135,0.001921014,5.771513622,78.54738,26.375528,5722.439728617668,186,0.96875,50,4.479634203792961,45,0.24193548387096775,"{""10"":14,""11"":1,""13"":1,""14"":1,""15"":2,""16"":4,""17"":3,""18"":6,""19"":1,""20"":1,""22"":1,""24"":1,""3"":45,""4"":9,""5"":28,""6"":27,""7"":23,""8"":10,""9"":8}","{""11"":17,""12"":11,""14"":11,""15"":6,""17"":5,""18"":5,""19"":2,""20"":3,""21"":8,""22"":1,""23"":4,""25"":1,""26"":2,""29"":1,""3"":45,""32"":1,""35"":2,""37"":2,""38"":3,""39"":2,""4"":2,""40"":1,""41"":5,""46"":1,""5"":7,""50"":1,""8"":28,""9"":9}",64,"{""count"":64,""unique_topologies"":64,""topology_entropy_bits"":6.0,""effective_topology_count"":64.0,""triangle_like_count"":0,""triangle_like_fraction"":0.0,""mean_nodes"":11.25,""mean_muscles"":22.734375,""node_counts"":{""10"":8,""11"":12,""12"":3,""18"":1,""20"":4,""22"":1,""23"":1,""24"":1,""25"":2,""26"":1,""4"":2,""6"":2,""7"":7,""8"":11,""9"":8},""muscle_counts"":{""10"":2,""12"":3,""13"":2,""15"":7,""16"":3,""17"":2,""18"":5,""19"":5,""20"":4,""21"":3,""22"":4,""23"":2,""24"":5,""25"":1,""32"":1,""41"":4,""43"":1,""45"":1,""48"":1,""49"":2,""5"":2,""60"":1,""61"":1,""9"":2}}",172,5.437638048654667,197,0.197,"{""10"":89,""11"":26,""12"":7,""14"":5,""15"":6,""16"":7,""17"":14,""18"":14,""19"":14,""20"":16,""21"":2,""22"":2,""24"":2,""25"":3,""26"":1,""3"":197,""4"":132,""5"":172,""6"":97,""7"":83,""8"":59,""9"":52}","{""10"":2,""11"":61,""12"":41,""13"":2,""14"":37,""15"":23,""16"":2,""17"":35,""18"":31,""19"":16,""20"":18,""21"":51,""22"":17,""23"":30,""24"":10,""25"":6,""26"":4,""28"":1,""29"":7,""3"":197,""31"":1,""32"":4,""35"":3,""37"":2,""38"":12,""39"":5,""4"":66,""40"":14,""41"":19,""42"":3,""43"":4,""45"":2,""46"":2,""49"":2,""5"":84,""50"":2,""51"":1,""53"":1,""6"":22,""61"":1,""7"":6,""8"":126,""9"":27}","{""Diagonal CMA-ES"":{""attempts"":286,""discoveries"":0,""improvements"":0,""insertions"":0,""insertion_rate"":0.0},""Immigrant"":{""attempts"":149,""discoveries"":0,""improvements"":0,""insertions"":0,""insertion_rate"":0.0},""Morphology"":{""attempts"":310,""discoveries"":4,""improvements"":4,""insertions"":8,""insertion_rate"":0.025806451612903226},""Novelty"":{""attempts"":255,""discoveries"":0,""improvements"":0,""insertions"":0,""insertion_rate"":0.0}}","{""Morphology"":210,""Novelty"":33}",4,0.9459962756052142,false,33000
38,108,109000,5.480033594999999,0.065409475,0.060527392,0.001856901,0.003025182,5.841020392,78.54738,26.454107,5730.048816561699,186,0.96875,51,4.516697232279557,44,0.23655913978494625,"{""10"":14,""11"":1,""13"":1,""14"":1,""15"":2,""16"":4,""17"":3,""18"":6,""19"":1,""20"":1,""21"":1,""22"":1,""3"":44,""4"":8,""5"":27,""6"":29,""7"":23,""8"":11,""9"":8}","{""11"":18,""12"":11,""14"":11,""15"":6,""17"":6,""18"":5,""19"":2,""20"":3,""21"":8,""22"":1,""23"":4,""25"":1,""26"":2,""29"":1,""3"":44,""32"":1,""35"":2,""37"":2,""38"":3,""39"":2,""4"":2,""40"":1,""41"":5,""43"":1,""46"":1,""5"":6,""8"":27,""9"":10}",64,"{""count"":64,""unique_topologies"":64,""topology_entropy_bits"":6.0,""effective_topology_count"":64.0,""triangle_like_count"":0,""triangle_like_fraction"":0.0,""mean_nodes"":10.984375,""mean_muscles"":22.21875,""node_counts"":{""10"":8,""11"":14,""12"":3,""18"":1,""20"":1,""21"":1,""22"":1,""23"":1,""24"":1,""25"":2,""26"":1,""4"":2,""6"":2,""7"":7,""8"":11,""9"":8},""muscle_counts"":{""10"":2,""12"":3,""13"":2,""15"":7,""16"":3,""17"":2,""18"":5,""19"":5,""20"":4,""21"":3,""22"":5,""23"":2,""24"":5,""25"":1,""26"":1,""32"":1,""41"":2,""44"":1,""45"":1,""48"":1,""49"":2,""5"":2,""60"":1,""61"":1,""9"":2}}",168,5.456628966717222,198,0.198,"{""10"":82,""11"":24,""12"":10,""13"":2,""14"":3,""15"":8,""16"":9,""17"":23,""18"":7,""19"":11,""20"":16,""21"":14,""22"":3,""23"":1,""24"":4,""3"":198,""4"":122,""5"":161,""6"":119,""7"":84,""8"":48,""9"":51}","{""10"":2,""11"":82,""12"":38,""13"":3,""14"":37,""15"":23,""16"":2,""17"":32,""18"":30,""19"":9,""20"":23,""21"":51,""22"":14,""23"":27,""24"":7,""25"":1,""26"":8,""27"":2,""29"":4,""3"":198,""31"":1,""32"":3,""33"":3,""35"":6,""37"":3,""38"":21,""39"":7,""4"":55,""40"":12,""41"":11,""42"":4,""43"":3,""44"":4,""45"":1,""46"":5,""47"":1,""48"":2,""5"":91,""50"":4,""52"":2,""53"":2,""6"":22,""7"":11,""8"":104,""9"":29}","{""Diagonal CMA-ES"":{""attempts"":318,""discoveries"":0,""improvements"":0,""insertions"":0,""insertion_rate"":0.0},""Immigrant"":{""attempts"":139,""discoveries"":0,""improvements"":0,""insertions"":0,""insertion_rate"":0.0},""Morphology"":{""attempts"":288,""discoveries"":3,""improvements"":5,""insertions"":8,""insertion_rate"":0.027777777777777776},""Novelty"":{""attempts"":255,""discoveries"":0,""improvements"":1,""insertions"":1,""insertion_rate"":0.00392156862745098}}","{""Morphology"":203,""Novelty"":34}",3,0.9460966542750929,false,34000
38,109,110000,5.552077575999999,0.07204398099999999,0.068650743,0.00112079,0.002272448,5.916294955,78.54738,26.454107,5752.587643027306,186,0.96875,51,4.521274562751395,44,0.23655913978494625,"{""10"":14,""11"":1,""13"":1,""14"":1,""15"":2,""16"":4,""17"":3,""18"":6,""19"":1,""20"":1,""21"":1,""22"":1,""3"":44,""4"":8,""5"":26,""6"":30,""7"":24,""8"":10,""9"":8}","{""11"":19,""12"":11,""14"":12,""15"":6,""17"":5,""18"":5,""19"":2,""20"":3,""21"":8,""22"":1,""23"":4,""25"":1,""26"":2,""29"":1,""3"":44,""32"":1,""35"":2,""37"":2,""38"":3,""39"":2,""4"":2,""40"":1,""41"":5,""43"":1,""46"":1,""5"":6,""8"":26,""9"":10}",64,"{""count"":64,""unique_topologies"":64,""topology_entropy_bits"":6.0,""effective_topology_count"":64.0,""triangle_like_count"":0,""triangle_like_fraction"":0.0,""mean_nodes"":11.28125,""mean_muscles"":22.953125,""node_counts"":{""10"":8,""11"":14,""12"":3,""18"":1,""20"":2,""21"":1,""22"":2,""23"":1,""25"":2,""26"":1,""6"":2,""7"":6,""8"":13,""9"":8},""muscle_counts"":{""10"":2,""12"":2,""13"":3,""15"":8,""16"":3,""17"":2,""18"":5,""19"":4,""20"":4,""21"":5,""22"":4,""23"":2,""24"":5,""25"":1,""26"":1,""32"":1,""41"":3,""44"":1,""45"":1,""47"":1,""49"":2,""60"":1,""61"":1,""9"":2}}",187,5.822433159016692,144,0.144,"{""10"":60,""11"":42,""12"":11,""14"":7,""15"":14,""16"":3,""17"":8,""18"":6,""19"":5,""20"":8,""21"":10,""22"":13,""27"":1,""3"":144,""4"":154,""5"":146,""6"":162,""7"":116,""8"":49,""9"":41}","{""10"":1,""11"":98,""12"":71,""13"":4,""14"":20,""15"":41,""16"":8,""17"":26,""18"":17,""19"":17,""20"":20,""21"":22,""22"":18,""23"":28,""24"":14,""25"":1,""26"":14,""27"":4,""28"":2,""29"":11,""3"":144,""30"":1,""31"":2,""32"":7,""35"":2,""36"":1,""38"":3,""39"":4,""4"":73,""40"":5,""41"":9,""43"":8,""44"":4,""45"":5,""46"":8,""47"":2,""49"":1,""5"":103,""6"":22,""65"":1,""7"":16,""8"":86,""9"":56}","{""Diagonal CMA-ES"":{""attempts"":281,""discoveries"":0,""improvements"":0,""insertions"":0,""insertion_rate"":0.0},""Immigrant"":{""attempts"":157,""discoveries"":0,""improvements"":0,""insertions"":0,""insertion_rate"":0.0},""Morphology"":{""attempts"":313,""discoveries"":6,""improvements"":8,""insertions"":14,""insertion_rate"":0.04472843450479233},""Novelty"":{""attempts"":249,""discoveries"":0,""improvements"":0,""insertions"":0,""insertion_rate"":0.0}}","{""Morphology"":227,""Novelty"":32}",6,0.944547134935305,false,35000
38,110,111000,5.617808803999999,0.06573122799999999,0.062609877,0.001162344,0.001959007,5.985155846,78.54738,26.454107,5793.478426814079,186,0.96875,49,4.476929328205426,45,0.24193548387096775,"{""10"":14,""11"":1,""13"":1,""14"":1,""15"":2,""16"":4,""17"":3,""18"":6,""19"":1,""20"":1,""21"":1,""22"":1,""3"":45,""4"":7,""5"":25,""6"":31,""7"":24,""8"":10,""9"":8}","{""11"":20,""12"":11,""14"":12,""15"":6,""17"":5,""18"":5,""19"":2,""20"":3,""21"":8,""22"":1,""23"":4,""25"":1,""26"":2,""29"":1,""3"":45,""32"":1,""35"":1,""37"":3,""38"":3,""39"":2,""4"":2,""40"":1,""41"":5,""43"":1,""46"":1,""5"":5,""8"":25,""9"":10}",64,"{""count"":64,""unique_topologies"":64,""topology_entropy_bits"":6.0,""effective_topology_count"":64.0,""triangle_like_count"":0,""triangle_like_fraction"":0.0,""mean_nodes"":11.0625,""mean_muscles"":22.390625,""node_counts"":{""10"":8,""11"":15,""12"":3,""18"":1,""20"":2,""21"":1,""22"":2,""23"":1,""25"":1,""26"":1,""6"":2,""7"":6,""8"":13,""9"":8},""muscle_counts"":{""10"":2,""12"":2,""13"":3,""15"":8,""16"":3,""17"":2,""18"":5,""19"":4,""20"":4,""21"":5,""22"":4,""23"":2,""24"":6,""25"":1,""26"":1,""32"":1,""41"":3,""44"":1,""45"":1,""47"":1,""49"":2,""61"":1,""9"":2}}",176,5.599403771466276,151,0.151,"{""10"":61,""11"":34,""12"":3,""13"":1,""14"":7,""15"":12,""16"":4,""17"":6,""18"":22,""19"":3,""20"":6,""21"":7,""22"":10,""23"":6,""3"":151,""4"":115,""5"":123,""6"":144,""7"":169,""8"":71,""9"":45}","{""10"":3,""11"":97,""12"":44,""13"":9,""14"":111,""15"":37,""16"":8,""17"":32,""18"":15,""19"":18,""20"":25,""21"":26,""22"":22,""23"":25,""24"":8,""26"":13,""27"":1,""29"":7,""3"":151,""32"":7,""36"":1,""37"":2,""38"":5,""39"":17,""4"":52,""40"":3,""41"":9,""42"":1,""43"":7,""44"":4,""46"":7,""47"":2,""48"":2,""5"":82,""50"":3,""6"":18,""7"":6,""8"":80,""9"":40}","{""Diagonal CMA-ES"":{""attempts"":305,""discoveries"":0,""improvements"":1,""insertions"":1,""insertion_rate"":0.003278688524590164},""Immigrant"":{""attempts"":133,""discoveries"":0,""improvements"":0,""insertions"":0,""insertion_rate"":0.0},""Morphology"":{""attempts"":289,""discoveries"":1,""improvements"":8,""insertions"":9,""insertion_rate"":0.031141868512110725},""Novelty"":{""attempts"":273,""discoveries"":0,""improvements"":0,""insertions"":0,""insertion_rate"":0.0}}","{""Morphology"":184,""Novelty"":49}",1,0.9394495412844037,false,36000
38,111,112000,5.686111674999999,0.068302871,0.064150962,0.001222896,0.002929013,6.057199827,78.54738,26.685062,5820.925934672356,186,0.96875,49,4.45480552214467,45,0.24193548387096775,"{""10"":14,""11"":1,""13"":1,""14"":1,""15"":2,""16"":4,""17"":4,""18"":5,""19"":1,""20"":1,""21"":1,""22"":1,""3"":45,""4"":7,""5"":26,""6"":30,""7"":24,""8"":10,""9"":8}","{""11"":20,""12"":11,""14"":12,""15"":6,""17"":5,""18"":5,""19"":2,""20"":3,""21"":8,""22"":1,""23"":4,""25"":1,""26"":2,""29"":1,""3"":45,""32"":1,""35"":1,""37"":3,""38"":4,""39"":1,""4"":2,""40"":1,""41"":5,""43"":1,""46"":1,""5"":5,""8"":26,""9"":9}",64,"{""count"":64,""unique_topologies"":64,""topology_entropy_bits"":6.0,""effective_topology_count"":64.0,""triangle_like_count"":0,""triangle_like_fraction"":0.0,""mean_nodes"":10.796875,""mean_muscles"":21.90625,""node_counts"":{""10"":8,""11"":16,""12"":3,""18"":2,""20"":2,""22"":1,""23"":1,""25"":1,""26"":1,""6"":3,""7"":7,""8"":11,""9"":8},""muscle_counts"":{""10"":2,""11"":1,""12"":2,""13"":2,""14"":1,""15"":8,""16"":2,""17"":2,""18"":5,""19"":4,""20"":4,""21"":5,""22"":4,""23"":2,""24"":7,""25"":1,""26"":1,""32"":1,""40"":1,""41"":3,""45"":1,""49"":2,""61"":1,""9"":2}}",178,5.555191491254281,192,0.192,"{""10"":70,""11"":38,""12"":10,""13"":1,""14"":5,""15"":8,""16"":6,""17"":16,""18"":15,""19"":15,""20"":8,""21"":9,""22"":6,""23"":1,""24"":1,""25"":1,""3"":192,""4"":128,""5"":141,""6"":128,""7"":89,""8"":76,""9"":36}","{""10"":2,""11"":83,""12"":44,""13"":3,""14"":38,""15"":32,""16"":5,""17"":47,""18"":18,""19"":14,""20"":17,""21"":40,""22"":18,""23"":24,""24"":10,""25"":4,""26"":8,""27"":8,""28"":3,""29"":7,""3"":192,""32"":4,""37"":6,""38"":15,""39"":5,""4"":75,""40"":18,""41"":15,""42"":3,""43"":4,""44"":3,""45"":1,""46"":3,""47"":2,""49"":1,""5"":77,""50"":1,""59"":1,""6"":22,""7"":8,""8"":87,""9"":32}","{""Diagonal CMA-ES"":{""attempts"":298,""discoveries"":0,""improvements"":0,""insertions"":0,""insertion_rate"":0.0},""Immigrant"":{""attempts"":140,""discoveries"":0,""improvements"":0,""insertions"":0,""insertion_rate"":0.0},""Morphology"":{""attempts"":311,""discoveries"":6,""improvements"":7,""insertions"":13,""insertion_rate"":0.04180064308681672},""Novelty"":{""attempts"":251,""discoveries"":0,""improvements"":0,""insertions"":0,""insertion_rate"":0.0}}","{""Morphology"":213,""Novelty"":38}",4,0.9379562043795621,false,37000
38,112,113000,5.750274511,0.064162836,0.060687675,0.001163532,0.002311629,6.124741654,78.54738,26.783665,5860.350212216377,186,0.96875,49,4.435594006406517,45,0.24193548387096775,"{""10"":14,""11"":2,""13"":1,""14"":1,""15"":2,""16"":4,""17"":4,""18"":5,""19"":1,""20"":1,""21"":1,""22"":1,""3"":45,""4"":7,""5"":26,""6"":31,""7"":24,""8"":8,""9"":8}","{""11"":21,""12"":11,""14"":11,""15"":6,""17"":4,""18"":5,""19"":2,""20"":3,""21"":8,""22"":1,""23"":4,""25"":1,""26"":2,""29"":1,""3"":45,""32"":2,""35"":1,""37"":3,""38"":4,""39"":1,""4"":2,""40"":1,""41"":5,""43"":1,""46"":1,""5"":5,""8"":26,""9"":9}",64,"{""count"":64,""unique_topologies"":64,""topology_entropy_bits"":6.0,""effective_topology_count"":64.0,""triangle_like_count"":0,""triangle_like_fraction"":0.0,""mean_nodes"":10.578125,""mean_muscles"":21.203125,""node_counts"":{""10"":7,""11"":16,""12"":3,""18"":2,""20"":1,""22"":1,""25"":1,""26"":2,""4"":1,""6"":3,""7"":7,""8"":11,""9"":9},""muscle_counts"":{""10"":2,""11"":1,""12"":2,""13"":2,""14"":1,""15"":8,""16"":2,""17"":2,""18"":6,""19"":3,""20"":4,""21"":4,""22"":6,""23"":2,""24"":7,""25"":1,""26"":1,""40"":1,""41"":2,""45"":1,""49"":1,""5"":1,""50"":1,""61"":1,""9"":2}}",161,5.451114318281585,196,0.196,"{""10"":72,""11"":25,""12"":4,""14"":4,""15"":6,""16"":7,""17"":10,""18"":13,""19"":12,""20"":11,""21"":11,""22"":3,""23"":2,""25"":1,""26"":4,""3"":196,""4"":118,""5"":151,""6"":124,""7"":106,""8"":73,""9"":47}","{""10"":3,""11"":79,""12"":45,""13"":2,""14"":40,""15"":31,""16"":7,""17"":50,""18"":32,""19"":10,""20"":15,""21"":40,""22"":8,""23"":30,""24"":9,""25"":4,""26"":5,""28"":3,""29"":5,""3"":196,""32"":5,""37"":7,""38"":10,""39"":9,""4"":55,""40"":10,""41"":12,""42"":3,""43"":7,""44"":3,""45"":1,""46"":4,""47"":1,""49"":3,""5"":91,""50"":2,""51"":1,""52"":1,""6"":23,""7"":7,""8"":93,""9"":38}","{""Diagonal CMA-ES"":{""attempts"":336,""discoveries"":0,""improvements"":0,""insertions"":0,""insertion_rate"":0.0},""Immigrant"":{""attempts"":140,""discoveries"":0,""improvements"":0,""insertions"":0,""insertion_rate"":0.0},""Morphology"":{""attempts"":308,""discoveries"":4,""improvements"":10,""insertions"":14,""insertion_rate"":0.045454545454545456},""Novelty"":{""attempts"":216,""discoveries"":1,""improvements"":0,""insertions"":1,""insertion_rate"":0.004629629629629629}}","{""Morphology"":196,""Novelty"":23}",5,0.9332129963898917,false,38000
38,113,114000,5.8168059649999995,0.066531454,0.063357861,0.001073299,0.002100294,6.194586799,78.54738,26.783665,5876.659421086311,186,0.96875,49,4.428302814314008,45,0.24193548387096775,"{""10"":14,""11"":2,""13"":1,""14"":1,""15"":2,""16"":4,""17"":4,""18"":5,""19"":1,""20"":1,""21"":1,""22"":1,""3"":45,""4"":6,""5"":26,""6"":32,""7"":24,""8"":8,""9"":8}","{""11"":22,""12"":11,""14"":11,""15"":6,""17"":4,""18"":5,""19"":2,""20"":3,""21"":8,""22"":1,""23"":4,""25"":1,""26"":2,""29"":1,""3"":45,""32"":2,""35"":1,""37"":3,""38"":4,""39"":1,""4"":2,""40"":1,""41"":5,""43"":1,""46"":1,""5"":4,""8"":26,""9"":9}",64,"{""count"":64,""unique_topologies"":64,""topology_entropy_bits"":6.0,""effective_topology_count"":64.0,""triangle_like_count"":0,""triangle_like_fraction"":0.0,""mean_nodes"":10.390625,""mean_muscles"":20.703125,""node_counts"":{""10"":7,""11"":16,""12"":3,""18"":1,""20"":1,""22"":1,""25"":1,""26"":2,""4"":1,""6"":4,""7"":7,""8"":11,""9"":9},""muscle_counts"":{""10"":2,""11"":1,""12"":2,""13"":2,""14"":1,""15"":8,""16"":2,""17"":2,""18"":6,""19"":3,""20"":4,""21"":4,""22"":6,""23"":2,""24"":7,""25"":1,""26"":1,""40"":1,""41"":1,""45"":1,""49"":1,""5"":1,""50"":1,""61"":1,""9"":3}}",170,5.424140927053599,202,0.202,"{""10"":63,""11"":27,""12"":8,""13"":1,""14"":4,""15"":6,""16"":4,""17"":22,""18"":10,""19"":8,""20"":7,""21"":6,""22"":3,""26"":2,""27"":4,""3"":202,""4"":141,""5"":136,""6"":149,""7"":91,""8"":69,""9"":37}","{""10"":4,""11"":105,""12"":45,""13"":7,""14"":35,""15"":22,""16"":3,""17"":43,""18"":16,""19"":12,""20"":20,""21"":37,""22"":14,""23"":23,""24"":8,""25"":4,""26"":8,""29"":4,""3"":202,""32"":4,""33"":2,""35"":1,""37"":2,""38"":22,""39"":4,""4"":69,""40"":10,""41"":10,""42"":1,""43"":5,""46"":3,""5"":92,""50"":2,""51"":2,""52"":3,""53"":1,""6"":30,""7"":13,""8"":73,""9"":39}","{""Diagonal CMA-ES"":{""attempts"":285,""discoveries"":0,""improvements"":0,""insertions"":0,""insertion_rate"":0.0},""Immigrant"":{""attempts"":147,""discoveries"":0,""improvements"":0,""insertions"":0,""insertion_rate"":0.0},""Morphology"":{""attempts"":310,""discoveries"":1,""improvements"":8,""insertions"":9,""insertion_rate"":0.02903225806451613},""Novelty"":{""attempts"":258,""discoveries"":0,""improvements"":0,""insertions"":0,""insertion_rate"":0.0}}","{""Morphology"":204,""Novelty"":27}",0,0.9333333333333333,false,39000
38,114,115000,5.887516639999999,0.070710675,0.067718736,0.001100606,0.001891333,6.268480564,78.54738,26.836754,5914.503505825996,186,0.96875,49,4.419752705611585,46,0.24731182795698925,"{""10"":14,""11"":2,""13"":1,""14"":1,""15"":2,""16"":4,""17"":4,""18"":5,""19"":1,""20"":1,""21"":1,""22"":1,""3"":46,""4"":6,""5"":25,""6"":31,""7"":25,""8"":7,""9"":9}","{""10"":1,""11"":21,""12"":11,""14"":11,""15"":5,""17"":4,""18"":5,""19"":2,""20"":4,""21"":8,""22"":1,""23"":4,""25"":1,""26"":2,""29"":1,""3"":46,""32"":2,""35"":1,""37"":3,""38"":4,""39"":1,""4"":2,""40"":1,""41"":5,""43"":1,""46"":1,""5"":4,""8"":25,""9"":9}",64,"{""count"":64,""unique_topologies"":64,""topology_entropy_bits"":6.0,""effective_topology_count"":64.0,""triangle_like_count"":0,""triangle_like_fraction"":0.0,""mean_nodes"":10.28125,""mean_muscles"":20.421875,""node_counts"":{""10"":7,""11"":16,""12"":3,""18"":1,""20"":2,""25"":1,""26"":2,""4"":2,""6"":4,""7"":7,""8"":11,""9"":8},""muscle_counts"":{""10"":2,""11"":1,""12"":2,""13"":2,""14"":1,""15"":8,""16"":2,""17"":2,""18"":6,""19"":3,""20"":3,""21"":4,""22"":6,""23"":2,""24"":7,""25"":1,""26"":1,""4"":1,""40"":1,""41"":1,""43"":1,""49"":1,""5"":1,""50"":1,""61"":1,""9"":3}}",184,5.536718387473182,207,0.207,"{""10"":67,""11"":42,""12"":3,""14"":3,""15"":6,""16"":6,""17"":17,""18"":20,""19"":10,""20"":16,""21"":5,""22"":2,""23"":1,""25"":1,""26"":1,""27"":2,""3"":207,""4"":140,""5"":114,""6"":115,""7"":116,""8"":67,""9"":39}","{""10"":4,""11"":78,""12"":34,""13"":5,""14"":63,""15"":26,""16"":6,""17"":41,""18"":17,""19"":12,""20"":19,""21"":39,""22"":15,""23"":26,""24"":17,""26"":6,""27"":1,""28"":3,""29"":5,""3"":207,""30"":1,""31"":1,""32"":5,""33"":1,""37"":5,""38"":17,""39"":12,""4"":75,""40"":10,""41"":18,""42"":1,""43"":7,""44"":3,""46"":3,""49"":1,""5"":77,""51"":1,""53"":1,""6"":25,""62"":1,""7"":11,""8"":65,""9"":35}","{""Diagonal CMA-ES"":{""attempts"":302,""discoveries"":0,""improvements"":0,""insertions"":0,""insertion_rate"":0.0},""Immigrant"":{""attempts"":154,""discoveries"":0,""improvements"":0,""insertions"":0,""insertion_rate"":0.0},""Morphology"":{""attempts"":296,""discoveries"":2,""improvements"":10,""insertions"":12,""insertion_rate"":0.04054054054054054},""Novelty"":{""attempts"":248,""discoveries"":0,""improvements"":1,""insertions"":1,""insertion_rate"":0.004032258064516129}}","{""Morphology"":210,""Novelty"":27}",2,0.9338103756708408,false,40000
38,115,116000,5.9576123039999995,0.070095664,0.065611318,0.001558895,0.002925451,6.343100942,78.54738,26.836754,5931.74450981617,186,0.96875,48,4.371212125760246,48,0.25806451612903225,"{""10"":14,""11"":2,""13"":1,""15"":2,""16"":4,""17"":4,""18"":5,""19"":1,""20"":1,""21"":1,""22"":1,""3"":48,""4"":6,""5"":25,""6"":29,""7"":26,""8"":7,""9"":9}","{""10"":1,""11"":20,""12"":12,""14"":11,""15"":5,""17"":4,""18"":5,""19"":2,""20"":4,""21"":8,""22"":1,""23"":4,""25"":1,""26"":2,""3"":48,""32"":2,""35"":1,""37"":3,""38"":4,""39"":1,""4"":2,""40"":1,""41"":5,""43"":1,""46"":1,""5"":4,""8"":25,""9"":8}",64,"{""count"":64,""unique_topologies"":64,""topology_entropy_bits"":6.0,""effective_topology_count"":64.0,""triangle_like_count"":0,""triangle_like_fraction"":0.0,""mean_nodes"":10.15625,""mean_muscles"":20.171875,""node_counts"":{""10"":7,""11"":15,""12"":3,""18"":1,""20"":1,""21"":2,""26"":2,""4"":2,""6"":4,""7"":8,""8"":12,""9"":7},""muscle_counts"":{""10"":3,""11"":1,""12"":2,""13"":2,""14"":1,""15"":8,""16"":2,""17"":3,""18"":5,""19"":3,""20"":3,""21"":4,""22"":6,""23"":2,""24"":6,""25"":1,""26"":1,""39"":1,""4"":1,""43"":1,""44"":1,""46"":1,""5"":1,""50"":1,""61"":1,""9"":3}}",164,5.498494027387104,215,0.215,"{""10"":71,""11"":26,""12"":2,""13"":2,""14"":3,""15"":10,""16"":7,""17"":17,""18"":16,""19"":14,""20"":14,""21"":11,""22"":4,""23"":1,""27"":1,""3"":215,""4"":136,""5"":143,""6"":110,""7"":93,""8"":56,""9"":48}","{""10"":10,""11"":72,""12"":34,""14"":36,""15"":21,""16"":1,""17"":37,""18"":23,""19"":12,""20"":25,""21"":31,""22"":9,""23"":38,""24"":11,""25"":2,""26"":6,""27"":2,""28"":1,""29"":2,""3"":215,""30"":2,""31"":1,""32"":8,""37"":7,""38"":17,""39"":14,""4"":64,""40"":13,""41"":9,""42"":1,""43"":11,""44"":4,""46"":6,""47"":1,""48"":1,""5"":104,""59"":1,""6"":27,""7"":12,""8"":72,""9"":37}","{""Diagonal CMA-ES"":{""attempts"":291,""discoveries"":0,""improvements"":0,""insertions"":0,""insertion_rate"":0.0},""Immigrant"":{""attempts"":157,""discoveries"":0,""improvements"":0,""insertions"":0,""insertion_rate"":0.0},""Morphology"":{""attempts"":295,""discoveries"":6,""improvements"":3,""insertions"":9,""insertion_rate"":0.030508474576271188},""Novelty"":{""attempts"":257,""discoveries"":0,""improvements"":1,""insertions"":1,""insertion_rate"":0.0038910505836575876}}","{""Morphology"":197,""Novelty"":30}",7,0.9326241134751773,false,41000
38,116,117000,6.021640981999999,0.064028678,0.060205645,0.001372493,0.00245054,6.411013204,78.54738,27.147003,5942.195891499519,186,0.96875,49,4.397203883051303,48,0.25806451612903225,"{""10"":14,""11"":2,""13"":1,""15"":2,""16"":4,""17"":4,""18"":5,""19"":1,""20"":1,""21"":1,""22"":1,""3"":48,""4"":6,""5"":26,""6"":28,""7"":26,""8"":7,""9"":9}","{""10"":1,""11"":19,""12"":12,""14"":11,""15"":5,""17"":4,""18"":5,""19"":2,""20"":4,""21"":8,""22"":1,""23"":4,""25"":1,""26"":2,""3"":48,""32"":2,""35"":1,""37"":3,""38"":4,""39"":1,""4"":2,""40"":1,""41"":5,""43"":1,""46"":1,""5"":5,""8"":25,""9"":8}",64,"{""count"":64,""unique_topologies"":64,""topology_entropy_bits"":6.0,""effective_topology_count"":64.0,""triangle_like_count"":0,""triangle_like_fraction"":0.0,""mean_nodes"":10.09375,""mean_muscles"":20.1875,""node_counts"":{""10"":7,""11"":16,""12"":3,""18"":2,""20"":1,""21"":2,""26"":1,""4"":2,""6"":4,""7"":7,""8"":12,""9"":7},""muscle_counts"":{""10"":3,""11"":1,""12"":2,""13"":2,""15"":8,""16"":2,""17"":3,""18"":5,""19"":3,""20"":3,""21"":4,""22"":6,""23"":2,""24"":7,""25"":1,""26"":1,""39"":1,""4"":1,""41"":1,""43"":1,""44"":1,""46"":1,""5"":1,""61"":1,""9"":3}}",166,5.551865418817779,206,0.206,"{""10"":60,""11"":37,""12"":1,""15"":15,""16"":2,""17"":6,""18"":17,""19"":8,""20"":7,""21"":11,""22"":16,""3"":206,""4"":155,""5"":138,""6"":117,""7"":126,""8"":42,""9"":36}","{""10"":14,""11"":78,""12"":58,""13"":3,""14"":42,""15"":23,""16"":3,""17"":17,""18"":12,""19"":23,""20"":22,""21"":21,""22"":14,""23"":33,""24"":6,""26"":10,""27"":1,""28"":4,""29"":2,""3"":206,""32"":14,""33"":1,""34"":1,""37"":1,""38"":5,""39"":14,""4"":80,""40"":7,""41"":7,""42"":4,""43"":8,""44"":2,""46"":8,""47"":5,""49"":2,""5"":99,""50"":1,""53"":1,""56"":1,""6"":31,""7"":7,""8"":76,""9"":33}","{""Diagonal CMA-ES"":{""attempts"":290,""discoveries"":0,""improvements"":0,""insertions"":0,""insertion_rate"":0.0},""Immigrant"":{""attempts"":167,""discoveries"":0,""improvements"":0,""insertions"":0,""insertion_rate"":0.0},""Morphology"":{""attempts"":310,""discoveries"":2,""improvements"":7,""insertions"":9,""insertion_rate"":0.02903225806451613},""Novelty"":{""attempts"":233,""discoveries"":0,""improvements"":0,""insertions"":0,""insertion_rate"":0.0}}","{""Morphology"":205,""Novelty"":24}",3,0.9326241134751773,false,42000
38,117,118000,6.090746457999999,0.069105476,0.066111162,0.001091108,0.001903206,6.483261403,78.54738,27.147003,5952.201180577278,186,0.96875,49,4.397203883051303,48,0.25806451612903225,"{""10"":14,""11"":2,""13"":1,""15"":2,""16"":4,""17"":4,""18"":5,""19"":1,""20"":1,""21"":1,""22"":1,""3"":48,""4"":6,""5"":26,""6"":28,""7"":26,""8"":7,""9"":9}","{""10"":1,""11"":19,""12"":12,""14"":11,""15"":5,""17"":4,""18"":5,""19"":2,""20"":4,""21"":8,""22"":1,""23"":4,""25"":1,""26"":2,""3"":48,""32"":2,""35"":1,""37"":3,""38"":4,""39"":1,""4"":2,""40"":1,""41"":5,""43"":1,""46"":1,""5"":5,""8"":25,""9"":8}",64,"{""count"":64,""unique_topologies"":64,""topology_entropy_bits"":6.0,""effective_topology_count"":64.0,""triangle_like_count"":0,""triangle_like_fraction"":0.0,""mean_nodes"":9.890625,""mean_muscles"":19.625,""node_counts"":{""10"":7,""11"":16,""12"":3,""18"":1,""20"":1,""21"":2,""26"":1,""4"":2,""5"":1,""6"":4,""7"":7,""8"":12,""9"":7},""muscle_counts"":{""10"":3,""11"":1,""12"":2,""13"":2,""15"":8,""16"":2,""17"":3,""18"":5,""19"":3,""20"":3,""21"":4,""22"":6,""23"":2,""24"":7,""25"":1,""26"":1,""39"":1,""4"":1,""43"":1,""44"":1,""46"":1,""5"":2,""61"":1,""9"":3}}",173,5.548640732657213,180,0.18,"{""10"":47,""11"":50,""12"":4,""15"":12,""17"":4,""18"":18,""19"":10,""20"":7,""21"":9,""22"":10,""3"":180,""4"":193,""5"":132,""6"":129,""7"":117,""8"":39,""9"":39}","{""10"":8,""11"":91,""12"":50,""13"":4,""14"":29,""15"":43,""16"":3,""17"":18,""18"":9,""19"":15,""20"":25,""21"":16,""22"":20,""23"":26,""24"":20,""25"":3,""26"":7,""27"":1,""28"":2,""29"":1,""3"":180,""31"":1,""32"":10,""38"":4,""39"":13,""4"":134,""40"":5,""41"":9,""42"":7,""43"":8,""44"":2,""45"":2,""46"":6,""49"":1,""5"":91,""53"":1,""6"":28,""60"":1,""7"":11,""8"":61,""9"":34}","{""Diagonal CMA-ES"":{""attempts"":276,""discoveries"":0,""improvements"":0,""insertions"":0,""insertion_rate"":0.0},""Immigrant"":{""attempts"":138,""discoveries"":0,""improvements"":0,""insertions"":0,""insertion_rate"":0.0},""Morphology"":{""attempts"":328,""discoveries"":1,""improvements"":5,""insertions"":6,""insertion_rate"":0.018292682926829267},""Novelty"":{""attempts"":258,""discoveries"":0,""improvements"":0,""insertions"":0,""insertion_rate"":0.0}}","{""Morphology"":216,""Novelty"":30}",1,0.931095406360424,false,43000
38,118,119000,6.159741516999999,0.068995059,0.064902514,0.001247829,0.002844716,6.555958392,78.54738,27.392035,5970.997339844704,186,0.96875,51,4.412754883624958,49,0.26344086021505375,"{""10"":14,""11"":2,""12"":1,""13"":1,""15"":2,""16"":4,""17"":4,""18"":5,""19"":1,""20"":1,""21"":1,""22"":1,""3"":49,""4"":5,""5"":26,""6"":26,""7"":27,""8"":7,""9"":9}","{""10"":1,""11"":17,""12"":12,""14"":12,""15"":5,""17"":4,""18"":5,""19"":2,""20"":4,""21"":8,""22"":1,""23"":4,""25"":1,""26"":2,""3"":49,""32"":2,""35"":1,""36"":1,""37"":3,""38"":4,""39"":1,""4"":1,""40"":1,""41"":5,""43"":1,""46"":1,""5"":5,""8"":25,""9"":8}",64,"{""count"":64,""unique_topologies"":64,""topology_entropy_bits"":6.0,""effective_topology_count"":64.0,""triangle_like_count"":0,""triangle_like_fraction"":0.0,""mean_nodes"":9.546875,""mean_muscles"":18.859375,""node_counts"":{""10"":7,""11"":17,""12"":3,""20"":2,""26"":1,""4"":2,""5"":1,""6"":4,""7"":8,""8"":12,""9"":7},""muscle_counts"":{""10"":3,""11"":1,""12"":2,""13"":3,""15"":8,""16"":2,""17"":2,""18"":5,""19"":4,""20"":3,""21"":4,""22"":6,""23"":2,""24"":8,""25"":1,""26"":1,""4"":1,""41"":1,""43"":1,""5"":2,""61"":1,""9"":3}}",166,5.561368268960021,209,0.209,"{""10"":54,""11"":43,""12"":8,""15"":14,""16"":2,""17"":3,""18"":15,""19"":3,""20"":3,""21"":10,""22"":6,""23"":3,""27"":1,""3"":209,""4"":152,""5"":140,""6"":121,""7"":126,""8"":44,""9"":43}","{""10"":11,""11"":74,""12"":63,""13"":3,""14"":38,""15"":32,""16"":2,""17"":21,""18"":13,""19"":20,""20"":24,""21"":23,""22"":12,""23"":28,""24"":12,""26"":16,""27"":1,""28"":4,""29"":2,""3"":209,""31"":2,""32"":12,""33"":1,""36"":2,""37"":2,""38"":2,""39"":11,""4"":73,""40"":2,""41"":7,""42"":2,""43"":8,""44"":2,""45"":1,""46"":4,""47"":3,""5"":120,""59"":1,""6"":28,""62"":1,""7"":14,""8"":62,""9"":32}","{""Diagonal CMA-ES"":{""attempts"":307,""discoveries"":0,""improvements"":0,""insertions"":0,""insertion_rate"":0.0},""Immigrant"":{""attempts"":147,""discoveries"":0,""improvements"":0,""insertions"":0,""insertion_rate"":0.0},""Morphology"":{""attempts"":309,""discoveries"":4,""improvements"":2,""insertions"":6,""insertion_rate"":0.019417475728155338},""Novelty"":{""attempts"":237,""discoveries"":0,""improvements"":3,""insertions"":3,""insertion_rate"":0.012658227848101266}}","{""Morphology"":225,""Novelty"":35}",6,0.924956369982548,false,44000
38,119,120000,6.225128439999999,0.065386923,0.061807282,0.001314316,0.002265325,6.624992631,78.54738,27.392035,5983.5647493600845,186,0.96875,51,4.4272170123125525,49,0.26344086021505375,"{""10"":14,""11"":2,""12"":1,""13"":1,""15"":2,""16"":4,""17"":4,""18"":5,""19"":1,""20"":1,""21"":1,""22"":1,""3"":49,""4"":5,""5"":26,""6"":26,""7"":25,""8"":8,""9"":10}","{""10"":1,""11"":17,""12"":12,""14"":11,""15"":4,""17"":4,""18"":5,""19"":3,""20"":5,""21"":8,""22"":1,""23"":4,""25"":1,""26"":2,""3"":49,""32"":2,""35"":1,""36"":1,""37"":3,""38"":4,""39"":1,""4"":1,""40"":1,""41"":5,""43"":1,""46"":1,""5"":5,""8"":25,""9"":8}",64,"{""count"":64,""unique_topologies"":64,""topology_entropy_bits"":6.0,""effective_topology_count"":64.0,""triangle_like_count"":0,""triangle_like_fraction"":0.0,""mean_nodes"":9.34375,""mean_muscles"":18.375,""node_counts"":{""10"":7,""11"":17,""12"":3,""20"":1,""26"":1,""4"":2,""5"":1,""6"":4,""7"":9,""8"":12,""9"":7},""muscle_counts"":{""10"":3,""11"":1,""12"":3,""13"":3,""15"":8,""16"":2,""17"":2,""18"":5,""19"":4,""20"":3,""21"":4,""22"":6,""23"":2,""24"":8,""25"":1,""26"":1,""4"":1,""41"":1,""5"":2,""61"":1,""9"":3}}",155,5.120945861560116,229,0.229,"{""10"":45,""11"":33,""12"":4,""13"":6,""15"":8,""16"":2,""17"":4,""18"":14,""19"":3,""20"":5,""21"":9,""22"":4,""3"":229,""4"":235,""5"":110,""6"":73,""7"":138,""8"":45,""9"":33}","{""10"":12,""11"":49,""12"":69,""13"":7,""14"":30,""15"":32,""16"":6,""17"":18,""18"":11,""19"":19,""20"":22,""21"":19,""22"":10,""23"":18,""24"":14,""25"":3,""26"":13,""27"":1,""29"":3,""3"":229,""32"":7,""33"":1,""37"":2,""38"":4,""39"":8,""4"":176,""40"":4,""41"":9,""42"":2,""43"":5,""44"":2,""46"":5,""49"":1,""5"":89,""6"":27,""7"":9,""8"":44,""9"":20}","{""Diagonal CMA-ES"":{""attempts"":326,""discoveries"":0,""improvements"":1,""insertions"":1,""insertion_rate"":0.003067484662576687},""Immigrant"":{""attempts"":152,""discoveries"":0,""improvements"":0,""insertions"":0,""insertion_rate"":0.0},""Morphology"":{""attempts"":285,""discoveries"":1,""improvements"":3,""insertions"":4,""insertion_rate"":0.014035087719298246},""Novelty"":{""attempts"":237,""discoveries"":0,""improvements"":0,""insertions"":0,""insertion_rate"":0.0}}","{""Morphology"":193,""Novelty"":28}",1,0.9236111111111112,false,45000
38,120,121000,6.2904001959999984,0.065271756,0.061472469,0.001144535,0.002654752,6.693449854,78.54738,27.840414,6023.24539244175,186,0.96875,51,4.447982611212897,48,0.25806451612903225,"{""10"":15,""11"":2,""12"":1,""13"":1,""15"":2,""16"":3,""17"":5,""18"":4,""19"":1,""20"":1,""21"":1,""22"":1,""3"":48,""4"":5,""5"":26,""6"":26,""7"":24,""8"":9,""9"":11}","{""10"":1,""11"":17,""12"":12,""14"":10,""15"":4,""17"":5,""18"":5,""19"":3,""20"":6,""21"":8,""22"":1,""23"":5,""25"":1,""26"":2,""3"":48,""32"":2,""35"":1,""36"":1,""37"":2,""38"":5,""39"":1,""4"":1,""40"":1,""41"":4,""43"":1,""46"":1,""5"":5,""8"":25,""9"":8}",64,"{""count"":64,""unique_topologies"":64,""topology_entropy_bits"":6.0,""effective_topology_count"":64.0,""triangle_like_count"":0,""triangle_like_fraction"":0.0,""mean_nodes"":9.40625,""mean_muscles"":18.484375,""node_counts"":{""10"":8,""11"":17,""12"":3,""21"":1,""26"":1,""4"":2,""5"":1,""6"":4,""7"":8,""8"":12,""9"":7},""muscle_counts"":{""10"":2,""11"":1,""12"":4,""13"":2,""15"":8,""16"":2,""17"":2,""18"":5,""19"":5,""20"":3,""21"":4,""22"":7,""23"":2,""24"":7,""25"":1,""26"":1,""4"":1,""42"":1,""5"":2,""61"":1,""9"":3}}",186,5.440055879737834,236,0.236,"{""10"":67,""11"":32,""12"":11,""13"":3,""15"":6,""16"":4,""17"":20,""18"":15,""19"":7,""20"":12,""21"":4,""22"":2,""23"":2,""3"":236,""4"":149,""5"":116,""6"":84,""7"":111,""8"":67,""9"":52}","{""10"":5,""11"":46,""12"":74,""13"":11,""14"":24,""15"":24,""16"":2,""17"":40,""18"":22,""19"":12,""20"":29,""21"":38,""22"":11,""23"":19,""24"":12,""25"":5,""26"":7,""28"":3,""29"":2,""3"":236,""31"":1,""32"":6,""36"":8,""37"":4,""38"":19,""39"":9,""4"":76,""40"":8,""41"":13,""42"":2,""43"":5,""44"":2,""46"":1,""47"":2,""5"":100,""50"":1,""6"":22,""7"":4,""8"":64,""9"":31}","{""Diagonal CMA-ES"":{""attempts"":265,""discoveries"":0,""improvements"":0,""insertions"":0,""insertion_rate"":0.0},""Immigrant"":{""attempts"":165,""discoveries"":0,""improvements"":0,""insertions"":0,""insertion_rate"":0.0},""Morphology"":{""attempts"":328,""discoveries"":5,""improvements"":7,""insertions"":12,""insertion_rate"":0.036585365853658534},""Novelty"":{""attempts"":242,""discoveries"":0,""improvements"":0,""insertions"":0,""insertion_rate"":0.0}}","{""Morphology"":219,""Novelty"":27}",4,0.9237435008665511,false,46000
38,121,122000,6.357663016999998,0.067262821,0.0621789,0.002988377,0.002095544,6.765352555,78.54738,28.045757,6047.348858475685,186,0.96875,51,4.441063490364494,48,0.25806451612903225,"{""10"":15,""11"":2,""12"":1,""13"":1,""15"":2,""16"":3,""17"":6,""18"":3,""19"":1,""20"":1,""21"":1,""22"":1,""3"":48,""4"":5,""5"":26,""6"":26,""7"":23,""8"":9,""9"":12}","{""11"":16,""12"":12,""14"":10,""15"":4,""17"":5,""18"":6,""19"":3,""20"":6,""21"":8,""22"":1,""23"":5,""25"":1,""26"":2,""3"":48,""32"":2,""35"":1,""36"":1,""37"":2,""38"":6,""39"":1,""4"":1,""40"":1,""41"":3,""43"":1,""46"":1,""5"":5,""8"":25,""9"":9}",64,"{""count"":64,""unique_topologies"":64,""topology_entropy_bits"":6.0,""effective_topology_count"":64.0,""triangle_like_count"":0,""triangle_like_fraction"":0.0,""mean_nodes"":9.375,""mean_muscles"":18.390625,""node_counts"":{""10"":8,""11"":17,""12"":3,""21"":1,""26"":1,""4"":2,""5"":1,""6"":4,""7"":9,""8"":12,""9"":6},""muscle_counts"":{""10"":2,""11"":1,""12"":5,""13"":2,""15"":8,""16"":2,""17"":2,""18"":4,""19"":5,""20"":3,""21"":4,""22"":7,""23"":2,""24"":7,""25"":1,""26"":1,""4"":1,""42"":1,""5"":2,""61"":1,""9"":3}}",159,5.332535378266706,173,0.173,"{""10"":124,""11"":50,""12"":9,""13"":5,""16"":4,""17"":64,""18"":113,""19"":21,""20"":9,""21"":6,""22"":3,""3"":173,""4"":107,""5"":80,""6"":67,""7"":41,""8"":52,""9"":72}","{""10"":3,""11"":37,""12"":16,""13"":4,""14"":19,""15"":12,""16"":2,""17"":35,""18"":42,""19"":7,""20"":30,""21"":42,""22"":11,""23"":79,""24"":21,""25"":1,""26"":11,""27"":2,""28"":3,""29"":2,""3"":173,""31"":3,""32"":1,""36"":7,""37"":6,""38"":63,""39"":9,""4"":58,""40"":15,""41"":109,""42"":7,""43"":6,""44"":7,""49"":1,""5"":61,""6"":8,""7"":9,""8"":51,""9"":27}","{""Diagonal CMA-ES"":{""attempts"":307,""discoveries"":0,""improvements"":0,""insertions"":0,""insertion_rate"":0.0},""Immigrant"":{""attempts"":129,""discoveries"":0,""improvements"":0,""insertions"":0,""insertion_rate"":0.0},""Morphology"":{""attempts"":321,""discoveries"":1,""improvements"":4,""insertions"":5,""insertion_rate"":0.01557632398753894},""Novelty"":{""attempts"":243,""discoveries"":0,""improvements"":0,""insertions"":0,""insertion_rate"":0.0}}","{""Morphology"":218,""Novelty"":25}",1,0.9210977701543739,false,47000
38,122,123000,6.421202536999998,0.06353952,0.060609319,0.001095857,0.001834344,6.832158274,78.54738,28.045757,6062.587362885475,186,0.96875,51,4.425989558270394,49,0.26344086021505375,"{""10"":15,""11"":2,""12"":1,""13"":1,""15"":2,""16"":3,""17"":6,""18"":3,""19"":1,""20"":1,""21"":1,""22"":1,""3"":49,""4"":5,""5"":26,""6"":25,""7"":23,""8"":8,""9"":13}","{""11"":15,""12"":12,""14"":10,""15"":4,""17"":4,""18"":6,""19"":3,""20"":7,""21"":8,""22"":1,""23"":5,""25"":1,""26"":2,""3"":49,""32"":2,""35"":1,""36"":1,""37"":2,""38"":6,""39"":1,""4"":1,""40"":1,""41"":3,""43"":1,""46"":1,""5"":5,""8"":25,""9"":9}",64,"{""count"":64,""unique_topologies"":64,""topology_entropy_bits"":6.0,""effective_topology_count"":64.0,""triangle_like_count"":0,""triangle_like_fraction"":0.0,""mean_nodes"":9.40625,""mean_muscles"":18.515625,""node_counts"":{""10"":9,""11"":17,""12"":3,""20"":1,""26"":1,""4"":2,""5"":1,""6"":4,""7"":8,""8"":12,""9"":6},""muscle_counts"":{""10"":2,""11"":1,""12"":4,""13"":2,""15"":8,""16"":2,""17"":2,""18"":4,""19"":6,""20"":3,""21"":4,""22"":7,""23"":2,""24"":7,""25"":1,""26"":1,""4"":1,""43"":1,""5"":2,""61"":1,""9"":3}}",186,5.66199300513692,190,0.19,"{""10"":81,""11"":28,""12"":5,""13"":4,""14"":1,""15"":6,""16"":6,""17"":49,""18"":34,""19"":10,""20"":7,""21"":9,""22"":5,""23"":1,""3"":190,""4"":131,""5"":132,""6"":89,""7"":72,""8"":59,""9"":81}","{""10"":7,""11"":47,""12"":40,""13"":5,""14"":28,""15"":14,""16"":4,""17"":38,""18"":40,""19"":17,""20"":35,""21"":41,""22"":10,""23"":29,""24"":17,""25"":2,""26"":5,""27"":2,""28"":2,""29"":1,""3"":190,""31"":1,""32"":5,""33"":1,""36"":1,""37"":6,""38"":48,""39"":10,""4"":79,""40"":10,""41"":27,""42"":7,""43"":5,""44"":2,""46"":3,""47"":1,""48"":1,""49"":1,""5"":78,""53"":1,""6"":21,""7"":12,""8"":74,""9"":32}","{""Diagonal CMA-ES"":{""attempts"":298,""discoveries"":0,""improvements"":0,""insertions"":0,""insertion_rate"":0.0},""Immigrant"":{""attempts"":143,""discoveries"":0,""improvements"":0,""insertions"":0,""insertion_rate"":0.0},""Morphology"":{""attempts"":297,""discoveries"":2,""improvements"":4,""insertions"":6,""insertion_rate"":0.020202020202020204},""Novelty"":{""attempts"":262,""discoveries"":0,""improvements"":0,""insertions"":0,""insertion_rate"":0.0}}","{""Morphology"":187,""Novelty"":28}",2,0.9212328767123288,false,48000
38,123,124000,6.485960204999999,0.064757668,0.061587636,0.001067363,0.002102669,6.899985052,78.54738,28.045757,6068.092558503151,186,0.96875,51,4.4259895582703965,49,0.26344086021505375,"{""10"":15,""11"":2,""12"":1,""13"":1,""15"":2,""16"":3,""17"":6,""18"":3,""19"":1,""20"":1,""21"":1,""22"":1,""3"":49,""4"":5,""5"":26,""6"":25,""7"":23,""8"":8,""9"":13}","{""11"":15,""12"":12,""14"":10,""15"":4,""17"":4,""18"":6,""19"":3,""20"":7,""21"":8,""22"":1,""23"":5,""25"":1,""26"":2,""3"":49,""32"":2,""35"":1,""36"":1,""37"":2,""38"":6,""39"":1,""4"":1,""40"":1,""41"":3,""43"":1,""46"":1,""5"":5,""8"":25,""9"":9}",64,"{""count"":64,""unique_topologies"":64,""topology_entropy_bits"":6.0,""effective_topology_count"":64.0,""triangle_like_count"":0,""triangle_like_fraction"":0.0,""mean_nodes"":9.03125,""mean_muscles"":17.5625,""node_counts"":{""10"":9,""11"":19,""12"":3,""4"":2,""5"":1,""6"":4,""7"":8,""8"":12,""9"":6},""muscle_counts"":{""10"":2,""11"":1,""12"":4,""13"":2,""15"":8,""16"":2,""17"":2,""18"":4,""19"":6,""20"":3,""21"":5,""22"":8,""23"":2,""24"":7,""25"":1,""26"":1,""4"":1,""5"":2,""9"":3}}",170,5.3872346201021415,244,0.244,"{""10"":76,""11"":41,""12"":9,""13"":5,""15"":7,""16"":4,""17"":20,""18"":14,""19"":13,""20"":15,""21"":9,""22"":2,""23"":1,""3"":244,""4"":136,""5"":141,""6"":77,""7"":74,""8"":47,""9"":65}","{""10"":7,""11"":39,""12"":35,""13"":7,""14"":23,""15"":14,""16"":2,""17"":32,""18"":30,""19"":12,""20"":39,""21"":36,""22"":16,""23"":30,""24"":16,""25"":1,""26"":8,""27"":3,""3"":244,""31"":2,""32"":5,""35"":1,""36"":7,""37"":4,""38"":18,""39"":7,""4"":67,""40"":17,""41"":17,""42"":1,""43"":7,""44"":5,""45"":1,""46"":2,""47"":1,""5"":93,""6"":27,""7"":7,""8"":82,""9"":35}","{""Diagonal CMA-ES"":{""attempts"":296,""discoveries"":0,""improvements"":0,""insertions"":0,""insertion_rate"":0.0},""Immigrant"":{""attempts"":168,""discoveries"":0,""improvements"":0,""insertions"":0,""insertion_rate"":0.0},""Morphology"":{""attempts"":294,""discoveries"":2,""improvements"":1,""insertions"":3,""insertion_rate"":0.01020408163265306},""Novelty"":{""attempts"":242,""discoveries"":0,""improvements"":0,""insertions"":0,""insertion_rate"":0.0}}","{""Morphology"":202,""Novelty"":32}",2,0.9200680272108843,false,49000
38,124,125000,6.550624076999998,0.064663872,0.061587636,0.001069737,0.002006499,6.967947179,78.54738,28.045757,6070.201332688332,186,0.96875,51,4.425989558270395,49,0.26344086021505375,"{""10"":15,""11"":2,""12"":1,""13"":1,""15"":2,""16"":3,""17"":5,""18"":4,""19"":1,""20"":1,""21"":1,""22"":1,""3"":49,""4"":5,""5"":26,""6"":25,""7"":23,""8"":8,""9"":13}","{""11"":15,""12"":12,""14"":10,""15"":4,""17"":4,""18"":6,""19"":3,""20"":7,""21"":8,""22"":1,""23"":5,""25"":1,""26"":2,""3"":49,""32"":2,""35"":1,""36"":1,""37"":2,""38"":5,""39"":2,""4"":1,""40"":1,""41"":3,""43"":1,""46"":1,""5"":5,""8"":25,""9"":9}",64,"{""count"":64,""unique_topologies"":64,""topology_entropy_bits"":6.0,""effective_topology_count"":64.0,""triangle_like_count"":0,""triangle_like_fraction"":0.0,""mean_nodes"":9.03125,""mean_muscles"":17.5625,""node_counts"":{""10"":9,""11"":19,""12"":3,""4"":2,""5"":1,""6"":4,""7"":8,""8"":12,""9"":6},""muscle_counts"":{""10"":2,""11"":1,""12"":4,""13"":2,""15"":8,""16"":2,""17"":2,""18"":4,""19"":6,""20"":3,""21"":5,""22"":8,""23"":2,""24"":7,""25"":1,""26"":1,""4"":1,""5"":2,""9"":3}}",194,5.5561919035666785,222,0.222,"{""10"":91,""11"":40,""12"":24,""13"":8,""15"":2,""16"":3,""17"":17,""18"":15,""19"":11,""20"":6,""21"":4,""22"":4,""23"":1,""3"":222,""4"":141,""5"":134,""6"":77,""7"":76,""8"":44,""9"":80}","{""10"":4,""11"":43,""12"":39,""13"":3,""14"":24,""15"":18,""16"":2,""17"":29,""18"":38,""19"":12,""20"":43,""21"":53,""22"":18,""23"":32,""24"":21,""25"":6,""26"":10,""27"":2,""28"":1,""29"":3,""3"":222,""32"":4,""36"":5,""37"":4,""38"":16,""39"":7,""4"":81,""40"":13,""41"":9,""42"":2,""43"":4,""44"":2,""45"":1,""46"":2,""47"":1,""5"":86,""50"":1,""6"":18,""7"":8,""8"":82,""9"":31}","{""Diagonal CMA-ES"":{""attempts"":286,""discoveries"":0,""improvements"":0,""insertions"":0,""insertion_rate"":0.0},""Immigrant"":{""attempts"":152,""discoveries"":0,""improvements"":0,""insertions"":0,""insertion_rate"":0.0},""Morphology"":{""attempts"":312,""discoveries"":0,""improvements"":2,""insertions"":2,""insertion_rate"":0.00641025641025641},""Novelty"":{""attempts"":250,""discoveries"":0,""improvements"":0,""insertions"":0,""insertion_rate"":0.0}}","{""Morphology"":211,""Novelty"":26}",0,0.9185059422750425,false,50000
38,125,126000,6.614689560999999,0.06406548399999999,0.060402733,0.001176592,0.002486159,7.035380969,78.54738,28.045757,6071.115374684334,186,0.96875,51,4.425989558270396,49,0.26344086021505375,"{""10"":15,""11"":2,""12"":1,""13"":1,""15"":2,""16"":3,""17"":5,""18"":4,""19"":1,""20"":1,""21"":1,""22"":1,""3"":49,""4"":5,""5"":26,""6"":25,""7"":23,""8"":8,""9"":13}","{""11"":15,""12"":12,""14"":10,""15"":4,""17"":4,""18"":6,""19"":3,""20"":7,""21"":8,""22"":1,""23"":5,""25"":1,""26"":2,""3"":49,""32"":2,""35"":1,""36"":1,""37"":2,""38"":5,""39"":2,""4"":1,""40"":1,""41"":3,""43"":1,""46"":1,""5"":5,""8"":25,""9"":9}",64,"{""count"":64,""unique_topologies"":64,""topology_entropy_bits"":6.0,""effective_topology_count"":64.0,""triangle_like_count"":0,""triangle_like_fraction"":0.0,""mean_nodes"":9.03125,""mean_muscles"":17.5625,""node_counts"":{""10"":9,""11"":19,""12"":3,""4"":2,""5"":1,""6"":4,""7"":8,""8"":12,""9"":6},""muscle_counts"":{""10"":2,""11"":1,""12"":4,""13"":2,""15"":8,""16"":2,""17"":2,""18"":4,""19"":6,""20"":3,""21"":5,""22"":8,""23"":2,""24"":7,""25"":1,""26"":1,""4"":1,""5"":2,""9"":3}}",167,5.551805477018414,202,0.202,"{""10"":90,""11"":38,""12"":9,""13"":8,""15"":7,""16"":3,""17"":7,""18"":23,""19"":5,""20"":7,""21"":6,""22"":9,""3"":202,""4"":152,""5"":132,""6"":102,""7"":102,""8"":33,""9"":65}","{""10"":4,""11"":57,""12"":57,""13"":5,""14"":34,""15"":24,""16"":4,""17"":13,""18"":9,""19"":30,""20"":56,""21"":21,""22"":17,""23"":37,""24"":13,""25"":9,""26"":17,""27"":2,""28"":1,""29"":2,""3"":202,""31"":1,""32"":7,""36"":2,""37"":2,""38"":5,""39"":12,""4"":73,""40"":9,""41"":13,""43"":9,""44"":1,""46"":8,""49"":1,""5"":110,""6"":25,""7"":11,""8"":65,""9"":32}","{""Diagonal CMA-ES"":{""attempts"":287,""discoveries"":0,""improvements"":0,""insertions"":0,""insertion_rate"":0.0},""Immigrant"":{""attempts"":157,""discoveries"":0,""improvements"":0,""insertions"":0,""insertion_rate"":0.0},""Morphology"":{""attempts"":304,""discoveries"":0,""improvements"":4,""insertions"":4,""insertion_rate"":0.013157894736842105},""Novelty"":{""attempts"":252,""discoveries"":0,""improvements"":0,""insertions"":0,""insertion_rate"":0.0}}","{""Morphology"":195,""Novelty"":24}",0,0.9170896785109983,false,51000
38,126,127000,6.680797160999998,0.06610759999999999,0.0627108,0.001121977,0.002274823,7.104850938,78.54738,28.045757,6080.851874470711,186,0.96875,50,4.393113064037599,49,0.26344086021505375,"{""10"":15,""11"":2,""13"":1,""15"":2,""16"":3,""17"":5,""18"":4,""19"":1,""20"":1,""21"":1,""22"":1,""3"":49,""4"":5,""5"":27,""6"":25,""7"":22,""8"":9,""9"":13}","{""11"":15,""12"":12,""14"":10,""15"":3,""17"":4,""18"":6,""19"":4,""20"":7,""21"":8,""22"":1,""23"":5,""25"":1,""26"":2,""3"":49,""32"":2,""35"":1,""37"":2,""38"":5,""39"":2,""4"":1,""40"":1,""41"":3,""43"":1,""46"":1,""5"":5,""8"":26,""9"":9}",64,"{""count"":64,""unique_topologies"":64,""topology_entropy_bits"":6.0,""effective_topology_count"":64.0,""triangle_like_count"":0,""triangle_like_fraction"":0.0,""mean_nodes"":9.09375,""mean_muscles"":17.703125,""node_counts"":{""10"":9,""11"":20,""12"":3,""4"":2,""5"":1,""6"":4,""7"":7,""8"":12,""9"":6},""muscle_counts"":{""10"":2,""11"":1,""12"":4,""13"":2,""15"":7,""16"":2,""17"":2,""18"":4,""19"":6,""20"":3,""21"":5,""22"":8,""23"":2,""24"":8,""25"":1,""26"":1,""4"":1,""5"":2,""9"":3}}",167,5.419857090228028,230,0.23,"{""10"":73,""11"":43,""12"":7,""13"":11,""14"":2,""15"":7,""17"":9,""18"":24,""19"":4,""20"":2,""21"":10,""22"":6,""23"":1,""3"":230,""4"":144,""5"":136,""6"":91,""7"":111,""8"":27,""9"":62}","{""10"":4,""11"":51,""12"":58,""13"":1,""14"":40,""15"":20,""16"":4,""17"":11,""18"":13,""19"":21,""20"":49,""21"":20,""22"":7,""23"":36,""24"":17,""25"":12,""26"":18,""27"":3,""28"":1,""3"":230,""30"":1,""31"":1,""32"":8,""36"":2,""37"":1,""38"":9,""39"":12,""4"":81,""40"":4,""41"":14,""42"":2,""43"":9,""46"":6,""47"":1,""49"":1,""5"":93,""6"":23,""7"":6,""8"":77,""9"":33}","{""Diagonal CMA-ES"":{""attempts"":304,""discoveries"":0,""improvements"":0,""insertions"":0,""insertion_rate"":0.0},""Immigrant"":{""attempts"":151,""discoveries"":0,""improvements"":0,""insertions"":0,""insertion_rate"":0.0},""Morphology"":{""attempts"":272,""discoveries"":1,""improvements"":7,""insertions"":8,""insertion_rate"":0.029411764705882353},""Novelty"":{""attempts"":273,""discoveries"":0,""improvements"":0,""insertions"":0,""insertion_rate"":0.0}}","{""Morphology"":169,""Novelty"":37}",1,0.9173693086003373,false,52000
38,127,128000,6.744448284999998,0.06365112399999999,0.060560641,0.001099419,0.001991064,7.171626976,78.54738,28.045757,6082.943701863289,186,0.96875,50,4.3931130640376,49,0.26344086021505375,"{""10"":15,""11"":2,""13"":1,""15"":2,""16"":3,""17"":5,""18"":4,""19"":1,""20"":1,""21"":1,""22"":1,""3"":49,""4"":5,""5"":27,""6"":25,""7"":22,""8"":9,""9"":13}","{""11"":15,""12"":12,""14"":10,""15"":3,""17"":4,""18"":6,""19"":4,""20"":7,""21"":8,""22"":1,""23"":5,""25"":1,""26"":2,""3"":49,""32"":2,""35"":1,""37"":2,""38"":5,""39"":2,""4"":1,""40"":1,""41"":3,""43"":1,""46"":1,""5"":5,""8"":26,""9"":9}",64,"{""count"":64,""unique_topologies"":64,""topology_entropy_bits"":6.0,""effective_topology_count"":64.0,""triangle_like_count"":0,""triangle_like_fraction"":0.0,""mean_nodes"":9.09375,""mean_muscles"":17.703125,""node_counts"":{""10"":9,""11"":20,""12"":3,""4"":2,""5"":1,""6"":4,""7"":7,""8"":12,""9"":6},""muscle_counts"":{""10"":2,""11"":1,""12"":4,""13"":2,""15"":7,""16"":2,""17"":2,""18"":4,""19"":6,""20"":3,""21"":5,""22"":8,""23"":2,""24"":8,""25"":1,""26"":1,""4"":1,""5"":2,""9"":3}}",177,5.6384180556551415,200,0.2,"{""10"":75,""11"":45,""12"":11,""13"":7,""15"":6,""16"":2,""17"":10,""18"":19,""19"":4,""20"":8,""21"":7,""22"":6,""23"":1,""3"":200,""4"":159,""5"":124,""6"":107,""7"":101,""8"":37,""9"":71}","{""10"":4,""11"":63,""12"":52,""13"":2,""14"":31,""15"":23,""16"":4,""17"":14,""18"":27,""19"":26,""20"":42,""21"":22,""22"":18,""23"":38,""24"":16,""25"":13,""26"":17,""27"":2,""28"":1,""3"":200,""32"":6,""33"":2,""36"":2,""37"":1,""38"":8,""39"":12,""4"":88,""40"":5,""41"":12,""42"":1,""43"":9,""46"":6,""47"":1,""5"":95,""51"":1,""6"":23,""7"":12,""8"":66,""9"":35}","{""Diagonal CMA-ES"":{""attempts"":294,""discoveries"":0,""improvements"":0,""insertions"":0,""insertion_rate"":0.0},""Immigrant"":{""attempts"":163,""discoveries"":0,""improvements"":0,""insertions"":0,""insertion_rate"":0.0},""Morphology"":{""attempts"":309,""discoveries"":0,""improvements"":5,""insertions"":5,""insertion_rate"":0.016181229773462782},""Novelty"":{""attempts"":234,""discoveries"":0,""improvements"":0,""insertions"":0,""insertion_rate"":0.0}}","{""Morphology"":212,""Novelty"":26}",0,0.9173693086003373,false,53000
38,128,129000,6.807677929999998,0.063229645,0.059296195,0.001306005,0.002627445,7.238633349,78.54738,28.045757,6083.883744359016,186,0.96875,50,4.393113064037597,49,0.26344086021505375,"{""10"":15,""11"":2,""13"":1,""15"":2,""16"":3,""17"":5,""18"":4,""19"":1,""20"":1,""21"":1,""22"":1,""3"":49,""4"":5,""5"":27,""6"":25,""7"":22,""8"":9,""9"":13}","{""11"":15,""12"":12,""14"":10,""15"":3,""17"":4,""18"":6,""19"":4,""20"":7,""21"":8,""22"":1,""23"":5,""25"":1,""26"":2,""3"":49,""32"":2,""35"":1,""37"":2,""38"":5,""39"":2,""4"":1,""40"":1,""41"":3,""43"":1,""46"":1,""5"":5,""8"":26,""9"":9}",64,"{""count"":64,""unique_topologies"":64,""topology_entropy_bits"":6.0,""effective_topology_count"":64.0,""triangle_like_count"":0,""triangle_like_fraction"":0.0,""mean_nodes"":9.203125,""mean_muscles"":17.921875,""node_counts"":{""10"":10,""11"":19,""12"":4,""4"":2,""5"":1,""6"":3,""7"":6,""8"":12,""9"":7},""muscle_counts"":{""10"":2,""11"":1,""12"":3,""13"":2,""15"":7,""16"":2,""17"":2,""18"":5,""19"":6,""20"":3,""21"":8,""22"":7,""23"":2,""24"":7,""25"":1,""26"":1,""4"":1,""5"":2,""9"":2}}",166,5.197383643320659,165,0.165,"{""10"":57,""11"":34,""12"":8,""13"":5,""14"":1,""15"":5,""17"":11,""18"":16,""19"":5,""21"":7,""22"":5,""3"":165,""4"":133,""5"":216,""6"":184,""7"":68,""8"":27,""9"":53}","{""10"":9,""11"":42,""12"":41,""13"":2,""14"":23,""15"":8,""16"":4,""17"":9,""18"":19,""19"":22,""20"":30,""21"":20,""22"":15,""23"":27,""24"":7,""25"":5,""26"":13,""27"":4,""28"":3,""29"":1,""3"":165,""30"":1,""32"":3,""33"":1,""36"":1,""38"":10,""39"":9,""4"":73,""40"":1,""41"":7,""42"":4,""43"":4,""44"":1,""46"":5,""49"":1,""5"":78,""50"":1,""51"":1,""6"":24,""7"":11,""8"":163,""9"":132}","{""Diagonal CMA-ES"":{""attempts"":314,""discoveries"":0,""improvements"":0,""insertions"":0,""insertion_rate"":0.0},""Immigrant"":{""attempts"":178,""discoveries"":0,""improvements"":0,""insertions"":0,""insertion_rate"":0.0},""Morphology"":{""attempts"":271,""discoveries"":5,""improvements"":3,""insertions"":8,""insertion_rate"":0.02952029520295203},""Novelty"":{""attempts"":237,""discoveries"":0,""improvements"":0,""insertions"":0,""insertion_rate"":0.0}}","{""Morphology"":175,""Novelty"":28}",5,0.9173693086003373,false,54000
38,129,130000,6.869980311999998,0.062302382,0.058285822,0.001184903,0.002831657,7.304980785,78.54738,28.045757,6125.890760779381,186,0.96875,49,4.334361464139401,51,0.27419354838709675,"{""10"":15,""11"":2,""13"":1,""15"":2,""16"":3,""17"":5,""18"":4,""19"":1,""20"":1,""21"":1,""22"":1,""3"":51,""4"":4,""5"":27,""6"":23,""7"":23,""8"":9,""9"":13}","{""11"":14,""12"":12,""13"":1,""14"":10,""15"":3,""17"":4,""18"":6,""19"":4,""20"":7,""21"":8,""22"":1,""23"":5,""25"":1,""26"":2,""3"":51,""32"":2,""35"":1,""37"":2,""38"":5,""39"":2,""40"":1,""41"":3,""43"":1,""46"":1,""5"":5,""8"":26,""9"":8}",64,"{""count"":64,""unique_topologies"":64,""topology_entropy_bits"":6.0,""effective_topology_count"":64.0,""triangle_like_count"":0,""triangle_like_fraction"":0.0,""mean_nodes"":9.265625,""mean_muscles"":18.078125,""node_counts"":{""10"":10,""11"":19,""12"":5,""4"":2,""5"":1,""6"":3,""7"":6,""8"":11,""9"":7},""muscle_counts"":{""10"":2,""11"":1,""12"":3,""13"":2,""15"":6,""16"":2,""17"":2,""18"":5,""19"":6,""20"":3,""21"":8,""22"":6,""23"":3,""24"":8,""25"":1,""26"":1,""4"":1,""5"":2,""9"":2}}",171,5.515112626138281,145,0.145,"{""10"":65,""11"":42,""12"":10,""13"":6,""15"":38,""16"":1,""17"":10,""18"":11,""19"":5,""20"":13,""21"":7,""22"":5,""3"":145,""4"":130,""5"":108,""6"":167,""7"":158,""8"":34,""9"":45}","{""10"":6,""11"":37,""12"":42,""13"":4,""14"":19,""15"":98,""16"":6,""17"":10,""18"":14,""19"":26,""20"":31,""21"":31,""22"":17,""23"":22,""24"":22,""25"":4,""26"":8,""27"":1,""28"":1,""29"":1,""3"":145,""31"":1,""32"":39,""33"":1,""38"":8,""39"":6,""4"":73,""40"":7,""41"":15,""42"":1,""43"":7,""44"":2,""46"":5,""5"":85,""6"":23,""7"":5,""8"":52,""9"":125}","{""Diagonal CMA-ES"":{""attempts"":319,""discoveries"":0,""improvements"":0,""insertions"":0,""insertion_rate"":0.0},""Immigrant"":{""attempts"":145,""discoveries"":0,""improvements"":0,""insertions"":0,""insertion_rate"":0.0},""Morphology"":{""attempts"":294,""discoveries"":2,""improvements"":6,""insertions"":8,""insertion_rate"":0.027210884353741496},""Novelty"":{""attempts"":242,""discoveries"":0,""improvements"":2,""insertions"":2,""insertion_rate"":0.008264462809917356}}","{""Morphology"":191,""Novelty"":26}",3,0.9175084175084175,false,55000
38,130,131000,6.934506463999998,0.064526152,0.061350185,0.001155221,0.002020746,7.373009405,80.20396,28.045757,6190.3159412145615,186,0.96875,49,4.35027099909496,50,0.26881720430107525,"{""10"":15,""11"":2,""13"":1,""15"":2,""16"":3,""17"":5,""18"":4,""19"":1,""20"":1,""21"":1,""22"":1,""3"":50,""4"":4,""5"":27,""6"":23,""7"":22,""8"":9,""9"":15}","{""11"":14,""12"":12,""13"":1,""14"":9,""15"":3,""17"":4,""18"":6,""19"":4,""20"":9,""21"":8,""22"":1,""23"":5,""25"":1,""26"":2,""3"":50,""32"":2,""35"":1,""37"":2,""38"":5,""39"":2,""40"":1,""41"":3,""43"":1,""46"":1,""5"":5,""8"":26,""9"":8}",64,"{""count"":64,""unique_topologies"":64,""topology_entropy_bits"":6.0,""effective_topology_count"":64.0,""triangle_like_count"":0,""triangle_like_fraction"":0.0,""mean_nodes"":9.296875,""mean_muscles"":18.09375,""node_counts"":{""10"":10,""11"":18,""12"":5,""13"":1,""4"":2,""5"":1,""6"":3,""7"":6,""8"":11,""9"":7},""muscle_counts"":{""10"":2,""11"":1,""12"":3,""13"":2,""15"":6,""16"":2,""17"":2,""18"":5,""19"":6,""20"":3,""21"":8,""22"":6,""23"":3,""24"":7,""25"":2,""26"":1,""4"":1,""5"":2,""9"":2}}",161,5.528617152805199,196,0.196,"{""10"":65,""11"":30,""12"":14,""13"":13,""15"":12,""16"":2,""17"":7,""18"":14,""19"":6,""20"":5,""21"":6,""22"":5,""23"":1,""3"":196,""4"":127,""5"":153,""6"":94,""7"":152,""8"":34,""9"":64}","{""10"":3,""11"":54,""12"":95,""13"":4,""14"":24,""15"":40,""16"":3,""17"":9,""18"":24,""19"":27,""20"":39,""21"":21,""22"":16,""23"":32,""24"":7,""25"":11,""26"":16,""27"":6,""29"":1,""3"":196,""32"":13,""36"":1,""37"":2,""38"":7,""39"":7,""4"":62,""40"":5,""41"":12,""42"":1,""43"":6,""46"":5,""48"":1,""5"":97,""6"":24,""7"":19,""8"":80,""9"":30}","{""Diagonal CMA-ES"":{""attempts"":314,""discoveries"":0,""improvements"":0,""insertions"":0,""insertion_rate"":0.0},""Immigrant"":{""attempts"":159,""discoveries"":0,""improvements"":0,""insertions"":0,""insertion_rate"":0.0},""Morphology"":{""attempts"":280,""discoveries"":1,""improvements"":4,""insertions"":5,""insertion_rate"":0.017857142857142856},""Novelty"":{""attempts"":247,""discoveries"":0,""improvements"":0,""insertions"":0,""insertion_rate"":0.0}}","{""Morphology"":186,""Novelty"":31}",1,0.9175084175084175,true,56000
38,131,132000,6.999601320999998,0.065094857,0.061116291,0.001505468,0.002473098,7.441996158,80.20396,28.045757,6203.471542716026,186,0.96875,49,4.335473324868006,51,0.27419354838709675,"{""10"":15,""11"":2,""13"":1,""15"":2,""16"":3,""17"":5,""18"":4,""19"":1,""20"":1,""21"":1,""22"":1,""3"":51,""4"":4,""5"":27,""6"":22,""7"":22,""8"":9,""9"":15}","{""11"":13,""12"":12,""13"":1,""14"":9,""15"":3,""17"":4,""18"":6,""19"":4,""20"":9,""21"":8,""22"":1,""23"":5,""25"":1,""26"":2,""3"":51,""32"":2,""35"":1,""37"":2,""38"":5,""39"":2,""40"":1,""41"":3,""43"":1,""46"":1,""5"":5,""8"":26,""9"":8}",64,"{""count"":64,""unique_topologies"":64,""topology_entropy_bits"":6.0,""effective_topology_count"":64.0,""triangle_like_count"":0,""triangle_like_fraction"":0.0,""mean_nodes"":9.296875,""mean_muscles"":18.09375,""node_counts"":{""10"":10,""11"":18,""12"":5,""13"":1,""4"":2,""5"":1,""6"":3,""7"":6,""8"":11,""9"":7},""muscle_counts"":{""10"":2,""11"":1,""12"":3,""13"":2,""15"":6,""16"":2,""17"":2,""18"":5,""19"":6,""20"":3,""21"":8,""22"":6,""23"":3,""24"":7,""25"":2,""26"":1,""4"":1,""5"":2,""9"":2}}",161,5.460931098831169,212,0.212,"{""10"":74,""11"":39,""12"":5,""13"":16,""14"":8,""15"":11,""16"":5,""17"":8,""18"":21,""19"":4,""20"":5,""21"":9,""22"":8,""3"":212,""4"":146,""5"":138,""6"":106,""7"":84,""8"":33,""9"":68}","{""10"":1,""11"":61,""12"":58,""13"":4,""14"":26,""15"":10,""17"":10,""18"":21,""19"":26,""20"":52,""21"":27,""22"":14,""23"":28,""24"":16,""25"":12,""26"":21,""27"":2,""28"":4,""3"":212,""30"":1,""31"":1,""32"":16,""37"":2,""38"":8,""39"":11,""4"":75,""40"":3,""41"":10,""42"":4,""43"":9,""44"":1,""46"":7,""49"":1,""5"":90,""52"":1,""6"":23,""7"":9,""8"":88,""9"":35}","{""Diagonal CMA-ES"":{""attempts"":299,""discoveries"":0,""improvements"":0,""insertions"":0,""insertion_rate"":0.0},""Immigrant"":{""attempts"":130,""discoveries"":0,""improvements"":0,""insertions"":0,""insertion_rate"":0.0},""Morphology"":{""attempts"":297,""discoveries"":0,""improvements"":3,""insertions"":3,""insertion_rate"":0.010101010101010102},""Novelty"":{""attempts"":274,""discoveries"":0,""improvements"":0,""insertions"":0,""insertion_rate"":0.0}}","{""Morphology"":188,""Novelty"":28}",0,0.9181969949916527,false,1000
38,132,133000,7.064672432999998,0.065071112,0.061202962,0.001619446,0.002248704,7.511232239,80.20396,28.045757,6206.198137640953,186,0.96875,49,4.335473324868006,51,0.27419354838709675,"{""10"":15,""11"":2,""13"":1,""15"":2,""16"":3,""17"":5,""18"":4,""19"":1,""20"":1,""21"":1,""22"":1,""3"":51,""4"":4,""5"":27,""6"":22,""7"":22,""8"":9,""9"":15}","{""11"":13,""12"":12,""13"":1,""14"":9,""15"":3,""17"":4,""18"":6,""19"":4,""20"":9,""21"":8,""22"":1,""23"":5,""25"":1,""26"":2,""3"":51,""32"":2,""35"":1,""37"":2,""38"":5,""39"":2,""40"":1,""41"":3,""43"":1,""46"":1,""5"":5,""8"":26,""9"":8}",64,"{""count"":64,""unique_topologies"":64,""topology_entropy_bits"":6.0,""effective_topology_count"":64.0,""triangle_like_count"":0,""triangle_like_fraction"":0.0,""mean_nodes"":9.296875,""mean_muscles"":18.09375,""node_counts"":{""10"":10,""11"":18,""12"":5,""13"":1,""4"":2,""5"":1,""6"":3,""7"":6,""8"":11,""9"":7},""muscle_counts"":{""10"":2,""11"":1,""12"":3,""13"":2,""15"":6,""16"":2,""17"":2,""18"":5,""19"":6,""20"":3,""21"":8,""22"":6,""23"":3,""24"":7,""25"":2,""26"":1,""4"":1,""5"":2,""9"":2}}",169,5.455557462854412,213,0.213,"{""10"":70,""11"":38,""12"":8,""13"":7,""14"":1,""15"":9,""16"":2,""17"":3,""18"":19,""19"":3,""20"":7,""21"":6,""22"":7,""3"":213,""4"":139,""5"":128,""6"":87,""7"":152,""8"":42,""9"":59}","{""10"":1,""11"":47,""12"":59,""13"":6,""14"":93,""15"":11,""16"":4,""17"":15,""18"":18,""19"":26,""20"":41,""21"":21,""22"":17,""23"":34,""24"":9,""25"":10,""26"":15,""27"":2,""28"":2,""3"":213,""32"":9,""37"":2,""38"":2,""39"":10,""4"":71,""40"":2,""41"":11,""42"":2,""43"":10,""44"":1,""46"":6,""49"":1,""5"":97,""6"":14,""7"":8,""8"":77,""9"":33}","{""Diagonal CMA-ES"":{""attempts"":289,""discoveries"":0,""improvements"":0,""insertions"":0,""insertion_rate"":0.0},""Immigrant"":{""attempts"":145,""discoveries"":0,""improvements"":0,""insertions"":0,""insertion_rate"":0.0},""Morphology"":{""attempts"":316,""discoveries"":0,""improvements"":3,""insertions"":3,""insertion_rate"":0.00949367088607595},""Novelty"":{""attempts"":250,""discoveries"":0,""improvements"":0,""insertions"":0,""insertion_rate"":0.0}}","{""Morphology"":213,""Novelty"":25}",0,0.9186046511627907,false,2000
38,133,134000,7.127663435999998,0.062991003,0.060001438,0.001086359,0.001903206,7.577000283,80.20396,28.045757,6211.65587079525,186,0.96875,49,4.328568956507015,51,0.27419354838709675,"{""10"":15,""11"":2,""13"":1,""15"":2,""16"":3,""17"":5,""18"":4,""19"":1,""20"":1,""21"":1,""22"":1,""3"":51,""4"":4,""5"":27,""6"":22,""7"":22,""8"":8,""9"":16}","{""11"":13,""12"":12,""13"":1,""14"":9,""15"":3,""17"":3,""18"":6,""19"":4,""20"":10,""21"":8,""22"":1,""23"":5,""25"":1,""26"":2,""3"":51,""32"":2,""35"":1,""37"":2,""38"":5,""39"":2,""40"":1,""41"":3,""43"":1,""46"":1,""5"":5,""8"":26,""9"":8}",64,"{""count"":64,""unique_topologies"":64,""topology_entropy_bits"":6.0,""effective_topology_count"":64.0,""triangle_like_count"":0,""triangle_like_fraction"":0.0,""mean_nodes"":9.375,""mean_muscles"":18.34375,""node_counts"":{""10"":12,""11"":17,""12"":5,""13"":1,""4"":1,""5"":1,""6"":3,""7"":6,""8"":11,""9"":7},""muscle_counts"":{""10"":2,""11"":1,""12"":3,""13"":2,""15"":6,""16"":2,""17"":2,""18"":5,""19"":7,""20"":2,""21"":9,""22"":6,""23"":3,""24"":7,""25"":2,""26"":1,""5"":2,""9"":2}}",171,5.374991360589345,213,0.213,"{""10"":81,""11"":27,""12"":9,""13"":4,""14"":1,""15"":4,""16"":3,""17"":8,""18"":16,""19"":6,""20"":4,""21"":5,""22"":6,""3"":213,""4"":138,""5"":116,""6"":179,""7"":84,""8"":36,""9"":60}","{""10"":5,""11"":139,""12"":53,""13"":4,""14"":34,""15"":11,""16"":2,""17"":8,""18"":18,""19"":29,""20"":42,""21"":27,""22"":11,""23"":25,""24"":6,""25"":7,""26"":12,""27"":5,""28"":2,""29"":3,""3"":213,""31"":3,""32"":7,""37"":1,""38"":8,""39"":9,""4"":77,""40"":4,""41"":10,""42"":3,""43"":5,""45"":1,""46"":6,""5"":88,""6"":17,""7"":7,""8"":65,""9"":33}","{""Diagonal CMA-ES"":{""attempts"":287,""discoveries"":0,""improvements"":0,""insertions"":0,""insertion_rate"":0.0},""Immigrant"":{""attempts"":154,""discoveries"":0,""improvements"":0,""insertions"":0,""insertion_rate"":0.0},""Morphology"":{""attempts"":297,""discoveries"":2,""improvements"":4,""insertions"":6,""insertion_rate"":0.020202020202020204},""Novelty"":{""attempts"":262,""discoveries"":0,""improvements"":0,""insertions"":0,""insertion_rate"":0.0}}","{""Morphology"":191,""Novelty"":37}",2,0.9187396351575456,false,3000
38,134,135000,7.193019493999998,0.065356058,0.061404799,0.001487658,0.002463601,7.6463337209999995,80.20396,28.330048,6234.4632576704025,186,0.96875,49,4.305051293062784,52,0.27956989247311825,"{""10"":15,""11"":2,""13"":1,""15"":2,""16"":3,""17"":5,""18"":4,""19"":1,""20"":1,""21"":1,""22"":1,""3"":52,""4"":4,""5"":27,""6"":21,""7"":22,""8"":8,""9"":16}","{""11"":12,""12"":12,""13"":1,""14"":9,""15"":3,""17"":3,""18"":6,""19"":4,""20"":10,""21"":8,""22"":1,""23"":5,""25"":1,""26"":2,""3"":52,""32"":2,""35"":1,""37"":2,""38"":5,""39"":2,""40"":1,""41"":3,""43"":1,""46"":1,""5"":5,""8"":26,""9"":8}",64,"{""count"":64,""unique_topologies"":64,""topology_entropy_bits"":6.0,""effective_topology_count"":64.0,""triangle_like_count"":0,""triangle_like_fraction"":0.0,""mean_nodes"":9.34375,""mean_muscles"":18.28125,""node_counts"":{""10"":12,""11"":16,""12"":5,""13"":1,""4"":1,""5"":1,""6"":3,""7"":6,""8"":11,""9"":8},""muscle_counts"":{""10"":2,""11"":1,""12"":3,""13"":2,""15"":6,""16"":3,""17"":2,""18"":5,""19"":7,""20"":1,""21"":9,""22"":6,""23"":3,""24"":7,""25"":2,""26"":1,""5"":2,""9"":2}}",178,5.686510402699871,200,0.2,"{""10"":67,""11"":49,""12"":6,""13"":6,""14"":1,""15"":6,""16"":1,""17"":9,""18"":21,""19"":2,""20"":7,""21"":10,""22"":6,""23"":1,""3"":200,""4"":133,""5"":150,""6"":111,""7"":121,""8"":33,""9"":60}","{""10"":9,""11"":61,""12"":57,""13"":4,""14"":60,""15"":14,""16"":2,""17"":6,""18"":17,""19"":28,""20"":42,""21"":26,""22"":25,""23"":23,""24"":9,""25"":10,""26"":12,""27"":4,""28"":1,""29"":2,""3"":200,""31"":1,""32"":6,""37"":1,""38"":8,""39"":10,""4"":63,""40"":3,""41"":13,""42"":3,""43"":10,""46"":5,""47"":1,""48"":1,""5"":103,""51"":2,""6"":30,""7"":12,""8"":75,""9"":41}","{""Diagonal CMA-ES"":{""attempts"":300,""discoveries"":0,""improvements"":0,""insertions"":0,""insertion_rate"":0.0},""Immigrant"":{""attempts"":169,""discoveries"":0,""improvements"":0,""insertions"":0,""insertion_rate"":0.0},""Morphology"":{""attempts"":305,""discoveries"":1,""improvements"":5,""insertions"":6,""insertion_rate"":0.019672131147540985},""Novelty"":{""attempts"":226,""discoveries"":0,""improvements"":0,""insertions"":0,""insertion_rate"":0.0}}","{""Morphology"":204,""Novelty"":32}",1,0.9187396351575456,false,4000
38,135,136000,7.257223893999998,0.0642044,0.060338624,0.00148291,0.002382866,7.71434097,80.20396,28.330048,6241.081805109978,186,0.96875,50,4.337927787295581,52,0.27956989247311825,"{""10"":16,""11"":2,""13"":1,""15"":2,""16"":3,""17"":5,""18"":4,""19"":1,""20"":1,""21"":1,""22"":1,""3"":52,""4"":4,""5"":26,""6"":21,""7"":22,""8"":8,""9"":16}","{""11"":12,""12"":12,""13"":1,""14"":9,""15"":3,""17"":3,""18"":6,""19"":4,""20"":10,""21"":8,""22"":1,""23"":5,""25"":1,""26"":2,""28"":1,""3"":52,""32"":2,""35"":1,""37"":2,""38"":5,""39"":2,""40"":1,""41"":3,""43"":1,""46"":1,""5"":5,""8"":25,""9"":8}",64,"{""count"":64,""unique_topologies"":64,""topology_entropy_bits"":6.0,""effective_topology_count"":64.0,""triangle_like_count"":0,""triangle_like_fraction"":0.0,""mean_nodes"":9.34375,""mean_muscles"":18.28125,""node_counts"":{""10"":12,""11"":16,""12"":5,""13"":1,""4"":1,""5"":1,""6"":3,""7"":6,""8"":11,""9"":8},""muscle_counts"":{""10"":2,""11"":1,""12"":3,""13"":2,""15"":6,""16"":3,""17"":2,""18"":5,""19"":7,""20"":1,""21"":9,""22"":6,""23"":3,""24"":7,""25"":2,""26"":1,""5"":2,""9"":2}}",174,5.635853858056938,210,0.21,"{""10"":82,""11"":44,""12"":4,""13"":8,""15"":11,""16"":3,""17"":11,""18"":19,""19"":8,""20"":6,""21"":9,""22"":5,""23"":2,""3"":210,""4"":133,""5"":132,""6"":109,""7"":97,""8"":36,""9"":71}","{""10"":6,""11"":57,""12"":54,""13"":2,""14"":42,""15"":13,""16"":9,""17"":11,""18"":20,""19"":36,""20"":45,""21"":22,""22"":18,""23"":25,""24"":12,""25"":8,""26"":17,""27"":3,""28"":6,""29"":1,""3"":210,""32"":11,""33"":1,""35"":1,""37"":2,""38"":11,""39"":9,""4"":67,""40"":6,""41"":13,""42"":1,""43"":9,""44"":2,""46"":5,""47"":1,""49"":1,""5"":91,""51"":2,""6"":20,""7"":7,""8"":81,""9"":42}","{""Diagonal CMA-ES"":{""attempts"":287,""discoveries"":0,""improvements"":0,""insertions"":0,""insertion_rate"":0.0},""Immigrant"":{""attempts"":141,""discoveries"":0,""improvements"":0,""insertions"":0,""insertion_rate"":0.0},""Morphology"":{""attempts"":333,""discoveries"":0,""improvements"":2,""insertions"":2,""insertion_rate"":0.006006006006006006},""Novelty"":{""attempts"":239,""discoveries"":0,""improvements"":0,""insertions"":0,""insertion_rate"":0.0}}","{""Morphology"":226,""Novelty"":23}",1,0.9187396351575456,false,5000
38,136,137000,7.320728987999998,0.063505094,0.060396801,0.001113667,0.001994626,7.780994723,80.20396,28.330048,6255.579724192619,186,0.96875,51,4.361306903132124,52,0.27956989247311825,"{""10"":16,""11"":3,""13"":1,""15"":2,""16"":3,""17"":4,""18"":5,""19"":1,""20"":1,""21"":1,""22"":1,""3"":52,""4"":4,""5"":26,""6"":21,""7"":21,""8"":8,""9"":16}","{""11"":12,""12"":11,""13"":1,""14"":9,""15"":3,""17"":3,""18"":6,""19"":4,""20"":10,""21"":8,""22"":2,""23"":5,""25"":1,""26"":2,""28"":1,""3"":52,""32"":2,""35"":1,""37"":2,""38"":4,""39"":3,""40"":1,""41"":3,""43"":1,""46"":1,""5"":5,""8"":25,""9"":8}",64,"{""count"":64,""unique_topologies"":64,""topology_entropy_bits"":6.0,""effective_topology_count"":64.0,""triangle_like_count"":0,""triangle_like_fraction"":0.0,""mean_nodes"":9.359375,""mean_muscles"":18.359375,""node_counts"":{""10"":14,""11"":15,""12"":5,""13"":1,""4"":1,""5"":1,""6"":3,""7"":6,""8"":10,""9"":8},""muscle_counts"":{""10"":2,""11"":1,""12"":3,""13"":1,""15"":6,""16"":3,""17"":2,""18"":5,""19"":8,""20"":1,""21"":10,""22"":5,""23"":3,""24"":7,""25"":2,""26"":1,""5"":2,""9"":2}}",181,5.596690523200937,227,0.227,"{""10"":86,""11"":33,""12"":10,""13"":8,""15"":7,""17"":9,""18"":24,""19"":6,""20"":5,""21"":8,""22"":6,""23"":1,""3"":227,""4"":132,""5"":140,""6"":90,""7"":97,""8"":42,""9"":69}","{""10"":6,""11"":49,""12"":49,""13"":5,""14"":44,""15"":18,""16"":6,""17"":13,""18"":23,""19"":29,""20"":38,""21"":31,""22"":17,""23"":22,""24"":11,""25"":13,""26"":11,""27"":7,""28"":7,""29"":3,""3"":227,""32"":5,""33"":1,""38"":7,""39"":13,""4"":66,""40"":7,""41"":13,""42"":3,""43"":8,""46"":6,""5"":100,""52"":1,""59"":1,""6"":25,""7"":7,""8"":76,""9"":32}","{""Diagonal CMA-ES"":{""attempts"":310,""discoveries"":0,""improvements"":1,""insertions"":1,""insertion_rate"":0.0032258064516129032},""Immigrant"":{""attempts"":148,""discoveries"":0,""improvements"":0,""insertions"":0,""insertion_rate"":0.0},""Morphology"":{""attempts"":327,""discoveries"":2,""improvements"":5,""insertions"":7,""insertion_rate"":0.021406727828746176},""Novelty"":{""attempts"":215,""discoveries"":0,""improvements"":0,""insertions"":0,""insertion_rate"":0.0}}","{""Morphology"":210,""Novelty"":27}",2,0.9190082644628099,false,6000
38,137,138000,7.385569768999998,0.064840781,0.05964288,0.001367744,0.003830157,7.850178564,80.20396,28.330048,6266.204764246941,186,0.96875,52,4.392209533233044,52,0.27956989247311825,"{""10"":17,""11"":3,""13"":1,""15"":2,""16"":3,""17"":4,""18"":5,""19"":1,""20"":1,""21"":1,""22"":1,""3"":52,""4"":4,""5"":25,""6"":23,""7"":21,""8"":8,""9"":14}","{""11"":13,""12"":11,""13"":1,""14"":9,""15"":3,""17"":3,""18"":5,""19"":4,""20"":9,""21"":9,""22"":2,""23"":5,""25"":1,""26"":2,""28"":1,""3"":52,""32"":2,""35"":1,""37"":2,""38"":4,""39"":3,""40"":1,""41"":3,""43"":1,""46"":1,""5"":5,""8"":24,""9"":9}",64,"{""count"":64,""unique_topologies"":64,""topology_entropy_bits"":6.0,""effective_topology_count"":64.0,""triangle_like_count"":0,""triangle_like_fraction"":0.0,""mean_nodes"":9.171875,""mean_muscles"":17.9375,""node_counts"":{""10"":12,""11"":14,""12"":5,""13"":1,""4"":2,""5"":1,""6"":3,""7"":7,""8"":11,""9"":8},""muscle_counts"":{""10"":2,""11"":1,""12"":4,""13"":1,""15"":6,""16"":3,""17"":2,""18"":5,""19"":7,""20"":2,""21"":9,""22"":5,""23"":2,""24"":7,""25"":2,""26"":1,""4"":1,""5"":2,""9"":2}}",166,5.377509309043707,234,0.234,"{""10"":96,""11"":40,""12"":3,""13"":3,""15"":24,""16"":6,""17"":12,""18"":16,""19"":11,""20"":13,""21"":3,""22"":2,""23"":1,""3"":234,""4"":117,""5"":127,""6"":77,""7"":70,""8"":44,""9"":101}","{""10"":1,""11"":45,""12"":29,""13"":1,""14"":23,""15"":26,""16"":1,""17"":27,""18"":29,""19"":23,""20"":83,""21"":56,""22"":14,""23"":17,""24"":11,""25"":1,""26"":5,""27"":4,""28"":6,""29"":1,""3"":234,""32"":27,""33"":1,""35"":1,""37"":4,""38"":12,""39"":13,""4"":72,""40"":11,""41"":13,""42"":1,""43"":4,""46"":2,""47"":1,""5"":69,""52"":1,""6"":24,""7"":9,""8"":70,""9"":28}","{""Diagonal CMA-ES"":{""attempts"":290,""discoveries"":0,""improvements"":0,""insertions"":0,""insertion_rate"":0.0},""Immigrant"":{""attempts"":156,""discoveries"":0,""improvements"":0,""insertions"":0,""insertion_rate"":0.0},""Morphology"":{""attempts"":320,""discoveries"":3,""improvements"":7,""insertions"":10,""insertion_rate"":0.03125},""Novelty"":{""attempts"":234,""discoveries"":0,""improvements"":0,""insertions"":0,""insertion_rate"":0.0}}","{""Morphology"":211,""Novelty"":22}",3,0.9191419141914191,false,7000
38,138,139000,7.446202836999998,0.060633068,0.057835843,0.001127913,0.001669312,7.914581239,80.20396,28.330048,6268.651945948601,186,0.96875,52,4.392209533233045,52,0.27956989247311825,"{""10"":17,""11"":3,""13"":1,""15"":2,""16"":3,""17"":4,""18"":5,""19"":1,""20"":1,""21"":1,""22"":1,""3"":52,""4"":4,""5"":25,""6"":23,""7"":21,""8"":8,""9"":14}","{""11"":13,""12"":11,""13"":1,""14"":9,""15"":3,""17"":3,""18"":5,""19"":4,""20"":9,""21"":9,""22"":2,""23"":5,""25"":1,""26"":2,""28"":1,""3"":52,""32"":2,""35"":1,""37"":2,""38"":4,""39"":3,""40"":1,""41"":3,""43"":1,""46"":1,""5"":5,""8"":24,""9"":9}",64,"{""count"":64,""unique_topologies"":64,""topology_entropy_bits"":6.0,""effective_topology_count"":64.0,""triangle_like_count"":0,""triangle_like_fraction"":0.0,""mean_nodes"":9.390625,""mean_muscles"":18.421875,""node_counts"":{""10"":12,""11"":14,""12"":5,""13"":1,""21"":1,""4"":2,""5"":1,""6"":3,""7"":6,""8"":11,""9"":8},""muscle_counts"":{""10"":2,""11"":1,""12"":3,""13"":1,""15"":6,""16"":3,""17"":2,""18"":5,""19"":7,""20"":2,""21"":9,""22"":5,""23"":2,""24"":7,""25"":2,""26"":1,""42"":1,""5"":3,""9"":2}}",153,5.302443447722641,239,0.239,"{""10"":113,""11"":22,""12"":3,""13"":3,""15"":5,""16"":8,""17"":24,""18"":21,""19"":20,""20"":7,""21"":5,""22"":3,""3"":239,""4"":122,""5"":121,""6"":81,""7"":83,""8"":54,""9"":66}","{""10"":3,""11"":42,""12"":31,""13"":5,""14"":31,""15"":31,""16"":4,""17"":24,""18"":9,""19"":17,""20"":56,""21"":63,""22"":7,""23"":38,""24"":9,""25"":2,""26"":8,""27"":2,""28"":6,""29"":3,""3"":239,""32"":5,""33"":1,""37"":7,""38"":23,""39"":13,""4"":64,""40"":17,""41"":13,""42"":4,""43"":6,""44"":1,""46"":3,""5"":83,""6"":20,""7"":11,""8"":66,""9"":33}","{""Diagonal CMA-ES"":{""attempts"":307,""discoveries"":0,""improvements"":0,""insertions"":0,""insertion_rate"":0.0},""Immigrant"":{""attempts"":134,""discoveries"":0,""improvements"":0,""insertions"":0,""insertion_rate"":0.0},""Morphology"":{""attempts"":300,""discoveries"":2,""improvements"":2,""insertions"":4,""insertion_rate"":0.013333333333333334},""Novelty"":{""attempts"":259,""discoveries"":0,""improvements"":0,""insertions"":0,""insertion_rate"":0.0}}","{""Morphology"":177,""Novelty"":38}",2,0.9192751235584844,false,8000
38,139,140000,7.506533149999997,0.060330313,0.057457102,0.001066175,0.001807036,7.977599549,80.20396,28.538141,6275.9010800123215,186,0.96875,52,4.392209533233044,52,0.27956989247311825,"{""10"":17,""11"":3,""13"":1,""15"":2,""16"":3,""17"":4,""18"":5,""19"":1,""20"":1,""21"":1,""22"":1,""3"":52,""4"":4,""5"":25,""6"":23,""7"":21,""8"":8,""9"":14}","{""11"":13,""12"":11,""13"":1,""14"":9,""15"":3,""17"":3,""18"":5,""19"":4,""20"":9,""21"":9,""22"":2,""23"":5,""25"":1,""26"":2,""28"":1,""3"":52,""32"":2,""35"":1,""37"":2,""38"":4,""39"":3,""40"":1,""41"":3,""43"":1,""46"":1,""5"":5,""8"":24,""9"":9}",64,"{""count"":64,""unique_topologies"":64,""topology_entropy_bits"":6.0,""effective_topology_count"":64.0,""triangle_like_count"":0,""triangle_like_fraction"":0.0,""mean_nodes"":9.34375,""mean_muscles"":18.5,""node_counts"":{""10"":13,""11"":14,""12"":6,""13"":1,""4"":1,""5"":1,""6"":3,""7"":6,""8"":11,""9"":8},""muscle_counts"":{""10"":2,""11"":1,""12"":3,""13"":1,""15"":6,""16"":3,""17"":2,""18"":5,""19"":8,""20"":2,""21"":9,""22"":5,""23"":2,""24"":7,""25"":2,""26"":1,""33"":1,""5"":2,""9"":2}}",137,4.463855737458253,391,0.391,"{""10"":71,""11"":20,""12"":1,""15"":2,""16"":5,""17"":17,""18"":13,""19"":12,""20"":11,""21"":3,""22"":11,""3"":391,""4"":142,""5"":120,""6"":60,""7"":32,""8"":28,""9"":61}","{""11"":32,""12"":20,""14"":14,""15"":4,""16"":2,""17"":21,""18"":19,""19"":7,""20"":36,""21"":55,""22"":7,""23"":11,""24"":10,""25"":1,""26"":1,""27"":1,""28"":6,""3"":391,""32"":2,""33"":1,""37"":5,""38"":15,""39"":10,""4"":81,""40"":12,""41"":11,""42"":3,""43"":9,""44"":2,""45"":2,""46"":1,""49"":1,""5"":85,""50"":1,""6"":21,""7"":12,""8"":64,""9"":24}","{""Diagonal CMA-ES"":{""attempts"":318,""discoveries"":0,""improvements"":0,""insertions"":0,""insertion_rate"":0.0},""Immigrant"":{""attempts"":152,""discoveries"":0,""improvements"":0,""insertions"":0,""insertion_rate"":0.0},""Morphology"":{""attempts"":285,""discoveries"":2,""improvements"":3,""insertions"":5,""insertion_rate"":0.017543859649122806},""Novelty"":{""attempts"":245,""discoveries"":0,""improvements"":0,""insertions"":0,""insertion_rate"":0.0}}","{""Morphology"":188,""Novelty"":30}",2,0.9178981937602627,false,9000
38,140,141000,7.570817097999997,0.06428394800000001,0.06099044,0.001129101,0.002164407,8.045308792,80.20396,28.538141,6280.841816782951,186,0.96875,52,4.3922095332330455,52,0.27956989247311825,"{""10"":17,""11"":3,""13"":1,""15"":2,""16"":3,""17"":4,""18"":5,""19"":1,""20"":1,""21"":1,""22"":1,""3"":52,""4"":4,""5"":25,""6"":23,""7"":21,""8"":8,""9"":14}","{""11"":13,""12"":11,""13"":1,""14"":9,""15"":3,""17"":3,""18"":5,""19"":4,""20"":9,""21"":9,""22"":2,""23"":5,""25"":1,""26"":2,""28"":1,""3"":52,""32"":2,""35"":1,""37"":2,""38"":4,""39"":3,""40"":1,""41"":3,""43"":1,""46"":1,""5"":5,""8"":24,""9"":9}",64,"{""count"":64,""unique_topologies"":64,""topology_entropy_bits"":6.0,""effective_topology_count"":64.0,""triangle_like_count"":0,""triangle_like_fraction"":0.0,""mean_nodes"":9.28125,""mean_muscles"":18.21875,""node_counts"":{""10"":12,""11"":15,""12"":5,""13"":1,""4"":1,""5"":1,""6"":3,""7"":7,""8"":11,""9"":8},""muscle_counts"":{""10"":2,""11"":1,""12"":4,""13"":1,""15"":6,""16"":3,""17"":2,""18"":5,""19"":7,""20"":2,""21"":9,""22"":6,""23"":2,""24"":7,""25"":2,""26"":1,""5"":2,""9"":2}}",169,5.284340831174941,263,0.263,"{""10"":79,""11"":39,""12"":3,""13"":13,""15"":5,""16"":3,""17"":16,""18"":20,""19"":17,""20"":7,""21"":6,""22"":3,""23"":1,""3"":263,""4"":140,""5"":128,""6"":69,""7"":70,""8"":52,""9"":66}","{""10"":3,""11"":41,""12"":35,""13"":1,""14"":33,""15"":7,""16"":1,""17"":36,""18"":21,""19"":21,""20"":41,""21"":44,""22"":11,""23"":24,""24"":10,""25"":6,""26"":9,""27"":1,""28"":5,""29"":3,""3"":263,""31"":1,""32"":4,""33"":3,""34"":6,""35"":1,""37"":3,""38"":16,""39"":16,""4"":69,""40"":14,""41"":7,""42"":10,""43"":4,""46"":3,""48"":1,""5"":91,""50"":1,""52"":1,""6"":19,""7"":10,""8"":79,""9"":25}","{""Diagonal CMA-ES"":{""attempts"":313,""discoveries"":0,""improvements"":0,""insertions"":0,""insertion_rate"":0.0},""Immigrant"":{""attempts"":156,""discoveries"":0,""improvements"":0,""insertions"":0,""insertion_rate"":0.0},""Morphology"":{""attempts"":291,""discoveries"":2,""improvements"":2,""insertions"":4,""insertion_rate"":0.013745704467353952},""Novelty"":{""attempts"":240,""discoveries"":0,""improvements"":0,""insertions"":0,""insertion_rate"":0.0}}","{""Morphology"":191,""Novelty"":32}",2,0.9150326797385621,false,10000
38,141,142000,7.637037494999998,0.06622039700000001,0.062495908,0.001285821,0.002438668,8.115524377,80.20396,28.538141,6280.841816782951,186,0.96875,52,4.3922095332330455,52,0.27956989247311825,"{""10"":17,""11"":3,""13"":1,""15"":2,""16"":3,""17"":4,""18"":5,""19"":1,""20"":1,""21"":1,""22"":1,""3"":52,""4"":4,""5"":25,""6"":23,""7"":21,""8"":8,""9"":14}","{""11"":13,""12"":11,""13"":1,""14"":9,""15"":3,""17"":3,""18"":5,""19"":4,""20"":9,""21"":9,""22"":2,""23"":5,""25"":1,""26"":2,""28"":1,""3"":52,""32"":2,""35"":1,""37"":2,""38"":4,""39"":3,""40"":1,""41"":3,""43"":1,""46"":1,""5"":5,""8"":24,""9"":9}",64,"{""count"":64,""unique_topologies"":64,""topology_entropy_bits"":6.0,""effective_topology_count"":64.0,""triangle_like_count"":0,""triangle_like_fraction"":0.0,""mean_nodes"":9.234375,""mean_muscles"":18.125,""node_counts"":{""10"":12,""11"":14,""12"":5,""13"":1,""4"":1,""5"":1,""6"":3,""7"":7,""8"":12,""9"":8},""muscle_counts"":{""10"":2,""11"":1,""12"":4,""13"":1,""15"":7,""16"":3,""17"":2,""18"":5,""19"":7,""20"":2,""21"":8,""22"":6,""23"":2,""24"":7,""25"":2,""26"":1,""5"":2,""9"":2}}",168,5.343898082652368,250,0.25,"{""10"":92,""11"":32,""12"":10,""13"":2,""14"":2,""15"":3,""16"":3,""17"":18,""18"":14,""19"":12,""20"":10,""21"":3,""22"":2,""3"":250,""4"":123,""5"":139,""6"":83,""7"":68,""8"":63,""9"":71}","{""10"":1,""11"":51,""12"":40,""13"":6,""14"":29,""15"":13,""16"":3,""17"":30,""18"":19,""19"":17,""20"":47,""21"":62,""22"":16,""23"":25,""24"":8,""25"":9,""26"":7,""27"":3,""28"":5,""29"":4,""3"":250,""32"":4,""37"":3,""38"":16,""39"":9,""4"":67,""40"":13,""41"":8,""42"":2,""43"":7,""46"":2,""48"":1,""5"":80,""52"":1,""6"":25,""7"":9,""8"":82,""9"":26}","{""Diagonal CMA-ES"":{""attempts"":314,""discoveries"":0,""improvements"":0,""insertions"":0,""insertion_rate"":0.0},""Immigrant"":{""attempts"":142,""discoveries"":0,""improvements"":0,""insertions"":0,""insertion_rate"":0.0},""Morphology"":{""attempts"":271,""discoveries"":1,""improvements"":0,""insertions"":1,""insertion_rate"":0.0036900369003690036},""Novelty"":{""attempts"":273,""discoveries"":0,""improvements"":0,""insertions"":0,""insertion_rate"":0.0}}","{""Morphology"":179,""Novelty"":43}",1,0.9120521172638436,false,11000
38,142,143000,7.696863214999998,0.05982572,0.056814785,0.001095857,0.001915078,8.178175818,80.20396,28.538141,6285.726349711418,187,0.9739583,52,4.392552798402456,52,0.27807486631016043,"{""10"":17,""11"":3,""13"":1,""15"":2,""16"":3,""17"":4,""18"":5,""19"":1,""20"":1,""21"":1,""22"":1,""3"":52,""4"":4,""5"":25,""6"":24,""7"":21,""8"":8,""9"":14}","{""11"":13,""12"":11,""13"":1,""14"":9,""15"":3,""17"":3,""18"":5,""19"":4,""20"":9,""21"":9,""22"":2,""23"":5,""25"":1,""26"":2,""28"":1,""3"":52,""32"":2,""35"":1,""37"":2,""38"":4,""39"":3,""40"":1,""41"":3,""43"":1,""46"":1,""5"":5,""8"":24,""9"":10}",64,"{""count"":64,""unique_topologies"":64,""topology_entropy_bits"":6.0,""effective_topology_count"":64.0,""triangle_like_count"":0,""triangle_like_fraction"":0.0,""mean_nodes"":9.296875,""mean_muscles"":18.3125,""node_counts"":{""10"":12,""11"":15,""12"":4,""13"":2,""4"":1,""5"":1,""6"":3,""7"":7,""8"":11,""9"":8},""muscle_counts"":{""10"":2,""11"":1,""12"":4,""15"":7,""16"":3,""17"":2,""18"":5,""19"":7,""20"":2,""21"":8,""22"":7,""23"":2,""24"":6,""25"":2,""26"":1,""27"":1,""5"":2,""9"":2}}",186,5.5396543868872286,254,0.254,"{""10"":79,""11"":39,""12"":8,""13"":8,""14"":2,""15"":5,""16"":2,""17"":3,""18"":28,""19"":4,""21"":8,""22"":6,""23"":1,""3"":254,""4"":124,""5"":119,""6"":87,""7"":95,""8"":53,""9"":75}","{""10"":2,""11"":50,""12"":51,""13"":3,""14"":46,""15"":25,""16"":10,""17"":10,""18"":19,""19"":24,""20"":45,""21"":32,""22"":18,""23"":32,""24"":11,""25"":6,""26"":13,""27"":4,""28"":11,""29"":2,""3"":254,""31"":2,""32"":6,""33"":1,""35"":1,""38"":3,""39"":14,""4"":53,""40"":4,""41"":11,""43"":8,""46"":6,""48"":1,""49"":1,""5"":100,""50"":2,""6"":18,""7"":9,""8"":64,""9"":28}","{""Diagonal CMA-ES"":{""attempts"":303,""discoveries"":1,""improvements"":0,""insertions"":1,""insertion_rate"":0.0033003300330033004},""Immigrant"":{""attempts"":139,""discoveries"":0,""improvements"":0,""insertions"":0,""insertion_rate"":0.0},""Morphology"":{""attempts"":294,""discoveries"":2,""improvements"":1,""insertions"":3,""insertion_rate"":0.01020408163265306},""Novelty"":{""attempts"":264,""discoveries"":0,""improvements"":0,""insertions"":0,""insertion_rate"":0.0}}","{""Morphology"":200,""Novelty"":31}",2,0.9090909090909091,false,12000
38,143,144000,7.761495039999998,0.06463182499999999,0.061696875,0.001082797,0.001852153,8.246580809,80.20396,29.474525,6304.719305872917,187,0.9739583,51,4.373249908164829,52,0.27807486631016043,"{""10"":16,""11"":3,""13"":1,""15"":2,""16"":3,""17"":4,""18"":4,""19"":2,""20"":1,""21"":1,""22"":1,""3"":52,""4"":4,""5"":25,""6"":25,""7"":21,""8"":8,""9"":14}","{""11"":14,""12"":11,""13"":1,""14"":9,""15"":3,""17"":3,""18"":5,""19"":4,""20"":9,""21"":8,""22"":2,""23"":5,""25"":1,""26"":2,""28"":1,""3"":52,""32"":2,""35"":1,""37"":2,""38"":4,""39"":3,""40"":1,""41"":3,""43"":1,""46"":1,""5"":5,""8"":24,""9"":10}",64,"{""count"":64,""unique_topologies"":64,""topology_entropy_bits"":6.0,""effective_topology_count"":64.0,""triangle_like_count"":0,""triangle_like_fraction"":0.0,""mean_nodes"":9.359375,""mean_muscles"":18.40625,""node_counts"":{""10"":12,""11"":15,""12"":5,""13"":2,""4"":1,""5"":1,""6"":3,""7"":7,""8"":10,""9"":8},""muscle_counts"":{""10"":2,""11"":1,""12"":4,""15"":7,""16"":3,""17"":2,""18"":5,""19"":6,""20"":2,""21"":8,""22"":7,""23"":2,""24"":6,""25"":3,""26"":1,""27"":1,""5"":2,""9"":2}}",152,5.211113657069765,201,0.201,"{""10"":75,""11"":29,""12"":11,""13"":8,""14"":8,""15"":2,""16"":3,""17"":13,""18"":16,""19"":21,""20"":4,""21"":1,""22"":2,""23"":1,""3"":201,""4"":131,""5"":118,""6"":185,""7"":69,""8"":46,""9"":56}","{""10"":9,""11"":42,""12"":35,""13"":4,""14"":28,""15"":12,""16"":2,""17"":23,""18"":11,""19"":8,""20"":39,""21"":59,""22"":13,""23"":23,""24"":10,""25"":9,""26"":4,""27"":6,""28"":5,""29"":1,""3"":201,""30"":2,""31"":1,""32"":4,""37"":4,""38"":12,""39"":9,""4"":71,""40"":20,""41"":9,""42"":1,""43"":1,""44"":1,""45"":1,""46"":1,""5"":79,""51"":1,""56"":1,""59"":1,""6"":24,""7"":7,""8"":68,""9"":138}","{""Diagonal CMA-ES"":{""attempts"":291,""discoveries"":0,""improvements"":0,""insertions"":0,""insertion_rate"":0.0},""Immigrant"":{""attempts"":138,""discoveries"":0,""improvements"":0,""insertions"":0,""insertion_rate"":0.0},""Morphology"":{""attempts"":313,""discoveries"":1,""improvements"":6,""insertions"":7,""insertion_rate"":0.022364217252396165},""Novelty"":{""attempts"":258,""discoveries"":0,""improvements"":0,""insertions"":0,""insertion_rate"":0.0}}","{""Morphology"":204,""Novelty"":29}",2,0.9093851132686084,false,13000
38,144,145000,7.822838104999998,0.061343065,0.057845346,0.001124352,0.002373367,8.311163955,80.20396,29.474525,6328.641800761223,187,0.9739583,51,4.372143993215521,52,0.27807486631016043,"{""10"":17,""11"":3,""13"":1,""15"":2,""16"":3,""17"":4,""18"":4,""19"":2,""20"":2,""21"":1,""3"":52,""4"":4,""5"":25,""6"":25,""7"":20,""8"":8,""9"":14}","{""11"":14,""12"":10,""13"":1,""14"":9,""15"":3,""17"":3,""18"":5,""19"":4,""20"":9,""21"":9,""22"":2,""23"":5,""25"":1,""26"":2,""28"":1,""3"":52,""32"":2,""35"":1,""37"":2,""38"":4,""39"":3,""40"":1,""41"":3,""43"":2,""5"":5,""8"":24,""9"":10}",64,"{""count"":64,""unique_topologies"":64,""topology_entropy_bits"":6.0,""effective_topology_count"":64.0,""triangle_like_count"":0,""triangle_like_fraction"":0.0,""mean_nodes"":9.359375,""mean_muscles"":18.40625,""node_counts"":{""10"":12,""11"":15,""12"":5,""13"":2,""4"":1,""5"":1,""6"":3,""7"":7,""8"":10,""9"":8},""muscle_counts"":{""10"":2,""11"":1,""12"":4,""15"":7,""16"":3,""17"":2,""18"":5,""19"":6,""20"":2,""21"":8,""22"":7,""23"":2,""24"":6,""25"":3,""26"":1,""27"":1,""5"":2,""9"":2}}",155,5.128219699760725,225,0.225,"{""10"":67,""11"":26,""12"":9,""13"":9,""15"":1,""16"":6,""17"":19,""18"":16,""19"":12,""20"":6,""21"":2,""22"":2,""3"":225,""4"":129,""5"":129,""6"":165,""7"":70,""8"":48,""9"":59}","{""10"":9,""11"":41,""12"":25,""13"":2,""14"":27,""15"":17,""16"":2,""17"":31,""18"":10,""19"":11,""20"":44,""21"":44,""22"":14,""23"":17,""24"":7,""25"":7,""26"":7,""27"":3,""28"":7,""29"":1,""3"":225,""32"":3,""33"":1,""37"":6,""38"":18,""39"":11,""4"":69,""40"":11,""41"":6,""42"":3,""43"":3,""46"":2,""49"":2,""5"":89,""50"":1,""6"":17,""7"":10,""8"":73,""9"":124}","{""Diagonal CMA-ES"":{""attempts"":324,""discoveries"":0,""improvements"":0,""insertions"":0,""insertion_rate"":0.0},""Immigrant"":{""attempts"":154,""discoveries"":0,""improvements"":0,""insertions"":0,""insertion_rate"":0.0},""Morphology"":{""attempts"":289,""discoveries"":0,""improvements"":6,""insertions"":6,""insertion_rate"":0.020761245674740483},""Novelty"":{""attempts"":233,""discoveries"":0,""improvements"":1,""insertions"":1,""insertion_rate"":0.004291845493562232}}","{""Morphology"":191,""Novelty"":34}",1,0.9095315024232633,false,14000
38,145,146000,7.884791431999998,0.061953327,0.0590255,0.001082797,0.00184503,8.37603561,80.20396,29.632263,6329.944016337395,187,0.9739583,51,4.372143993215523,52,0.27807486631016043,"{""10"":17,""11"":3,""13"":1,""15"":2,""16"":3,""17"":4,""18"":4,""19"":2,""20"":2,""21"":1,""3"":52,""4"":4,""5"":25,""6"":25,""7"":20,""8"":8,""9"":14}","{""11"":14,""12"":10,""13"":1,""14"":9,""15"":3,""17"":3,""18"":5,""19"":4,""20"":9,""21"":9,""22"":2,""23"":5,""25"":1,""26"":2,""28"":1,""3"":52,""32"":2,""35"":1,""37"":2,""38"":4,""39"":3,""40"":1,""41"":3,""43"":2,""5"":5,""8"":24,""9"":10}",64,"{""count"":64,""unique_topologies"":64,""topology_entropy_bits"":6.0,""effective_topology_count"":64.0,""triangle_like_count"":0,""triangle_like_fraction"":0.0,""mean_nodes"":9.359375,""mean_muscles"":18.40625,""node_counts"":{""10"":12,""11"":15,""12"":5,""13"":2,""4"":1,""5"":1,""6"":3,""7"":7,""8"":10,""9"":8},""muscle_counts"":{""10"":2,""11"":1,""12"":4,""15"":7,""16"":3,""17"":2,""18"":5,""19"":6,""20"":2,""21"":8,""22"":7,""23"":2,""24"":6,""25"":3,""26"":1,""27"":1,""5"":2,""9"":2}}",169,5.307000425251263,209,0.209,"{""10"":59,""11"":24,""12"":7,""13"":5,""15"":2,""16"":8,""17"":12,""18"":14,""19"":19,""20"":13,""21"":4,""22"":1,""3"":209,""4"":122,""5"":135,""6"":186,""7"":68,""8"":52,""9"":60}","{""10"":11,""11"":49,""12"":23,""13"":5,""14"":28,""15"":13,""16"":8,""17"":30,""18"":13,""19"":13,""20"":38,""21"":34,""22"":9,""23"":19,""24"":14,""25"":4,""26"":7,""27"":2,""28"":4,""3"":209,""32"":4,""37"":8,""38"":12,""39"":10,""4"":58,""40"":16,""41"":10,""42"":7,""43"":4,""44"":1,""46"":1,""48"":1,""5"":77,""50"":1,""6"":30,""7"":14,""8"":79,""9"":134}","{""Diagonal CMA-ES"":{""attempts"":319,""discoveries"":0,""improvements"":0,""insertions"":0,""insertion_rate"":0.0},""Immigrant"":{""attempts"":142,""discoveries"":0,""improvements"":0,""insertions"":0,""insertion_rate"":0.0},""Morphology"":{""attempts"":282,""discoveries"":0,""improvements"":1,""insertions"":1,""insertion_rate"":0.0035460992907801418},""Novelty"":{""attempts"":257,""discoveries"":0,""improvements"":0,""insertions"":0,""insertion_rate"":0.0}}","{""Morphology"":196,""Novelty"":32}",0,0.9098228663446055,false,15000
38,146,147000,7.946287656999998,0.061496224999999995,0.057979509,0.00130838,0.002208336,8.440934572,80.20396,29.632263,6337.412966609001,187,0.9739583,51,4.372143993215521,52,0.27807486631016043,"{""10"":17,""11"":3,""13"":1,""15"":1,""16"":3,""17"":4,""18"":5,""19"":2,""20"":2,""21"":1,""3"":52,""4"":4,""5"":25,""6"":25,""7"":20,""8"":8,""9"":14}","{""11"":14,""12"":10,""13"":1,""14"":9,""15"":3,""17"":3,""18"":5,""19"":4,""20"":9,""21"":9,""22"":2,""23"":5,""25"":1,""26"":2,""28"":1,""3"":52,""32"":1,""35"":1,""37"":2,""38"":4,""39"":3,""40"":1,""41"":4,""43"":2,""5"":5,""8"":24,""9"":10}",64,"{""count"":64,""unique_topologies"":64,""topology_entropy_bits"":6.0,""effective_topology_count"":64.0,""triangle_like_count"":0,""triangle_like_fraction"":0.0,""mean_nodes"":9.34375,""mean_muscles"":18.40625,""node_counts"":{""10"":13,""11"":14,""12"":5,""13"":2,""4"":1,""5"":1,""6"":3,""7"":7,""8"":10,""9"":8},""muscle_counts"":{""10"":2,""11"":1,""12"":4,""15"":7,""16"":3,""17"":2,""18"":5,""19"":6,""20"":2,""21"":8,""22"":7,""23"":2,""24"":6,""25"":3,""26"":1,""27"":1,""5"":2,""9"":2}}",159,5.274025076432591,203,0.203,"{""10"":69,""11"":31,""12"":5,""13"":4,""14"":1,""15"":1,""16"":2,""17"":23,""18"":18,""19"":16,""20"":12,""21"":5,""22"":1,""3"":203,""4"":123,""5"":118,""6"":176,""7"":92,""8"":50,""9"":50}","{""10"":9,""11"":53,""12"":32,""13"":5,""14"":43,""15"":6,""16"":3,""17"":33,""18"":8,""19"":16,""20"":38,""21"":53,""22"":13,""23"":12,""24"":13,""25"":3,""26"":5,""27"":3,""28"":8,""3"":203,""32"":1,""37"":1,""38"":23,""39"":9,""4"":60,""40"":13,""41"":18,""42"":6,""43"":4,""44"":1,""5"":95,""51"":1,""6"":24,""7"":5,""8"":57,""9"":123}","{""Diagonal CMA-ES"":{""attempts"":316,""discoveries"":0,""improvements"":0,""insertions"":0,""insertion_rate"":0.0},""Immigrant"":{""attempts"":139,""discoveries"":0,""improvements"":0,""insertions"":0,""insertion_rate"":0.0},""Morphology"":{""attempts"":293,""discoveries"":1,""improvements"":3,""insertions"":4,""insertion_rate"":0.013651877133105802},""Novelty"":{""attempts"":252,""discoveries"":0,""improvements"":0,""insertions"":0,""insertion_rate"":0.0}}","{""Morphology"":204,""Novelty"":29}",2,0.9101123595505618,false,16000
38,147,148000,8.015304096999998,0.06901644,0.065713434,0.001108917,0.002194089,8.513496222,80.20396,29.632263,6348.190375208855,187,0.9739583,52,4.391446883453152,52,0.27807486631016043,"{""10"":16,""11"":3,""13"":1,""15"":1,""16"":3,""17"":4,""18"":5,""19"":2,""20"":2,""21"":1,""3"":52,""4"":4,""5"":25,""6"":24,""7"":21,""8"":9,""9"":14}","{""11"":13,""12"":10,""13"":1,""14"":10,""15"":3,""17"":3,""18"":5,""19"":4,""20"":10,""21"":8,""22"":2,""23"":5,""25"":1,""26"":2,""28"":1,""3"":52,""32"":1,""35"":1,""37"":2,""38"":4,""39"":3,""40"":1,""41"":4,""43"":2,""5"":5,""8"":24,""9"":10}",64,"{""count"":64,""unique_topologies"":64,""topology_entropy_bits"":6.0,""effective_topology_count"":64.0,""triangle_like_count"":0,""triangle_like_fraction"":0.0,""mean_nodes"":9.359375,""mean_muscles"":18.375,""node_counts"":{""10"":13,""11"":14,""12"":6,""13"":2,""4"":2,""5"":1,""6"":3,""7"":6,""8"":9,""9"":8},""muscle_counts"":{""10"":1,""11"":1,""12"":4,""15"":7,""16"":3,""17"":2,""18"":5,""19"":6,""20"":1,""21"":8,""22"":7,""23"":2,""24"":7,""25"":3,""26"":1,""27"":1,""4"":1,""5"":2,""9"":2}}",164,5.3503125227155035,213,0.213,"{""10"":73,""11"":35,""12"":4,""13"":3,""15"":1,""16"":9,""17"":25,""18"":27,""19"":21,""20"":11,""21"":4,""22"":1,""3"":213,""4"":154,""5"":132,""6"":122,""7"":73,""8"":49,""9"":43}","{""10"":6,""11"":46,""12"":27,""14"":38,""15"":19,""16"":2,""17"":19,""18"":8,""19"":13,""20"":37,""21"":50,""22"":20,""23"":19,""24"":9,""25"":3,""26"":6,""28"":6,""29"":2,""3"":213,""32"":1,""33"":1,""37"":7,""38"":24,""39"":6,""4"":82,""40"":17,""41"":31,""42"":3,""43"":4,""44"":1,""46"":2,""49"":1,""5"":99,""52"":1,""6"":24,""7"":11,""8"":70,""9"":72}","{""Diagonal CMA-ES"":{""attempts"":288,""discoveries"":0,""improvements"":0,""insertions"":0,""insertion_rate"":0.0},""Immigrant"":{""attempts"":171,""discoveries"":0,""improvements"":0,""insertions"":0,""insertion_rate"":0.0},""Morphology"":{""attempts"":275,""discoveries"":2,""improvements"":3,""insertions"":5,""insertion_rate"":0.01818181818181818},""Novelty"":{""attempts"":266,""discoveries"":0,""improvements"":1,""insertions"":1,""insertion_rate"":0.0037593984962406013}}","{""Morphology"":193,""Novelty"":37}",2,0.9102564102564102,false,17000
38,148,149000,8.079481194999998,0.064177098,0.060770798,0.001488846,0.001917454,8.581144919,80.20396,29.632263,6348.190375208855,187,0.9739583,52,4.391446883453149,52,0.27807486631016043,"{""10"":16,""11"":3,""13"":1,""15"":1,""16"":3,""17"":4,""18"":5,""19"":2,""20"":2,""21"":1,""3"":52,""4"":4,""5"":25,""6"":24,""7"":21,""8"":9,""9"":14}","{""11"":13,""12"":10,""13"":1,""14"":10,""15"":3,""17"":3,""18"":5,""19"":4,""20"":10,""21"":8,""22"":2,""23"":5,""25"":1,""26"":2,""28"":1,""3"":52,""32"":1,""35"":1,""37"":2,""38"":4,""39"":3,""40"":1,""41"":4,""43"":2,""5"":5,""8"":24,""9"":10}",64,"{""count"":64,""unique_topologies"":64,""topology_entropy_bits"":6.0,""effective_topology_count"":64.0,""triangle_like_count"":0,""triangle_like_fraction"":0.0,""mean_nodes"":9.390625,""mean_muscles"":18.453125,""node_counts"":{""10"":13,""11"":14,""12"":6,""13"":2,""4"":1,""5"":1,""6"":4,""7"":6,""8"":9,""9"":8},""muscle_counts"":{""10"":1,""11"":1,""12"":4,""15"":7,""16"":3,""17"":2,""18"":5,""19"":6,""20"":1,""21"":8,""22"":7,""23"":2,""24"":7,""25"":3,""26"":1,""27"":1,""5"":2,""9"":3}}",148,5.350910668543861,242,0.242,"{""10"":57,""11"":30,""12"":7,""13"":16,""14"":1,""15"":7,""16"":1,""17"":4,""18"":21,""19"":12,""20"":15,""21"":12,""3"":242,""4"":124,""5"":143,""6"":95,""7"":97,""8"":48,""9"":68}","{""10"":1,""11"":55,""12"":54,""13"":2,""14"":47,""15"":17,""16"":3,""17"":10,""18"":14,""19"":25,""20"":49,""21"":21,""22"":14,""23"":22,""24"":10,""25"":10,""26"":13,""27"":5,""28"":10,""29"":1,""3"":242,""31"":1,""32"":6,""33"":3,""37"":1,""38"":3,""39"":9,""4"":68,""40"":3,""41"":23,""42"":4,""43"":18,""44"":1,""5"":84,""50"":1,""52"":2,""6"":29,""7"":7,""8"":79,""9"":33}","{""Diagonal CMA-ES"":{""attempts"":316,""discoveries"":0,""improvements"":0,""insertions"":0,""insertion_rate"":0.0},""Immigrant"":{""attempts"":146,""discoveries"":0,""improvements"":0,""insertions"":0,""insertion_rate"":0.0},""Morphology"":{""attempts"":275,""discoveries"":1,""improvements"":0,""insertions"":1,""insertion_rate"":0.0036363636363636364},""Novelty"":{""attempts"":263,""discoveries"":0,""improvements"":0,""insertions"":0,""insertion_rate"":0.0}}","{""Morphology"":181,""Novelty"":24}",1,0.9102564102564102,false,18000
38,149,150000,8.140133265999998,0.060652071,0.056732868,0.001262076,0.002657127,8.645203288,80.20396,29.632263,6376.523755967617,187,0.9739583,52,4.383275868939358,52,0.27807486631016043,"{""10"":16,""11"":3,""13"":1,""15"":1,""16"":3,""17"":4,""18"":5,""19"":2,""20"":2,""21"":1,""3"":52,""4"":4,""5"":26,""6"":23,""7"":21,""8"":9,""9"":14}","{""11"":13,""12"":10,""13"":1,""14"":10,""15"":3,""17"":3,""18"":5,""19"":4,""20"":10,""21"":8,""22"":2,""23"":5,""25"":1,""26"":2,""28"":1,""3"":52,""32"":1,""35"":1,""37"":2,""38"":4,""39"":3,""40"":1,""41"":4,""43"":2,""5"":5,""8"":25,""9"":9}",64,"{""count"":64,""unique_topologies"":64,""topology_entropy_bits"":6.0,""effective_topology_count"":64.0,""triangle_like_count"":0,""triangle_like_fraction"":0.0,""mean_nodes"":9.453125,""mean_muscles"":18.640625,""node_counts"":{""10"":14,""11"":14,""12"":6,""13"":2,""4"":1,""5"":1,""6"":3,""7"":6,""8"":9,""9"":8},""muscle_counts"":{""10"":1,""11"":1,""12"":4,""15"":7,""16"":3,""17"":2,""18"":5,""19"":6,""20"":1,""21"":9,""22"":7,""23"":2,""24"":7,""25"":3,""26"":1,""27"":1,""5"":2,""9"":2}}",151,5.399112356969212,246,0.246,"{""10"":59,""11"":36,""12"":3,""13"":8,""15"":7,""16"":1,""17"":6,""18"":18,""19"":11,""20"":19,""21"":10,""3"":246,""4"":120,""5"":133,""6"":103,""7"":95,""8"":61,""9"":64}","{""10"":8,""11"":57,""12"":51,""13"":1,""14"":42,""15"":20,""16"":3,""17"":12,""18"":14,""19"":32,""20"":52,""21"":20,""22"":13,""23"":23,""24"":7,""25"":8,""26"":15,""27"":3,""28"":8,""29"":3,""3"":246,""31"":1,""32"":6,""37"":1,""38"":6,""39"":9,""4"":56,""40"":3,""41"":19,""42"":6,""43"":20,""44"":1,""5"":98,""6"":26,""7"":5,""8"":69,""9"":36}","{""Diagonal CMA-ES"":{""attempts"":283,""discoveries"":0,""improvements"":1,""insertions"":1,""insertion_rate"":0.0035335689045936395},""Immigrant"":{""attempts"":152,""discoveries"":0,""improvements"":0,""insertions"":0,""insertion_rate"":0.0},""Morphology"":{""attempts"":311,""discoveries"":1,""improvements"":2,""insertions"":3,""insertion_rate"":0.00964630225080386},""Novelty"":{""attempts"":254,""discoveries"":0,""improvements"":2,""insertions"":2,""insertion_rate"":0.007874015748031496}}","{""Morphology"":206,""Novelty"":26}",1,0.9105431309904153,false,19000
38,150,151000,8.206435589999998,0.06630232400000001,0.062678753,0.001367743,0.002255828,8.715942468,80.20396,30.129776,6408.922652184963,187,0.9739583,51,4.354612016398517,52,0.27807486631016043,"{""10"":15,""11"":3,""13"":1,""15"":1,""16"":3,""17"":4,""18"":5,""19"":2,""20"":3,""21"":1,""3"":52,""4"":4,""5"":27,""6"":23,""7"":21,""8"":8,""9"":14}","{""11"":13,""12"":10,""13"":1,""14"":10,""15"":3,""17"":3,""18"":5,""19"":3,""20"":10,""21"":8,""22"":1,""23"":5,""25"":1,""26"":2,""28"":1,""3"":52,""32"":1,""35"":1,""37"":2,""38"":4,""39"":3,""40"":1,""41"":4,""43"":3,""5"":5,""8"":26,""9"":9}",64,"{""count"":64,""unique_topologies"":64,""topology_entropy_bits"":6.0,""effective_topology_count"":64.0,""triangle_like_count"":0,""triangle_like_fraction"":0.0,""mean_nodes"":9.453125,""mean_muscles"":18.640625,""node_counts"":{""10"":14,""11"":14,""12"":6,""13"":2,""4"":1,""5"":1,""6"":3,""7"":6,""8"":9,""9"":8},""muscle_counts"":{""10"":1,""11"":1,""12"":4,""15"":7,""16"":3,""17"":2,""18"":5,""19"":6,""20"":1,""21"":9,""22"":7,""23"":2,""24"":7,""25"":3,""26"":1,""27"":1,""5"":2,""9"":2}}",155,5.295518572440719,227,0.227,"{""10"":94,""11"":45,""12"":3,""13"":4,""15"":2,""16"":7,""17"":25,""18"":10,""19"":16,""20"":13,""21"":4,""22"":2,""3"":227,""4"":114,""5"":125,""6"":105,""7"":71,""8"":68,""9"":65}","{""10"":2,""11"":58,""12"":24,""13"":2,""14"":48,""15"":17,""16"":1,""17"":26,""18"":11,""19"":22,""20"":54,""21"":46,""22"":20,""23"":41,""24"":16,""25"":2,""26"":10,""27"":1,""28"":7,""29"":1,""3"":227,""31"":1,""32"":5,""37"":6,""38"":24,""39"":4,""4"":64,""40"":13,""41"":16,""42"":4,""43"":6,""44"":1,""5"":79,""50"":1,""56"":1,""6"":19,""7"":2,""8"":75,""9"":43}","{""Diagonal CMA-ES"":{""attempts"":309,""discoveries"":0,""improvements"":0,""insertions"":0,""insertion_rate"":0.0},""Immigrant"":{""attempts"":148,""discoveries"":0,""improvements"":0,""insertions"":0,""insertion_rate"":0.0},""Morphology"":{""attempts"":284,""discoveries"":0,""improvements"":3,""insertions"":3,""insertion_rate"":0.01056338028169014},""Novelty"":{""attempts"":259,""discoveries"":0,""improvements"":1,""insertions"":1,""insertion_rate"":0.003861003861003861}}","{""Morphology"":171,""Novelty"":38}",0,0.9092356687898089,false,20000
38,151,152000,8.270638806999997,0.06420321699999999,0.061048621,0.001135037,0.002019559,8.783515179,80.20396,30.129776,6408.922652184963,187,0.9739583,51,4.354612016398519,52,0.27807486631016043,"{""10"":15,""11"":3,""13"":1,""15"":1,""16"":3,""17"":4,""18"":5,""19"":2,""20"":3,""21"":1,""3"":52,""4"":4,""5"":27,""6"":23,""7"":21,""8"":8,""9"":14}","{""11"":13,""12"":10,""13"":1,""14"":10,""15"":3,""17"":3,""18"":5,""19"":3,""20"":10,""21"":8,""22"":1,""23"":5,""25"":1,""26"":2,""28"":1,""3"":52,""32"":1,""35"":1,""37"":2,""38"":4,""39"":3,""40"":1,""41"":4,""43"":3,""5"":5,""8"":26,""9"":9}",64,"{""count"":64,""unique_topologies"":64,""topology_entropy_bits"":6.0,""effective_topology_count"":64.0,""triangle_like_count"":0,""triangle_like_fraction"":0.0,""mean_nodes"":9.421875,""mean_muscles"":18.5625,""node_counts"":{""10"":13,""11"":14,""12"":6,""13"":2,""4"":1,""5"":1,""6"":3,""7"":6,""8"":10,""9"":8},""muscle_counts"":{""10"":1,""11"":1,""12"":4,""15"":7,""16"":4,""17"":2,""18"":5,""19"":6,""20"":1,""21"":8,""22"":7,""23"":2,""24"":7,""25"":3,""26"":1,""27"":1,""5"":2,""9"":2}}",179,5.3506492591165635,245,0.245,"{""10"":82,""11"":38,""12"":6,""13"":7,""15"":3,""16"":4,""17"":28,""18"":15,""19"":18,""20"":19,""21"":11,""3"":245,""4"":120,""5"":125,""6"":76,""7"":77,""8"":58,""9"":68}","{""10"":4,""11"":47,""12"":31,""13"":2,""14"":47,""15"":13,""16"":3,""17"":26,""18"":14,""19"":17,""20"":56,""21"":56,""22"":18,""23"":21,""24"":4,""25"":7,""26"":8,""27"":5,""28"":6,""29"":3,""3"":245,""32"":4,""37"":4,""38"":26,""39"":8,""4"":60,""40"":17,""41"":21,""42"":5,""43"":8,""44"":4,""5"":81,""52"":1,""53"":1,""6"":17,""7"":6,""8"":81,""9"":23}","{""Diagonal CMA-ES"":{""attempts"":313,""discoveries"":0,""improvements"":0,""insertions"":0,""insertion_rate"":0.0},""Immigrant"":{""attempts"":133,""discoveries"":0,""improvements"":0,""insertions"":0,""insertion_rate"":0.0},""Morphology"":{""attempts"":326,""discoveries"":1,""improvements"":1,""insertions"":2,""insertion_rate"":0.006134969325153374},""Novelty"":{""attempts"":228,""discoveries"":0,""improvements"":0,""insertions"":0,""insertion_rate"":0.0}}","{""Morphology"":211,""Novelty"":29}",1,0.9077901430842608,false,21000
38,152,153000,8.329848335999998,0.059209529,0.055340191,0.001465101,0.002404237,8.847261294,80.20396,30.129776,6413.74981969595,187,0.9739583,51,4.3448686241998615,52,0.27807486631016043,"{""10"":15,""11"":3,""13"":1,""15"":1,""16"":3,""17"":4,""18"":5,""19"":2,""20"":3,""21"":1,""3"":52,""4"":4,""5"":28,""6"":22,""7"":21,""8"":8,""9"":14}","{""11"":13,""12"":10,""13"":1,""14"":10,""15"":3,""17"":3,""18"":5,""19"":3,""20"":10,""21"":8,""22"":1,""23"":5,""25"":1,""26"":2,""28"":1,""3"":52,""32"":1,""35"":1,""37"":2,""38"":4,""39"":3,""40"":1,""41"":4,""43"":3,""5"":5,""8"":27,""9"":8}",64,"{""count"":64,""unique_topologies"":64,""topology_entropy_bits"":6.0,""effective_topology_count"":64.0,""triangle_like_count"":0,""triangle_like_fraction"":0.0,""mean_nodes"":9.34375,""mean_muscles"":18.359375,""node_counts"":{""10"":13,""11"":13,""12"":6,""13"":2,""4"":1,""5"":1,""6"":4,""7"":6,""8"":10,""9"":8},""muscle_counts"":{""10"":1,""11"":2,""12"":4,""15"":7,""16"":4,""17"":2,""18"":5,""19"":6,""20"":1,""21"":8,""22"":7,""23"":2,""24"":6,""25"":3,""26"":1,""27"":1,""5"":2,""9"":2}}",168,5.5097089846808345,213,0.213,"{""10"":94,""11"":33,""12"":4,""13"":4,""15"":2,""16"":2,""17"":20,""18"":15,""19"":17,""20"":20,""21"":10,""22"":2,""3"":213,""4"":132,""5"":123,""6"":93,""7"":77,""8"":58,""9"":81}","{""10"":4,""11"":56,""12"":31,""13"":2,""14"":40,""15"":18,""16"":4,""17"":41,""18"":10,""19"":17,""20"":56,""21"":51,""22"":15,""23"":29,""24"":12,""25"":5,""26"":9,""27"":3,""28"":8,""29"":1,""3"":213,""32"":3,""33"":1,""37"":1,""38"":19,""39"":10,""4"":73,""40"":14,""41"":20,""42"":4,""43"":11,""44"":5,""46"":1,""5"":83,""6"":21,""7"":8,""8"":71,""9"":30}","{""Diagonal CMA-ES"":{""attempts"":303,""discoveries"":0,""improvements"":0,""insertions"":0,""insertion_rate"":0.0},""Immigrant"":{""attempts"":136,""discoveries"":0,""improvements"":0,""insertions"":0,""insertion_rate"":0.0},""Morphology"":{""attempts"":306,""discoveries"":0,""improvements"":3,""insertions"":3,""insertion_rate"":0.00980392156862745},""Novelty"":{""attempts"":255,""discoveries"":1,""improvements"":0,""insertions"":1,""insertion_rate"":0.00392156862745098}}","{""Morphology"":223,""Novelty"":33}",0,0.9063492063492063,false,22000
38,153,154000,8.396160157999997,0.066311822,0.062487601,0.001158783,0.002665438,8.917903117,80.20396,30.129776,6418.688355386257,187,0.9739583,50,4.330136605471717,52,0.27807486631016043,"{""10"":15,""11"":3,""13"":1,""15"":1,""16"":3,""17"":4,""18"":5,""19"":2,""20"":3,""21"":1,""3"":52,""4"":4,""5"":28,""6"":23,""7"":20,""8"":8,""9"":14}","{""11"":14,""12"":10,""14"":10,""15"":3,""17"":3,""18"":5,""19"":3,""20"":10,""21"":8,""22"":1,""23"":5,""25"":1,""26"":2,""28"":1,""3"":52,""32"":1,""35"":1,""37"":2,""38"":4,""39"":3,""40"":1,""41"":4,""43"":3,""5"":5,""8"":27,""9"":8}",64,"{""count"":64,""unique_topologies"":64,""topology_entropy_bits"":6.0,""effective_topology_count"":64.0,""triangle_like_count"":0,""triangle_like_fraction"":0.0,""mean_nodes"":9.359375,""mean_muscles"":18.4375,""node_counts"":{""10"":14,""11"":13,""12"":6,""13"":2,""4"":1,""5"":1,""6"":4,""7"":6,""8"":10,""9"":7},""muscle_counts"":{""10"":1,""11"":2,""12"":4,""15"":7,""16"":3,""17"":2,""18"":5,""19"":6,""20"":1,""21"":9,""22"":7,""23"":2,""24"":6,""25"":3,""26"":1,""27"":1,""5"":2,""9"":2}}",155,5.343763125408312,239,0.239,"{""10"":68,""11"":37,""12"":4,""13"":3,""14"":1,""15"":4,""16"":5,""17"":15,""18"":24,""19"":20,""20"":19,""21"":7,""3"":239,""4"":130,""5"":123,""6"":97,""7"":96,""8"":57,""9"":51}","{""11"":61,""12"":37,""13"":3,""14"":60,""15"":11,""16"":1,""17"":32,""18"":6,""19"":14,""20"":47,""21"":42,""22"":11,""23"":25,""24"":7,""25"":4,""26"":9,""28"":7,""29"":4,""3"":239,""30"":1,""32"":2,""33"":2,""37"":5,""38"":15,""39"":14,""4"":73,""40"":17,""41"":20,""42"":1,""43"":13,""44"":3,""49"":1,""5"":80,""50"":1,""6"":23,""7"":11,""8"":67,""9"":31}","{""Diagonal CMA-ES"":{""attempts"":292,""discoveries"":0,""improvements"":0,""insertions"":0,""insertion_rate"":0.0},""Immigrant"":{""attempts"":158,""discoveries"":0,""improvements"":0,""insertions"":0,""insertion_rate"":0.0},""Morphology"":{""attempts"":298,""discoveries"":1,""improvements"":3,""insertions"":4,""insertion_rate"":0.013422818791946308},""Novelty"":{""attempts"":252,""discoveries"":0,""improvements"":0,""insertions"":0,""insertion_rate"":0.0}}","{""Morphology"":203,""Novelty"":24}",1,0.9063492063492063,false,23000
38,154,155000,8.461931768999998,0.065771611,0.062668067,0.001106543,0.001997001,8.98746333,80.20396,30.129776,6418.688355386257,187,0.9739583,50,4.330136605471715,52,0.27807486631016043,"{""10"":15,""11"":3,""13"":1,""15"":1,""16"":3,""17"":4,""18"":5,""19"":2,""20"":3,""21"":1,""3"":52,""4"":4,""5"":28,""6"":23,""7"":20,""8"":8,""9"":14}","{""11"":14,""12"":10,""14"":10,""15"":3,""17"":3,""18"":5,""19"":3,""20"":10,""21"":8,""22"":1,""23"":5,""25"":1,""26"":2,""28"":1,""3"":52,""32"":1,""35"":1,""37"":2,""38"":4,""39"":3,""40"":1,""41"":4,""43"":3,""5"":5,""8"":27,""9"":8}",64,"{""count"":64,""unique_topologies"":64,""topology_entropy_bits"":6.0,""effective_topology_count"":64.0,""triangle_like_count"":0,""triangle_like_fraction"":0.0,""mean_nodes"":9.375,""mean_muscles"":18.484375,""node_counts"":{""10"":14,""11"":13,""12"":6,""13"":2,""4"":1,""5"":1,""6"":4,""7"":5,""8"":11,""9"":7},""muscle_counts"":{""11"":2,""12"":4,""13"":1,""15"":7,""16"":3,""17"":2,""18"":5,""19"":6,""20"":1,""21"":9,""22"":7,""23"":2,""24"":6,""25"":3,""26"":1,""27"":1,""5"":2,""9"":2}}",180,5.453351659215574,204,0.204,"{""10"":126,""11"":43,""12"":5,""13"":4,""15"":2,""16"":5,""17"":18,""18"":14,""19"":14,""20"":19,""21"":7,""3"":204,""4"":123,""5"":93,""6"":72,""7"":114,""8"":87,""9"":50}","{""10"":2,""11"":45,""12"":20,""13"":3,""14"":45,""15"":64,""16"":11,""17"":39,""18"":9,""19"":13,""20"":47,""21"":108,""22"":25,""23"":17,""24"":11,""25"":5,""26"":5,""27"":1,""28"":8,""29"":1,""3"":204,""32"":2,""37"":5,""38"":17,""39"":10,""4"":65,""40"":12,""41"":19,""42"":2,""43"":5,""44"":3,""49"":1,""5"":79,""52"":2,""53"":1,""6"":8,""7"":5,""8"":59,""9"":22}","{""Diagonal CMA-ES"":{""attempts"":298,""discoveries"":0,""improvements"":0,""insertions"":0,""insertion_rate"":0.0},""Immigrant"":{""attempts"":136,""discoveries"":0,""improvements"":0,""insertions"":0,""insertion_rate"":0.0},""Morphology"":{""attempts"":317,""discoveries"":2,""improvements"":2,""insertions"":4,""insertion_rate"":0.012618296529968454},""Novelty"":{""attempts"":249,""discoveries"":0,""improvements"":0,""insertions"":0,""insertion_rate"":0.0}}","{""Morphology"":205,""Novelty"":33}",2,0.9064976228209192,false,24000
38,155,156000,8.526571903999997,0.064640135,0.059457669,0.001666938,0.003515528,9.055994174,80.20396,30.250683,6424.285632073879,187,0.9739583,50,4.339879997670372,52,0.27807486631016043,"{""10"":15,""11"":3,""13"":1,""15"":1,""16"":3,""17"":4,""18"":5,""19"":2,""20"":3,""21"":1,""3"":52,""4"":4,""5"":27,""6"":24,""7"":20,""8"":8,""9"":14}","{""11"":14,""12"":10,""14"":10,""15"":3,""17"":3,""18"":5,""19"":3,""20"":10,""21"":8,""22"":1,""23"":5,""25"":1,""26"":2,""28"":1,""3"":52,""32"":1,""35"":1,""37"":2,""38"":4,""39"":3,""40"":1,""41"":4,""43"":3,""5"":5,""8"":26,""9"":9}",64,"{""count"":64,""unique_topologies"":64,""topology_entropy_bits"":6.0,""effective_topology_count"":64.0,""triangle_like_count"":0,""triangle_like_fraction"":0.0,""mean_nodes"":9.375,""mean_muscles"":18.484375,""node_counts"":{""10"":14,""11"":13,""12"":6,""13"":2,""4"":1,""5"":1,""6"":4,""7"":5,""8"":11,""9"":7},""muscle_counts"":{""11"":2,""12"":4,""13"":1,""15"":7,""16"":3,""17"":2,""18"":5,""19"":6,""20"":1,""21"":9,""22"":7,""23"":2,""24"":6,""25"":3,""26"":1,""27"":1,""5"":2,""9"":2}}",164,5.180264371374662,213,0.213,"{""10"":123,""11"":41,""12"":1,""13"":3,""15"":2,""16"":5,""17"":5,""18"":11,""19"":6,""20"":19,""21"":8,""22"":1,""3"":213,""4"":126,""5"":95,""6"":52,""7"":198,""8"":43,""9"":48}","{""10"":2,""11"":28,""12"":27,""13"":11,""14"":25,""15"":159,""16"":6,""17"":13,""18"":5,""19"":14,""20"":29,""21"":98,""22"":22,""23"":17,""24"":8,""25"":4,""26"":10,""27"":2,""28"":7,""3"":213,""31"":1,""32"":2,""37"":4,""38"":4,""39"":3,""4"":65,""40"":5,""41"":15,""42"":2,""43"":14,""44"":2,""45"":1,""49"":2,""5"":89,""52"":1,""53"":1,""6"":19,""7"":6,""8"":42,""9"":22}","{""Diagonal CMA-ES"":{""attempts"":273,""discoveries"":0,""improvements"":0,""insertions"":0,""insertion_rate"":0.0},""Immigrant"":{""attempts"":151,""discoveries"":0,""improvements"":0,""insertions"":0,""insertion_rate"":0.0},""Morphology"":{""attempts"":310,""discoveries"":0,""improvements"":2,""insertions"":2,""insertion_rate"":0.0064516129032258064},""Novelty"":{""attempts"":266,""discoveries"":0,""improvements"":0,""insertions"":0,""insertion_rate"":0.0}}","{""Morphology"":212,""Novelty"":28}",0,0.9064976228209192,false,25000
38,156,157000,8.591280900999998,0.064708997,0.060255519,0.001214585,0.003238893,9.124116594,80.20396,30.250683,6436.176798760891,187,0.9739583,50,4.345780548727912,52,0.27807486631016043,"{""10"":15,""11"":3,""13"":1,""15"":1,""16"":3,""17"":4,""18"":5,""19"":2,""20"":3,""21"":1,""3"":52,""4"":4,""5"":27,""6"":24,""7"":19,""8"":9,""9"":14}","{""11"":14,""12"":10,""14"":9,""15"":3,""17"":4,""18"":5,""19"":3,""20"":10,""21"":8,""22"":1,""23"":5,""25"":1,""26"":2,""28"":1,""3"":52,""32"":1,""35"":1,""37"":2,""38"":4,""39"":3,""40"":1,""41"":4,""43"":3,""5"":5,""8"":26,""9"":9}",64,"{""count"":64,""unique_topologies"":64,""topology_entropy_bits"":6.0,""effective_topology_count"":64.0,""triangle_like_count"":0,""triangle_like_fraction"":0.0,""mean_nodes"":9.375,""mean_muscles"":18.484375,""node_counts"":{""10"":14,""11"":13,""12"":6,""13"":2,""4"":1,""5"":1,""6"":4,""7"":5,""8"":11,""9"":7},""muscle_counts"":{""11"":2,""12"":4,""13"":1,""15"":7,""16"":3,""17"":2,""18"":5,""19"":6,""20"":1,""21"":9,""22"":7,""23"":2,""24"":6,""25"":3,""26"":1,""27"":1,""5"":2,""9"":2}}",192,5.715956917129081,214,0.214,"{""10"":78,""11"":52,""12"":7,""13"":13,""14"":1,""15"":7,""17"":6,""18"":15,""19"":15,""20"":17,""21"":14,""3"":214,""4"":121,""5"":139,""6"":79,""7"":106,""8"":44,""9"":72}","{""10"":2,""11"":45,""12"":54,""13"":4,""14"":48,""15"":29,""16"":3,""17"":12,""18"":19,""19"":20,""20"":49,""21"":37,""22"":11,""23"":30,""24"":14,""25"":11,""26"":21,""27"":3,""28"":11,""29"":2,""3"":214,""31"":1,""32"":8,""38"":6,""39"":8,""4"":60,""40"":6,""41"":19,""42"":3,""43"":19,""44"":4,""46"":1,""48"":1,""5"":86,""52"":1,""6"":25,""7"":12,""8"":80,""9"":21}","{""Diagonal CMA-ES"":{""attempts"":288,""discoveries"":0,""improvements"":0,""insertions"":0,""insertion_rate"":0.0},""Immigrant"":{""attempts"":130,""discoveries"":0,""improvements"":0,""insertions"":0,""insertion_rate"":0.0},""Morphology"":{""attempts"":309,""discoveries"":0,""improvements"":2,""insertions"":2,""insertion_rate"":0.006472491909385114},""Novelty"":{""attempts"":273,""discoveries"":0,""improvements"":0,""insertions"":0,""insertion_rate"":0.0}}","{""Morphology"":199,""Novelty"":32}",0,0.9066455696202531,false,26000
38,157,158000,8.653509674999997,0.062228774,0.059121669,0.001098231,0.002008874,9.189514213,80.20396,30.358414,6441.745911538601,187,0.9739583,50,4.3677860456653494,52,0.27807486631016043,"{""10"":15,""11"":3,""13"":1,""15"":1,""16"":3,""17"":4,""18"":5,""19"":2,""20"":3,""21"":1,""3"":52,""4"":4,""5"":26,""6"":25,""7"":19,""8"":9,""9"":14}","{""11"":14,""12"":10,""14"":9,""15"":3,""17"":4,""18"":5,""19"":3,""20"":10,""21"":8,""22"":1,""23"":5,""25"":1,""26"":2,""28"":1,""3"":52,""32"":1,""35"":1,""37"":2,""38"":4,""39"":3,""40"":1,""41"":4,""43"":3,""5"":5,""8"":25,""9"":10}",64,"{""count"":64,""unique_topologies"":64,""topology_entropy_bits"":6.0,""effective_topology_count"":64.0,""triangle_like_count"":0,""triangle_like_fraction"":0.0,""mean_nodes"":9.375,""mean_muscles"":18.484375,""node_counts"":{""10"":14,""11"":13,""12"":6,""13"":2,""4"":1,""5"":1,""6"":4,""7"":5,""8"":11,""9"":7},""muscle_counts"":{""11"":2,""12"":4,""13"":1,""15"":7,""16"":3,""17"":2,""18"":5,""19"":6,""20"":1,""21"":9,""22"":7,""23"":2,""24"":6,""25"":3,""26"":1,""27"":1,""5"":2,""9"":2}}",160,5.49431158188119,232,0.232,"{""10"":74,""11"":38,""12"":9,""13"":8,""15"":7,""17"":10,""18"":17,""19"":16,""20"":26,""21"":13,""3"":232,""4"":129,""5"":138,""6"":80,""7"":100,""8"":36,""9"":67}","{""10"":1,""11"":48,""12"":53,""13"":1,""14"":35,""15"":29,""16"":3,""17"":11,""18"":20,""19"":19,""20"":44,""21"":29,""22"":15,""23"":30,""24"":4,""25"":12,""26"":15,""27"":2,""28"":12,""29"":2,""3"":232,""31"":1,""32"":6,""36"":1,""38"":9,""39"":8,""4"":58,""40"":6,""41"":23,""42"":6,""43"":25,""44"":2,""45"":1,""5"":101,""50"":1,""51"":1,""6"":19,""7"":12,""8"":77,""9"":26}","{""Diagonal CMA-ES"":{""attempts"":294,""discoveries"":0,""improvements"":0,""insertions"":0,""insertion_rate"":0.0},""Immigrant"":{""attempts"":157,""discoveries"":0,""improvements"":0,""insertions"":0,""insertion_rate"":0.0},""Morphology"":{""attempts"":297,""discoveries"":0,""improvements"":2,""insertions"":2,""insertion_rate"":0.006734006734006734},""Novelty"":{""attempts"":252,""discoveries"":0,""improvements"":0,""insertions"":0,""insertion_rate"":0.0}}","{""Morphology"":193,""Novelty"":22}",0,0.9069400630914827,false,27000
38,158,159000,8.719491438999997,0.065981764,0.062518475,0.001418797,0.002044492,9.258901089,80.20396,30.358414,6451.691601336002,187,0.9739583,50,4.374851145229834,52,0.27807486631016043,"{""10"":14,""11"":2,""13"":1,""15"":1,""16"":2,""17"":4,""18"":6,""19"":2,""20"":3,""21"":1,""3"":52,""4"":4,""5"":25,""6"":26,""7"":21,""8"":9,""9"":14}","{""11"":14,""12"":10,""14"":11,""15"":3,""17"":4,""18"":5,""19"":3,""20"":10,""21"":7,""22"":1,""23"":5,""25"":1,""26"":1,""28"":1,""3"":52,""32"":1,""35"":1,""37"":1,""38"":4,""39"":3,""40"":1,""41"":5,""43"":3,""5"":5,""8"":24,""9"":11}",64,"{""count"":64,""unique_topologies"":64,""topology_entropy_bits"":6.0,""effective_topology_count"":64.0,""triangle_like_count"":0,""triangle_like_fraction"":0.0,""mean_nodes"":9.375,""mean_muscles"":18.484375,""node_counts"":{""10"":14,""11"":13,""12"":6,""13"":2,""4"":1,""5"":1,""6"":4,""7"":5,""8"":11,""9"":7},""muscle_counts"":{""11"":2,""12"":4,""13"":1,""15"":7,""16"":3,""17"":2,""18"":5,""19"":6,""20"":1,""21"":9,""22"":7,""23"":2,""24"":6,""25"":3,""26"":1,""27"":1,""5"":2,""9"":2}}",165,5.626145060443567,194,0.194,"{""10"":67,""11"":34,""12"":2,""13"":9,""14"":1,""15"":5,""16"":3,""17"":9,""18"":23,""19"":12,""20"":20,""21"":14,""3"":194,""4"":145,""5"":116,""6"":148,""7"":84,""8"":51,""9"":63}","{""10"":1,""11"":51,""12"":48,""13"":1,""14"":33,""15"":30,""16"":2,""17"":18,""18"":16,""19"":20,""20"":37,""21"":27,""22"":8,""23"":27,""24"":14,""25"":9,""26"":15,""28"":9,""3"":194,""31"":2,""32"":6,""36"":1,""37"":2,""38"":7,""39"":9,""4"":79,""40"":6,""41"":27,""42"":4,""43"":17,""44"":2,""5"":97,""50"":1,""51"":1,""52"":1,""53"":1,""56"":2,""6"":24,""7"":5,""8"":56,""9"":90}","{""Diagonal CMA-ES"":{""attempts"":294,""discoveries"":0,""improvements"":0,""insertions"":0,""insertion_rate"":0.0},""Immigrant"":{""attempts"":161,""discoveries"":0,""improvements"":0,""insertions"":0,""insertion_rate"":0.0},""Morphology"":{""attempts"":312,""discoveries"":0,""improvements"":4,""insertions"":4,""insertion_rate"":0.01282051282051282},""Novelty"":{""attempts"":233,""discoveries"":0,""improvements"":3,""insertions"":3,""insertion_rate"":0.012875536480686695}}","{""Morphology"":209,""Novelty"":22}",1,0.9069400630914827,false,28000
38,159,160000,8.779432334999997,0.059940896,0.055457735,0.001221709,0.003261452,9.322678078,80.20396,31.159817,6463.91315895319,187,0.9739583,50,4.359499458581294,52,0.27807486631016043,"{""10"":14,""11"":2,""13"":1,""15"":1,""16"":2,""17"":4,""18"":6,""19"":2,""20"":3,""21"":1,""3"":52,""4"":4,""5"":25,""6"":26,""7"":22,""8"":9,""9"":13}","{""11"":14,""12"":10,""14"":12,""15"":3,""17"":4,""18"":5,""19"":3,""20"":9,""21"":7,""22"":1,""23"":5,""25"":1,""26"":1,""28"":1,""3"":52,""32"":1,""35"":1,""37"":1,""38"":4,""39"":3,""40"":1,""41"":5,""43"":3,""5"":5,""8"":24,""9"":11}",64,"{""count"":64,""unique_topologies"":64,""topology_entropy_bits"":6.0,""effective_topology_count"":64.0,""triangle_like_count"":0,""triangle_like_fraction"":0.0,""mean_nodes"":9.375,""mean_muscles"":18.484375,""node_counts"":{""10"":14,""11"":13,""12"":6,""13"":2,""4"":1,""5"":1,""6"":4,""7"":5,""8"":11,""9"":7},""muscle_counts"":{""11"":2,""12"":4,""13"":1,""15"":7,""16"":3,""17"":2,""18"":5,""19"":6,""20"":1,""21"":9,""22"":7,""23"":2,""24"":6,""25"":3,""26"":1,""27"":1,""5"":2,""9"":2}}",163,4.818304441844152,117,0.117,"{""10"":46,""11"":23,""12"":6,""13"":4,""14"":1,""15"":1,""16"":1,""17"":2,""18"":11,""19"":8,""20"":17,""21"":5,""22"":1,""3"":117,""4"":133,""5"":68,""6"":218,""7"":245,""8"":51,""9"":42}","{""10"":11,""11"":18,""12"":19,""13"":1,""14"":210,""15"":24,""16"":3,""17"":21,""18"":8,""19"":12,""20"":26,""21"":24,""22"":7,""23"":21,""24"":14,""25"":5,""26"":5,""27"":3,""28"":4,""3"":117,""31"":1,""32"":1,""33"":1,""38"":2,""39"":6,""4"":77,""40"":3,""41"":12,""42"":6,""43"":13,""44"":2,""5"":82,""6"":13,""7"":3,""8"":26,""9"":199}","{""Diagonal CMA-ES"":{""attempts"":290,""discoveries"":0,""improvements"":0,""insertions"":0,""insertion_rate"":0.0},""Immigrant"":{""attempts"":145,""discoveries"":0,""improvements"":0,""insertions"":0,""insertion_rate"":0.0},""Morphology"":{""attempts"":317,""discoveries"":0,""improvements"":3,""insertions"":3,""insertion_rate"":0.00946372239747634},""Novelty"":{""attempts"":248,""discoveries"":0,""improvements"":2,""insertions"":2,""insertion_rate"":0.008064516129032258}}","{""Morphology"":216,""Novelty"":27}",0,0.9069400630914827,false,29000
38,160,161000,8.840985552999998,0.061553218,0.058118424,0.001167094,0.0022677,9.388796379,80.20396,31.159817,6463.91315895319,187,0.9739583,50,4.359499458581294,52,0.27807486631016043,"{""10"":14,""11"":2,""13"":1,""15"":1,""16"":2,""17"":4,""18"":6,""19"":2,""20"":3,""21"":1,""3"":52,""4"":4,""5"":25,""6"":26,""7"":22,""8"":9,""9"":13}","{""11"":14,""12"":10,""14"":12,""15"":3,""17"":4,""18"":5,""19"":3,""20"":9,""21"":7,""22"":1,""23"":5,""25"":1,""26"":1,""28"":1,""3"":52,""32"":1,""35"":1,""37"":1,""38"":4,""39"":3,""40"":1,""41"":5,""43"":3,""5"":5,""8"":24,""9"":11}",64,"{""count"":64,""unique_topologies"":64,""topology_entropy_bits"":6.0,""effective_topology_count"":64.0,""triangle_like_count"":0,""triangle_like_fraction"":0.0,""mean_nodes"":9.375,""mean_muscles"":18.484375,""node_counts"":{""10"":14,""11"":13,""12"":6,""13"":2,""4"":1,""5"":1,""6"":4,""7"":5,""8"":11,""9"":7},""muscle_counts"":{""11"":2,""12"":4,""13"":1,""15"":7,""16"":3,""17"":2,""18"":5,""19"":6,""20"":1,""21"":9,""22"":7,""23"":2,""24"":6,""25"":3,""26"":1,""27"":1,""5"":2,""9"":2}}",168,5.410153974078192,229,0.229,"{""10"":63,""11"":22,""12"":9,""13"":5,""14"":1,""15"":6,""17"":2,""18"":16,""19"":15,""20"":20,""21"":12,""3"":229,""4"":129,""5"":119,""6"":91,""7"":146,""8"":52,""9"":63}","{""10"":3,""11"":41,""12"":41,""13"":3,""14"":101,""15"":30,""16"":3,""17"":13,""18"":18,""19"":22,""20"":43,""21"":19,""22"":6,""23"":27,""24"":6,""25"":8,""26"":7,""27"":6,""28"":9,""29"":2,""3"":229,""30"":1,""32"":5,""38"":2,""39"":9,""4"":71,""40"":8,""41"":17,""42"":6,""43"":19,""44"":1,""46"":1,""48"":1,""5"":93,""50"":1,""6"":13,""7"":12,""8"":59,""9"":44}","{""Diagonal CMA-ES"":{""attempts"":323,""discoveries"":0,""improvements"":0,""insertions"":0,""insertion_rate"":0.0},""Immigrant"":{""attempts"":163,""discoveries"":0,""improvements"":0,""insertions"":0,""insertion_rate"":0.0},""Morphology"":{""attempts"":289,""discoveries"":0,""improvements"":2,""insertions"":2,""insertion_rate"":0.006920415224913495},""Novelty"":{""attempts"":225,""discoveries"":0,""improvements"":0,""insertions"":0,""insertion_rate"":0.0}}","{""Morphology"":200,""Novelty"":25}",0,0.9069400630914827,false,30000
38,161,162000,8.903120537999998,0.062134985000000004,0.058501915,0.001619447,0.002013623,9.456676599,80.20396,31.365341,6497.584148943424,187,0.9739583,50,4.371770613910993,51,0.2727272727272727,"{""10"":14,""11"":2,""13"":1,""15"":1,""16"":2,""17"":4,""18"":6,""19"":2,""20"":3,""21"":1,""3"":51,""4"":4,""5"":25,""6"":26,""7"":23,""8"":9,""9"":13}","{""11"":14,""12"":10,""14"":13,""15"":3,""17"":4,""18"":5,""19"":3,""20"":9,""21"":7,""22"":1,""23"":5,""25"":1,""26"":1,""28"":1,""3"":51,""32"":1,""35"":1,""37"":1,""38"":4,""39"":3,""40"":1,""41"":5,""43"":3,""5"":5,""8"":24,""9"":11}",64,"{""count"":64,""unique_topologies"":64,""topology_entropy_bits"":6.0,""effective_topology_count"":64.0,""triangle_like_count"":0,""triangle_like_fraction"":0.0,""mean_nodes"":9.375,""mean_muscles"":18.484375,""node_counts"":{""10"":14,""11"":13,""12"":6,""13"":2,""4"":1,""5"":1,""6"":4,""7"":5,""8"":11,""9"":7},""muscle_counts"":{""11"":2,""12"":4,""13"":1,""15"":7,""16"":3,""17"":2,""18"":5,""19"":6,""20"":1,""21"":9,""22"":7,""23"":2,""24"":6,""25"":3,""26"":1,""27"":1,""5"":2,""9"":2}}",160,5.591835861079299,209,0.209,"{""10"":64,""11"":32,""12"":5,""13"":8,""14"":2,""15"":5,""16"":1,""17"":5,""18"":19,""19"":13,""20"":19,""21"":8,""22"":1,""3"":209,""4"":141,""5"":117,""6"":113,""7"":91,""8"":47,""9"":100}","{""10"":3,""11"":62,""12"":43,""13"":2,""14"":42,""15"":25,""16"":6,""17"":15,""18"":47,""19"":22,""20"":46,""21"":26,""22"":10,""23"":23,""24"":13,""25"":8,""26"":9,""27"":2,""28"":9,""29"":3,""3"":209,""30"":1,""32"":7,""34"":1,""38"":5,""39"":11,""4"":62,""40"":3,""41"":17,""42"":4,""43"":19,""44"":3,""46"":2,""5"":99,""53"":1,""6"":29,""7"":12,""8"":57,""9"":42}","{""Diagonal CMA-ES"":{""attempts"":306,""discoveries"":0,""improvements"":0,""insertions"":0,""insertion_rate"":0.0},""Immigrant"":{""attempts"":158,""discoveries"":0,""improvements"":0,""insertions"":0,""insertion_rate"":0.0},""Morphology"":{""attempts"":293,""discoveries"":0,""improvements"":2,""insertions"":2,""insertion_rate"":0.006825938566552901},""Novelty"":{""attempts"":243,""discoveries"":0,""improvements"":0,""insertions"":0,""insertion_rate"":0.0}}","{""Morphology"":191,""Novelty"":26}",0,0.9070866141732283,false,31000
38,162,163000,8.961035937999998,0.0579154,0.054009257,0.001135038,0.002771105,9.517734723,80.20396,31.365341,6519.952084124088,187,0.9739583,50,4.383188158018835,50,0.26737967914438504,"{""10"":14,""11"":2,""13"":1,""15"":1,""16"":2,""17"":4,""18"":6,""19"":2,""20"":3,""21"":1,""3"":50,""4"":4,""5"":25,""6"":26,""7"":24,""8"":9,""9"":13}","{""11"":14,""12"":10,""14"":14,""15"":3,""17"":4,""18"":5,""19"":3,""20"":9,""21"":7,""22"":1,""23"":5,""25"":1,""26"":1,""28"":1,""3"":50,""32"":1,""35"":1,""37"":1,""38"":4,""39"":3,""40"":1,""41"":5,""43"":3,""5"":5,""8"":24,""9"":11}",64,"{""count"":64,""unique_topologies"":64,""topology_entropy_bits"":6.0,""effective_topology_count"":64.0,""triangle_like_count"":0,""triangle_like_fraction"":0.0,""mean_nodes"":9.375,""mean_muscles"":18.484375,""node_counts"":{""10"":14,""11"":13,""12"":6,""13"":2,""4"":1,""5"":1,""6"":4,""7"":5,""8"":11,""9"":7},""muscle_counts"":{""11"":2,""12"":4,""13"":1,""15"":7,""16"":3,""17"":2,""18"":5,""19"":6,""20"":1,""21"":9,""22"":7,""23"":2,""24"":6,""25"":3,""26"":1,""27"":1,""5"":2,""9"":2}}",174,5.569773851055234,212,0.212,"{""10"":64,""11"":31,""12"":5,""13"":8,""14"":3,""15"":6,""17"":4,""18"":20,""19"":17,""20"":17,""21"":12,""3"":212,""4"":151,""5"":111,""6"":123,""7"":113,""8"":37,""9"":66}","{""10"":3,""11"":73,""12"":53,""13"":2,""14"":58,""15"":20,""16"":3,""17"":13,""18"":15,""19"":17,""20"":42,""21"":26,""22"":8,""23"":29,""24"":13,""25"":8,""26"":10,""27"":6,""28"":7,""29"":2,""3"":212,""32"":7,""38"":4,""39"":9,""4"":77,""40"":4,""41"":24,""42"":7,""43"":16,""44"":5,""46"":1,""5"":102,""6"":16,""7"":10,""8"":59,""9"":39}","{""Diagonal CMA-ES"":{""attempts"":296,""discoveries"":0,""improvements"":0,""insertions"":0,""insertion_rate"":0.0},""Immigrant"":{""attempts"":153,""discoveries"":0,""improvements"":0,""insertions"":0,""insertion_rate"":0.0},""Morphology"":{""attempts"":317,""discoveries"":0,""improvements"":2,""insertions"":2,""insertion_rate"":0.006309148264984227},""Novelty"":{""attempts"":234,""discoveries"":0,""improvements"":0,""insertions"":0,""insertion_rate"":0.0}}","{""Morphology"":221,""Novelty"":35}",0,0.9070866141732283,false,32000
38,163,164000,9.026909659999998,0.06587372200000001,0.060858661,0.002727177,0.002287884,9.588231703,80.20396,31.365341,6519.952084124088,187,0.9739583,50,4.383188158018838,50,0.26737967914438504,"{""10"":14,""11"":2,""13"":1,""15"":1,""16"":2,""17"":4,""18"":6,""19"":2,""20"":3,""21"":1,""3"":50,""4"":4,""5"":25,""6"":26,""7"":24,""8"":9,""9"":13}","{""11"":14,""12"":10,""14"":14,""15"":3,""17"":4,""18"":5,""19"":3,""20"":9,""21"":7,""22"":1,""23"":5,""25"":1,""26"":1,""28"":1,""3"":50,""32"":1,""35"":1,""37"":1,""38"":4,""39"":3,""40"":1,""41"":5,""43"":3,""5"":5,""8"":24,""9"":11}",64,"{""count"":64,""unique_topologies"":64,""topology_entropy_bits"":6.0,""effective_topology_count"":64.0,""triangle_like_count"":0,""triangle_like_fraction"":0.0,""mean_nodes"":9.375,""mean_muscles"":18.484375,""node_counts"":{""10"":14,""11"":13,""12"":6,""13"":2,""4"":1,""5"":1,""6"":4,""7"":5,""8"":11,""9"":7},""muscle_counts"":{""11"":2,""12"":4,""13"":1,""15"":7,""16"":3,""17"":2,""18"":5,""19"":6,""20"":1,""21"":9,""22"":7,""23"":2,""24"":6,""25"":3,""26"":1,""27"":1,""5"":2,""9"":2}}",157,5.4991653403227545,215,0.215,"{""10"":67,""11"":36,""12"":5,""13"":8,""15"":6,""16"":1,""17"":3,""18"":20,""19"":10,""20"":23,""21"":13,""3"":215,""4"":128,""5"":130,""6"":103,""7"":105,""8"":58,""9"":69}","{""10"":3,""11"":57,""12"":47,""13"":2,""14"":55,""15"":28,""16"":1,""17"":19,""18"":15,""19"":23,""20"":49,""21"":28,""22"":12,""23"":27,""24"":19,""25"":7,""26"":9,""28"":11,""29"":1,""3"":215,""31"":1,""32"":5,""33"":1,""38"":3,""39"":10,""4"":59,""40"":3,""41"":18,""42"":4,""43"":24,""44"":4,""48"":1,""49"":1,""5"":110,""51"":1,""6"":13,""7"":8,""8"":68,""9"":38}","{""Diagonal CMA-ES"":{""attempts"":332,""discoveries"":0,""improvements"":0,""insertions"":0,""insertion_rate"":0.0},""Immigrant"":{""attempts"":147,""discoveries"":0,""improvements"":0,""insertions"":0,""insertion_rate"":0.0},""Morphology"":{""attempts"":285,""discoveries"":0,""improvements"":0,""insertions"":0,""insertion_rate"":0.0},""Novelty"":{""attempts"":236,""discoveries"":0,""improvements"":0,""insertions"":0,""insertion_rate"":0.0}}","{""Morphology"":191,""Novelty"":25}",0,0.9070866141732283,false,33000
38,164,165000,9.088711020999998,0.061801361,0.05685991,0.001266826,0.003674625,9.653498726,80.20396,31.365341,6536.855727732182,187,0.9739583,51,4.378058887956092,51,0.2727272727272727,"{""10"":14,""11"":2,""13"":1,""15"":1,""16"":2,""17"":4,""18"":6,""19"":2,""20"":3,""21"":1,""3"":51,""4"":4,""5"":25,""6"":25,""7"":24,""8"":9,""9"":13}","{""11"":13,""12"":10,""14"":14,""15"":3,""17"":4,""18"":5,""19"":3,""20"":9,""21"":7,""22"":1,""23"":5,""25"":1,""26"":1,""28"":1,""3"":51,""32"":1,""35"":1,""37"":1,""38"":4,""39"":3,""40"":1,""41"":4,""43"":3,""5"":5,""50"":1,""8"":24,""9"":11}",64,"{""count"":64,""unique_topologies"":64,""topology_entropy_bits"":6.0,""effective_topology_count"":64.0,""triangle_like_count"":0,""triangle_like_fraction"":0.0,""mean_nodes"":9.375,""mean_muscles"":18.484375,""node_counts"":{""10"":14,""11"":13,""12"":6,""13"":2,""4"":1,""5"":1,""6"":4,""7"":5,""8"":11,""9"":7},""muscle_counts"":{""11"":2,""12"":4,""13"":1,""15"":7,""16"":3,""17"":2,""18"":5,""19"":6,""20"":1,""21"":9,""22"":7,""23"":2,""24"":6,""25"":3,""26"":1,""27"":1,""5"":2,""9"":2}}",153,5.466498851459471,226,0.226,"{""10"":65,""11"":30,""12"":8,""13"":8,""15"":6,""17"":3,""18"":20,""19"":14,""20"":21,""21"":8,""22"":1,""3"":226,""4"":145,""5"":127,""6"":106,""7"":109,""8"":46,""9"":57}","{""10"":5,""11"":58,""12"":53,""13"":2,""14"":51,""15"":22,""16"":5,""17"":9,""18"":11,""19"":23,""20"":42,""21"":30,""22"":6,""23"":30,""24"":12,""25"":8,""26"":11,""27"":1,""28"":9,""3"":226,""32"":7,""38"":3,""39"":11,""4"":77,""40"":5,""41"":22,""42"":3,""43"":18,""44"":4,""5"":100,""50"":1,""6"":30,""7"":7,""8"":59,""9"":39}","{""Diagonal CMA-ES"":{""attempts"":291,""discoveries"":0,""improvements"":0,""insertions"":0,""insertion_rate"":0.0},""Immigrant"":{""attempts"":174,""discoveries"":0,""improvements"":0,""insertions"":0,""insertion_rate"":0.0},""Morphology"":{""attempts"":283,""discoveries"":0,""improvements"":3,""insertions"":3,""insertion_rate"":0.01060070671378092},""Novelty"":{""attempts"":252,""discoveries"":0,""improvements"":0,""insertions"":0,""insertion_rate"":0.0}}","{""Morphology"":197,""Novelty"":21}",1,0.9070866141732283,false,34000
38,165,166000,9.151506131999998,0.062795111,0.058438989,0.001190839,0.003165283,9.719639585,80.20396,31.365341,6565.922060549259,187,0.9739583,50,4.358826848803659,52,0.27807486631016043,"{""10"":13,""11"":2,""13"":1,""15"":1,""16"":2,""17"":4,""18"":6,""19"":3,""20"":4,""3"":52,""4"":4,""5"":24,""6"":25,""7"":23,""8"":10,""9"":13}","{""11"":13,""12"":10,""14"":14,""15"":2,""17"":5,""18"":5,""19"":3,""20"":9,""21"":6,""22"":1,""23"":5,""25"":1,""26"":1,""28"":1,""3"":52,""32"":1,""35"":1,""37"":1,""38"":4,""39"":3,""40"":2,""41"":4,""43"":3,""5"":5,""50"":1,""8"":23,""9"":11}",64,"{""count"":64,""unique_topologies"":64,""topology_entropy_bits"":6.0,""effective_topology_count"":64.0,""triangle_like_count"":0,""triangle_like_fraction"":0.0,""mean_nodes"":9.375,""mean_muscles"":18.484375,""node_counts"":{""10"":14,""11"":13,""12"":6,""13"":2,""4"":1,""5"":1,""6"":4,""7"":5,""8"":11,""9"":7},""muscle_counts"":{""11"":2,""12"":4,""13"":1,""15"":7,""16"":3,""17"":2,""18"":5,""19"":6,""20"":1,""21"":9,""22"":7,""23"":2,""24"":6,""25"":3,""26"":1,""27"":1,""5"":2,""9"":2}}",171,5.611798387201039,211,0.211,"{""10"":65,""11"":24,""12"":5,""13"":8,""14"":1,""15"":5,""16"":1,""17"":3,""18"":19,""19"":15,""20"":16,""21"":9,""3"":211,""4"":148,""5"":120,""6"":104,""7"":119,""8"":60,""9"":67}","{""10"":5,""11"":53,""12"":54,""13"":6,""14"":53,""15"":34,""16"":5,""17"":16,""18"":16,""19"":20,""20"":47,""21"":26,""22"":7,""23"":22,""24"":14,""25"":9,""26"":9,""27"":3,""28"":8,""3"":211,""32"":4,""33"":1,""36"":2,""38"":3,""39"":10,""4"":71,""40"":5,""41"":10,""42"":5,""43"":20,""46"":1,""5"":114,""50"":6,""51"":2,""6"":20,""7"":9,""8"":55,""9"":44}","{""Diagonal CMA-ES"":{""attempts"":303,""discoveries"":0,""improvements"":0,""insertions"":0,""insertion_rate"":0.0},""Immigrant"":{""attempts"":173,""discoveries"":0,""improvements"":0,""insertions"":0,""insertion_rate"":0.0},""Morphology"":{""attempts"":294,""discoveries"":0,""improvements"":3,""insertions"":3,""insertion_rate"":0.01020408163265306},""Novelty"":{""attempts"":230,""discoveries"":0,""improvements"":2,""insertions"":2,""insertion_rate"":0.008695652173913044}}","{""Morphology"":191,""Novelty"":25}",0,0.9070866141732283,false,35000
38,166,167000,9.216006172999998,0.06450004100000001,0.059876782,0.002411361,0.002211898,9.788290349,80.20396,31.365341,6585.137302458286,187,0.9739583,50,4.352289472497661,53,0.28342245989304815,"{""10"":13,""11"":2,""13"":1,""15"":1,""16"":2,""17"":4,""18"":6,""19"":3,""20"":4,""3"":53,""4"":4,""5"":23,""6"":25,""7"":23,""8"":10,""9"":13}","{""11"":13,""12"":10,""14"":14,""15"":2,""17"":5,""18"":5,""19"":3,""20"":9,""21"":6,""22"":1,""23"":5,""25"":1,""26"":1,""28"":1,""3"":53,""32"":1,""35"":1,""37"":1,""38"":4,""39"":3,""40"":2,""41"":4,""43"":3,""5"":5,""50"":1,""8"":22,""9"":11}",64,"{""count"":64,""unique_topologies"":64,""topology_entropy_bits"":6.0,""effective_topology_count"":64.0,""triangle_like_count"":0,""triangle_like_fraction"":0.0,""mean_nodes"":9.390625,""mean_muscles"":18.609375,""node_counts"":{""10"":14,""11"":13,""12"":6,""13"":2,""4"":1,""5"":1,""6"":4,""7"":5,""8"":10,""9"":8},""muscle_counts"":{""11"":2,""12"":4,""13"":1,""15"":7,""16"":2,""17"":2,""18"":5,""19"":6,""20"":1,""21"":9,""22"":7,""23"":2,""24"":7,""25"":3,""26"":1,""27"":1,""5"":2,""9"":2}}",172,5.531422042090506,226,0.226,"{""10"":55,""11"":27,""12"":6,""13"":7,""14"":1,""15"":5,""16"":1,""17"":2,""18"":19,""19"":21,""20"":26,""21"":8,""3"":226,""4"":125,""5"":116,""6"":101,""7"":99,""8"":63,""9"":92}","{""10"":5,""11"":50,""12"":45,""13"":6,""14"":53,""15"":20,""16"":2,""17"":20,""18"":44,""19"":22,""20"":46,""21"":21,""22"":8,""23"":27,""24"":13,""25"":8,""26"":8,""27"":1,""28"":6,""29"":1,""3"":226,""30"":1,""32"":6,""38"":2,""39"":11,""4"":78,""40"":11,""41"":16,""42"":4,""43"":21,""44"":3,""46"":2,""5"":76,""50"":5,""54"":1,""6"":20,""7"":11,""8"":58,""9"":42}","{""Diagonal CMA-ES"":{""attempts"":309,""discoveries"":0,""improvements"":1,""insertions"":1,""insertion_rate"":0.003236245954692557},""Immigrant"":{""attempts"":144,""discoveries"":0,""improvements"":0,""insertions"":0,""insertion_rate"":0.0},""Morphology"":{""attempts"":290,""discoveries"":1,""improvements"":1,""insertions"":2,""insertion_rate"":0.006896551724137931},""Novelty"":{""attempts"":257,""discoveries"":0,""improvements"":1,""insertions"":1,""insertion_rate"":0.0038910505836575876}}","{""Morphology"":200,""Novelty"":32}",1,0.9070866141732283,false,36000
38,167,168000,9.279394921999998,0.063388749,0.058973264,0.001182528,0.003232957,9.855567432,80.20396,31.365341,6608.042314589024,187,0.9739583,50,4.335507804730677,53,0.28342245989304815,"{""10"":13,""11"":2,""13"":1,""15"":1,""16"":2,""17"":4,""18"":6,""19"":3,""20"":4,""3"":53,""4"":4,""5"":23,""6"":24,""7"":24,""8"":10,""9"":13}","{""11"":12,""12"":9,""14"":16,""15"":2,""17"":5,""18"":5,""19"":3,""20"":9,""21"":6,""22"":1,""23"":5,""25"":1,""26"":1,""28"":1,""3"":53,""32"":1,""35"":1,""37"":1,""38"":4,""39"":3,""40"":2,""41"":4,""43"":3,""5"":5,""50"":1,""8"":22,""9"":11}",64,"{""count"":64,""unique_topologies"":64,""topology_entropy_bits"":6.0,""effective_topology_count"":64.0,""triangle_like_count"":0,""triangle_like_fraction"":0.0,""mean_nodes"":9.390625,""mean_muscles"":18.609375,""node_counts"":{""10"":14,""11"":13,""12"":6,""13"":2,""4"":1,""5"":1,""6"":4,""7"":5,""8"":10,""9"":8},""muscle_counts"":{""11"":2,""12"":4,""13"":1,""15"":7,""16"":2,""17"":2,""18"":5,""19"":6,""20"":1,""21"":9,""22"":7,""23"":2,""24"":7,""25"":3,""26"":1,""27"":1,""5"":2,""9"":2}}",158,5.3046819651251065,246,0.246,"{""10"":76,""11"":21,""12"":2,""13"":1,""14"":2,""15"":3,""17"":15,""18"":22,""19"":19,""20"":24,""21"":10,""3"":246,""4"":154,""5"":112,""6"":74,""7"":92,""8"":59,""9"":68}","{""10"":5,""11"":38,""12"":36,""13"":2,""14"":53,""15"":12,""16"":4,""17"":31,""18"":12,""19"":13,""20"":50,""21"":35,""22"":8,""23"":20,""24"":13,""25"":14,""26"":3,""27"":2,""28"":6,""29"":1,""3"":246,""31"":3,""32"":4,""36"":1,""38"":15,""39"":11,""4"":67,""40"":12,""41"":24,""42"":4,""43"":10,""44"":6,""46"":1,""49"":1,""5"":113,""50"":3,""51"":1,""52"":1,""53"":1,""6"":26,""7"":8,""8"":52,""9"":32}","{""Diagonal CMA-ES"":{""attempts"":271,""discoveries"":0,""improvements"":0,""insertions"":0,""insertion_rate"":0.0},""Immigrant"":{""attempts"":179,""discoveries"":0,""improvements"":0,""insertions"":0,""insertion_rate"":0.0},""Morphology"":{""attempts"":290,""discoveries"":0,""improvements"":3,""insertions"":3,""insertion_rate"":0.010344827586206896},""Novelty"":{""attempts"":260,""discoveries"":0,""improvements"":1,""insertions"":1,""insertion_rate"":0.0038461538461538464}}","{""Morphology"":203,""Novelty"":29}",0,0.9072327044025157,false,37000
38,168,169000,9.339166035999998,0.059771114,0.055788985,0.001181341,0.002800788,9.918709228,80.20396,31.365341,6610.34014326334,187,0.9739583,50,4.335507804730677,53,0.28342245989304815,"{""10"":13,""11"":2,""13"":1,""15"":1,""16"":2,""17"":4,""18"":6,""19"":3,""20"":4,""3"":53,""4"":4,""5"":23,""6"":24,""7"":24,""8"":10,""9"":13}","{""11"":12,""12"":9,""14"":16,""15"":2,""17"":5,""18"":5,""19"":3,""20"":9,""21"":6,""22"":1,""23"":5,""25"":1,""26"":1,""28"":1,""3"":53,""32"":1,""35"":1,""37"":1,""38"":4,""39"":3,""40"":2,""41"":4,""43"":3,""5"":5,""50"":1,""8"":22,""9"":11}",64,"{""count"":64,""unique_topologies"":64,""topology_entropy_bits"":6.0,""effective_topology_count"":64.0,""triangle_like_count"":0,""triangle_like_fraction"":0.0,""mean_nodes"":9.390625,""mean_muscles"":18.609375,""node_counts"":{""10"":14,""11"":13,""12"":6,""13"":2,""4"":1,""5"":1,""6"":4,""7"":5,""8"":10,""9"":8},""muscle_counts"":{""11"":2,""12"":4,""13"":1,""15"":7,""16"":2,""17"":2,""18"":5,""19"":6,""20"":1,""21"":9,""22"":7,""23"":2,""24"":7,""25"":3,""26"":1,""27"":1,""5"":2,""9"":2}}",168,5.24787340803026,150,0.15,"{""10"":69,""11"":32,""12"":4,""13"":2,""14"":1,""15"":1,""17"":11,""18"":21,""19"":18,""20"":13,""21"":6,""3"":150,""4"":101,""5"":166,""6"":196,""7"":85,""8"":72,""9"":52}","{""10"":6,""11"":77,""12"":28,""13"":3,""14"":47,""15"":18,""16"":5,""17"":42,""18"":9,""19"":10,""20"":42,""21"":39,""22"":17,""23"":30,""24"":8,""25"":4,""26"":5,""27"":2,""28"":2,""29"":1,""3"":150,""38"":11,""39"":12,""4"":54,""40"":16,""41"":13,""42"":6,""43"":8,""44"":1,""48"":1,""5"":66,""50"":1,""6"":17,""7"":9,""8"":121,""9"":119}","{""Diagonal CMA-ES"":{""attempts"":302,""discoveries"":0,""improvements"":0,""insertions"":0,""insertion_rate"":0.0},""Immigrant"":{""attempts"":126,""discoveries"":0,""improvements"":0,""insertions"":0,""insertion_rate"":0.0},""Morphology"":{""attempts"":292,""discoveries"":0,""improvements"":2,""insertions"":2,""insertion_rate"":0.00684931506849315},""Novelty"":{""attempts"":280,""discoveries"":0,""improvements"":0,""insertions"":0,""insertion_rate"":0.0}}","{""Morphology"":201,""Novelty"":29}",0,0.9072327044025157,false,38000
38,169,170000,9.402230658999999,0.063064623,0.060098803,0.001119603,0.001846217,9.985384362,80.20396,31.365341,6616.651411116123,187,0.9739583,51,4.34030244083891,53,0.28342245989304815,"{""10"":12,""11"":2,""13"":1,""15"":1,""16"":2,""17"":4,""18"":6,""19"":3,""20"":4,""3"":53,""4"":4,""5"":23,""6"":24,""7"":23,""8"":11,""9"":14}","{""11"":12,""12"":8,""14"":16,""15"":3,""17"":5,""18"":5,""19"":3,""20"":10,""21"":6,""22"":1,""23"":4,""25"":1,""26"":1,""28"":1,""3"":53,""32"":1,""35"":1,""37"":1,""38"":4,""39"":3,""40"":2,""41"":4,""43"":3,""5"":5,""50"":1,""8"":22,""9"":11}",64,"{""count"":64,""unique_topologies"":64,""topology_entropy_bits"":6.0,""effective_topology_count"":64.0,""triangle_like_count"":0,""triangle_like_fraction"":0.0,""mean_nodes"":9.390625,""mean_muscles"":18.625,""node_counts"":{""10"":15,""11"":14,""12"":5,""13"":2,""4"":1,""5"":1,""6"":4,""7"":5,""8"":10,""9"":7},""muscle_counts"":{""11"":2,""12"":4,""13"":1,""15"":7,""16"":2,""17"":2,""18"":4,""19"":7,""20"":1,""21"":9,""22"":7,""23"":2,""24"":7,""25"":3,""26"":1,""27"":1,""5"":2,""9"":2}}",167,5.249634141946902,156,0.156,"{""10"":99,""11"":36,""12"":6,""13"":3,""17"":15,""18"":18,""19"":15,""20"":10,""21"":4,""3"":156,""4"":101,""5"":160,""6"":169,""7"":88,""8"":66,""9"":54}","{""10"":8,""11"":90,""12"":22,""13"":3,""14"":54,""15"":14,""16"":4,""17"":43,""18"":14,""19"":7,""20"":36,""21"":31,""22"":11,""23"":69,""24"":18,""25"":3,""26"":6,""27"":1,""28"":3,""29"":2,""3"":156,""33"":3,""38"":15,""39"":14,""4"":61,""40"":10,""41"":11,""42"":6,""43"":3,""44"":1,""46"":1,""5"":68,""53"":1,""6"":21,""7"":16,""8"":95,""9"":79}","{""Diagonal CMA-ES"":{""attempts"":300,""discoveries"":0,""improvements"":0,""insertions"":0,""insertion_rate"":0.0},""Immigrant"":{""attempts"":148,""discoveries"":0,""improvements"":0,""insertions"":0,""insertion_rate"":0.0},""Morphology"":{""attempts"":297,""discoveries"":2,""improvements"":3,""insertions"":5,""insertion_rate"":0.016835016835016835},""Novelty"":{""attempts"":255,""discoveries"":0,""improvements"":0,""insertions"":0,""insertion_rate"":0.0}}","{""Morphology"":199,""Novelty"":27}",2,0.9073783359497645,false,39000
38,170,171000,9.465120751999999,0.062890093,0.058328573,0.001192027,0.003369493,10.051819666,80.20396,31.365341,6616.651411116123,187,0.9739583,51,4.340302440838911,53,0.28342245989304815,"{""10"":12,""11"":2,""13"":1,""15"":1,""16"":2,""17"":4,""18"":6,""19"":3,""20"":4,""3"":53,""4"":4,""5"":23,""6"":24,""7"":23,""8"":11,""9"":14}","{""11"":12,""12"":8,""14"":16,""15"":3,""17"":5,""18"":5,""19"":3,""20"":10,""21"":6,""22"":1,""23"":4,""25"":1,""26"":1,""28"":1,""3"":53,""32"":1,""35"":1,""37"":1,""38"":4,""39"":3,""40"":2,""41"":4,""43"":3,""5"":5,""50"":1,""8"":22,""9"":11}",64,"{""count"":64,""unique_topologies"":64,""topology_entropy_bits"":6.0,""effective_topology_count"":64.0,""triangle_like_count"":0,""triangle_like_fraction"":0.0,""mean_nodes"":9.390625,""mean_muscles"":18.625,""node_counts"":{""10"":15,""11"":14,""12"":5,""13"":2,""4"":1,""5"":1,""6"":4,""7"":5,""8"":10,""9"":7},""muscle_counts"":{""11"":2,""12"":4,""13"":1,""15"":7,""16"":2,""17"":2,""18"":4,""19"":7,""20"":1,""21"":9,""22"":7,""23"":2,""24"":7,""25"":3,""26"":1,""27"":1,""5"":2,""9"":2}}",154,5.15667223724022,177,0.177,"{""10"":106,""11"":34,""12"":14,""17"":16,""18"":13,""19"":11,""20"":13,""21"":6,""3"":177,""4"":93,""5"":142,""6"":173,""7"":77,""8"":65,""9"":60}","{""10"":7,""11"":81,""12"":21,""13"":1,""14"":47,""15"":16,""16"":2,""17"":38,""18"":11,""19"":11,""20"":51,""21"":30,""22"":12,""23"":75,""24"":8,""25"":10,""26"":5,""27"":5,""28"":1,""3"":177,""31"":1,""32"":2,""33"":1,""36"":1,""38"":16,""39"":11,""4"":57,""40"":10,""41"":11,""42"":3,""43"":2,""44"":3,""46"":1,""5"":58,""51"":1,""52"":1,""6"":16,""7"":9,""8"":95,""9"":92}","{""Diagonal CMA-ES"":{""attempts"":313,""discoveries"":0,""improvements"":0,""insertions"":0,""insertion_rate"":0.0},""Immigrant"":{""attempts"":145,""discoveries"":0,""improvements"":0,""insertions"":0,""insertion_rate"":0.0},""Morphology"":{""attempts"":295,""discoveries"":0,""improvements"":0,""insertions"":0,""insertion_rate"":0.0},""Novelty"":{""attempts"":247,""discoveries"":0,""improvements"":0,""insertions"":0,""insertion_rate"":0.0}}","{""Morphology"":184,""Novelty"":29}",0,0.9073783359497645,false,40000
38,171,172000,9.525240927999999,0.060120176,0.05652866,0.001575518,0.002015998,10.115355638,80.20396,31.365341,6618.785104811192,187,0.9739583,51,4.335212202979421,53,0.28342245989304815,"{""10"":12,""11"":2,""13"":1,""15"":1,""16"":2,""17"":4,""18"":6,""19"":3,""20"":4,""3"":53,""4"":4,""5"":23,""6"":24,""7"":24,""8"":11,""9"":13}","{""11"":12,""12"":8,""14"":17,""15"":3,""17"":5,""18"":5,""19"":3,""20"":9,""21"":6,""22"":1,""23"":4,""25"":1,""26"":1,""28"":1,""3"":53,""32"":1,""35"":1,""37"":1,""38"":4,""39"":3,""40"":2,""41"":4,""43"":3,""5"":5,""50"":1,""8"":22,""9"":11}",64,"{""count"":64,""unique_topologies"":64,""topology_entropy_bits"":6.0,""effective_topology_count"":64.0,""triangle_like_count"":0,""triangle_like_fraction"":0.0,""mean_nodes"":9.3125,""mean_muscles"":18.40625,""node_counts"":{""10"":15,""11"":14,""12"":5,""13"":2,""4"":2,""5"":1,""6"":4,""7"":5,""8"":10,""9"":6},""muscle_counts"":{""11"":2,""12"":4,""13"":1,""15"":7,""16"":2,""17"":2,""18"":3,""19"":7,""20"":1,""21"":9,""22"":7,""23"":2,""24"":7,""25"":3,""26"":1,""27"":1,""4"":1,""5"":2,""9"":2}}",161,5.416842425794222,214,0.214,"{""10"":75,""11"":30,""12"":7,""13"":5,""15"":2,""16"":1,""17"":13,""18"":18,""19"":23,""20"":29,""21"":6,""3"":214,""4"":136,""5"":121,""6"":95,""7"":86,""8"":71,""9"":68}","{""10"":3,""11"":48,""12"":29,""13"":4,""14"":55,""15"":20,""16"":3,""17"":34,""18"":20,""19"":17,""20"":53,""21"":46,""22"":6,""23"":19,""24"":14,""25"":5,""26"":8,""27"":3,""28"":4,""29"":2,""3"":214,""32"":2,""33"":2,""38"":13,""39"":11,""4"":69,""40"":19,""41"":24,""42"":6,""43"":10,""44"":1,""49"":1,""5"":99,""50"":3,""52"":1,""6"":22,""7"":2,""8"":65,""9"":43}","{""Diagonal CMA-ES"":{""attempts"":304,""discoveries"":0,""improvements"":0,""insertions"":0,""insertion_rate"":0.0},""Immigrant"":{""attempts"":162,""discoveries"":0,""improvements"":0,""insertions"":0,""insertion_rate"":0.0},""Morphology"":{""attempts"":303,""discoveries"":1,""improvements"":1,""insertions"":2,""insertion_rate"":0.006600660066006601},""Novelty"":{""attempts"":231,""discoveries"":0,""improvements"":0,""insertions"":0,""insertion_rate"":0.0}}","{""Morphology"":194,""Novelty"":28}",1,0.9073783359497645,false,41000
38,172,173000,9.587061283999999,0.061820356,0.058699003,0.001252578,0.001868775,10.180376894,80.20396,31.365341,6629.803216993809,187,0.9739583,51,4.31765067092013,54,0.2887700534759358,"{""10"":12,""11"":3,""13"":1,""15"":1,""16"":2,""17"":4,""18"":6,""19"":3,""20"":4,""3"":54,""4"":4,""5"":23,""6"":23,""7"":23,""8"":11,""9"":13}","{""11"":11,""12"":7,""14"":17,""15"":3,""17"":5,""18"":5,""19"":3,""20"":9,""21"":6,""22"":2,""23"":4,""25"":1,""26"":1,""28"":1,""3"":54,""32"":1,""35"":1,""37"":1,""38"":4,""39"":3,""40"":2,""41"":4,""43"":3,""5"":5,""50"":1,""8"":22,""9"":11}",64,"{""count"":64,""unique_topologies"":64,""topology_entropy_bits"":6.0,""effective_topology_count"":64.0,""triangle_like_count"":0,""triangle_like_fraction"":0.0,""mean_nodes"":9.234375,""mean_muscles"":18.25,""node_counts"":{""10"":15,""11"":14,""12"":4,""13"":2,""4"":2,""5"":1,""6"":4,""7"":6,""8"":10,""9"":6},""muscle_counts"":{""11"":2,""12"":4,""13"":1,""15"":8,""16"":2,""17"":2,""18"":3,""19"":7,""20"":1,""21"":9,""22"":7,""23"":2,""24"":7,""25"":2,""26"":1,""27"":1,""4"":1,""5"":2,""9"":2}}",164,5.491125506779459,150,0.15,"{""10"":68,""11"":30,""12"":1,""13"":6,""15"":5,""17"":3,""18"":16,""19"":16,""20"":13,""21"":10,""3"":150,""4"":137,""5"":181,""6"":165,""7"":97,""8"":54,""9"":48}","{""10"":3,""11"":118,""12"":48,""13"":2,""14"":49,""15"":26,""16"":3,""17"":17,""18"":14,""19"":13,""20"":33,""21"":18,""22"":10,""23"":42,""24"":10,""25"":5,""26"":7,""27"":2,""28"":8,""29"":4,""3"":150,""32"":3,""38"":3,""39"":8,""4"":83,""40"":9,""41"":11,""42"":7,""43"":9,""44"":4,""5"":90,""50"":5,""51"":1,""53"":1,""6"":27,""7"":6,""8"":113,""9"":38}","{""Diagonal CMA-ES"":{""attempts"":305,""discoveries"":0,""improvements"":0,""insertions"":0,""insertion_rate"":0.0},""Immigrant"":{""attempts"":140,""discoveries"":0,""improvements"":0,""insertions"":0,""insertion_rate"":0.0},""Morphology"":{""attempts"":324,""discoveries"":1,""improvements"":3,""insertions"":4,""insertion_rate"":0.012345679012345678},""Novelty"":{""attempts"":231,""discoveries"":0,""improvements"":0,""insertions"":0,""insertion_rate"":0.0}}","{""Morphology"":222,""Novelty"":23}",1,0.9076682316118936,false,42000
38,173,174000,9.647860585999998,0.060799302,0.056361258,0.001335687,0.003102357,10.244713096,80.20396,31.365341,6629.803216993809,187,0.9739583,51,4.31765067092013,54,0.2887700534759358,"{""10"":12,""11"":3,""13"":1,""15"":1,""16"":2,""17"":4,""18"":6,""19"":3,""20"":4,""3"":54,""4"":4,""5"":23,""6"":23,""7"":23,""8"":11,""9"":13}","{""11"":11,""12"":7,""14"":17,""15"":3,""17"":5,""18"":5,""19"":3,""20"":9,""21"":6,""22"":2,""23"":4,""25"":1,""26"":1,""28"":1,""3"":54,""32"":1,""35"":1,""37"":1,""38"":4,""39"":3,""40"":2,""41"":4,""43"":3,""5"":5,""50"":1,""8"":22,""9"":11}",64,"{""count"":64,""unique_topologies"":64,""topology_entropy_bits"":6.0,""effective_topology_count"":64.0,""triangle_like_count"":0,""triangle_like_fraction"":0.0,""mean_nodes"":9.328125,""mean_muscles"":18.546875,""node_counts"":{""10"":16,""11"":14,""12"":4,""13"":2,""4"":1,""5"":1,""6"":4,""7"":6,""8"":10,""9"":6},""muscle_counts"":{""11"":2,""12"":4,""13"":1,""15"":8,""16"":2,""17"":2,""18"":3,""19"":7,""20"":1,""21"":9,""22"":7,""23"":3,""24"":7,""25"":2,""26"":1,""27"":1,""5"":2,""9"":2}}",155,4.78390418518322,192,0.192,"{""10"":42,""11"":11,""12"":1,""13"":2,""15"":1,""16"":1,""17"":1,""18"":12,""19"":10,""20"":18,""21"":2,""3"":192,""4"":100,""5"":189,""6"":249,""7"":72,""8"":53,""9"":44}","{""10"":3,""11"":223,""12"":25,""13"":4,""14"":29,""15"":30,""16"":14,""17"":13,""18"":12,""19"":14,""20"":26,""21"":20,""22"":2,""23"":18,""24"":9,""25"":3,""26"":4,""28"":4,""3"":192,""32"":1,""33"":1,""38"":1,""39"":7,""4"":58,""40"":5,""41"":9,""42"":6,""43"":11,""5"":59,""50"":2,""51"":1,""52"":1,""6"":23,""7"":14,""8"":135,""9"":21}","{""Diagonal CMA-ES"":{""attempts"":311,""discoveries"":0,""improvements"":0,""insertions"":0,""insertion_rate"":0.0},""Immigrant"":{""attempts"":130,""discoveries"":0,""improvements"":0,""insertions"":0,""insertion_rate"":0.0},""Morphology"":{""attempts"":299,""discoveries"":1,""improvements"":0,""insertions"":1,""insertion_rate"":0.0033444816053511705},""Novelty"":{""attempts"":260,""discoveries"":0,""improvements"":0,""insertions"":0,""insertion_rate"":0.0}}","{""Morphology"":204,""Novelty"":31}",0,0.9076682316118936,false,43000
38,174,175000,9.710246089999998,0.062385504,0.058254965,0.001436606,0.002693933,10.311477281,80.20396,31.365341,6629.803216993809,187,0.9739583,51,4.31765067092013,54,0.2887700534759358,"{""10"":12,""11"":3,""13"":1,""15"":1,""16"":2,""17"":4,""18"":6,""19"":3,""20"":4,""3"":54,""4"":4,""5"":23,""6"":23,""7"":23,""8"":11,""9"":13}","{""11"":11,""12"":7,""14"":17,""15"":3,""17"":5,""18"":5,""19"":3,""20"":9,""21"":6,""22"":2,""23"":4,""25"":1,""26"":1,""28"":1,""3"":54,""32"":1,""35"":1,""37"":1,""38"":4,""39"":3,""40"":2,""41"":4,""43"":3,""5"":5,""50"":1,""8"":22,""9"":11}",64,"{""count"":64,""unique_topologies"":64,""topology_entropy_bits"":6.0,""effective_topology_count"":64.0,""triangle_like_count"":0,""triangle_like_fraction"":0.0,""mean_nodes"":9.328125,""mean_muscles"":18.546875,""node_counts"":{""10"":16,""11"":14,""12"":4,""13"":2,""4"":1,""5"":1,""6"":4,""7"":6,""8"":10,""9"":6},""muscle_counts"":{""11"":2,""12"":4,""13"":1,""15"":8,""16"":2,""17"":2,""18"":3,""19"":7,""20"":1,""21"":9,""22"":7,""23"":3,""24"":7,""25"":2,""26"":1,""27"":1,""5"":2,""9"":2}}",165,5.318337048015754,141,0.141,"{""10"":49,""11"":30,""13"":4,""15"":3,""17"":3,""18"":13,""19"":14,""20"":21,""21"":8,""3"":141,""4"":107,""5"":186,""6"":174,""7"":73,""8"":45,""9"":129}","{""10"":2,""11"":135,""12"":27,""14"":39,""15"":26,""16"":4,""17"":16,""18"":103,""19"":14,""20"":22,""21"":16,""22"":5,""23"":23,""24"":14,""25"":4,""26"":10,""27"":2,""28"":4,""3"":141,""32"":6,""38"":3,""39"":6,""4"":57,""40"":6,""41"":12,""42"":12,""43"":13,""44"":3,""46"":1,""5"":78,""50"":3,""6"":18,""7"":7,""8"":134,""9"":34}","{""Diagonal CMA-ES"":{""attempts"":301,""discoveries"":0,""improvements"":0,""insertions"":0,""insertion_rate"":0.0},""Immigrant"":{""attempts"":144,""discoveries"":0,""improvements"":0,""insertions"":0,""insertion_rate"":0.0},""Morphology"":{""attempts"":287,""discoveries"":0,""improvements"":0,""insertions"":0,""insertion_rate"":0.0},""Novelty"":{""attempts"":268,""discoveries"":0,""improvements"":0,""insertions"":0,""insertion_rate"":0.0}}","{""Morphology"":189,""Novelty"":35}",0,0.90625,false,44000
38,175,176000,9.770653589999998,0.0604075,0.057055815,0.001162345,0.00218934,10.374987137,80.20396,31.365341,6630.246685087681,187,0.9739583,51,4.31765067092013,54,0.2887700534759358,"{""10"":12,""11"":3,""13"":1,""15"":1,""16"":2,""17"":4,""18"":6,""19"":3,""20"":4,""3"":54,""4"":4,""5"":23,""6"":23,""7"":23,""8"":11,""9"":13}","{""11"":11,""12"":7,""14"":17,""15"":3,""17"":5,""18"":5,""19"":3,""20"":9,""21"":6,""22"":2,""23"":4,""25"":1,""26"":1,""28"":1,""3"":54,""32"":1,""35"":1,""37"":1,""38"":4,""39"":3,""40"":2,""41"":4,""43"":3,""5"":5,""50"":1,""8"":22,""9"":11}",64,"{""count"":64,""unique_topologies"":64,""topology_entropy_bits"":6.0,""effective_topology_count"":64.0,""triangle_like_count"":0,""triangle_like_fraction"":0.0,""mean_nodes"":9.328125,""mean_muscles"":18.546875,""node_counts"":{""10"":16,""11"":14,""12"":4,""13"":2,""4"":1,""5"":1,""6"":4,""7"":6,""8"":10,""9"":6},""muscle_counts"":{""11"":2,""12"":4,""13"":1,""15"":8,""16"":2,""17"":2,""18"":3,""19"":7,""20"":1,""21"":9,""22"":7,""23"":3,""24"":7,""25"":2,""26"":1,""27"":1,""5"":2,""9"":2}}",168,5.401415288142604,171,0.171,"{""10"":52,""11"":28,""12"":4,""13"":8,""15"":2,""16"":2,""17"":6,""18"":14,""19"":15,""20"":20,""21"":4,""3"":171,""4"":122,""5"":176,""6"":164,""7"":68,""8"":45,""9"":99}","{""10"":1,""11"":125,""12"":27,""13"":3,""14"":39,""15"":21,""16"":4,""17"":18,""18"":64,""19"":16,""20"":33,""21"":18,""22"":10,""23"":18,""24"":11,""25"":5,""26"":10,""27"":4,""28"":7,""3"":171,""30"":1,""31"":1,""32"":4,""38"":6,""39"":8,""4"":67,""40"":7,""41"":11,""42"":5,""43"":15,""45"":1,""46"":1,""5"":80,""50"":4,""52"":1,""6"":23,""7"":6,""8"":122,""9"":32}","{""Diagonal CMA-ES"":{""attempts"":302,""discoveries"":0,""improvements"":0,""insertions"":0,""insertion_rate"":0.0},""Immigrant"":{""attempts"":152,""discoveries"":0,""improvements"":0,""insertions"":0,""insertion_rate"":0.0},""Morphology"":{""attempts"":304,""discoveries"":0,""improvements"":1,""insertions"":1,""insertion_rate"":0.003289473684210526},""Novelty"":{""attempts"":242,""discoveries"":0,""improvements"":0,""insertions"":0,""insertion_rate"":0.0}}","{""Morphology"":201,""Novelty"":36}",0,0.906396255850234,false,45000
38,176,177000,9.832528564999999,0.06187497499999999,0.058202725,0.001329751,0.002342499,10.440586602,80.20396,31.365341,6636.868693053722,187,0.9739583,50,4.279089926925321,55,0.29411764705882354,"{""10"":12,""11"":3,""13"":1,""15"":1,""16"":2,""17"":4,""18"":6,""19"":3,""20"":4,""3"":55,""4"":4,""5"":23,""6"":23,""7"":23,""8"":11,""9"":12}","{""11"":11,""12"":7,""14"":17,""15"":3,""17"":5,""18"":5,""19"":3,""20"":8,""21"":6,""22"":2,""23"":4,""25"":1,""26"":1,""28"":1,""3"":55,""32"":1,""35"":1,""37"":1,""38"":4,""39"":3,""40"":2,""41"":4,""43"":3,""5"":5,""50"":1,""8"":22,""9"":11}",64,"{""count"":64,""unique_topologies"":64,""topology_entropy_bits"":6.0,""effective_topology_count"":64.0,""triangle_like_count"":0,""triangle_like_fraction"":0.0,""mean_nodes"":9.34375,""mean_muscles"":18.59375,""node_counts"":{""10"":15,""11"":15,""12"":4,""13"":2,""4"":1,""5"":1,""6"":4,""7"":6,""8"":10,""9"":6},""muscle_counts"":{""11"":2,""12"":4,""13"":1,""15"":8,""16"":2,""17"":2,""18"":3,""19"":7,""20"":1,""21"":8,""22"":7,""23"":3,""24"":8,""25"":2,""26"":1,""27"":1,""5"":2,""9"":2}}",189,5.7460244984830195,207,0.207,"{""10"":58,""11"":38,""12"":8,""13"":8,""14"":2,""15"":7,""17"":2,""18"":20,""19"":20,""20"":28,""21"":9,""3"":207,""4"":127,""5"":117,""6"":112,""7"":110,""8"":69,""9"":58}","{""10"":5,""11"":53,""12"":44,""13"":10,""14"":58,""15"":21,""16"":8,""17"":30,""18"":20,""19"":17,""20"":37,""21"":20,""22"":9,""23"":27,""24"":16,""25"":10,""26"":10,""27"":2,""28"":12,""3"":207,""30"":1,""32"":6,""33"":1,""38"":2,""39"":10,""4"":66,""40"":10,""41"":17,""42"":10,""43"":19,""46"":1,""49"":2,""5"":92,""50"":7,""52"":1,""6"":14,""7"":11,""8"":62,""9"":52}","{""Diagonal CMA-ES"":{""attempts"":280,""discoveries"":0,""improvements"":1,""insertions"":1,""insertion_rate"":0.0035714285714285713},""Immigrant"":{""attempts"":135,""discoveries"":0,""improvements"":0,""insertions"":0,""insertion_rate"":0.0},""Morphology"":{""attempts"":326,""discoveries"":1,""improvements"":2,""insertions"":3,""insertion_rate"":0.009202453987730062},""Novelty"":{""attempts"":259,""discoveries"":0,""improvements"":0,""insertions"":0,""insertion_rate"":0.0}}","{""Morphology"":222,""Novelty"":29}",1,0.906396255850234,false,46000
38,177,178000,9.901226824999998,0.06869826,0.064922717,0.001468662,0.002306881,10.513696786,80.20396,31.528246,6666.388722121716,187,0.9739583,50,4.263056448669482,56,0.2994652406417112,"{""10"":13,""11"":3,""13"":1,""15"":1,""16"":2,""17"":4,""18"":6,""19"":3,""20"":4,""3"":56,""4"":4,""5"":23,""6"":22,""7"":22,""8"":11,""9"":12}","{""11"":11,""12"":6,""14"":17,""15"":3,""17"":5,""18"":5,""19"":3,""20"":8,""21"":7,""22"":2,""23"":4,""25"":1,""26"":1,""28"":1,""3"":56,""32"":1,""35"":1,""37"":1,""38"":4,""39"":3,""40"":2,""41"":4,""43"":3,""5"":5,""50"":1,""8"":22,""9"":10}",64,"{""count"":64,""unique_topologies"":64,""topology_entropy_bits"":6.0,""effective_topology_count"":64.0,""triangle_like_count"":0,""triangle_like_fraction"":0.0,""mean_nodes"":9.34375,""mean_muscles"":18.59375,""node_counts"":{""10"":15,""11"":15,""12"":4,""13"":2,""4"":1,""5"":1,""6"":4,""7"":6,""8"":10,""9"":6},""muscle_counts"":{""11"":2,""12"":4,""13"":1,""15"":8,""16"":2,""17"":2,""18"":3,""19"":7,""20"":1,""21"":8,""22"":7,""23"":3,""24"":8,""25"":2,""26"":1,""27"":1,""5"":2,""9"":2}}",160,5.357128963907063,226,0.226,"{""10"":61,""11"":29,""12"":19,""13"":4,""15"":2,""16"":1,""17"":13,""18"":14,""19"":17,""20"":18,""21"":7,""3"":226,""4"":118,""5"":125,""6"":94,""7"":107,""8"":91,""9"":54}","{""10"":6,""11"":54,""12"":33,""13"":8,""14"":66,""15"":22,""16"":1,""17"":49,""18"":14,""19"":13,""20"":38,""21"":42,""22"":6,""23"":16,""24"":12,""25"":14,""26"":11,""27"":5,""28"":5,""29"":4,""3"":226,""32"":4,""33"":1,""36"":1,""38"":13,""39"":8,""4"":62,""40"":9,""41"":15,""42"":5,""43"":10,""44"":4,""45"":1,""5"":80,""50"":2,""51"":1,""54"":1,""6"":19,""7"":8,""8"":74,""9"":37}","{""Diagonal CMA-ES"":{""attempts"":312,""discoveries"":0,""improvements"":0,""insertions"":0,""insertion_rate"":0.0},""Immigrant"":{""attempts"":150,""discoveries"":0,""improvements"":0,""insertions"":0,""insertion_rate"":0.0},""Morphology"":{""attempts"":269,""discoveries"":0,""improvements"":5,""insertions"":5,""insertion_rate"":0.01858736059479554},""Novelty"":{""attempts"":269,""discoveries"":0,""improvements"":0,""insertions"":0,""insertion_rate"":0.0}}","{""Morphology"":186,""Novelty"":37}",0,0.906396255850234,false,47000
38,178,179000,9.961799356999999,0.060572532,0.057362133,0.001171843,0.002038556,10.578270444,91.518845,31.528246,6696.056421935558,187,0.9739583,50,4.263056448669482,56,0.2994652406417112,"{""10"":13,""11"":3,""13"":1,""15"":1,""16"":2,""17"":4,""18"":6,""19"":3,""20"":4,""3"":56,""4"":4,""5"":23,""6"":22,""7"":22,""8"":11,""9"":12}","{""11"":11,""12"":6,""14"":17,""15"":3,""17"":5,""18"":5,""19"":3,""20"":8,""21"":7,""22"":2,""23"":4,""25"":1,""26"":1,""28"":1,""3"":56,""32"":1,""35"":1,""37"":1,""38"":4,""39"":3,""40"":2,""41"":4,""43"":3,""5"":5,""50"":1,""8"":22,""9"":10}",64,"{""count"":64,""unique_topologies"":64,""topology_entropy_bits"":6.0,""effective_topology_count"":64.0,""triangle_like_count"":0,""triangle_like_fraction"":0.0,""mean_nodes"":9.390625,""mean_muscles"":18.671875,""node_counts"":{""10"":15,""11"":16,""12"":5,""13"":1,""4"":1,""5"":1,""6"":4,""7"":5,""8"":10,""9"":6},""muscle_counts"":{""11"":2,""12"":3,""13"":1,""15"":8,""16"":2,""17"":2,""18"":4,""19"":7,""20"":1,""21"":8,""22"":7,""23"":3,""24"":9,""25"":1,""26"":1,""27"":1,""5"":2,""9"":2}}",163,5.3296819120903605,240,0.24,"{""10"":79,""11"":27,""12"":8,""13"":4,""14"":1,""15"":2,""16"":1,""17"":11,""18"":12,""19"":17,""20"":26,""21"":7,""3"":240,""4"":134,""5"":120,""6"":90,""7"":88,""8"":71,""9"":62}","{""10"":6,""11"":51,""12"":22,""14"":61,""15"":20,""16"":2,""17"":31,""18"":18,""19"":17,""20"":48,""21"":49,""22"":7,""23"":23,""24"":15,""25"":8,""26"":6,""27"":3,""28"":5,""29"":1,""3"":240,""32"":4,""33"":1,""38"":10,""39"":4,""4"":70,""40"":10,""41"":22,""42"":8,""43"":11,""44"":4,""46"":1,""5"":85,""50"":3,""6"":25,""7"":9,""8"":66,""9"":34}","{""Diagonal CMA-ES"":{""attempts"":294,""discoveries"":0,""improvements"":0,""insertions"":0,""insertion_rate"":0.0},""Immigrant"":{""attempts"":153,""discoveries"":0,""improvements"":0,""insertions"":0,""insertion_rate"":0.0},""Morphology"":{""attempts"":306,""discoveries"":4,""improvements"":3,""insertions"":7,""insertion_rate"":0.02287581699346405},""Novelty"":{""attempts"":247,""discoveries"":0,""improvements"":0,""insertions"":0,""insertion_rate"":0.0}}","{""Morphology"":198,""Novelty"":28}",3,0.906396255850234,true,48000
38,179,180000,10.024503051999998,0.062703695,0.058617085,0.001517341,0.002569269,10.645118925,91.518845,31.528246,6711.453358352184,187,0.9739583,50,4.256345584413889,56,0.2994652406417112,"{""10"":13,""11"":3,""13"":1,""15"":1,""16"":2,""17"":4,""18"":6,""19"":3,""20"":4,""3"":56,""4"":4,""5"":23,""6"":22,""7"":23,""8"":11,""9"":11}","{""11"":11,""12"":6,""14"":18,""15"":3,""17"":5,""18"":5,""19"":3,""20"":7,""21"":7,""22"":2,""23"":4,""25"":1,""26"":1,""28"":1,""3"":56,""32"":1,""35"":1,""37"":1,""38"":4,""39"":3,""40"":2,""41"":4,""43"":3,""5"":5,""50"":1,""8"":22,""9"":10}",64,"{""count"":64,""unique_topologies"":64,""topology_entropy_bits"":6.0,""effective_topology_count"":64.0,""triangle_like_count"":0,""triangle_like_fraction"":0.0,""mean_nodes"":9.375,""mean_muscles"":18.578125,""node_counts"":{""10"":15,""11"":16,""12"":5,""13"":1,""4"":1,""5"":1,""6"":4,""7"":6,""8"":9,""9"":6},""muscle_counts"":{""11"":3,""12"":3,""13"":1,""15"":8,""16"":2,""17"":1,""18"":4,""19"":7,""20"":1,""21"":8,""22"":7,""23"":3,""24"":9,""25"":1,""26"":1,""27"":1,""5"":2,""9"":2}}",166,5.365192705178075,241,0.241,"{""10"":73,""11"":21,""12"":11,""13"":9,""15"":3,""17"":9,""18"":26,""19"":22,""20"":21,""21"":4,""3"":241,""4"":131,""5"":103,""6"":95,""7"":94,""8"":73,""9"":64}","{""10"":5,""11"":56,""12"":27,""14"":63,""15"":15,""16"":2,""17"":38,""18"":17,""19"":17,""20"":47,""21"":43,""22"":3,""23"":23,""24"":20,""25"":8,""26"":5,""27"":5,""28"":7,""3"":241,""30"":1,""31"":2,""32"":3,""38"":9,""39"":16,""4"":75,""40"":19,""41"":19,""42"":6,""43"":9,""5"":85,""50"":3,""56"":1,""6"":22,""7"":5,""8"":47,""9"":36}","{""Diagonal CMA-ES"":{""attempts"":303,""discoveries"":0,""improvements"":0,""insertions"":0,""insertion_rate"":0.0},""Immigrant"":{""attempts"":164,""discoveries"":0,""improvements"":0,""insertions"":0,""insertion_rate"":0.0},""Morphology"":{""attempts"":288,""discoveries"":1,""improvements"":4,""insertions"":5,""insertion_rate"":0.017361111111111112},""Novelty"":{""attempts"":245,""discoveries"":0,""improvements"":0,""insertions"":0,""insertion_rate"":0.0}}","{""Morphology"":192,""Novelty"":30}",1,0.9065420560747663,false,1000
38,180,181000,10.086881433999999,0.062378382,0.058494796,0.001335688,0.002547898,10.711345273,91.518845,31.593628,6727.055237472057,187,0.9739583,51,4.257061017000559,57,0.3048128342245989,"{""10"":13,""11"":3,""13"":1,""15"":1,""16"":2,""17"":3,""18"":6,""19"":4,""20"":4,""3"":57,""4"":4,""5"":23,""6"":22,""7"":22,""8"":11,""9"":11}","{""11"":11,""12"":6,""14"":17,""15"":3,""17"":5,""18"":5,""19"":3,""20"":7,""21"":7,""22"":2,""23"":4,""25"":1,""26"":1,""28"":1,""3"":57,""32"":1,""35"":1,""37"":1,""38"":3,""39"":3,""40"":2,""41"":4,""43"":3,""5"":5,""50"":1,""51"":1,""8"":22,""9"":10}",64,"{""count"":64,""unique_topologies"":64,""topology_entropy_bits"":6.0,""effective_topology_count"":64.0,""triangle_like_count"":0,""triangle_like_fraction"":0.0,""mean_nodes"":9.421875,""mean_muscles"":18.71875,""node_counts"":{""10"":15,""11"":16,""12"":6,""13"":1,""4"":2,""5"":1,""6"":3,""7"":5,""8"":9,""9"":6},""muscle_counts"":{""11"":2,""12"":3,""13"":1,""15"":8,""16"":2,""17"":1,""18"":4,""19"":7,""20"":1,""21"":8,""22"":7,""23"":3,""24"":9,""25"":2,""26"":1,""27"":1,""4"":1,""5"":2,""9"":1}}",162,5.2254055026344615,253,0.253,"{""10"":63,""11"":21,""12"":4,""13"":4,""14"":2,""15"":3,""16"":1,""17"":11,""18"":25,""19"":22,""20"":18,""21"":3,""3"":253,""4"":110,""5"":112,""6"":77,""7"":127,""8"":82,""9"":62}","{""10"":6,""11"":55,""12"":26,""13"":2,""14"":95,""15"":32,""16"":2,""17"":25,""18"":11,""19"":15,""20"":53,""21"":42,""22"":4,""23"":19,""24"":10,""25"":5,""26"":5,""27"":2,""28"":5,""29"":1,""3"":253,""32"":3,""33"":1,""35"":1,""37"":1,""38"":11,""39"":11,""4"":59,""40"":14,""41"":20,""42"":4,""43"":10,""44"":2,""46"":1,""49"":1,""5"":76,""50"":3,""51"":1,""52"":1,""6"":24,""7"":9,""8"":54,""9"":25}","{""Diagonal CMA-ES"":{""attempts"":312,""discoveries"":0,""improvements"":0,""insertions"":0,""insertion_rate"":0.0},""Immigrant"":{""attempts"":150,""discoveries"":0,""improvements"":0,""insertions"":0,""insertion_rate"":0.0},""Morphology"":{""attempts"":281,""discoveries"":2,""improvements"":3,""insertions"":5,""insertion_rate"":0.017793594306049824},""Novelty"":{""attempts"":257,""discoveries"":0,""improvements"":0,""insertions"":0,""insertion_rate"":0.0}}","{""Morphology"":185,""Novelty"":36}",3,0.9065420560747663,false,2000
38,181,182000,10.152566382999998,0.065684949,0.061886848,0.001727489,0.002070612,10.780861567,91.518845,31.593628,6727.0779520869255,187,0.9739583,50,4.239707474231382,57,0.3048128342245989,"{""10"":13,""11"":3,""13"":1,""15"":1,""16"":2,""17"":3,""18"":6,""19"":4,""20"":4,""3"":57,""4"":4,""5"":23,""6"":22,""7"":22,""8"":11,""9"":11}","{""11"":11,""12"":6,""14"":17,""15"":3,""17"":5,""18"":5,""19"":3,""20"":7,""21"":7,""22"":2,""23"":4,""25"":1,""26"":1,""28"":1,""3"":57,""32"":1,""35"":1,""37"":1,""38"":3,""39"":3,""40"":2,""41"":3,""43"":4,""5"":5,""50"":1,""51"":1,""8"":22,""9"":10}",64,"{""count"":64,""unique_topologies"":64,""topology_entropy_bits"":6.0,""effective_topology_count"":64.0,""triangle_like_count"":0,""triangle_like_fraction"":0.0,""mean_nodes"":9.4375,""mean_muscles"":18.734375,""node_counts"":{""10"":15,""11"":16,""12"":6,""13"":1,""4"":1,""5"":2,""6"":3,""7"":5,""8"":9,""9"":6},""muscle_counts"":{""11"":2,""12"":3,""13"":1,""15"":8,""16"":2,""17"":1,""18"":4,""19"":7,""20"":1,""21"":8,""22"":7,""23"":3,""24"":9,""25"":2,""26"":1,""27"":1,""5"":3,""9"":1}}",175,5.5112588277525525,222,0.222,"{""10"":52,""11"":18,""12"":4,""13"":11,""14"":1,""15"":4,""17"":5,""18"":35,""19"":42,""20"":32,""21"":10,""3"":222,""4"":145,""5"":111,""6"":96,""7"":95,""8"":68,""9"":49}","{""10"":4,""11"":46,""12"":28,""13"":1,""14"":67,""15"":22,""16"":4,""17"":31,""18"":6,""19"":15,""20"":40,""21"":27,""22"":8,""23"":20,""24"":7,""25"":6,""26"":8,""27"":3,""28"":8,""29"":2,""3"":222,""32"":1,""34"":1,""36"":2,""38"":5,""39"":24,""4"":79,""40"":20,""41"":27,""42"":12,""43"":9,""44"":3,""5"":92,""50"":3,""51"":11,""52"":4,""53"":3,""55"":3,""6"":26,""7"":5,""8"":53,""9"":42}","{""Diagonal CMA-ES"":{""attempts"":272,""discoveries"":0,""improvements"":0,""insertions"":0,""insertion_rate"":0.0},""Immigrant"":{""attempts"":153,""discoveries"":0,""improvements"":0,""insertions"":0,""insertion_rate"":0.0},""Morphology"":{""attempts"":312,""discoveries"":1,""improvements"":1,""insertions"":2,""insertion_rate"":0.00641025641025641},""Novelty"":{""attempts"":263,""discoveries"":0,""improvements"":1,""insertions"":1,""insertion_rate"":0.0038022813688212928}}","{""Morphology"":216,""Novelty"":37}",1,0.9069767441860465,false,3000
38,182,183000,10.221815540999998,0.06924915799999999,0.063563285,0.001397426,0.004288447,10.854079793,91.518845,31.593628,6769.454725921154,187,0.9739583,49,4.224043772719782,58,0.31016042780748665,"{""10"":13,""11"":3,""13"":1,""15"":1,""16"":1,""17"":3,""18"":6,""19"":5,""20"":4,""3"":58,""4"":4,""5"":22,""6"":22,""7"":21,""8"":11,""9"":12}","{""11"":11,""12"":5,""14"":17,""15"":3,""17"":5,""18"":6,""19"":3,""20"":7,""21"":7,""22"":2,""23"":4,""25"":1,""26"":1,""28"":1,""3"":58,""32"":1,""35"":1,""38"":3,""39"":3,""40"":2,""41"":3,""43"":4,""5"":5,""50"":1,""51"":2,""8"":21,""9"":10}",64,"{""count"":64,""unique_topologies"":64,""topology_entropy_bits"":6.0,""effective_topology_count"":64.0,""triangle_like_count"":0,""triangle_like_fraction"":0.0,""mean_nodes"":9.5,""mean_muscles"":18.9375,""node_counts"":{""10"":15,""11"":16,""12"":6,""13"":1,""4"":1,""5"":1,""6"":3,""7"":5,""8"":9,""9"":7},""muscle_counts"":{""11"":2,""12"":3,""13"":1,""15"":8,""16"":2,""17"":1,""18"":5,""19"":7,""20"":1,""21"":8,""22"":7,""23"":3,""24"":9,""25"":2,""26"":1,""27"":1,""5"":2,""9"":1}}",161,5.504711057160177,227,0.227,"{""10"":51,""11"":23,""12"":5,""13"":9,""15"":6,""17"":4,""18"":22,""19"":26,""20"":26,""21"":3,""3"":227,""4"":124,""5"":115,""6"":137,""7"":103,""8"":62,""9"":57}","{""10"":4,""11"":67,""12"":37,""13"":3,""14"":60,""15"":37,""16"":1,""17"":16,""18"":16,""19"":16,""20"":41,""21"":23,""22"":5,""23"":18,""24"":8,""25"":11,""26"":8,""27"":1,""28"":9,""3"":227,""32"":7,""38"":4,""39"":8,""4"":61,""40"":9,""41"":14,""42"":7,""43"":22,""44"":3,""46"":1,""48"":1,""49"":1,""5"":94,""50"":7,""51"":2,""52"":1,""6"":25,""62"":1,""7"":15,""8"":57,""9"":52}","{""Diagonal CMA-ES"":{""attempts"":306,""discoveries"":0,""improvements"":1,""insertions"":1,""insertion_rate"":0.0032679738562091504},""Immigrant"":{""attempts"":148,""discoveries"":0,""improvements"":0,""insertions"":0,""insertion_rate"":0.0},""Morphology"":{""attempts"":307,""discoveries"":1,""improvements"":3,""insertions"":4,""insertion_rate"":0.013029315960912053},""Novelty"":{""attempts"":239,""discoveries"":0,""improvements"":0,""insertions"":0,""insertion_rate"":0.0}}","{""Morphology"":196,""Novelty"":37}",1,0.9055727554179567,false,4000
38,183,184000,10.290818930999999,0.06900339000000001,0.065534165,0.001415235,0.00205399,10.928921028,91.518845,31.593628,6771.127758681774,187,0.9739583,49,4.2240437727197815,58,0.31016042780748665,"{""10"":13,""11"":3,""13"":1,""15"":1,""16"":1,""17"":3,""18"":5,""19"":6,""20"":4,""3"":58,""4"":4,""5"":22,""6"":22,""7"":21,""8"":11,""9"":12}","{""11"":11,""12"":5,""14"":17,""15"":3,""17"":5,""18"":6,""19"":3,""20"":7,""21"":7,""22"":2,""23"":4,""25"":1,""26"":1,""28"":1,""3"":58,""32"":1,""35"":1,""38"":3,""39"":3,""40"":3,""41"":2,""43"":4,""5"":5,""50"":1,""51"":2,""8"":21,""9"":10}",64,"{""count"":64,""unique_topologies"":64,""topology_entropy_bits"":6.0,""effective_topology_count"":64.0,""triangle_like_count"":0,""triangle_like_fraction"":0.0,""mean_nodes"":9.53125,""mean_muscles"":19.0625,""node_counts"":{""10"":16,""11"":16,""12"":6,""13"":1,""4"":1,""5"":1,""6"":3,""7"":5,""8"":8,""9"":7},""muscle_counts"":{""11"":2,""12"":3,""15"":8,""16"":2,""17"":1,""18"":5,""19"":7,""20"":1,""21"":9,""22"":7,""23"":3,""24"":9,""25"":2,""26"":1,""27"":1,""5"":2,""9"":1}}",158,5.276803964364966,195,0.195,"{""10"":84,""11"":16,""12"":5,""13"":6,""15"":1,""16"":1,""17"":3,""18"":33,""19"":115,""20"":23,""21"":2,""3"":195,""4"":133,""5"":91,""6"":76,""7"":72,""8"":66,""9"":78}","{""10"":1,""11"":47,""12"":11,""13"":2,""14"":64,""15"":14,""17"":37,""18"":25,""19"":22,""20"":54,""21"":46,""22"":4,""23"":14,""24"":8,""25"":8,""26"":5,""27"":4,""28"":7,""3"":195,""31"":2,""32"":2,""33"":1,""34"":1,""38"":3,""39"":15,""4"":87,""40"":12,""41"":21,""42"":6,""43"":5,""44"":2,""46"":1,""48"":1,""5"":65,""50"":2,""51"":92,""52"":7,""53"":1,""54"":2,""55"":4,""6"":19,""65"":2,""7"":3,""8"":49,""9"":27}","{""Diagonal CMA-ES"":{""attempts"":304,""discoveries"":0,""improvements"":0,""insertions"":0,""insertion_rate"":0.0},""Immigrant"":{""attempts"":146,""discoveries"":0,""improvements"":0,""insertions"":0,""insertion_rate"":0.0},""Morphology"":{""attempts"":286,""discoveries"":1,""improvements"":3,""insertions"":4,""insertion_rate"":0.013986013986013986},""Novelty"":{""attempts"":264,""discoveries"":0,""improvements"":0,""insertions"":0,""insertion_rate"":0.0}}","{""Morphology"":201,""Novelty"":36}",2,0.9044684129429892,false,5000
38,184,185000,10.360787579999998,0.06996864900000001,0.066297585,0.00131313,0.002357934,11.002950164,91.518845,31.593628,6773.147747695446,187,0.9739583,49,4.224043772719779,58,0.31016042780748665,"{""10"":13,""11"":3,""13"":1,""15"":1,""16"":1,""17"":3,""18"":5,""19"":6,""20"":4,""3"":58,""4"":4,""5"":22,""6"":22,""7"":21,""8"":11,""9"":12}","{""11"":11,""12"":5,""14"":17,""15"":3,""17"":5,""18"":6,""19"":3,""20"":7,""21"":7,""22"":2,""23"":4,""25"":1,""26"":1,""28"":1,""3"":58,""32"":1,""35"":1,""38"":3,""39"":3,""40"":3,""41"":2,""43"":4,""5"":5,""50"":1,""51"":2,""8"":21,""9"":10}",64,"{""count"":64,""unique_topologies"":64,""topology_entropy_bits"":6.0,""effective_topology_count"":64.0,""triangle_like_count"":0,""triangle_like_fraction"":0.0,""mean_nodes"":9.53125,""mean_muscles"":19.0625,""node_counts"":{""10"":16,""11"":16,""12"":6,""13"":1,""4"":1,""5"":1,""6"":3,""7"":5,""8"":8,""9"":7},""muscle_counts"":{""11"":2,""12"":3,""15"":8,""16"":2,""17"":1,""18"":5,""19"":7,""20"":1,""21"":9,""22"":7,""23"":3,""24"":9,""25"":2,""26"":1,""27"":1,""5"":2,""9"":1}}",175,5.459315075192101,221,0.221,"{""10"":74,""11"":29,""12"":5,""13"":8,""15"":3,""17"":1,""18"":24,""19"":44,""20"":28,""21"":3,""3"":221,""4"":126,""5"":117,""6"":104,""7"":87,""8"":70,""9"":56}","{""10"":3,""11"":67,""12"":15,""13"":1,""14"":72,""15"":26,""16"":2,""17"":30,""18"":13,""19"":15,""20"":41,""21"":55,""22"":8,""23"":14,""24"":16,""25"":5,""26"":8,""27"":2,""28"":5,""29"":1,""3"":221,""31"":1,""32"":3,""33"":1,""36"":1,""38"":1,""39"":8,""4"":74,""40"":16,""41"":23,""42"":8,""43"":14,""44"":3,""48"":1,""5"":79,""50"":2,""51"":18,""52"":5,""6"":22,""63"":1,""7"":11,""8"":57,""9"":31}","{""Diagonal CMA-ES"":{""attempts"":264,""discoveries"":0,""improvements"":0,""insertions"":0,""insertion_rate"":0.0},""Immigrant"":{""attempts"":147,""discoveries"":0,""improvements"":0,""insertions"":0,""insertion_rate"":0.0},""Morphology"":{""attempts"":323,""discoveries"":0,""improvements"":1,""insertions"":1,""insertion_rate"":0.0030959752321981426},""Novelty"":{""attempts"":266,""discoveries"":0,""improvements"":0,""insertions"":0,""insertion_rate"":0.0}}","{""Morphology"":210,""Novelty"":28}",0,0.9030769230769231,false,6000
38,185,186000,10.425434847999998,0.064647268,0.061738438,0.001089921,0.001818909,11.070995422,91.518845,31.593628,6773.147747695446,187,0.9739583,49,4.2240437727197815,58,0.31016042780748665,"{""10"":13,""11"":3,""13"":1,""15"":1,""16"":1,""17"":3,""18"":5,""19"":6,""20"":4,""3"":58,""4"":4,""5"":22,""6"":22,""7"":21,""8"":11,""9"":12}","{""11"":11,""12"":5,""14"":17,""15"":3,""17"":5,""18"":6,""19"":3,""20"":7,""21"":7,""22"":2,""23"":4,""25"":1,""26"":1,""28"":1,""3"":58,""32"":1,""35"":1,""38"":3,""39"":3,""40"":3,""41"":2,""43"":4,""5"":5,""50"":1,""51"":2,""8"":21,""9"":10}",64,"{""count"":64,""unique_topologies"":64,""topology_entropy_bits"":6.0,""effective_topology_count"":64.0,""triangle_like_count"":0,""triangle_like_fraction"":0.0,""mean_nodes"":9.53125,""mean_muscles"":19.0625,""node_counts"":{""10"":16,""11"":16,""12"":6,""13"":1,""4"":1,""5"":1,""6"":3,""7"":5,""8"":8,""9"":7},""muscle_counts"":{""11"":2,""12"":3,""15"":8,""16"":2,""17"":1,""18"":5,""19"":7,""20"":1,""21"":9,""22"":7,""23"":3,""24"":9,""25"":2,""26"":1,""27"":1,""5"":2,""9"":1}}",157,5.391597172839343,223,0.223,"{""10"":63,""11"":21,""12"":4,""13"":9,""15"":4,""17"":2,""18"":29,""19"":51,""20"":23,""21"":2,""3"":223,""4"":146,""5"":108,""6"":92,""7"":91,""8"":79,""9"":53}","{""10"":1,""11"":57,""12"":20,""13"":1,""14"":70,""15"":22,""16"":2,""17"":42,""18"":17,""19"":15,""20"":38,""21"":39,""22"":5,""23"":15,""24"":14,""25"":7,""26"":7,""27"":3,""28"":6,""3"":223,""32"":3,""38"":2,""39"":12,""4"":77,""40"":22,""41"":21,""42"":9,""43"":14,""44"":2,""46"":2,""5"":91,""50"":4,""51"":13,""52"":3,""53"":1,""55"":2,""6"":25,""7"":8,""8"":53,""9"":32}","{""Diagonal CMA-ES"":{""attempts"":281,""discoveries"":0,""improvements"":0,""insertions"":0,""insertion_rate"":0.0},""Immigrant"":{""attempts"":151,""discoveries"":0,""improvements"":0,""insertions"":0,""insertion_rate"":0.0},""Morphology"":{""attempts"":307,""discoveries"":0,""improvements"":0,""insertions"":0,""insertion_rate"":0.0},""Novelty"":{""attempts"":261,""discoveries"":0,""improvements"":0,""insertions"":0,""insertion_rate"":0.0}}","{""Morphology"":207,""Novelty"":31}",0,0.9032258064516129,false,7000
38,186,187000,10.487443985999999,0.062009138,0.05880705,0.001067363,0.002134725,11.136084358,91.518845,31.593628,6792.768513381481,187,0.9739583,49,4.224043772719782,58,0.31016042780748665,"{""10"":13,""11"":3,""13"":1,""15"":1,""16"":1,""17"":3,""18"":5,""19"":6,""20"":4,""3"":58,""4"":4,""5"":22,""6"":22,""7"":21,""8"":11,""9"":12}","{""11"":11,""12"":5,""14"":17,""15"":3,""17"":5,""18"":6,""19"":3,""20"":7,""21"":7,""22"":2,""23"":4,""25"":1,""26"":1,""28"":1,""3"":58,""32"":1,""35"":1,""38"":3,""39"":3,""40"":3,""41"":2,""43"":4,""5"":5,""50"":1,""51"":2,""8"":21,""9"":10}",64,"{""count"":64,""unique_topologies"":64,""topology_entropy_bits"":6.0,""effective_topology_count"":64.0,""triangle_like_count"":0,""triangle_like_fraction"":0.0,""mean_nodes"":9.59375,""mean_muscles"":19.1875,""node_counts"":{""10"":16,""11"":16,""12"":6,""13"":2,""4"":1,""5"":1,""6"":3,""7"":5,""8"":8,""9"":6},""muscle_counts"":{""11"":2,""12"":3,""15"":8,""16"":2,""17"":1,""18"":4,""19"":7,""20"":1,""21"":9,""22"":7,""23"":3,""24"":9,""25"":2,""26"":2,""27"":1,""5"":2,""9"":1}}",162,5.2641008970980705,261,0.261,"{""10"":55,""11"":20,""12"":1,""13"":5,""14"":1,""15"":3,""17"":3,""18"":25,""19"":39,""20"":17,""21"":3,""3"":261,""4"":133,""5"":123,""6"":78,""7"":107,""8"":85,""9"":41}","{""10"":5,""11"":43,""12"":27,""13"":3,""14"":77,""15"":28,""16"":4,""17"":38,""18"":17,""19"":19,""20"":27,""21"":33,""22"":6,""23"":15,""24"":5,""25"":4,""26"":6,""27"":1,""28"":4,""3"":261,""32"":5,""38"":3,""39"":12,""4"":76,""40"":18,""41"":17,""42"":2,""43"":10,""44"":1,""45"":2,""46"":1,""5"":83,""50"":2,""51"":14,""52"":2,""54"":1,""55"":2,""6"":29,""7"":11,""8"":56,""9"":30}","{""Diagonal CMA-ES"":{""attempts"":284,""discoveries"":0,""improvements"":0,""insertions"":0,""insertion_rate"":0.0},""Immigrant"":{""attempts"":166,""discoveries"":0,""improvements"":0,""insertions"":0,""insertion_rate"":0.0},""Morphology"":{""attempts"":288,""discoveries"":1,""improvements"":2,""insertions"":3,""insertion_rate"":0.010416666666666666},""Novelty"":{""attempts"":262,""discoveries"":0,""improvements"":0,""insertions"":0,""insertion_rate"":0.0}}","{""Morphology"":193,""Novelty"":36}",1,0.9035222052067381,false,8000
38,187,188000,10.553024455,0.065580469,0.062328516,0.00112079,0.002131163,11.205120993,91.518845,31.593628,6793.530720412731,187,0.9739583,49,4.22404377271978,58,0.31016042780748665,"{""10"":13,""11"":3,""13"":1,""15"":1,""16"":1,""17"":3,""18"":5,""19"":6,""20"":4,""3"":58,""4"":4,""5"":22,""6"":22,""7"":21,""8"":11,""9"":12}","{""11"":11,""12"":5,""14"":17,""15"":3,""17"":5,""18"":6,""19"":3,""20"":7,""21"":7,""22"":2,""23"":4,""25"":1,""26"":1,""28"":1,""3"":58,""32"":1,""35"":1,""38"":3,""39"":3,""40"":3,""41"":2,""43"":4,""5"":5,""50"":1,""51"":2,""8"":21,""9"":10}",64,"{""count"":64,""unique_topologies"":64,""topology_entropy_bits"":6.0,""effective_topology_count"":64.0,""triangle_like_count"":0,""triangle_like_fraction"":0.0,""mean_nodes"":9.59375,""mean_muscles"":19.1875,""node_counts"":{""10"":16,""11"":16,""12"":6,""13"":2,""4"":1,""5"":1,""6"":3,""7"":5,""8"":8,""9"":6},""muscle_counts"":{""11"":2,""12"":3,""15"":8,""16"":2,""17"":1,""18"":4,""19"":7,""20"":1,""21"":9,""22"":7,""23"":3,""24"":9,""25"":2,""26"":2,""27"":1,""5"":2,""9"":1}}",167,5.338122443363894,238,0.238,"{""10"":62,""11"":19,""12"":1,""13"":8,""14"":23,""15"":3,""17"":3,""18"":33,""19"":45,""20"":20,""21"":2,""3"":238,""4"":127,""5"":126,""6"":80,""7"":101,""8"":74,""9"":35}","{""10"":2,""11"":44,""12"":22,""14"":78,""15"":24,""16"":8,""17"":34,""18"":7,""19"":14,""20"":27,""21"":46,""22"":4,""23"":11,""24"":9,""25"":3,""26"":9,""27"":17,""28"":7,""29"":3,""3"":238,""30"":1,""32"":3,""33"":2,""38"":3,""39"":15,""4"":58,""40"":21,""41"":21,""42"":4,""43"":11,""44"":1,""45"":1,""46"":2,""5"":92,""50"":3,""51"":14,""52"":3,""55"":4,""6"":18,""7"":11,""8"":74,""9"":31}","{""Diagonal CMA-ES"":{""attempts"":277,""discoveries"":0,""improvements"":0,""insertions"":0,""insertion_rate"":0.0},""Immigrant"":{""attempts"":140,""discoveries"":0,""improvements"":0,""insertions"":0,""insertion_rate"":0.0},""Morphology"":{""attempts"":318,""discoveries"":0,""improvements"":1,""insertions"":1,""insertion_rate"":0.0031446540880503146},""Novelty"":{""attempts"":265,""discoveries"":0,""improvements"":0,""insertions"":0,""insertion_rate"":0.0}}","{""Morphology"":209,""Novelty"":36}",0,0.9035222052067381,false,9000
38,188,189000,10.621296487999999,0.06827203300000001,0.065120998,0.00109467,0.002056365,11.276579679,91.518845,31.593628,6796.398081481457,187,0.9739583,49,4.224043772719782,58,0.31016042780748665,"{""10"":13,""11"":3,""13"":1,""15"":1,""16"":1,""17"":3,""18"":5,""19"":6,""20"":4,""3"":58,""4"":4,""5"":22,""6"":22,""7"":21,""8"":11,""9"":12}","{""11"":11,""12"":5,""14"":17,""15"":3,""17"":5,""18"":6,""19"":3,""20"":7,""21"":7,""22"":2,""23"":4,""25"":1,""26"":1,""28"":1,""3"":58,""32"":1,""35"":1,""38"":3,""39"":3,""40"":3,""41"":2,""43"":4,""5"":5,""50"":1,""51"":2,""8"":21,""9"":10}",64,"{""count"":64,""unique_topologies"":64,""topology_entropy_bits"":6.0,""effective_topology_count"":64.0,""triangle_like_count"":0,""triangle_like_fraction"":0.0,""mean_nodes"":9.625,""mean_muscles"":19.171875,""node_counts"":{""10"":17,""11"":16,""12"":6,""13"":2,""4"":1,""5"":1,""6"":3,""7"":5,""8"":7,""9"":6},""muscle_counts"":{""11"":2,""12"":3,""15"":8,""16"":2,""17"":1,""18"":4,""19"":8,""21"":9,""22"":7,""23"":3,""24"":9,""25"":2,""26"":2,""27"":1,""5"":2,""9"":1}}",150,5.353491474237178,203,0.203,"{""10"":58,""11"":20,""12"":6,""13"":7,""15"":6,""17"":6,""18"":19,""19"":33,""20"":26,""21"":1,""3"":203,""4"":148,""5"":180,""6"":109,""7"":79,""8"":57,""9"":42}","{""10"":1,""11"":58,""12"":30,""13"":1,""14"":50,""15"":26,""16"":5,""17"":19,""18"":25,""19"":19,""20"":18,""21"":17,""22"":5,""23"":18,""24"":11,""25"":11,""26"":6,""27"":2,""28"":10,""29"":2,""3"":203,""32"":5,""38"":6,""39"":11,""4"":64,""40"":10,""41"":10,""42"":5,""43"":19,""44"":4,""46"":1,""5"":116,""50"":6,""51"":8,""52"":4,""6"":15,""62"":1,""7"":10,""8"":123,""9"":45}","{""Diagonal CMA-ES"":{""attempts"":326,""discoveries"":0,""improvements"":0,""insertions"":0,""insertion_rate"":0.0},""Immigrant"":{""attempts"":154,""discoveries"":0,""improvements"":0,""insertions"":0,""insertion_rate"":0.0},""Morphology"":{""attempts"":286,""discoveries"":1,""improvements"":3,""insertions"":4,""insertion_rate"":0.013986013986013986},""Novelty"":{""attempts"":234,""discoveries"":0,""improvements"":0,""insertions"":0,""insertion_rate"":0.0}}","{""Morphology"":192,""Novelty"":20}",1,0.9035222052067381,false,10000
38,189,190000,10.692664939999998,0.071368452,0.067015892,0.001573143,0.002779417,11.352105979,91.518845,31.593628,6801.678852200508,187,0.9739583,48,4.178532632102801,58,0.31016042780748665,"{""10"":13,""11"":3,""13"":1,""15"":1,""16"":1,""17"":3,""18"":5,""19"":6,""20"":4,""3"":58,""4"":4,""5"":23,""6"":20,""7"":22,""8"":11,""9"":12}","{""11"":10,""12"":5,""14"":18,""15"":3,""17"":5,""18"":6,""19"":3,""20"":7,""21"":7,""22"":2,""23"":4,""25"":1,""26"":1,""28"":1,""3"":58,""32"":1,""35"":1,""38"":3,""39"":3,""40"":2,""41"":2,""42"":1,""43"":4,""5"":5,""50"":1,""51"":2,""8"":22,""9"":9}",64,"{""count"":64,""unique_topologies"":64,""topology_entropy_bits"":6.0,""effective_topology_count"":64.0,""triangle_like_count"":0,""triangle_like_fraction"":0.0,""mean_nodes"":9.625,""mean_muscles"":19.171875,""node_counts"":{""10"":17,""11"":16,""12"":6,""13"":2,""4"":1,""5"":1,""6"":3,""7"":5,""8"":7,""9"":6},""muscle_counts"":{""11"":2,""12"":3,""15"":8,""16"":2,""17"":1,""18"":4,""19"":8,""21"":9,""22"":7,""23"":3,""24"":9,""25"":2,""26"":2,""27"":1,""5"":2,""9"":1}}",149,5.35523627456065,242,0.242,"{""10"":51,""11"":40,""12"":2,""13"":7,""15"":6,""17"":5,""18"":21,""19"":28,""20"":26,""21"":5,""3"":242,""4"":143,""5"":130,""6"":115,""7"":74,""8"":73,""9"":32}","{""10"":2,""11"":63,""12"":28,""14"":47,""15"":36,""17"":28,""18"":17,""19"":21,""20"":22,""21"":14,""22"":10,""23"":25,""24"":8,""25"":7,""26"":8,""28"":11,""29"":1,""3"":242,""31"":1,""32"":6,""38"":5,""39"":11,""4"":72,""40"":5,""41"":16,""42"":3,""43"":19,""44"":3,""46"":4,""5"":101,""50"":6,""51"":8,""52"":3,""53"":1,""55"":1,""6"":25,""63"":1,""7"":4,""8"":71,""9"":44}","{""Diagonal CMA-ES"":{""attempts"":301,""discoveries"":0,""improvements"":0,""insertions"":0,""insertion_rate"":0.0},""Immigrant"":{""attempts"":144,""discoveries"":0,""improvements"":0,""insertions"":0,""insertion_rate"":0.0},""Morphology"":{""attempts"":290,""discoveries"":0,""improvements"":3,""insertions"":3,""insertion_rate"":0.010344827586206896},""Novelty"":{""attempts"":265,""discoveries"":0,""improvements"":1,""insertions"":1,""insertion_rate"":0.0037735849056603774}}","{""Morphology"":201,""Novelty"":29}",1,0.9036697247706422,false,11000
38,190,191000,10.763071698,0.07040675800000001,0.06598771,0.001215773,0.003203275,11.42599146,91.518845,31.593628,6814.0286675691605,187,0.9739583,48,4.159886277550632,58,0.31016042780748665,"{""10"":13,""11"":3,""13"":1,""15"":1,""16"":1,""17"":3,""18"":5,""19"":6,""20"":4,""3"":58,""4"":4,""5"":23,""6"":19,""7"":23,""8"":11,""9"":12}","{""11"":9,""12"":5,""14"":19,""15"":3,""17"":5,""18"":6,""19"":3,""20"":7,""21"":7,""22"":2,""23"":4,""25"":1,""26"":1,""28"":1,""3"":58,""32"":1,""35"":1,""38"":3,""39"":3,""40"":2,""41"":2,""42"":1,""43"":4,""5"":5,""50"":1,""51"":2,""8"":22,""9"":9}",64,"{""count"":64,""unique_topologies"":64,""topology_entropy_bits"":6.0,""effective_topology_count"":64.0,""triangle_like_count"":0,""triangle_like_fraction"":0.0,""mean_nodes"":9.5625,""mean_muscles"":19.0625,""node_counts"":{""10"":17,""11"":16,""12"":5,""13"":2,""4"":1,""5"":1,""6"":3,""7"":5,""8"":8,""9"":6},""muscle_counts"":{""11"":2,""12"":3,""15"":8,""16"":2,""17"":1,""18"":4,""19"":9,""21"":10,""22"":7,""23"":2,""24"":8,""25"":2,""26"":2,""27"":1,""5"":2,""9"":1}}",171,5.342794770229441,262,0.262,"{""10"":57,""11"":29,""12"":5,""13"":6,""15"":6,""17"":3,""18"":57,""19"":30,""20"":25,""21"":2,""3"":262,""4"":127,""5"":115,""6"":96,""7"":73,""8"":65,""9"":42}","{""10"":1,""11"":53,""12"":28,""13"":1,""14"":50,""15"":33,""16"":6,""17"":15,""18"":13,""19"":25,""20"":20,""21"":26,""22"":10,""23"":18,""24"":11,""25"":7,""26"":11,""27"":1,""28"":10,""3"":262,""32"":3,""33"":2,""38"":3,""39"":52,""4"":58,""40"":11,""41"":8,""42"":7,""43"":17,""44"":3,""5"":97,""50"":4,""51"":6,""52"":3,""55"":2,""6"":20,""63"":1,""7"":5,""8"":63,""9"":34}","{""Diagonal CMA-ES"":{""attempts"":298,""discoveries"":0,""improvements"":0,""insertions"":0,""insertion_rate"":0.0},""Immigrant"":{""attempts"":151,""discoveries"":0,""improvements"":0,""insertions"":0,""insertion_rate"":0.0},""Morphology"":{""attempts"":309,""discoveries"":2,""improvements"":3,""insertions"":5,""insertion_rate"":0.016181229773462782},""Novelty"":{""attempts"":242,""discoveries"":0,""improvements"":0,""insertions"":0,""insertion_rate"":0.0}}","{""Morphology"":205,""Novelty"":28}",2,0.9036697247706422,false,12000
38,191,192000,10.834075657,0.07100395899999999,0.06712631,0.001389115,0.002488534,11.500837449,91.518845,31.593628,6816.806587338448,187,0.9739583,48,4.163923109113003,58,0.31016042780748665,"{""10"":13,""11"":3,""13"":1,""15"":1,""16"":1,""17"":3,""18"":5,""19"":6,""20"":4,""3"":58,""4"":4,""5"":23,""6"":19,""7"":23,""8"":11,""9"":12}","{""11"":9,""12"":5,""14"":19,""15"":3,""17"":5,""18"":6,""19"":3,""20"":7,""21"":7,""22"":2,""23"":4,""25"":1,""26"":1,""28"":1,""3"":58,""32"":1,""35"":1,""38"":3,""39"":2,""40"":2,""41"":3,""42"":1,""43"":4,""5"":5,""50"":1,""51"":2,""8"":22,""9"":9}",64,"{""count"":64,""unique_topologies"":64,""topology_entropy_bits"":6.0,""effective_topology_count"":64.0,""triangle_like_count"":0,""triangle_like_fraction"":0.0,""mean_nodes"":9.5625,""mean_muscles"":19.0625,""node_counts"":{""10"":17,""11"":16,""12"":5,""13"":2,""4"":1,""5"":1,""6"":3,""7"":5,""8"":8,""9"":6},""muscle_counts"":{""11"":2,""12"":3,""15"":8,""16"":2,""17"":1,""18"":4,""19"":9,""21"":10,""22"":7,""23"":2,""24"":8,""25"":2,""26"":2,""27"":1,""5"":2,""9"":1}}",159,5.398907260602147,235,0.235,"{""10"":46,""11"":29,""12"":10,""13"":3,""14"":2,""15"":5,""17"":5,""18"":42,""19"":35,""20"":28,""3"":235,""4"":160,""5"":124,""6"":95,""7"":64,""8"":74,""9"":43}","{""10"":2,""11"":48,""12"":21,""14"":48,""15"":29,""16"":1,""17"":28,""18"":9,""19"":24,""20"":31,""21"":22,""22"":12,""23"":18,""24"":9,""25"":4,""26"":6,""27"":2,""28"":10,""29"":1,""3"":235,""31"":1,""32"":5,""38"":5,""39"":32,""4"":83,""40"":9,""41"":15,""42"":8,""43"":17,""5"":103,""50"":6,""51"":10,""52"":3,""53"":1,""54"":2,""55"":3,""6"":24,""7"":12,""8"":63,""9"":38}","{""Diagonal CMA-ES"":{""attempts"":294,""discoveries"":0,""improvements"":0,""insertions"":0,""insertion_rate"":0.0},""Immigrant"":{""attempts"":161,""discoveries"":0,""improvements"":0,""insertions"":0,""insertion_rate"":0.0},""Morphology"":{""attempts"":293,""discoveries"":0,""improvements"":3,""insertions"":3,""insertion_rate"":0.010238907849829351},""Novelty"":{""attempts"":252,""discoveries"":0,""improvements"":0,""insertions"":0,""insertion_rate"":0.0}}","{""Morphology"":205,""Novelty"":37}",0,0.9038167938931297,false,13000
38,192,193000,10.89777192,0.063696263,0.060460932,0.001118415,0.002116916,11.567791603,91.518845,31.593628,6824.160173535347,187,0.9739583,50,4.191971839047957,58,0.31016042780748665,"{""10"":13,""11"":3,""13"":1,""15"":1,""16"":1,""17"":3,""18"":5,""19"":5,""20"":3,""21"":2,""3"":58,""4"":4,""5"":23,""6"":19,""7"":23,""8"":11,""9"":12}","{""11"":9,""12"":5,""14"":19,""15"":3,""17"":5,""18"":6,""19"":3,""20"":7,""21"":7,""22"":2,""23"":4,""25"":1,""26"":1,""28"":1,""3"":58,""32"":1,""35"":1,""38"":3,""39"":2,""40"":1,""41"":3,""42"":1,""43"":3,""44"":1,""46"":1,""5"":5,""50"":1,""51"":2,""8"":22,""9"":9}",64,"{""count"":64,""unique_topologies"":64,""topology_entropy_bits"":6.0,""effective_topology_count"":64.0,""triangle_like_count"":0,""triangle_like_fraction"":0.0,""mean_nodes"":9.5625,""mean_muscles"":19.0625,""node_counts"":{""10"":17,""11"":16,""12"":5,""13"":2,""4"":1,""5"":1,""6"":3,""7"":5,""8"":8,""9"":6},""muscle_counts"":{""11"":2,""12"":3,""15"":8,""16"":2,""17"":1,""18"":4,""19"":9,""21"":10,""22"":7,""23"":2,""24"":8,""25"":2,""26"":2,""27"":1,""5"":2,""9"":1}}",165,5.525489282515936,207,0.207,"{""10"":52,""11"":25,""12"":8,""13"":7,""15"":6,""17"":6,""18"":14,""19"":27,""20"":28,""21"":3,""3"":207,""4"":174,""5"":127,""6"":99,""7"":85,""8"":73,""9"":59}","{""10"":3,""11"":55,""12"":25,""13"":3,""14"":61,""15"":37,""16"":1,""17"":23,""18"":9,""19"":16,""20"":34,""21"":27,""22"":9,""23"":27,""24"":11,""25"":7,""26"":9,""27"":2,""28"":10,""29"":1,""3"":207,""32"":7,""38"":6,""39"":6,""4"":88,""40"":6,""41"":12,""42"":4,""43"":17,""44"":4,""46"":1,""5"":107,""50"":5,""51"":9,""52"":5,""53"":2,""55"":1,""6"":30,""7"":9,""8"":69,""9"":35}","{""Diagonal CMA-ES"":{""attempts"":256,""discoveries"":0,""improvements"":0,""insertions"":0,""insertion_rate"":0.0},""Immigrant"":{""attempts"":159,""discoveries"":0,""improvements"":0,""insertions"":0,""insertion_rate"":0.0},""Morphology"":{""attempts"":342,""discoveries"":0,""improvements"":4,""insertions"":4,""insertion_rate"":0.011695906432748537},""Novelty"":{""attempts"":243,""discoveries"":0,""improvements"":0,""insertions"":0,""insertion_rate"":0.0}}","{""Morphology"":234,""Novelty"":30}",2,0.9039634146341463,false,14000
38,193,194000,10.962590162,0.064818242,0.061670769,0.001129101,0.002018372,11.635804809,91.518845,31.593628,6829.4459973573685,187,0.9739583,52,4.21739904494188,58,0.31016042780748665,"{""10"":13,""11"":3,""13"":1,""15"":1,""16"":1,""17"":3,""18"":5,""19"":5,""20"":1,""21"":2,""22"":2,""3"":58,""4"":4,""5"":23,""6"":19,""7"":23,""8"":11,""9"":12}","{""11"":9,""12"":5,""14"":19,""15"":3,""17"":5,""18"":6,""19"":3,""20"":7,""21"":7,""22"":2,""23"":4,""25"":1,""26"":1,""28"":1,""3"":58,""32"":1,""35"":1,""38"":3,""39"":2,""40"":1,""41"":3,""42"":1,""43"":1,""44"":1,""46"":1,""47"":1,""49"":1,""5"":5,""50"":1,""51"":2,""8"":22,""9"":9}",64,"{""count"":64,""unique_topologies"":64,""topology_entropy_bits"":6.0,""effective_topology_count"":64.0,""triangle_like_count"":0,""triangle_like_fraction"":0.0,""mean_nodes"":9.5625,""mean_muscles"":19.0625,""node_counts"":{""10"":17,""11"":16,""12"":5,""13"":2,""4"":1,""5"":1,""6"":3,""7"":5,""8"":8,""9"":6},""muscle_counts"":{""11"":2,""12"":3,""15"":8,""16"":2,""17"":1,""18"":4,""19"":9,""21"":10,""22"":7,""23"":2,""24"":8,""25"":2,""26"":2,""27"":1,""5"":2,""9"":1}}",163,5.3518407944127055,203,0.203,"{""10"":56,""11"":24,""12"":9,""13"":5,""14"":2,""15"":5,""17"":4,""18"":17,""19"":29,""20"":16,""21"":3,""22"":8,""3"":203,""4"":127,""5"":127,""6"":94,""7"":79,""8"":74,""9"":118}","{""10"":4,""11"":54,""12"":21,""13"":2,""14"":58,""15"":33,""17"":29,""18"":11,""19"":19,""20"":105,""21"":25,""22"":8,""23"":20,""24"":7,""25"":8,""26"":7,""27"":2,""28"":7,""29"":3,""3"":203,""32"":5,""33"":1,""36"":2,""38"":4,""39"":5,""4"":61,""40"":5,""41"":11,""42"":4,""43"":13,""44"":2,""46"":3,""47"":2,""49"":6,""5"":97,""50"":5,""51"":12,""52"":3,""55"":2,""6"":25,""7"":4,""8"":68,""9"":34}","{""Diagonal CMA-ES"":{""attempts"":327,""discoveries"":0,""improvements"":0,""insertions"":0,""insertion_rate"":0.0},""Immigrant"":{""attempts"":148,""discoveries"":0,""improvements"":0,""insertions"":0,""insertion_rate"":0.0},""Morphology"":{""attempts"":296,""discoveries"":0,""improvements"":3,""insertions"":3,""insertion_rate"":0.010135135135135136},""Novelty"":{""attempts"":229,""discoveries"":0,""improvements"":0,""insertions"":0,""insertion_rate"":0.0}}","{""Morphology"":176,""Novelty"":27}",2,0.9042553191489362,false,15000
38,194,195000,11.028395031999999,0.06580487,0.062546979,0.00117778,0.002080111,11.704905562,91.518845,31.593628,6829.4459973573685,187,0.9739583,52,4.217399044941881,58,0.31016042780748665,"{""10"":13,""11"":3,""13"":1,""15"":1,""16"":1,""17"":3,""18"":5,""19"":5,""20"":1,""21"":2,""22"":2,""3"":58,""4"":4,""5"":23,""6"":19,""7"":23,""8"":11,""9"":12}","{""11"":9,""12"":5,""14"":19,""15"":3,""17"":5,""18"":6,""19"":3,""20"":7,""21"":7,""22"":2,""23"":4,""25"":1,""26"":1,""28"":1,""3"":58,""32"":1,""35"":1,""38"":3,""39"":2,""40"":1,""41"":3,""42"":1,""43"":1,""44"":1,""46"":1,""47"":1,""49"":1,""5"":5,""50"":1,""51"":2,""8"":22,""9"":9}",64,"{""count"":64,""unique_topologies"":64,""topology_entropy_bits"":6.0,""effective_topology_count"":64.0,""triangle_like_count"":0,""triangle_like_fraction"":0.0,""mean_nodes"":9.578125,""mean_muscles"":19.109375,""node_counts"":{""10"":16,""11"":17,""12"":5,""13"":2,""4"":1,""5"":1,""6"":3,""7"":5,""8"":8,""9"":6},""muscle_counts"":{""11"":2,""12"":3,""15"":8,""16"":2,""17"":1,""18"":4,""19"":8,""21"":10,""22"":8,""23"":2,""24"":8,""25"":2,""26"":2,""27"":1,""5"":2,""9"":1}}",168,5.509301981495254,229,0.229,"{""10"":57,""11"":31,""12"":6,""13"":8,""14"":1,""15"":6,""17"":4,""18"":15,""19"":23,""20"":13,""22"":12,""23"":4,""3"":229,""4"":140,""5"":132,""6"":104,""7"":92,""8"":75,""9"":48}","{""11"":54,""12"":31,""14"":71,""15"":38,""16"":3,""17"":19,""18"":16,""19"":20,""20"":30,""21"":22,""22"":12,""23"":21,""24"":10,""25"":11,""26"":6,""27"":5,""28"":10,""29"":2,""3"":229,""30"":1,""32"":6,""38"":4,""39"":7,""4"":73,""40"":7,""41"":7,""42"":2,""43"":6,""44"":4,""47"":6,""48"":3,""49"":6,""5"":92,""50"":6,""51"":6,""52"":3,""54"":3,""55"":1,""6"":29,""7"":10,""8"":68,""9"":40}","{""Diagonal CMA-ES"":{""attempts"":268,""discoveries"":0,""improvements"":0,""insertions"":0,""insertion_rate"":0.0},""Immigrant"":{""attempts"":146,""discoveries"":0,""improvements"":0,""insertions"":0,""insertion_rate"":0.0},""Morphology"":{""attempts"":305,""discoveries"":1,""improvements"":0,""insertions"":1,""insertion_rate"":0.003278688524590164},""Novelty"":{""attempts"":281,""discoveries"":0,""improvements"":0,""insertions"":0,""insertion_rate"":0.0}}","{""Morphology"":200,""Novelty"":35}",1,0.9042553191489362,false,16000
38,195,196000,11.093017372999999,0.064622341,0.061156677,0.00141761,0.002048054,11.773475601,91.518845,31.593628,6829.734995007515,187,0.9739583,51,4.206703857776105,58,0.31016042780748665,"{""10"":13,""11"":3,""13"":1,""15"":1,""16"":1,""17"":3,""18"":5,""19"":5,""20"":1,""21"":1,""22"":3,""3"":58,""4"":4,""5"":23,""6"":19,""7"":23,""8"":11,""9"":12}","{""11"":9,""12"":5,""14"":19,""15"":3,""17"":5,""18"":6,""19"":3,""20"":7,""21"":7,""22"":2,""23"":4,""25"":1,""26"":1,""28"":1,""3"":58,""32"":1,""35"":1,""38"":3,""39"":2,""40"":1,""41"":3,""42"":1,""43"":1,""46"":1,""47"":2,""49"":1,""5"":5,""50"":1,""51"":2,""8"":22,""9"":9}",64,"{""count"":64,""unique_topologies"":64,""topology_entropy_bits"":6.0,""effective_topology_count"":64.0,""triangle_like_count"":0,""triangle_like_fraction"":0.0,""mean_nodes"":9.578125,""mean_muscles"":19.109375,""node_counts"":{""10"":16,""11"":17,""12"":5,""13"":2,""4"":1,""5"":1,""6"":3,""7"":5,""8"":8,""9"":6},""muscle_counts"":{""11"":2,""12"":3,""15"":8,""16"":2,""17"":1,""18"":4,""19"":8,""21"":10,""22"":8,""23"":2,""24"":8,""25"":2,""26"":2,""27"":1,""5"":2,""9"":1}}",158,5.363672156874671,244,0.244,"{""10"":51,""11"":25,""12"":17,""13"":6,""14"":1,""15"":6,""17"":3,""18"":20,""19"":23,""20"":12,""21"":2,""22"":14,""3"":244,""4"":137,""5"":126,""6"":99,""7"":107,""8"":62,""9"":45}","{""10"":2,""11"":53,""12"":29,""13"":1,""14"":74,""15"":38,""16"":6,""17"":16,""18"":10,""19"":16,""20"":29,""21"":20,""22"":11,""23"":25,""24"":7,""25"":13,""26"":6,""27"":2,""28"":9,""29"":3,""3"":244,""30"":2,""32"":7,""38"":3,""39"":10,""4"":73,""40"":7,""41"":9,""42"":4,""43"":7,""44"":1,""46"":2,""47"":6,""49"":8,""5"":89,""50"":6,""51"":7,""52"":2,""55"":2,""6"":20,""7"":10,""8"":72,""9"":39}","{""Diagonal CMA-ES"":{""attempts"":303,""discoveries"":0,""improvements"":0,""insertions"":0,""insertion_rate"":0.0},""Immigrant"":{""attempts"":153,""discoveries"":0,""improvements"":0,""insertions"":0,""insertion_rate"":0.0},""Morphology"":{""attempts"":283,""discoveries"":0,""improvements"":1,""insertions"":1,""insertion_rate"":0.0035335689045936395},""Novelty"":{""attempts"":261,""discoveries"":0,""improvements"":0,""insertions"":0,""insertion_rate"":0.0}}","{""Morphology"":184,""Novelty"":36}",0,0.9030303030303031,false,17000
38,196,197000,11.159780374999999,0.06676300199999999,0.062685891,0.001381991,0.00269512,11.844069948,91.518845,31.593628,6835.626180768013,187,0.9739583,51,4.206703857776104,58,0.31016042780748665,"{""10"":13,""11"":2,""13"":1,""15"":1,""16"":1,""17"":3,""18"":5,""19"":5,""20"":1,""21"":1,""22"":3,""3"":58,""4"":4,""5"":23,""6"":19,""7"":23,""8"":12,""9"":12}","{""11"":9,""12"":5,""14"":19,""15"":4,""17"":5,""18"":6,""19"":3,""20"":7,""21"":7,""22"":1,""23"":4,""25"":1,""26"":1,""28"":1,""3"":58,""32"":1,""35"":1,""38"":3,""39"":2,""40"":1,""41"":3,""42"":1,""43"":1,""46"":1,""47"":2,""49"":1,""5"":5,""50"":1,""51"":2,""8"":22,""9"":9}",64,"{""count"":64,""unique_topologies"":64,""topology_entropy_bits"":6.0,""effective_topology_count"":64.0,""triangle_like_count"":0,""triangle_like_fraction"":0.0,""mean_nodes"":9.53125,""mean_muscles"":18.984375,""node_counts"":{""10"":17,""11"":17,""12"":5,""13"":1,""4"":1,""5"":1,""6"":3,""7"":5,""8"":8,""9"":6},""muscle_counts"":{""11"":2,""12"":3,""15"":8,""16"":2,""17"":1,""18"":4,""19"":9,""21"":10,""22"":8,""23"":2,""24"":8,""25"":2,""26"":2,""5"":2,""9"":1}}",167,5.415500576178961,232,0.232,"{""10"":55,""11"":29,""12"":9,""13"":7,""14"":1,""15"":7,""17"":3,""18"":18,""19"":26,""20"":12,""22"":8,""23"":5,""3"":232,""4"":128,""5"":126,""6"":110,""7"":94,""8"":77,""9"":53}","{""10"":2,""11"":59,""12"":31,""13"":1,""14"":66,""15"":40,""16"":1,""17"":30,""18"":13,""19"":21,""20"":35,""21"":25,""22"":9,""23"":21,""24"":12,""25"":8,""26"":8,""27"":4,""28"":9,""3"":232,""32"":5,""38"":3,""39"":9,""4"":55,""40"":6,""41"":12,""42"":2,""43"":6,""44"":2,""48"":2,""49"":8,""5"":100,""50"":9,""51"":9,""52"":3,""53"":2,""55"":1,""6"":25,""7"":4,""8"":72,""9"":38}","{""Diagonal CMA-ES"":{""attempts"":306,""discoveries"":0,""improvements"":0,""insertions"":0,""insertion_rate"":0.0},""Immigrant"":{""attempts"":143,""discoveries"":0,""improvements"":0,""insertions"":0,""insertion_rate"":0.0},""Morphology"":{""attempts"":298,""discoveries"":1,""improvements"":1,""insertions"":2,""insertion_rate"":0.006711409395973154},""Novelty"":{""attempts"":253,""discoveries"":0,""improvements"":1,""insertions"":1,""insertion_rate"":0.003952569169960474}}","{""Morphology"":204,""Novelty"":23}",1,0.9033232628398792,false,18000
38,197,198000,11.224386094999998,0.06460572,0.061350204,0.001194401,0.002061115,11.912296864,91.518845,31.593628,6841.275142788887,187,0.9739583,51,4.2067038577761044,58,0.31016042780748665,"{""10"":13,""11"":2,""13"":1,""15"":1,""16"":1,""17"":3,""18"":5,""19"":5,""20"":1,""21"":1,""22"":3,""3"":58,""4"":4,""5"":23,""6"":19,""7"":23,""8"":12,""9"":12}","{""11"":9,""12"":5,""14"":19,""15"":4,""17"":5,""18"":6,""19"":3,""20"":7,""21"":7,""22"":1,""23"":4,""25"":1,""26"":1,""28"":1,""3"":58,""32"":1,""35"":1,""38"":3,""39"":2,""40"":1,""41"":3,""42"":1,""43"":1,""46"":1,""47"":2,""49"":1,""5"":5,""50"":1,""51"":2,""8"":22,""9"":9}",64,"{""count"":64,""unique_topologies"":64,""topology_entropy_bits"":6.0,""effective_topology_count"":64.0,""triangle_like_count"":0,""triangle_like_fraction"":0.0,""mean_nodes"":9.515625,""mean_muscles"":18.96875,""node_counts"":{""10"":17,""11"":18,""12"":4,""13"":1,""4"":1,""5"":1,""6"":3,""7"":5,""8"":8,""9"":6},""muscle_counts"":{""11"":2,""12"":3,""15"":8,""16"":2,""17"":1,""18"":4,""19"":9,""20"":1,""21"":9,""22"":8,""23"":2,""24"":8,""25"":2,""26"":2,""5"":2,""9"":1}}",159,5.43975363955809,236,0.236,"{""10"":52,""11"":41,""12"":1,""13"":5,""15"":5,""17"":2,""18"":18,""19"":31,""20"":13,""21"":3,""22"":6,""23"":8,""3"":236,""4"":128,""5"":116,""6"":100,""7"":78,""8"":78,""9"":79}","{""10"":4,""11"":55,""12"":21,""13"":2,""14"":60,""15"":36,""17"":26,""18"":51,""19"":26,""20"":39,""21"":18,""22"":4,""23"":18,""24"":12,""25"":7,""26"":7,""27"":1,""28"":7,""29"":1,""3"":236,""32"":7,""38"":2,""39"":8,""4"":64,""40"":5,""41"":9,""42"":6,""43"":6,""44"":3,""46"":3,""48"":3,""49"":6,""5"":90,""50"":9,""51"":12,""52"":8,""55"":1,""6"":19,""7"":13,""8"":58,""9"":37}","{""Diagonal CMA-ES"":{""attempts"":287,""discoveries"":0,""improvements"":0,""insertions"":0,""insertion_rate"":0.0},""Immigrant"":{""attempts"":148,""discoveries"":0,""improvements"":0,""insertions"":0,""insertion_rate"":0.0},""Morphology"":{""attempts"":306,""discoveries"":1,""improvements"":1,""insertions"":2,""insertion_rate"":0.006535947712418301},""Novelty"":{""attempts"":259,""discoveries"":0,""improvements"":1,""insertions"":1,""insertion_rate"":0.003861003861003861}}","{""Morphology"":201,""Novelty"":30}",1,0.9034690799396682,false,19000
38,198,199000,11.293370493999998,0.068984399,0.065011768,0.0013998,0.002572831,11.985560212,91.518845,31.593628,6846.688780426979,187,0.9739583,52,4.237070309303227,57,0.3048128342245989,"{""10"":13,""11"":2,""13"":1,""15"":1,""16"":1,""17"":3,""18"":5,""19"":5,""20"":1,""21"":1,""22"":2,""23"":1,""3"":57,""4"":5,""5"":23,""6"":19,""7"":23,""8"":12,""9"":12}","{""11"":9,""12"":5,""14"":19,""15"":4,""17"":5,""18"":6,""19"":3,""20"":7,""21"":7,""22"":1,""23"":4,""25"":1,""26"":1,""28"":1,""3"":57,""32"":1,""35"":1,""38"":3,""39"":2,""40"":1,""41"":3,""42"":1,""43"":1,""46"":1,""47"":1,""48"":1,""49"":1,""5"":6,""50"":1,""51"":2,""8"":22,""9"":9}",64,"{""count"":64,""unique_topologies"":64,""topology_entropy_bits"":6.0,""effective_topology_count"":64.0,""triangle_like_count"":0,""triangle_like_fraction"":0.0,""mean_nodes"":9.515625,""mean_muscles"":18.96875,""node_counts"":{""10"":17,""11"":18,""12"":4,""13"":1,""4"":1,""5"":1,""6"":3,""7"":5,""8"":8,""9"":6},""muscle_counts"":{""11"":2,""12"":3,""15"":8,""16"":2,""17"":1,""18"":4,""19"":9,""20"":1,""21"":9,""22"":8,""23"":2,""24"":8,""25"":2,""26"":2,""5"":2,""9"":1}}",151,5.447945779131781,210,0.21,"{""10"":54,""11"":34,""12"":15,""13"":6,""15"":6,""17"":5,""18"":16,""19"":32,""20"":9,""21"":6,""22"":11,""23"":5,""3"":210,""4"":160,""5"":150,""6"":91,""7"":91,""8"":54,""9"":45}","{""10"":2,""11"":46,""12"":22,""14"":72,""15"":27,""16"":3,""17"":20,""18"":11,""19"":14,""20"":42,""21"":27,""22"":9,""23"":25,""24"":7,""25"":6,""26"":8,""27"":3,""28"":7,""29"":1,""3"":210,""31"":1,""32"":4,""38"":5,""39"":5,""4"":89,""40"":7,""41"":14,""42"":6,""43"":3,""44"":7,""46"":4,""47"":4,""48"":1,""49"":7,""5"":102,""50"":9,""51"":7,""52"":3,""54"":1,""6"":30,""63"":2,""7"":12,""8"":77,""9"":38}","{""Diagonal CMA-ES"":{""attempts"":282,""discoveries"":0,""improvements"":0,""insertions"":0,""insertion_rate"":0.0},""Immigrant"":{""attempts"":166,""discoveries"":0,""improvements"":0,""insertions"":0,""insertion_rate"":0.0},""Morphology"":{""attempts"":304,""discoveries"":0,""improvements"":3,""insertions"":3,""insertion_rate"":0.009868421052631578},""Novelty"":{""attempts"":248,""discoveries"":0,""improvements"":0,""insertions"":0,""insertion_rate"":0.0}}","{""Morphology"":198,""Novelty"":24}",3,0.9034690799396682,false,20000
38,199,200000,11.361127247999997,0.06775675399999999,0.063205919,0.001205087,0.003345748,12.057193428,91.518845,32.12663,6910.359389066696,187,0.9739583,52,4.2370703093032285,57,0.3048128342245989,"{""10"":12,""11"":2,""13"":1,""15"":1,""16"":1,""17"":3,""18"":5,""19"":5,""20"":1,""21"":1,""22"":2,""23"":1,""3"":57,""4"":6,""5"":23,""6"":19,""7"":23,""8"":12,""9"":12}","{""11"":9,""12"":5,""14"":19,""15"":4,""17"":5,""18"":6,""19"":3,""20"":7,""21"":7,""22"":1,""23"":4,""26"":1,""28"":1,""3"":57,""32"":1,""35"":1,""38"":3,""39"":2,""40"":1,""41"":3,""42"":1,""43"":1,""46"":1,""47"":1,""48"":1,""49"":1,""5"":7,""50"":1,""51"":2,""8"":22,""9"":9}",64,"{""count"":64,""unique_topologies"":64,""topology_entropy_bits"":6.0,""effective_topology_count"":64.0,""triangle_like_count"":0,""triangle_like_fraction"":0.0,""mean_nodes"":9.59375,""mean_muscles"":19.296875,""node_counts"":{""10"":17,""11"":18,""12"":4,""13"":1,""5"":1,""6"":3,""7"":5,""8"":8,""9"":7},""muscle_counts"":{""11"":2,""12"":3,""15"":8,""16"":2,""17"":1,""18"":4,""19"":9,""20"":1,""21"":9,""22"":8,""23"":2,""24"":8,""25"":2,""26"":3,""5"":1,""9"":1}}",165,5.380443593982846,238,0.238,"{""10"":55,""11"":33,""12"":7,""13"":7,""15"":5,""16"":1,""17"":4,""18"":16,""19"":22,""20"":15,""21"":3,""22"":11,""23"":2,""24"":3,""3"":238,""4"":134,""5"":124,""6"":101,""7"":93,""8"":78,""9"":48}","{""10"":3,""11"":58,""12"":29,""13"":2,""14"":68,""15"":34,""16"":3,""17"":23,""18"":17,""19"":20,""20"":36,""21"":25,""22"":8,""23"":17,""24"":10,""25"":8,""26"":11,""27"":6,""28"":8,""29"":1,""3"":238,""32"":6,""36"":1,""38"":4,""39"":7,""4"":66,""40"":5,""41"":9,""42"":2,""43"":7,""44"":3,""46"":2,""47"":2,""48"":2,""49"":11,""5"":96,""50"":6,""51"":5,""52"":4,""53"":2,""55"":3,""6"":15,""62"":1,""63"":1,""7"":6,""8"":75,""9"":34}","{""Diagonal CMA-ES"":{""attempts"":303,""discoveries"":0,""improvements"":0,""insertions"":0,""insertion_rate"":0.0},""Immigrant"":{""attempts"":150,""discoveries"":0,""improvements"":0,""insertions"":0,""insertion_rate"":0.0},""Morphology"":{""attempts"":277,""discoveries"":1,""improvements"":2,""insertions"":3,""insertion_rate"":0.010830324909747292},""Novelty"":{""attempts"":270,""discoveries"":0,""improvements"":2,""insertions"":2,""insertion_rate"":0.007407407407407408}}","{""Morphology"":186,""Novelty"":33}",1,0.9036144578313253,false,21000
38,200,201000,11.424074338999997,0.062947091,0.058991082,0.001073299,0.00288271,12.12341147,91.518845,32.12663,6940.283640801907,187,0.9739583,51,4.1798803594446134,59,0.3155080213903743,"{""10"":12,""11"":2,""13"":1,""15"":1,""16"":1,""17"":3,""18"":5,""19"":5,""20"":1,""21"":1,""22"":2,""23"":1,""3"":59,""4"":6,""5"":22,""6"":18,""7"":24,""8"":11,""9"":12}","{""11"":8,""12"":5,""14"":20,""15"":3,""17"":5,""18"":6,""19"":3,""20"":7,""21"":7,""22"":1,""23"":4,""26"":1,""28"":1,""3"":59,""32"":1,""35"":1,""38"":3,""39"":2,""40"":1,""41"":3,""42"":1,""43"":1,""46"":1,""47"":1,""48"":1,""49"":1,""5"":7,""50"":1,""51"":2,""8"":21,""9"":9}",64,"{""count"":64,""unique_topologies"":64,""topology_entropy_bits"":6.0,""effective_topology_count"":64.0,""triangle_like_count"":0,""triangle_like_fraction"":0.0,""mean_nodes"":9.5,""mean_muscles"":18.90625,""node_counts"":{""10"":17,""11"":18,""12"":4,""13"":1,""4"":1,""5"":1,""6"":3,""7"":6,""8"":7,""9"":6},""muscle_counts"":{""11"":2,""12"":4,""15"":7,""16"":2,""17"":1,""18"":4,""19"":9,""20"":1,""21"":9,""22"":8,""23"":2,""24"":8,""25"":2,""26"":2,""4"":1,""5"":1,""9"":1}}",153,5.058690510639532,276,0.276,"{""10"":150,""11"":25,""12"":1,""13"":4,""15"":3,""17"":2,""18"":10,""19"":24,""20"":8,""21"":2,""22"":3,""23"":4,""24"":2,""3"":276,""4"":144,""5"":105,""6"":66,""7"":58,""8"":71,""9"":42}","{""10"":2,""11"":37,""12"":14,""13"":2,""14"":44,""15"":36,""16"":2,""17"":23,""18"":11,""19"":16,""20"":20,""21"":13,""22"":9,""23"":110,""24"":6,""26"":13,""27"":16,""28"":7,""29"":1,""3"":276,""31"":5,""32"":7,""33"":1,""38"":2,""39"":4,""4"":76,""40"":4,""41"":6,""42"":4,""43"":4,""44"":5,""46"":2,""47"":1,""48"":2,""49"":3,""5"":88,""50"":6,""51"":8,""52"":1,""54"":1,""55"":2,""6"":24,""7"":10,""8"":51,""9"":25}","{""Diagonal CMA-ES"":{""attempts"":275,""discoveries"":0,""improvements"":1,""insertions"":1,""insertion_rate"":0.0036363636363636364},""Immigrant"":{""attempts"":154,""discoveries"":0,""improvements"":0,""insertions"":0,""insertion_rate"":0.0},""Morphology"":{""attempts"":332,""discoveries"":2,""improvements"":3,""insertions"":5,""insertion_rate"":0.015060240963855422},""Novelty"":{""attempts"":239,""discoveries"":0,""improvements"":2,""insertions"":2,""insertion_rate"":0.008368200836820083}}","{""Morphology"":217,""Novelty"":19}",2,0.9037593984962407,false,22000
38,201,202000,11.486723424999997,0.062649086,0.058684765,0.001353497,0.002610824,12.190500974,91.518845,32.12663,6940.283640801907,187,0.9739583,51,4.179880359444614,59,0.3155080213903743,"{""10"":12,""11"":2,""13"":1,""15"":1,""16"":1,""17"":3,""18"":5,""19"":5,""20"":1,""21"":1,""22"":2,""23"":1,""3"":59,""4"":6,""5"":22,""6"":18,""7"":24,""8"":11,""9"":12}","{""11"":8,""12"":5,""14"":20,""15"":3,""17"":5,""18"":6,""19"":3,""20"":7,""21"":7,""22"":1,""23"":4,""26"":1,""28"":1,""3"":59,""32"":1,""35"":1,""38"":3,""39"":2,""40"":1,""41"":3,""42"":1,""43"":1,""46"":1,""47"":1,""48"":1,""49"":1,""5"":7,""50"":1,""51"":2,""8"":21,""9"":9}",64,"{""count"":64,""unique_topologies"":64,""topology_entropy_bits"":6.0,""effective_topology_count"":64.0,""triangle_like_count"":0,""triangle_like_fraction"":0.0,""mean_nodes"":9.71875,""mean_muscles"":19.390625,""node_counts"":{""10"":17,""11"":17,""12"":4,""13"":1,""22"":1,""5"":1,""6"":4,""7"":5,""8"":8,""9"":6},""muscle_counts"":{""11"":2,""12"":3,""15"":8,""16"":2,""17"":1,""18"":4,""19"":9,""20"":1,""21"":9,""22"":8,""23"":2,""24"":7,""25"":2,""26"":2,""47"":1,""5"":1,""9"":2}}",163,5.360021084024192,195,0.195,"{""10"":60,""11"":20,""13"":1,""15"":1,""17"":10,""18"":16,""19"":27,""20"":5,""21"":12,""22"":7,""23"":4,""24"":2,""3"":195,""4"":132,""5"":125,""6"":47,""7"":79,""8"":138,""9"":119}","{""10"":2,""11"":22,""12"":16,""13"":4,""14"":61,""15"":95,""16"":7,""17"":22,""18"":83,""19"":16,""20"":31,""21"":38,""22"":8,""23"":14,""24"":9,""25"":1,""26"":4,""27"":1,""28"":7,""3"":195,""38"":10,""39"":3,""4"":75,""40"":1,""41"":13,""42"":3,""43"":2,""44"":3,""46"":12,""47"":5,""48"":5,""49"":3,""5"":85,""50"":1,""51"":16,""52"":4,""54"":1,""55"":1,""6"":32,""7"":14,""8"":50,""9"":25}","{""Diagonal CMA-ES"":{""attempts"":277,""discoveries"":0,""improvements"":0,""insertions"":0,""insertion_rate"":0.0},""Immigrant"":{""attempts"":153,""discoveries"":0,""improvements"":0,""insertions"":0,""insertion_rate"":0.0},""Morphology"":{""attempts"":323,""discoveries"":3,""improvements"":0,""insertions"":3,""insertion_rate"":0.009287925696594427},""Novelty"":{""attempts"":247,""discoveries"":0,""improvements"":0,""insertions"":0,""insertion_rate"":0.0}}","{""Morphology"":222,""Novelty"":33}",3,0.9041916167664671,false,23000
38,202,203000,11.554459999999997,0.06773657500000001,0.064204424,0.001098232,0.002433919,12.261206931,91.518845,32.193584,6951.169009149075,187,0.9739583,51,4.208292349791937,58,0.31016042780748665,"{""10"":12,""11"":2,""13"":1,""15"":1,""16"":1,""17"":3,""18"":5,""19"":5,""20"":1,""21"":1,""22"":2,""23"":1,""3"":58,""4"":7,""5"":22,""6"":18,""7"":24,""8"":11,""9"":12}","{""11"":8,""12"":5,""14"":20,""15"":3,""17"":5,""18"":6,""19"":3,""20"":7,""21"":7,""22"":1,""23"":4,""26"":1,""28"":1,""3"":58,""32"":1,""35"":1,""38"":3,""39"":2,""40"":1,""41"":3,""42"":1,""43"":1,""46"":1,""47"":1,""48"":1,""49"":1,""5"":8,""50"":1,""51"":2,""8"":21,""9"":9}",64,"{""count"":64,""unique_topologies"":64,""topology_entropy_bits"":6.0,""effective_topology_count"":64.0,""triangle_like_count"":0,""triangle_like_fraction"":0.0,""mean_nodes"":10.0,""mean_muscles"":20.046875,""node_counts"":{""10"":17,""11"":17,""12"":4,""13"":1,""23"":2,""5"":1,""6"":3,""7"":5,""8"":8,""9"":6},""muscle_counts"":{""11"":2,""12"":3,""15"":8,""16"":2,""17"":1,""18"":4,""19"":9,""20"":1,""21"":9,""22"":8,""23"":2,""24"":7,""25"":2,""26"":2,""48"":1,""5"":1,""50"":1,""9"":1}}",170,5.354816621539898,240,0.24,"{""10"":49,""11"":14,""13"":3,""15"":2,""16"":1,""17"":3,""18"":23,""19"":23,""20"":6,""21"":13,""22"":13,""23"":13,""24"":2,""3"":240,""4"":131,""5"":130,""6"":84,""7"":117,""8"":79,""9"":54}","{""10"":6,""11"":48,""12"":25,""14"":88,""15"":23,""16"":7,""17"":37,""18"":17,""19"":15,""20"":29,""21"":38,""22"":4,""23"":11,""24"":7,""26"":5,""27"":2,""28"":3,""29"":1,""3"":240,""32"":3,""38"":3,""39"":5,""4"":69,""40"":3,""41"":18,""42"":2,""43"":3,""44"":2,""46"":13,""47"":8,""48"":10,""49"":5,""5"":93,""50"":5,""51"":10,""53"":2,""54"":1,""55"":1,""6"":22,""60"":1,""61"":1,""62"":2,""65"":1,""7"":16,""8"":60,""9"":35}","{""Diagonal CMA-ES"":{""attempts"":290,""discoveries"":0,""improvements"":0,""insertions"":0,""insertion_rate"":0.0},""Immigrant"":{""attempts"":154,""discoveries"":0,""improvements"":0,""insertions"":0,""insertion_rate"":0.0},""Morphology"":{""attempts"":323,""discoveries"":2,""improvements"":5,""insertions"":7,""insertion_rate"":0.021671826625386997},""Novelty"":{""attempts"":233,""discoveries"":0,""improvements"":0,""insertions"":0,""insertion_rate"":0.0}}","{""Morphology"":211,""Novelty"":24}",2,0.9028400597907325,false,24000
38,203,204000,11.623741222999998,0.069281223,0.066144435,0.001102981,0.002033807,12.334117663,91.518845,32.193584,6951.724295556545,187,0.9739583,51,4.208292349791938,58,0.31016042780748665,"{""10"":12,""11"":2,""13"":1,""15"":1,""16"":1,""17"":3,""18"":5,""19"":5,""20"":1,""21"":1,""22"":2,""23"":1,""3"":58,""4"":7,""5"":22,""6"":18,""7"":24,""8"":11,""9"":12}","{""11"":8,""12"":5,""14"":20,""15"":3,""17"":5,""18"":6,""19"":3,""20"":7,""21"":7,""22"":1,""23"":4,""26"":1,""28"":1,""3"":58,""32"":1,""35"":1,""38"":3,""39"":2,""40"":1,""41"":3,""42"":1,""43"":1,""46"":1,""47"":1,""48"":1,""49"":1,""5"":8,""50"":1,""51"":2,""8"":21,""9"":9}",64,"{""count"":64,""unique_topologies"":64,""topology_entropy_bits"":6.0,""effective_topology_count"":64.0,""triangle_like_count"":0,""triangle_like_fraction"":0.0,""mean_nodes"":10.0,""mean_muscles"":20.171875,""node_counts"":{""10"":17,""11"":17,""12"":4,""13"":1,""22"":1,""24"":1,""5"":1,""6"":3,""7"":5,""8"":8,""9"":6},""muscle_counts"":{""11"":2,""12"":3,""15"":8,""16"":2,""17"":1,""18"":4,""19"":9,""20"":1,""21"":9,""22"":8,""23"":2,""24"":7,""25"":2,""26"":2,""47"":1,""5"":1,""59"":1,""9"":1}}",164,5.324796969388513,227,0.227,"{""10"":91,""11"":25,""12"":1,""13"":3,""15"":1,""16"":1,""17"":4,""18"":22,""19"":21,""20"":9,""21"":20,""22"":9,""23"":17,""24"":20,""3"":227,""4"":133,""5"":119,""6"":64,""7"":102,""8"":71,""9"":40}","{""10"":4,""11"":30,""12"":12,""14"":86,""15"":25,""16"":3,""17"":35,""18"":15,""19"":11,""20"":29,""21"":72,""22"":7,""23"":15,""24"":7,""25"":1,""26"":4,""28"":8,""29"":3,""3"":227,""32"":2,""36"":1,""38"":4,""39"":3,""4"":66,""40"":2,""41"":20,""42"":3,""43"":2,""44"":3,""46"":19,""47"":4,""48"":11,""49"":10,""5"":88,""50"":11,""51"":15,""52"":1,""53"":5,""55"":4,""57"":2,""59"":1,""6"":27,""62"":1,""65"":1,""7"":13,""8"":58,""9"":29}","{""Diagonal CMA-ES"":{""attempts"":287,""discoveries"":0,""improvements"":0,""insertions"":0,""insertion_rate"":0.0},""Immigrant"":{""attempts"":150,""discoveries"":0,""improvements"":0,""insertions"":0,""insertion_rate"":0.0},""Morphology"":{""attempts"":311,""discoveries"":2,""improvements"":1,""insertions"":3,""insertion_rate"":0.00964630225080386},""Novelty"":{""attempts"":252,""discoveries"":0,""improvements"":0,""insertions"":0,""insertion_rate"":0.0}}","{""Morphology"":205,""Novelty"":39}",2,0.9001490312965723,false,25000
38,204,205000,11.693899844999997,0.070158622,0.066474499,0.001408111,0.002276012,12.408385453,91.518845,32.193584,6960.113877236843,187,0.9739583,52,4.209675983640903,59,0.3155080213903743,"{""10"":12,""11"":2,""13"":1,""15"":1,""16"":1,""17"":3,""18"":4,""19"":6,""20"":1,""21"":1,""22"":2,""23"":1,""3"":59,""4"":7,""5"":22,""6"":18,""7"":23,""8"":11,""9"":12}","{""11"":8,""12"":5,""14"":19,""15"":3,""17"":5,""18"":6,""19"":3,""20"":7,""21"":7,""22"":1,""23"":4,""26"":1,""28"":1,""3"":59,""32"":1,""35"":1,""38"":3,""39"":1,""40"":1,""41"":3,""42"":1,""43"":1,""44"":1,""46"":1,""47"":2,""48"":1,""5"":8,""50"":1,""51"":2,""8"":21,""9"":9}",64,"{""count"":64,""unique_topologies"":64,""topology_entropy_bits"":6.0,""effective_topology_count"":64.0,""triangle_like_count"":0,""triangle_like_fraction"":0.0,""mean_nodes"":9.5,""mean_muscles"":18.921875,""node_counts"":{""10"":17,""11"":17,""12"":4,""13"":1,""5"":2,""6"":3,""7"":5,""8"":8,""9"":7},""muscle_counts"":{""11"":2,""12"":3,""15"":8,""16"":2,""17"":1,""18"":5,""19"":9,""20"":1,""21"":9,""22"":8,""23"":2,""24"":7,""25"":2,""26"":2,""5"":1,""8"":1,""9"":1}}",152,5.198178476181763,214,0.214,"{""10"":90,""11"":26,""13"":2,""15"":2,""18"":28,""19"":25,""20"":5,""21"":9,""22"":10,""23"":12,""24"":8,""25"":5,""3"":214,""4"":123,""5"":125,""6"":59,""7"":113,""8"":99,""9"":45}","{""10"":4,""11"":34,""12"":20,""14"":96,""15"":52,""16"":4,""17"":27,""18"":11,""19"":15,""20"":34,""21"":79,""22"":7,""23"":13,""24"":11,""26"":4,""28"":5,""3"":214,""32"":2,""39"":6,""4"":64,""40"":2,""41"":22,""42"":2,""43"":2,""44"":2,""46"":9,""47"":6,""48"":3,""49"":6,""5"":80,""50"":6,""51"":17,""52"":2,""55"":2,""56"":1,""59"":7,""6"":24,""60"":3,""61"":2,""62"":1,""63"":1,""7"":12,""8"":69,""9"":17}","{""Diagonal CMA-ES"":{""attempts"":308,""discoveries"":0,""improvements"":0,""insertions"":0,""insertion_rate"":0.0},""Immigrant"":{""attempts"":147,""discoveries"":0,""improvements"":0,""insertions"":0,""insertion_rate"":0.0},""Morphology"":{""attempts"":279,""discoveries"":2,""improvements"":4,""insertions"":6,""insertion_rate"":0.021505376344086023},""Novelty"":{""attempts"":266,""discoveries"":0,""improvements"":0,""insertions"":0,""insertion_rate"":0.0}}","{""Morphology"":174,""Novelty"":36}",3,0.8991097922848664,false,26000
38,205,206000,11.762539937999998,0.068640093,0.065310966,0.001093483,0.002235644,12.481067041,91.518845,32.478333,6963.651719033718,187,0.9739583,53,4.248783161154003,58,0.31016042780748665,"{""10"":12,""11"":2,""13"":1,""15"":1,""16"":1,""17"":3,""18"":4,""19"":6,""20"":1,""21"":1,""22"":2,""23"":1,""3"":58,""4"":7,""5"":22,""6"":19,""7"":23,""8"":11,""9"":12}","{""11"":9,""12"":5,""14"":19,""15"":3,""17"":5,""18"":6,""19"":3,""20"":7,""21"":7,""22"":1,""23"":4,""26"":1,""28"":1,""3"":58,""32"":1,""35"":1,""38"":3,""39"":1,""40"":1,""41"":3,""42"":1,""43"":1,""44"":1,""46"":1,""47"":2,""48"":1,""5"":8,""50"":1,""51"":2,""8"":21,""9"":9}",64,"{""count"":64,""unique_topologies"":64,""topology_entropy_bits"":6.0,""effective_topology_count"":64.0,""triangle_like_count"":0,""triangle_like_fraction"":0.0,""mean_nodes"":9.53125,""mean_muscles"":19.078125,""node_counts"":{""10"":17,""11"":18,""12"":4,""13"":1,""5"":2,""6"":3,""7"":5,""8"":8,""9"":6},""muscle_counts"":{""11"":2,""12"":3,""15"":8,""16"":2,""17"":1,""18"":4,""19"":9,""20"":1,""21"":9,""22"":8,""23"":2,""24"":7,""25"":2,""26"":2,""28"":1,""5"":1,""8"":1,""9"":1}}",160,5.083076851056841,245,0.245,"{""10"":137,""11"":30,""13"":1,""15"":2,""17"":2,""18"":20,""19"":30,""20"":5,""21"":15,""22"":9,""23"":7,""3"":245,""4"":134,""5"":132,""6"":55,""7"":75,""8"":56,""9"":45}","{""10"":3,""11"":30,""12"":11,""13"":1,""14"":62,""15"":18,""16"":2,""17"":20,""18"":11,""19"":15,""20"":37,""21"":121,""22"":8,""23"":9,""24"":15,""25"":1,""26"":3,""27"":1,""28"":11,""3"":245,""32"":1,""38"":2,""39"":2,""4"":69,""40"":1,""41"":18,""42"":5,""43"":1,""44"":10,""46"":15,""47"":7,""48"":8,""49"":2,""5"":89,""50"":1,""51"":13,""55"":2,""6"":36,""63"":1,""7"":8,""8"":64,""9"":21}","{""Diagonal CMA-ES"":{""attempts"":267,""discoveries"":0,""improvements"":0,""insertions"":0,""insertion_rate"":0.0},""Immigrant"":{""attempts"":164,""discoveries"":0,""improvements"":0,""insertions"":0,""insertion_rate"":0.0},""Morphology"":{""attempts"":314,""discoveries"":1,""improvements"":2,""insertions"":3,""insertion_rate"":0.009554140127388535},""Novelty"":{""attempts"":255,""discoveries"":0,""improvements"":1,""insertions"":1,""insertion_rate"":0.00392156862745098}}","{""Morphology"":207,""Novelty"":26}",2,0.8964497041420119,false,27000
38,206,207000,11.827802227999998,0.06526228999999999,0.061250477,0.001510218,0.002501595,12.550231911000001,91.518845,32.478333,6983.8941969275475,187,0.9739583,51,4.179880359444613,59,0.3155080213903743,"{""10"":12,""11"":2,""13"":1,""15"":1,""16"":1,""17"":3,""18"":4,""19"":6,""20"":1,""21"":1,""22"":2,""23"":1,""3"":59,""4"":7,""5"":22,""6"":19,""7"":23,""8"":10,""9"":12}","{""11"":9,""12"":5,""14"":18,""15"":3,""17"":5,""18"":6,""19"":3,""20"":7,""21"":7,""22"":1,""23"":4,""26"":1,""28"":1,""3"":59,""32"":1,""35"":1,""38"":3,""39"":1,""40"":1,""41"":3,""42"":1,""43"":1,""44"":1,""46"":1,""47"":2,""48"":1,""5"":8,""50"":1,""51"":2,""8"":21,""9"":9}",64,"{""count"":64,""unique_topologies"":64,""topology_entropy_bits"":6.0,""effective_topology_count"":64.0,""triangle_like_count"":0,""triangle_like_fraction"":0.0,""mean_nodes"":9.59375,""mean_muscles"":19.171875,""node_counts"":{""10"":19,""11"":17,""12"":4,""13"":1,""5"":1,""6"":3,""7"":5,""8"":8,""9"":6},""muscle_counts"":{""11"":2,""12"":3,""15"":8,""16"":2,""17"":1,""18"":4,""19"":9,""20"":1,""21"":11,""22"":8,""23"":2,""24"":7,""25"":2,""26"":2,""5"":1,""9"":1}}",157,5.372131764458969,241,0.241,"{""10"":88,""11"":28,""12"":13,""13"":6,""15"":3,""16"":2,""18"":17,""19"":29,""20"":11,""22"":6,""24"":1,""3"":241,""4"":146,""5"":118,""6"":81,""7"":69,""8"":79,""9"":62}","{""10"":1,""11"":49,""12"":22,""13"":2,""14"":49,""15"":41,""16"":5,""17"":20,""18"":28,""19"":20,""20"":29,""21"":73,""22"":10,""23"":12,""24"":5,""25"":1,""26"":8,""27"":1,""28"":9,""29"":7,""3"":241,""30"":1,""32"":9,""35"":3,""36"":1,""39"":6,""4"":72,""40"":5,""41"":11,""42"":6,""43"":7,""44"":1,""47"":7,""49"":2,""5"":96,""50"":5,""51"":10,""52"":2,""53"":1,""55"":1,""6"":29,""7"":8,""8"":59,""9"":25}","{""Diagonal CMA-ES"":{""attempts"":315,""discoveries"":0,""improvements"":0,""insertions"":0,""insertion_rate"":0.0},""Immigrant"":{""attempts"":163,""discoveries"":0,""improvements"":0,""insertions"":0,""insertion_rate"":0.0},""Morphology"":{""attempts"":281,""discoveries"":2,""improvements"":4,""insertions"":6,""insertion_rate"":0.021352313167259787},""Novelty"":{""attempts"":241,""discoveries"":0,""improvements"":0,""insertions"":0,""insertion_rate"":0.0}}","{""Morphology"":176,""Novelty"":31}",2,0.8952802359882006,false,28000
38,207,208000,11.898974785999998,0.071172558,0.066812873,0.001173031,0.003186654,12.624673044,91.518845,32.478333,7005.513648450375,187,0.9739583,51,4.188819649256465,59,0.3155080213903743,"{""10"":12,""11"":2,""13"":1,""15"":1,""16"":1,""17"":3,""18"":4,""19"":6,""20"":1,""21"":1,""22"":2,""23"":1,""3"":59,""4"":7,""5"":22,""6"":19,""7"":22,""8"":11,""9"":12}","{""11"":9,""12"":5,""14"":17,""15"":3,""17"":6,""18"":6,""19"":3,""20"":7,""21"":7,""22"":1,""23"":4,""26"":1,""28"":1,""3"":59,""32"":1,""35"":1,""38"":3,""39"":1,""40"":1,""41"":3,""42"":1,""43"":1,""44"":1,""46"":1,""47"":2,""48"":1,""5"":8,""50"":1,""51"":2,""8"":21,""9"":9}",64,"{""count"":64,""unique_topologies"":64,""topology_entropy_bits"":6.0,""effective_topology_count"":64.0,""triangle_like_count"":0,""triangle_like_fraction"":0.0,""mean_nodes"":9.796875,""mean_muscles"":19.625,""node_counts"":{""10"":18,""11"":17,""12"":4,""13"":1,""23"":1,""5"":1,""6"":3,""7"":5,""8"":8,""9"":6},""muscle_counts"":{""11"":2,""12"":3,""15"":8,""16"":2,""17"":1,""18"":4,""19"":9,""20"":1,""21"":10,""22"":8,""23"":2,""24"":7,""25"":2,""26"":2,""5"":1,""50"":1,""9"":1}}",157,5.389096800959381,239,0.239,"{""10"":47,""11"":47,""12"":2,""13"":5,""15"":6,""18"":13,""19"":26,""20"":13,""21"":6,""22"":11,""23"":3,""24"":1,""3"":239,""4"":158,""5"":120,""6"":102,""7"":78,""8"":63,""9"":60}","{""10"":2,""11"":59,""12"":25,""14"":51,""15"":37,""16"":1,""17"":22,""18"":21,""19"":13,""20"":30,""21"":29,""22"":20,""23"":24,""24"":19,""25"":1,""26"":7,""28"":6,""29"":3,""3"":239,""32"":3,""33"":2,""39"":7,""4"":74,""40"":6,""41"":6,""42"":2,""43"":6,""44"":5,""45"":2,""46"":6,""47"":9,""48"":1,""49"":4,""5"":103,""50"":7,""51"":9,""53"":1,""55"":1,""6"":27,""63"":1,""7"":6,""8"":68,""9"":35}","{""Diagonal CMA-ES"":{""attempts"":297,""discoveries"":0,""improvements"":0,""insertions"":0,""insertion_rate"":0.0},""Immigrant"":{""attempts"":154,""discoveries"":0,""improvements"":0,""insertions"":0,""insertion_rate"":0.0},""Morphology"":{""attempts"":307,""discoveries"":1,""improvements"":1,""insertions"":2,""insertion_rate"":0.006514657980456026},""Novelty"":{""attempts"":242,""discoveries"":0,""improvements"":1,""insertions"":1,""insertion_rate"":0.004132231404958678}}","{""Morphology"":211,""Novelty"":37}",1,0.8928046989720999,false,29000
38,208,209000,11.968817591999999,0.06984280600000001,0.065832181,0.001753609,0.002257016,12.698857725,91.518845,32.478333,7009.170348584652,187,0.9739583,51,4.188819649256463,59,0.3155080213903743,"{""10"":12,""11"":2,""13"":1,""15"":1,""16"":1,""17"":3,""18"":4,""19"":6,""20"":1,""21"":1,""22"":2,""23"":1,""3"":59,""4"":7,""5"":22,""6"":19,""7"":22,""8"":11,""9"":12}","{""11"":9,""12"":5,""14"":17,""15"":3,""17"":6,""18"":6,""19"":3,""20"":7,""21"":7,""22"":1,""23"":4,""26"":1,""28"":1,""3"":59,""32"":1,""35"":1,""38"":3,""39"":1,""40"":1,""41"":3,""42"":1,""43"":1,""44"":1,""46"":1,""47"":2,""48"":1,""5"":8,""50"":1,""51"":2,""8"":21,""9"":9}",64,"{""count"":64,""unique_topologies"":64,""topology_entropy_bits"":6.0,""effective_topology_count"":64.0,""triangle_like_count"":0,""triangle_like_fraction"":0.0,""mean_nodes"":9.59375,""mean_muscles"":19.171875,""node_counts"":{""10"":17,""11"":18,""12"":4,""13"":1,""5"":1,""6"":3,""7"":5,""8"":8,""9"":7},""muscle_counts"":{""11"":2,""12"":3,""15"":8,""16"":2,""17"":1,""18"":5,""19"":8,""20"":1,""21"":10,""22"":9,""23"":2,""24"":7,""25"":2,""26"":2,""5"":1,""9"":1}}",161,4.959039899756548,347,0.347,"{""10"":44,""11"":31,""12"":1,""13"":5,""15"":5,""17"":2,""18"":12,""19"":29,""20"":9,""21"":2,""22"":5,""23"":11,""24"":16,""3"":347,""4"":127,""5"":110,""6"":88,""7"":62,""8"":56,""9"":38}","{""10"":1,""11"":50,""12"":22,""14"":41,""15"":30,""16"":2,""17"":25,""18"":19,""19"":11,""20"":17,""21"":25,""22"":12,""23"":14,""24"":10,""26"":6,""27"":2,""28"":8,""29"":1,""3"":347,""32"":4,""33"":1,""38"":2,""39"":6,""4"":72,""40"":5,""41"":8,""42"":4,""43"":6,""44"":4,""46"":2,""47"":4,""48"":3,""49"":2,""5"":78,""50"":11,""51"":15,""52"":2,""53"":6,""55"":3,""6"":29,""60"":1,""63"":1,""64"":1,""7"":7,""8"":51,""9"":29}","{""Diagonal CMA-ES"":{""attempts"":292,""discoveries"":0,""improvements"":0,""insertions"":0,""insertion_rate"":0.0},""Immigrant"":{""attempts"":142,""discoveries"":0,""improvements"":0,""insertions"":0,""insertion_rate"":0.0},""Morphology"":{""attempts"":290,""discoveries"":3,""improvements"":4,""insertions"":7,""insertion_rate"":0.02413793103448276},""Novelty"":{""attempts"":276,""discoveries"":0,""improvements"":0,""insertions"":0,""insertion_rate"":0.0}}","{""Morphology"":183,""Novelty"":25}",3,0.8916544655929722,false,30000
38,209,210000,12.030602342999998,0.061784751000000006,0.058443751,0.001393865,0.001947135,12.766293919,91.518845,32.478333,7033.984286725521,187,0.9739583,51,4.187527804763487,59,0.3155080213903743,"{""10"":12,""11"":2,""13"":1,""15"":1,""16"":1,""17"":3,""18"":4,""19"":6,""20"":1,""21"":1,""22"":2,""23"":1,""3"":59,""4"":7,""5"":22,""6"":19,""7"":22,""8"":12,""9"":11}","{""11"":9,""12"":5,""14"":17,""15"":3,""17"":7,""18"":6,""19"":3,""20"":6,""21"":7,""22"":1,""23"":4,""26"":1,""28"":1,""3"":59,""32"":1,""35"":1,""38"":3,""39"":1,""40"":1,""41"":3,""42"":1,""43"":1,""44"":1,""46"":1,""47"":2,""48"":1,""5"":8,""50"":1,""51"":2,""8"":21,""9"":9}",64,"{""count"":64,""unique_topologies"":64,""topology_entropy_bits"":6.0,""effective_topology_count"":64.0,""triangle_like_count"":0,""triangle_like_fraction"":0.0,""mean_nodes"":9.59375,""mean_muscles"":19.171875,""node_counts"":{""10"":18,""11"":18,""12"":4,""13"":1,""5"":2,""6"":2,""7"":5,""8"":8,""9"":6},""muscle_counts"":{""11"":1,""12"":3,""15"":8,""16"":2,""17"":1,""18"":4,""19"":8,""20"":1,""21"":11,""22"":9,""23"":2,""24"":7,""25"":2,""26"":2,""5"":1,""8"":1,""9"":1}}",157,5.3624632003771575,250,0.25,"{""10"":82,""11"":44,""12"":8,""13"":3,""14"":2,""15"":5,""17"":1,""18"":18,""19"":29,""20"":8,""22"":9,""3"":250,""4"":161,""5"":113,""6"":103,""7"":63,""8"":61,""9"":40}","{""10"":1,""11"":58,""12"":26,""13"":1,""14"":42,""15"":23,""17"":27,""18"":22,""19"":20,""20"":19,""21"":29,""22"":23,""23"":44,""24"":9,""25"":2,""26"":5,""27"":4,""28"":9,""29"":4,""3"":250,""30"":2,""31"":1,""32"":6,""38"":1,""39"":6,""4"":84,""40"":5,""41"":10,""42"":7,""43"":6,""44"":3,""47"":7,""49"":2,""5"":94,""50"":6,""51"":9,""52"":2,""54"":1,""6"":27,""7"":10,""8"":61,""9"":32}","{""Diagonal CMA-ES"":{""attempts"":293,""discoveries"":0,""improvements"":1,""insertions"":1,""insertion_rate"":0.0034129692832764505},""Immigrant"":{""attempts"":158,""discoveries"":0,""improvements"":0,""insertions"":0,""insertion_rate"":0.0},""Morphology"":{""attempts"":286,""discoveries"":2,""improvements"":0,""insertions"":2,""insertion_rate"":0.006993006993006993},""Novelty"":{""attempts"":263,""discoveries"":0,""improvements"":0,""insertions"":0,""insertion_rate"":0.0}}","{""Morphology"":197,""Novelty"":37}",2,0.8905109489051095,false,31000
38,210,211000,12.093556563999998,0.062954221,0.058436628,0.002545524,0.001972069,12.832988064,91.518845,32.478333,7048.929908216,187,0.9739583,51,4.193615252654713,59,0.3155080213903743,"{""10"":12,""11"":2,""13"":1,""15"":1,""16"":1,""17"":3,""18"":4,""19"":6,""20"":1,""21"":1,""22"":2,""23"":1,""3"":59,""4"":7,""5"":22,""6"":19,""7"":21,""8"":13,""9"":11}","{""11"":9,""12"":5,""14"":16,""15"":3,""17"":8,""18"":6,""19"":3,""20"":6,""21"":7,""22"":1,""23"":4,""26"":1,""28"":1,""3"":59,""32"":1,""35"":1,""38"":3,""39"":1,""40"":1,""41"":3,""42"":1,""43"":1,""44"":1,""46"":1,""47"":2,""48"":1,""5"":8,""50"":1,""51"":2,""8"":21,""9"":9}",64,"{""count"":64,""unique_topologies"":64,""topology_entropy_bits"":6.0,""effective_topology_count"":64.0,""triangle_like_count"":0,""triangle_like_fraction"":0.0,""mean_nodes"":9.59375,""mean_muscles"":19.171875,""node_counts"":{""10"":18,""11"":18,""12"":4,""13"":1,""5"":2,""6"":2,""7"":5,""8"":8,""9"":6},""muscle_counts"":{""11"":1,""12"":3,""15"":8,""16"":2,""17"":1,""18"":4,""19"":8,""20"":1,""21"":11,""22"":9,""23"":2,""24"":7,""25"":2,""26"":2,""5"":1,""8"":1,""9"":1}}",160,5.157725026186107,261,0.261,"{""10"":67,""11"":21,""13"":2,""14"":1,""15"":3,""17"":4,""18"":21,""19"":20,""20"":13,""21"":10,""22"":7,""23"":3,""24"":1,""3"":261,""4"":134,""5"":123,""6"":88,""7"":98,""8"":67,""9"":56}","{""10"":2,""11"":41,""12"":23,""13"":2,""14"":77,""15"":18,""17"":31,""18"":16,""19"":17,""20"":43,""21"":52,""22"":9,""23"":11,""24"":6,""26"":3,""27"":3,""28"":7,""3"":261,""32"":3,""38"":4,""39"":3,""4"":62,""40"":2,""41"":20,""42"":2,""43"":3,""44"":6,""46"":10,""47"":6,""48"":2,""49"":2,""5"":96,""50"":2,""51"":6,""52"":10,""54"":1,""6"":19,""7"":11,""8"":69,""9"":39}","{""Diagonal CMA-ES"":{""attempts"":289,""discoveries"":0,""improvements"":0,""insertions"":0,""insertion_rate"":0.0},""Immigrant"":{""attempts"":145,""discoveries"":0,""improvements"":0,""insertions"":0,""insertion_rate"":0.0},""Morphology"":{""attempts"":296,""discoveries"":0,""improvements"":2,""insertions"":2,""insertion_rate"":0.006756756756756757},""Novelty"":{""attempts"":270,""discoveries"":0,""improvements"":0,""insertions"":0,""insertion_rate"":0.0}}","{""Morphology"":198,""Novelty"":29}",0,0.8892128279883382,false,32000
38,211,212000,12.160801605999998,0.067245042,0.064070261,0.00115166,0.002023121,12.903612099,91.518845,32.478333,7051.309132993221,187,0.9739583,51,4.193615252654715,59,0.3155080213903743,"{""10"":12,""11"":2,""13"":1,""15"":1,""16"":1,""17"":3,""18"":4,""19"":6,""20"":1,""21"":1,""22"":2,""23"":1,""3"":59,""4"":7,""5"":22,""6"":19,""7"":21,""8"":13,""9"":11}","{""11"":9,""12"":5,""14"":16,""15"":3,""17"":8,""18"":6,""19"":3,""20"":6,""21"":7,""22"":1,""23"":4,""26"":1,""28"":1,""3"":59,""32"":1,""35"":1,""38"":3,""39"":1,""40"":1,""41"":3,""42"":1,""43"":1,""44"":1,""46"":1,""47"":2,""48"":1,""5"":8,""50"":1,""51"":2,""8"":21,""9"":9}",64,"{""count"":64,""unique_topologies"":64,""topology_entropy_bits"":6.0,""effective_topology_count"":64.0,""triangle_like_count"":0,""triangle_like_fraction"":0.0,""mean_nodes"":9.609375,""mean_muscles"":19.21875,""node_counts"":{""10"":17,""11"":19,""12"":4,""13"":1,""5"":2,""6"":2,""7"":5,""8"":8,""9"":6},""muscle_counts"":{""11"":1,""12"":3,""15"":8,""16"":2,""17"":1,""18"":4,""19"":8,""20"":1,""21"":10,""22"":9,""23"":2,""24"":8,""25"":2,""26"":2,""5"":1,""8"":1,""9"":1}}",157,5.2292333777940305,248,0.248,"{""10"":77,""11"":38,""12"":5,""13"":3,""15"":2,""17"":5,""18"":21,""19"":26,""20"":12,""21"":11,""22"":6,""23"":9,""3"":248,""4"":139,""5"":127,""6"":70,""7"":98,""8"":57,""9"":46}","{""10"":1,""11"":39,""12"":12,""13"":3,""14"":82,""15"":15,""16"":1,""17"":33,""18"":13,""19"":16,""20"":30,""21"":56,""22"":18,""23"":19,""24"":14,""25"":1,""26"":5,""27"":2,""28"":5,""3"":248,""32"":2,""33"":2,""38"":5,""39"":3,""4"":71,""40"":1,""41"":17,""42"":2,""43"":4,""44"":8,""46"":11,""47"":3,""48"":10,""49"":1,""5"":90,""50"":3,""51"":13,""52"":2,""53"":1,""55"":4,""59"":1,""6"":24,""60"":1,""7"":12,""8"":69,""9"":27}","{""Diagonal CMA-ES"":{""attempts"":287,""discoveries"":0,""improvements"":0,""insertions"":0,""insertion_rate"":0.0},""Immigrant"":{""attempts"":166,""discoveries"":0,""improvements"":0,""insertions"":0,""insertion_rate"":0.0},""Morphology"":{""attempts"":291,""discoveries"":1,""improvements"":3,""insertions"":4,""insertion_rate"":0.013745704467353952},""Novelty"":{""attempts"":256,""discoveries"":0,""improvements"":0,""insertions"":0,""insertion_rate"":0.0}}","{""Morphology"":179,""Novelty"":39}",1,0.8896952104499274,false,33000
38,212,213000,12.230294164999998,0.06949255900000001,0.066256039,0.001093483,0.002143037,12.97651452,91.518845,32.478333,7059.377774655819,187,0.9739583,51,4.155033842756417,60,0.32085561497326204,"{""10"":12,""11"":2,""13"":1,""15"":1,""16"":1,""17"":3,""18"":4,""19"":5,""20"":1,""21"":1,""22"":2,""23"":1,""24"":1,""3"":60,""4"":6,""5"":22,""6"":19,""7"":22,""8"":13,""9"":10}","{""11"":9,""12"":5,""14"":17,""15"":3,""17"":8,""18"":5,""19"":3,""20"":6,""21"":7,""22"":1,""23"":4,""26"":1,""28"":1,""3"":60,""32"":1,""35"":1,""38"":3,""39"":1,""40"":1,""41"":3,""42"":1,""43"":1,""44"":1,""46"":1,""47"":2,""48"":1,""49"":1,""5"":7,""50"":1,""51"":1,""8"":21,""9"":9}",64,"{""count"":64,""unique_topologies"":64,""topology_entropy_bits"":6.0,""effective_topology_count"":64.0,""triangle_like_count"":0,""triangle_like_fraction"":0.0,""mean_nodes"":9.625,""mean_muscles"":19.265625,""node_counts"":{""10"":17,""11"":18,""12"":5,""13"":1,""5"":2,""6"":2,""7"":5,""8"":8,""9"":6},""muscle_counts"":{""11"":1,""12"":3,""15"":8,""16"":2,""17"":1,""18"":4,""19"":8,""20"":1,""21"":10,""22"":9,""23"":2,""24"":7,""25"":2,""26"":2,""27"":1,""5"":1,""8"":1,""9"":1}}",149,4.746363516166538,334,0.334,"{""10"":56,""11"":24,""12"":16,""14"":1,""15"":1,""17"":3,""18"":29,""19"":23,""20"":9,""21"":18,""22"":6,""23"":6,""24"":5,""3"":334,""4"":134,""5"":111,""6"":50,""7"":73,""8"":67,""9"":34}","{""11"":23,""12"":7,""14"":71,""15"":16,""17"":34,""18"":9,""19"":11,""20"":28,""21"":38,""22"":6,""23"":20,""24"":10,""25"":4,""26"":3,""27"":7,""28"":3,""29"":4,""3"":334,""31"":1,""32"":2,""33"":2,""38"":3,""39"":3,""4"":67,""40"":1,""41"":25,""42"":3,""44"":5,""45"":3,""46"":18,""47"":2,""48"":5,""49"":4,""5"":88,""50"":2,""51"":19,""52"":2,""53"":1,""55"":2,""59"":1,""6"":30,""7"":10,""8"":50,""9"":23}","{""Diagonal CMA-ES"":{""attempts"":304,""discoveries"":0,""improvements"":1,""insertions"":1,""insertion_rate"":0.003289473684210526},""Immigrant"":{""attempts"":137,""discoveries"":0,""improvements"":0,""insertions"":0,""insertion_rate"":0.0},""Morphology"":{""attempts"":311,""discoveries"":1,""improvements"":3,""insertions"":4,""insertion_rate"":0.012861736334405145},""Novelty"":{""attempts"":248,""discoveries"":0,""improvements"":0,""insertions"":0,""insertion_rate"":0.0}}","{""Morphology"":196,""Novelty"":29}",2,0.8885672937771346,false,34000
38,213,214000,12.299702425999998,0.06940826100000001,0.065250415,0.0013998,0.002758046,13.049832488,91.518845,32.478333,7065.233481824398,187,0.9739583,51,4.155033842756417,60,0.32085561497326204,"{""10"":12,""11"":2,""13"":1,""15"":1,""16"":1,""17"":3,""18"":4,""19"":5,""20"":1,""21"":2,""22"":2,""23"":1,""24"":1,""3"":60,""4"":6,""5"":22,""6"":19,""7"":22,""8"":12,""9"":10}","{""11"":9,""12"":5,""14"":17,""15"":3,""17"":8,""18"":5,""19"":2,""20"":6,""21"":7,""22"":1,""23"":4,""26"":1,""28"":1,""3"":60,""32"":1,""35"":1,""38"":3,""39"":1,""40"":1,""41"":3,""42"":1,""43"":1,""44"":1,""46"":2,""47"":2,""48"":1,""49"":1,""5"":7,""50"":1,""51"":1,""8"":21,""9"":9}",64,"{""count"":64,""unique_topologies"":64,""topology_entropy_bits"":6.0,""effective_topology_count"":64.0,""triangle_like_count"":0,""triangle_like_fraction"":0.0,""mean_nodes"":9.625,""mean_muscles"":19.265625,""node_counts"":{""10"":17,""11"":18,""12"":5,""13"":1,""5"":2,""6"":2,""7"":5,""8"":8,""9"":6},""muscle_counts"":{""11"":1,""12"":3,""15"":8,""16"":2,""17"":1,""18"":4,""19"":8,""20"":1,""21"":10,""22"":9,""23"":2,""24"":7,""25"":2,""26"":2,""27"":1,""5"":1,""8"":1,""9"":1}}",159,5.137416175641227,259,0.259,"{""10"":74,""11"":23,""12"":9,""13"":18,""15"":3,""17"":1,""18"":24,""19"":23,""20"":17,""21"":10,""22"":4,""23"":6,""24"":4,""3"":259,""4"":130,""5"":113,""6"":74,""7"":97,""8"":71,""9"":40}","{""10"":1,""11"":40,""12"":13,""13"":1,""14"":83,""15"":26,""16"":1,""17"":33,""18"":15,""19"":14,""20"":28,""21"":50,""22"":8,""23"":21,""24"":11,""26"":4,""27"":9,""28"":10,""29"":1,""3"":259,""30"":5,""32"":3,""36"":3,""37"":1,""38"":1,""39"":3,""4"":53,""40"":3,""41"":20,""42"":4,""43"":3,""44"":9,""45"":2,""46"":10,""47"":2,""48"":6,""49"":5,""5"":107,""50"":3,""51"":7,""52"":5,""55"":3,""6"":17,""62"":1,""63"":2,""7"":4,""8"":63,""9"":27}","{""Diagonal CMA-ES"":{""attempts"":289,""discoveries"":0,""improvements"":0,""insertions"":0,""insertion_rate"":0.0},""Immigrant"":{""attempts"":147,""discoveries"":0,""improvements"":0,""insertions"":0,""insertion_rate"":0.0},""Morphology"":{""attempts"":313,""discoveries"":0,""improvements"":1,""insertions"":1,""insertion_rate"":0.003194888178913738},""Novelty"":{""attempts"":251,""discoveries"":0,""improvements"":0,""insertions"":0,""insertion_rate"":0.0}}","{""Morphology"":210,""Novelty"":28}",0,0.8885672937771346,false,35000
38,214,215000,12.364874480999998,0.06517205499999999,0.061557981,0.001349935,0.002264139,13.119291803,91.518845,32.478333,7105.785911023617,187,0.9739583,51,4.155033842756417,60,0.32085561497326204,"{""10"":12,""11"":2,""13"":1,""15"":1,""16"":1,""17"":3,""18"":4,""19"":5,""20"":1,""21"":2,""22"":2,""23"":1,""24"":1,""3"":60,""4"":6,""5"":22,""6"":19,""7"":22,""8"":12,""9"":10}","{""11"":8,""12"":5,""14"":17,""15"":3,""17"":8,""18"":5,""19"":2,""20"":6,""21"":7,""22"":1,""23"":4,""26"":1,""28"":1,""3"":60,""32"":1,""35"":1,""38"":3,""39"":1,""40"":1,""41"":3,""42"":1,""43"":1,""44"":1,""46"":2,""47"":2,""48"":1,""49"":1,""5"":7,""50"":1,""51"":1,""8"":21,""9"":10}",64,"{""count"":64,""unique_topologies"":64,""topology_entropy_bits"":6.0,""effective_topology_count"":64.0,""triangle_like_count"":0,""triangle_like_fraction"":0.0,""mean_nodes"":9.625,""mean_muscles"":19.265625,""node_counts"":{""10"":17,""11"":18,""12"":5,""13"":1,""5"":2,""6"":2,""7"":5,""8"":8,""9"":6},""muscle_counts"":{""11"":1,""12"":3,""15"":8,""16"":2,""17"":1,""18"":4,""19"":8,""20"":1,""21"":10,""22"":9,""23"":2,""24"":7,""25"":2,""26"":2,""27"":1,""5"":1,""8"":1,""9"":1}}",147,4.76324028712356,317,0.317,"{""10"":52,""11"":27,""12"":6,""13"":4,""15"":1,""18"":14,""19"":19,""20"":6,""21"":15,""22"":7,""23"":6,""24"":1,""3"":317,""4"":146,""5"":143,""6"":59,""7"":88,""8"":58,""9"":31}","{""10"":2,""11"":27,""12"":16,""13"":1,""14"":74,""15"":18,""16"":2,""17"":23,""18"":4,""19"":16,""20"":26,""21"":37,""22"":10,""23"":16,""24"":9,""25"":2,""26"":3,""27"":1,""28"":10,""29"":1,""3"":317,""30"":1,""32"":2,""39"":1,""4"":69,""41"":15,""42"":3,""43"":1,""44"":8,""46"":15,""47"":7,""48"":5,""49"":1,""5"":100,""50"":1,""51"":6,""52"":1,""53"":1,""55"":3,""6"":24,""7"":13,""8"":83,""9"":25}","{""Diagonal CMA-ES"":{""attempts"":293,""discoveries"":0,""improvements"":0,""insertions"":0,""insertion_rate"":0.0},""Immigrant"":{""attempts"":154,""discoveries"":0,""improvements"":0,""insertions"":0,""insertion_rate"":0.0},""Morphology"":{""attempts"":300,""discoveries"":0,""improvements"":2,""insertions"":2,""insertion_rate"":0.006666666666666667},""Novelty"":{""attempts"":253,""discoveries"":0,""improvements"":0,""insertions"":0,""insertion_rate"":0.0}}","{""Morphology"":210,""Novelty"":38}",1,0.888728323699422,false,36000
38,215,216000,12.430515510999998,0.06564103,0.061675522,0.001137412,0.002828096,13.18882948,91.518845,32.478333,7112.892775952816,187,0.9739583,51,4.155033842756417,60,0.32085561497326204,"{""10"":12,""11"":2,""13"":1,""15"":1,""16"":1,""17"":3,""18"":4,""19"":5,""20"":1,""21"":2,""22"":2,""23"":1,""24"":1,""3"":60,""4"":6,""5"":22,""6"":19,""7"":22,""8"":12,""9"":10}","{""11"":8,""12"":5,""14"":17,""15"":3,""17"":8,""18"":5,""19"":2,""20"":6,""21"":7,""22"":1,""23"":4,""26"":1,""28"":1,""3"":60,""32"":1,""35"":1,""38"":3,""39"":1,""40"":1,""41"":3,""42"":1,""43"":1,""44"":1,""46"":2,""47"":2,""48"":1,""49"":1,""5"":7,""50"":1,""51"":1,""8"":21,""9"":10}",64,"{""count"":64,""unique_topologies"":64,""topology_entropy_bits"":6.0,""effective_topology_count"":64.0,""triangle_like_count"":0,""triangle_like_fraction"":0.0,""mean_nodes"":9.625,""mean_muscles"":19.265625,""node_counts"":{""10"":17,""11"":18,""12"":5,""13"":1,""5"":2,""6"":2,""7"":5,""8"":8,""9"":6},""muscle_counts"":{""11"":1,""12"":3,""15"":8,""16"":2,""17"":1,""18"":4,""19"":8,""20"":1,""21"":10,""22"":9,""23"":2,""24"":7,""25"":2,""26"":2,""27"":1,""5"":1,""8"":1,""9"":1}}",160,5.099629200605923,255,0.255,"{""10"":65,""11"":26,""12"":4,""13"":5,""15"":2,""17"":3,""18"":20,""19"":30,""20"":18,""21"":11,""22"":11,""23"":5,""24"":2,""3"":255,""4"":130,""5"":106,""6"":72,""7"":128,""8"":59,""9"":48}","{""10"":5,""11"":32,""12"":15,""14"":111,""15"":15,""16"":1,""17"":29,""18"":18,""19"":20,""20"":26,""21"":51,""22"":7,""23"":15,""24"":13,""25"":4,""26"":5,""28"":6,""3"":255,""32"":1,""36"":1,""38"":3,""39"":2,""4"":60,""40"":2,""41"":16,""42"":4,""43"":4,""44"":8,""45"":3,""46"":11,""47"":10,""48"":5,""49"":5,""5"":92,""50"":4,""51"":14,""52"":2,""53"":2,""55"":4,""58"":1,""6"":22,""7"":4,""8"":58,""9"":34}","{""Diagonal CMA-ES"":{""attempts"":302,""discoveries"":0,""improvements"":0,""insertions"":0,""insertion_rate"":0.0},""Immigrant"":{""attempts"":155,""discoveries"":0,""improvements"":0,""insertions"":0,""insertion_rate"":0.0},""Morphology"":{""attempts"":294,""discoveries"":0,""improvements"":3,""insertions"":3,""insertion_rate"":0.01020408163265306},""Novelty"":{""attempts"":249,""discoveries"":0,""improvements"":0,""insertions"":0,""insertion_rate"":0.0}}","{""Morphology"":189,""Novelty"":35}",0,0.8890489913544669,false,37000
38,216,217000,12.497197788999998,0.066682278,0.061826311,0.001507843,0.003348124,13.25969335,91.518845,32.478333,7113.845385968685,187,0.9739583,51,4.155033842756418,60,0.32085561497326204,"{""10"":12,""11"":2,""13"":1,""15"":1,""16"":1,""17"":3,""18"":4,""19"":5,""20"":1,""21"":2,""22"":1,""23"":1,""24"":2,""3"":60,""4"":6,""5"":22,""6"":19,""7"":22,""8"":12,""9"":10}","{""11"":8,""12"":5,""14"":17,""15"":3,""17"":8,""18"":5,""19"":2,""20"":6,""21"":7,""22"":1,""23"":4,""26"":1,""28"":1,""3"":60,""32"":1,""35"":1,""38"":3,""39"":1,""40"":1,""41"":3,""42"":1,""43"":1,""44"":1,""46"":2,""47"":1,""48"":1,""49"":1,""5"":7,""50"":1,""51"":2,""8"":21,""9"":10}",64,"{""count"":64,""unique_topologies"":64,""topology_entropy_bits"":6.0,""effective_topology_count"":64.0,""triangle_like_count"":0,""triangle_like_fraction"":0.0,""mean_nodes"":9.640625,""mean_muscles"":19.34375,""node_counts"":{""10"":16,""11"":19,""12"":5,""13"":1,""5"":2,""6"":2,""7"":5,""8"":8,""9"":6},""muscle_counts"":{""11"":1,""12"":3,""15"":8,""16"":2,""17"":1,""18"":4,""19"":7,""20"":1,""21"":10,""22"":9,""23"":2,""24"":8,""25"":2,""26"":2,""27"":1,""5"":1,""8"":1,""9"":1}}",165,5.291711015542482,243,0.243,"{""10"":65,""11"":32,""12"":12,""13"":5,""14"":1,""15"":1,""16"":2,""17"":1,""18"":15,""19"":37,""20"":12,""21"":20,""22"":2,""23"":6,""24"":1,""3"":243,""4"":123,""5"":121,""6"":80,""7"":95,""8"":78,""9"":48}","{""10"":2,""11"":38,""12"":15,""13"":1,""14"":75,""15"":37,""16"":2,""17"":28,""18"":13,""19"":15,""20"":36,""21"":43,""22"":11,""23"":25,""24"":14,""25"":6,""26"":3,""27"":1,""28"":8,""29"":3,""3"":243,""30"":1,""32"":3,""38"":1,""39"":2,""4"":61,""40"":3,""41"":12,""42"":6,""43"":3,""44"":11,""45"":1,""46"":20,""47"":2,""48"":7,""5"":81,""50"":3,""51"":17,""52"":3,""55"":2,""6"":25,""63"":1,""7"":9,""8"":71,""9"":36}","{""Diagonal CMA-ES"":{""attempts"":289,""discoveries"":0,""improvements"":0,""insertions"":0,""insertion_rate"":0.0},""Immigrant"":{""attempts"":145,""discoveries"":0,""improvements"":0,""insertions"":0,""insertion_rate"":0.0},""Morphology"":{""attempts"":310,""discoveries"":1,""improvements"":2,""insertions"":3,""insertion_rate"":0.00967741935483871},""Novelty"":{""attempts"":256,""discoveries"":0,""improvements"":0,""insertions"":0,""insertion_rate"":0.0}}","{""Morphology"":201,""Novelty"":35}",2,0.8890489913544669,false,38000
38,217,218000,12.565237125999998,0.06803933699999999,0.06344932,0.002429171,0.002160846,13.331568781,91.518845,32.478333,7114.041316449642,187,0.9739583,51,4.155033842756416,60,0.32085561497326204,"{""10"":12,""11"":2,""13"":1,""15"":1,""16"":1,""17"":3,""18"":4,""19"":5,""20"":1,""21"":2,""22"":1,""23"":1,""24"":2,""3"":60,""4"":6,""5"":22,""6"":19,""7"":22,""8"":12,""9"":10}","{""11"":8,""12"":5,""14"":17,""15"":3,""17"":8,""18"":5,""19"":2,""20"":6,""21"":7,""22"":1,""23"":4,""26"":1,""28"":1,""3"":60,""32"":1,""35"":1,""38"":3,""39"":1,""40"":1,""41"":3,""42"":1,""43"":1,""44"":1,""46"":2,""47"":1,""48"":1,""49"":1,""5"":7,""50"":1,""51"":2,""8"":21,""9"":10}",64,"{""count"":64,""unique_topologies"":64,""topology_entropy_bits"":6.0,""effective_topology_count"":64.0,""triangle_like_count"":0,""triangle_like_fraction"":0.0,""mean_nodes"":9.640625,""mean_muscles"":19.34375,""node_counts"":{""10"":16,""11"":19,""12"":5,""13"":1,""5"":2,""6"":2,""7"":5,""8"":8,""9"":6},""muscle_counts"":{""11"":1,""12"":3,""15"":8,""16"":2,""17"":1,""18"":4,""19"":7,""20"":1,""21"":10,""22"":9,""23"":2,""24"":8,""25"":2,""26"":2,""27"":1,""5"":1,""8"":1,""9"":1}}",158,5.2717567751990595,242,0.242,"{""10"":65,""11"":30,""12"":18,""13"":3,""15"":1,""16"":2,""18"":19,""19"":24,""20"":11,""21"":9,""22"":8,""23"":4,""24"":3,""25"":2,""3"":242,""4"":125,""5"":120,""6"":80,""7"":107,""8"":91,""9"":36}","{""10"":3,""11"":38,""12"":16,""14"":89,""15"":47,""16"":1,""17"":33,""18"":8,""19"":13,""20"":31,""21"":43,""22"":6,""23"":17,""24"":17,""25"":15,""26"":5,""27"":6,""28"":5,""3"":242,""32"":3,""39"":2,""4"":56,""40"":2,""41"":17,""42"":5,""43"":1,""44"":6,""46"":8,""47"":4,""48"":4,""49"":7,""5"":94,""50"":3,""51"":10,""52"":6,""55"":2,""6"":22,""62"":1,""63"":2,""7"":8,""8"":65,""9"":37}","{""Diagonal CMA-ES"":{""attempts"":288,""discoveries"":0,""improvements"":0,""insertions"":0,""insertion_rate"":0.0},""Immigrant"":{""attempts"":137,""discoveries"":0,""improvements"":0,""insertions"":0,""insertion_rate"":0.0},""Morphology"":{""attempts"":310,""discoveries"":0,""improvements"":1,""insertions"":1,""insertion_rate"":0.0032258064516129032},""Novelty"":{""attempts"":265,""discoveries"":0,""improvements"":0,""insertions"":0,""insertion_rate"":0.0}}","{""Morphology"":203,""Novelty"":28}",0,0.8892086330935252,false,39000
38,218,219000,12.636330139999998,0.07109301400000001,0.067391082,0.001406924,0.002295008,13.406488392,135.5802,32.668854,7221.083375394344,187,0.9739583,51,4.171318422855044,60,0.32085561497326204,"{""10"":12,""11"":2,""13"":1,""15"":1,""16"":1,""17"":3,""18"":4,""19"":5,""20"":1,""21"":2,""22"":1,""23"":1,""24"":2,""3"":60,""4"":7,""5"":21,""6"":19,""7"":22,""8"":12,""9"":10}","{""11"":8,""12"":5,""14"":17,""15"":3,""17"":8,""18"":5,""19"":2,""20"":6,""21"":7,""22"":1,""23"":4,""26"":1,""28"":1,""3"":60,""32"":1,""35"":1,""38"":3,""39"":1,""40"":1,""41"":3,""42"":1,""43"":1,""44"":1,""46"":2,""47"":1,""48"":1,""49"":1,""5"":8,""50"":1,""51"":2,""8"":20,""9"":10}",64,"{""count"":64,""unique_topologies"":64,""topology_entropy_bits"":6.0,""effective_topology_count"":64.0,""triangle_like_count"":0,""triangle_like_fraction"":0.0,""mean_nodes"":9.640625,""mean_muscles"":19.34375,""node_counts"":{""10"":16,""11"":19,""12"":5,""13"":1,""5"":2,""6"":2,""7"":5,""8"":8,""9"":6},""muscle_counts"":{""11"":1,""12"":3,""15"":8,""16"":2,""17"":1,""18"":4,""19"":7,""20"":1,""21"":10,""22"":9,""23"":2,""24"":8,""25"":2,""26"":2,""27"":1,""5"":1,""8"":1,""9"":1}}",173,5.406808915374447,245,0.245,"{""10"":49,""11"":42,""12"":8,""13"":8,""15"":5,""17"":1,""18"":13,""19"":25,""20"":11,""21"":9,""22"":9,""23"":1,""24"":1,""3"":245,""4"":159,""5"":115,""6"":94,""7"":76,""8"":78,""9"":51}","{""10"":4,""11"":52,""12"":24,""13"":3,""14"":46,""15"":41,""16"":3,""17"":31,""18"":19,""19"":17,""20"":28,""21"":18,""22"":13,""23"":28,""24"":14,""25"":4,""26"":8,""27"":2,""28"":13,""3"":245,""32"":5,""33"":1,""36"":1,""38"":1,""39"":6,""4"":79,""40"":6,""41"":7,""42"":3,""43"":6,""44"":2,""45"":1,""46"":9,""47"":7,""48"":1,""49"":2,""5"":107,""50"":5,""51"":7,""52"":1,""53"":3,""54"":1,""56"":1,""6"":18,""60"":1,""7"":9,""8"":61,""9"":36}","{""Diagonal CMA-ES"":{""attempts"":283,""discoveries"":0,""improvements"":0,""insertions"":0,""insertion_rate"":0.0},""Immigrant"":{""attempts"":141,""discoveries"":0,""improvements"":0,""insertions"":0,""insertion_rate"":0.0},""Morphology"":{""attempts"":317,""discoveries"":0,""improvements"":2,""insertions"":2,""insertion_rate"":0.006309148264984227},""Novelty"":{""attempts"":259,""discoveries"":0,""improvements"":0,""insertions"":0,""insertion_rate"":0.0}}","{""Morphology"":211,""Novelty"":37}",0,0.8892086330935252,true,40000
38,219,220000,12.706060159999998,0.06973002,0.066631224,0.001074487,0.002024309,13.479219851,135.5802,32.668854,7222.396989285946,187,0.9739583,51,4.1713184228550455,60,0.32085561497326204,"{""10"":12,""11"":2,""13"":1,""15"":1,""16"":1,""17"":3,""18"":4,""19"":5,""20"":1,""21"":2,""22"":1,""23"":1,""24"":2,""3"":60,""4"":7,""5"":21,""6"":19,""7"":22,""8"":12,""9"":10}","{""11"":8,""12"":5,""14"":17,""15"":3,""17"":8,""18"":5,""19"":2,""20"":6,""21"":7,""22"":1,""23"":4,""26"":1,""28"":1,""3"":60,""32"":1,""35"":1,""38"":3,""39"":1,""40"":1,""41"":3,""42"":1,""43"":1,""44"":1,""46"":2,""47"":1,""48"":1,""49"":1,""5"":8,""50"":1,""51"":2,""8"":20,""9"":10}",64,"{""count"":64,""unique_topologies"":64,""topology_entropy_bits"":6.0,""effective_topology_count"":64.0,""triangle_like_count"":0,""triangle_like_fraction"":0.0,""mean_nodes"":9.640625,""mean_muscles"":19.34375,""node_counts"":{""10"":16,""11"":19,""12"":5,""13"":1,""5"":2,""6"":2,""7"":5,""8"":8,""9"":6},""muscle_counts"":{""11"":1,""12"":3,""15"":8,""16"":2,""17"":1,""18"":4,""19"":7,""20"":1,""21"":10,""22"":9,""23"":2,""24"":8,""25"":2,""26"":2,""27"":1,""5"":1,""8"":1,""9"":1}}",166,5.2407143063674075,271,0.271,"{""10"":34,""11"":34,""12"":4,""13"":8,""14"":1,""15"":6,""18"":15,""19"":19,""20"":17,""21"":9,""22"":8,""23"":1,""24"":3,""3"":271,""4"":152,""5"":119,""6"":102,""7"":81,""8"":65,""9"":51}","{""10"":4,""11"":48,""12"":23,""13"":1,""14"":54,""15"":40,""16"":1,""17"":30,""18"":17,""19"":7,""20"":28,""21"":18,""22"":12,""23"":16,""24"":15,""25"":2,""26"":8,""27"":1,""28"":7,""29"":2,""3"":271,""32"":6,""39"":6,""4"":61,""40"":4,""41"":9,""42"":5,""43"":7,""44"":1,""45"":1,""46"":9,""47"":7,""48"":1,""49"":3,""5"":113,""50"":5,""51"":5,""52"":4,""53"":2,""55"":2,""6"":29,""65"":1,""7"":6,""8"":64,""9"":44}","{""Diagonal CMA-ES"":{""attempts"":277,""discoveries"":0,""improvements"":0,""insertions"":0,""insertion_rate"":0.0},""Immigrant"":{""attempts"":151,""discoveries"":0,""improvements"":0,""insertions"":0,""insertion_rate"":0.0},""Morphology"":{""attempts"":315,""discoveries"":0,""improvements"":1,""insertions"":1,""insertion_rate"":0.0031746031746031746},""Novelty"":{""attempts"":257,""discoveries"":0,""improvements"":0,""insertions"":0,""insertion_rate"":0.0}}","{""Morphology"":202,""Novelty"":28}",0,0.8895265423242468,false,1000
38,220,221000,12.773815735999998,0.06775557600000001,0.063647595,0.001598076,0.002509905,13.551386165,135.5802,32.668854,7230.426946103573,187,0.9739583,51,4.171318422855045,60,0.32085561497326204,"{""10"":12,""11"":2,""13"":1,""15"":1,""16"":1,""17"":3,""18"":4,""19"":5,""20"":1,""21"":2,""22"":1,""23"":1,""24"":2,""3"":60,""4"":7,""5"":21,""6"":19,""7"":22,""8"":12,""9"":10}","{""11"":8,""12"":5,""14"":17,""15"":3,""17"":8,""18"":5,""19"":2,""20"":6,""21"":7,""22"":1,""23"":4,""26"":1,""28"":1,""3"":60,""32"":1,""35"":1,""38"":3,""39"":1,""40"":1,""41"":3,""42"":1,""43"":1,""44"":1,""46"":2,""47"":1,""48"":1,""49"":1,""5"":8,""50"":1,""51"":2,""8"":20,""9"":10}",64,"{""count"":64,""unique_topologies"":64,""topology_entropy_bits"":6.0,""effective_topology_count"":64.0,""triangle_like_count"":0,""triangle_like_fraction"":0.0,""mean_nodes"":9.640625,""mean_muscles"":19.34375,""node_counts"":{""10"":16,""11"":19,""12"":5,""13"":1,""5"":2,""6"":2,""7"":5,""8"":8,""9"":6},""muscle_counts"":{""11"":1,""12"":3,""15"":8,""16"":2,""17"":1,""18"":4,""19"":7,""20"":1,""21"":10,""22"":9,""23"":2,""24"":8,""25"":2,""26"":2,""27"":1,""5"":1,""8"":1,""9"":1}}",166,5.296395443658204,264,0.264,"{""10"":40,""11"":32,""12"":14,""13"":5,""15"":6,""17"":2,""18"":12,""19"":28,""20"":13,""21"":6,""22"":8,""3"":264,""4"":137,""5"":126,""6"":93,""7"":79,""8"":82,""9"":53}","{""10"":4,""11"":57,""12"":26,""13"":1,""14"":50,""15"":40,""16"":3,""17"":37,""18"":17,""19"":12,""20"":37,""21"":16,""22"":11,""23"":25,""24"":7,""25"":6,""26"":6,""27"":3,""28"":10,""29"":2,""3"":264,""32"":6,""38"":2,""39"":4,""4"":60,""40"":8,""41"":7,""42"":5,""43"":6,""44"":4,""45"":1,""46"":6,""47"":6,""49"":2,""5"":111,""50"":6,""51"":4,""52"":3,""53"":1,""54"":2,""55"":1,""6"":26,""63"":1,""7"":7,""8"":59,""9"":28}","{""Diagonal CMA-ES"":{""attempts"":325,""discoveries"":0,""improvements"":0,""insertions"":0,""insertion_rate"":0.0},""Immigrant"":{""attempts"":133,""discoveries"":0,""improvements"":0,""insertions"":0,""insertion_rate"":0.0},""Morphology"":{""attempts"":320,""discoveries"":0,""improvements"":3,""insertions"":3,""insertion_rate"":0.009375},""Novelty"":{""attempts"":222,""discoveries"":0,""improvements"":0,""insertions"":0,""insertion_rate"":0.0}}","{""Morphology"":200,""Novelty"":31}",0,0.8895265423242468,false,2000
38,221,222000,12.844628552999998,0.070812817,0.066057769,0.001393864,0.003361184,13.626367515,135.5802,32.668854,7248.359429776669,187,0.9739583,51,4.171318422855043,60,0.32085561497326204,"{""10"":12,""11"":2,""13"":1,""15"":1,""16"":1,""17"":3,""18"":4,""19"":5,""20"":1,""21"":2,""22"":1,""23"":1,""24"":2,""3"":60,""4"":7,""5"":21,""6"":19,""7"":22,""8"":12,""9"":10}","{""11"":8,""12"":5,""14"":17,""15"":3,""17"":8,""18"":5,""19"":2,""20"":6,""21"":7,""22"":1,""23"":4,""26"":1,""28"":1,""3"":60,""32"":1,""35"":1,""38"":3,""39"":1,""40"":1,""41"":3,""42"":1,""43"":1,""44"":1,""46"":2,""47"":1,""48"":1,""49"":1,""5"":8,""50"":1,""51"":2,""8"":20,""9"":10}",64,"{""count"":64,""unique_topologies"":64,""topology_entropy_bits"":6.0,""effective_topology_count"":64.0,""triangle_like_count"":0,""triangle_like_fraction"":0.0,""mean_nodes"":9.640625,""mean_muscles"":19.34375,""node_counts"":{""10"":16,""11"":19,""12"":5,""13"":1,""5"":2,""6"":2,""7"":5,""8"":8,""9"":6},""muscle_counts"":{""11"":1,""12"":3,""15"":8,""16"":2,""17"":1,""18"":4,""19"":7,""20"":1,""21"":10,""22"":9,""23"":2,""24"":8,""25"":2,""26"":2,""27"":1,""5"":1,""8"":1,""9"":1}}",175,5.411512389997071,258,0.258,"{""10"":42,""11"":32,""12"":10,""13"":7,""14"":2,""15"":6,""17"":6,""18"":15,""19"":21,""20"":10,""21"":9,""22"":11,""23"":2,""25"":1,""3"":258,""4"":143,""5"":131,""6"":94,""7"":78,""8"":67,""9"":55}","{""10"":2,""11"":47,""12"":24,""13"":5,""14"":48,""15"":34,""16"":8,""17"":24,""18"":18,""19"":13,""20"":36,""21"":18,""22"":13,""23"":19,""24"":9,""25"":3,""26"":6,""27"":6,""28"":8,""3"":258,""32"":9,""33"":1,""35"":1,""38"":6,""39"":6,""4"":69,""40"":6,""41"":9,""42"":3,""43"":6,""44"":3,""46"":9,""47"":9,""48"":1,""49"":2,""5"":103,""50"":7,""51"":2,""52"":4,""55"":1,""56"":1,""6"":29,""7"":13,""8"":60,""9"":41}","{""Diagonal CMA-ES"":{""attempts"":305,""discoveries"":0,""improvements"":0,""insertions"":0,""insertion_rate"":0.0},""Immigrant"":{""attempts"":148,""discoveries"":0,""improvements"":0,""insertions"":0,""insertion_rate"":0.0},""Morphology"":{""attempts"":286,""discoveries"":1,""improvements"":3,""insertions"":4,""insertion_rate"":0.013986013986013986},""Novelty"":{""attempts"":261,""discoveries"":0,""improvements"":0,""insertions"":0,""insertion_rate"":0.0}}","{""Morphology"":195,""Novelty"":35}",1,0.8895265423242468,false,3000
38,222,223000,12.914533101999998,0.06990454900000001,0.066662093,0.001168282,0.002074174,13.699822025,135.5802,32.668854,7251.235913693905,187,0.9739583,50,4.160623235689268,60,0.32085561497326204,"{""10"":12,""11"":2,""13"":1,""15"":1,""16"":1,""17"":3,""18"":4,""19"":5,""21"":2,""22"":1,""23"":1,""24"":3,""3"":60,""4"":7,""5"":21,""6"":19,""7"":22,""8"":12,""9"":10}","{""11"":8,""12"":5,""14"":17,""15"":3,""17"":8,""18"":5,""19"":2,""20"":6,""21"":7,""22"":1,""23"":4,""26"":1,""28"":1,""3"":60,""32"":1,""35"":1,""38"":3,""39"":1,""40"":1,""41"":3,""42"":1,""44"":1,""46"":2,""47"":1,""48"":1,""49"":1,""5"":8,""50"":1,""51"":3,""8"":20,""9"":10}",64,"{""count"":64,""unique_topologies"":64,""topology_entropy_bits"":6.0,""effective_topology_count"":64.0,""triangle_like_count"":0,""triangle_like_fraction"":0.0,""mean_nodes"":9.640625,""mean_muscles"":19.34375,""node_counts"":{""10"":16,""11"":19,""12"":5,""13"":1,""5"":2,""6"":2,""7"":5,""8"":8,""9"":6},""muscle_counts"":{""11"":1,""12"":3,""15"":8,""16"":2,""17"":1,""18"":4,""19"":7,""20"":1,""21"":10,""22"":9,""23"":2,""24"":8,""25"":2,""26"":2,""27"":1,""5"":1,""8"":1,""9"":1}}",164,5.319149032474107,250,0.25,"{""10"":40,""11"":42,""12"":24,""13"":3,""14"":2,""15"":5,""17"":5,""18"":14,""19"":19,""20"":10,""21"":8,""22"":11,""23"":1,""24"":3,""3"":250,""4"":145,""5"":119,""6"":89,""7"":97,""8"":73,""9"":40}","{""10"":2,""11"":46,""12"":27,""13"":2,""14"":66,""15"":41,""16"":2,""17"":32,""18"":14,""19"":13,""20"":21,""21"":19,""22"":29,""23"":24,""24"":8,""25"":6,""26"":4,""27"":2,""28"":8,""29"":6,""3"":250,""30"":1,""32"":5,""38"":5,""39"":6,""4"":68,""40"":6,""41"":10,""42"":2,""43"":5,""44"":3,""46"":8,""47"":9,""49"":4,""5"":111,""50"":5,""51"":3,""52"":3,""55"":2,""6"":27,""63"":1,""7"":2,""8"":56,""9"":36}","{""Diagonal CMA-ES"":{""attempts"":291,""discoveries"":0,""improvements"":0,""insertions"":0,""insertion_rate"":0.0},""Immigrant"":{""attempts"":155,""discoveries"":0,""improvements"":0,""insertions"":0,""insertion_rate"":0.0},""Morphology"":{""attempts"":308,""discoveries"":0,""improvements"":3,""insertions"":3,""insertion_rate"":0.00974025974025974},""Novelty"":{""attempts"":246,""discoveries"":0,""improvements"":0,""insertions"":0,""insertion_rate"":0.0}}","{""Morphology"":192,""Novelty"":36}",0,0.8895265423242468,false,4000
38,223,224000,12.985330484999999,0.070797383,0.067570361,0.001169469,0.002057553,13.774142062,135.5802,32.668854,7306.2934965491295,187,0.9739583,51,4.180475806761132,60,0.32085561497326204,"{""10"":12,""11"":2,""13"":1,""15"":1,""16"":1,""17"":3,""18"":4,""19"":5,""21"":2,""22"":1,""23"":1,""24"":3,""3"":60,""4"":6,""5"":22,""6"":19,""7"":21,""8"":13,""9"":10}","{""11"":8,""12"":5,""14"":16,""15"":3,""17"":9,""18"":5,""19"":2,""20"":6,""21"":7,""22"":1,""23"":4,""26"":1,""28"":1,""3"":60,""32"":1,""35"":1,""38"":3,""39"":1,""40"":1,""41"":3,""42"":1,""44"":1,""46"":2,""47"":1,""48"":1,""49"":1,""5"":7,""50"":1,""51"":3,""6"":1,""8"":20,""9"":10}",64,"{""count"":64,""unique_topologies"":64,""topology_entropy_bits"":6.0,""effective_topology_count"":64.0,""triangle_like_count"":0,""triangle_like_fraction"":0.0,""mean_nodes"":9.640625,""mean_muscles"":19.34375,""node_counts"":{""10"":16,""11"":19,""12"":5,""13"":1,""5"":2,""6"":2,""7"":5,""8"":8,""9"":6},""muscle_counts"":{""11"":1,""12"":3,""15"":8,""16"":2,""17"":1,""18"":4,""19"":7,""20"":1,""21"":10,""22"":9,""23"":2,""24"":8,""25"":2,""26"":2,""27"":1,""5"":1,""8"":1,""9"":1}}",176,5.4279184814131805,257,0.257,"{""10"":35,""11"":32,""12"":10,""13"":9,""14"":1,""15"":6,""17"":5,""18"":15,""19"":20,""20"":3,""21"":8,""22"":13,""23"":2,""24"":8,""25"":2,""3"":257,""4"":142,""5"":113,""6"":110,""7"":86,""8"":68,""9"":55}","{""10"":4,""11"":58,""12"":27,""13"":2,""14"":58,""15"":30,""16"":3,""17"":31,""18"":24,""19"":13,""20"":31,""21"":16,""22"":15,""23"":19,""24"":7,""25"":2,""26"":10,""27"":4,""28"":7,""3"":257,""32"":6,""33"":1,""38"":5,""39"":5,""4"":64,""40"":5,""41"":10,""42"":1,""44"":5,""46"":8,""47"":10,""48"":2,""49"":4,""5"":105,""50"":5,""51"":9,""52"":3,""54"":1,""57"":1,""6"":32,""65"":1,""66"":1,""7"":11,""8"":43,""9"":44}","{""Diagonal CMA-ES"":{""attempts"":312,""discoveries"":0,""improvements"":0,""insertions"":0,""insertion_rate"":0.0},""Immigrant"":{""attempts"":159,""discoveries"":0,""improvements"":0,""insertions"":0,""insertion_rate"":0.0},""Morphology"":{""attempts"":308,""discoveries"":0,""improvements"":4,""insertions"":4,""insertion_rate"":0.012987012987012988},""Novelty"":{""attempts"":221,""discoveries"":0,""improvements"":0,""insertions"":0,""insertion_rate"":0.0}}","{""Morphology"":218,""Novelty"":22}",1,0.8895265423242468,false,5000
38,224,225000,13.049835295,0.06450481,0.061092573,0.001093483,0.002318754,13.841689865,135.5802,32.668854,7308.001672208309,187,0.9739583,51,4.18047580676113,60,0.32085561497326204,"{""10"":12,""11"":2,""13"":1,""15"":1,""16"":1,""17"":3,""18"":4,""19"":5,""21"":2,""22"":1,""23"":1,""24"":3,""3"":60,""4"":6,""5"":22,""6"":19,""7"":21,""8"":13,""9"":10}","{""11"":8,""12"":5,""14"":16,""15"":3,""17"":9,""18"":5,""19"":2,""20"":6,""21"":7,""22"":1,""23"":4,""26"":1,""28"":1,""3"":60,""32"":1,""35"":1,""38"":3,""39"":1,""40"":1,""41"":3,""42"":1,""44"":1,""46"":2,""47"":1,""48"":1,""49"":1,""5"":7,""50"":1,""51"":3,""6"":1,""8"":20,""9"":10}",64,"{""count"":64,""unique_topologies"":64,""topology_entropy_bits"":6.0,""effective_topology_count"":64.0,""triangle_like_count"":0,""triangle_like_fraction"":0.0,""mean_nodes"":9.640625,""mean_muscles"":19.34375,""node_counts"":{""10"":16,""11"":19,""12"":5,""13"":1,""5"":2,""6"":2,""7"":5,""8"":8,""9"":6},""muscle_counts"":{""11"":1,""12"":3,""15"":8,""16"":2,""17"":1,""18"":4,""19"":7,""20"":1,""21"":10,""22"":9,""23"":2,""24"":8,""25"":2,""26"":2,""27"":1,""5"":1,""8"":1,""9"":1}}",182,5.48679728583474,244,0.244,"{""10"":50,""11"":32,""12"":8,""13"":7,""14"":1,""15"":6,""17"":4,""18"":17,""19"":26,""20"":8,""21"":4,""22"":12,""23"":5,""24"":6,""3"":244,""4"":146,""5"":119,""6"":108,""7"":71,""8"":65,""9"":61}","{""11"":54,""12"":27,""13"":2,""14"":44,""15"":25,""16"":4,""17"":33,""18"":30,""19"":15,""20"":29,""21"":22,""22"":15,""23"":20,""24"":10,""25"":4,""26"":7,""27"":1,""28"":6,""29"":2,""3"":244,""30"":2,""32"":8,""33"":1,""38"":4,""39"":7,""4"":58,""40"":6,""41"":10,""42"":5,""44"":5,""46"":4,""47"":9,""48"":5,""49"":3,""5"":106,""50"":7,""51"":9,""52"":2,""54"":1,""55"":5,""6"":28,""7"":13,""8"":66,""9"":42}","{""Diagonal CMA-ES"":{""attempts"":282,""discoveries"":0,""improvements"":0,""insertions"":0,""insertion_rate"":0.0},""Immigrant"":{""attempts"":146,""discoveries"":0,""improvements"":0,""insertions"":0,""insertion_rate"":0.0},""Morphology"":{""attempts"":305,""discoveries"":0,""improvements"":1,""insertions"":1,""insertion_rate"":0.003278688524590164},""Novelty"":{""attempts"":267,""discoveries"":0,""improvements"":0,""insertions"":0,""insertion_rate"":0.0}}","{""Morphology"":192,""Novelty"":32}",0,0.8896848137535817,false,6000
38,225,226000,13.118823266,0.068987971,0.064368273,0.001846217,0.002773481,13.914944912,135.5802,32.668854,7313.631467282772,187,0.9739583,51,4.176838711478064,60,0.32085561497326204,"{""10"":13,""11"":2,""13"":1,""15"":1,""16"":1,""17"":3,""18"":4,""19"":5,""21"":2,""22"":1,""23"":1,""24"":3,""3"":60,""4"":6,""5"":22,""6"":19,""7"":20,""8"":14,""9"":9}","{""11"":8,""12"":5,""14"":15,""15"":3,""17"":10,""18"":4,""19"":2,""20"":6,""21"":8,""22"":1,""23"":4,""26"":1,""28"":1,""3"":60,""32"":1,""35"":1,""38"":3,""39"":1,""40"":1,""41"":3,""42"":1,""44"":1,""46"":2,""47"":1,""48"":1,""49"":1,""5"":7,""50"":1,""51"":3,""6"":1,""8"":20,""9"":10}",64,"{""count"":64,""unique_topologies"":64,""topology_entropy_bits"":6.0,""effective_topology_count"":64.0,""triangle_like_count"":0,""triangle_like_fraction"":0.0,""mean_nodes"":9.65625,""mean_muscles"":19.375,""node_counts"":{""10"":16,""11"":19,""12"":5,""13"":1,""5"":1,""6"":3,""7"":5,""8"":8,""9"":6},""muscle_counts"":{""11"":1,""12"":3,""15"":8,""16"":2,""17"":1,""18"":4,""19"":7,""20"":1,""21"":10,""22"":9,""23"":2,""24"":8,""25"":2,""26"":2,""27"":1,""7"":1,""8"":1,""9"":1}}",173,5.374665909084421,218,0.218,"{""10"":46,""11"":28,""12"":6,""13"":6,""14"":1,""15"":5,""17"":4,""18"":15,""19"":22,""20"":8,""21"":6,""22"":5,""23"":2,""24"":7,""3"":218,""4"":162,""5"":153,""6"":77,""7"":66,""8"":72,""9"":91}","{""10"":1,""11"":37,""12"":22,""13"":2,""14"":39,""15"":29,""16"":5,""17"":38,""18"":63,""19"":12,""20"":29,""21"":25,""22"":9,""23"":15,""24"":15,""25"":2,""26"":5,""27"":2,""28"":5,""29"":2,""3"":218,""32"":5,""38"":4,""39"":5,""4"":80,""40"":4,""41"":9,""42"":4,""44"":3,""46"":6,""47"":6,""48"":3,""49"":2,""5"":112,""50"":5,""51"":10,""52"":2,""53"":1,""55"":4,""57"":1,""6"":18,""7"":15,""8"":93,""9"":33}","{""Diagonal CMA-ES"":{""attempts"":275,""discoveries"":0,""improvements"":0,""insertions"":0,""insertion_rate"":0.0},""Immigrant"":{""attempts"":154,""discoveries"":0,""improvements"":0,""insertions"":0,""insertion_rate"":0.0},""Morphology"":{""attempts"":305,""discoveries"":1,""improvements"":2,""insertions"":3,""insertion_rate"":0.009836065573770493},""Novelty"":{""attempts"":266,""discoveries"":0,""improvements"":0,""insertions"":0,""insertion_rate"":0.0}}","{""Morphology"":183,""Novelty"":37}",1,0.8896848137535817,false,7000
38,226,227000,13.184048751999999,0.065225486,0.061927229,0.001161157,0.0021371,13.983883018,135.5802,32.668854,7313.631467282772,187,0.9739583,51,4.176838711478067,60,0.32085561497326204,"{""10"":13,""11"":2,""13"":1,""15"":1,""16"":1,""17"":3,""18"":4,""19"":5,""21"":2,""22"":1,""23"":1,""24"":3,""3"":60,""4"":6,""5"":22,""6"":19,""7"":20,""8"":14,""9"":9}","{""11"":8,""12"":5,""14"":15,""15"":3,""17"":10,""18"":4,""19"":2,""20"":6,""21"":8,""22"":1,""23"":4,""26"":1,""28"":1,""3"":60,""32"":1,""35"":1,""38"":3,""39"":1,""40"":1,""41"":3,""42"":1,""44"":1,""46"":2,""47"":1,""48"":1,""49"":1,""5"":7,""50"":1,""51"":3,""6"":1,""8"":20,""9"":10}",64,"{""count"":64,""unique_topologies"":64,""topology_entropy_bits"":6.0,""effective_topology_count"":64.0,""triangle_like_count"":0,""triangle_like_fraction"":0.0,""mean_nodes"":9.65625,""mean_muscles"":19.375,""node_counts"":{""10"":16,""11"":19,""12"":5,""13"":1,""5"":1,""6"":3,""7"":5,""8"":8,""9"":6},""muscle_counts"":{""11"":1,""12"":3,""15"":8,""16"":2,""17"":1,""18"":4,""19"":7,""20"":1,""21"":10,""22"":9,""23"":2,""24"":8,""25"":2,""26"":2,""27"":1,""7"":1,""8"":1,""9"":1}}",160,5.354282001146504,223,0.223,"{""10"":94,""11"":24,""12"":1,""13"":5,""15"":5,""17"":5,""18"":11,""19"":21,""20"":14,""21"":7,""22"":10,""24"":4,""25"":3,""3"":223,""4"":138,""5"":156,""6"":98,""7"":72,""8"":66,""9"":43}","{""10"":6,""11"":44,""12"":23,""14"":34,""15"":33,""17"":32,""18"":17,""19"":14,""20"":22,""21"":22,""22"":12,""23"":65,""24"":4,""26"":7,""27"":3,""28"":7,""29"":1,""3"":223,""30"":1,""32"":5,""38"":5,""39"":4,""4"":74,""40"":6,""41"":8,""42"":3,""44"":5,""45"":6,""46"":7,""47"":10,""5"":89,""50"":3,""51"":7,""52"":6,""54"":4,""6"":25,""63"":1,""7"":14,""8"":105,""9"":43}","{""Diagonal CMA-ES"":{""attempts"":307,""discoveries"":0,""improvements"":0,""insertions"":0,""insertion_rate"":0.0},""Immigrant"":{""attempts"":138,""discoveries"":0,""improvements"":0,""insertions"":0,""insertion_rate"":0.0},""Morphology"":{""attempts"":296,""discoveries"":0,""improvements"":0,""insertions"":0,""insertion_rate"":0.0},""Novelty"":{""attempts"":259,""discoveries"":0,""improvements"":0,""insertions"":0,""insertion_rate"":0.0}}","{""Morphology"":210,""Novelty"":26}",0,0.8898426323319027,false,8000
38,227,228000,13.256086838999998,0.072038087,0.067411266,0.001300069,0.003326752,14.060171561,135.5802,32.668854,7313.631467282772,187,0.9739583,51,4.176838711478067,60,0.32085561497326204,"{""10"":13,""11"":2,""13"":1,""15"":1,""16"":1,""17"":3,""18"":4,""19"":5,""21"":2,""22"":1,""23"":1,""24"":3,""3"":60,""4"":6,""5"":22,""6"":19,""7"":20,""8"":14,""9"":9}","{""11"":8,""12"":5,""14"":15,""15"":3,""17"":10,""18"":4,""19"":2,""20"":6,""21"":8,""22"":1,""23"":4,""26"":1,""28"":1,""3"":60,""32"":1,""35"":1,""38"":3,""39"":1,""40"":1,""41"":3,""42"":1,""44"":1,""46"":2,""47"":1,""48"":1,""49"":1,""5"":7,""50"":1,""51"":3,""6"":1,""8"":20,""9"":10}",64,"{""count"":64,""unique_topologies"":64,""topology_entropy_bits"":6.0,""effective_topology_count"":64.0,""triangle_like_count"":0,""triangle_like_fraction"":0.0,""mean_nodes"":9.6875,""mean_muscles"":19.46875,""node_counts"":{""10"":16,""11"":19,""12"":5,""13"":1,""5"":1,""6"":3,""7"":4,""8"":8,""9"":7},""muscle_counts"":{""11"":1,""12"":2,""15"":8,""16"":2,""17"":1,""18"":5,""19"":7,""20"":1,""21"":10,""22"":9,""23"":2,""24"":8,""25"":2,""26"":2,""27"":1,""7"":1,""8"":1,""9"":1}}",187,5.428614971267131,260,0.26,"{""10"":56,""11"":29,""12"":5,""13"":8,""14"":1,""15"":5,""17"":4,""18"":14,""19"":20,""20"":5,""21"":7,""22"":12,""23"":3,""24"":7,""25"":2,""3"":260,""4"":142,""5"":104,""6"":109,""7"":80,""8"":76,""9"":51}","{""10"":5,""11"":50,""12"":21,""13"":1,""14"":45,""15"":39,""16"":4,""17"":35,""18"":19,""19"":10,""20"":27,""21"":30,""22"":13,""23"":25,""24"":7,""25"":1,""26"":7,""27"":3,""28"":10,""29"":1,""3"":260,""30"":1,""32"":5,""38"":4,""39"":6,""4"":69,""40"":6,""41"":9,""42"":5,""43"":1,""44"":1,""46"":7,""47"":10,""48"":2,""49"":2,""5"":95,""50"":7,""51"":6,""52"":6,""53"":1,""6"":18,""62"":1,""65"":1,""7"":15,""8"":63,""9"":46}","{""Diagonal CMA-ES"":{""attempts"":290,""discoveries"":0,""improvements"":0,""insertions"":0,""insertion_rate"":0.0},""Immigrant"":{""attempts"":144,""discoveries"":0,""improvements"":0,""insertions"":0,""insertion_rate"":0.0},""Morphology"":{""attempts"":289,""discoveries"":1,""improvements"":0,""insertions"":1,""insertion_rate"":0.0034602076124567475},""Novelty"":{""attempts"":277,""discoveries"":0,""improvements"":0,""insertions"":0,""insertion_rate"":0.0}}","{""Morphology"":196,""Novelty"":35}",1,0.8898426323319027,false,9000
38,228,229000,13.324749496999997,0.06866265799999999,0.065414265,0.001202713,0.00204568,14.132672687,135.5802,32.668854,7316.544812619686,187,0.9739583,50,4.147979668345059,60,0.32085561497326204,"{""10"":13,""11"":2,""13"":1,""15"":1,""16"":1,""17"":3,""18"":4,""19"":5,""21"":2,""22"":1,""23"":1,""24"":3,""3"":60,""4"":6,""5"":22,""6"":19,""7"":21,""8"":13,""9"":9}","{""11"":8,""12"":5,""14"":16,""15"":3,""17"":10,""18"":4,""19"":2,""20"":5,""21"":8,""22"":1,""23"":4,""26"":1,""28"":1,""3"":60,""32"":1,""35"":1,""38"":3,""39"":1,""40"":1,""41"":3,""42"":1,""44"":1,""46"":2,""47"":1,""48"":1,""49"":1,""5"":7,""50"":1,""51"":3,""6"":1,""8"":20,""9"":10}",64,"{""count"":64,""unique_topologies"":64,""topology_entropy_bits"":6.0,""effective_topology_count"":64.0,""triangle_like_count"":0,""triangle_like_fraction"":0.0,""mean_nodes"":9.75,""mean_muscles"":19.671875,""node_counts"":{""10"":17,""11"":19,""12"":5,""13"":1,""5"":1,""6"":2,""7"":4,""8"":8,""9"":7},""muscle_counts"":{""12"":2,""15"":8,""16"":1,""17"":1,""18"":5,""19"":8,""20"":1,""21"":11,""22"":9,""23"":2,""24"":8,""25"":2,""26"":2,""27"":1,""7"":1,""8"":1,""9"":1}}",171,5.410705175755222,257,0.257,"{""10"":74,""11"":26,""12"":1,""13"":5,""15"":6,""17"":6,""18"":13,""19"":23,""20"":12,""21"":10,""22"":13,""23"":2,""24"":5,""25"":2,""3"":257,""4"":155,""5"":118,""6"":95,""7"":58,""8"":64,""9"":55}","{""11"":46,""12"":20,""14"":36,""15"":32,""16"":1,""17"":35,""18"":25,""19"":18,""20"":26,""21"":31,""22"":15,""23"":22,""24"":7,""25"":3,""26"":7,""27"":3,""28"":9,""3"":257,""32"":4,""36"":1,""38"":6,""39"":4,""4"":76,""40"":3,""41"":13,""42"":3,""44"":5,""45"":3,""46"":10,""47"":3,""48"":1,""49"":6,""5"":102,""50"":6,""51"":9,""52"":4,""53"":1,""54"":3,""55"":2,""6"":26,""60"":1,""62"":1,""63"":1,""65"":1,""7"":13,""8"":59,""9"":40}","{""Diagonal CMA-ES"":{""attempts"":264,""discoveries"":0,""improvements"":0,""insertions"":0,""insertion_rate"":0.0},""Immigrant"":{""attempts"":169,""discoveries"":0,""improvements"":0,""insertions"":0,""insertion_rate"":0.0},""Morphology"":{""attempts"":308,""discoveries"":2,""improvements"":1,""insertions"":3,""insertion_rate"":0.00974025974025974},""Novelty"":{""attempts"":259,""discoveries"":0,""improvements"":0,""insertions"":0,""insertion_rate"":0.0}}","{""Morphology"":209,""Novelty"":37}",2,0.89,false,10000
38,229,230000,13.388405404999997,0.063655908,0.060757762,0.00109942,0.001798726,14.199421454,135.5802,32.668854,7316.941861569881,187,0.9739583,50,4.147979668345059,60,0.32085561497326204,"{""10"":13,""11"":2,""13"":1,""15"":1,""16"":1,""17"":3,""18"":4,""19"":5,""21"":2,""22"":1,""23"":1,""24"":3,""3"":60,""4"":6,""5"":22,""6"":19,""7"":21,""8"":13,""9"":9}","{""11"":8,""12"":5,""14"":16,""15"":3,""17"":10,""18"":4,""19"":2,""20"":5,""21"":8,""22"":1,""23"":4,""26"":1,""28"":1,""3"":60,""32"":1,""35"":1,""38"":3,""39"":1,""40"":1,""41"":3,""42"":1,""44"":1,""46"":2,""47"":1,""48"":1,""49"":1,""5"":7,""50"":1,""51"":3,""6"":1,""8"":20,""9"":10}",64,"{""count"":64,""unique_topologies"":64,""topology_entropy_bits"":6.0,""effective_topology_count"":64.0,""triangle_like_count"":0,""triangle_like_fraction"":0.0,""mean_nodes"":9.671875,""mean_muscles"":19.5,""node_counts"":{""10"":17,""11"":19,""12"":4,""13"":1,""5"":1,""6"":2,""7"":5,""8"":8,""9"":7},""muscle_counts"":{""12"":3,""15"":8,""16"":1,""17"":1,""18"":5,""19"":8,""21"":11,""22"":10,""23"":2,""24"":8,""25"":1,""26"":2,""27"":1,""7"":1,""8"":1,""9"":1}}",161,5.3087948142159895,268,0.268,"{""10"":64,""11"":27,""13"":5,""14"":1,""15"":6,""17"":5,""18"":13,""19"":21,""20"":9,""21"":10,""22"":13,""23"":3,""24"":4,""25"":1,""3"":268,""4"":141,""5"":113,""6"":91,""7"":76,""8"":65,""9"":64}","{""10"":2,""11"":43,""12"":29,""13"":1,""14"":47,""15"":31,""16"":4,""17"":31,""18"":23,""19"":16,""20"":27,""21"":34,""22"":9,""23"":28,""24"":6,""25"":3,""26"":5,""27"":4,""28"":6,""29"":2,""3"":268,""32"":7,""38"":5,""39"":6,""4"":65,""40"":5,""41"":10,""42"":3,""44"":4,""45"":1,""46"":11,""47"":7,""48"":4,""49"":4,""5"":97,""50"":4,""51"":6,""52"":5,""54"":1,""55"":3,""6"":23,""7"":10,""8"":61,""9"":39}","{""Diagonal CMA-ES"":{""attempts"":304,""discoveries"":0,""improvements"":0,""insertions"":0,""insertion_rate"":0.0},""Immigrant"":{""attempts"":145,""discoveries"":0,""improvements"":0,""insertions"":0,""insertion_rate"":0.0},""Morphology"":{""attempts"":292,""discoveries"":2,""improvements"":1,""insertions"":3,""insertion_rate"":0.010273972602739725},""Novelty"":{""attempts"":259,""discoveries"":0,""improvements"":0,""insertions"":0,""insertion_rate"":0.0}}","{""Morphology"":186,""Novelty"":33}",2,0.89,false,11000
38,230,231000,13.450332638999997,0.061927234000000005,0.058869993,0.001218147,0.001839094,14.264483101,135.5802,32.668854,7363.482789456844,187,0.9739583,51,4.158674855510834,60,0.32085561497326204,"{""10"":13,""11"":2,""13"":1,""15"":1,""16"":1,""17"":3,""18"":4,""19"":5,""21"":2,""22"":1,""23"":1,""24"":3,""3"":60,""4"":5,""5"":22,""6"":19,""7"":22,""8"":13,""9"":9}","{""11"":8,""12"":6,""14"":16,""15"":3,""17"":10,""18"":4,""19"":2,""20"":5,""21"":8,""22"":1,""23"":4,""26"":1,""28"":1,""3"":60,""32"":1,""35"":1,""38"":3,""39"":1,""40"":1,""41"":3,""42"":1,""44"":1,""46"":2,""47"":1,""48"":1,""49"":1,""5"":6,""50"":1,""51"":3,""6"":1,""8"":20,""9"":10}",64,"{""count"":64,""unique_topologies"":64,""topology_entropy_bits"":6.0,""effective_topology_count"":64.0,""triangle_like_count"":0,""triangle_like_fraction"":0.0,""mean_nodes"":9.671875,""mean_muscles"":19.5,""node_counts"":{""10"":17,""11"":19,""12"":4,""13"":1,""5"":1,""6"":2,""7"":5,""8"":8,""9"":7},""muscle_counts"":{""12"":3,""15"":8,""16"":1,""17"":1,""18"":5,""19"":8,""21"":11,""22"":10,""23"":2,""24"":8,""25"":1,""26"":2,""27"":1,""7"":1,""8"":1,""9"":1}}",161,4.645150515394731,111,0.111,"{""10"":18,""11"":27,""12"":9,""13"":1,""15"":1,""17"":1,""18"":7,""19"":14,""20"":5,""21"":5,""22"":4,""24"":2,""3"":111,""4"":123,""5"":271,""6"":270,""7"":50,""8"":57,""9"":24}","{""10"":8,""11"":19,""12"":24,""13"":7,""14"":18,""15"":20,""16"":2,""17"":25,""18"":8,""19"":5,""20"":19,""21"":12,""22"":13,""23"":8,""24"":7,""25"":5,""26"":2,""28"":4,""29"":3,""3"":111,""32"":1,""38"":1,""4"":67,""40"":1,""41"":6,""42"":6,""43"":1,""44"":3,""46"":5,""47"":1,""49"":3,""5"":75,""50"":3,""51"":3,""52"":3,""53"":2,""6"":18,""7"":16,""8"":220,""9"":245}","{""Diagonal CMA-ES"":{""attempts"":292,""discoveries"":0,""improvements"":0,""insertions"":0,""insertion_rate"":0.0},""Immigrant"":{""attempts"":153,""discoveries"":0,""improvements"":0,""insertions"":0,""insertion_rate"":0.0},""Morphology"":{""attempts"":299,""discoveries"":0,""improvements"":2,""insertions"":2,""insertion_rate"":0.006688963210702341},""Novelty"":{""attempts"":256,""discoveries"":0,""improvements"":1,""insertions"":1,""insertion_rate"":0.00390625}}","{""Morphology"":204,""Novelty"":30}",0,0.8901569186875892,false,12000
38,231,232000,13.516119714999997,0.065787076,0.062161128,0.001069738,0.00255621,14.333726342,135.5802,33.905746,7374.269469678402,187,0.9739583,50,4.137818521126395,60,0.32085561497326204,"{""10"":13,""11"":2,""13"":1,""15"":1,""16"":1,""17"":2,""18"":4,""19"":5,""21"":2,""22"":1,""23"":1,""24"":3,""3"":60,""4"":5,""5"":22,""6"":19,""7"":22,""8"":13,""9"":10}","{""11"":8,""12"":6,""14"":16,""15"":3,""17"":10,""18"":4,""19"":2,""20"":6,""21"":8,""22"":1,""23"":4,""26"":1,""28"":1,""3"":60,""32"":1,""35"":1,""38"":2,""39"":1,""40"":1,""41"":3,""42"":1,""44"":1,""46"":2,""47"":1,""48"":1,""49"":1,""5"":6,""50"":1,""51"":3,""6"":1,""8"":20,""9"":10}",64,"{""count"":64,""unique_topologies"":64,""topology_entropy_bits"":6.0,""effective_topology_count"":64.0,""triangle_like_count"":0,""triangle_like_fraction"":0.0,""mean_nodes"":9.671875,""mean_muscles"":19.5,""node_counts"":{""10"":17,""11"":19,""12"":4,""13"":1,""5"":1,""6"":2,""7"":5,""8"":8,""9"":7},""muscle_counts"":{""12"":3,""15"":8,""16"":1,""17"":1,""18"":5,""19"":8,""21"":11,""22"":10,""23"":2,""24"":8,""25"":1,""26"":2,""27"":1,""7"":1,""8"":1,""9"":1}}",162,5.021888144672788,256,0.256,"{""10"":40,""11"":28,""12"":5,""13"":3,""14"":1,""15"":3,""17"":4,""18"":7,""19"":15,""20"":6,""21"":6,""22"":9,""24"":4,""25"":1,""3"":256,""4"":129,""5"":97,""6"":211,""7"":70,""8"":64,""9"":41}","{""10"":7,""11"":38,""12"":19,""13"":9,""14"":43,""15"":26,""17"":25,""18"":14,""19"":16,""20"":24,""21"":21,""22"":14,""23"":13,""24"":5,""25"":5,""26"":4,""27"":3,""28"":5,""29"":2,""3"":256,""32"":4,""38"":4,""39"":3,""4"":62,""40"":3,""41"":5,""42"":4,""43"":1,""44"":1,""45"":1,""46"":6,""47"":6,""49"":3,""5"":97,""50"":2,""51"":6,""52"":3,""53"":1,""55"":2,""6"":28,""62"":1,""7"":9,""8"":34,""9"":165}","{""Diagonal CMA-ES"":{""attempts"":316,""discoveries"":0,""improvements"":0,""insertions"":0,""insertion_rate"":0.0},""Immigrant"":{""attempts"":159,""discoveries"":0,""improvements"":0,""insertions"":0,""insertion_rate"":0.0},""Morphology"":{""attempts"":303,""discoveries"":0,""improvements"":2,""insertions"":2,""insertion_rate"":0.006600660066006601},""Novelty"":{""attempts"":222,""discoveries"":0,""improvements"":0,""insertions"":0,""insertion_rate"":0.0}}","{""Morphology"":192,""Novelty"":31}",0,0.8904694167852063,false,13000
38,232,233000,13.583999960999996,0.06788024600000002,0.063588236,0.001093483,0.003198527,14.405756125,135.5802,33.905746,7395.386142194271,187,0.9739583,50,4.137818521126396,60,0.32085561497326204,"{""10"":13,""11"":2,""13"":1,""15"":1,""16"":1,""17"":2,""18"":4,""19"":5,""21"":2,""22"":1,""23"":1,""24"":3,""3"":60,""4"":5,""5"":21,""6"":19,""7"":22,""8"":14,""9"":10}","{""11"":8,""12"":6,""14"":16,""15"":4,""17"":10,""18"":4,""19"":2,""20"":6,""21"":8,""22"":1,""23"":4,""26"":1,""28"":1,""3"":60,""32"":1,""35"":1,""38"":2,""39"":1,""40"":1,""41"":3,""42"":1,""44"":1,""46"":2,""47"":1,""48"":1,""49"":1,""5"":6,""50"":1,""51"":3,""8"":20,""9"":10}",64,"{""count"":64,""unique_topologies"":64,""topology_entropy_bits"":6.0,""effective_topology_count"":64.0,""triangle_like_count"":0,""triangle_like_fraction"":0.0,""mean_nodes"":9.671875,""mean_muscles"":19.5,""node_counts"":{""10"":17,""11"":19,""12"":4,""13"":1,""5"":1,""6"":2,""7"":5,""8"":8,""9"":7},""muscle_counts"":{""12"":3,""15"":8,""16"":1,""17"":1,""18"":5,""19"":8,""21"":11,""22"":10,""23"":2,""24"":8,""25"":1,""26"":2,""27"":1,""7"":1,""8"":1,""9"":1}}",148,4.3610634471612055,167,0.167,"{""10"":47,""11"":27,""12"":6,""18"":2,""19"":182,""20"":8,""21"":4,""22"":9,""23"":1,""3"":167,""4"":111,""5"":69,""6"":25,""7"":29,""8"":38,""9"":275}","{""10"":3,""11"":10,""12"":10,""13"":6,""14"":14,""15"":19,""16"":1,""17"":12,""18"":6,""19"":6,""20"":263,""21"":27,""22"":16,""23"":16,""24"":12,""25"":3,""27"":6,""28"":2,""3"":167,""39"":1,""4"":61,""41"":1,""42"":176,""43"":4,""44"":5,""45"":2,""46"":4,""47"":3,""48"":1,""49"":1,""5"":74,""51"":3,""52"":1,""55"":2,""6"":24,""60"":2,""7"":8,""8"":15,""9"":13}","{""Diagonal CMA-ES"":{""attempts"":277,""discoveries"":0,""improvements"":0,""insertions"":0,""insertion_rate"":0.0},""Immigrant"":{""attempts"":151,""discoveries"":0,""improvements"":0,""insertions"":0,""insertion_rate"":0.0},""Morphology"":{""attempts"":291,""discoveries"":0,""improvements"":4,""insertions"":4,""insertion_rate"":0.013745704467353952},""Novelty"":{""attempts"":281,""discoveries"":0,""improvements"":0,""insertions"":0,""insertion_rate"":0.0}}","{""Morphology"":190,""Novelty"":36}",1,0.8907801418439716,false,14000
38,233,234000,13.656104541999996,0.072104581,0.067972854,0.001102981,0.003028746,14.481935444,135.5802,33.905746,7397.209239423275,187,0.9739583,50,4.137818521126395,60,0.32085561497326204,"{""10"":13,""11"":2,""13"":1,""15"":1,""16"":1,""17"":2,""18"":3,""19"":5,""20"":1,""21"":2,""22"":1,""23"":1,""24"":3,""3"":60,""4"":5,""5"":21,""6"":19,""7"":22,""8"":14,""9"":10}","{""11"":8,""12"":6,""14"":16,""15"":4,""17"":10,""18"":4,""19"":2,""20"":6,""21"":8,""22"":1,""23"":4,""26"":1,""28"":1,""3"":60,""32"":1,""35"":1,""38"":2,""40"":1,""41"":3,""42"":2,""44"":1,""46"":2,""47"":1,""48"":1,""49"":1,""5"":6,""50"":1,""51"":3,""8"":20,""9"":10}",64,"{""count"":64,""unique_topologies"":64,""topology_entropy_bits"":6.0,""effective_topology_count"":64.0,""triangle_like_count"":0,""triangle_like_fraction"":0.0,""mean_nodes"":9.625,""mean_muscles"":19.296875,""node_counts"":{""10"":16,""11"":18,""12"":4,""13"":1,""5"":1,""6"":2,""7"":5,""8"":8,""9"":9},""muscle_counts"":{""12"":3,""15"":8,""16"":2,""17"":1,""18"":6,""19"":8,""21"":10,""22"":10,""23"":2,""24"":8,""25"":1,""26"":1,""27"":1,""7"":1,""8"":1,""9"":1}}",155,4.5114916959566695,82,0.082,"{""10"":40,""11"":19,""12"":7,""15"":1,""18"":10,""19"":208,""20"":20,""21"":3,""22"":9,""23"":1,""25"":2,""3"":82,""4"":100,""5"":102,""6"":27,""7"":30,""8"":42,""9"":297}","{""11"":14,""12"":14,""13"":3,""14"":17,""15"":23,""16"":3,""17"":10,""18"":11,""19"":11,""20"":280,""21"":17,""22"":8,""23"":19,""24"":10,""25"":4,""27"":1,""28"":7,""3"":82,""30"":1,""39"":1,""4"":59,""40"":1,""41"":10,""42"":200,""43"":8,""44"":3,""45"":6,""46"":3,""47"":3,""48"":2,""49"":4,""5"":69,""51"":4,""52"":5,""55"":1,""6"":24,""61"":1,""63"":1,""7"":3,""8"":47,""9"":10}","{""Diagonal CMA-ES"":{""attempts"":316,""discoveries"":0,""improvements"":0,""insertions"":0,""insertion_rate"":0.0},""Immigrant"":{""attempts"":138,""discoveries"":0,""improvements"":0,""insertions"":0,""insertion_rate"":0.0},""Morphology"":{""attempts"":299,""discoveries"":2,""improvements"":3,""insertions"":5,""insertion_rate"":0.016722408026755852},""Novelty"":{""attempts"":247,""discoveries"":0,""improvements"":0,""insertions"":0,""insertion_rate"":0.0}}","{""Morphology"":202,""Novelty"":31}",3,0.8907801418439716,false,15000
38,234,235000,13.720231800999995,0.064127259,0.059406642,0.00168356,0.003037057,14.551043335,135.5802,33.905746,7407.615319669247,187,0.9739583,50,4.137818521126395,60,0.32085561497326204,"{""10"":13,""11"":2,""13"":1,""15"":1,""16"":1,""17"":2,""18"":3,""19"":5,""20"":1,""21"":2,""22"":1,""23"":1,""24"":3,""3"":60,""4"":5,""5"":20,""6"":19,""7"":22,""8"":14,""9"":11}","{""11"":8,""12"":6,""14"":16,""15"":4,""16"":1,""17"":10,""18"":4,""19"":2,""20"":6,""21"":8,""22"":1,""23"":4,""26"":1,""28"":1,""3"":60,""32"":1,""35"":1,""38"":2,""40"":1,""41"":3,""42"":2,""44"":1,""46"":2,""47"":1,""48"":1,""49"":1,""5"":5,""50"":1,""51"":3,""8"":20,""9"":10}",64,"{""count"":64,""unique_topologies"":64,""topology_entropy_bits"":6.0,""effective_topology_count"":64.0,""triangle_like_count"":0,""triangle_like_fraction"":0.0,""mean_nodes"":9.625,""mean_muscles"":19.296875,""node_counts"":{""10"":16,""11"":18,""12"":4,""13"":1,""5"":1,""6"":2,""7"":5,""8"":8,""9"":9},""muscle_counts"":{""12"":3,""15"":8,""16"":2,""17"":1,""18"":6,""19"":8,""21"":10,""22"":10,""23"":2,""24"":8,""25"":1,""26"":1,""27"":1,""7"":1,""8"":1,""9"":1}}",165,5.379566574498179,205,0.205,"{""10"":67,""11"":21,""12"":1,""13"":4,""15"":4,""17"":3,""18"":9,""19"":109,""20"":12,""21"":4,""22"":12,""23"":1,""24"":6,""25"":2,""3"":205,""4"":123,""5"":93,""6"":78,""7"":64,""8"":58,""9"":124}","{""10"":5,""11"":40,""12"":17,""13"":2,""14"":39,""15"":26,""16"":9,""17"":29,""18"":23,""19"":26,""20"":92,""21"":33,""22"":10,""23"":12,""24"":8,""26"":4,""27"":1,""28"":5,""29"":2,""3"":205,""32"":3,""36"":1,""38"":3,""39"":1,""4"":59,""40"":4,""41"":7,""42"":100,""43"":5,""45"":2,""46"":3,""47"":5,""49"":6,""5"":87,""50"":7,""51"":7,""52"":3,""53"":1,""54"":1,""55"":3,""6"":25,""7"":5,""8"":40,""9"":34}","{""Diagonal CMA-ES"":{""attempts"":320,""discoveries"":0,""improvements"":0,""insertions"":0,""insertion_rate"":0.0},""Immigrant"":{""attempts"":135,""discoveries"":0,""improvements"":0,""insertions"":0,""insertion_rate"":0.0},""Morphology"":{""attempts"":313,""discoveries"":0,""improvements"":2,""insertions"":2,""insertion_rate"":0.006389776357827476},""Novelty"":{""attempts"":232,""discoveries"":0,""improvements"":0,""insertions"":0,""insertion_rate"":0.0}}","{""Morphology"":204,""Novelty"":36}",0,0.8907801418439716,false,16000
38,235,236000,13.785435922999996,0.065204122,0.060922796,0.001704932,0.002576394,14.620927706,135.5802,33.905746,7418.611783444881,187,0.9739583,50,4.126697775917983,60,0.32085561497326204,"{""10"":12,""11"":2,""13"":1,""15"":1,""16"":1,""17"":2,""18"":3,""19"":5,""20"":1,""21"":2,""22"":1,""23"":1,""24"":3,""3"":60,""4"":5,""5"":20,""6"":19,""7"":22,""8"":15,""9"":11}","{""11"":8,""12"":6,""14"":16,""15"":4,""16"":1,""17"":11,""18"":4,""19"":2,""20"":6,""21"":8,""22"":1,""23"":3,""26"":1,""28"":1,""3"":60,""32"":1,""35"":1,""38"":2,""40"":1,""41"":3,""42"":2,""44"":1,""46"":2,""47"":1,""48"":1,""49"":1,""5"":5,""50"":1,""51"":3,""8"":20,""9"":10}",64,"{""count"":64,""unique_topologies"":64,""topology_entropy_bits"":6.0,""effective_topology_count"":64.0,""triangle_like_count"":0,""triangle_like_fraction"":0.0,""mean_nodes"":9.578125,""mean_muscles"":19.15625,""node_counts"":{""10"":17,""11"":18,""12"":4,""5"":1,""6"":2,""7"":5,""8"":8,""9"":9},""muscle_counts"":{""12"":3,""15"":8,""16"":2,""17"":2,""18"":6,""19"":8,""21"":10,""22"":10,""23"":2,""24"":8,""25"":1,""27"":1,""7"":1,""8"":1,""9"":1}}",161,5.450257335042227,242,0.242,"{""10"":64,""11"":28,""12"":2,""13"":6,""15"":5,""17"":4,""18"":11,""19"":60,""20"":16,""21"":8,""22"":15,""24"":6,""25"":2,""3"":242,""4"":148,""5"":100,""6"":99,""7"":58,""8"":51,""9"":75}","{""10"":2,""11"":45,""12"":22,""13"":1,""14"":34,""15"":24,""16"":13,""17"":32,""18"":28,""19"":21,""20"":30,""21"":29,""22"":10,""23"":11,""24"":12,""26"":8,""27"":2,""28"":9,""29"":4,""3"":242,""30"":1,""32"":6,""38"":4,""4"":78,""40"":6,""41"":13,""42"":42,""43"":4,""44"":4,""45"":2,""46"":8,""47"":10,""48"":1,""49"":5,""5"":93,""50"":4,""51"":9,""52"":5,""53"":1,""54"":2,""55"":2,""6"":17,""7"":8,""8"":52,""9"":44}","{""Diagonal CMA-ES"":{""attempts"":283,""discoveries"":0,""improvements"":0,""insertions"":0,""insertion_rate"":0.0},""Immigrant"":{""attempts"":146,""discoveries"":0,""improvements"":0,""insertions"":0,""insertion_rate"":0.0},""Morphology"":{""attempts"":309,""discoveries"":1,""improvements"":1,""insertions"":2,""insertion_rate"":0.006472491909385114},""Novelty"":{""attempts"":262,""discoveries"":0,""improvements"":0,""insertions"":0,""insertion_rate"":0.0}}","{""Morphology"":214,""Novelty"":35}",1,0.8909348441926346,false,17000
38,236,237000,13.850270800999995,0.064834878,0.061517623,0.001295321,0.002021934,14.689358849,135.5802,33.905746,7453.567900121212,187,0.9739583,51,4.15732846651862,60,0.32085561497326204,"{""10"":12,""11"":3,""13"":1,""15"":1,""16"":1,""17"":2,""18"":3,""19"":5,""20"":1,""21"":2,""22"":1,""23"":1,""24"":3,""3"":60,""4"":5,""5"":19,""6"":19,""7"":22,""8"":15,""9"":11}","{""11"":8,""12"":6,""14"":16,""15"":4,""16"":1,""17"":11,""18"":5,""19"":2,""20"":6,""21"":8,""22"":1,""23"":3,""26"":1,""28"":1,""3"":60,""32"":1,""35"":1,""38"":2,""40"":1,""41"":3,""42"":2,""44"":1,""46"":2,""47"":1,""48"":1,""49"":1,""5"":5,""50"":1,""51"":3,""8"":19,""9"":10}",64,"{""count"":64,""unique_topologies"":64,""topology_entropy_bits"":6.0,""effective_topology_count"":64.0,""triangle_like_count"":0,""triangle_like_fraction"":0.0,""mean_nodes"":9.625,""mean_muscles"":19.1875,""node_counts"":{""10"":17,""11"":19,""12"":4,""5"":2,""6"":1,""7"":4,""8"":8,""9"":9},""muscle_counts"":{""12"":3,""15"":7,""16"":2,""17"":2,""18"":7,""19"":8,""21"":10,""22"":10,""23"":2,""24"":8,""25"":1,""27"":1,""6"":1,""8"":1,""9"":1}}",177,5.53442084726661,231,0.231,"{""10"":78,""11"":49,""12"":1,""13"":4,""14"":1,""15"":5,""17"":5,""18"":8,""19"":69,""20"":15,""21"":6,""22"":12,""24"":9,""3"":231,""4"":139,""5"":110,""6"":88,""7"":57,""8"":55,""9"":58}","{""11"":38,""12"":17,""13"":2,""14"":38,""15"":29,""16"":10,""17"":28,""18"":32,""19"":15,""20"":32,""21"":35,""22"":9,""23"":36,""24"":8,""26"":4,""27"":1,""28"":5,""29"":4,""3"":231,""32"":6,""38"":5,""4"":74,""40"":4,""41"":7,""42"":64,""43"":2,""44"":4,""46"":6,""47"":8,""49"":4,""5"":86,""50"":6,""51"":9,""52"":3,""53"":1,""54"":1,""6"":22,""7"":18,""8"":49,""9"":47}","{""Diagonal CMA-ES"":{""attempts"":285,""discoveries"":0,""improvements"":1,""insertions"":1,""insertion_rate"":0.0035087719298245615},""Immigrant"":{""attempts"":169,""discoveries"":0,""improvements"":0,""insertions"":0,""insertion_rate"":0.0},""Morphology"":{""attempts"":300,""discoveries"":2,""improvements"":2,""insertions"":4,""insertion_rate"":0.013333333333333334},""Novelty"":{""attempts"":246,""discoveries"":0,""improvements"":0,""insertions"":0,""insertion_rate"":0.0}}","{""Morphology"":205,""Novelty"":28}",3,0.8913963328631875,false,18000
38,237,238000,13.914361254999996,0.06409045399999999,0.059286727,0.001309568,0.003494159,14.757896847,135.5802,34.942333,7544.371332585812,187,0.9739583,52,4.196566412102374,59,0.3155080213903743,"{""10"":11,""11"":4,""12"":2,""13"":1,""15"":1,""16"":1,""17"":2,""18"":3,""19"":5,""20"":1,""21"":2,""22"":1,""23"":1,""24"":3,""3"":59,""4"":5,""5"":19,""6"":19,""7"":21,""8"":15,""9"":11}","{""11"":8,""12"":6,""14"":16,""15"":3,""16"":1,""17"":11,""18"":5,""19"":3,""20"":6,""21"":9,""22"":2,""23"":3,""26"":1,""3"":59,""32"":1,""35"":1,""38"":2,""40"":1,""41"":3,""42"":2,""44"":1,""46"":2,""47"":1,""48"":1,""49"":1,""5"":5,""50"":1,""51"":3,""8"":19,""9"":10}",64,"{""count"":64,""unique_topologies"":64,""topology_entropy_bits"":6.0,""effective_topology_count"":64.0,""triangle_like_count"":0,""triangle_like_fraction"":0.0,""mean_nodes"":9.625,""mean_muscles"":19.1875,""node_counts"":{""10"":17,""11"":19,""12"":4,""5"":2,""6"":1,""7"":4,""8"":8,""9"":9},""muscle_counts"":{""12"":3,""15"":7,""16"":2,""17"":2,""18"":7,""19"":8,""21"":10,""22"":10,""23"":2,""24"":8,""25"":1,""27"":1,""6"":1,""8"":1,""9"":1}}",166,5.386642582618275,228,0.228,"{""10"":54,""11"":27,""12"":15,""13"":2,""15"":2,""16"":1,""17"":3,""18"":18,""19"":41,""20"":9,""21"":17,""22"":4,""23"":5,""24"":6,""25"":1,""3"":228,""4"":154,""5"":133,""6"":65,""7"":80,""8"":86,""9"":49}","{""10"":8,""11"":24,""12"":19,""13"":1,""14"":50,""15"":32,""16"":2,""17"":49,""18"":21,""19"":22,""20"":26,""21"":50,""22"":13,""23"":10,""24"":8,""25"":1,""26"":2,""27"":1,""28"":2,""3"":228,""32"":2,""38"":3,""4"":70,""40"":2,""41"":16,""42"":20,""43"":2,""44"":2,""45"":1,""46"":17,""47"":3,""48"":6,""49"":2,""5"":102,""50"":3,""51"":23,""52"":1,""54"":2,""55"":1,""6"":33,""7"":20,""8"":72,""9"":28}","{""Diagonal CMA-ES"":{""attempts"":264,""discoveries"":0,""improvements"":0,""insertions"":0,""insertion_rate"":0.0},""Immigrant"":{""attempts"":162,""discoveries"":0,""improvements"":0,""insertions"":0,""insertion_rate"":0.0},""Morphology"":{""attempts"":315,""discoveries"":0,""improvements"":3,""insertions"":3,""insertion_rate"":0.009523809523809525},""Novelty"":{""attempts"":259,""discoveries"":0,""improvements"":0,""insertions"":0,""insertion_rate"":0.0}}","{""Morphology"":199,""Novelty"":38}",2,0.8913963328631875,false,19000
38,238,239000,13.980018914999995,0.06565766,0.06134428,0.001410486,0.002902894,14.827892822,135.5802,34.946735,7696.458506047726,187,0.9739583,53,4.267989388611049,57,0.3048128342245989,"{""10"":11,""11"":4,""12"":2,""13"":1,""15"":1,""16"":1,""17"":2,""18"":3,""19"":5,""20"":1,""21"":2,""22"":1,""23"":1,""24"":3,""3"":57,""4"":6,""5"":19,""6"":18,""7"":21,""8"":17,""9"":11}","{""11"":7,""12"":6,""13"":1,""14"":16,""15"":4,""16"":1,""17"":11,""18"":5,""19"":3,""20"":6,""21"":9,""22"":2,""23"":3,""26"":1,""3"":57,""32"":1,""35"":1,""38"":2,""40"":1,""41"":3,""42"":2,""44"":1,""46"":2,""47"":1,""48"":1,""49"":1,""5"":6,""50"":1,""51"":3,""8"":19,""9"":10}",64,"{""count"":64,""unique_topologies"":64,""topology_entropy_bits"":6.0,""effective_topology_count"":64.0,""triangle_like_count"":0,""triangle_like_fraction"":0.0,""mean_nodes"":9.65625,""mean_muscles"":19.15625,""node_counts"":{""10"":17,""11"":18,""12"":4,""13"":1,""5"":2,""6"":1,""7"":4,""8"":8,""9"":9},""muscle_counts"":{""12"":3,""15"":7,""16"":2,""17"":2,""18"":7,""19"":8,""20"":1,""21"":10,""22"":9,""23"":2,""24"":8,""25"":1,""27"":1,""6"":1,""8"":1,""9"":1}}",173,5.295063923765256,253,0.253,"{""10"":61,""11"":24,""12"":20,""13"":8,""15"":3,""17"":1,""18"":15,""19"":32,""20"":13,""21"":15,""22"":5,""23"":3,""24"":6,""25"":1,""3"":253,""4"":124,""5"":113,""6"":72,""7"":86,""8"":83,""9"":62}","{""10"":5,""11"":37,""12"":24,""13"":2,""14"":60,""15"":24,""16"":9,""17"":53,""18"":25,""19"":16,""20"":34,""21"":59,""22"":10,""23"":15,""24"":4,""26"":4,""27"":2,""28"":2,""3"":253,""32"":3,""38"":1,""4"":58,""40"":2,""41"":15,""42"":12,""43"":2,""44"":1,""46"":15,""47"":4,""48"":3,""49"":1,""5"":89,""50"":3,""51"":20,""52"":3,""53"":2,""54"":2,""55"":4,""56"":1,""6"":27,""7"":10,""8"":57,""9"":27}","{""Diagonal CMA-ES"":{""attempts"":314,""discoveries"":0,""improvements"":0,""insertions"":0,""insertion_rate"":0.0},""Immigrant"":{""attempts"":138,""discoveries"":0,""improvements"":0,""insertions"":0,""insertion_rate"":0.0},""Morphology"":{""attempts"":295,""discoveries"":1,""improvements"":5,""insertions"":6,""insertion_rate"":0.020338983050847456},""Novelty"":{""attempts"":253,""discoveries"":0,""improvements"":0,""insertions"":0,""insertion_rate"":0.0}}","{""Morphology"":192,""Novelty"":29}",2,0.8915492957746479,false,20000
38,239,240000,14.047250906999995,0.067231992,0.063604858,0.001145723,0.002481411,14.898882549,135.5802,35.395767,7812.490787923336,187,0.9739583,53,4.274959747883078,57,0.3048128342245989,"{""10"":12,""11"":3,""12"":2,""13"":1,""14"":3,""15"":1,""16"":1,""17"":2,""18"":3,""19"":5,""20"":1,""21"":2,""23"":1,""24"":3,""3"":57,""4"":6,""5"":18,""6"":18,""7"":21,""8"":18,""9"":9}","{""11"":7,""12"":6,""13"":2,""14"":16,""15"":4,""17"":11,""18"":3,""19"":3,""20"":6,""21"":12,""22"":3,""23"":3,""26"":1,""3"":57,""32"":1,""35"":1,""38"":2,""40"":1,""41"":3,""42"":2,""44"":1,""46"":2,""48"":1,""49"":1,""5"":6,""50"":1,""51"":3,""8"":18,""9"":10}",64,"{""count"":64,""unique_topologies"":64,""topology_entropy_bits"":6.0,""effective_topology_count"":64.0,""triangle_like_count"":0,""triangle_like_fraction"":0.0,""mean_nodes"":9.65625,""mean_muscles"":19.0,""node_counts"":{""10"":17,""11"":17,""12"":3,""13"":1,""14"":1,""5"":2,""6"":1,""7"":4,""8"":8,""9"":10},""muscle_counts"":{""12"":3,""15"":7,""16"":2,""17"":3,""18"":7,""19"":8,""20"":1,""21"":10,""22"":9,""23"":2,""24"":8,""25"":1,""6"":1,""8"":1,""9"":1}}",156,4.917910493903453,269,0.269,"{""10"":44,""11"":22,""12"":5,""13"":9,""14"":16,""17"":2,""18"":21,""19"":12,""20"":4,""21"":6,""22"":8,""23"":11,""24"":2,""3"":269,""4"":140,""5"":68,""6"":23,""7"":59,""8"":210,""9"":69}","{""10"":4,""11"":10,""12"":7,""13"":106,""14"":62,""15"":43,""16"":8,""17"":59,""18"":15,""19"":7,""20"":36,""21"":48,""22"":17,""23"":11,""24"":4,""25"":1,""26"":2,""27"":1,""28"":2,""3"":269,""32"":1,""38"":2,""4"":70,""41"":21,""42"":1,""44"":5,""46"":6,""47"":7,""48"":10,""49"":1,""5"":86,""50"":1,""51"":7,""52"":2,""55"":2,""6"":21,""63"":1,""7"":9,""8"":22,""9"":13}","{""Diagonal CMA-ES"":{""attempts"":316,""discoveries"":0,""improvements"":0,""insertions"":0,""insertion_rate"":0.0},""Immigrant"":{""attempts"":135,""discoveries"":0,""improvements"":0,""insertions"":0,""insertion_rate"":0.0},""Morphology"":{""attempts"":303,""discoveries"":1,""improvements"":6,""insertions"":7,""insertion_rate"":0.0231023102310231},""Novelty"":{""attempts"":246,""discoveries"":1,""improvements"":1,""insertions"":2,""insertion_rate"":0.008130081300813009}}","{""Morphology"":205,""Novelty"":28}",5,0.8906030855539971,false,21000
38,240,241000,14.110945997999995,0.063695091,0.060715023,0.001095857,0.001884211,14.966021933,135.5802,35.395767,7813.3843349814415,187,0.9739583,53,4.27495974788308,57,0.3048128342245989,"{""10"":12,""11"":3,""12"":2,""13"":1,""14"":3,""15"":1,""16"":1,""17"":2,""18"":3,""19"":5,""20"":1,""21"":2,""23"":1,""24"":3,""3"":57,""4"":6,""5"":18,""6"":18,""7"":21,""8"":18,""9"":9}","{""11"":7,""12"":6,""13"":2,""14"":16,""15"":4,""17"":11,""18"":3,""19"":3,""20"":6,""21"":12,""22"":3,""23"":3,""26"":1,""3"":57,""32"":1,""35"":1,""38"":2,""40"":1,""41"":3,""42"":2,""44"":1,""46"":2,""48"":1,""49"":1,""5"":6,""50"":1,""51"":3,""8"":18,""9"":10}",64,"{""count"":64,""unique_topologies"":64,""topology_entropy_bits"":6.0,""effective_topology_count"":64.0,""triangle_like_count"":0,""triangle_like_fraction"":0.0,""mean_nodes"":9.875,""mean_muscles"":19.09375,""node_counts"":{""10"":16,""11"":17,""12"":2,""13"":1,""14"":1,""15"":3,""5"":2,""6"":1,""7"":4,""8"":8,""9"":9},""muscle_counts"":{""12"":3,""15"":7,""16"":2,""17"":2,""18"":7,""19"":8,""20"":1,""21"":9,""22"":10,""23"":4,""24"":7,""25"":1,""6"":1,""8"":1,""9"":1}}",184,5.50227695692972,226,0.226,"{""10"":65,""11"":19,""12"":8,""13"":2,""14"":23,""15"":20,""17"":2,""18"":16,""19"":21,""20"":14,""21"":7,""22"":3,""23"":2,""24"":7,""3"":226,""4"":133,""5"":95,""6"":58,""7"":59,""8"":145,""9"":75}","{""10"":1,""11"":29,""12"":18,""13"":22,""14"":48,""15"":46,""16"":8,""17"":72,""18"":25,""19"":15,""20"":36,""21"":66,""22"":12,""23"":25,""24"":8,""25"":4,""26"":5,""27"":2,""28"":3,""3"":226,""32"":3,""38"":2,""4"":68,""40"":4,""41"":15,""42"":7,""43"":2,""44"":3,""46"":7,""47"":3,""48"":2,""49"":2,""5"":79,""50"":3,""51"":13,""52"":5,""53"":2,""55"":2,""6"":23,""7"":10,""8"":48,""9"":26}","{""Diagonal CMA-ES"":{""attempts"":267,""discoveries"":0,""improvements"":0,""insertions"":0,""insertion_rate"":0.0},""Immigrant"":{""attempts"":145,""discoveries"":0,""improvements"":0,""insertions"":0,""insertion_rate"":0.0},""Morphology"":{""attempts"":313,""discoveries"":3,""improvements"":2,""insertions"":5,""insertion_rate"":0.01597444089456869},""Novelty"":{""attempts"":275,""discoveries"":0,""improvements"":0,""insertions"":0,""insertion_rate"":0.0}}","{""Morphology"":208,""Novelty"":30}",3,0.8909090909090909,false,22000
38,241,242000,14.180937223999996,0.06999122599999999,0.0667179,0.001116041,0.002157285,15.039155884,135.5802,35.395767,7871.304680287838,187,0.9739583,55,4.343594169791479,56,0.2994652406417112,"{""10"":12,""11"":3,""12"":2,""13"":2,""14"":3,""15"":1,""16"":1,""17"":2,""18"":3,""19"":5,""20"":1,""21"":2,""23"":1,""24"":3,""3"":56,""4"":6,""5"":17,""6"":18,""7"":21,""8"":18,""9"":10}","{""11"":7,""12"":6,""13"":2,""14"":16,""15"":4,""16"":1,""17"":11,""18"":3,""19"":3,""20"":7,""21"":12,""22"":3,""23"":3,""26"":1,""3"":56,""32"":1,""35"":1,""38"":2,""40"":1,""41"":3,""42"":2,""44"":1,""46"":2,""48"":1,""49"":1,""5"":6,""50"":1,""51"":3,""8"":17,""9"":10}",64,"{""count"":64,""unique_topologies"":64,""topology_entropy_bits"":6.0,""effective_topology_count"":64.0,""triangle_like_count"":0,""triangle_like_fraction"":0.0,""mean_nodes"":10.046875,""mean_muscles"":19.421875,""node_counts"":{""10"":16,""11"":17,""12"":2,""13"":1,""14"":1,""15"":3,""16"":1,""5"":2,""7"":4,""8"":7,""9"":10},""muscle_counts"":{""12"":3,""15"":5,""16"":3,""17"":2,""18"":7,""19"":8,""20"":2,""21"":9,""22"":10,""23"":4,""24"":8,""25"":1,""6"":1,""8"":1}}",180,5.446417308070644,236,0.236,"{""10"":53,""11"":23,""12"":8,""13"":3,""14"":15,""15"":24,""16"":28,""17"":2,""18"":9,""19"":19,""20"":7,""21"":9,""22"":1,""23"":5,""24"":4,""3"":236,""4"":142,""5"":100,""6"":52,""7"":59,""8"":124,""9"":77}","{""11"":28,""12"":19,""13"":14,""14"":44,""15"":40,""16"":8,""17"":63,""18"":19,""19"":13,""20"":39,""21"":58,""22"":18,""23"":30,""24"":23,""25"":10,""26"":7,""27"":5,""28"":2,""29"":1,""3"":236,""32"":2,""38"":2,""4"":62,""40"":2,""41"":11,""42"":2,""44"":1,""45"":1,""46"":8,""48"":5,""49"":1,""5"":102,""50"":3,""51"":17,""52"":1,""53"":1,""55"":1,""6"":17,""63"":1,""7"":13,""8"":48,""9"":22}","{""Diagonal CMA-ES"":{""attempts"":305,""discoveries"":0,""improvements"":0,""insertions"":0,""insertion_rate"":0.0},""Immigrant"":{""attempts"":149,""discoveries"":0,""improvements"":0,""insertions"":0,""insertion_rate"":0.0},""Morphology"":{""attempts"":300,""discoveries"":3,""improvements"":3,""insertions"":6,""insertion_rate"":0.02},""Novelty"":{""attempts"":246,""discoveries"":0,""improvements"":0,""insertions"":0,""insertion_rate"":0.0}}","{""Morphology"":207,""Novelty"":32}",5,0.891213389121339,false,23000
38,242,243000,14.249164153999995,0.06822693,0.064752956,0.001190839,0.002283135,15.110748748,135.5802,35.59231,7931.898346364498,187,0.9739583,55,4.343594169791477,56,0.2994652406417112,"{""10"":12,""11"":3,""12"":1,""13"":2,""14"":3,""15"":1,""16"":1,""17"":2,""18"":3,""19"":5,""20"":1,""21"":2,""23"":1,""24"":3,""3"":56,""4"":6,""5"":17,""6"":18,""7"":21,""8"":18,""9"":11}","{""11"":7,""12"":6,""13"":2,""14"":16,""15"":4,""16"":2,""17"":11,""18"":3,""19"":3,""20"":7,""21"":11,""22"":3,""23"":3,""26"":1,""3"":56,""32"":1,""35"":1,""38"":2,""40"":1,""41"":3,""42"":2,""44"":1,""46"":2,""48"":1,""49"":1,""5"":6,""50"":1,""51"":3,""8"":17,""9"":10}",64,"{""count"":64,""unique_topologies"":64,""topology_entropy_bits"":6.0,""effective_topology_count"":64.0,""triangle_like_count"":0,""triangle_like_fraction"":0.0,""mean_nodes"":10.078125,""mean_muscles"":19.421875,""node_counts"":{""10"":16,""11"":18,""12"":1,""13"":1,""14"":1,""15"":3,""16"":1,""5"":2,""7"":3,""8"":6,""9"":12},""muscle_counts"":{""12"":2,""15"":5,""16"":4,""17"":2,""18"":8,""19"":8,""20"":1,""21"":9,""22"":11,""23"":4,""24"":7,""25"":1,""6"":1,""8"":1}}",175,5.494045924097891,255,0.255,"{""10"":46,""11"":38,""12"":6,""13"":6,""14"":15,""15"":13,""16"":2,""17"":13,""18"":5,""19"":20,""20"":7,""21"":7,""22"":2,""23"":2,""24"":7,""25"":1,""3"":255,""4"":121,""5"":112,""6"":83,""7"":58,""8"":99,""9"":82}","{""10"":2,""11"":44,""12"":19,""13"":7,""14"":38,""15"":59,""16"":12,""17"":29,""18"":25,""19"":14,""20"":38,""21"":38,""22"":25,""23"":27,""24"":17,""25"":5,""26"":9,""27"":2,""28"":3,""3"":255,""32"":6,""38"":6,""4"":58,""40"":5,""41"":5,""42"":8,""43"":1,""44"":3,""46"":6,""48"":4,""5"":89,""50"":5,""51"":9,""52"":1,""54"":1,""55"":1,""6"":32,""60"":1,""62"":1,""7"":10,""8"":44,""9"":36}","{""Diagonal CMA-ES"":{""attempts"":296,""discoveries"":0,""improvements"":0,""insertions"":0,""insertion_rate"":0.0},""Immigrant"":{""attempts"":178,""discoveries"":0,""improvements"":0,""insertions"":0,""insertion_rate"":0.0},""Morphology"":{""attempts"":290,""discoveries"":3,""improvements"":3,""insertions"":6,""insertion_rate"":0.020689655172413793},""Novelty"":{""attempts"":236,""discoveries"":0,""improvements"":0,""insertions"":0,""insertion_rate"":0.0}}","{""Morphology"":200,""Novelty"":30}",2,0.8919667590027701,false,24000
38,243,244000,14.314295850999995,0.06513169699999999,0.061869057,0.001104169,0.002158471,15.179213134,135.5802,35.59231,7952.122976720333,187,0.9739583,56,4.369152214753109,56,0.2994652406417112,"{""10"":11,""11"":3,""12"":1,""13"":2,""14"":3,""15"":1,""16"":1,""17"":2,""18"":3,""19"":5,""20"":1,""21"":2,""23"":1,""24"":3,""3"":56,""4"":6,""5"":17,""6"":18,""7"":20,""8"":19,""9"":12}","{""11"":7,""12"":6,""13"":2,""14"":15,""15"":4,""16"":2,""17"":12,""18"":4,""19"":3,""20"":7,""21"":10,""22"":3,""23"":3,""26"":1,""3"":56,""32"":1,""35"":1,""38"":2,""40"":1,""41"":3,""42"":2,""44"":1,""46"":2,""48"":1,""49"":1,""5"":6,""50"":1,""51"":3,""8"":17,""9"":10}",64,"{""count"":64,""unique_topologies"":64,""topology_entropy_bits"":6.0,""effective_topology_count"":64.0,""triangle_like_count"":0,""triangle_like_fraction"":0.0,""mean_nodes"":10.09375,""mean_muscles"":19.421875,""node_counts"":{""10"":17,""11"":18,""12"":1,""13"":1,""14"":1,""15"":3,""16"":1,""5"":2,""7"":3,""8"":6,""9"":11},""muscle_counts"":{""12"":2,""14"":1,""15"":5,""16"":4,""17"":1,""18"":7,""19"":8,""20"":1,""21"":10,""22"":11,""23"":4,""24"":7,""25"":1,""6"":1,""8"":1}}",174,5.490008413325849,247,0.247,"{""10"":58,""11"":24,""12"":14,""13"":6,""14"":12,""15"":8,""17"":6,""18"":9,""19"":22,""20"":12,""21"":5,""22"":1,""24"":8,""3"":247,""4"":132,""5"":109,""6"":91,""7"":70,""8"":77,""9"":89}","{""11"":39,""12"":21,""13"":9,""14"":55,""15"":29,""16"":18,""17"":38,""18"":25,""19"":23,""20"":40,""21"":31,""22"":20,""23"":29,""24"":9,""25"":2,""26"":6,""27"":1,""29"":2,""3"":247,""30"":1,""32"":6,""38"":6,""4"":58,""40"":6,""41"":9,""42"":9,""43"":2,""44"":2,""46"":5,""49"":1,""5"":102,""50"":6,""51"":10,""52"":4,""55"":2,""57"":1,""6"":22,""7"":8,""8"":51,""9"":45}","{""Diagonal CMA-ES"":{""attempts"":313,""discoveries"":0,""improvements"":0,""insertions"":0,""insertion_rate"":0.0},""Immigrant"":{""attempts"":138,""discoveries"":0,""improvements"":0,""insertions"":0,""insertion_rate"":0.0},""Morphology"":{""attempts"":318,""discoveries"":2,""improvements"":5,""insertions"":7,""insertion_rate"":0.0220125786163522},""Novelty"":{""attempts"":231,""discoveries"":0,""improvements"":1,""insertions"":1,""insertion_rate"":0.004329004329004329}}","{""Morphology"":214,""Novelty"":19}",2,0.8924137931034483,false,25000
38,244,245000,14.382094180999996,0.06779833,0.064216311,0.001132664,0.002449355,15.250561424,135.5802,36.518814,8043.98355525732,187,0.9739583,57,4.394456924908684,56,0.2994652406417112,"{""10"":11,""11"":3,""12"":2,""13"":2,""14"":3,""15"":1,""16"":1,""17"":2,""18"":3,""19"":5,""20"":1,""21"":1,""23"":1,""24"":3,""3"":56,""4"":6,""5"":16,""6"":17,""7"":20,""8"":20,""9"":13}","{""11"":6,""12"":6,""13"":2,""14"":15,""15"":5,""16"":3,""17"":12,""18"":4,""19"":4,""20"":7,""21"":10,""22"":3,""23"":3,""26"":1,""3"":56,""32"":1,""35"":1,""38"":2,""40"":1,""41"":3,""42"":2,""44"":1,""46"":1,""48"":1,""49"":1,""5"":6,""50"":1,""51"":3,""8"":16,""9"":10}",64,"{""count"":64,""unique_topologies"":64,""topology_entropy_bits"":6.0,""effective_topology_count"":64.0,""triangle_like_count"":0,""triangle_like_fraction"":0.0,""mean_nodes"":10.0,""mean_muscles"":19.171875,""node_counts"":{""10"":16,""11"":18,""12"":1,""13"":1,""14"":1,""15"":3,""16"":1,""4"":1,""5"":2,""7"":3,""8"":6,""9"":11},""muscle_counts"":{""12"":2,""14"":1,""15"":5,""16"":4,""17"":1,""18"":6,""19"":9,""20"":1,""21"":9,""22"":11,""23"":4,""24"":7,""25"":1,""4"":1,""6"":1,""8"":1}}",167,5.240679629703513,300,0.3,"{""10"":51,""11"":34,""12"":7,""13"":7,""14"":11,""15"":7,""17"":6,""18"":7,""19"":58,""20"":17,""21"":7,""23"":2,""24"":5,""3"":300,""4"":130,""5"":93,""6"":76,""7"":46,""8"":65,""9"":71}","{""11"":33,""12"":18,""13"":7,""14"":33,""15"":38,""16"":11,""17"":30,""18"":23,""19"":17,""20"":34,""21"":26,""22"":26,""23"":20,""24"":7,""25"":1,""26"":5,""28"":1,""29"":3,""3"":300,""30"":1,""32"":5,""38"":5,""4"":60,""40"":6,""41"":8,""42"":50,""43"":2,""45"":2,""46"":7,""48"":2,""5"":85,""50"":5,""51"":7,""52"":4,""54"":1,""55"":1,""6"":24,""65"":1,""7"":8,""8"":46,""9"":37}","{""Diagonal CMA-ES"":{""attempts"":318,""discoveries"":0,""improvements"":0,""insertions"":0,""insertion_rate"":0.0},""Immigrant"":{""attempts"":140,""discoveries"":0,""improvements"":0,""insertions"":0,""insertion_rate"":0.0},""Morphology"":{""attempts"":286,""discoveries"":2,""improvements"":5,""insertions"":7,""insertion_rate"":0.024475524475524476},""Novelty"":{""attempts"":256,""discoveries"":0,""improvements"":1,""insertions"":1,""insertion_rate"":0.00390625}}","{""Morphology"":186,""Novelty"":24}",3,0.8917808219178082,false,26000
38,245,246000,14.457486339999996,0.075392159,0.070165761,0.001491221,0.003735177,15.330288336,135.5802,36.518814,8069.671791493893,187,0.9739583,58,4.398493756471051,56,0.2994652406417112,"{""10"":11,""11"":3,""12"":2,""13"":2,""14"":3,""15"":1,""16"":1,""17"":2,""18"":3,""19"":5,""20"":1,""21"":1,""23"":1,""24"":3,""3"":56,""4"":5,""5"":17,""6"":17,""7"":20,""8"":20,""9"":13}","{""11"":6,""12"":6,""13"":1,""14"":15,""15"":6,""16"":3,""17"":12,""18"":4,""19"":4,""20"":7,""21"":10,""22"":3,""23"":3,""26"":1,""3"":56,""32"":1,""35"":1,""38"":2,""40"":1,""41"":3,""42"":2,""44"":1,""46"":1,""48"":1,""49"":1,""5"":5,""50"":1,""51"":3,""8"":17,""9"":10}",64,"{""count"":64,""unique_topologies"":64,""topology_entropy_bits"":6.0,""effective_topology_count"":64.0,""triangle_like_count"":0,""triangle_like_fraction"":0.0,""mean_nodes"":10.484375,""mean_muscles"":20.28125,""node_counts"":{""10"":16,""11"":18,""12"":1,""13"":1,""14"":1,""15"":3,""16"":1,""19"":1,""25"":1,""5"":2,""7"":3,""8"":6,""9"":10},""muscle_counts"":{""12"":2,""14"":1,""15"":5,""16"":4,""17"":1,""18"":6,""19"":8,""20"":1,""21"":9,""22"":11,""23"":4,""24"":7,""25"":1,""44"":1,""52"":1,""6"":2}}",172,5.465422657352499,229,0.229,"{""10"":50,""11"":22,""12"":6,""13"":6,""14"":7,""15"":9,""17"":6,""18"":5,""19"":68,""20"":12,""21"":4,""23"":1,""24"":71,""25"":4,""3"":229,""4"":130,""5"":105,""6"":74,""7"":39,""8"":70,""9"":82}","{""11"":30,""12"":14,""13"":6,""14"":31,""15"":27,""16"":9,""17"":35,""18"":23,""19"":22,""20"":45,""21"":22,""22"":12,""23"":24,""24"":12,""25"":3,""26"":4,""27"":1,""28"":2,""3"":229,""32"":4,""38"":5,""4"":63,""40"":4,""41"":6,""42"":57,""43"":3,""44"":3,""46"":4,""48"":1,""49"":64,""5"":89,""50"":5,""51"":10,""52"":4,""54"":1,""55"":2,""56"":1,""6"":37,""62"":1,""7"":10,""8"":36,""9"":39}","{""Diagonal CMA-ES"":{""attempts"":293,""discoveries"":0,""improvements"":0,""insertions"":0,""insertion_rate"":0.0},""Immigrant"":{""attempts"":152,""discoveries"":0,""improvements"":0,""insertions"":0,""insertion_rate"":0.0},""Morphology"":{""attempts"":317,""discoveries"":2,""improvements"":3,""insertions"":5,""insertion_rate"":0.015772870662460567},""Novelty"":{""attempts"":238,""discoveries"":1,""improvements"":0,""insertions"":1,""insertion_rate"":0.004201680672268907}}","{""Morphology"":209,""Novelty"":20}",3,0.8907103825136612,false,27000
38,246,247000,14.529173004999995,0.07168666500000001,0.068021537,0.001493596,0.002171532,15.407234642,135.5802,36.518814,8071.948297917843,187,0.9739583,58,4.398493756471056,56,0.2994652406417112,"{""10"":11,""11"":3,""12"":2,""13"":2,""14"":3,""15"":1,""16"":1,""17"":2,""18"":3,""19"":5,""20"":1,""21"":1,""23"":1,""24"":3,""3"":56,""4"":5,""5"":17,""6"":17,""7"":20,""8"":20,""9"":13}","{""11"":6,""12"":6,""13"":1,""14"":15,""15"":6,""16"":3,""17"":12,""18"":4,""19"":4,""20"":7,""21"":10,""22"":3,""23"":3,""26"":1,""3"":56,""32"":1,""35"":1,""38"":2,""40"":1,""41"":3,""42"":2,""44"":1,""46"":1,""48"":1,""49"":1,""5"":5,""50"":1,""51"":3,""8"":17,""9"":10}",64,"{""count"":64,""unique_topologies"":64,""topology_entropy_bits"":6.0,""effective_topology_count"":64.0,""triangle_like_count"":0,""triangle_like_fraction"":0.0,""mean_nodes"":10.140625,""mean_muscles"":19.4375,""node_counts"":{""10"":17,""11"":18,""12"":1,""13"":1,""14"":1,""15"":3,""16"":1,""5"":1,""7"":3,""8"":7,""9"":11},""muscle_counts"":{""12"":2,""13"":1,""14"":1,""15"":5,""16"":4,""17"":2,""18"":7,""19"":8,""20"":1,""21"":9,""22"":11,""23"":4,""24"":7,""25"":1,""6"":1}}",178,5.4287842257720476,262,0.262,"{""10"":57,""11"":24,""12"":6,""13"":10,""14"":20,""15"":3,""16"":3,""17"":5,""18"":5,""19"":19,""20"":18,""21"":6,""24"":70,""25"":7,""26"":9,""3"":262,""4"":136,""5"":89,""6"":72,""7"":40,""8"":64,""9"":75}","{""10"":2,""11"":32,""12"":19,""13"":2,""14"":25,""15"":28,""16"":8,""17"":35,""18"":29,""19"":15,""20"":36,""21"":42,""22"":12,""23"":18,""24"":14,""25"":1,""26"":6,""27"":2,""28"":7,""29"":2,""3"":262,""32"":4,""33"":1,""38"":5,""4"":56,""40"":5,""41"":3,""42"":11,""43"":2,""44"":5,""45"":2,""46"":6,""47"":4,""49"":65,""5"":99,""50"":6,""51"":5,""52"":5,""53"":5,""54"":1,""55"":5,""56"":1,""58"":1,""6"":24,""61"":1,""66"":1,""7"":8,""8"":44,""9"":28}","{""Diagonal CMA-ES"":{""attempts"":307,""discoveries"":0,""improvements"":0,""insertions"":0,""insertion_rate"":0.0},""Immigrant"":{""attempts"":147,""discoveries"":0,""improvements"":0,""insertions"":0,""insertion_rate"":0.0},""Morphology"":{""attempts"":301,""discoveries"":3,""improvements"":3,""insertions"":6,""insertion_rate"":0.019933554817275746},""Novelty"":{""attempts"":245,""discoveries"":0,""improvements"":0,""insertions"":0,""insertion_rate"":0.0}}","{""Morphology"":223,""Novelty"":32}",3,0.8896457765667575,false,28000
38,247,248000,14.595064564999996,0.06589155999999999,0.061990164,0.001279886,0.00262151,15.477022849,135.5802,37.078133,8195.751173436642,187,0.9739583,57,4.387798569305279,56,0.2994652406417112,"{""10"":11,""11"":3,""12"":2,""13"":1,""14"":4,""15"":1,""16"":1,""17"":2,""18"":3,""19"":5,""20"":1,""21"":1,""23"":1,""24"":3,""3"":56,""4"":5,""5"":17,""6"":17,""7"":19,""8"":20,""9"":14}","{""11"":6,""12"":5,""13"":1,""14"":15,""15"":6,""16"":4,""17"":12,""18"":4,""19"":4,""20"":6,""21"":11,""22"":3,""23"":3,""26"":1,""3"":56,""32"":1,""35"":1,""38"":2,""40"":1,""41"":3,""42"":2,""44"":1,""46"":1,""48"":1,""49"":1,""5"":5,""50"":1,""51"":3,""8"":17,""9"":10}",64,"{""count"":64,""unique_topologies"":64,""topology_entropy_bits"":6.0,""effective_topology_count"":64.0,""triangle_like_count"":0,""triangle_like_fraction"":0.0,""mean_nodes"":10.171875,""mean_muscles"":19.59375,""node_counts"":{""10"":16,""11"":19,""12"":1,""13"":1,""14"":1,""15"":3,""16"":1,""5"":1,""7"":3,""8"":6,""9"":12},""muscle_counts"":{""12"":2,""14"":1,""15"":5,""16"":4,""17"":1,""18"":7,""19"":9,""20"":2,""21"":8,""22"":12,""23"":4,""24"":7,""25"":1,""6"":1}}",173,5.421728281731657,272,0.272,"{""10"":58,""11"":35,""12"":6,""13"":10,""14"":19,""15"":9,""17"":5,""18"":8,""19"":26,""20"":13,""21"":4,""22"":1,""23"":2,""24"":12,""25"":1,""3"":272,""4"":127,""5"":94,""6"":76,""7"":51,""8"":71,""9"":100}","{""10"":2,""11"":40,""12"":23,""13"":4,""14"":35,""15"":40,""16"":23,""17"":33,""18"":28,""19"":18,""20"":46,""21"":41,""22"":24,""23"":24,""24"":11,""26"":6,""27"":1,""3"":272,""32"":4,""33"":1,""38"":5,""39"":1,""4"":67,""40"":5,""41"":8,""42"":14,""46"":4,""47"":1,""48"":2,""49"":6,""5"":80,""50"":6,""51"":13,""52"":4,""53"":1,""54"":1,""55"":1,""6"":19,""7"":5,""8"":50,""9"":31}","{""Diagonal CMA-ES"":{""attempts"":298,""discoveries"":0,""improvements"":0,""insertions"":0,""insertion_rate"":0.0},""Immigrant"":{""attempts"":141,""discoveries"":0,""improvements"":0,""insertions"":0,""insertion_rate"":0.0},""Morphology"":{""attempts"":321,""discoveries"":4,""improvements"":3,""insertions"":7,""insertion_rate"":0.021806853582554516},""Novelty"":{""attempts"":240,""discoveries"":0,""improvements"":1,""insertions"":1,""insertion_rate"":0.004166666666666667}}","{""Morphology"":204,""Novelty"":23}",4,0.8873812754409769,false,29000
38,248,249000,14.663086101999996,0.06802153699999999,0.06400735,0.001431857,0.00258233,15.549123873,135.5802,37.078133,8253.581636846066,187,0.9739583,58,4.416657612438285,56,0.2994652406417112,"{""10"":12,""11"":3,""12"":2,""13"":1,""14"":4,""15"":1,""16"":1,""17"":2,""18"":3,""19"":5,""20"":1,""21"":1,""23"":1,""24"":3,""3"":56,""4"":5,""5"":16,""6"":17,""7"":19,""8"":20,""9"":14}","{""11"":6,""12"":5,""13"":1,""14"":15,""15"":6,""16"":4,""17"":13,""18"":4,""19"":4,""20"":6,""21"":11,""22"":3,""23"":3,""26"":1,""3"":56,""32"":1,""35"":1,""38"":2,""40"":1,""41"":3,""42"":2,""44"":1,""46"":1,""48"":1,""49"":1,""5"":5,""50"":1,""51"":3,""8"":16,""9"":10}",64,"{""count"":64,""unique_topologies"":64,""topology_entropy_bits"":6.0,""effective_topology_count"":64.0,""triangle_like_count"":0,""triangle_like_fraction"":0.0,""mean_nodes"":10.203125,""mean_muscles"":19.609375,""node_counts"":{""10"":17,""11"":19,""12"":1,""13"":1,""14"":1,""15"":3,""16"":1,""5"":1,""7"":3,""8"":5,""9"":12},""muscle_counts"":{""12"":2,""14"":1,""15"":4,""16"":4,""17"":2,""18"":7,""19"":9,""20"":2,""21"":9,""22"":11,""23"":4,""24"":7,""25"":1,""6"":1}}",172,5.268810383052455,271,0.271,"{""10"":64,""11"":35,""12"":12,""13"":6,""14"":11,""15"":9,""17"":4,""18"":3,""19"":22,""20"":12,""21"":5,""23"":1,""24"":9,""25"":2,""3"":271,""4"":126,""5"":159,""6"":67,""7"":40,""8"":62,""9"":80}","{""10"":1,""11"":31,""12"":17,""13"":2,""14"":29,""15"":32,""16"":10,""17"":34,""18"":27,""19"":19,""20"":39,""21"":37,""22"":20,""23"":25,""24"":12,""25"":2,""26"":6,""28"":6,""29"":2,""3"":271,""32"":5,""38"":4,""4"":54,""40"":5,""41"":3,""42"":10,""43"":2,""44"":6,""46"":5,""48"":1,""49"":3,""5"":87,""50"":3,""51"":11,""52"":3,""55"":1,""6"":22,""65"":1,""7"":6,""8"":116,""9"":30}","{""Diagonal CMA-ES"":{""attempts"":283,""discoveries"":0,""improvements"":0,""insertions"":0,""insertion_rate"":0.0},""Immigrant"":{""attempts"":145,""discoveries"":0,""improvements"":0,""insertions"":0,""insertion_rate"":0.0},""Morphology"":{""attempts"":300,""discoveries"":3,""improvements"":3,""insertions"":6,""insertion_rate"":0.02},""Novelty"":{""attempts"":272,""discoveries"":0,""improvements"":0,""insertions"":0,""insertion_rate"":0.0}}","{""Morphology"":202,""Novelty"":41}",3,0.8837837837837837,false,30000
38,249,250000,14.725961975999995,0.062875874,0.059809134,0.00111248,0.00195426,15.615294444,135.5802,37.078133,8261.56950610876,187,0.9739583,58,4.416657612438284,56,0.2994652406417112,"{""10"":12,""11"":4,""12"":2,""13"":1,""14"":3,""15"":1,""16"":1,""17"":2,""18"":3,""19"":5,""20"":1,""21"":1,""23"":1,""24"":3,""3"":56,""4"":5,""5"":16,""6"":17,""7"":19,""8"":20,""9"":14}","{""11"":6,""12"":5,""13"":1,""14"":15,""15"":6,""16"":4,""17"":13,""18"":4,""19"":4,""20"":6,""21"":11,""22"":3,""23"":3,""26"":1,""3"":56,""32"":1,""35"":1,""38"":2,""40"":1,""41"":3,""42"":2,""44"":1,""46"":1,""48"":1,""49"":1,""5"":5,""50"":1,""51"":3,""8"":16,""9"":10}",64,"{""count"":64,""unique_topologies"":64,""topology_entropy_bits"":6.0,""effective_topology_count"":64.0,""triangle_like_count"":0,""triangle_like_fraction"":0.0,""mean_nodes"":10.125,""mean_muscles"":19.421875,""node_counts"":{""10"":17,""11"":18,""12"":1,""13"":1,""14"":1,""15"":3,""16"":1,""5"":1,""6"":1,""7"":3,""8"":5,""9"":12},""muscle_counts"":{""12"":2,""14"":1,""15"":4,""16"":4,""17"":2,""18"":7,""19"":9,""20"":2,""21"":8,""22"":11,""23"":4,""24"":7,""25"":1,""6"":1,""9"":1}}",167,5.369821487576148,244,0.244,"{""10"":42,""11"":37,""12"":10,""13"":9,""14"":14,""15"":9,""17"":6,""18"":8,""19"":22,""20"":15,""21"":5,""22"":1,""23"":1,""24"":11,""25"":1,""3"":244,""4"":145,""5"":152,""6"":80,""7"":41,""8"":63,""9"":84}","{""10"":2,""11"":36,""12"":16,""13"":1,""14"":30,""15"":26,""16"":11,""17"":41,""18"":30,""19"":14,""20"":43,""21"":34,""22"":25,""23"":17,""24"":9,""25"":2,""26"":5,""28"":1,""29"":2,""3"":244,""32"":6,""38"":6,""4"":64,""40"":4,""41"":7,""42"":12,""43"":3,""44"":2,""45"":1,""46"":4,""47"":1,""48"":1,""49"":6,""5"":106,""50"":6,""51"":8,""52"":3,""54"":2,""55"":4,""6"":22,""7"":12,""8"":93,""9"":38}","{""Diagonal CMA-ES"":{""attempts"":317,""discoveries"":0,""improvements"":0,""insertions"":0,""insertion_rate"":0.0},""Immigrant"":{""attempts"":165,""discoveries"":0,""improvements"":0,""insertions"":0,""insertion_rate"":0.0},""Morphology"":{""attempts"":279,""discoveries"":1,""improvements"":2,""insertions"":3,""insertion_rate"":0.010752688172043012},""Novelty"":{""attempts"":239,""discoveries"":0,""improvements"":0,""insertions"":0,""insertion_rate"":0.0}}","{""Morphology"":185,""Novelty"":35}",1,0.8815612382234186,false,31000
38,250,251000,14.790026315999995,0.06406434,0.060787452,0.00112554,0.002151348,15.682280674,135.5802,37.078133,8324.007269322872,187,0.9739583,58,4.434306756958721,56,0.2994652406417112,"{""10"":12,""11"":5,""12"":2,""13"":1,""14"":2,""15"":2,""16"":1,""17"":2,""18"":3,""19"":4,""20"":1,""21"":1,""23"":2,""24"":3,""3"":56,""4"":5,""5"":15,""6"":17,""7"":19,""8"":20,""9"":14}","{""11"":6,""12"":5,""13"":1,""14"":15,""15"":6,""16"":4,""17"":13,""18"":5,""19"":4,""20"":6,""21"":10,""22"":3,""23"":4,""26"":1,""3"":56,""32"":1,""35"":1,""38"":2,""41"":3,""42"":2,""44"":1,""46"":1,""48"":2,""49"":1,""5"":5,""50"":1,""51"":3,""8"":15,""9"":10}",64,"{""count"":64,""unique_topologies"":64,""topology_entropy_bits"":6.0,""effective_topology_count"":64.0,""triangle_like_count"":0,""triangle_like_fraction"":0.0,""mean_nodes"":10.390625,""mean_muscles"":19.96875,""node_counts"":{""10"":16,""11"":18,""12"":1,""13"":1,""14"":1,""15"":3,""16"":1,""24"":1,""5"":1,""7"":3,""8"":5,""9"":13},""muscle_counts"":{""12"":2,""14"":1,""15"":4,""16"":5,""17"":3,""18"":7,""19"":7,""20"":2,""21"":8,""22"":11,""23"":4,""24"":7,""25"":1,""49"":1,""6"":1}}",159,5.32131111612234,258,0.258,"{""10"":47,""11"":32,""12"":10,""13"":5,""14"":15,""15"":6,""16"":1,""17"":4,""18"":9,""19"":16,""20"":8,""21"":5,""23"":3,""24"":13,""25"":2,""3"":258,""4"":120,""5"":161,""6"":80,""7"":57,""8"":64,""9"":84}","{""10"":4,""11"":37,""12"":23,""13"":5,""14"":35,""15"":25,""16"":21,""17"":29,""18"":23,""19"":25,""20"":33,""21"":35,""22"":18,""23"":23,""24"":10,""25"":1,""26"":5,""27"":3,""28"":3,""29"":1,""3"":258,""32"":5,""38"":4,""4"":52,""40"":4,""41"":9,""42"":11,""43"":1,""44"":1,""46"":5,""48"":3,""49"":6,""5"":95,""50"":5,""51"":7,""52"":2,""54"":1,""55"":1,""6"":26,""7"":10,""8"":98,""9"":37}","{""Diagonal CMA-ES"":{""attempts"":285,""discoveries"":0,""improvements"":0,""insertions"":0,""insertion_rate"":0.0},""Immigrant"":{""attempts"":166,""discoveries"":0,""improvements"":0,""insertions"":0,""insertion_rate"":0.0},""Morphology"":{""attempts"":301,""discoveries"":3,""improvements"":3,""insertions"":6,""insertion_rate"":0.019933554817275746},""Novelty"":{""attempts"":248,""discoveries"":0,""improvements"":0,""insertions"":0,""insertion_rate"":0.0}}","{""Morphology"":205,""Novelty"":21}",3,0.8808567603748326,false,32000
38,251,252000,14.857479147999996,0.067452832,0.063924241,0.001181342,0.002347249,15.753125558,135.5802,38.12279,8413.298880040646,187,0.9739583,60,4.500522470429823,55,0.29411764705882354,"{""10"":13,""11"":5,""12"":2,""13"":1,""14"":2,""15"":2,""16"":1,""17"":2,""18"":3,""19"":4,""20"":1,""21"":1,""23"":2,""24"":3,""3"":55,""4"":5,""5"":16,""6"":17,""7"":19,""8"":19,""9"":14}","{""11"":6,""12"":5,""13"":1,""14"":15,""15"":5,""16"":5,""17"":13,""18"":6,""19"":4,""20"":5,""21"":10,""22"":3,""23"":4,""26"":1,""3"":55,""32"":1,""35"":1,""38"":2,""41"":3,""42"":2,""44"":1,""46"":1,""48"":2,""49"":1,""5"":5,""50"":1,""51"":3,""6"":1,""8"":15,""9"":10}",64,"{""count"":64,""unique_topologies"":64,""topology_entropy_bits"":6.0,""effective_topology_count"":64.0,""triangle_like_count"":0,""triangle_like_fraction"":0.0,""mean_nodes"":10.078125,""mean_muscles"":19.265625,""node_counts"":{""10"":16,""11"":18,""12"":1,""13"":1,""14"":1,""15"":3,""16"":1,""4"":1,""5"":1,""7"":3,""8"":5,""9"":13},""muscle_counts"":{""12"":2,""14"":1,""15"":4,""16"":5,""17"":4,""18"":7,""19"":6,""20"":2,""21"":7,""22"":12,""23"":4,""24"":7,""25"":1,""5"":1,""6"":1}}",172,5.263388048479243,219,0.219,"{""10"":50,""11"":41,""12"":9,""13"":4,""14"":9,""15"":9,""17"":3,""18"":5,""19"":17,""20"":13,""21"":5,""23"":5,""24"":12,""25"":6,""3"":219,""4"":138,""5"":213,""6"":64,""7"":39,""8"":75,""9"":64}","{""10"":3,""11"":31,""12"":14,""13"":5,""14"":25,""15"":31,""16"":14,""17"":42,""18"":26,""19"":22,""20"":31,""21"":19,""22"":17,""23"":24,""24"":15,""25"":1,""26"":4,""27"":2,""28"":1,""29"":2,""3"":219,""32"":6,""38"":3,""39"":1,""4"":69,""41"":4,""42"":12,""44"":1,""46"":5,""48"":5,""49"":7,""5"":90,""50"":6,""51"":9,""52"":4,""53"":2,""55"":4,""6"":19,""62"":1,""63"":1,""65"":1,""7"":8,""8"":165,""9"":29}","{""Diagonal CMA-ES"":{""attempts"":304,""discoveries"":0,""improvements"":0,""insertions"":0,""insertion_rate"":0.0},""Immigrant"":{""attempts"":154,""discoveries"":0,""improvements"":0,""insertions"":0,""insertion_rate"":0.0},""Morphology"":{""attempts"":308,""discoveries"":4,""improvements"":5,""insertions"":9,""insertion_rate"":0.02922077922077922},""Novelty"":{""attempts"":234,""discoveries"":0,""improvements"":0,""insertions"":0,""insertion_rate"":0.0}}","{""Morphology"":212,""Novelty"":27}",6,0.8813333333333333,false,33000
38,252,253000,14.924645844999995,0.067166697,0.063874375,0.001106543,0.002185779,15.823594075,135.5802,38.12279,8443.218969762325,187,0.9739583,59,4.483168927660643,55,0.29411764705882354,"{""10"":13,""11"":5,""12"":2,""13"":1,""14"":2,""15"":2,""16"":1,""17"":2,""18"":3,""19"":4,""20"":1,""21"":1,""23"":2,""24"":3,""3"":55,""4"":5,""5"":16,""6"":17,""7"":18,""8"":20,""9"":14}","{""11"":6,""12"":4,""13"":1,""14"":15,""15"":6,""16"":5,""17"":13,""18"":6,""19"":4,""20"":5,""21"":10,""22"":3,""23"":4,""26"":1,""3"":55,""32"":1,""35"":1,""38"":2,""41"":3,""42"":2,""44"":1,""46"":1,""48"":2,""49"":1,""5"":5,""50"":1,""51"":3,""6"":1,""8"":15,""9"":10}",64,"{""count"":64,""unique_topologies"":64,""topology_entropy_bits"":6.0,""effective_topology_count"":64.0,""triangle_like_count"":0,""triangle_like_fraction"":0.0,""mean_nodes"":10.140625,""mean_muscles"":19.390625,""node_counts"":{""10"":15,""11"":18,""12"":1,""13"":1,""14"":1,""15"":3,""16"":1,""5"":1,""7"":3,""8"":5,""9"":15},""muscle_counts"":{""12"":2,""14"":1,""15"":4,""16"":6,""17"":4,""18"":7,""19"":7,""20"":2,""21"":7,""22"":11,""23"":4,""24"":7,""25"":1,""6"":1}}",164,5.454272421903024,228,0.228,"{""10"":126,""11"":41,""12"":8,""13"":5,""14"":9,""15"":10,""17"":4,""18"":5,""19"":14,""20"":12,""21"":5,""23"":5,""24"":11,""25"":1,""3"":228,""4"":132,""5"":129,""6"":77,""7"":33,""8"":73,""9"":72}","{""11"":33,""12"":13,""13"":5,""14"":26,""15"":36,""16"":21,""17"":38,""18"":104,""19"":20,""20"":29,""21"":27,""22"":12,""23"":28,""24"":3,""26"":8,""27"":1,""28"":4,""29"":2,""3"":228,""30"":1,""32"":5,""38"":4,""4"":61,""41"":5,""42"":8,""44"":1,""46"":5,""48"":5,""49"":7,""5"":96,""50"":4,""51"":10,""52"":5,""55"":2,""6"":26,""65"":1,""7"":11,""8"":69,""9"":36}","{""Diagonal CMA-ES"":{""attempts"":308,""discoveries"":0,""improvements"":0,""insertions"":0,""insertion_rate"":0.0},""Immigrant"":{""attempts"":148,""discoveries"":0,""improvements"":0,""insertions"":0,""insertion_rate"":0.0},""Morphology"":{""attempts"":307,""discoveries"":3,""improvements"":1,""insertions"":4,""insertion_rate"":0.013029315960912053},""Novelty"":{""attempts"":237,""discoveries"":0,""improvements"":0,""insertions"":0,""insertion_rate"":0.0}}","{""Morphology"":198,""Novelty"":24}",3,0.8801597869507324,false,34000
38,253,254000,14.993695564999996,0.06904972,0.065695659,0.001239519,0.002114542,15.897495013,135.5802,38.12279,8458.348856389523,187,0.9739583,59,4.483168927660647,55,0.29411764705882354,"{""10"":14,""11"":4,""12"":2,""13"":1,""14"":2,""15"":2,""16"":1,""17"":2,""18"":3,""19"":4,""20"":1,""21"":1,""23"":2,""24"":3,""3"":55,""4"":5,""5"":16,""6"":17,""7"":18,""8"":20,""9"":14}","{""11"":6,""12"":4,""13"":1,""14"":15,""15"":6,""16"":5,""17"":13,""18"":5,""19"":4,""20"":6,""21"":10,""22"":3,""23"":4,""26"":1,""3"":55,""32"":1,""35"":1,""38"":2,""41"":3,""42"":2,""44"":1,""46"":1,""48"":2,""49"":1,""5"":5,""50"":1,""51"":3,""6"":1,""8"":15,""9"":10}",64,"{""count"":64,""unique_topologies"":64,""topology_entropy_bits"":6.0,""effective_topology_count"":64.0,""triangle_like_count"":0,""triangle_like_fraction"":0.0,""mean_nodes"":10.203125,""mean_muscles"":19.484375,""node_counts"":{""10"":14,""11"":20,""12"":1,""13"":1,""14"":1,""15"":3,""16"":1,""5"":1,""7"":3,""8"":4,""9"":15},""muscle_counts"":{""12"":2,""14"":1,""15"":3,""16"":6,""17"":3,""18"":7,""19"":9,""20"":2,""21"":7,""22"":11,""23"":4,""24"":7,""25"":1,""6"":1}}",180,5.561695275262641,255,0.255,"{""10"":55,""11"":49,""12"":11,""13"":6,""14"":13,""15"":13,""17"":6,""18"":7,""19"":9,""20"":15,""21"":5,""22"":1,""23"":7,""24"":17,""3"":255,""4"":133,""5"":96,""6"":92,""7"":48,""8"":84,""9"":78}","{""11"":41,""12"":18,""13"":5,""14"":38,""15"":42,""16"":23,""17"":39,""18"":34,""19"":31,""20"":34,""21"":26,""22"":23,""23"":27,""24"":9,""25"":1,""26"":6,""27"":2,""29"":1,""3"":255,""32"":6,""38"":6,""4"":60,""41"":5,""42"":10,""44"":1,""46"":5,""47"":1,""48"":7,""49"":6,""5"":86,""50"":6,""51"":12,""52"":2,""53"":1,""55"":3,""56"":1,""6"":19,""62"":1,""7"":14,""8"":55,""9"":38}","{""Diagonal CMA-ES"":{""attempts"":303,""discoveries"":0,""improvements"":0,""insertions"":0,""insertion_rate"":0.0},""Immigrant"":{""attempts"":121,""discoveries"":0,""improvements"":0,""insertions"":0,""insertion_rate"":0.0},""Morphology"":{""attempts"":299,""discoveries"":2,""improvements"":3,""insertions"":5,""insertion_rate"":0.016722408026755852},""Novelty"":{""attempts"":277,""discoveries"":0,""improvements"":0,""insertions"":0,""insertion_rate"":0.0}}","{""Morphology"":196,""Novelty"":29}",3,0.8779840848806366,false,35000
38,254,255000,15.062655049999996,0.068959485,0.065668351,0.001266825,0.002024309,15.969553296,135.5802,38.12279,8458.348856389523,187,0.9739583,59,4.483168927660643,55,0.29411764705882354,"{""10"":14,""11"":4,""12"":2,""13"":1,""14"":2,""15"":2,""16"":1,""17"":2,""18"":3,""19"":4,""20"":1,""21"":1,""23"":2,""24"":3,""3"":55,""4"":5,""5"":16,""6"":17,""7"":18,""8"":20,""9"":14}","{""11"":6,""12"":4,""13"":1,""14"":15,""15"":6,""16"":5,""17"":13,""18"":5,""19"":4,""20"":6,""21"":10,""22"":3,""23"":4,""26"":1,""3"":55,""32"":1,""35"":1,""38"":2,""41"":3,""42"":2,""44"":1,""46"":1,""48"":2,""49"":1,""5"":5,""50"":1,""51"":3,""6"":1,""8"":15,""9"":10}",64,"{""count"":64,""unique_topologies"":64,""topology_entropy_bits"":6.0,""effective_topology_count"":64.0,""triangle_like_count"":0,""triangle_like_fraction"":0.0,""mean_nodes"":10.171875,""mean_muscles"":19.359375,""node_counts"":{""10"":15,""11"":19,""12"":1,""13"":1,""14"":1,""15"":3,""16"":1,""5"":1,""7"":3,""8"":5,""9"":14},""muscle_counts"":{""12"":2,""14"":1,""15"":4,""16"":6,""17"":4,""18"":6,""19"":9,""20"":2,""21"":7,""22"":10,""23"":4,""24"":7,""25"":1,""6"":1}}",176,5.535724960428265,259,0.259,"{""10"":53,""11"":53,""12"":21,""13"":6,""14"":12,""15"":11,""16"":2,""17"":5,""18"":10,""19"":12,""20"":14,""21"":7,""23"":5,""24"":12,""25"":2,""3"":259,""4"":135,""5"":101,""6"":93,""7"":44,""8"":80,""9"":63}","{""10"":1,""11"":38,""12"":16,""13"":4,""14"":36,""15"":36,""16"":15,""17"":39,""18"":17,""19"":33,""20"":38,""21"":37,""22"":21,""23"":26,""24"":12,""25"":1,""26"":6,""27"":3,""28"":2,""29"":4,""3"":259,""32"":6,""38"":5,""4"":67,""41"":10,""42"":10,""43"":1,""44"":1,""45"":1,""46"":6,""48"":5,""49"":5,""5"":91,""50"":7,""51"":9,""52"":1,""53"":1,""54"":1,""55"":3,""6"":21,""62"":1,""7"":8,""8"":53,""9"":43}","{""Diagonal CMA-ES"":{""attempts"":296,""discoveries"":0,""improvements"":0,""insertions"":0,""insertion_rate"":0.0},""Immigrant"":{""attempts"":144,""discoveries"":0,""improvements"":0,""insertions"":0,""insertion_rate"":0.0},""Morphology"":{""attempts"":310,""discoveries"":2,""improvements"":0,""insertions"":2,""insertion_rate"":0.0064516129032258064},""Novelty"":{""attempts"":250,""discoveries"":0,""improvements"":0,""insertions"":0,""insertion_rate"":0.0}}","{""Morphology"":205,""Novelty"":32}",2,0.875,false,36000
38,255,256000,15.126490244999996,0.063835195,0.060532187,0.001257328,0.00204568,16.03790727,135.5802,38.12279,8461.959261357784,187,0.9739583,60,4.493864114826419,55,0.29411764705882354,"{""10"":14,""11"":4,""12"":2,""13"":1,""14"":2,""15"":2,""16"":1,""17"":2,""18"":3,""19"":4,""20"":1,""21"":1,""23"":2,""24"":3,""3"":55,""4"":5,""5"":16,""6"":17,""7"":18,""8"":20,""9"":14}","{""11"":6,""12"":4,""13"":1,""14"":15,""15"":6,""16"":4,""17"":13,""18"":5,""19"":5,""20"":6,""21"":10,""22"":3,""23"":4,""26"":1,""3"":55,""32"":1,""35"":1,""38"":2,""41"":3,""42"":2,""44"":1,""46"":1,""48"":2,""49"":1,""5"":5,""50"":1,""51"":3,""6"":1,""8"":15,""9"":10}",64,"{""count"":64,""unique_topologies"":64,""topology_entropy_bits"":6.0,""effective_topology_count"":64.0,""triangle_like_count"":0,""triangle_like_fraction"":0.0,""mean_nodes"":10.171875,""mean_muscles"":19.46875,""node_counts"":{""10"":15,""11"":18,""12"":2,""13"":1,""14"":1,""15"":3,""16"":1,""5"":1,""7"":3,""8"":6,""9"":13},""muscle_counts"":{""12"":2,""14"":1,""15"":4,""16"":6,""17"":4,""18"":5,""19"":8,""20"":3,""21"":7,""22"":10,""23"":4,""24"":8,""25"":1,""6"":1}}",172,5.4279891125831545,270,0.27,"{""10"":58,""11"":37,""12"":13,""13"":6,""14"":10,""15"":12,""17"":7,""18"":6,""19"":12,""20"":9,""21"":6,""23"":7,""24"":13,""25"":1,""3"":270,""4"":157,""5"":102,""6"":81,""7"":40,""8"":79,""9"":74}","{""10"":2,""11"":38,""12"":16,""13"":5,""14"":29,""15"":36,""16"":18,""17"":44,""18"":29,""19"":22,""20"":38,""21"":31,""22"":18,""23"":24,""24"":9,""25"":1,""26"":6,""28"":2,""29"":1,""3"":270,""32"":6,""38"":7,""4"":74,""41"":5,""42"":6,""43"":1,""44"":1,""46"":6,""48"":7,""49"":6,""5"":103,""50"":7,""51"":9,""52"":3,""53"":1,""54"":2,""6"":22,""7"":11,""8"":51,""9"":33}","{""Diagonal CMA-ES"":{""attempts"":304,""discoveries"":0,""improvements"":0,""insertions"":0,""insertion_rate"":0.0},""Immigrant"":{""attempts"":152,""discoveries"":0,""improvements"":0,""insertions"":0,""insertion_rate"":0.0},""Morphology"":{""attempts"":308,""discoveries"":2,""improvements"":2,""insertions"":4,""insertion_rate"":0.012987012987012988},""Novelty"":{""attempts"":236,""discoveries"":0,""improvements"":0,""insertions"":0,""insertion_rate"":0.0}}","{""Morphology"":198,""Novelty"":33}",2,0.8741808650065531,false,37000
38,256,257000,15.194394241999996,0.067903997,0.064913243,0.001219335,0.001771419,16.109275744,135.5802,38.530853,8518.809679448605,187,0.9739583,62,4.570842725264961,53,0.28342245989304815,"{""10"":14,""11"":4,""12"":2,""13"":2,""14"":2,""15"":2,""16"":1,""17"":2,""18"":3,""19"":4,""20"":1,""21"":1,""23"":2,""24"":3,""3"":53,""4"":5,""5"":16,""6"":17,""7"":18,""8"":20,""9"":15}","{""11"":6,""12"":4,""13"":1,""14"":15,""15"":6,""16"":5,""17"":13,""18"":5,""19"":5,""20"":6,""21"":10,""22"":3,""23"":4,""25"":1,""26"":1,""3"":53,""32"":1,""35"":1,""38"":2,""41"":3,""42"":2,""44"":1,""46"":1,""48"":2,""49"":1,""5"":5,""50"":1,""51"":3,""6"":1,""8"":15,""9"":10}",64,"{""count"":64,""unique_topologies"":64,""topology_entropy_bits"":6.0,""effective_topology_count"":64.0,""triangle_like_count"":0,""triangle_like_fraction"":0.0,""mean_nodes"":10.171875,""mean_muscles"":19.515625,""node_counts"":{""10"":15,""11"":18,""12"":2,""13"":1,""14"":1,""15"":3,""16"":1,""5"":1,""7"":3,""8"":6,""9"":13},""muscle_counts"":{""12"":2,""14"":1,""15"":4,""16"":6,""17"":4,""18"":5,""19"":8,""20"":3,""21"":6,""22"":10,""23"":4,""24"":9,""25"":1,""6"":1}}",179,5.548686019874716,261,0.261,"{""10"":62,""11"":32,""12"":14,""13"":13,""14"":12,""15"":12,""16"":1,""17"":4,""18"":11,""19"":17,""20"":7,""21"":4,""22"":1,""23"":7,""24"":12,""25"":1,""3"":261,""4"":144,""5"":107,""6"":73,""7"":48,""8"":74,""9"":83}","{""10"":6,""11"":35,""12"":14,""13"":5,""14"":34,""15"":26,""16"":14,""17"":34,""18"":33,""19"":27,""20"":34,""21"":36,""22"":20,""23"":30,""24"":16,""25"":5,""26"":6,""27"":6,""28"":2,""29"":4,""3"":261,""32"":5,""38"":4,""4"":70,""41"":11,""42"":9,""43"":1,""44"":3,""46"":4,""48"":7,""49"":6,""5"":106,""50"":7,""51"":11,""6"":29,""63"":1,""7"":6,""8"":42,""9"":30}","{""Diagonal CMA-ES"":{""attempts"":284,""discoveries"":0,""improvements"":0,""insertions"":0,""insertion_rate"":0.0},""Immigrant"":{""attempts"":167,""discoveries"":0,""improvements"":0,""insertions"":0,""insertion_rate"":0.0},""Morphology"":{""attempts"":300,""discoveries"":2,""improvements"":5,""insertions"":7,""insertion_rate"":0.023333333333333334},""Novelty"":{""attempts"":249,""discoveries"":0,""improvements"":0,""insertions"":0,""insertion_rate"":0.0}}","{""Morphology"":201,""Novelty"":35}",3,0.8746736292428199,false,38000
38,257,258000,15.263379848999996,0.06898560699999999,0.065737214,0.00116472,0.002083673,16.180993278,135.5802,38.530853,8532.770815312862,187,0.9739583,62,4.570842725264958,53,0.28342245989304815,"{""10"":14,""11"":4,""12"":2,""13"":2,""14"":2,""15"":2,""16"":1,""17"":2,""18"":3,""19"":4,""20"":1,""21"":1,""23"":2,""24"":3,""3"":53,""4"":5,""5"":16,""6"":17,""7"":18,""8"":20,""9"":15}","{""11"":6,""12"":4,""13"":1,""14"":15,""15"":6,""16"":5,""17"":13,""18"":5,""19"":5,""20"":6,""21"":10,""22"":3,""23"":4,""25"":1,""26"":1,""3"":53,""32"":1,""35"":1,""38"":2,""41"":3,""42"":2,""44"":1,""46"":1,""48"":2,""49"":1,""5"":5,""50"":1,""51"":3,""6"":1,""8"":15,""9"":10}",64,"{""count"":64,""unique_topologies"":64,""topology_entropy_bits"":6.0,""effective_topology_count"":64.0,""triangle_like_count"":0,""triangle_like_fraction"":0.0,""mean_nodes"":10.09375,""mean_muscles"":19.203125,""node_counts"":{""10"":14,""11"":18,""12"":2,""13"":1,""14"":1,""15"":3,""16"":1,""5"":2,""7"":3,""8"":6,""9"":13},""muscle_counts"":{""12"":2,""14"":1,""15"":4,""16"":7,""17"":4,""18"":5,""19"":7,""20"":3,""21"":6,""22"":10,""23"":4,""24"":8,""25"":1,""6"":1,""7"":1}}",172,4.5686337841576545,439,0.439,"{""10"":43,""11"":22,""12"":7,""13"":6,""14"":5,""15"":8,""17"":3,""18"":5,""19"":13,""20"":10,""21"":3,""23"":3,""24"":4,""3"":439,""4"":133,""5"":77,""6"":53,""7"":34,""8"":59,""9"":73}","{""11"":21,""12"":8,""13"":2,""14"":30,""15"":25,""16"":12,""17"":23,""18"":25,""19"":17,""20"":32,""21"":21,""22"":13,""23"":12,""24"":15,""25"":8,""26"":7,""28"":5,""29"":2,""3"":439,""31"":1,""32"":3,""38"":3,""4"":68,""41"":5,""42"":4,""43"":2,""44"":3,""46"":3,""48"":3,""5"":87,""50"":3,""51"":6,""52"":3,""54"":3,""55"":1,""6"":15,""63"":2,""7"":22,""8"":24,""9"":22}","{""Diagonal CMA-ES"":{""attempts"":297,""discoveries"":0,""improvements"":0,""insertions"":0,""insertion_rate"":0.0},""Immigrant"":{""attempts"":160,""discoveries"":0,""improvements"":0,""insertions"":0,""insertion_rate"":0.0},""Morphology"":{""attempts"":283,""discoveries"":2,""improvements"":1,""insertions"":3,""insertion_rate"":0.01060070671378092},""Novelty"":{""attempts"":260,""discoveries"":0,""improvements"":0,""insertions"":0,""insertion_rate"":0.0}}","{""Morphology"":202,""Novelty"":31}",2,0.875,false,39000
38,258,259000,15.331820498999996,0.06844064999999999,0.063994294,0.001891334,0.002555022,16.253141799,135.5802,38.530853,8532.770815312862,187,0.9739583,62,4.570842725264956,53,0.28342245989304815,"{""10"":14,""11"":4,""12"":2,""13"":2,""14"":2,""15"":2,""16"":1,""17"":2,""18"":3,""19"":4,""20"":1,""21"":1,""23"":2,""24"":3,""3"":53,""4"":5,""5"":16,""6"":17,""7"":18,""8"":20,""9"":15}","{""11"":6,""12"":4,""13"":1,""14"":15,""15"":6,""16"":5,""17"":13,""18"":5,""19"":5,""20"":6,""21"":10,""22"":3,""23"":4,""25"":1,""26"":1,""3"":53,""32"":1,""35"":1,""38"":2,""41"":3,""42"":2,""44"":1,""46"":1,""48"":2,""49"":1,""5"":5,""50"":1,""51"":3,""6"":1,""8"":15,""9"":10}",64,"{""count"":64,""unique_topologies"":64,""topology_entropy_bits"":6.0,""effective_topology_count"":64.0,""triangle_like_count"":0,""triangle_like_fraction"":0.0,""mean_nodes"":10.171875,""mean_muscles"":19.40625,""node_counts"":{""10"":15,""11"":18,""12"":2,""13"":1,""14"":1,""15"":3,""16"":1,""5"":1,""7"":3,""8"":6,""9"":13},""muscle_counts"":{""12"":2,""14"":1,""15"":4,""16"":7,""17"":4,""18"":5,""19"":7,""20"":4,""21"":6,""22"":10,""23"":4,""24"":8,""25"":1,""6"":1}}",187,5.56129760154185,259,0.259,"{""10"":61,""11"":41,""12"":9,""13"":10,""14"":14,""15"":12,""17"":5,""18"":8,""19"":10,""20"":18,""21"":6,""22"":1,""23"":6,""24"":7,""25"":2,""3"":259,""4"":124,""5"":109,""6"":89,""7"":46,""8"":85,""9"":78}","{""10"":1,""11"":39,""12"":17,""13"":7,""14"":36,""15"":40,""16"":22,""17"":38,""18"":32,""19"":24,""20"":34,""21"":34,""22"":25,""23"":22,""24"":11,""25"":4,""26"":8,""27"":1,""28"":1,""29"":2,""3"":259,""32"":6,""38"":5,""4"":59,""41"":7,""42"":9,""44"":2,""46"":5,""47"":1,""48"":6,""49"":2,""5"":83,""50"":6,""51"":6,""52"":8,""53"":1,""55"":3,""58"":1,""6"":29,""65"":1,""7"":15,""8"":56,""9"":32}","{""Diagonal CMA-ES"":{""attempts"":303,""discoveries"":0,""improvements"":0,""insertions"":0,""insertion_rate"":0.0},""Immigrant"":{""attempts"":155,""discoveries"":0,""improvements"":0,""insertions"":0,""insertion_rate"":0.0},""Morphology"":{""attempts"":289,""discoveries"":1,""improvements"":0,""insertions"":1,""insertion_rate"":0.0034602076124567475},""Novelty"":{""attempts"":253,""discoveries"":0,""improvements"":0,""insertions"":0,""insertion_rate"":0.0}}","{""Morphology"":201,""Novelty"":20}",1,0.8753246753246753,false,40000
38,259,260000,15.403240031999996,0.071419533,0.066506575,0.001269201,0.003643757,16.328480536,135.5802,38.530853,8533.001486241817,187,0.9739583,61,4.556110706536812,53,0.28342245989304815,"{""10"":14,""11"":4,""12"":2,""13"":2,""14"":2,""15"":2,""16"":1,""17"":1,""18"":4,""19"":4,""20"":1,""21"":1,""23"":2,""24"":3,""3"":53,""4"":5,""5"":16,""6"":17,""7"":18,""8"":20,""9"":15}","{""11"":6,""12"":4,""13"":1,""14"":15,""15"":6,""16"":5,""17"":13,""18"":5,""19"":5,""20"":6,""21"":10,""22"":3,""23"":4,""25"":1,""26"":1,""3"":53,""32"":1,""35"":1,""38"":1,""41"":4,""42"":2,""44"":1,""46"":1,""48"":2,""49"":1,""5"":5,""50"":1,""51"":3,""6"":1,""8"":15,""9"":10}",64,"{""count"":64,""unique_topologies"":64,""topology_entropy_bits"":6.0,""effective_topology_count"":64.0,""triangle_like_count"":0,""triangle_like_fraction"":0.0,""mean_nodes"":10.078125,""mean_muscles"":19.171875,""node_counts"":{""10"":14,""11"":18,""12"":2,""13"":1,""14"":1,""15"":3,""16"":1,""4"":1,""5"":1,""7"":3,""8"":6,""9"":13},""muscle_counts"":{""12"":2,""14"":1,""15"":4,""16"":7,""17"":4,""18"":5,""19"":7,""20"":3,""21"":6,""22"":10,""23"":4,""24"":8,""25"":1,""5"":1,""6"":1}}",178,5.592620218163552,245,0.245,"{""10"":62,""11"":41,""12"":12,""13"":16,""14"":11,""15"":11,""16"":3,""17"":5,""18"":7,""19"":14,""20"":9,""21"":6,""23"":6,""24"":12,""3"":245,""4"":143,""5"":111,""6"":79,""7"":44,""8"":89,""9"":74}","{""11"":35,""12"":15,""13"":4,""14"":39,""15"":33,""16"":20,""17"":45,""18"":28,""19"":30,""20"":45,""21"":31,""22"":19,""23"":26,""24"":9,""25"":8,""26"":7,""28"":5,""29"":1,""3"":245,""32"":6,""38"":5,""4"":72,""41"":8,""42"":11,""44"":2,""46"":6,""48"":6,""49"":5,""5"":100,""50"":5,""51"":7,""52"":2,""6"":26,""62"":1,""65"":1,""7"":15,""8"":48,""9"":29}","{""Diagonal CMA-ES"":{""attempts"":301,""discoveries"":0,""improvements"":0,""insertions"":0,""insertion_rate"":0.0},""Immigrant"":{""attempts"":147,""discoveries"":0,""improvements"":0,""insertions"":0,""insertion_rate"":0.0},""Morphology"":{""attempts"":306,""discoveries"":1,""improvements"":1,""insertions"":2,""insertion_rate"":0.006535947712418301},""Novelty"":{""attempts"":246,""discoveries"":0,""improvements"":0,""insertions"":0,""insertion_rate"":0.0}}","{""Morphology"":212,""Novelty"":21}",1,0.8745148771021992,false,41000
38,260,261000,15.470715424999996,0.067475393,0.063204754,0.001201525,0.003069114,16.399737411,135.5802,38.530853,8537.716066777706,187,0.9739583,61,4.5561107065368125,53,0.28342245989304815,"{""10"":14,""11"":4,""12"":2,""13"":2,""14"":2,""15"":2,""16"":1,""17"":1,""18"":3,""19"":4,""20"":2,""21"":1,""23"":2,""24"":3,""3"":53,""4"":5,""5"":16,""6"":17,""7"":18,""8"":20,""9"":15}","{""11"":6,""12"":4,""13"":1,""14"":15,""15"":6,""16"":5,""17"":13,""18"":5,""19"":5,""20"":6,""21"":10,""22"":3,""23"":4,""25"":1,""26"":1,""3"":53,""32"":1,""35"":1,""38"":1,""41"":4,""42"":2,""44"":1,""46"":1,""48"":2,""49"":1,""5"":5,""51"":3,""52"":1,""6"":1,""8"":15,""9"":10}",64,"{""count"":64,""unique_topologies"":64,""topology_entropy_bits"":6.0,""effective_topology_count"":64.0,""triangle_like_count"":0,""triangle_like_fraction"":0.0,""mean_nodes"":10.328125,""mean_muscles"":19.90625,""node_counts"":{""10"":14,""11"":18,""12"":2,""13"":1,""14"":1,""15"":3,""16"":1,""20"":1,""5"":1,""7"":3,""8"":6,""9"":13},""muscle_counts"":{""12"":2,""14"":1,""15"":4,""16"":7,""17"":4,""18"":5,""19"":7,""20"":3,""21"":6,""22"":10,""23"":4,""24"":8,""25"":1,""52"":1,""6"":1}}",189,5.594157442960994,257,0.257,"{""10"":61,""11"":32,""12"":16,""13"":10,""14"":12,""15"":10,""16"":4,""17"":7,""18"":9,""19"":11,""20"":15,""21"":6,""23"":6,""24"":6,""3"":257,""4"":126,""5"":103,""6"":82,""7"":58,""8"":82,""9"":87}","{""10"":2,""11"":37,""12"":15,""13"":5,""14"":49,""15"":36,""16"":20,""17"":43,""18"":30,""19"":24,""20"":36,""21"":33,""22"":22,""23"":36,""24"":6,""25"":8,""26"":6,""28"":1,""29"":3,""3"":257,""32"":6,""38"":6,""4"":55,""41"":8,""42"":8,""44"":1,""46"":6,""47"":1,""48"":6,""5"":87,""50"":6,""51"":7,""52"":5,""54"":1,""6"":28,""63"":3,""65"":1,""7"":15,""8"":47,""9"":34}","{""Diagonal CMA-ES"":{""attempts"":295,""discoveries"":0,""improvements"":0,""insertions"":0,""insertion_rate"":0.0},""Immigrant"":{""attempts"":141,""discoveries"":0,""improvements"":0,""insertions"":0,""insertion_rate"":0.0},""Morphology"":{""attempts"":312,""discoveries"":1,""improvements"":3,""insertions"":4,""insertion_rate"":0.01282051282051282},""Novelty"":{""attempts"":252,""discoveries"":0,""improvements"":0,""insertions"":0,""insertion_rate"":0.0}}","{""Morphology"":200,""Novelty"":30}",2,0.8735483870967742,false,42000
38,261,262000,15.538358224999996,0.0676428,0.064156951,0.001213398,0.002272451,16.470965791,135.5802,38.530853,8537.716066777706,187,0.9739583,61,4.556110706536808,53,0.28342245989304815,"{""10"":14,""11"":4,""12"":2,""13"":2,""14"":2,""15"":2,""16"":1,""17"":1,""18"":3,""19"":4,""20"":2,""21"":1,""23"":2,""24"":3,""3"":53,""4"":5,""5"":16,""6"":17,""7"":18,""8"":20,""9"":15}","{""11"":6,""12"":4,""13"":1,""14"":15,""15"":6,""16"":5,""17"":13,""18"":5,""19"":5,""20"":6,""21"":10,""22"":3,""23"":4,""25"":1,""26"":1,""3"":53,""32"":1,""35"":1,""38"":1,""41"":4,""42"":2,""44"":1,""46"":1,""48"":2,""49"":1,""5"":5,""51"":3,""52"":1,""6"":1,""8"":15,""9"":10}",64,"{""count"":64,""unique_topologies"":64,""topology_entropy_bits"":6.0,""effective_topology_count"":64.0,""triangle_like_count"":0,""triangle_like_fraction"":0.0,""mean_nodes"":10.21875,""mean_muscles"":19.484375,""node_counts"":{""10"":14,""11"":18,""12"":2,""13"":2,""14"":1,""15"":3,""16"":1,""5"":1,""7"":3,""8"":6,""9"":13},""muscle_counts"":{""12"":2,""14"":1,""15"":4,""16"":7,""17"":4,""18"":5,""19"":7,""20"":3,""21"":6,""22"":10,""23"":4,""24"":8,""25"":2,""6"":1}}",189,5.562594024095484,253,0.253,"{""10"":55,""11"":33,""12"":12,""13"":11,""14"":12,""15"":11,""16"":4,""17"":6,""18"":2,""19"":13,""20"":25,""21"":16,""22"":1,""23"":9,""24"":26,""25"":1,""3"":253,""4"":138,""5"":101,""6"":84,""7"":43,""8"":75,""9"":69}","{""10"":1,""11"":38,""12"":16,""13"":1,""14"":38,""15"":30,""16"":20,""17"":42,""18"":21,""19"":22,""20"":33,""21"":33,""22"":17,""23"":24,""24"":10,""25"":11,""26"":5,""28"":3,""29"":1,""3"":253,""30"":1,""32"":5,""38"":6,""4"":68,""41"":8,""42"":8,""44"":2,""46"":4,""47"":1,""48"":9,""49"":19,""5"":105,""50"":1,""51"":10,""52"":15,""53"":11,""54"":1,""55"":2,""6"":18,""64"":1,""65"":1,""7"":13,""8"":41,""9"":31}","{""Diagonal CMA-ES"":{""attempts"":300,""discoveries"":0,""improvements"":0,""insertions"":0,""insertion_rate"":0.0},""Immigrant"":{""attempts"":148,""discoveries"":0,""improvements"":0,""insertions"":0,""insertion_rate"":0.0},""Morphology"":{""attempts"":313,""discoveries"":1,""improvements"":0,""insertions"":1,""insertion_rate"":0.003194888178913738},""Novelty"":{""attempts"":239,""discoveries"":0,""improvements"":0,""insertions"":0,""insertion_rate"":0.0}}","{""Morphology"":210,""Novelty"":27}",1,0.8724226804123711,false,43000
38,262,263000,15.608112005999995,0.069753781,0.066400907,0.001211024,0.00214185,16.544365703,135.5802,39.03794,8565.418161809444,187,0.9739583,60,4.520314364134114,54,0.2887700534759358,"{""10"":14,""11"":4,""12"":3,""13"":2,""14"":1,""15"":2,""16"":1,""17"":1,""18"":3,""19"":4,""20"":2,""21"":1,""23"":2,""24"":3,""3"":54,""4"":5,""5"":16,""6"":16,""7"":18,""8"":20,""9"":15}","{""11"":5,""12"":4,""13"":1,""14"":15,""15"":6,""16"":5,""17"":13,""18"":5,""19"":6,""20"":6,""21"":10,""22"":2,""23"":4,""25"":1,""26"":1,""3"":54,""32"":1,""35"":1,""38"":1,""41"":4,""42"":2,""44"":1,""46"":1,""48"":2,""49"":1,""5"":5,""51"":3,""52"":1,""6"":1,""8"":15,""9"":10}",64,"{""count"":64,""unique_topologies"":64,""topology_entropy_bits"":6.0,""effective_topology_count"":64.0,""triangle_like_count"":0,""triangle_like_fraction"":0.0,""mean_nodes"":10.234375,""mean_muscles"":19.4375,""node_counts"":{""10"":15,""11"":15,""12"":2,""13"":1,""14"":3,""15"":3,""16"":1,""5"":1,""7"":3,""8"":6,""9"":14},""muscle_counts"":{""12"":2,""14"":1,""15"":4,""16"":8,""17"":4,""18"":5,""19"":8,""20"":3,""21"":6,""22"":8,""23"":4,""24"":7,""25"":1,""26"":1,""29"":1,""6"":1}}",187,5.557665020863804,264,0.264,"{""10"":66,""11"":37,""12"":15,""13"":19,""14"":21,""15"":15,""16"":3,""17"":6,""18"":3,""19"":9,""20"":15,""21"":6,""23"":7,""24"":14,""3"":264,""4"":130,""5"":98,""6"":77,""7"":45,""8"":77,""9"":73}","{""10"":1,""11"":34,""12"":15,""13"":5,""14"":35,""15"":31,""16"":23,""17"":45,""18"":25,""19"":26,""20"":36,""21"":40,""22"":13,""23"":28,""24"":7,""25"":13,""26"":17,""27"":3,""28"":4,""29"":2,""3"":264,""30"":3,""32"":5,""33"":1,""38"":5,""4"":66,""41"":9,""42"":6,""46"":6,""48"":7,""49"":7,""5"":87,""51"":10,""52"":7,""54"":1,""6"":21,""65"":1,""7"":12,""8"":46,""9"":33}","{""Diagonal CMA-ES"":{""attempts"":296,""discoveries"":0,""improvements"":0,""insertions"":0,""insertion_rate"":0.0},""Immigrant"":{""attempts"":157,""discoveries"":0,""improvements"":0,""insertions"":0,""insertion_rate"":0.0},""Morphology"":{""attempts"":300,""discoveries"":4,""improvements"":3,""insertions"":7,""insertion_rate"":0.023333333333333334},""Novelty"":{""attempts"":247,""discoveries"":0,""improvements"":0,""insertions"":0,""insertion_rate"":0.0}}","{""Morphology"":191,""Novelty"":14}",4,0.8712998712998713,false,44000
38,263,264000,15.678018944999994,0.069906939,0.065828639,0.00159214,0.00248616,16.618374689,135.5802,39.03794,8569.489120900631,187,0.9739583,60,4.520314364134112,54,0.2887700534759358,"{""10"":14,""11"":4,""12"":3,""13"":2,""14"":1,""15"":2,""16"":1,""17"":1,""18"":3,""19"":5,""20"":1,""21"":1,""23"":2,""24"":3,""3"":54,""4"":5,""5"":16,""6"":16,""7"":18,""8"":20,""9"":15}","{""11"":5,""12"":4,""13"":1,""14"":15,""15"":6,""16"":5,""17"":13,""18"":5,""19"":6,""20"":6,""21"":10,""22"":2,""23"":4,""25"":1,""26"":1,""3"":54,""32"":1,""35"":1,""38"":1,""41"":4,""42"":1,""44"":2,""46"":1,""48"":2,""49"":1,""5"":5,""51"":3,""52"":1,""6"":1,""8"":15,""9"":10}",64,"{""count"":64,""unique_topologies"":64,""topology_entropy_bits"":6.0,""effective_topology_count"":64.0,""triangle_like_count"":0,""triangle_like_fraction"":0.0,""mean_nodes"":10.234375,""mean_muscles"":19.4375,""node_counts"":{""10"":15,""11"":15,""12"":2,""13"":1,""14"":3,""15"":3,""16"":1,""5"":1,""7"":3,""8"":6,""9"":14},""muscle_counts"":{""12"":2,""14"":1,""15"":4,""16"":8,""17"":4,""18"":5,""19"":8,""20"":3,""21"":6,""22"":8,""23"":4,""24"":7,""25"":1,""26"":1,""29"":1,""6"":1}}",187,5.420711468710477,195,0.195,"{""10"":163,""11"":27,""12"":16,""13"":9,""14"":7,""15"":18,""17"":4,""18"":1,""19"":11,""20"":14,""21"":4,""23"":4,""24"":7,""25"":1,""3"":195,""4"":150,""5"":98,""6"":52,""7"":29,""8"":126,""9"":64}","{""10"":2,""11"":23,""12"":8,""13"":4,""14"":23,""15"":19,""16"":16,""17"":105,""18"":20,""19"":25,""20"":30,""21"":32,""22"":14,""23"":124,""24"":12,""25"":5,""26"":5,""27"":6,""28"":1,""29"":4,""3"":195,""30"":3,""32"":4,""33"":1,""38"":4,""4"":73,""41"":5,""42"":5,""44"":2,""46"":4,""48"":4,""49"":2,""5"":103,""50"":2,""51"":6,""52"":6,""53"":2,""54"":2,""55"":1,""6"":31,""63"":1,""7"":12,""8"":35,""9"":19}","{""Diagonal CMA-ES"":{""attempts"":319,""discoveries"":0,""improvements"":0,""insertions"":0,""insertion_rate"":0.0},""Immigrant"":{""attempts"":162,""discoveries"":0,""improvements"":0,""insertions"":0,""insertion_rate"":0.0},""Morphology"":{""attempts"":284,""discoveries"":0,""improvements"":2,""insertions"":2,""insertion_rate"":0.007042253521126761},""Novelty"":{""attempts"":235,""discoveries"":0,""improvements"":0,""insertions"":0,""insertion_rate"":0.0}}","{""Morphology"":213,""Novelty"":25}",1,0.8703465982028241,false,45000
38,264,265000,15.750383550999995,0.072364606,0.067546631,0.001460352,0.003357623,16.694823531,135.5802,39.13743,8600.019274175167,187,0.9739583,61,4.539617254371745,54,0.2887700534759358,"{""10"":14,""11"":4,""12"":3,""13"":2,""14"":2,""15"":2,""16"":1,""17"":1,""18"":3,""19"":5,""20"":1,""21"":1,""23"":2,""24"":3,""3"":54,""4"":5,""5"":16,""6"":16,""7"":18,""8"":20,""9"":14}","{""11"":5,""12"":4,""13"":1,""14"":15,""15"":6,""16"":5,""17"":13,""18"":5,""19"":6,""20"":5,""21"":10,""22"":2,""23"":4,""25"":1,""26"":2,""3"":54,""32"":1,""35"":1,""38"":1,""41"":4,""42"":1,""44"":2,""46"":1,""48"":2,""49"":1,""5"":5,""51"":3,""52"":1,""6"":1,""8"":15,""9"":10}",64,"{""count"":64,""unique_topologies"":64,""topology_entropy_bits"":6.0,""effective_topology_count"":64.0,""triangle_like_count"":0,""triangle_like_fraction"":0.0,""mean_nodes"":10.34375,""mean_muscles"":19.578125,""node_counts"":{""10"":13,""11"":15,""12"":3,""13"":1,""14"":3,""15"":4,""16"":1,""5"":1,""7"":3,""8"":6,""9"":14},""muscle_counts"":{""12"":2,""14"":1,""15"":4,""16"":8,""17"":4,""18"":5,""19"":7,""20"":3,""21"":5,""22"":9,""23"":4,""24"":7,""25"":1,""26"":1,""27"":1,""29"":1,""6"":1}}",177,5.373278343824709,310,0.31,"{""10"":49,""11"":54,""12"":14,""13"":9,""14"":9,""15"":19,""17"":6,""19"":11,""20"":13,""21"":5,""23"":6,""24"":9,""3"":310,""4"":130,""5"":102,""6"":69,""7"":38,""8"":78,""9"":69}","{""10"":1,""11"":30,""12"":12,""13"":5,""14"":30,""15"":32,""16"":17,""17"":33,""18"":19,""19"":36,""20"":32,""21"":22,""22"":32,""23"":28,""24"":13,""25"":5,""26"":9,""27"":2,""28"":3,""29"":3,""3"":310,""30"":2,""32"":6,""34"":1,""35"":1,""38"":6,""4"":63,""41"":5,""44"":5,""46"":5,""48"":6,""49"":2,""5"":89,""51"":8,""52"":9,""53"":1,""55"":2,""6"":38,""65"":1,""7"":9,""8"":34,""9"":33}","{""Diagonal CMA-ES"":{""attempts"":291,""discoveries"":0,""improvements"":0,""insertions"":0,""insertion_rate"":0.0},""Immigrant"":{""attempts"":145,""discoveries"":0,""improvements"":0,""insertions"":0,""insertion_rate"":0.0},""Morphology"":{""attempts"":301,""discoveries"":2,""improvements"":3,""insertions"":5,""insertion_rate"":0.016611295681063124},""Novelty"":{""attempts"":263,""discoveries"":0,""improvements"":0,""insertions"":0,""insertion_rate"":0.0}}","{""Morphology"":205,""Novelty"":35}",2,0.8692307692307693,false,46000
38,265,266000,15.816466267999996,0.066082717,0.06222525,0.001511405,0.002346062,16.766326173,135.5802,39.326305,8628.439196050167,187,0.9739583,60,4.506721379676365,54,0.2887700534759358,"{""10"":13,""11"":4,""12"":3,""13"":2,""14"":2,""15"":2,""16"":1,""17"":1,""18"":3,""19"":5,""20"":1,""23"":3,""24"":3,""3"":54,""4"":5,""5"":16,""6"":16,""7"":19,""8"":20,""9"":14}","{""11"":5,""12"":4,""13"":1,""14"":16,""15"":6,""16"":5,""17"":13,""18"":5,""19"":6,""20"":5,""21"":10,""22"":2,""23"":3,""25"":1,""26"":2,""3"":54,""32"":1,""35"":1,""38"":1,""41"":4,""42"":1,""44"":2,""48"":3,""49"":1,""5"":5,""51"":3,""52"":1,""6"":1,""8"":15,""9"":10}",64,"{""count"":64,""unique_topologies"":64,""topology_entropy_bits"":6.0,""effective_topology_count"":64.0,""triangle_like_count"":0,""triangle_like_fraction"":0.0,""mean_nodes"":10.390625,""mean_muscles"":19.578125,""node_counts"":{""10"":14,""11"":13,""12"":2,""13"":2,""14"":4,""15"":4,""16"":1,""5"":1,""7"":3,""8"":6,""9"":14},""muscle_counts"":{""12"":2,""14"":1,""15"":4,""16"":8,""17"":4,""18"":5,""19"":8,""20"":3,""21"":5,""22"":7,""23"":5,""24"":6,""25"":1,""26"":2,""27"":1,""29"":1,""6"":1}}",165,5.457406774856279,258,0.258,"{""10"":56,""11"":30,""12"":19,""13"":18,""14"":17,""15"":21,""16"":9,""17"":3,""18"":5,""19"":15,""20"":9,""21"":6,""23"":8,""24"":6,""3"":258,""4"":159,""5"":97,""6"":67,""7"":40,""8"":90,""9"":67}","{""11"":28,""12"":13,""13"":5,""14"":33,""15"":39,""16"":17,""17"":43,""18"":27,""19"":30,""20"":30,""21"":25,""22"":19,""23"":33,""24"":9,""25"":6,""26"":13,""27"":7,""28"":5,""29"":4,""3"":258,""30"":7,""31"":1,""32"":7,""38"":3,""4"":86,""40"":1,""41"":7,""42"":3,""44"":8,""46"":6,""48"":8,""49"":1,""5"":95,""51"":8,""52"":5,""54"":1,""55"":1,""6"":23,""7"":9,""8"":45,""9"":31}","{""Diagonal CMA-ES"":{""attempts"":295,""discoveries"":0,""improvements"":0,""insertions"":0,""insertion_rate"":0.0},""Immigrant"":{""attempts"":157,""discoveries"":0,""improvements"":0,""insertions"":0,""insertion_rate"":0.0},""Morphology"":{""attempts"":300,""discoveries"":3,""improvements"":2,""insertions"":5,""insertion_rate"":0.016666666666666666},""Novelty"":{""attempts"":248,""discoveries"":0,""improvements"":0,""insertions"":0,""insertion_rate"":0.0}}","{""Morphology"":192,""Novelty"":27}",3,0.8686224489795918,false,47000
38,266,267000,15.884451002999995,0.067984735,0.06501654,0.001110105,0.00185809,16.837746892,135.5802,39.326305,8666.473383367062,187,0.9739583,60,4.506721379676364,54,0.2887700534759358,"{""10"":13,""11"":4,""12"":3,""13"":2,""14"":2,""15"":2,""16"":1,""17"":1,""18"":3,""19"":5,""20"":1,""23"":3,""24"":3,""3"":54,""4"":5,""5"":16,""6"":16,""7"":19,""8"":19,""9"":15}","{""11"":5,""12"":4,""14"":16,""15"":6,""16"":6,""17"":13,""18"":5,""19"":6,""20"":5,""21"":10,""22"":2,""23"":3,""25"":1,""26"":2,""3"":54,""32"":1,""35"":1,""38"":1,""41"":4,""42"":1,""44"":2,""48"":3,""49"":1,""5"":5,""51"":3,""52"":1,""6"":1,""8"":15,""9"":10}",64,"{""count"":64,""unique_topologies"":64,""topology_entropy_bits"":6.0,""effective_topology_count"":64.0,""triangle_like_count"":0,""triangle_like_fraction"":0.0,""mean_nodes"":10.4375,""mean_muscles"":19.65625,""node_counts"":{""10"":14,""11"":13,""12"":1,""13"":2,""14"":4,""15"":5,""16"":1,""5"":1,""7"":3,""8"":6,""9"":14},""muscle_counts"":{""12"":2,""14"":1,""15"":4,""16"":8,""17"":4,""18"":5,""19"":8,""20"":3,""21"":5,""22"":7,""23"":5,""24"":6,""26"":2,""27"":1,""29"":1,""30"":1,""6"":1}}",192,5.598644707689877,263,0.263,"{""10"":47,""11"":40,""12"":11,""13"":19,""14"":20,""15"":20,""17"":5,""18"":2,""19"":13,""20"":15,""23"":10,""24"":9,""25"":1,""3"":263,""4"":136,""5"":106,""6"":81,""7"":41,""8"":88,""9"":73}","{""11"":35,""12"":13,""13"":7,""14"":30,""15"":39,""16"":21,""17"":42,""18"":30,""19"":29,""20"":33,""21"":26,""22"":14,""23"":31,""24"":11,""25"":7,""26"":15,""27"":5,""28"":2,""29"":1,""3"":263,""30"":1,""31"":1,""32"":6,""38"":5,""39"":1,""4"":64,""41"":6,""42"":1,""44"":6,""48"":10,""49"":3,""5"":93,""51"":8,""52"":9,""54"":1,""55"":4,""6"":24,""63"":1,""7"":13,""8"":54,""9"":35}","{""Diagonal CMA-ES"":{""attempts"":286,""discoveries"":0,""improvements"":0,""insertions"":0,""insertion_rate"":0.0},""Immigrant"":{""attempts"":144,""discoveries"":0,""improvements"":0,""insertions"":0,""insertion_rate"":0.0},""Morphology"":{""attempts"":305,""discoveries"":1,""improvements"":5,""insertions"":6,""insertion_rate"":0.019672131147540985},""Novelty"":{""attempts"":265,""discoveries"":0,""improvements"":0,""insertions"":0,""insertion_rate"":0.0}}","{""Morphology"":219,""Novelty"":37}",2,0.8687898089171975,false,48000
38,267,268000,15.948469043999996,0.064018041,0.060838509,0.001102982,0.00207655,16.904804364,135.5802,39.326305,8701.205973088741,187,0.9739583,60,4.506721379676364,54,0.2887700534759358,"{""10"":13,""11"":5,""12"":3,""13"":2,""14"":2,""15"":1,""16"":1,""17"":1,""18"":3,""19"":5,""20"":1,""23"":3,""24"":3,""3"":54,""4"":5,""5"":16,""6"":16,""7"":19,""8"":19,""9"":15}","{""11"":5,""12"":4,""14"":16,""15"":6,""16"":6,""17"":13,""18"":5,""19"":6,""20"":5,""21"":10,""22"":3,""23"":2,""25"":1,""26"":2,""3"":54,""32"":1,""35"":1,""38"":1,""41"":4,""42"":1,""44"":2,""48"":3,""49"":1,""5"":5,""51"":3,""52"":1,""6"":1,""8"":15,""9"":10}",64,"{""count"":64,""unique_topologies"":64,""topology_entropy_bits"":6.0,""effective_topology_count"":64.0,""triangle_like_count"":0,""triangle_like_fraction"":0.0,""mean_nodes"":10.484375,""mean_muscles"":19.734375,""node_counts"":{""10"":15,""11"":13,""12"":1,""13"":2,""14"":4,""15"":5,""16"":1,""5"":1,""7"":2,""8"":6,""9"":14},""muscle_counts"":{""12"":2,""14"":1,""15"":4,""16"":7,""17"":4,""18"":5,""19"":8,""20"":3,""21"":6,""22"":7,""23"":5,""24"":6,""26"":2,""27"":1,""29"":1,""30"":1,""6"":1}}",175,4.936088592548717,372,0.372,"{""10"":36,""11"":28,""12"":10,""13"":13,""14"":9,""15"":10,""16"":13,""17"":4,""18"":2,""19"":16,""20"":15,""23"":8,""24"":7,""3"":372,""4"":154,""5"":91,""6"":55,""7"":29,""8"":60,""9"":68}","{""11"":21,""12"":11,""14"":23,""15"":20,""16"":19,""17"":37,""18"":24,""19"":24,""20"":24,""21"":17,""22"":16,""23"":23,""24"":6,""25"":5,""26"":8,""27"":3,""28"":1,""29"":1,""3"":372,""30"":2,""31"":6,""32"":6,""33"":4,""36"":2,""38"":4,""4"":80,""41"":6,""42"":3,""44"":5,""45"":1,""48"":8,""5"":95,""51"":11,""52"":10,""55"":4,""6"":27,""7"":10,""8"":40,""9"":21}","{""Diagonal CMA-ES"":{""attempts"":280,""discoveries"":0,""improvements"":0,""insertions"":0,""insertion_rate"":0.0},""Immigrant"":{""attempts"":157,""discoveries"":0,""improvements"":0,""insertions"":0,""insertion_rate"":0.0},""Morphology"":{""attempts"":299,""discoveries"":1,""improvements"":3,""insertions"":4,""insertion_rate"":0.013377926421404682},""Novelty"":{""attempts"":264,""discoveries"":0,""improvements"":0,""insertions"":0,""insertion_rate"":0.0}}","{""Morphology"":205,""Novelty"":29}",2,0.8678526048284625,false,49000
38,268,269000,16.017664802999995,0.069195759,0.065668356,0.001173031,0.002354372,16.977519217,135.5802,41.049328,8721.449358403683,187,0.9739583,62,4.55649839467285,54,0.2887700534759358,"{""10"":13,""11"":5,""12"":2,""13"":2,""14"":2,""15"":3,""16"":1,""17"":1,""18"":3,""19"":5,""20"":1,""23"":3,""24"":3,""3"":54,""4"":5,""5"":15,""6"":16,""7"":19,""8"":18,""9"":16}","{""11"":5,""12"":4,""14"":16,""15"":6,""16"":6,""17"":12,""18"":5,""19"":5,""20"":6,""21"":10,""22"":3,""23"":2,""25"":1,""26"":2,""27"":2,""3"":54,""32"":1,""35"":1,""38"":1,""41"":4,""42"":1,""44"":2,""48"":3,""49"":1,""5"":5,""51"":3,""52"":1,""6"":1,""8"":14,""9"":10}",64,"{""count"":64,""unique_topologies"":64,""topology_entropy_bits"":6.0,""effective_topology_count"":64.0,""triangle_like_count"":0,""triangle_like_fraction"":0.0,""mean_nodes"":10.484375,""mean_muscles"":19.734375,""node_counts"":{""10"":15,""11"":13,""12"":1,""13"":2,""14"":4,""15"":5,""16"":1,""5"":1,""7"":2,""8"":6,""9"":14},""muscle_counts"":{""12"":2,""14"":1,""15"":4,""16"":7,""17"":4,""18"":5,""19"":8,""20"":3,""21"":6,""22"":7,""23"":5,""24"":6,""26"":2,""27"":1,""29"":1,""30"":1,""6"":1}}",181,5.501457907337291,274,0.274,"{""10"":59,""11"":49,""12"":15,""13"":18,""14"":11,""15"":16,""16"":1,""17"":6,""18"":2,""19"":22,""20"":7,""23"":12,""24"":5,""3"":274,""4"":140,""5"":103,""6"":71,""7"":33,""8"":81,""9"":75}","{""11"":29,""12"":11,""13"":1,""14"":28,""15"":37,""16"":22,""17"":39,""18"":21,""19"":29,""20"":44,""21"":30,""22"":31,""23"":23,""24"":6,""25"":9,""26"":9,""27"":5,""28"":3,""29"":4,""3"":274,""30"":5,""31"":1,""32"":5,""34"":1,""38"":6,""4"":58,""41"":8,""42"":1,""44"":11,""48"":12,""5"":112,""51"":9,""52"":6,""6"":24,""62"":1,""7"":15,""8"":41,""9"":29}","{""Diagonal CMA-ES"":{""attempts"":317,""discoveries"":0,""improvements"":0,""insertions"":0,""insertion_rate"":0.0},""Immigrant"":{""attempts"":142,""discoveries"":0,""improvements"":0,""insertions"":0,""insertion_rate"":0.0},""Morphology"":{""attempts"":319,""discoveries"":0,""improvements"":4,""insertions"":4,""insertion_rate"":0.012539184952978056},""Novelty"":{""attempts"":222,""discoveries"":0,""improvements"":0,""insertions"":0,""insertion_rate"":0.0}}","{""Morphology"":209,""Novelty"":27}",1,0.8683544303797468,false,50000
38,269,270000,16.084072834999994,0.06640803199999999,0.063108585,0.001163533,0.002135914,17.047438029,135.5802,41.049328,8726.376739919186,187,0.9739583,62,4.5564983946728495,54,0.2887700534759358,"{""10"":13,""11"":5,""12"":1,""13"":2,""14"":2,""15"":4,""16"":1,""17"":1,""18"":3,""19"":5,""20"":1,""23"":3,""24"":3,""3"":54,""4"":5,""5"":15,""6"":16,""7"":19,""8"":18,""9"":16}","{""11"":5,""12"":4,""14"":16,""15"":6,""16"":6,""17"":12,""18"":5,""19"":4,""20"":6,""21"":10,""22"":3,""23"":2,""25"":1,""26"":2,""27"":3,""3"":54,""32"":1,""35"":1,""38"":1,""41"":4,""42"":1,""44"":2,""48"":3,""49"":1,""5"":5,""51"":3,""52"":1,""6"":1,""8"":14,""9"":10}",64,"{""count"":64,""unique_topologies"":64,""topology_entropy_bits"":6.0,""effective_topology_count"":64.0,""triangle_like_count"":0,""triangle_like_fraction"":0.0,""mean_nodes"":10.375,""mean_muscles"":19.390625,""node_counts"":{""10"":16,""11"":12,""13"":2,""14"":4,""15"":4,""16"":1,""17"":1,""4"":1,""5"":1,""7"":2,""8"":6,""9"":14},""muscle_counts"":{""12"":2,""14"":1,""15"":4,""16"":7,""17"":5,""18"":5,""19"":7,""20"":4,""21"":6,""22"":6,""23"":5,""24"":4,""25"":1,""26"":2,""27"":1,""29"":1,""30"":1,""5"":1,""6"":1}}",182,5.059778012994564,294,0.294,"{""10"":61,""11"":34,""12"":7,""13"":9,""14"":11,""15"":12,""16"":11,""17"":3,""18"":2,""19"":15,""20"":9,""23"":8,""24"":4,""3"":294,""4"":125,""5"":78,""6"":58,""7"":30,""8"":56,""9"":173}","{""11"":26,""12"":10,""14"":24,""15"":19,""16"":13,""17"":38,""18"":24,""19"":20,""20"":143,""21"":30,""22"":22,""23"":14,""24"":9,""25"":5,""26"":9,""27"":9,""28"":8,""29"":2,""3"":294,""30"":4,""31"":1,""32"":5,""38"":2,""39"":1,""4"":69,""41"":4,""42"":3,""44"":5,""48"":8,""5"":80,""51"":8,""52"":8,""55"":1,""6"":21,""7"":9,""8"":28,""9"":24}","{""Diagonal CMA-ES"":{""attempts"":303,""discoveries"":0,""improvements"":0,""insertions"":0,""insertion_rate"":0.0},""Immigrant"":{""attempts"":152,""discoveries"":0,""improvements"":0,""insertions"":0,""insertion_rate"":0.0},""Morphology"":{""attempts"":289,""discoveries"":4,""improvements"":2,""insertions"":6,""insertion_rate"":0.020761245674740483},""Novelty"":{""attempts"":256,""discoveries"":1,""improvements"":1,""insertions"":2,""insertion_rate"":0.0078125}}","{""Morphology"":189,""Novelty"":28}",5,0.8686868686868687,false,51000
38,270,271000,16.152242786999995,0.068169952,0.064217502,0.001403363,0.002549087,17.119617419,135.5802,41.049328,8726.376739919186,187,0.9739583,62,4.55649839467285,54,0.2887700534759358,"{""10"":13,""11"":5,""12"":1,""13"":2,""14"":2,""15"":4,""16"":1,""17"":1,""18"":3,""19"":5,""20"":1,""23"":3,""24"":3,""3"":54,""4"":5,""5"":15,""6"":16,""7"":19,""8"":18,""9"":16}","{""11"":5,""12"":4,""14"":16,""15"":6,""16"":6,""17"":12,""18"":5,""19"":4,""20"":6,""21"":10,""22"":3,""23"":2,""25"":1,""26"":2,""27"":3,""3"":54,""32"":1,""35"":1,""38"":1,""41"":4,""42"":1,""44"":2,""48"":3,""49"":1,""5"":5,""51"":3,""52"":1,""6"":1,""8"":14,""9"":10}",64,"{""count"":64,""unique_topologies"":64,""topology_entropy_bits"":6.0,""effective_topology_count"":64.0,""triangle_like_count"":0,""triangle_like_fraction"":0.0,""mean_nodes"":10.375,""mean_muscles"":19.390625,""node_counts"":{""10"":16,""11"":12,""13"":2,""14"":4,""15"":4,""16"":1,""17"":1,""4"":1,""5"":1,""7"":2,""8"":6,""9"":14},""muscle_counts"":{""12"":2,""14"":1,""15"":4,""16"":7,""17"":5,""18"":5,""19"":7,""20"":4,""21"":6,""22"":6,""23"":5,""24"":4,""25"":1,""26"":2,""27"":1,""29"":1,""30"":1,""5"":1,""6"":1}}",203,5.656171292272617,255,0.255,"{""10"":70,""11"":46,""12"":3,""13"":11,""14"":10,""15"":14,""16"":10,""17"":10,""18"":4,""19"":15,""20"":12,""21"":1,""23"":11,""24"":8,""3"":255,""4"":134,""5"":99,""6"":71,""7"":32,""8"":78,""9"":106}","{""10"":1,""11"":30,""12"":12,""14"":25,""15"":36,""16"":19,""17"":43,""18"":29,""19"":25,""20"":72,""21"":32,""22"":15,""23"":18,""24"":14,""25"":10,""26"":13,""27"":11,""28"":5,""29"":3,""3"":255,""30"":2,""31"":1,""32"":7,""38"":6,""4"":70,""41"":7,""42"":3,""43"":1,""44"":4,""46"":1,""47"":1,""48"":11,""49"":1,""5"":86,""51"":7,""52"":8,""53"":1,""54"":1,""55"":1,""6"":21,""65"":1,""7"":15,""8"":44,""9"":32}","{""Diagonal CMA-ES"":{""attempts"":302,""discoveries"":0,""improvements"":0,""insertions"":0,""insertion_rate"":0.0},""Immigrant"":{""attempts"":151,""discoveries"":0,""improvements"":0,""insertions"":0,""insertion_rate"":0.0},""Morphology"":{""attempts"":310,""discoveries"":1,""improvements"":2,""insertions"":3,""insertion_rate"":0.00967741935483871},""Novelty"":{""attempts"":237,""discoveries"":0,""improvements"":0,""insertions"":0,""insertion_rate"":0.0}}","{""Morphology"":216,""Novelty"":29}",1,0.8690176322418136,false,52000
38,271,272000,16.222409741999996,0.07016695499999999,0.066810519,0.001196777,0.002159659,17.193339085,135.5802,41.049328,8726.94219058752,187,0.9739583,62,4.5564983946728495,54,0.2887700534759358,"{""10"":13,""11"":5,""12"":1,""13"":2,""14"":2,""15"":4,""16"":1,""17"":1,""18"":3,""19"":5,""20"":1,""23"":3,""24"":3,""3"":54,""4"":5,""5"":15,""6"":16,""7"":19,""8"":18,""9"":16}","{""11"":5,""12"":4,""14"":16,""15"":6,""16"":6,""17"":12,""18"":5,""19"":4,""20"":6,""21"":10,""22"":3,""23"":2,""25"":1,""26"":2,""27"":3,""3"":54,""32"":1,""35"":1,""38"":1,""41"":4,""42"":1,""44"":2,""48"":3,""49"":1,""5"":5,""51"":3,""52"":1,""6"":1,""8"":14,""9"":10}",64,"{""count"":64,""unique_topologies"":64,""topology_entropy_bits"":6.0,""effective_topology_count"":64.0,""triangle_like_count"":0,""triangle_like_fraction"":0.0,""mean_nodes"":10.5,""mean_muscles"":19.625,""node_counts"":{""10"":17,""11"":13,""13"":2,""14"":4,""15"":4,""16"":1,""17"":1,""5"":1,""7"":2,""8"":6,""9"":13},""muscle_counts"":{""12"":2,""14"":1,""15"":4,""16"":7,""17"":6,""18"":4,""19"":7,""20"":4,""21"":7,""22"":6,""23"":5,""24"":4,""25"":1,""26"":2,""27"":1,""29"":1,""30"":1,""6"":1}}",179,5.569475611492106,248,0.248,"{""10"":67,""11"":42,""12"":3,""13"":8,""14"":12,""15"":14,""16"":13,""17"":6,""18"":3,""19"":19,""20"":11,""23"":12,""24"":5,""3"":248,""4"":135,""5"":110,""6"":79,""7"":42,""8"":62,""9"":109}","{""10"":3,""11"":35,""12"":13,""14"":33,""15"":25,""16"":21,""17"":44,""18"":31,""19"":21,""20"":65,""21"":31,""22"":13,""23"":20,""24"":12,""25"":6,""26"":11,""27"":11,""28"":8,""29"":2,""3"":248,""30"":2,""31"":2,""32"":9,""38"":5,""4"":68,""41"":5,""42"":2,""44"":7,""47"":1,""48"":12,""5"":98,""51"":10,""52"":7,""55"":1,""6"":37,""63"":1,""65"":1,""7"":10,""8"":38,""9"":31}","{""Diagonal CMA-ES"":{""attempts"":304,""discoveries"":0,""improvements"":0,""insertions"":0,""insertion_rate"":0.0},""Immigrant"":{""attempts"":155,""discoveries"":0,""improvements"":0,""insertions"":0,""insertion_rate"":0.0},""Morphology"":{""attempts"":326,""discoveries"":2,""improvements"":1,""insertions"":3,""insertion_rate"":0.009202453987730062},""Novelty"":{""attempts"":215,""discoveries"":0,""improvements"":0,""insertions"":0,""insertion_rate"":0.0}}","{""Morphology"":213,""Novelty"":27}",3,0.869182389937107,false,53000
38,272,273000,16.290173649999996,0.067763908,0.064465649,0.001155222,0.002143037,17.264534226,135.5802,41.049328,8737.346868932247,187,0.9739583,62,4.56304826837178,54,0.2887700534759358,"{""10"":13,""11"":5,""12"":1,""13"":2,""14"":2,""15"":4,""16"":1,""17"":1,""18"":3,""19"":5,""20"":1,""23"":3,""24"":3,""3"":54,""4"":5,""5"":15,""6"":16,""7"":19,""8"":18,""9"":16}","{""11"":5,""12"":4,""14"":16,""15"":7,""16"":6,""17"":11,""18"":5,""19"":4,""20"":6,""21"":10,""22"":3,""23"":2,""25"":1,""26"":2,""27"":3,""3"":54,""32"":1,""35"":1,""38"":1,""41"":4,""42"":1,""44"":2,""48"":3,""49"":1,""5"":5,""51"":3,""52"":1,""6"":1,""8"":14,""9"":10}",64,"{""count"":64,""unique_topologies"":64,""topology_entropy_bits"":6.0,""effective_topology_count"":64.0,""triangle_like_count"":0,""triangle_like_fraction"":0.0,""mean_nodes"":10.46875,""mean_muscles"":19.5625,""node_counts"":{""10"":17,""11"":12,""13"":2,""14"":4,""15"":4,""16"":1,""17"":1,""5"":1,""7"":2,""8"":6,""9"":14},""muscle_counts"":{""12"":2,""14"":1,""15"":4,""16"":7,""17"":6,""18"":5,""19"":7,""20"":4,""21"":7,""22"":5,""23"":5,""24"":4,""25"":1,""26"":2,""27"":1,""29"":1,""30"":1,""6"":1}}",173,5.461714154980863,256,0.256,"{""10"":59,""11"":45,""12"":12,""13"":10,""14"":12,""15"":11,""16"":5,""17"":5,""18"":4,""19"":16,""20"":10,""21"":1,""23"":8,""24"":10,""3"":256,""4"":161,""5"":88,""6"":80,""7"":44,""8"":79,""9"":84}","{""10"":2,""11"":33,""12"":12,""14"":35,""15"":30,""16"":14,""17"":51,""18"":28,""19"":19,""20"":60,""21"":25,""22"":21,""23"":17,""24"":10,""25"":13,""26"":11,""27"":8,""28"":4,""29"":1,""3"":256,""30"":2,""32"":5,""38"":5,""39"":1,""4"":83,""41"":8,""42"":2,""44"":8,""48"":8,""49"":1,""5"":97,""51"":7,""52"":8,""53"":2,""55"":1,""6"":26,""62"":2,""7"":8,""8"":42,""9"":34}","{""Diagonal CMA-ES"":{""attempts"":301,""discoveries"":0,""improvements"":0,""insertions"":0,""insertion_rate"":0.0},""Immigrant"":{""attempts"":162,""discoveries"":0,""improvements"":0,""insertions"":0,""insertion_rate"":0.0},""Morphology"":{""attempts"":287,""discoveries"":2,""improvements"":2,""insertions"":4,""insertion_rate"":0.013937282229965157},""Novelty"":{""attempts"":250,""discoveries"":0,""improvements"":0,""insertions"":0,""insertion_rate"":0.0}}","{""Morphology"":205,""Novelty"":30}",2,0.86875,false,54000
38,273,274000,16.352813263999995,0.062639614,0.058770274,0.001691872,0.002177468,17.33210342,135.5802,41.049328,8760.92257732153,187,0.9739583,63,4.585357437805857,54,0.2887700534759358,"{""10"":13,""11"":5,""12"":1,""13"":2,""14"":2,""15"":4,""16"":1,""17"":1,""18"":3,""19"":5,""20"":1,""23"":3,""24"":3,""3"":54,""4"":5,""5"":15,""6"":16,""7"":18,""8"":18,""9"":17}","{""11"":5,""12"":4,""14"":15,""15"":6,""16"":7,""17"":12,""18"":5,""19"":4,""20"":6,""21"":10,""22"":3,""23"":2,""25"":1,""26"":2,""27"":3,""3"":54,""32"":1,""35"":1,""38"":1,""41"":4,""42"":1,""44"":2,""48"":3,""49"":1,""5"":5,""51"":3,""52"":1,""6"":1,""8"":14,""9"":10}",64,"{""count"":64,""unique_topologies"":64,""topology_entropy_bits"":6.0,""effective_topology_count"":64.0,""triangle_like_count"":0,""triangle_like_fraction"":0.0,""mean_nodes"":10.5,""mean_muscles"":19.546875,""node_counts"":{""10"":17,""11"":13,""13"":2,""14"":4,""15"":4,""16"":1,""17"":1,""5"":1,""7"":2,""8"":6,""9"":13},""muscle_counts"":{""12"":2,""14"":1,""15"":4,""16"":7,""17"":6,""18"":4,""19"":9,""20"":4,""21"":6,""22"":5,""23"":5,""24"":4,""25"":1,""26"":2,""27"":1,""29"":1,""30"":1,""6"":1}}",160,5.255081600967534,221,0.221,"{""10"":61,""11"":38,""12"":2,""13"":10,""14"":8,""15"":11,""16"":2,""17"":4,""18"":4,""19"":17,""20"":9,""23"":11,""24"":4,""25"":1,""3"":221,""4"":143,""5"":79,""6"":57,""7"":91,""8"":160,""9"":67}","{""10"":1,""11"":27,""12"":9,""14"":85,""15"":29,""16"":23,""17"":135,""18"":29,""19"":23,""20"":28,""21"":25,""22"":19,""23"":13,""24"":4,""25"":5,""26"":9,""27"":8,""28"":3,""29"":1,""3"":221,""32"":5,""38"":4,""4"":66,""41"":8,""42"":3,""43"":1,""44"":7,""48"":11,""5"":92,""50"":1,""51"":5,""52"":8,""54"":1,""55"":1,""6"":26,""7"":11,""8"":30,""9"":23}","{""Diagonal CMA-ES"":{""attempts"":284,""discoveries"":0,""improvements"":0,""insertions"":0,""insertion_rate"":0.0},""Immigrant"":{""attempts"":147,""discoveries"":0,""improvements"":0,""insertions"":0,""insertion_rate"":0.0},""Morphology"":{""attempts"":285,""discoveries"":1,""improvements"":3,""insertions"":4,""insertion_rate"":0.014035087719298246},""Novelty"":{""attempts"":284,""discoveries"":1,""improvements"":0,""insertions"":1,""insertion_rate"":0.0035211267605633804}}","{""Morphology"":189,""Novelty"":34}",3,0.8689138576779026,false,55000
38,274,275000,16.421259856999995,0.06844659299999999,0.064902567,0.001232395,0.002311631,17.404515522,141.8826,41.049328,8826.982786595821,187,0.9739583,62,4.566054547568225,54,0.2887700534759358,"{""10"":13,""11"":5,""12"":1,""13"":1,""14"":2,""15"":4,""16"":1,""17"":1,""18"":3,""19"":5,""20"":1,""23"":3,""24"":3,""3"":54,""4"":5,""5"":15,""6"":16,""7"":18,""8"":19,""9"":17}","{""11"":5,""12"":4,""14"":15,""15"":7,""16"":7,""17"":12,""18"":5,""19"":4,""20"":6,""21"":10,""22"":3,""23"":2,""26"":2,""27"":3,""3"":54,""32"":1,""35"":1,""38"":1,""41"":4,""42"":1,""44"":2,""48"":3,""49"":1,""5"":5,""51"":3,""52"":1,""6"":1,""8"":14,""9"":10}",64,"{""count"":64,""unique_topologies"":64,""topology_entropy_bits"":6.0,""effective_topology_count"":64.0,""triangle_like_count"":0,""triangle_like_fraction"":0.0,""mean_nodes"":10.4375,""mean_muscles"":19.296875,""node_counts"":{""10"":16,""11"":13,""13"":2,""14"":4,""15"":4,""16"":1,""17"":1,""5"":1,""6"":1,""7"":2,""8"":6,""9"":13},""muscle_counts"":{""12"":2,""14"":1,""15"":4,""16"":7,""17"":7,""18"":4,""19"":8,""20"":4,""21"":5,""22"":5,""23"":5,""24"":4,""25"":1,""26"":2,""27"":1,""29"":1,""30"":1,""6"":1,""7"":1}}",173,5.408394646066025,266,0.266,"{""10"":60,""11"":41,""12"":16,""13"":10,""14"":11,""15"":17,""16"":6,""17"":6,""18"":2,""19"":17,""20"":13,""23"":11,""24"":8,""3"":266,""4"":142,""5"":77,""6"":75,""7"":47,""8"":104,""9"":71}","{""11"":33,""12"":15,""13"":1,""14"":39,""15"":23,""16"":24,""17"":75,""18"":25,""19"":26,""20"":41,""21"":24,""22"":22,""23"":19,""24"":8,""25"":8,""26"":11,""27"":12,""28"":7,""29"":2,""3"":266,""30"":1,""32"":6,""33"":1,""38"":6,""4"":65,""41"":8,""42"":2,""43"":1,""44"":6,""45"":1,""47"":1,""48"":11,""49"":1,""5"":90,""51"":8,""52"":7,""55"":1,""6"":23,""62"":1,""63"":2,""65"":1,""7"":14,""8"":32,""9"":30}","{""Diagonal CMA-ES"":{""attempts"":307,""discoveries"":0,""improvements"":1,""insertions"":1,""insertion_rate"":0.003257328990228013},""Immigrant"":{""attempts"":142,""discoveries"":0,""improvements"":0,""insertions"":0,""insertion_rate"":0.0},""Morphology"":{""attempts"":287,""discoveries"":2,""improvements"":2,""insertions"":4,""insertion_rate"":0.013937282229965157},""Novelty"":{""attempts"":264,""discoveries"":0,""improvements"":0,""insertions"":0,""insertion_rate"":0.0}}","{""Morphology"":199,""Novelty"":27}",2,0.8681592039800995,true,56000
38,275,276000,16.492655647999996,0.071395791,0.067649929,0.001351122,0.00239474,17.480038293,141.8826,41.049328,8877.46950763464,187,0.9739583,62,4.577507539279862,54,0.2887700534759358,"{""10"":13,""11"":4,""12"":1,""13"":1,""14"":1,""15"":4,""16"":1,""17"":1,""18"":3,""19"":5,""20"":1,""23"":3,""24"":3,""3"":54,""4"":5,""5"":15,""6"":16,""7"":18,""8"":19,""9"":19}","{""11"":5,""12"":4,""14"":15,""15"":7,""16"":8,""17"":13,""18"":6,""19"":4,""20"":6,""21"":8,""22"":2,""23"":2,""26"":2,""27"":3,""3"":54,""32"":1,""35"":1,""38"":1,""41"":4,""42"":1,""44"":2,""48"":3,""49"":1,""5"":5,""51"":3,""52"":1,""6"":1,""8"":14,""9"":10}",64,"{""count"":64,""unique_topologies"":64,""topology_entropy_bits"":6.0,""effective_topology_count"":64.0,""triangle_like_count"":0,""triangle_like_fraction"":0.0,""mean_nodes"":10.375,""mean_muscles"":18.984375,""node_counts"":{""10"":16,""11"":13,""13"":2,""14"":4,""15"":4,""16"":1,""17"":1,""4"":1,""5"":1,""6"":1,""7"":2,""8"":5,""9"":13},""muscle_counts"":{""12"":2,""14"":1,""15"":4,""16"":8,""17"":8,""18"":3,""19"":7,""20"":3,""21"":5,""22"":5,""23"":5,""24"":4,""25"":1,""26"":2,""27"":1,""29"":1,""30"":1,""4"":1,""6"":1,""7"":1}}",179,5.312700150779566,266,0.266,"{""10"":73,""11"":33,""12"":8,""13"":3,""14"":5,""15"":18,""16"":6,""17"":4,""18"":7,""19"":24,""20"":11,""23"":6,""24"":3,""25"":1,""3"":266,""4"":122,""5"":99,""6"":46,""7"":62,""8"":100,""9"":103}","{""10"":1,""11"":17,""12"":6,""14"":51,""15"":36,""16"":47,""17"":76,""18"":26,""19"":15,""20"":43,""21"":44,""22"":13,""23"":11,""24"":5,""26"":5,""27"":16,""28"":6,""29"":2,""3"":266,""30"":1,""32"":2,""36"":1,""38"":4,""4"":54,""41"":10,""42"":1,""43"":1,""44"":5,""45"":1,""48"":6,""5"":90,""51"":17,""52"":5,""54"":1,""55"":2,""6"":27,""63"":2,""65"":1,""7"":11,""8"":49,""9"":23}","{""Diagonal CMA-ES"":{""attempts"":303,""discoveries"":0,""improvements"":0,""insertions"":0,""insertion_rate"":0.0},""Immigrant"":{""attempts"":143,""discoveries"":0,""improvements"":0,""insertions"":0,""insertion_rate"":0.0},""Morphology"":{""attempts"":295,""discoveries"":3,""improvements"":4,""insertions"":7,""insertion_rate"":0.023728813559322035},""Novelty"":{""attempts"":259,""discoveries"":0,""improvements"":1,""insertions"":1,""insertion_rate"":0.003861003861003861}}","{""Morphology"":186,""Novelty"":34}",3,0.8672456575682382,false,1000
38,276,277000,16.558619641999996,0.065963994,0.062945932,0.001100607,0.001917455,17.549439457,141.8826,41.049328,8877.46950763464,187,0.9739583,62,4.577507539279863,54,0.2887700534759358,"{""10"":13,""11"":4,""12"":1,""13"":1,""14"":1,""15"":4,""16"":1,""17"":1,""18"":3,""19"":5,""20"":1,""23"":3,""24"":3,""3"":54,""4"":5,""5"":15,""6"":16,""7"":18,""8"":19,""9"":19}","{""11"":5,""12"":4,""14"":15,""15"":7,""16"":8,""17"":13,""18"":6,""19"":4,""20"":6,""21"":8,""22"":2,""23"":2,""26"":2,""27"":3,""3"":54,""32"":1,""35"":1,""38"":1,""41"":4,""42"":1,""44"":2,""48"":3,""49"":1,""5"":5,""51"":3,""52"":1,""6"":1,""8"":14,""9"":10}",64,"{""count"":64,""unique_topologies"":64,""topology_entropy_bits"":6.0,""effective_topology_count"":64.0,""triangle_like_count"":0,""triangle_like_fraction"":0.0,""mean_nodes"":10.40625,""mean_muscles"":18.875,""node_counts"":{""10"":17,""11"":13,""13"":2,""14"":4,""15"":4,""16"":1,""17"":1,""4"":1,""5"":1,""6"":1,""7"":2,""8"":4,""9"":13},""muscle_counts"":{""12"":2,""14"":1,""15"":3,""16"":8,""17"":9,""18"":4,""19"":8,""20"":4,""21"":3,""22"":5,""23"":5,""24"":3,""25"":1,""26"":2,""27"":1,""29"":1,""30"":1,""4"":1,""6"":1,""7"":1}}",187,5.473289608951324,231,0.231,"{""10"":81,""11"":36,""12"":4,""13"":3,""14"":3,""15"":16,""16"":4,""17"":1,""18"":12,""19"":20,""20"":9,""21"":1,""23"":5,""24"":3,""3"":231,""4"":151,""5"":123,""6"":41,""7"":54,""8"":107,""9"":95}","{""10"":4,""11"":21,""12"":5,""14"":45,""15"":46,""16"":51,""17"":68,""18"":17,""19"":26,""20"":35,""21"":40,""22"":11,""23"":17,""24"":7,""25"":2,""26"":6,""27"":15,""28"":6,""29"":1,""3"":231,""32"":2,""33"":1,""38"":1,""4"":85,""41"":15,""42"":5,""43"":1,""44"":4,""48"":5,""5"":103,""50"":1,""51"":7,""52"":4,""53"":2,""54"":1,""55"":5,""6"":36,""7"":13,""8"":38,""9"":17}","{""Diagonal CMA-ES"":{""attempts"":303,""discoveries"":0,""improvements"":0,""insertions"":0,""insertion_rate"":0.0},""Immigrant"":{""attempts"":191,""discoveries"":0,""improvements"":0,""insertions"":0,""insertion_rate"":0.0},""Morphology"":{""attempts"":288,""discoveries"":5,""improvements"":2,""insertions"":7,""insertion_rate"":0.024305555555555556},""Novelty"":{""attempts"":218,""discoveries"":0,""improvements"":0,""insertions"":0,""insertion_rate"":0.0}}","{""Morphology"":205,""Novelty"":31}",5,0.8665018541409147,false,2000
38,277,278000,16.622217389999996,0.063597748,0.059912436,0.001174218,0.002511094,17.616600227,141.8826,41.049328,8968.674578130245,187,0.9739583,62,4.600135418183108,54,0.2887700534759358,"{""10"":12,""11"":4,""12"":1,""13"":1,""14"":1,""15"":4,""16"":1,""17"":1,""18"":3,""19"":5,""20"":1,""23"":3,""24"":3,""3"":54,""4"":5,""5"":14,""6"":16,""7"":18,""8"":19,""9"":21}","{""11"":5,""12"":4,""14"":15,""15"":7,""16"":9,""17"":13,""18"":7,""19"":4,""20"":6,""21"":7,""22"":2,""23"":2,""26"":2,""27"":3,""3"":54,""32"":1,""35"":1,""38"":1,""41"":4,""42"":1,""44"":2,""48"":3,""49"":1,""5"":5,""51"":3,""52"":1,""6"":1,""8"":13,""9"":10}",64,"{""count"":64,""unique_topologies"":64,""topology_entropy_bits"":6.0,""effective_topology_count"":64.0,""triangle_like_count"":0,""triangle_like_fraction"":0.0,""mean_nodes"":10.453125,""mean_muscles"":18.890625,""node_counts"":{""10"":18,""11"":14,""13"":2,""14"":4,""15"":4,""16"":1,""17"":1,""4"":1,""5"":1,""6"":1,""7"":2,""8"":4,""9"":11},""muscle_counts"":{""12"":2,""14"":1,""15"":3,""16"":7,""17"":10,""18"":4,""19"":8,""20"":4,""21"":3,""22"":5,""23"":5,""24"":3,""25"":1,""26"":2,""27"":1,""29"":1,""30"":1,""4"":1,""6"":1,""7"":1}}",172,5.446859550566562,234,0.234,"{""10"":81,""11"":33,""12"":9,""13"":3,""14"":3,""15"":16,""16"":3,""17"":4,""18"":5,""19"":26,""20"":9,""23"":4,""24"":6,""25"":1,""3"":234,""4"":138,""5"":106,""6"":40,""7"":60,""8"":119,""9"":100}","{""10"":1,""11"":19,""12"":7,""14"":54,""15"":37,""16"":47,""17"":92,""18"":29,""19"":28,""20"":35,""21"":41,""22"":9,""23"":16,""24"":3,""26"":7,""27"":13,""28"":4,""29"":2,""3"":234,""30"":1,""32"":4,""38"":4,""4"":77,""41"":8,""42"":4,""44"":8,""48"":4,""49"":2,""5"":81,""50"":1,""51"":14,""52"":6,""55"":4,""6"":31,""7"":12,""8"":45,""9"":16}","{""Diagonal CMA-ES"":{""attempts"":303,""discoveries"":0,""improvements"":0,""insertions"":0,""insertion_rate"":0.0},""Immigrant"":{""attempts"":140,""discoveries"":0,""improvements"":0,""insertions"":0,""insertion_rate"":0.0},""Morphology"":{""attempts"":297,""discoveries"":2,""improvements"":4,""insertions"":6,""insertion_rate"":0.020202020202020204},""Novelty"":{""attempts"":260,""discoveries"":0,""improvements"":0,""insertions"":0,""insertion_rate"":0.0}}","{""Morphology"":189,""Novelty"":29}",2,0.8668310727496917,false,3000
38,278,279000,16.692129082999998,0.06991169300000001,0.066099343,0.001400988,0.002411362,17.690854985,141.8826,41.049328,8994.34919589758,187,0.9739583,62,4.596098586620739,54,0.2887700534759358,"{""10"":12,""11"":4,""12"":2,""13"":1,""14"":1,""15"":3,""16"":1,""17"":1,""18"":3,""19"":5,""20"":1,""23"":3,""24"":3,""3"":54,""4"":5,""5"":14,""6"":16,""7"":18,""8"":19,""9"":21}","{""11"":5,""12"":4,""14"":15,""15"":7,""16"":9,""17"":13,""18"":7,""19"":4,""20"":6,""21"":8,""22"":2,""23"":2,""26"":2,""27"":2,""3"":54,""32"":1,""35"":1,""38"":1,""41"":4,""42"":1,""44"":2,""48"":3,""49"":1,""5"":5,""51"":3,""52"":1,""6"":1,""8"":13,""9"":10}",64,"{""count"":64,""unique_topologies"":64,""topology_entropy_bits"":6.0,""effective_topology_count"":64.0,""triangle_like_count"":0,""triangle_like_fraction"":0.0,""mean_nodes"":10.546875,""mean_muscles"":19.234375,""node_counts"":{""10"":19,""11"":14,""13"":2,""14"":4,""15"":4,""16"":1,""17"":1,""5"":1,""6"":1,""7"":2,""8"":4,""9"":11},""muscle_counts"":{""12"":2,""14"":1,""15"":3,""16"":7,""17"":9,""18"":4,""19"":9,""20"":4,""21"":3,""22"":5,""23"":5,""24"":4,""25"":1,""26"":2,""27"":1,""29"":1,""30"":1,""6"":1,""7"":1}}",192,5.499663312288884,240,0.24,"{""10"":83,""11"":34,""12"":11,""13"":4,""14"":3,""15"":16,""16"":12,""17"":2,""18"":6,""19"":20,""20"":8,""21"":1,""23"":5,""24"":5,""3"":240,""4"":130,""5"":89,""6"":45,""7"":67,""8"":103,""9"":116}","{""11"":19,""12"":8,""13"":1,""14"":61,""15"":31,""16"":46,""17"":84,""18"":41,""19"":25,""20"":46,""21"":37,""22"":13,""23"":11,""24"":7,""25"":1,""26"":7,""27"":16,""28"":3,""29"":5,""3"":240,""30"":2,""31"":3,""32"":4,""38"":2,""4"":62,""40"":1,""41"":7,""42"":6,""44"":4,""48"":5,""49"":1,""5"":96,""51"":12,""52"":3,""53"":1,""55"":1,""56"":1,""6"":26,""62"":1,""63"":2,""7"":4,""8"":32,""9"":22}","{""Diagonal CMA-ES"":{""attempts"":299,""discoveries"":0,""improvements"":0,""insertions"":0,""insertion_rate"":0.0},""Immigrant"":{""attempts"":151,""discoveries"":0,""improvements"":0,""insertions"":0,""insertion_rate"":0.0},""Morphology"":{""attempts"":294,""discoveries"":2,""improvements"":3,""insertions"":5,""insertion_rate"":0.017006802721088437},""Novelty"":{""attempts"":256,""discoveries"":0,""improvements"":0,""insertions"":0,""insertion_rate"":0.0}}","{""Morphology"":195,""Novelty"":37}",3,0.8660933660933661,false,4000
38,279,280000,16.760705087999998,0.068576005,0.064549945,0.001498345,0.002527715,17.764764245,141.8826,41.049328,8998.59862369299,187,0.9739583,62,4.596098586620739,54,0.2887700534759358,"{""10"":12,""11"":4,""12"":2,""13"":1,""14"":1,""15"":3,""16"":1,""17"":1,""18"":3,""19"":5,""20"":1,""23"":3,""24"":3,""3"":54,""4"":5,""5"":14,""6"":16,""7"":18,""8"":19,""9"":21}","{""11"":5,""12"":4,""14"":15,""15"":7,""16"":9,""17"":13,""18"":7,""19"":4,""20"":6,""21"":8,""22"":2,""23"":2,""26"":2,""27"":2,""3"":54,""32"":1,""35"":1,""38"":1,""41"":4,""42"":1,""44"":2,""48"":3,""49"":1,""5"":5,""51"":3,""52"":1,""6"":1,""8"":13,""9"":10}",64,"{""count"":64,""unique_topologies"":64,""topology_entropy_bits"":6.0,""effective_topology_count"":64.0,""triangle_like_count"":0,""triangle_like_fraction"":0.0,""mean_nodes"":10.671875,""mean_muscles"":19.390625,""node_counts"":{""10"":17,""11"":14,""13"":2,""14"":4,""15"":4,""16"":1,""17"":1,""24"":1,""4"":1,""5"":1,""6"":1,""7"":2,""8"":4,""9"":11},""muscle_counts"":{""12"":2,""14"":1,""15"":3,""16"":7,""17"":9,""18"":4,""19"":8,""20"":4,""21"":3,""22"":5,""23"":5,""24"":3,""25"":1,""26"":2,""27"":1,""29"":1,""30"":1,""4"":1,""49"":1,""6"":1,""7"":1}}",192,5.564250596335794,236,0.236,"{""10"":89,""11"":44,""12"":4,""13"":2,""14"":3,""15"":11,""16"":9,""17"":1,""18"":7,""19"":21,""20"":13,""23"":6,""24"":8,""25"":2,""3"":236,""4"":127,""5"":82,""6"":33,""7"":57,""8"":105,""9"":140}","{""10"":1,""11"":16,""12"":9,""13"":1,""14"":49,""15"":45,""16"":57,""17"":71,""18"":47,""19"":26,""20"":50,""21"":40,""22"":11,""23"":11,""24"":12,""25"":5,""26"":4,""27"":10,""28"":9,""29"":2,""3"":236,""30"":1,""31"":1,""32"":5,""38"":1,""39"":2,""4"":73,""41"":7,""42"":2,""43"":1,""44"":5,""48"":6,""49"":1,""5"":73,""50"":1,""51"":18,""52"":8,""55"":5,""6"":25,""65"":1,""7"":1,""8"":37,""9"":14}","{""Diagonal CMA-ES"":{""attempts"":286,""discoveries"":0,""improvements"":0,""insertions"":0,""insertion_rate"":0.0},""Immigrant"":{""attempts"":128,""discoveries"":0,""improvements"":0,""insertions"":0,""insertion_rate"":0.0},""Morphology"":{""attempts"":326,""discoveries"":1,""improvements"":4,""insertions"":5,""insertion_rate"":0.015337423312883436},""Novelty"":{""attempts"":260,""discoveries"":1,""improvements"":0,""insertions"":1,""insertion_rate"":0.0038461538461538464}}","{""Morphology"":225,""Novelty"":27}",2,0.8656898656898657,false,5000
38,280,281000,16.828250536,0.06754544800000001,0.063584688,0.001596889,0.002363871,17.836355937,141.8826,41.049328,9032.606398046017,187,0.9739583,61,4.587352746923413,54,0.2887700534759358,"{""10"":11,""11"":4,""12"":2,""13"":1,""14"":1,""15"":3,""16"":1,""17"":1,""18"":3,""19"":5,""20"":1,""23"":3,""24"":3,""3"":54,""4"":5,""5"":15,""6"":16,""7"":18,""8"":18,""9"":22}","{""11"":5,""12"":4,""14"":15,""15"":6,""16"":10,""17"":12,""18"":7,""19"":4,""20"":6,""21"":8,""22"":2,""23"":2,""26"":2,""27"":2,""3"":54,""32"":1,""35"":1,""38"":1,""41"":4,""42"":1,""44"":2,""48"":3,""49"":1,""5"":5,""51"":3,""52"":1,""6"":2,""8"":13,""9"":10}",64,"{""count"":64,""unique_topologies"":64,""topology_entropy_bits"":6.0,""effective_topology_count"":64.0,""triangle_like_count"":0,""triangle_like_fraction"":0.0,""mean_nodes"":11.046875,""mean_muscles"":20.171875,""node_counts"":{""10"":19,""11"":12,""13"":2,""14"":4,""15"":4,""16"":1,""17"":1,""25"":2,""6"":1,""7"":2,""8"":4,""9"":12},""muscle_counts"":{""12"":2,""14"":1,""15"":3,""16"":6,""17"":10,""18"":7,""19"":8,""20"":4,""21"":3,""22"":5,""23"":5,""24"":1,""25"":1,""26"":2,""27"":1,""29"":1,""30"":1,""50"":1,""52"":1,""7"":1}}",180,5.544985769964237,230,0.23,"{""10"":76,""11"":28,""12"":9,""13"":5,""14"":5,""15"":12,""16"":3,""17"":5,""18"":2,""19"":18,""20"":9,""23"":10,""24"":8,""25"":10,""3"":230,""4"":126,""5"":102,""6"":64,""7"":44,""8"":69,""9"":165}","{""10"":1,""11"":32,""12"":10,""14"":38,""15"":27,""16"":22,""17"":50,""18"":116,""19"":25,""20"":34,""21"":31,""22"":10,""23"":18,""24"":9,""26"":10,""27"":10,""28"":2,""29"":1,""3"":230,""30"":2,""32"":5,""38"":5,""4"":58,""41"":7,""42"":2,""44"":8,""48"":10,""49"":2,""5"":100,""50"":6,""51"":9,""52"":10,""55"":1,""6"":22,""63"":1,""65"":1,""7"":11,""8"":39,""9"":25}","{""Diagonal CMA-ES"":{""attempts"":296,""discoveries"":0,""improvements"":0,""insertions"":0,""insertion_rate"":0.0},""Immigrant"":{""attempts"":147,""discoveries"":0,""improvements"":0,""insertions"":0,""insertion_rate"":0.0},""Morphology"":{""attempts"":311,""discoveries"":6,""improvements"":4,""insertions"":10,""insertion_rate"":0.03215434083601286},""Novelty"":{""attempts"":246,""discoveries"":0,""improvements"":0,""insertions"":0,""insertion_rate"":0.0}}","{""Morphology"":209,""Novelty"":23}",6,0.8647990255785627,false,6000
38,281,282000,16.895037314,0.066786778,0.062583812,0.001309568,0.002893398,17.907169963,141.8826,41.246464,9148.479673802853,187,0.9739583,61,4.58278187541393,54,0.2887700534759358,"{""10"":12,""11"":4,""12"":2,""13"":1,""14"":1,""15"":3,""16"":1,""17"":1,""18"":3,""19"":5,""20"":1,""23"":2,""24"":2,""26"":2,""3"":54,""4"":5,""5"":15,""6"":15,""7"":18,""8"":18,""9"":22}","{""11"":4,""12"":4,""14"":15,""15"":6,""16"":11,""17"":12,""18"":8,""19"":3,""20"":6,""21"":8,""22"":2,""23"":2,""26"":2,""27"":2,""3"":54,""32"":1,""35"":1,""38"":1,""41"":4,""42"":1,""44"":2,""48"":2,""5"":5,""51"":3,""52"":1,""53"":1,""55"":1,""6"":2,""8"":13,""9"":10}",64,"{""count"":64,""unique_topologies"":64,""topology_entropy_bits"":6.0,""effective_topology_count"":64.0,""triangle_like_count"":0,""triangle_like_fraction"":0.0,""mean_nodes"":11.109375,""mean_muscles"":20.3125,""node_counts"":{""10"":21,""11"":12,""13"":2,""14"":4,""15"":4,""16"":1,""17"":1,""25"":2,""6"":1,""7"":2,""8"":2,""9"":12},""muscle_counts"":{""12"":2,""14"":1,""15"":2,""16"":6,""17"":11,""18"":6,""19"":8,""20"":4,""21"":3,""22"":5,""23"":5,""24"":1,""25"":2,""26"":2,""27"":1,""29"":1,""30"":1,""50"":1,""52"":1,""7"":1}}",210,5.736743838746311,234,0.234,"{""10"":104,""11"":34,""12"":10,""13"":6,""14"":6,""15"":15,""16"":6,""17"":4,""18"":1,""19"":15,""20"":8,""21"":2,""23"":10,""24"":7,""25"":4,""26"":6,""3"":234,""4"":122,""5"":91,""6"":65,""7"":45,""8"":67,""9"":138}","{""11"":25,""12"":15,""14"":34,""15"":18,""16"":14,""17"":59,""18"":97,""19"":44,""20"":46,""21"":33,""22"":12,""23"":15,""24"":5,""25"":3,""26"":13,""27"":11,""28"":5,""29"":4,""3"":234,""30"":1,""32"":6,""38"":4,""4"":63,""40"":1,""41"":6,""42"":1,""44"":5,""45"":1,""48"":10,""49"":1,""5"":76,""50"":2,""51"":13,""52"":7,""53"":4,""55"":2,""56"":1,""6"":20,""7"":15,""8"":44,""9"":30}","{""Diagonal CMA-ES"":{""attempts"":284,""discoveries"":0,""improvements"":0,""insertions"":0,""insertion_rate"":0.0},""Immigrant"":{""attempts"":129,""discoveries"":0,""improvements"":0,""insertions"":0,""insertion_rate"":0.0},""Morphology"":{""attempts"":319,""discoveries"":3,""improvements"":6,""insertions"":9,""insertion_rate"":0.02821316614420063},""Novelty"":{""attempts"":268,""discoveries"":0,""improvements"":0,""insertions"":0,""insertion_rate"":0.0}}","{""Morphology"":220,""Novelty"":32}",5,0.8628640776699029,false,7000
38,282,283000,16.972604577,0.077567263,0.07381309,0.001659815,0.002094358,17.989493464,141.8826,41.246464,9162.92653888464,187,0.9739583,62,4.604467851496736,54,0.2887700534759358,"{""10"":12,""11"":4,""12"":2,""13"":1,""14"":1,""15"":3,""16"":1,""17"":1,""18"":3,""19"":5,""20"":1,""23"":2,""24"":1,""26"":2,""27"":1,""3"":54,""4"":5,""5"":15,""6"":15,""7"":17,""8"":18,""9"":23}","{""11"":4,""12"":4,""14"":14,""15"":6,""16"":11,""17"":12,""18"":9,""19"":3,""20"":6,""21"":8,""22"":2,""23"":2,""26"":2,""27"":2,""3"":54,""32"":1,""35"":1,""38"":1,""41"":4,""42"":1,""44"":2,""48"":2,""5"":5,""51"":2,""52"":1,""53"":1,""55"":1,""56"":1,""6"":2,""8"":13,""9"":10}",64,"{""count"":64,""unique_topologies"":64,""topology_entropy_bits"":6.0,""effective_topology_count"":64.0,""triangle_like_count"":0,""triangle_like_fraction"":0.0,""mean_nodes"":10.96875,""mean_muscles"":20.203125,""node_counts"":{""10"":21,""11"":12,""13"":2,""14"":4,""15"":4,""16"":1,""25"":2,""6"":1,""7"":2,""8"":3,""9"":12},""muscle_counts"":{""12"":2,""14"":1,""15"":2,""16"":6,""17"":12,""18"":6,""19"":7,""20"":5,""21"":3,""22"":5,""23"":5,""24"":1,""25"":1,""26"":2,""27"":1,""29"":1,""30"":1,""50"":1,""52"":1,""7"":1}}",201,5.551230751678975,158,0.158,"{""10"":82,""11"":33,""12"":3,""13"":3,""14"":3,""15"":9,""16"":2,""17"":2,""18"":5,""19"":13,""20"":6,""23"":6,""24"":2,""25"":2,""26"":86,""27"":14,""3"":158,""4"":123,""5"":127,""6"":40,""7"":23,""8"":51,""9"":207}","{""11"":16,""12"":5,""13"":1,""14"":19,""15"":19,""16"":17,""17"":41,""18"":169,""19"":34,""20"":30,""21"":28,""22"":10,""23"":11,""24"":6,""25"":2,""26"":9,""27"":7,""28"":4,""29"":1,""3"":158,""31"":2,""32"":3,""38"":2,""4"":55,""41"":9,""44"":6,""48"":6,""5"":85,""51"":7,""52"":6,""53"":6,""54"":3,""55"":81,""56"":6,""58"":2,""6"":37,""63"":1,""64"":1,""68"":1,""7"":12,""8"":67,""9"":15}","{""Diagonal CMA-ES"":{""attempts"":279,""discoveries"":0,""improvements"":0,""insertions"":0,""insertion_rate"":0.0},""Immigrant"":{""attempts"":145,""discoveries"":0,""improvements"":0,""insertions"":0,""insertion_rate"":0.0},""Morphology"":{""attempts"":331,""discoveries"":2,""improvements"":5,""insertions"":7,""insertion_rate"":0.021148036253776436},""Novelty"":{""attempts"":245,""discoveries"":0,""improvements"":1,""insertions"":1,""insertion_rate"":0.004081632653061225}}","{""Morphology"":221,""Novelty"":29}",3,0.860774818401937,false,8000
38,283,284000,17.040953811999998,0.068349235,0.065081846,0.001162345,0.002105044,18.06144134,141.8826,41.246464,9164.636118352413,187,0.9739583,62,4.604467851496736,54,0.2887700534759358,"{""10"":12,""11"":4,""12"":2,""13"":1,""14"":1,""15"":3,""16"":1,""17"":1,""18"":3,""19"":5,""20"":1,""23"":2,""24"":1,""26"":2,""27"":1,""3"":54,""4"":5,""5"":15,""6"":15,""7"":17,""8"":18,""9"":23}","{""11"":4,""12"":4,""14"":14,""15"":6,""16"":11,""17"":12,""18"":9,""19"":3,""20"":6,""21"":8,""22"":2,""23"":2,""26"":2,""27"":2,""3"":54,""32"":1,""35"":1,""38"":1,""41"":4,""42"":1,""44"":2,""48"":2,""5"":5,""51"":2,""52"":1,""53"":1,""55"":1,""56"":1,""6"":2,""8"":13,""9"":10}",64,"{""count"":64,""unique_topologies"":64,""topology_entropy_bits"":6.0,""effective_topology_count"":64.0,""triangle_like_count"":0,""triangle_like_fraction"":0.0,""mean_nodes"":10.53125,""mean_muscles"":19.109375,""node_counts"":{""10"":23,""11"":13,""13"":2,""14"":4,""15"":4,""16"":1,""6"":1,""7"":2,""8"":3,""9"":11},""muscle_counts"":{""12"":2,""14"":1,""15"":2,""16"":6,""17"":14,""18"":5,""19"":7,""20"":6,""21"":4,""22"":5,""23"":5,""24"":1,""26"":2,""27"":1,""29"":1,""30"":1,""7"":1}}",192,5.354654949216325,258,0.258,"{""10"":67,""11"":35,""12"":8,""13"":5,""14"":3,""15"":11,""16"":3,""17"":5,""18"":1,""19"":11,""20"":11,""23"":9,""24"":4,""26"":7,""27"":3,""3"":258,""4"":124,""5"":119,""6"":52,""7"":22,""8"":58,""9"":184}","{""10"":1,""11"":19,""12"":9,""13"":1,""14"":17,""15"":22,""16"":18,""17"":37,""18"":134,""19"":30,""20"":37,""21"":29,""22"":9,""23"":22,""24"":6,""25"":3,""26"":10,""27"":5,""28"":2,""29"":3,""3"":258,""30"":2,""32"":4,""38"":5,""4"":60,""41"":4,""44"":6,""45"":1,""48"":9,""5"":101,""51"":8,""52"":6,""53"":3,""54"":2,""55"":6,""6"":25,""63"":1,""7"":18,""8"":43,""9"":24}","{""Diagonal CMA-ES"":{""attempts"":294,""discoveries"":0,""improvements"":0,""insertions"":0,""insertion_rate"":0.0},""Immigrant"":{""attempts"":159,""discoveries"":0,""improvements"":0,""insertions"":0,""insertion_rate"":0.0},""Morphology"":{""attempts"":287,""discoveries"":4,""improvements"":2,""insertions"":6,""insertion_rate"":0.020905923344947737},""Novelty"":{""attempts"":260,""discoveries"":0,""improvements"":0,""insertions"":0,""insertion_rate"":0.0}}","{""Morphology"":196,""Novelty"":36}",4,0.8581730769230769,false,9000
38,284,285000,17.11027068,0.06931686799999999,0.064826581,0.001186091,0.003304196,18.134071901,141.8826,41.246464,9164.947812497616,187,0.9739583,62,4.592462199500019,55,0.29411764705882354,"{""10"":12,""11"":4,""12"":2,""13"":1,""14"":1,""15"":3,""16"":1,""17"":1,""18"":3,""19"":5,""20"":1,""23"":2,""24"":1,""26"":2,""27"":1,""3"":55,""4"":5,""5"":14,""6"":15,""7"":17,""8"":18,""9"":23}","{""11"":4,""12"":4,""14"":14,""15"":6,""16"":11,""17"":12,""18"":9,""19"":3,""20"":6,""21"":8,""22"":2,""23"":2,""26"":2,""27"":2,""3"":55,""32"":1,""35"":1,""38"":1,""41"":4,""42"":1,""44"":2,""48"":2,""5"":5,""51"":2,""52"":1,""53"":1,""55"":1,""56"":1,""6"":2,""8"":12,""9"":10}",64,"{""count"":64,""unique_topologies"":64,""topology_entropy_bits"":6.0,""effective_topology_count"":64.0,""triangle_like_count"":0,""triangle_like_fraction"":0.0,""mean_nodes"":10.34375,""mean_muscles"":18.59375,""node_counts"":{""10"":23,""11"":12,""13"":2,""14"":4,""15"":4,""16"":1,""4"":2,""6"":1,""7"":2,""8"":3,""9"":10},""muscle_counts"":{""12"":2,""14"":1,""15"":2,""16"":6,""17"":15,""18"":4,""19"":7,""20"":5,""21"":3,""22"":5,""23"":5,""24"":1,""26"":2,""27"":1,""29"":1,""30"":1,""4"":1,""5"":1,""7"":1}}",204,5.62892429801401,250,0.25,"{""10"":90,""11"":44,""12"":15,""13"":5,""14"":5,""15"":12,""16"":1,""17"":5,""18"":3,""19"":15,""20"":11,""23"":10,""24"":5,""26"":6,""27"":5,""3"":250,""4"":116,""5"":108,""6"":55,""7"":32,""8"":58,""9"":149}","{""11"":22,""12"":15,""14"":24,""15"":20,""16"":15,""17"":47,""18"":116,""19"":31,""20"":42,""21"":36,""22"":14,""23"":19,""24"":8,""25"":4,""26"":11,""27"":8,""28"":2,""29"":2,""3"":250,""32"":5,""38"":5,""4"":61,""41"":8,""42"":3,""44"":5,""45"":1,""48"":10,""5"":85,""51"":6,""52"":9,""53"":1,""54"":3,""55"":5,""56"":2,""6"":26,""65"":1,""68"":1,""7"":11,""8"":43,""9"":23}","{""Diagonal CMA-ES"":{""attempts"":293,""discoveries"":0,""improvements"":0,""insertions"":0,""insertion_rate"":0.0},""Immigrant"":{""attempts"":158,""discoveries"":0,""improvements"":0,""insertions"":0,""insertion_rate"":0.0},""Morphology"":{""attempts"":314,""discoveries"":5,""improvements"":1,""insertions"":6,""insertion_rate"":0.01910828025477707},""Novelty"":{""attempts"":235,""discoveries"":0,""improvements"":1,""insertions"":1,""insertion_rate"":0.00425531914893617}}","{""Morphology"":214,""Novelty"":28}",5,0.8578255675029869,false,10000
38,285,286000,17.177639226,0.067368546,0.06407741,0.001114854,0.002176282,18.205205306,141.8826,41.246464,9164.947812497616,187,0.9739583,62,4.592462199500023,55,0.29411764705882354,"{""10"":12,""11"":4,""12"":2,""13"":1,""14"":1,""15"":3,""16"":1,""17"":1,""18"":3,""19"":5,""20"":1,""23"":2,""24"":1,""26"":2,""27"":1,""3"":55,""4"":5,""5"":14,""6"":15,""7"":17,""8"":18,""9"":23}","{""11"":4,""12"":4,""14"":14,""15"":6,""16"":11,""17"":12,""18"":9,""19"":3,""20"":6,""21"":8,""22"":2,""23"":2,""26"":2,""27"":2,""3"":55,""32"":1,""35"":1,""38"":1,""41"":4,""42"":1,""44"":2,""48"":2,""5"":5,""51"":2,""52"":1,""53"":1,""55"":1,""56"":1,""6"":2,""8"":12,""9"":10}",64,"{""count"":64,""unique_topologies"":64,""topology_entropy_bits"":6.0,""effective_topology_count"":64.0,""triangle_like_count"":0,""triangle_like_fraction"":0.0,""mean_nodes"":10.34375,""mean_muscles"":18.59375,""node_counts"":{""10"":23,""11"":12,""13"":2,""14"":4,""15"":4,""16"":1,""4"":2,""6"":1,""7"":2,""8"":3,""9"":10},""muscle_counts"":{""12"":2,""14"":1,""15"":2,""16"":6,""17"":15,""18"":4,""19"":7,""20"":5,""21"":3,""22"":5,""23"":5,""24"":1,""26"":2,""27"":1,""29"":1,""30"":1,""4"":1,""5"":1,""7"":1}}",179,5.434047774136518,247,0.247,"{""10"":93,""11"":24,""12"":7,""13"":5,""14"":5,""15"":10,""16"":1,""17"":3,""18"":3,""19"":18,""20"":10,""23"":8,""24"":6,""26"":6,""27"":9,""3"":247,""4"":127,""5"":95,""6"":55,""7"":28,""8"":65,""9"":175}","{""11"":24,""12"":11,""14"":22,""15"":25,""16"":20,""17"":62,""18"":128,""19"":27,""20"":36,""21"":34,""22"":5,""23"":12,""24"":9,""25"":3,""26"":10,""27"":7,""28"":1,""29"":1,""3"":247,""32"":5,""38"":3,""4"":68,""41"":5,""42"":5,""44"":5,""48"":8,""49"":1,""5"":83,""51"":11,""52"":7,""53"":1,""54"":4,""55"":7,""56"":2,""58"":1,""6"":33,""63"":3,""7"":12,""8"":30,""9"":22}","{""Diagonal CMA-ES"":{""attempts"":283,""discoveries"":0,""improvements"":0,""insertions"":0,""insertion_rate"":0.0},""Immigrant"":{""attempts"":146,""discoveries"":0,""improvements"":0,""insertions"":0,""insertion_rate"":0.0},""Morphology"":{""attempts"":331,""discoveries"":0,""improvements"":4,""insertions"":4,""insertion_rate"":0.012084592145015106},""Novelty"":{""attempts"":240,""discoveries"":0,""improvements"":0,""insertions"":0,""insertion_rate"":0.0}}","{""Morphology"":216,""Novelty"":24}",0,0.8583333333333333,false,11000
38,286,287000,17.251594795,0.073955569,0.070708363,0.001152847,0.002094359,18.282545806,141.8826,41.246464,9184.951840817928,187,0.9739583,61,4.573159309262392,55,0.29411764705882354,"{""10"":11,""11"":5,""12"":2,""13"":1,""14"":1,""15"":3,""16"":1,""17"":1,""18"":3,""19"":5,""20"":1,""23"":2,""24"":1,""26"":2,""27"":1,""3"":55,""4"":4,""5"":14,""6"":15,""7"":17,""8"":19,""9"":23}","{""11"":4,""12"":4,""14"":14,""15"":7,""16"":11,""17"":12,""18"":9,""19"":3,""20"":6,""21"":8,""22"":2,""23"":2,""26"":2,""27"":2,""3"":55,""32"":1,""35"":1,""38"":1,""41"":4,""42"":1,""44"":2,""48"":2,""5"":4,""51"":2,""52"":1,""53"":1,""55"":1,""56"":1,""6"":2,""8"":12,""9"":10}",64,"{""count"":64,""unique_topologies"":64,""topology_entropy_bits"":6.0,""effective_topology_count"":64.0,""triangle_like_count"":0,""triangle_like_fraction"":0.0,""mean_nodes"":10.53125,""mean_muscles"":19.046875,""node_counts"":{""10"":25,""11"":12,""13"":2,""14"":4,""15"":4,""16"":1,""6"":1,""7"":2,""8"":3,""9"":10},""muscle_counts"":{""10"":1,""12"":1,""14"":1,""15"":2,""16"":6,""17"":15,""18"":4,""19"":8,""20"":5,""21"":4,""22"":5,""23"":5,""24"":1,""26"":2,""27"":1,""29"":1,""30"":1,""7"":1}}",192,5.60705503088569,240,0.24,"{""10"":71,""11"":41,""12"":6,""13"":5,""14"":5,""15"":12,""16"":7,""17"":4,""18"":1,""19"":16,""20"":7,""21"":2,""23"":8,""24"":7,""26"":10,""27"":3,""3"":240,""4"":132,""5"":98,""6"":67,""7"":30,""8"":79,""9"":149}","{""10"":1,""11"":24,""12"":12,""13"":1,""14"":24,""15"":30,""16"":28,""17"":52,""18"":108,""19"":28,""20"":33,""21"":29,""22"":16,""23"":11,""24"":6,""25"":2,""26"":10,""27"":8,""28"":5,""29"":2,""3"":240,""30"":1,""32"":5,""38"":4,""4"":70,""41"":6,""42"":3,""44"":5,""48"":8,""49"":1,""5"":86,""51"":8,""52"":3,""53"":7,""54"":1,""55"":9,""56"":2,""6"":23,""65"":1,""7"":14,""8"":42,""9"":31}","{""Diagonal CMA-ES"":{""attempts"":279,""discoveries"":0,""improvements"":0,""insertions"":0,""insertion_rate"":0.0},""Immigrant"":{""attempts"":150,""discoveries"":0,""improvements"":0,""insertions"":0,""insertion_rate"":0.0},""Morphology"":{""attempts"":311,""discoveries"":4,""improvements"":5,""insertions"":9,""insertion_rate"":0.028938906752411574},""Novelty"":{""attempts"":260,""discoveries"":0,""improvements"":0,""insertions"":0,""insertion_rate"":0.0}}","{""Morphology"":208,""Novelty"":35}",5,0.8554502369668247,false,12000
38,287,288000,17.327311098,0.075716303,0.072394298,0.001157596,0.002164409,18.361859562,141.8826,41.246464,9215.641580045223,187,0.9739583,62,4.582301052281357,55,0.29411764705882354,"{""10"":12,""11"":5,""12"":2,""13"":1,""14"":1,""15"":3,""16"":1,""17"":1,""18"":3,""19"":5,""20"":1,""23"":2,""24"":1,""26"":2,""27"":1,""3"":55,""4"":4,""5"":14,""6"":15,""7"":17,""8"":18,""9"":23}","{""11"":4,""12"":4,""14"":14,""15"":6,""16"":11,""17"":13,""18"":9,""19"":3,""20"":6,""21"":8,""22"":2,""23"":2,""26"":2,""27"":2,""3"":55,""32"":1,""35"":1,""38"":1,""41"":4,""42"":1,""44"":2,""48"":2,""5"":4,""51"":2,""52"":1,""53"":1,""55"":1,""56"":1,""6"":2,""8"":12,""9"":10}",64,"{""count"":64,""unique_topologies"":64,""topology_entropy_bits"":6.0,""effective_topology_count"":64.0,""triangle_like_count"":0,""triangle_like_fraction"":0.0,""mean_nodes"":10.59375,""mean_muscles"":19.171875,""node_counts"":{""10"":25,""11"":13,""13"":2,""14"":4,""15"":4,""16"":1,""6"":1,""7"":1,""8"":3,""9"":10},""muscle_counts"":{""12"":1,""14"":1,""15"":2,""16"":6,""17"":16,""18"":4,""19"":7,""20"":6,""21"":4,""22"":5,""23"":5,""24"":1,""26"":2,""27"":1,""29"":1,""30"":1,""7"":1}}",197,5.708647893828903,262,0.262,"{""10"":85,""11"":54,""12"":10,""13"":5,""14"":5,""15"":11,""16"":2,""17"":6,""19"":19,""20"":9,""23"":11,""24"":5,""25"":1,""26"":7,""27"":4,""3"":262,""4"":107,""5"":98,""6"":71,""7"":35,""8"":105,""9"":88}","{""10"":7,""11"":28,""12"":11,""13"":4,""14"":23,""15"":54,""16"":19,""17"":63,""18"":44,""19"":34,""20"":42,""21"":33,""22"":18,""23"":21,""24"":4,""25"":2,""26"":12,""27"":5,""28"":4,""29"":1,""3"":262,""32"":5,""38"":6,""4"":48,""41"":6,""44"":8,""48"":11,""5"":79,""51"":10,""52"":6,""53"":3,""54"":4,""55"":6,""6"":29,""63"":1,""65"":1,""7"":14,""8"":43,""9"":29}","{""Diagonal CMA-ES"":{""attempts"":297,""discoveries"":0,""improvements"":0,""insertions"":0,""insertion_rate"":0.0},""Immigrant"":{""attempts"":150,""discoveries"":0,""improvements"":0,""insertions"":0,""insertion_rate"":0.0},""Morphology"":{""attempts"":309,""discoveries"":2,""improvements"":4,""insertions"":6,""insertion_rate"":0.019417475728155338},""Novelty"":{""attempts"":244,""discoveries"":0,""improvements"":0,""insertions"":0,""insertion_rate"":0.0}}","{""Morphology"":206,""Novelty"":28}",3,0.8527679623085983,false,13000
38,288,289000,17.403091513,0.075780415,0.072440601,0.001209837,0.002129977,18.441193502,141.8826,41.246464,9251.12017005682,187,0.9739583,62,4.58035170481291,55,0.29411764705882354,"{""10"":12,""11"":5,""12"":1,""13"":1,""14"":1,""15"":3,""16"":1,""17"":1,""18"":3,""19"":5,""20"":1,""23"":2,""24"":1,""26"":2,""27"":1,""3"":55,""4"":4,""5"":14,""6"":15,""7"":17,""8"":19,""9"":23}","{""11"":4,""12"":4,""14"":14,""15"":7,""16"":11,""17"":13,""18"":9,""19"":3,""20"":6,""21"":7,""22"":2,""23"":2,""26"":2,""27"":2,""3"":55,""32"":1,""35"":1,""38"":1,""41"":4,""42"":1,""44"":2,""48"":2,""5"":4,""51"":2,""52"":1,""53"":1,""55"":1,""56"":1,""6"":2,""8"":12,""9"":10}",64,"{""count"":64,""unique_topologies"":64,""topology_entropy_bits"":6.0,""effective_topology_count"":64.0,""triangle_like_count"":0,""triangle_like_fraction"":0.0,""mean_nodes"":10.609375,""mean_muscles"":19.03125,""node_counts"":{""10"":26,""11"":13,""13"":2,""14"":4,""15"":4,""16"":1,""6"":1,""7"":1,""8"":3,""9"":9},""muscle_counts"":{""12"":1,""14"":1,""15"":2,""16"":6,""17"":18,""18"":4,""19"":7,""20"":5,""21"":4,""22"":5,""23"":4,""24"":1,""26"":2,""27"":1,""29"":1,""30"":1,""7"":1}}",198,5.713758942732065,254,0.254,"{""10"":74,""11"":62,""12"":12,""13"":5,""14"":7,""15"":10,""16"":4,""17"":4,""18"":5,""19"":18,""20"":10,""23"":12,""24"":5,""26"":9,""27"":4,""3"":254,""4"":131,""5"":91,""6"":66,""7"":34,""8"":106,""9"":77}","{""11"":27,""12"":15,""13"":1,""14"":24,""15"":61,""16"":22,""17"":53,""18"":46,""19"":27,""20"":45,""21"":37,""22"":15,""23"":13,""24"":8,""25"":2,""26"":12,""27"":8,""28"":2,""29"":1,""3"":254,""32"":6,""38"":4,""4"":73,""41"":11,""43"":1,""44"":9,""45"":1,""48"":12,""5"":77,""51"":7,""52"":5,""53"":4,""54"":2,""55"":8,""56"":2,""6"":21,""65"":1,""7"":11,""8"":46,""9"":26}","{""Diagonal CMA-ES"":{""attempts"":299,""discoveries"":0,""improvements"":0,""insertions"":0,""insertion_rate"":0.0},""Immigrant"":{""attempts"":144,""discoveries"":0,""improvements"":0,""insertions"":0,""insertion_rate"":0.0},""Morphology"":{""attempts"":316,""discoveries"":3,""improvements"":3,""insertions"":6,""insertion_rate"":0.0189873417721519},""Novelty"":{""attempts"":241,""discoveries"":0,""improvements"":0,""insertions"":0,""insertion_rate"":0.0}}","{""Morphology"":207,""Novelty"":31}",4,0.8527679623085983,false,14000
38,289,290000,17.478277102,0.07518558900000001,0.071456348,0.001208649,0.002520592,18.519989605,141.8826,41.48333,9299.599427640438,187,0.9739583,63,4.6062044687494685,55,0.29411764705882354,"{""10"":13,""11"":5,""12"":1,""13"":1,""14"":1,""15"":3,""16"":1,""17"":1,""18"":3,""19"":5,""20"":1,""23"":2,""24"":1,""26"":2,""27"":1,""3"":55,""4"":4,""5"":13,""6"":15,""7"":17,""8"":19,""9"":23}","{""11"":4,""12"":4,""14"":14,""15"":7,""16"":11,""17"":14,""18"":9,""19"":3,""20"":6,""21"":7,""22"":2,""23"":2,""26"":2,""27"":2,""3"":55,""32"":1,""35"":1,""38"":1,""41"":4,""42"":1,""44"":2,""48"":2,""5"":4,""51"":2,""52"":1,""53"":1,""55"":1,""56"":1,""6"":2,""8"":11,""9"":10}",64,"{""count"":64,""unique_topologies"":64,""topology_entropy_bits"":6.0,""effective_topology_count"":64.0,""triangle_like_count"":0,""triangle_like_fraction"":0.0,""mean_nodes"":10.625,""mean_muscles"":19.015625,""node_counts"":{""10"":26,""11"":12,""12"":1,""13"":2,""14"":4,""15"":4,""16"":1,""6"":1,""7"":1,""8"":3,""9"":9},""muscle_counts"":{""12"":1,""14"":1,""15"":2,""16"":6,""17"":18,""18"":4,""19"":7,""20"":5,""21"":4,""22"":6,""23"":3,""24"":1,""26"":2,""27"":1,""29"":1,""30"":1,""7"":1}}",179,5.557047093227337,268,0.268,"{""10"":81,""11"":52,""12"":7,""13"":6,""14"":6,""15"":13,""16"":2,""17"":7,""18"":2,""19"":16,""20"":11,""21"":1,""23"":12,""24"":6,""26"":6,""27"":6,""3"":268,""4"":130,""5"":95,""6"":73,""7"":24,""8"":78,""9"":98}","{""11"":28,""12"":12,""14"":18,""15"":35,""16"":25,""17"":58,""18"":51,""19"":25,""20"":47,""21"":33,""22"":12,""23"":19,""24"":6,""25"":1,""26"":12,""27"":8,""28"":3,""3"":268,""30"":1,""32"":7,""38"":7,""4"":63,""41"":8,""42"":2,""44"":6,""45"":1,""48"":12,""5"":90,""51"":8,""52"":8,""53"":3,""54"":2,""55"":4,""56"":2,""58"":1,""6"":25,""62"":1,""65"":1,""68"":1,""7"":8,""8"":46,""9"":32}","{""Diagonal CMA-ES"":{""attempts"":309,""discoveries"":0,""improvements"":0,""insertions"":0,""insertion_rate"":0.0},""Immigrant"":{""attempts"":154,""discoveries"":0,""improvements"":0,""insertions"":0,""insertion_rate"":0.0},""Morphology"":{""attempts"":278,""discoveries"":2,""improvements"":2,""insertions"":4,""insertion_rate"":0.014388489208633094},""Novelty"":{""attempts"":259,""discoveries"":0,""improvements"":0,""insertions"":0,""insertion_rate"":0.0}}","{""Morphology"":187,""Novelty"":24}",2,0.8512880562060889,false,15000
38,290,291000,17.551227047,0.07294994499999999,0.069398795,0.0012039,0.00234725,18.597034472,141.8826,41.48333,9309.155888974667,187,0.9739583,63,4.606204468749468,55,0.29411764705882354,"{""10"":13,""11"":5,""12"":1,""13"":1,""14"":1,""15"":3,""16"":1,""17"":1,""18"":3,""19"":5,""20"":1,""23"":2,""24"":1,""26"":2,""27"":1,""3"":55,""4"":4,""5"":13,""6"":15,""7"":17,""8"":19,""9"":23}","{""11"":4,""12"":4,""14"":14,""15"":7,""16"":11,""17"":14,""18"":9,""19"":3,""20"":6,""21"":7,""22"":2,""23"":2,""26"":2,""27"":2,""3"":55,""32"":1,""35"":1,""38"":1,""41"":4,""42"":1,""44"":2,""48"":2,""5"":4,""51"":2,""52"":1,""53"":1,""55"":1,""56"":1,""6"":2,""8"":11,""9"":10}",64,"{""count"":64,""unique_topologies"":64,""topology_entropy_bits"":6.0,""effective_topology_count"":64.0,""triangle_like_count"":0,""triangle_like_fraction"":0.0,""mean_nodes"":10.671875,""mean_muscles"":19.109375,""node_counts"":{""10"":26,""11"":10,""12"":2,""13"":3,""14"":4,""15"":4,""16"":1,""6"":1,""7"":1,""8"":3,""9"":9},""muscle_counts"":{""12"":1,""14"":1,""15"":2,""16"":6,""17"":18,""18"":4,""19"":7,""20"":5,""21"":4,""22"":4,""23"":3,""24"":2,""26"":3,""27"":1,""29"":1,""30"":1,""7"":1}}",190,5.610955232920539,274,0.274,"{""10"":73,""11"":41,""12"":8,""13"":14,""14"":6,""15"":10,""16"":2,""17"":5,""18"":3,""19"":15,""20"":14,""23"":12,""24"":6,""26"":8,""27"":7,""3"":274,""4"":126,""5"":102,""6"":70,""7"":28,""8"":82,""9"":94}","{""10"":1,""11"":24,""12"":13,""14"":20,""15"":35,""16"":24,""17"":62,""18"":55,""19"":27,""20"":32,""21"":20,""22"":15,""23"":20,""24"":7,""25"":1,""26"":16,""27"":5,""28"":4,""3"":274,""31"":1,""32"":6,""38"":5,""4"":57,""41"":9,""42"":2,""43"":1,""44"":5,""47"":1,""48"":12,""5"":92,""51"":7,""52"":12,""53"":3,""54"":3,""55"":7,""56"":2,""6"":27,""68"":1,""7"":18,""8"":44,""9"":30}","{""Diagonal CMA-ES"":{""attempts"":307,""discoveries"":0,""improvements"":0,""insertions"":0,""insertion_rate"":0.0},""Immigrant"":{""attempts"":155,""discoveries"":0,""improvements"":0,""insertions"":0,""insertion_rate"":0.0},""Morphology"":{""attempts"":310,""discoveries"":2,""improvements"":5,""insertions"":7,""insertion_rate"":0.02258064516129032},""Novelty"":{""attempts"":228,""discoveries"":0,""improvements"":0,""insertions"":0,""insertion_rate"":0.0}}","{""Morphology"":195,""Novelty"":27}",2,0.8506417736289381,false,16000
38,291,292000,17.620610408,0.069383361,0.066564761,0.001062615,0.001755985,18.669326664,141.8826,41.48333,9314.01796478033,187,0.9739583,63,4.595213679832437,55,0.29411764705882354,"{""10"":13,""11"":5,""12"":1,""13"":1,""14"":1,""15"":3,""16"":1,""17"":1,""18"":3,""19"":5,""20"":1,""23"":2,""24"":1,""26"":2,""27"":1,""3"":55,""4"":4,""5"":13,""6"":15,""7"":18,""8"":19,""9"":22}","{""11"":4,""12"":4,""14"":15,""15"":7,""16"":11,""17"":14,""18"":8,""19"":3,""20"":6,""21"":7,""22"":2,""23"":2,""26"":2,""27"":2,""3"":55,""32"":1,""35"":1,""38"":1,""41"":4,""42"":1,""44"":2,""48"":2,""5"":4,""51"":2,""52"":1,""53"":1,""55"":1,""56"":1,""6"":2,""8"":11,""9"":10}",64,"{""count"":64,""unique_topologies"":64,""topology_entropy_bits"":6.0,""effective_topology_count"":64.0,""triangle_like_count"":0,""triangle_like_fraction"":0.0,""mean_nodes"":10.6875,""mean_muscles"":19.0625,""node_counts"":{""10"":25,""11"":11,""12"":2,""13"":3,""14"":4,""15"":4,""16"":1,""6"":1,""7"":1,""8"":3,""9"":9},""muscle_counts"":{""12"":1,""14"":1,""15"":2,""16"":6,""17"":18,""18"":5,""19"":7,""20"":5,""21"":3,""22"":4,""23"":3,""24"":2,""26"":3,""27"":1,""29"":1,""30"":1,""7"":1}}",186,4.68364237571095,430,0.43,"{""10"":61,""11"":22,""12"":12,""13"":16,""14"":6,""15"":6,""17"":2,""18"":3,""19"":11,""20"":7,""23"":4,""24"":2,""25"":1,""26"":4,""27"":7,""3"":430,""4"":114,""5"":72,""6"":36,""7"":30,""8"":52,""9"":102}","{""10"":1,""11"":13,""12"":7,""14"":24,""15"":22,""16"":19,""17"":40,""18"":72,""19"":12,""20"":17,""21"":25,""22"":10,""23"":16,""24"":12,""25"":4,""26"":13,""27"":7,""28"":3,""29"":1,""3"":430,""30"":1,""31"":1,""32"":2,""38"":2,""39"":1,""4"":54,""41"":4,""42"":2,""44"":3,""48"":4,""5"":79,""51"":5,""52"":5,""53"":1,""54"":5,""55"":6,""56"":2,""6"":26,""63"":1,""7"":13,""8"":20,""9"":15}","{""Diagonal CMA-ES"":{""attempts"":316,""discoveries"":0,""improvements"":0,""insertions"":0,""insertion_rate"":0.0},""Immigrant"":{""attempts"":137,""discoveries"":0,""improvements"":0,""insertions"":0,""insertion_rate"":0.0},""Morphology"":{""attempts"":312,""discoveries"":1,""improvements"":3,""insertions"":4,""insertion_rate"":0.01282051282051282},""Novelty"":{""attempts"":235,""discoveries"":0,""improvements"":1,""insertions"":1,""insertion_rate"":0.00425531914893617}}","{""Morphology"":196,""Novelty"":22}",1,0.851335656213705,false,17000
38,292,293000,17.691944467000003,0.07133405899999999,0.068063107,0.001076861,0.002194091,18.74370253,141.8826,41.48333,9317.355195462704,187,0.9739583,63,4.595213679832434,55,0.29411764705882354,"{""10"":13,""11"":5,""12"":1,""13"":1,""14"":1,""15"":3,""16"":1,""17"":1,""18"":3,""19"":5,""20"":1,""23"":2,""24"":1,""26"":2,""27"":1,""3"":55,""4"":4,""5"":13,""6"":15,""7"":18,""8"":19,""9"":22}","{""11"":4,""12"":4,""14"":15,""15"":7,""16"":11,""17"":14,""18"":8,""19"":3,""20"":6,""21"":7,""22"":2,""23"":2,""26"":2,""27"":2,""3"":55,""32"":1,""35"":1,""38"":1,""41"":4,""42"":1,""44"":2,""48"":2,""5"":4,""51"":2,""52"":1,""53"":1,""55"":1,""56"":1,""6"":2,""8"":11,""9"":10}",64,"{""count"":64,""unique_topologies"":64,""topology_entropy_bits"":6.0,""effective_topology_count"":64.0,""triangle_like_count"":0,""triangle_like_fraction"":0.0,""mean_nodes"":10.765625,""mean_muscles"":19.25,""node_counts"":{""10"":26,""11"":10,""12"":3,""13"":3,""14"":4,""15"":4,""16"":1,""7"":1,""8"":3,""9"":9},""muscle_counts"":{""12"":1,""14"":1,""15"":2,""16"":6,""17"":19,""18"":5,""19"":7,""20"":5,""21"":3,""22"":3,""23"":3,""24"":3,""26"":3,""27"":1,""29"":1,""30"":1}}",169,4.240338297654448,325,0.325,"{""10"":51,""11"":21,""12"":19,""14"":1,""15"":2,""18"":2,""19"":6,""20"":3,""24"":1,""26"":5,""27"":7,""3"":325,""4"":121,""5"":61,""6"":23,""7"":13,""8"":39,""9"":300}","{""10"":1,""11"":3,""12"":3,""14"":10,""15"":19,""16"":18,""17"":29,""18"":280,""19"":22,""20"":17,""21"":15,""22"":8,""23"":8,""24"":6,""25"":5,""27"":4,""29"":1,""3"":325,""4"":60,""41"":3,""42"":2,""44"":3,""5"":82,""51"":1,""52"":1,""53"":5,""54"":5,""55"":1,""56"":4,""6"":26,""7"":14,""8"":11,""9"":8}","{""Diagonal CMA-ES"":{""attempts"":290,""discoveries"":0,""improvements"":0,""insertions"":0,""insertion_rate"":0.0},""Immigrant"":{""attempts"":151,""discoveries"":0,""improvements"":0,""insertions"":0,""insertion_rate"":0.0},""Morphology"":{""attempts"":299,""discoveries"":3,""improvements"":3,""insertions"":6,""insertion_rate"":0.020066889632107024},""Novelty"":{""attempts"":260,""discoveries"":0,""improvements"":0,""insertions"":0,""insertion_rate"":0.0}}","{""Morphology"":193,""Novelty"":37}",3,0.8516801853997682,false,18000
38,293,294000,17.763248844000003,0.071304377,0.06791351,0.001092296,0.002298571,18.818434579,141.8826,41.48333,9346.311681210995,187,0.9739583,63,4.606204468749467,55,0.29411764705882354,"{""10"":14,""11"":6,""12"":2,""13"":1,""14"":1,""15"":3,""16"":1,""17"":1,""18"":3,""19"":5,""20"":1,""23"":2,""24"":1,""26"":2,""27"":1,""3"":55,""4"":4,""5"":13,""6"":15,""7"":17,""8"":19,""9"":20}","{""11"":4,""12"":4,""14"":14,""15"":7,""16"":8,""17"":14,""18"":10,""19"":3,""20"":6,""21"":8,""22"":2,""23"":3,""26"":2,""27"":2,""3"":55,""32"":1,""35"":1,""38"":1,""41"":4,""42"":1,""44"":2,""48"":2,""5"":4,""51"":2,""52"":1,""53"":1,""55"":1,""56"":1,""6"":2,""8"":11,""9"":10}",64,"{""count"":64,""unique_topologies"":64,""topology_entropy_bits"":6.0,""effective_topology_count"":64.0,""triangle_like_count"":0,""triangle_like_fraction"":0.0,""mean_nodes"":10.765625,""mean_muscles"":19.25,""node_counts"":{""10"":26,""11"":10,""12"":3,""13"":3,""14"":4,""15"":4,""16"":1,""7"":1,""8"":3,""9"":9},""muscle_counts"":{""12"":1,""14"":1,""15"":2,""16"":6,""17"":19,""18"":5,""19"":7,""20"":5,""21"":3,""22"":3,""23"":3,""24"":3,""26"":3,""27"":1,""29"":1,""30"":1}}",179,4.82365471271999,103,0.103,"{""10"":234,""11"":35,""12"":7,""13"":5,""15"":1,""17"":1,""18"":3,""19"":7,""20"":4,""23"":2,""26"":4,""27"":6,""28"":1,""3"":103,""4"":123,""5"":68,""6"":53,""7"":13,""8"":33,""9"":297}","{""11"":4,""12"":1,""14"":12,""15"":16,""16"":22,""17"":24,""18"":258,""19"":25,""20"":21,""21"":200,""22"":12,""23"":8,""24"":16,""25"":3,""26"":1,""27"":1,""28"":5,""3"":103,""38"":1,""4"":69,""41"":3,""42"":3,""44"":2,""48"":2,""5"":71,""51"":3,""52"":1,""53"":4,""54"":1,""55"":2,""56"":4,""57"":1,""6"":26,""62"":1,""7"":16,""8"":17,""9"":41}","{""Diagonal CMA-ES"":{""attempts"":292,""discoveries"":0,""improvements"":0,""insertions"":0,""insertion_rate"":0.0},""Immigrant"":{""attempts"":166,""discoveries"":0,""improvements"":0,""insertions"":0,""insertion_rate"":0.0},""Morphology"":{""attempts"":307,""discoveries"":0,""improvements"":5,""insertions"":5,""insertion_rate"":0.016286644951140065},""Novelty"":{""attempts"":235,""discoveries"":0,""improvements"":1,""insertions"":1,""insertion_rate"":0.00425531914893617}}","{""Morphology"":209,""Novelty"":22}",2,0.8520231213872832,false,19000
38,294,295000,17.833073872000003,0.069825028,0.066148027,0.001395052,0.002281949,18.89203159,141.8826,41.48333,9349.435061872005,187,0.9739583,63,4.606204468749466,55,0.29411764705882354,"{""10"":14,""11"":6,""12"":2,""13"":1,""14"":1,""15"":3,""16"":1,""17"":1,""18"":3,""19"":5,""20"":1,""23"":2,""24"":1,""26"":2,""27"":1,""3"":55,""4"":4,""5"":13,""6"":15,""7"":17,""8"":19,""9"":20}","{""11"":4,""12"":4,""14"":14,""15"":7,""16"":8,""17"":14,""18"":10,""19"":3,""20"":6,""21"":8,""22"":2,""23"":3,""26"":2,""27"":2,""3"":55,""32"":1,""35"":1,""38"":1,""41"":4,""42"":1,""44"":2,""48"":2,""5"":4,""51"":2,""52"":1,""53"":1,""55"":1,""56"":1,""6"":2,""8"":11,""9"":10}",64,"{""count"":64,""unique_topologies"":64,""topology_entropy_bits"":6.0,""effective_topology_count"":64.0,""triangle_like_count"":0,""triangle_like_fraction"":0.0,""mean_nodes"":10.78125,""mean_muscles"":19.296875,""node_counts"":{""10"":27,""11"":10,""12"":3,""13"":3,""14"":4,""15"":4,""16"":1,""7"":1,""8"":3,""9"":8},""muscle_counts"":{""12"":1,""14"":1,""15"":2,""16"":5,""17"":19,""18"":5,""19"":8,""20"":5,""21"":3,""22"":3,""23"":3,""24"":3,""26"":3,""27"":1,""29"":1,""30"":1}}",191,5.580486139037606,219,0.219,"{""10"":77,""11"":32,""12"":14,""13"":10,""14"":3,""15"":11,""16"":1,""17"":5,""18"":3,""19"":15,""20"":9,""23"":10,""24"":4,""26"":6,""27"":8,""3"":219,""4"":134,""5"":89,""6"":115,""7"":29,""8"":63,""9"":143}","{""10"":2,""11"":25,""12"":10,""13"":2,""14"":18,""15"":22,""16"":17,""17"":44,""18"":114,""19"":30,""20"":23,""21"":37,""22"":7,""23"":18,""24"":8,""25"":5,""26"":8,""27"":7,""28"":3,""29"":2,""3"":219,""30"":3,""31"":1,""32"":5,""38"":5,""4"":72,""41"":8,""42"":1,""44"":6,""48"":10,""5"":80,""51"":7,""52"":7,""53"":2,""54"":4,""55"":7,""56"":3,""6"":28,""7"":15,""8"":32,""9"":83}","{""Diagonal CMA-ES"":{""attempts"":309,""discoveries"":0,""improvements"":0,""insertions"":0,""insertion_rate"":0.0},""Immigrant"":{""attempts"":169,""discoveries"":0,""improvements"":0,""insertions"":0,""insertion_rate"":0.0},""Morphology"":{""attempts"":299,""discoveries"":1,""improvements"":3,""insertions"":4,""insertion_rate"":0.013377926421404682},""Novelty"":{""attempts"":223,""discoveries"":0,""improvements"":0,""insertions"":0,""insertion_rate"":0.0}}","{""Morphology"":195,""Novelty"":22}",2,0.8521939953810623,false,20000
38,295,296000,17.908471985000002,0.075398113,0.071955005,0.001168282,0.002274826,18.970771891,141.8826,41.48333,9358.697383344173,187,0.9739583,63,4.611200898301588,55,0.29411764705882354,"{""10"":14,""11"":6,""12"":2,""13"":1,""14"":1,""15"":3,""16"":1,""17"":1,""18"":3,""19"":5,""20"":1,""23"":2,""24"":1,""26"":2,""27"":1,""3"":55,""4"":4,""5"":13,""6"":15,""7"":17,""8"":18,""9"":21}","{""11"":4,""12"":4,""14"":14,""15"":7,""16"":8,""17"":13,""18"":10,""19"":3,""20"":7,""21"":8,""22"":2,""23"":3,""26"":2,""27"":2,""3"":55,""32"":1,""35"":1,""38"":1,""41"":4,""42"":1,""44"":2,""48"":2,""5"":4,""51"":2,""52"":1,""53"":1,""55"":1,""56"":1,""6"":2,""8"":11,""9"":10}",64,"{""count"":64,""unique_topologies"":64,""topology_entropy_bits"":6.0,""effective_topology_count"":64.0,""triangle_like_count"":0,""triangle_like_fraction"":0.0,""mean_nodes"":10.765625,""mean_muscles"":19.25,""node_counts"":{""10"":27,""11"":10,""12"":3,""13"":3,""14"":4,""15"":4,""16"":1,""7"":1,""8"":4,""9"":7},""muscle_counts"":{""12"":1,""14"":1,""15"":3,""16"":5,""17"":19,""18"":4,""19"":8,""20"":5,""21"":3,""22"":3,""23"":3,""24"":3,""26"":3,""27"":1,""29"":1,""30"":1}}",177,5.412505185494497,296,0.296,"{""10"":90,""11"":46,""12"":6,""13"":9,""14"":6,""15"":11,""17"":5,""19"":23,""20"":15,""23"":12,""24"":5,""25"":1,""26"":7,""27"":1,""3"":296,""4"":139,""5"":95,""6"":66,""7"":24,""8"":76,""9"":67}","{""10"":3,""11"":28,""12"":12,""14"":16,""15"":32,""16"":15,""17"":54,""18"":40,""19"":30,""20"":36,""21"":34,""22"":10,""23"":17,""24"":12,""25"":1,""26"":14,""27"":6,""28"":2,""3"":296,""31"":1,""32"":6,""38"":5,""4"":70,""41"":5,""42"":3,""44"":9,""48"":12,""5"":94,""51"":11,""52"":12,""53"":2,""54"":1,""55"":8,""6"":18,""63"":1,""7"":13,""8"":44,""9"":27}","{""Diagonal CMA-ES"":{""attempts"":312,""discoveries"":0,""improvements"":0,""insertions"":0,""insertion_rate"":0.0},""Immigrant"":{""attempts"":156,""discoveries"":0,""improvements"":0,""insertions"":0,""insertion_rate"":0.0},""Morphology"":{""attempts"":297,""discoveries"":1,""improvements"":3,""insertions"":4,""insertion_rate"":0.013468013468013467},""Novelty"":{""attempts"":235,""discoveries"":0,""improvements"":0,""insertions"":0,""insertion_rate"":0.0}}","{""Morphology"":209,""Novelty"":20}",0,0.8515535097813579,false,21000
38,296,297000,17.980741618000003,0.072269633,0.068700675,0.001188465,0.002380493,19.046291106,141.8826,41.968235,9401.069497525692,187,0.9739583,63,4.623908878359835,54,0.2887700534759358,"{""10"":14,""11"":6,""12"":2,""13"":1,""14"":1,""15"":3,""16"":1,""17"":1,""18"":3,""19"":5,""20"":1,""23"":1,""24"":1,""26"":3,""27"":1,""3"":54,""4"":4,""5"":13,""6"":15,""7"":17,""8"":19,""9"":21}","{""11"":4,""12"":4,""14"":14,""15"":7,""16"":8,""17"":14,""18"":10,""19"":3,""20"":7,""21"":8,""22"":2,""23"":3,""26"":2,""27"":2,""3"":54,""32"":1,""35"":1,""38"":1,""41"":4,""42"":1,""44"":2,""48"":1,""5"":4,""51"":2,""52"":1,""53"":2,""55"":1,""56"":1,""6"":2,""8"":11,""9"":10}",64,"{""count"":64,""unique_topologies"":64,""topology_entropy_bits"":6.0,""effective_topology_count"":64.0,""triangle_like_count"":0,""triangle_like_fraction"":0.0,""mean_nodes"":10.78125,""mean_muscles"":19.234375,""node_counts"":{""10"":26,""11"":11,""12"":3,""13"":3,""14"":4,""15"":4,""16"":1,""7"":1,""8"":4,""9"":7},""muscle_counts"":{""12"":1,""14"":1,""15"":3,""16"":5,""17"":19,""18"":4,""19"":8,""20"":6,""21"":2,""22"":3,""23"":3,""24"":3,""26"":3,""27"":1,""29"":1,""30"":1}}",192,5.550846773232942,282,0.282,"{""10"":91,""11"":47,""12"":8,""13"":6,""14"":6,""15"":14,""17"":7,""18"":1,""19"":13,""20"":15,""23"":12,""24"":6,""26"":6,""27"":7,""3"":282,""4"":117,""5"":107,""6"":70,""7"":25,""8"":73,""9"":87}","{""10"":1,""11"":28,""12"":14,""13"":1,""14"":15,""15"":47,""16"":16,""17"":44,""18"":49,""19"":24,""20"":42,""21"":42,""22"":9,""23"":24,""24"":6,""25"":2,""26"":12,""27"":8,""28"":2,""3"":282,""32"":6,""38"":7,""4"":50,""41"":5,""42"":3,""44"":7,""48"":12,""5"":93,""51"":8,""52"":8,""53"":2,""54"":4,""55"":6,""56"":2,""58"":1,""6"":23,""62"":1,""65"":1,""7"":12,""8"":51,""9"":30}","{""Diagonal CMA-ES"":{""attempts"":316,""discoveries"":0,""improvements"":0,""insertions"":0,""insertion_rate"":0.0},""Immigrant"":{""attempts"":142,""discoveries"":0,""improvements"":0,""insertions"":0,""insertion_rate"":0.0},""Morphology"":{""attempts"":298,""discoveries"":1,""improvements"":4,""insertions"":5,""insertion_rate"":0.016778523489932886},""Novelty"":{""attempts"":244,""discoveries"":0,""improvements"":0,""insertions"":0,""insertion_rate"":0.0}}","{""Morphology"":191,""Novelty"":27}",1,0.851894374282434,false,22000
38,297,298000,18.053254644000003,0.072513026,0.069176774,0.001124353,0.002211899,19.121990787,141.8826,42.140575,9423.736054837704,187,0.9739583,62,4.60917685963169,54,0.2887700534759358,"{""10"":14,""11"":6,""12"":2,""13"":1,""14"":1,""15"":3,""16"":1,""17"":1,""18"":3,""19"":5,""20"":1,""23"":1,""24"":1,""26"":3,""27"":1,""3"":54,""4"":4,""5"":13,""6"":15,""7"":17,""8"":19,""9"":21}","{""11"":4,""12"":4,""14"":14,""15"":7,""16"":8,""17"":14,""18"":10,""19"":3,""20"":7,""21"":8,""22"":2,""23"":3,""26"":2,""27"":2,""3"":54,""32"":1,""35"":1,""38"":1,""41"":4,""42"":1,""44"":2,""48"":1,""5"":4,""51"":2,""52"":1,""53"":2,""55"":1,""56"":1,""6"":2,""8"":11,""9"":10}",64,"{""count"":64,""unique_topologies"":64,""topology_entropy_bits"":6.0,""effective_topology_count"":64.0,""triangle_like_count"":0,""triangle_like_fraction"":0.0,""mean_nodes"":10.78125,""mean_muscles"":19.234375,""node_counts"":{""10"":26,""11"":11,""12"":3,""13"":3,""14"":4,""15"":4,""16"":1,""7"":1,""8"":4,""9"":7},""muscle_counts"":{""12"":1,""14"":1,""15"":3,""16"":5,""17"":19,""18"":4,""19"":8,""20"":6,""21"":2,""22"":3,""23"":3,""24"":3,""26"":3,""27"":1,""29"":1,""30"":1}}",188,5.514323673103845,287,0.287,"{""10"":91,""11"":51,""12"":19,""13"":8,""14"":6,""15"":11,""16"":1,""17"":5,""18"":2,""19"":18,""20"":10,""23"":4,""24"":8,""26"":13,""27"":5,""3"":287,""4"":112,""5"":93,""6"":58,""7"":37,""8"":85,""9"":76}","{""10"":1,""11"":26,""12"":14,""14"":26,""15"":42,""16"":16,""17"":62,""18"":43,""19"":24,""20"":40,""21"":50,""22"":13,""23"":23,""24"":7,""25"":2,""26"":13,""27"":8,""29"":1,""3"":287,""32"":5,""36"":1,""38"":5,""4"":52,""41"":8,""42"":4,""44"":7,""48"":4,""49"":1,""5"":80,""50"":1,""51"":7,""52"":8,""53"":9,""54"":3,""55"":6,""56"":2,""6"":26,""7"":4,""8"":43,""9"":26}","{""Diagonal CMA-ES"":{""attempts"":318,""discoveries"":0,""improvements"":0,""insertions"":0,""insertion_rate"":0.0},""Immigrant"":{""attempts"":135,""discoveries"":0,""improvements"":0,""insertions"":0,""insertion_rate"":0.0},""Morphology"":{""attempts"":290,""discoveries"":0,""improvements"":2,""insertions"":2,""insertion_rate"":0.006896551724137931},""Novelty"":{""attempts"":257,""discoveries"":0,""improvements"":0,""insertions"":0,""insertion_rate"":0.0}}","{""Morphology"":171,""Novelty"":25}",0,0.852233676975945,false,23000
38,298,299000,18.128651571000002,0.075396927,0.071487219,0.001262077,0.002647631,19.201000601,141.8826,42.140575,9427.960748136044,187,0.9739583,62,4.609176859631689,54,0.2887700534759358,"{""10"":14,""11"":6,""12"":2,""13"":1,""14"":1,""15"":3,""16"":1,""17"":1,""18"":3,""19"":5,""20"":1,""23"":1,""24"":1,""26"":3,""27"":1,""3"":54,""4"":4,""5"":13,""6"":15,""7"":17,""8"":19,""9"":21}","{""11"":4,""12"":4,""14"":14,""15"":7,""16"":8,""17"":14,""18"":10,""19"":3,""20"":7,""21"":8,""22"":2,""23"":3,""26"":2,""27"":2,""3"":54,""32"":1,""35"":1,""38"":1,""41"":4,""42"":1,""44"":2,""48"":1,""5"":4,""51"":2,""52"":1,""53"":2,""55"":1,""56"":1,""6"":2,""8"":11,""9"":10}",64,"{""count"":64,""unique_topologies"":64,""topology_entropy_bits"":6.0,""effective_topology_count"":64.0,""triangle_like_count"":0,""triangle_like_fraction"":0.0,""mean_nodes"":10.78125,""mean_muscles"":19.234375,""node_counts"":{""10"":26,""11"":11,""12"":3,""13"":3,""14"":4,""15"":4,""16"":1,""7"":1,""8"":4,""9"":7},""muscle_counts"":{""12"":1,""14"":1,""15"":3,""16"":5,""17"":19,""18"":4,""19"":8,""20"":6,""21"":2,""22"":3,""23"":3,""24"":3,""26"":3,""27"":1,""29"":1,""30"":1}}",194,5.707627437524346,262,0.262,"{""10"":99,""11"":53,""12"":9,""13"":7,""14"":6,""15"":12,""16"":2,""17"":6,""18"":2,""19"":15,""20"":15,""21"":1,""23"":6,""24"":6,""26"":12,""27"":5,""3"":262,""4"":125,""5"":101,""6"":70,""7"":33,""8"":76,""9"":77}","{""11"":30,""12"":12,""13"":1,""14"":24,""15"":37,""16"":13,""17"":63,""18"":40,""19"":32,""20"":38,""21"":39,""22"":19,""23"":20,""24"":6,""25"":3,""26"":13,""27"":8,""28"":3,""29"":1,""3"":262,""30"":1,""32"":6,""38"":6,""4"":64,""41"":7,""42"":1,""44"":5,""48"":6,""5"":84,""51"":10,""52"":8,""53"":7,""54"":7,""55"":10,""6"":33,""63"":1,""7"":13,""8"":40,""9"":27}","{""Diagonal CMA-ES"":{""attempts"":293,""discoveries"":0,""improvements"":0,""insertions"":0,""insertion_rate"":0.0},""Immigrant"":{""attempts"":155,""discoveries"":0,""improvements"":0,""insertions"":0,""insertion_rate"":0.0},""Morphology"":{""attempts"":283,""discoveries"":0,""improvements"":2,""insertions"":2,""insertion_rate"":0.007067137809187279},""Novelty"":{""attempts"":269,""discoveries"":0,""improvements"":0,""insertions"":0,""insertion_rate"":0.0}}","{""Morphology"":192,""Novelty"":30}",0,0.852233676975945,false,24000
38,299,300000,18.196261143,0.06760957199999999,0.064234139,0.001137413,0.00223802,19.271915556,141.8826,42.249462,9538.666386067867,187,0.9739583,59,4.560271795312295,54,0.2887700534759358,"{""10"":13,""11"":6,""12"":2,""13"":1,""14"":1,""15"":3,""16"":1,""17"":1,""18"":3,""19"":5,""20"":1,""23"":1,""24"":1,""26"":3,""27"":1,""3"":54,""4"":4,""5"":13,""6"":14,""7"":17,""8"":19,""9"":23}","{""11"":4,""12"":4,""14"":14,""15"":7,""16"":10,""17"":14,""18"":10,""19"":3,""20"":7,""21"":8,""22"":2,""23"":2,""26"":2,""27"":2,""3"":54,""32"":1,""35"":1,""38"":1,""41"":4,""42"":1,""44"":2,""48"":1,""5"":4,""51"":2,""52"":1,""53"":2,""55"":1,""56"":1,""6"":2,""8"":11,""9"":9}",64,"{""count"":64,""unique_topologies"":64,""topology_entropy_bits"":6.0,""effective_topology_count"":64.0,""triangle_like_count"":0,""triangle_like_fraction"":0.0,""mean_nodes"":10.890625,""mean_muscles"":19.421875,""node_counts"":{""10"":27,""11"":12,""12"":3,""13"":3,""14"":3,""15"":4,""16"":2,""7"":1,""8"":2,""9"":7},""muscle_counts"":{""12"":1,""14"":1,""15"":1,""16"":5,""17"":20,""18"":4,""19"":9,""20"":6,""21"":2,""22"":2,""23"":3,""24"":3,""26"":3,""27"":1,""28"":1,""29"":1,""30"":1}}",189,5.617757121727828,271,0.271,"{""10"":105,""11"":53,""12"":8,""13"":9,""14"":6,""15"":10,""16"":3,""17"":6,""18"":1,""19"":17,""20"":10,""21"":1,""23"":5,""24"":6,""26"":18,""27"":4,""3"":271,""4"":105,""5"":94,""6"":65,""7"":34,""8"":81,""9"":88}","{""10"":1,""11"":27,""12"":12,""14"":26,""15"":38,""16"":25,""17"":65,""18"":43,""19"":34,""20"":42,""21"":45,""22"":15,""23"":20,""24"":9,""25"":4,""26"":13,""27"":5,""28"":1,""3"":271,""30"":1,""32"":5,""38"":6,""4"":47,""41"":7,""42"":1,""44"":7,""48"":5,""5"":80,""51"":9,""52"":9,""53"":12,""54"":3,""55"":7,""56"":1,""6"":24,""63"":1,""7"":10,""8"":42,""9"":27}","{""Diagonal CMA-ES"":{""attempts"":295,""discoveries"":0,""improvements"":0,""insertions"":0,""insertion_rate"":0.0},""Immigrant"":{""attempts"":134,""discoveries"":0,""improvements"":0,""insertions"":0,""insertion_rate"":0.0},""Morphology"":{""attempts"":318,""discoveries"":4,""improvements"":3,""insertions"":7,""insertion_rate"":0.0220125786163522},""Novelty"":{""attempts"":253,""discoveries"":0,""improvements"":3,""insertions"":3,""insertion_rate"":0.011857707509881422}}","{""Morphology"":191,""Novelty"":25}",4,0.8524027459954233,false,25000
