seed,generation,evaluations,search_wall_seconds,generation_search_seconds,gpu_evaluation_seconds,archive_seconds,offspring_seconds,benchmark_wall_seconds,best_distance_m,median_elite_distance_m,qd_score,archive_cells,archive_coverage,archive_unique_topologies,archive_topology_entropy_bits,archive_triangle_like_count,archive_triangle_like_fraction,archive_node_counts_json,archive_muscle_counts_json,innovation_reserve_count,innovation_reserve_morphology_json,population_unique_topologies,population_topology_entropy_bits,population_triangle_like_count,population_triangle_like_fraction,population_node_counts_json,population_muscle_counts_json,emitter_statistics_json,topology_change_candidates_json,archived_innovations_this_generation,innovation_survival_3gen_fraction,new_all_time_record,evaluations_since_previous_record
42,0,1000,0.007576038,0.007576038,0.006639274,0.000079547,0.000857217,0.008720577,0.5532812,0.048993308,1.898449869826436,10,0.052083332,8,2.8464393446710154,3,0.3,"{""3"":3,""4"":3,""5"":4}","{""3"":3,""4"":1,""5"":2,""6"":1,""7"":1,""8"":2}",0,"{""count"":0,""unique_topologies"":0,""topology_entropy_bits"":0.0,""effective_topology_count"":1.0,""triangle_like_count"":0,""triangle_like_fraction"":0.0,""mean_nodes"":0.0,""mean_muscles"":0.0,""node_counts"":{},""muscle_counts"":{}}",29,3.0537185896861834,322,0.322,"{""3"":322,""4"":311,""5"":367}","{""3"":322,""4"":208,""5"":259,""6"":165,""7"":37,""8"":9}","{""Initial population"":{""attempts"":1000,""discoveries"":10,""improvements"":14,""insertions"":24,""insertion_rate"":0.024}}",{},0,0.0,true,1000
42,1,2000,0.018474087,0.010898049000000002,0.00963597,0.000343124,0.000918955,0.021336622,3.5015035,0.12895769,35.342724713496864,71,0.36979166,8,2.200945459194306,28,0.39436619718309857,"{""3"":28,""4"":26,""5"":15,""6"":2}","{""10"":1,""3"":28,""4"":22,""5"":4,""7"":7,""8"":9}",30,"{""count"":30,""unique_topologies"":30,""topology_entropy_bits"":4.906890595608519,""effective_topology_count"":30.000000000000004,""triangle_like_count"":0,""triangle_like_fraction"":0.0,""mean_nodes"":5.6,""mean_muscles"":7.8,""node_counts"":{""4"":3,""5"":6,""6"":21},""muscle_counts"":{""10"":2,""11"":2,""12"":2,""4"":2,""5"":5,""6"":2,""7"":4,""8"":4,""9"":7}}",47,3.3453707333147293,365,0.365,"{""3"":365,""4"":310,""5"":286,""6"":39}","{""10"":5,""11"":2,""12"":2,""3"":365,""4"":234,""5"":129,""6"":161,""7"":39,""8"":48,""9"":15}","{""Diagonal CMA-ES"":{""attempts"":339,""discoveries"":58,""improvements"":34,""insertions"":92,""insertion_rate"":0.2713864306784661},""Immigrant"":{""attempts"":53,""discoveries"":0,""improvements"":0,""insertions"":0,""insertion_rate"":0.0},""Morphology"":{""attempts"":340,""discoveries"":26,""improvements"":30,""insertions"":56,""insertion_rate"":0.16470588235294117},""Novelty"":{""attempts"":268,""discoveries"":9,""improvements"":10,""insertions"":19,""insertion_rate"":0.0708955223880597}}","{""Morphology"":231,""Novelty"":24}",34,0.0,true,1000
42,2,3000,0.033505062,0.015030974999999999,0.013405587,0.000645881,0.000979507,0.0379728,19.847187,0.66883993,260.2138788346201,124,0.6458333,17,2.790978437246038,45,0.3629032258064516,"{""3"":45,""4"":52,""5"":21,""6"":6}","{""10"":2,""12"":1,""3"":45,""4"":38,""5"":16,""6"":2,""7"":7,""8"":11,""9"":2}",43,"{""count"":43,""unique_topologies"":43,""topology_entropy_bits"":5.426264754702098,""effective_topology_count"":43.0,""triangle_like_count"":0,""triangle_like_fraction"":0.0,""mean_nodes"":6.023255813953488,""mean_muscles"":8.534883720930232,""node_counts"":{""4"":2,""5"":6,""6"":24,""7"":11},""muscle_counts"":{""10"":6,""11"":3,""12"":2,""13"":1,""16"":1,""4"":1,""5"":4,""6"":3,""7"":6,""8"":7,""9"":9}}",59,3.2254019481204756,375,0.375,"{""3"":375,""4"":359,""5"":214,""6"":41,""7"":11}","{""10"":11,""11"":3,""12"":4,""13"":1,""16"":1,""3"":375,""4"":285,""5"":128,""6"":46,""7"":45,""8"":79,""9"":22}","{""Diagonal CMA-ES"":{""attempts"":338,""discoveries"":25,""improvements"":35,""insertions"":60,""insertion_rate"":0.17751479289940827},""Immigrant"":{""attempts"":136,""discoveries"":0,""improvements"":0,""insertions"":0,""insertion_rate"":0.0},""Morphology"":{""attempts"":270,""discoveries"":27,""improvements"":43,""insertions"":70,""insertion_rate"":0.25925925925925924},""Novelty"":{""attempts"":256,""discoveries"":22,""improvements"":17,""insertions"":39,""insertion_rate"":0.15234375}}","{""Morphology"":163,""Novelty"":32}",21,0.0,true,1000
42,3,4000,0.050090186,0.016585124,0.014505008,0.00079904,0.001281076,0.056626167,35.755005,1.3714308,407.57088835164905,143,0.7447917,21,3.3177233540366853,42,0.2937062937062937,"{""3"":42,""4"":54,""5"":35,""6"":12}","{""10"":3,""12"":2,""3"":42,""4"":33,""5"":26,""6"":6,""7"":9,""8"":17,""9"":5}",64,"{""count"":64,""unique_topologies"":64,""topology_entropy_bits"":6.0,""effective_topology_count"":64.0,""triangle_like_count"":0,""triangle_like_fraction"":0.0,""mean_nodes"":6.171875,""mean_muscles"":9.078125,""node_counts"":{""4"":2,""5"":14,""6"":24,""7"":19,""8"":5},""muscle_counts"":{""10"":8,""11"":6,""12"":2,""13"":5,""16"":2,""17"":2,""4"":1,""5"":5,""6"":7,""7"":9,""8"":7,""9"":10}}",98,4.196473326346963,264,0.264,"{""3"":264,""4"":380,""5"":261,""6"":62,""7"":23,""8"":10}","{""10"":24,""11"":18,""12"":6,""13"":8,""14"":1,""15"":1,""16"":1,""17"":2,""3"":264,""4"":238,""5"":193,""6"":81,""7"":53,""8"":88,""9"":22}","{""Diagonal CMA-ES"":{""attempts"":307,""discoveries"":11,""improvements"":22,""insertions"":33,""insertion_rate"":0.10749185667752444},""Immigrant"":{""attempts"":143,""discoveries"":0,""improvements"":0,""insertions"":0,""insertion_rate"":0.0},""Morphology"":{""attempts"":305,""discoveries"":30,""improvements"":43,""insertions"":73,""insertion_rate"":0.23934426229508196},""Novelty"":{""attempts"":245,""discoveries"":1,""improvements"":20,""insertions"":21,""insertion_rate"":0.08571428571428572}}","{""Morphology"":205,""Novelty"":28}",24,0.0,true,1000
42,4,5000,0.079535935,0.029445748999999997,0.027491485,0.000787167,0.001167097,0.0883978,100.419945,1.8351606,617.4161212705076,153,0.796875,22,3.45239248044753,42,0.27450980392156865,"{""3"":42,""4"":58,""5"":39,""6"":14}","{""10"":4,""12"":2,""3"":42,""4"":34,""5"":33,""6"":8,""7"":9,""8"":15,""9"":6}",64,"{""count"":64,""unique_topologies"":64,""topology_entropy_bits"":6.0,""effective_topology_count"":64.0,""triangle_like_count"":0,""triangle_like_fraction"":0.0,""mean_nodes"":6.171875,""mean_muscles"":9.078125,""node_counts"":{""4"":2,""5"":14,""6"":24,""7"":19,""8"":5},""muscle_counts"":{""10"":8,""11"":6,""12"":2,""13"":5,""16"":2,""17"":2,""4"":1,""5"":5,""6"":7,""7"":9,""8"":7,""9"":10}}",97,4.367034329231263,277,0.277,"{""3"":277,""4"":356,""5"":234,""6"":105,""7"":19,""8"":8,""9"":1}","{""10"":28,""11"":10,""12"":13,""13"":9,""14"":5,""15"":1,""16"":1,""22"":2,""3"":277,""4"":181,""5"":238,""6"":91,""7"":39,""8"":67,""9"":38}","{""Diagonal CMA-ES"":{""attempts"":290,""discoveries"":2,""improvements"":19,""insertions"":21,""insertion_rate"":0.07241379310344828},""Immigrant"":{""attempts"":157,""discoveries"":0,""improvements"":0,""insertions"":0,""insertion_rate"":0.0},""Morphology"":{""attempts"":313,""discoveries"":5,""improvements"":30,""insertions"":35,""insertion_rate"":0.11182108626198083},""Novelty"":{""attempts"":240,""discoveries"":3,""improvements"":10,""insertions"":13,""insertion_rate"":0.05416666666666667}}","{""Morphology"":194,""Novelty"":27}",1,0.9705882352941176,true,1000
42,5,6000,0.106248564,0.026712629,0.024758365,0.00086909,0.001085174,0.116985145,100.419945,2.7422063,718.30186798051,158,0.8229167,33,3.9363844816855273,37,0.23417721518987342,"{""3"":37,""4"":54,""5"":41,""6"":25,""7"":1}","{""10"":4,""12"":2,""13"":1,""3"":37,""4"":32,""5"":32,""6"":12,""7"":14,""8"":16,""9"":8}",64,"{""count"":64,""unique_topologies"":64,""topology_entropy_bits"":6.0,""effective_topology_count"":64.0,""triangle_like_count"":0,""triangle_like_fraction"":0.0,""mean_nodes"":6.15625,""mean_muscles"":9.03125,""node_counts"":{""4"":2,""5"":15,""6"":23,""7"":19,""8"":5},""muscle_counts"":{""10"":8,""11"":6,""12"":2,""13"":5,""16"":2,""17"":2,""4"":1,""5"":5,""6"":8,""7"":9,""8"":7,""9"":9}}",123,4.632697614079961,253,0.253,"{""3"":253,""4"":332,""5"":242,""6"":138,""7"":27,""8"":7,""9"":1}","{""10"":42,""11"":12,""12"":13,""13"":6,""14"":1,""17"":1,""20"":1,""22"":1,""3"":253,""4"":200,""5"":206,""6"":103,""7"":66,""8"":54,""9"":41}","{""Diagonal CMA-ES"":{""attempts"":296,""discoveries"":3,""improvements"":10,""insertions"":13,""insertion_rate"":0.04391891891891892},""Immigrant"":{""attempts"":133,""discoveries"":0,""improvements"":0,""insertions"":0,""insertion_rate"":0.0},""Morphology"":{""attempts"":308,""discoveries"":2,""improvements"":36,""insertions"":38,""insertion_rate"":0.12337662337662338},""Novelty"":{""attempts"":263,""discoveries"":1,""improvements"":13,""insertions"":14,""insertion_rate"":0.053231939163498096}}","{""Morphology"":199,""Novelty"":29}",12,0.9636363636363636,false,1000
42,6,7000,0.138553286,0.032304722,0.030333836,0.000885711,0.001085175,0.151296371,100.419945,3.6256938,863.9275132231414,161,0.8385417,37,4.1054511422546724,37,0.22981366459627328,"{""3"":37,""4"":58,""5"":34,""6"":30,""7"":2}","{""10"":4,""12"":1,""13"":1,""3"":37,""4"":31,""5"":38,""6"":10,""7"":16,""8"":12,""9"":11}",64,"{""count"":64,""unique_topologies"":64,""topology_entropy_bits"":6.0,""effective_topology_count"":64.0,""triangle_like_count"":0,""triangle_like_fraction"":0.0,""mean_nodes"":6.171875,""mean_muscles"":9.0625,""node_counts"":{""4"":2,""5"":15,""6"":22,""7"":20,""8"":5},""muscle_counts"":{""10"":8,""11"":7,""12"":2,""13"":5,""16"":2,""17"":2,""4"":1,""5"":5,""6"":8,""7"":9,""8"":7,""9"":8}}",130,4.840853948606562,242,0.242,"{""3"":242,""4"":323,""5"":241,""6"":147,""7"":38,""8"":5,""9"":4}","{""10"":39,""11"":18,""12"":17,""13"":5,""14"":1,""15"":1,""17"":2,""21"":1,""22"":1,""3"":242,""4"":178,""5"":217,""6"":102,""7"":69,""8"":62,""9"":45}","{""Diagonal CMA-ES"":{""attempts"":280,""discoveries"":2,""improvements"":6,""insertions"":8,""insertion_rate"":0.02857142857142857},""Immigrant"":{""attempts"":141,""discoveries"":0,""improvements"":0,""insertions"":0,""insertion_rate"":0.0},""Morphology"":{""attempts"":337,""discoveries"":1,""improvements"":43,""insertions"":44,""insertion_rate"":0.13056379821958458},""Novelty"":{""attempts"":242,""discoveries"":1,""improvements"":7,""insertions"":8,""insertion_rate"":0.03305785123966942}}","{""Morphology"":210,""Novelty"":21}",4,0.9620253164556962,false,2000
42,7,8000,0.1679278,0.029374514,0.027340702,0.000909457,0.001124355,0.18269045,100.419945,3.9516518,926.7705831117928,164,0.8541667,38,4.221178437712922,34,0.2073170731707317,"{""3"":34,""4"":60,""5"":35,""6"":31,""7"":4}","{""10"":5,""11"":1,""12"":1,""13"":2,""3"":34,""4"":31,""5"":40,""6"":11,""7"":18,""8"":10,""9"":11}",64,"{""count"":64,""unique_topologies"":64,""topology_entropy_bits"":6.0,""effective_topology_count"":64.0,""triangle_like_count"":0,""triangle_like_fraction"":0.0,""mean_nodes"":6.203125,""mean_muscles"":9.125,""node_counts"":{""4"":2,""5"":14,""6"":22,""7"":21,""8"":5},""muscle_counts"":{""10"":9,""11"":7,""12"":2,""13"":5,""16"":2,""17"":2,""4"":1,""5"":5,""6"":7,""7"":9,""8"":7,""9"":8}}",153,5.028027417585957,226,0.226,"{""3"":226,""4"":329,""5"":209,""6"":154,""7"":67,""8"":13,""9"":2}","{""10"":50,""11"":12,""12"":2,""13"":15,""14"":3,""15"":3,""16"":2,""18"":1,""19"":1,""3"":226,""4"":160,""5"":223,""6"":95,""7"":99,""8"":52,""9"":56}","{""Diagonal CMA-ES"":{""attempts"":302,""discoveries"":2,""improvements"":3,""insertions"":5,""insertion_rate"":0.016556291390728478},""Immigrant"":{""attempts"":128,""discoveries"":0,""improvements"":0,""insertions"":0,""insertion_rate"":0.0},""Morphology"":{""attempts"":320,""discoveries"":0,""improvements"":22,""insertions"":22,""insertion_rate"":0.06875},""Novelty"":{""attempts"":250,""discoveries"":2,""improvements"":6,""insertions"":8,""insertion_rate"":0.032}}","{""Morphology"":211,""Novelty"":38}",3,0.95,false,3000
42,8,9000,0.197791475,0.029863675000000003,0.027676703,0.001111295,0.001075677,0.214454961,100.419945,4.070322,1023.2813169248402,170,0.8854167,36,4.263061454632425,37,0.21764705882352942,"{""3"":37,""4"":59,""5"":32,""6"":35,""7"":7}","{""10"":9,""11"":1,""12"":1,""13"":3,""15"":1,""3"":37,""4"":29,""5"":39,""6"":12,""7"":21,""8"":7,""9"":10}",64,"{""count"":64,""unique_topologies"":64,""topology_entropy_bits"":6.0,""effective_topology_count"":64.0,""triangle_like_count"":0,""triangle_like_fraction"":0.0,""mean_nodes"":6.203125,""mean_muscles"":9.125,""node_counts"":{""4"":2,""5"":14,""6"":22,""7"":21,""8"":5},""muscle_counts"":{""10"":9,""11"":7,""12"":2,""13"":5,""16"":2,""17"":2,""4"":1,""5"":5,""6"":7,""7"":9,""8"":7,""9"":8}}",147,4.986272833703798,219,0.219,"{""3"":219,""4"":317,""5"":204,""6"":178,""7"":74,""8"":7,""9"":1}","{""10"":52,""11"":10,""12"":10,""13"":10,""15"":2,""16"":1,""17"":1,""18"":1,""3"":219,""4"":165,""5"":209,""6"":87,""7"":129,""8"":43,""9"":61}","{""Diagonal CMA-ES"":{""attempts"":324,""discoveries"":2,""improvements"":11,""insertions"":13,""insertion_rate"":0.040123456790123455},""Immigrant"":{""attempts"":130,""discoveries"":0,""improvements"":0,""insertions"":0,""insertion_rate"":0.0},""Morphology"":{""attempts"":294,""discoveries"":2,""improvements"":26,""insertions"":28,""insertion_rate"":0.09523809523809523},""Novelty"":{""attempts"":252,""discoveries"":2,""improvements"":13,""insertions"":15,""insertion_rate"":0.05952380952380952}}","{""Morphology"":203,""Novelty"":29}",2,0.9239130434782609,false,4000
42,9,10000,0.21496311699999998,0.017171642,0.015103399,0.000943888,0.001124355,0.233471638,100.419945,4.934288,1129.2765035517514,171,0.890625,38,4.2676609252158935,40,0.23391812865497075,"{""3"":40,""4"":55,""5"":33,""6"":36,""7"":7}","{""10"":7,""11"":1,""12"":1,""13"":3,""15"":1,""3"":40,""4"":25,""5"":36,""6"":18,""7"":20,""8"":9,""9"":10}",64,"{""count"":64,""unique_topologies"":64,""topology_entropy_bits"":6.0,""effective_topology_count"":64.0,""triangle_like_count"":0,""triangle_like_fraction"":0.0,""mean_nodes"":6.28125,""mean_muscles"":9.3125,""node_counts"":{""4"":1,""5"":14,""6"":21,""7"":22,""8"":6},""muscle_counts"":{""10"":9,""11"":7,""12"":2,""13"":5,""14"":1,""16"":2,""17"":2,""4"":1,""5"":4,""6"":6,""7"":8,""8"":9,""9"":8}}",162,5.087039356844155,255,0.255,"{""3"":255,""4"":275,""5"":209,""6"":157,""7"":85,""8"":19}","{""10"":45,""11"":18,""12"":12,""13"":23,""14"":4,""15"":6,""16"":2,""17"":1,""3"":255,""4"":151,""5"":166,""6"":124,""7"":110,""8"":47,""9"":36}","{""Diagonal CMA-ES"":{""attempts"":278,""discoveries"":0,""improvements"":6,""insertions"":6,""insertion_rate"":0.02158273381294964},""Immigrant"":{""attempts"":154,""discoveries"":0,""improvements"":1,""insertions"":1,""insertion_rate"":0.006493506493506494},""Morphology"":{""attempts"":312,""discoveries"":3,""improvements"":22,""insertions"":25,""insertion_rate"":0.08012820512820513},""Novelty"":{""attempts"":256,""discoveries"":1,""improvements"":12,""insertions"":13,""insertion_rate"":0.05078125}}","{""Morphology"":217,""Novelty"":36}",4,0.9270833333333334,false,5000
42,10,11000,0.24025694799999997,0.025293831,0.023191156,0.001005627,0.001097048,0.260896637,100.419945,5.549043,1240.1066773119383,174,0.90625,43,4.517218258792532,39,0.22413793103448276,"{""3"":39,""4"":42,""5"":46,""6"":34,""7"":11,""8"":2}","{""10"":7,""11"":2,""12"":1,""13"":3,""15"":1,""3"":39,""4"":19,""5"":31,""6"":28,""7"":19,""8"":14,""9"":10}",64,"{""count"":64,""unique_topologies"":64,""topology_entropy_bits"":6.0,""effective_topology_count"":64.0,""triangle_like_count"":0,""triangle_like_fraction"":0.0,""mean_nodes"":6.28125,""mean_muscles"":9.3125,""node_counts"":{""4"":1,""5"":14,""6"":21,""7"":22,""8"":6},""muscle_counts"":{""10"":9,""11"":7,""12"":2,""13"":5,""14"":1,""16"":2,""17"":2,""4"":1,""5"":4,""6"":6,""7"":8,""8"":9,""9"":8}}",148,5.0431896566672005,255,0.255,"{""3"":255,""4"":250,""5"":244,""6"":149,""7"":80,""8"":17,""9"":5}","{""10"":41,""11"":12,""12"":12,""13"":10,""14"":4,""15"":6,""17"":2,""3"":255,""4"":114,""5"":201,""6"":134,""7"":88,""8"":58,""9"":63}","{""Diagonal CMA-ES"":{""attempts"":313,""discoveries"":2,""improvements"":4,""insertions"":6,""insertion_rate"":0.019169329073482427},""Immigrant"":{""attempts"":139,""discoveries"":0,""improvements"":0,""insertions"":0,""insertion_rate"":0.0},""Morphology"":{""attempts"":302,""discoveries"":0,""improvements"":25,""insertions"":25,""insertion_rate"":0.08278145695364239},""Novelty"":{""attempts"":246,""discoveries"":1,""improvements"":14,""insertions"":15,""insertion_rate"":0.06097560975609756}}","{""Morphology"":203,""Novelty"":28}",6,0.9292929292929293,false,6000
42,11,12000,0.26785528999999997,0.027598341999999998,0.025456488,0.00105193,0.001089924,0.290689074,100.419945,6.030754,1351.7202515006065,175,0.9114583,41,4.442923274573122,41,0.2342857142857143,"{""3"":41,""4"":41,""5"":44,""6"":33,""7"":14,""8"":2}","{""10"":5,""11"":2,""12"":1,""13"":5,""15"":1,""3"":41,""4"":16,""5"":33,""6"":29,""7"":14,""8"":15,""9"":13}",64,"{""count"":64,""unique_topologies"":64,""topology_entropy_bits"":6.0,""effective_topology_count"":64.0,""triangle_like_count"":0,""triangle_like_fraction"":0.0,""mean_nodes"":6.28125,""mean_muscles"":9.3125,""node_counts"":{""4"":1,""5"":14,""6"":21,""7"":22,""8"":6},""muscle_counts"":{""10"":9,""11"":7,""12"":2,""13"":5,""14"":1,""16"":2,""17"":2,""4"":1,""5"":4,""6"":6,""7"":8,""8"":9,""9"":8}}",145,5.054843016814074,254,0.254,"{""3"":254,""4"":245,""5"":228,""6"":161,""7"":95,""8"":13,""9"":4}","{""10"":35,""11"":22,""12"":6,""13"":11,""14"":1,""15"":5,""16"":4,""18"":1,""3"":254,""4"":141,""5"":158,""6"":151,""7"":94,""8"":61,""9"":56}","{""Diagonal CMA-ES"":{""attempts"":281,""discoveries"":0,""improvements"":3,""insertions"":3,""insertion_rate"":0.010676156583629894},""Immigrant"":{""attempts"":142,""discoveries"":0,""improvements"":0,""insertions"":0,""insertion_rate"":0.0},""Morphology"":{""attempts"":310,""discoveries"":1,""improvements"":29,""insertions"":30,""insertion_rate"":0.0967741935483871},""Novelty"":{""attempts"":267,""discoveries"":0,""improvements"":8,""insertions"":8,""insertion_rate"":0.0299625468164794}}","{""Morphology"":204,""Novelty"":27}",2,0.9306930693069307,false,7000
42,12,13000,0.29561272899999996,0.027757439000000002,0.025654764,0.001000878,0.001101797,0.320380593,100.419945,6.1659517,1497.9003726243973,175,0.9114583,45,4.472320815631931,45,0.2571428571428571,"{""3"":45,""4"":39,""5"":42,""6"":30,""7"":16,""8"":3}","{""10"":5,""11"":2,""12"":2,""13"":5,""15"":1,""3"":45,""4"":15,""5"":31,""6"":26,""7"":14,""8"":16,""9"":13}",64,"{""count"":64,""unique_topologies"":64,""topology_entropy_bits"":6.0,""effective_topology_count"":64.0,""triangle_like_count"":0,""triangle_like_fraction"":0.0,""mean_nodes"":6.328125,""mean_muscles"":9.46875,""node_counts"":{""4"":1,""5"":13,""6"":21,""7"":22,""8"":7},""muscle_counts"":{""10"":9,""11"":7,""12"":2,""13"":5,""14"":1,""16"":2,""17"":3,""4"":1,""5"":4,""6"":6,""7"":7,""8"":9,""9"":8}}",138,4.971275024992552,257,0.257,"{""3"":257,""4"":245,""5"":231,""6"":145,""7"":92,""8"":27,""9"":3}","{""10"":36,""11"":10,""12"":8,""13"":24,""14"":5,""15"":4,""16"":2,""17"":4,""18"":1,""3"":257,""4"":116,""5"":158,""6"":164,""7"":66,""8"":73,""9"":72}","{""Diagonal CMA-ES"":{""attempts"":322,""discoveries"":0,""improvements"":4,""insertions"":4,""insertion_rate"":0.012422360248447204},""Immigrant"":{""attempts"":124,""discoveries"":0,""improvements"":0,""insertions"":0,""insertion_rate"":0.0},""Morphology"":{""attempts"":293,""discoveries"":1,""improvements"":20,""insertions"":21,""insertion_rate"":0.07167235494880546},""Novelty"":{""attempts"":261,""discoveries"":0,""improvements"":7,""insertions"":7,""insertion_rate"":0.02681992337164751}}","{""Morphology"":190,""Novelty"":30}",5,0.9333333333333333,false,8000
42,13,14000,0.32991920799999996,0.034306479,0.03205302,0.001035309,0.00121815,0.357404758,100.419945,6.6941423,1707.7264955043793,176,0.9166667,43,4.597128583272072,39,0.2215909090909091,"{""3"":39,""4"":38,""5"":42,""6"":38,""7"":17,""8"":2}","{""10"":4,""11"":3,""12"":2,""13"":5,""15"":1,""3"":39,""4"":14,""5"":29,""6"":25,""7"":18,""8"":21,""9"":15}",64,"{""count"":64,""unique_topologies"":64,""topology_entropy_bits"":6.0,""effective_topology_count"":64.0,""triangle_like_count"":0,""triangle_like_fraction"":0.0,""mean_nodes"":6.328125,""mean_muscles"":9.46875,""node_counts"":{""4"":1,""5"":13,""6"":21,""7"":22,""8"":7},""muscle_counts"":{""10"":9,""11"":7,""12"":2,""13"":5,""14"":1,""16"":2,""17"":3,""4"":1,""5"":4,""6"":6,""7"":7,""8"":9,""9"":8}}",154,5.247394682776599,240,0.24,"{""3"":240,""4"":237,""5"":239,""6"":152,""7"":96,""8"":27,""9"":9}","{""10"":19,""11"":10,""12"":10,""13"":29,""14"":9,""15"":3,""16"":4,""17"":1,""18"":4,""19"":2,""21"":1,""23"":1,""3"":240,""4"":114,""5"":163,""6"":133,""7"":90,""8"":94,""9"":73}","{""Diagonal CMA-ES"":{""attempts"":269,""discoveries"":0,""improvements"":1,""insertions"":1,""insertion_rate"":0.0037174721189591076},""Immigrant"":{""attempts"":159,""discoveries"":0,""improvements"":0,""insertions"":0,""insertion_rate"":0.0},""Morphology"":{""attempts"":297,""discoveries"":1,""improvements"":24,""insertions"":25,""insertion_rate"":0.08417508417508418},""Novelty"":{""attempts"":275,""discoveries"":0,""improvements"":9,""insertions"":9,""insertion_rate"":0.03272727272727273}}","{""Morphology"":197,""Novelty"":35}",4,0.9099099099099099,false,9000
42,14,15000,0.36389087299999995,0.033971665,0.031676652,0.001045994,0.001249019,0.393507593,100.419945,7.0931845,1872.366022825241,177,0.921875,45,4.603187630566779,35,0.1977401129943503,"{""3"":35,""4"":37,""5"":52,""6"":33,""7"":18,""8"":2}","{""10"":6,""11"":3,""12"":2,""13"":5,""15"":1,""3"":35,""4"":14,""5"":26,""6"":32,""7"":21,""8"":20,""9"":12}",64,"{""count"":64,""unique_topologies"":64,""topology_entropy_bits"":6.0,""effective_topology_count"":64.0,""triangle_like_count"":0,""triangle_like_fraction"":0.0,""mean_nodes"":6.328125,""mean_muscles"":9.46875,""node_counts"":{""4"":1,""5"":13,""6"":21,""7"":22,""8"":7},""muscle_counts"":{""10"":9,""11"":7,""12"":2,""13"":5,""14"":1,""16"":2,""17"":3,""4"":1,""5"":4,""6"":6,""7"":7,""8"":9,""9"":8}}",164,5.346500808543603,197,0.197,"{""3"":197,""4"":219,""5"":280,""6"":167,""7"":97,""8"":37,""9"":3}","{""10"":35,""11"":21,""12"":17,""13"":15,""14"":7,""15"":2,""16"":1,""17"":1,""19"":1,""20"":1,""23"":1,""3"":197,""4"":118,""5"":127,""6"":166,""7"":103,""8"":118,""9"":69}","{""Diagonal CMA-ES"":{""attempts"":314,""discoveries"":0,""improvements"":4,""insertions"":4,""insertion_rate"":0.012738853503184714},""Immigrant"":{""attempts"":151,""discoveries"":0,""improvements"":0,""insertions"":0,""insertion_rate"":0.0},""Morphology"":{""attempts"":294,""discoveries"":0,""improvements"":24,""insertions"":24,""insertion_rate"":0.08163265306122448},""Novelty"":{""attempts"":241,""discoveries"":1,""improvements"":13,""insertions"":14,""insertion_rate"":0.058091286307053944}}","{""Morphology"":204,""Novelty"":28}",4,0.911504424778761,false,10000
42,15,16000,0.39509854899999997,0.031207676,0.028764252,0.001279889,0.001163535,0.426977039,100.419945,7.424341,1984.155248709023,177,0.921875,46,4.6608438265101215,33,0.1864406779661017,"{""3"":33,""4"":32,""5"":55,""6"":38,""7"":15,""8"":4}","{""10"":6,""11"":3,""12"":2,""13"":4,""14"":1,""15"":1,""3"":33,""4"":12,""5"":23,""6"":31,""7"":24,""8"":22,""9"":15}",64,"{""count"":64,""unique_topologies"":64,""topology_entropy_bits"":6.0,""effective_topology_count"":64.0,""triangle_like_count"":0,""triangle_like_fraction"":0.0,""mean_nodes"":6.328125,""mean_muscles"":9.46875,""node_counts"":{""4"":1,""5"":13,""6"":21,""7"":22,""8"":7},""muscle_counts"":{""10"":9,""11"":7,""12"":2,""13"":5,""14"":1,""16"":2,""17"":3,""4"":1,""5"":4,""6"":6,""7"":7,""8"":9,""9"":8}}",149,5.280289617004614,200,0.2,"{""3"":200,""4"":203,""5"":292,""6"":174,""7"":90,""8"":39,""9"":2}","{""10"":25,""11"":28,""12"":17,""13"":23,""14"":9,""15"":10,""16"":6,""17"":2,""18"":1,""19"":1,""21"":1,""3"":200,""4"":89,""5"":136,""6"":176,""7"":108,""8"":95,""9"":73}","{""Diagonal CMA-ES"":{""attempts"":295,""discoveries"":0,""improvements"":2,""insertions"":2,""insertion_rate"":0.006779661016949152},""Immigrant"":{""attempts"":138,""discoveries"":0,""improvements"":0,""insertions"":0,""insertion_rate"":0.0},""Morphology"":{""attempts"":307,""discoveries"":0,""improvements"":20,""insertions"":20,""insertion_rate"":0.06514657980456026},""Novelty"":{""attempts"":260,""discoveries"":0,""improvements"":9,""insertions"":9,""insertion_rate"":0.03461538461538462}}","{""Morphology"":206,""Novelty"":34}",3,0.9152542372881356,false,11000
42,16,17000,0.42645344799999996,0.031354899,0.029230854,0.000993754,0.001130291,0.460359813,100.419945,7.8380795,2105.5275607705116,177,0.921875,52,4.770217916482023,34,0.192090395480226,"{""3"":34,""4"":23,""5"":57,""6"":41,""7"":18,""8"":4}","{""10"":7,""11"":4,""12"":3,""13"":4,""14"":1,""15"":1,""3"":34,""4"":8,""5"":18,""6"":32,""7"":27,""8"":19,""9"":19}",64,"{""count"":64,""unique_topologies"":64,""topology_entropy_bits"":6.0,""effective_topology_count"":64.0,""triangle_like_count"":0,""triangle_like_fraction"":0.0,""mean_nodes"":6.390625,""mean_muscles"":9.609375,""node_counts"":{""4"":1,""5"":11,""6"":21,""7"":24,""8"":7},""muscle_counts"":{""10"":10,""11"":7,""12"":3,""13"":5,""14"":1,""16"":2,""17"":3,""4"":1,""5"":4,""6"":5,""7"":6,""8"":9,""9"":8}}",160,5.316586346586186,215,0.215,"{""3"":215,""4"":189,""5"":227,""6"":230,""7"":99,""8"":38,""9"":2}","{""10"":41,""11"":46,""12"":27,""13"":13,""14"":10,""15"":4,""16"":2,""18"":2,""19"":1,""21"":2,""3"":215,""4"":86,""5"":116,""6"":96,""7"":137,""8"":92,""9"":110}","{""Diagonal CMA-ES"":{""attempts"":280,""discoveries"":0,""improvements"":3,""insertions"":3,""insertion_rate"":0.010714285714285714},""Immigrant"":{""attempts"":117,""discoveries"":0,""improvements"":0,""insertions"":0,""insertion_rate"":0.0},""Morphology"":{""attempts"":352,""discoveries"":1,""improvements"":25,""insertions"":26,""insertion_rate"":0.07386363636363637},""Novelty"":{""attempts"":251,""discoveries"":1,""improvements"":7,""insertions"":8,""insertion_rate"":0.03187250996015936}}","{""Morphology"":226,""Novelty"":28}",6,0.9180327868852459,false,12000
42,17,18000,0.45749846699999996,0.031045019,0.028833114,0.000989005,0.0012229,0.49352769,100.419945,8.017491,2292.996379196644,177,0.921875,49,4.7059692400470166,32,0.1807909604519774,"{""3"":32,""4"":23,""5"":59,""6"":43,""7"":16,""8"":4}","{""10"":5,""11"":4,""12"":3,""13"":5,""14"":1,""15"":1,""3"":32,""4"":8,""5"":18,""6"":30,""7"":31,""8"":18,""9"":21}",64,"{""count"":64,""unique_topologies"":64,""topology_entropy_bits"":6.0,""effective_topology_count"":64.0,""triangle_like_count"":0,""triangle_like_fraction"":0.0,""mean_nodes"":6.421875,""mean_muscles"":9.84375,""node_counts"":{""4"":2,""5"":9,""6"":22,""7"":22,""8"":9},""muscle_counts"":{""10"":9,""11"":8,""12"":3,""13"":4,""14"":1,""16"":3,""17"":3,""19"":1,""4"":2,""5"":3,""6"":4,""7"":6,""8"":10,""9"":7}}",149,5.222823897668996,215,0.215,"{""3"":215,""4"":194,""5"":286,""6"":162,""7"":89,""8"":48,""9"":6}","{""10"":18,""11"":35,""12"":25,""13"":21,""14"":11,""15"":6,""16"":5,""17"":4,""19"":2,""20"":1,""3"":215,""4"":77,""5"":147,""6"":119,""7"":170,""8"":73,""9"":71}","{""Diagonal CMA-ES"":{""attempts"":290,""discoveries"":0,""improvements"":1,""insertions"":1,""insertion_rate"":0.0034482758620689655},""Immigrant"":{""attempts"":144,""discoveries"":0,""improvements"":0,""insertions"":0,""insertion_rate"":0.0},""Morphology"":{""attempts"":312,""discoveries"":7,""improvements"":24,""insertions"":31,""insertion_rate"":0.09935897435897435},""Novelty"":{""attempts"":254,""discoveries"":1,""improvements"":5,""insertions"":6,""insertion_rate"":0.023622047244094488}}","{""Morphology"":214,""Novelty"":38}",7,0.9047619047619048,false,13000
42,18,19000,0.48917155799999995,0.031673091,0.029487306,0.000990193,0.001195592,0.527282083,100.419945,8.056278,2436.1238119006157,177,0.921875,45,4.656651055714217,29,0.1638418079096045,"{""3"":29,""4"":23,""5"":60,""6"":42,""7"":19,""8"":3,""9"":1}","{""10"":6,""11"":3,""12"":3,""13"":6,""22"":1,""3"":29,""4"":8,""5"":18,""6"":29,""7"":34,""8"":19,""9"":21}",64,"{""count"":64,""unique_topologies"":64,""topology_entropy_bits"":6.0,""effective_topology_count"":64.0,""triangle_like_count"":0,""triangle_like_fraction"":0.0,""mean_nodes"":6.421875,""mean_muscles"":9.84375,""node_counts"":{""4"":2,""5"":9,""6"":22,""7"":22,""8"":9},""muscle_counts"":{""10"":9,""11"":8,""12"":3,""13"":4,""14"":1,""16"":3,""17"":3,""19"":1,""4"":2,""5"":3,""6"":4,""7"":6,""8"":10,""9"":7}}",141,5.193938219014864,184,0.184,"{""3"":184,""4"":167,""5"":324,""6"":189,""7"":93,""8"":32,""9"":11}","{""10"":28,""11"":35,""12"":17,""13"":22,""14"":10,""15"":5,""16"":6,""17"":2,""18"":1,""20"":3,""22"":2,""24"":1,""3"":184,""4"":82,""5"":129,""6"":139,""7"":174,""8"":72,""9"":88}","{""Diagonal CMA-ES"":{""attempts"":295,""discoveries"":0,""improvements"":2,""insertions"":2,""insertion_rate"":0.006779661016949152},""Immigrant"":{""attempts"":123,""discoveries"":0,""improvements"":0,""insertions"":0,""insertion_rate"":0.0},""Morphology"":{""attempts"":332,""discoveries"":0,""improvements"":22,""insertions"":22,""insertion_rate"":0.06626506024096386},""Novelty"":{""attempts"":250,""discoveries"":0,""improvements"":5,""insertions"":5,""insertion_rate"":0.02}}","{""Morphology"":222,""Novelty"":34}",2,0.8837209302325582,false,14000
42,19,20000,0.521014429,0.031842871,0.029636903,0.000993754,0.001212214,0.561297678,100.419945,9.072475,2603.7809337973595,177,0.921875,46,4.641563143353808,29,0.1638418079096045,"{""3"":29,""4"":21,""5"":60,""6"":46,""7"":17,""8"":3,""9"":1}","{""10"":5,""11"":3,""12"":2,""13"":6,""22"":1,""3"":29,""4"":7,""5"":17,""6"":28,""7"":35,""8"":20,""9"":24}",64,"{""count"":64,""unique_topologies"":64,""topology_entropy_bits"":6.0,""effective_topology_count"":64.0,""triangle_like_count"":0,""triangle_like_fraction"":0.0,""mean_nodes"":6.515625,""mean_muscles"":9.90625,""node_counts"":{""4"":3,""5"":8,""6"":19,""7"":22,""8"":11,""9"":1},""muscle_counts"":{""10"":11,""11"":7,""12"":3,""13"":4,""16"":3,""17"":3,""19"":1,""20"":1,""4"":1,""5"":5,""6"":4,""7"":5,""8"":11,""9"":5}}",137,5.227405152611044,181,0.181,"{""3"":181,""4"":148,""5"":295,""6"":234,""7"":99,""8"":35,""9"":8}","{""10"":33,""11"":38,""12"":18,""13"":19,""14"":7,""16"":6,""17"":3,""19"":1,""20"":2,""22"":1,""23"":1,""3"":181,""4"":71,""5"":113,""6"":132,""7"":162,""8"":103,""9"":109}","{""Diagonal CMA-ES"":{""attempts"":298,""discoveries"":0,""improvements"":1,""insertions"":1,""insertion_rate"":0.003355704697986577},""Immigrant"":{""attempts"":135,""discoveries"":0,""improvements"":0,""insertions"":0,""insertion_rate"":0.0},""Morphology"":{""attempts"":322,""discoveries"":13,""improvements"":18,""insertions"":31,""insertion_rate"":0.09627329192546584},""Novelty"":{""attempts"":245,""discoveries"":1,""improvements"":2,""insertions"":3,""insertion_rate"":0.012244897959183673}}","{""Morphology"":215,""Novelty"":26}",15,0.8814814814814815,false,15000
42,20,21000,0.555051396,0.034036966999999994,0.03171702,0.001038871,0.001281076,0.597605913,100.419945,9.604695,2878.119483843446,178,0.9270833,48,4.732078487122246,26,0.14606741573033707,"{""3"":26,""4"":22,""5"":59,""6"":50,""7"":16,""8"":4,""9"":1}","{""10"":6,""11"":3,""12"":2,""13"":5,""22"":1,""3"":26,""4"":7,""5"":18,""6"":27,""7"":35,""8"":23,""9"":25}",64,"{""count"":64,""unique_topologies"":64,""topology_entropy_bits"":6.0,""effective_topology_count"":64.0,""triangle_like_count"":0,""triangle_like_fraction"":0.0,""mean_nodes"":6.515625,""mean_muscles"":9.890625,""node_counts"":{""4"":3,""5"":8,""6"":19,""7"":22,""8"":11,""9"":1},""muscle_counts"":{""10"":11,""11"":7,""12"":3,""13"":4,""16"":3,""17"":3,""19"":1,""20"":1,""4"":1,""5"":5,""6"":4,""7"":6,""8"":10,""9"":5}}",125,5.293031830041788,152,0.152,"{""10"":2,""3"":152,""4"":162,""5"":323,""6"":227,""7"":99,""8"":30,""9"":5}","{""10"":43,""11"":33,""12"":10,""13"":17,""14"":2,""15"":1,""16"":2,""19"":1,""20"":1,""21"":1,""25"":1,""3"":152,""4"":78,""5"":120,""6"":148,""7"":175,""8"":106,""9"":109}","{""Diagonal CMA-ES"":{""attempts"":270,""discoveries"":1,""improvements"":1,""insertions"":2,""insertion_rate"":0.007407407407407408},""Immigrant"":{""attempts"":153,""discoveries"":0,""improvements"":0,""insertions"":0,""insertion_rate"":0.0},""Morphology"":{""attempts"":337,""discoveries"":0,""improvements"":27,""insertions"":27,""insertion_rate"":0.08011869436201781},""Novelty"":{""attempts"":240,""discoveries"":1,""improvements"":5,""insertions"":6,""insertion_rate"":0.025}}","{""Morphology"":209,""Novelty"":30}",4,0.8802816901408451,false,16000
42,21,22000,0.589994257,0.034942861,0.032044709,0.001315507,0.001582645,0.634920961,100.419945,10.667412,2954.7788605839014,178,0.9270833,46,4.686358934625277,26,0.14606741573033707,"{""3"":26,""4"":22,""5"":56,""6"":54,""7"":15,""8"":4,""9"":1}","{""10"":6,""11"":3,""12"":2,""13"":5,""22"":1,""3"":26,""4"":7,""5"":17,""6"":26,""7"":34,""8"":21,""9"":30}",64,"{""count"":64,""unique_topologies"":64,""topology_entropy_bits"":6.0,""effective_topology_count"":64.0,""triangle_like_count"":0,""triangle_like_fraction"":0.0,""mean_nodes"":6.515625,""mean_muscles"":9.890625,""node_counts"":{""4"":3,""5"":8,""6"":19,""7"":22,""8"":11,""9"":1},""muscle_counts"":{""10"":11,""11"":7,""12"":3,""13"":4,""16"":3,""17"":3,""19"":1,""20"":1,""4"":1,""5"":5,""6"":4,""7"":6,""8"":10,""9"":5}}",139,5.145520593336467,124,0.124,"{""10"":2,""3"":124,""4"":131,""5"":328,""6"":267,""7"":110,""8"":26,""9"":12}","{""10"":53,""11"":39,""12"":11,""13"":24,""14"":9,""15"":6,""16"":1,""19"":1,""20"":1,""21"":1,""22"":4,""23"":1,""3"":124,""4"":72,""5"":81,""6"":166,""7"":174,""8"":107,""9"":125}","{""Diagonal CMA-ES"":{""attempts"":299,""discoveries"":0,""improvements"":0,""insertions"":0,""insertion_rate"":0.0},""Immigrant"":{""attempts"":148,""discoveries"":0,""improvements"":0,""insertions"":0,""insertion_rate"":0.0},""Morphology"":{""attempts"":304,""discoveries"":0,""improvements"":18,""insertions"":18,""insertion_rate"":0.05921052631578947},""Novelty"":{""attempts"":249,""discoveries"":0,""improvements"":1,""insertions"":1,""insertion_rate"":0.004016064257028112}}","{""Morphology"":191,""Novelty"":39}",0,0.8819444444444444,false,17000
42,22,23000,0.622044902,0.032050644999999996,0.029684395,0.001088736,0.001277514,0.669259497,100.419945,11.536652,3100.7385172992945,178,0.9270833,47,4.692330927375455,24,0.1348314606741573,"{""3"":24,""4"":19,""5"":57,""6"":58,""7"":15,""8"":3,""9"":2}","{""10"":7,""11"":5,""12"":2,""13"":5,""22"":1,""3"":24,""4"":8,""5"":13,""6"":25,""7"":32,""8"":22,""9"":34}",64,"{""count"":64,""unique_topologies"":64,""topology_entropy_bits"":6.0,""effective_topology_count"":64.0,""triangle_like_count"":0,""triangle_like_fraction"":0.0,""mean_nodes"":6.515625,""mean_muscles"":9.890625,""node_counts"":{""4"":3,""5"":8,""6"":19,""7"":22,""8"":11,""9"":1},""muscle_counts"":{""10"":11,""11"":7,""12"":3,""13"":4,""16"":3,""17"":3,""19"":1,""20"":1,""4"":1,""5"":5,""6"":4,""7"":6,""8"":10,""9"":5}}",135,5.167083313606136,129,0.129,"{""3"":129,""4"":161,""5"":291,""6"":277,""7"":100,""8"":33,""9"":9}","{""10"":53,""11"":43,""12"":15,""13"":19,""14"":9,""16"":2,""19"":1,""20"":1,""22"":1,""3"":129,""4"":64,""5"":119,""6"":116,""7"":189,""8"":65,""9"":174}","{""Diagonal CMA-ES"":{""attempts"":306,""discoveries"":0,""improvements"":2,""insertions"":2,""insertion_rate"":0.006535947712418301},""Immigrant"":{""attempts"":153,""discoveries"":0,""improvements"":0,""insertions"":0,""insertion_rate"":0.0},""Morphology"":{""attempts"":289,""discoveries"":0,""improvements"":17,""insertions"":17,""insertion_rate"":0.058823529411764705},""Novelty"":{""attempts"":252,""discoveries"":0,""improvements"":5,""insertions"":5,""insertion_rate"":0.01984126984126984}}","{""Morphology"":202,""Novelty"":27}",2,0.8867924528301887,false,18000
42,23,24000,0.653912706,0.031867804,0.029553794,0.001022249,0.001291761,0.703484054,100.419945,13.423602,3159.704750791192,178,0.9270833,46,4.673793845534074,23,0.12921348314606743,"{""3"":23,""4"":17,""5"":57,""6"":58,""7"":18,""8"":3,""9"":2}","{""10"":8,""11"":5,""12"":2,""13"":5,""22"":1,""3"":23,""4"":7,""5"":11,""6"":26,""7"":32,""8"":24,""9"":34}",64,"{""count"":64,""unique_topologies"":64,""topology_entropy_bits"":6.0,""effective_topology_count"":64.0,""triangle_like_count"":0,""triangle_like_fraction"":0.0,""mean_nodes"":6.578125,""mean_muscles"":10.03125,""node_counts"":{""10"":1,""4"":3,""5"":6,""6"":22,""7"":19,""8"":13},""muscle_counts"":{""10"":8,""11"":7,""12"":4,""13"":2,""14"":3,""15"":2,""16"":2,""17"":3,""21"":1,""4"":2,""5"":3,""6"":4,""7"":5,""8"":9,""9"":9}}",148,5.369294153905943,131,0.131,"{""10"":3,""3"":131,""4"":124,""5"":273,""6"":302,""7"":119,""8"":34,""9"":14}","{""10"":49,""11"":52,""12"":15,""13"":27,""14"":13,""15"":3,""16"":4,""19"":1,""20"":1,""21"":2,""22"":8,""3"":131,""4"":85,""5"":63,""6"":115,""7"":152,""8"":93,""9"":186}","{""Diagonal CMA-ES"":{""attempts"":299,""discoveries"":0,""improvements"":0,""insertions"":0,""insertion_rate"":0.0},""Immigrant"":{""attempts"":150,""discoveries"":0,""improvements"":0,""insertions"":0,""insertion_rate"":0.0},""Morphology"":{""attempts"":317,""discoveries"":17,""improvements"":21,""insertions"":38,""insertion_rate"":0.11987381703470032},""Novelty"":{""attempts"":234,""discoveries"":1,""improvements"":3,""insertions"":4,""insertion_rate"":0.017094017094017096}}","{""Morphology"":209,""Novelty"":24}",16,0.8895705521472392,false,19000
42,24,25000,0.6888152009999999,0.034902495,0.032595607,0.001012751,0.001294137,0.740493971,100.419945,13.418987,3253.962454006076,180,0.9375,44,4.656302544893922,23,0.12777777777777777,"{""3"":23,""4"":14,""5"":54,""6"":65,""7"":19,""8"":2,""9"":3}","{""10"":6,""11"":8,""12"":2,""13"":7,""22"":2,""3"":23,""4"":6,""5"":9,""6"":24,""7"":29,""8"":29,""9"":35}",64,"{""count"":64,""unique_topologies"":64,""topology_entropy_bits"":6.0,""effective_topology_count"":64.0,""triangle_like_count"":0,""triangle_like_fraction"":0.0,""mean_nodes"":6.59375,""mean_muscles"":10.046875,""node_counts"":{""10"":1,""4"":3,""5"":6,""6"":22,""7"":18,""8"":14},""muscle_counts"":{""10"":8,""11"":6,""12"":5,""13"":2,""14"":3,""15"":2,""16"":2,""17"":3,""21"":1,""4"":2,""5"":3,""6"":4,""7"":5,""8"":9,""9"":9}}",148,5.436546872963168,129,0.129,"{""10"":1,""11"":1,""3"":129,""4"":120,""5"":247,""6"":309,""7"":137,""8"":45,""9"":11}","{""10"":62,""11"":61,""12"":20,""13"":19,""14"":12,""15"":3,""16"":1,""17"":7,""20"":1,""22"":2,""27"":1,""3"":129,""4"":71,""5"":67,""6"":95,""7"":150,""8"":117,""9"":182}","{""Diagonal CMA-ES"":{""attempts"":303,""discoveries"":1,""improvements"":1,""insertions"":2,""insertion_rate"":0.006600660066006601},""Immigrant"":{""attempts"":132,""discoveries"":0,""improvements"":0,""insertions"":0,""insertion_rate"":0.0},""Morphology"":{""attempts"":315,""discoveries"":1,""improvements"":24,""insertions"":25,""insertion_rate"":0.07936507936507936},""Novelty"":{""attempts"":250,""discoveries"":1,""improvements"":6,""insertions"":7,""insertion_rate"":0.028}}","{""Morphology"":214,""Novelty"":36}",2,0.8895705521472392,false,20000
42,25,26000,0.7222644619999999,0.033449260999999994,0.031066389,0.001002065,0.001380807,0.776245371,102.74447,14.131073,3301.1130055636168,180,0.9375,44,4.591061452734406,24,0.13333333333333333,"{""3"":24,""4"":12,""5"":54,""6"":66,""7"":18,""8"":3,""9"":3}","{""10"":5,""11"":8,""12"":2,""13"":7,""22"":2,""3"":24,""4"":6,""5"":7,""6"":23,""7"":30,""8"":30,""9"":36}",64,"{""count"":64,""unique_topologies"":64,""topology_entropy_bits"":6.0,""effective_topology_count"":64.0,""triangle_like_count"":0,""triangle_like_fraction"":0.0,""mean_nodes"":6.5625,""mean_muscles"":10.03125,""node_counts"":{""10"":1,""4"":3,""5"":6,""6"":23,""7"":18,""8"":13},""muscle_counts"":{""10"":7,""11"":6,""12"":5,""13"":2,""14"":3,""15"":2,""16"":2,""17"":3,""21"":1,""4"":2,""5"":3,""6"":4,""7"":5,""8"":9,""9"":10}}",132,5.079660514798684,174,0.174,"{""11"":1,""3"":174,""4"":108,""5"":228,""6"":247,""7"":193,""8"":37,""9"":12}","{""10"":44,""11"":57,""12"":12,""13"":88,""14"":14,""15"":5,""17"":2,""18"":1,""19"":2,""22"":5,""3"":174,""4"":63,""5"":73,""6"":67,""7"":111,""8"":119,""9"":163}","{""Diagonal CMA-ES"":{""attempts"":316,""discoveries"":0,""improvements"":1,""insertions"":1,""insertion_rate"":0.0031645569620253164},""Immigrant"":{""attempts"":159,""discoveries"":0,""improvements"":0,""insertions"":0,""insertion_rate"":0.0},""Morphology"":{""attempts"":288,""discoveries"":1,""improvements"":14,""insertions"":15,""insertion_rate"":0.052083333333333336},""Novelty"":{""attempts"":237,""discoveries"":0,""improvements"":1,""insertions"":1,""insertion_rate"":0.004219409282700422}}","{""Morphology"":189,""Novelty"":33}",2,0.8848484848484849,true,21000
42,26,27000,0.7530625259999999,0.030798064,0.028078003,0.000996129,0.001723932,0.809457177,102.74447,14.345655,3355.929257258773,180,0.9375,46,4.618874578010261,24,0.13333333333333333,"{""3"":24,""4"":11,""5"":55,""6"":64,""7"":19,""8"":4,""9"":3}","{""10"":7,""11"":9,""12"":2,""13"":8,""22"":2,""3"":24,""4"":5,""5"":7,""6"":23,""7"":31,""8"":28,""9"":34}",64,"{""count"":64,""unique_topologies"":64,""topology_entropy_bits"":6.0,""effective_topology_count"":64.0,""triangle_like_count"":0,""triangle_like_fraction"":0.0,""mean_nodes"":6.5625,""mean_muscles"":10.03125,""node_counts"":{""10"":1,""4"":3,""5"":6,""6"":23,""7"":18,""8"":13},""muscle_counts"":{""10"":7,""11"":6,""12"":5,""13"":2,""14"":3,""15"":2,""16"":2,""17"":3,""21"":1,""4"":2,""5"":3,""6"":4,""7"":5,""8"":9,""9"":10}}",150,5.384801114803108,130,0.13,"{""10"":1,""11"":2,""3"":130,""4"":97,""5"":229,""6"":328,""7"":164,""8"":38,""9"":11}","{""10"":67,""11"":71,""12"":21,""13"":30,""14"":16,""15"":8,""16"":1,""17"":1,""19"":2,""22"":2,""26"":1,""27"":1,""3"":130,""4"":62,""5"":60,""6"":72,""7"":129,""8"":128,""9"":198}","{""Diagonal CMA-ES"":{""attempts"":301,""discoveries"":0,""improvements"":1,""insertions"":1,""insertion_rate"":0.0033222591362126247},""Immigrant"":{""attempts"":134,""discoveries"":0,""improvements"":0,""insertions"":0,""insertion_rate"":0.0},""Morphology"":{""attempts"":322,""discoveries"":0,""improvements"":17,""insertions"":17,""insertion_rate"":0.052795031055900624},""Novelty"":{""attempts"":243,""discoveries"":0,""improvements"":1,""insertions"":1,""insertion_rate"":0.00411522633744856}}","{""Morphology"":228,""Novelty"":30}",2,0.8950276243093923,false,1000
42,27,28000,0.7869938239999998,0.033931298,0.031562673,0.001005627,0.001362998,0.845733355,102.74447,14.6066475,3394.6835243552923,180,0.9375,47,4.612209896271622,24,0.13333333333333333,"{""3"":24,""4"":10,""5"":56,""6"":61,""7"":21,""8"":6,""9"":2}","{""10"":6,""11"":7,""12"":2,""13"":8,""22"":2,""3"":24,""4"":4,""5"":7,""6"":23,""7"":31,""8"":28,""9"":38}",64,"{""count"":64,""unique_topologies"":64,""topology_entropy_bits"":6.0,""effective_topology_count"":64.0,""triangle_like_count"":0,""triangle_like_fraction"":0.0,""mean_nodes"":6.640625,""mean_muscles"":10.1875,""node_counts"":{""10"":1,""4"":2,""5"":6,""6"":23,""7"":18,""8"":13,""9"":1},""muscle_counts"":{""10"":7,""11"":6,""12"":5,""13"":2,""14"":3,""15"":2,""16"":3,""17"":3,""21"":1,""4"":2,""5"":2,""6"":4,""7"":6,""8"":8,""9"":10}}",155,5.321766621926828,134,0.134,"{""10"":3,""11"":2,""3"":134,""4"":84,""5"":253,""6"":344,""7"":136,""8"":29,""9"":15}","{""10"":66,""11"":65,""12"":19,""13"":15,""14"":10,""15"":5,""16"":6,""22"":4,""23"":1,""25"":1,""26"":1,""27"":1,""29"":1,""3"":134,""4"":58,""5"":44,""6"":75,""7"":154,""8"":132,""9"":208}","{""Diagonal CMA-ES"":{""attempts"":309,""discoveries"":0,""improvements"":2,""insertions"":2,""insertion_rate"":0.006472491909385114},""Immigrant"":{""attempts"":147,""discoveries"":0,""improvements"":0,""insertions"":0,""insertion_rate"":0.0},""Morphology"":{""attempts"":303,""discoveries"":1,""improvements"":15,""insertions"":16,""insertion_rate"":0.052805280528052806},""Novelty"":{""attempts"":241,""discoveries"":1,""improvements"":1,""insertions"":2,""insertion_rate"":0.008298755186721992}}","{""Morphology"":216,""Novelty"":36}",4,0.8961748633879781,false,2000
42,28,29000,0.8167019649999998,0.029708141,0.027061692,0.000997316,0.001649133,0.877658148,102.74447,15.222868,3465.239686474204,180,0.9375,46,4.613860715365368,21,0.11666666666666667,"{""3"":21,""4"":10,""5"":56,""6"":62,""7"":22,""8"":7,""9"":2}","{""10"":8,""11"":7,""12"":2,""13"":8,""22"":2,""3"":21,""4"":5,""5"":6,""6"":22,""7"":32,""8"":29,""9"":38}",64,"{""count"":64,""unique_topologies"":64,""topology_entropy_bits"":6.0,""effective_topology_count"":64.0,""triangle_like_count"":0,""triangle_like_fraction"":0.0,""mean_nodes"":6.625,""mean_muscles"":10.171875,""node_counts"":{""10"":1,""4"":2,""5"":6,""6"":24,""7"":17,""8"":13,""9"":1},""muscle_counts"":{""10"":6,""11"":6,""12"":5,""13"":2,""14"":3,""15"":2,""16"":3,""17"":3,""21"":1,""4"":2,""5"":2,""6"":4,""7"":6,""8"":8,""9"":11}}",144,5.336745462345853,150,0.15,"{""10"":6,""11"":1,""3"":150,""4"":85,""5"":269,""6"":304,""7"":140,""8"":27,""9"":18}","{""10"":71,""11"":64,""12"":10,""13"":21,""14"":13,""15"":2,""16"":4,""17"":4,""18"":1,""20"":1,""21"":1,""22"":11,""23"":2,""3"":150,""4"":48,""5"":64,""6"":96,""7"":151,""8"":105,""9"":181}","{""Diagonal CMA-ES"":{""attempts"":302,""discoveries"":0,""improvements"":1,""insertions"":1,""insertion_rate"":0.0033112582781456954},""Immigrant"":{""attempts"":157,""discoveries"":0,""improvements"":0,""insertions"":0,""insertion_rate"":0.0},""Morphology"":{""attempts"":297,""discoveries"":1,""improvements"":16,""insertions"":17,""insertion_rate"":0.05723905723905724},""Novelty"":{""attempts"":244,""discoveries"":0,""improvements"":4,""insertions"":4,""insertion_rate"":0.01639344262295082}}","{""Morphology"":211,""Novelty"":38}",0,0.8972972972972973,false,3000
42,29,30000,0.8526255199999998,0.035923554999999996,0.03355493,0.00099969,0.001368935,0.915765113,102.74447,15.222868,3489.6084052175283,180,0.9375,45,4.59133139576823,22,0.12222222222222222,"{""3"":22,""4"":10,""5"":57,""6"":58,""7"":23,""8"":8,""9"":2}","{""10"":9,""11"":7,""12"":2,""13"":9,""22"":2,""3"":22,""4"":5,""5"":6,""6"":23,""7"":31,""8"":28,""9"":36}",64,"{""count"":64,""unique_topologies"":64,""topology_entropy_bits"":6.0,""effective_topology_count"":64.0,""triangle_like_count"":0,""triangle_like_fraction"":0.0,""mean_nodes"":6.59375,""mean_muscles"":9.859375,""node_counts"":{""4"":4,""5"":4,""6"":20,""7"":23,""8"":12,""9"":1},""muscle_counts"":{""10"":12,""11"":6,""12"":4,""13"":2,""14"":3,""15"":2,""16"":2,""17"":2,""4"":3,""5"":3,""6"":2,""7"":2,""8"":9,""9"":12}}",138,5.303660144999325,123,0.123,"{""10"":1,""11"":1,""3"":123,""4"":93,""5"":242,""6"":342,""7"":161,""8"":27,""9"":10}","{""10"":92,""11"":58,""12"":15,""13"":21,""14"":9,""15"":1,""16"":1,""17"":3,""19"":1,""22"":3,""27"":1,""3"":123,""4"":59,""5"":53,""6"":88,""7"":137,""8"":154,""9"":181}","{""Diagonal CMA-ES"":{""attempts"":322,""discoveries"":0,""improvements"":0,""insertions"":0,""insertion_rate"":0.0},""Immigrant"":{""attempts"":131,""discoveries"":0,""improvements"":0,""insertions"":0,""insertion_rate"":0.0},""Morphology"":{""attempts"":311,""discoveries"":15,""improvements"":12,""insertions"":27,""insertion_rate"":0.08681672025723473},""Novelty"":{""attempts"":236,""discoveries"":0,""improvements"":4,""insertions"":4,""insertion_rate"":0.01694915254237288}}","{""Morphology"":203,""Novelty"":30}",16,0.8983957219251337,false,4000
42,30,31000,0.8878473929999998,0.035221873,0.032820003,0.001054306,0.001347564,0.953406664,102.74447,16.293613,3524.177669867873,181,0.9427083,44,4.5717275591522535,22,0.12154696132596685,"{""3"":22,""4"":10,""5"":58,""6"":58,""7"":24,""8"":7,""9"":2}","{""10"":9,""11"":7,""12"":2,""13"":9,""22"":2,""3"":22,""4"":5,""5"":6,""6"":24,""7"":30,""8"":29,""9"":36}",64,"{""count"":64,""unique_topologies"":64,""topology_entropy_bits"":6.0,""effective_topology_count"":64.0,""triangle_like_count"":0,""triangle_like_fraction"":0.0,""mean_nodes"":6.59375,""mean_muscles"":9.859375,""node_counts"":{""4"":4,""5"":4,""6"":20,""7"":23,""8"":12,""9"":1},""muscle_counts"":{""10"":12,""11"":6,""12"":4,""13"":2,""14"":3,""15"":2,""16"":2,""17"":2,""4"":3,""5"":3,""6"":2,""7"":2,""8"":9,""9"":12}}",147,5.396674525869141,126,0.126,"{""10"":2,""3"":126,""4"":104,""5"":302,""6"":269,""7"":137,""8"":48,""9"":12}","{""10"":67,""11"":54,""12"":9,""13"":30,""14"":20,""15"":5,""17"":1,""19"":3,""22"":4,""23"":1,""3"":126,""4"":64,""5"":72,""6"":141,""7"":147,""8"":114,""9"":142}","{""Diagonal CMA-ES"":{""attempts"":273,""discoveries"":0,""improvements"":0,""insertions"":0,""insertion_rate"":0.0},""Immigrant"":{""attempts"":160,""discoveries"":0,""improvements"":0,""insertions"":0,""insertion_rate"":0.0},""Morphology"":{""attempts"":318,""discoveries"":1,""improvements"":17,""insertions"":18,""insertion_rate"":0.05660377358490566},""Novelty"":{""attempts"":249,""discoveries"":0,""improvements"":4,""insertions"":4,""insertion_rate"":0.01606425702811245}}","{""Morphology"":218,""Novelty"":25}",1,0.8952879581151832,false,5000
42,31,32000,0.9147321799999998,0.026884787,0.024424741,0.001124355,0.001335691,0.982533037,102.74447,16.293613,3584.354539260268,181,0.9427083,44,4.550657861711538,22,0.12154696132596685,"{""3"":22,""4"":9,""5"":59,""6"":57,""7"":24,""8"":8,""9"":2}","{""10"":10,""11"":6,""12"":2,""13"":9,""22"":2,""3"":22,""4"":4,""5"":6,""6"":23,""7"":33,""8"":27,""9"":37}",64,"{""count"":64,""unique_topologies"":64,""topology_entropy_bits"":6.0,""effective_topology_count"":64.0,""triangle_like_count"":0,""triangle_like_fraction"":0.0,""mean_nodes"":6.5625,""mean_muscles"":9.859375,""node_counts"":{""4"":4,""5"":4,""6"":21,""7"":23,""8"":11,""9"":1},""muscle_counts"":{""10"":12,""11"":6,""12"":4,""13"":2,""14"":3,""15"":2,""16"":2,""17"":2,""4"":3,""5"":3,""6"":2,""7"":2,""8"":9,""9"":12}}",123,5.1672990305920266,130,0.13,"{""10"":2,""3"":130,""4"":118,""5"":288,""6"":242,""7"":160,""8"":50,""9"":10}","{""10"":70,""11"":74,""12"":10,""13"":32,""14"":14,""15"":1,""16"":2,""19"":1,""22"":7,""23"":1,""3"":130,""4"":77,""5"":72,""6"":69,""7"":196,""8"":108,""9"":136}","{""Diagonal CMA-ES"":{""attempts"":304,""discoveries"":0,""improvements"":0,""insertions"":0,""insertion_rate"":0.0},""Immigrant"":{""attempts"":163,""discoveries"":0,""improvements"":0,""insertions"":0,""insertion_rate"":0.0},""Morphology"":{""attempts"":281,""discoveries"":1,""improvements"":11,""insertions"":12,""insertion_rate"":0.042704626334519574},""Novelty"":{""attempts"":252,""discoveries"":0,""improvements"":2,""insertions"":2,""insertion_rate"":0.007936507936507936}}","{""Morphology"":191,""Novelty"":22}",2,0.8952879581151832,false,6000
42,32,33000,0.9447038969999998,0.029971717,0.027478427,0.001078051,0.001415239,1.015317422,102.74447,16.649979,3652.939561024308,181,0.9427083,44,4.514098618501035,21,0.11602209944751381,"{""3"":21,""4"":9,""5"":58,""6"":59,""7"":24,""8"":8,""9"":2}","{""10"":13,""11"":6,""12"":1,""13"":9,""22"":2,""3"":21,""4"":4,""5"":6,""6"":21,""7"":35,""8"":27,""9"":36}",64,"{""count"":64,""unique_topologies"":64,""topology_entropy_bits"":6.0,""effective_topology_count"":64.0,""triangle_like_count"":0,""triangle_like_fraction"":0.0,""mean_nodes"":6.625,""mean_muscles"":10.0,""node_counts"":{""4"":3,""5"":4,""6"":21,""7"":23,""8"":12,""9"":1},""muscle_counts"":{""10"":12,""11"":7,""12"":4,""13"":2,""14"":3,""15"":2,""16"":2,""17"":2,""4"":2,""5"":3,""6"":2,""7"":1,""8"":9,""9"":13}}",143,5.249686872946824,150,0.15,"{""10"":4,""3"":150,""4"":99,""5"":278,""6"":289,""7"":135,""8"":40,""9"":5}","{""10"":71,""11"":47,""12"":16,""13"":23,""14"":9,""15"":2,""19"":1,""22"":3,""26"":1,""3"":150,""4"":56,""5"":72,""6"":75,""7"":181,""8"":115,""9"":178}","{""Diagonal CMA-ES"":{""attempts"":274,""discoveries"":0,""improvements"":0,""insertions"":0,""insertion_rate"":0.0},""Immigrant"":{""attempts"":163,""discoveries"":0,""improvements"":0,""insertions"":0,""insertion_rate"":0.0},""Morphology"":{""attempts"":324,""discoveries"":3,""improvements"":16,""insertions"":19,""insertion_rate"":0.05864197530864197},""Novelty"":{""attempts"":239,""discoveries"":0,""improvements"":1,""insertions"":1,""insertion_rate"":0.0041841004184100415}}","{""Morphology"":221,""Novelty"":24}",2,0.9033816425120773,false,7000
42,33,34000,0.9791053579999998,0.034401461,0.031793006,0.001087549,0.001520906,1.052021021,102.74447,16.649979,3668.0289899259806,181,0.9427083,44,4.497081179209766,21,0.11602209944751381,"{""3"":21,""4"":9,""5"":58,""6"":59,""7"":24,""8"":8,""9"":2}","{""10"":13,""11"":6,""12"":1,""13"":9,""22"":2,""3"":21,""4"":4,""5"":6,""6"":21,""7"":36,""8"":26,""9"":36}",64,"{""count"":64,""unique_topologies"":64,""topology_entropy_bits"":6.0,""effective_topology_count"":64.0,""triangle_like_count"":0,""triangle_like_fraction"":0.0,""mean_nodes"":6.625,""mean_muscles"":10.0,""node_counts"":{""4"":3,""5"":4,""6"":21,""7"":23,""8"":12,""9"":1},""muscle_counts"":{""10"":12,""11"":7,""12"":4,""13"":2,""14"":3,""15"":2,""16"":2,""17"":2,""4"":2,""5"":3,""6"":2,""7"":1,""8"":9,""9"":13}}",141,5.1726003770107205,134,0.134,"{""3"":134,""4"":73,""5"":238,""6"":351,""7"":150,""8"":38,""9"":16}","{""10"":95,""11"":60,""12"":23,""13"":17,""14"":8,""15"":2,""16"":2,""19"":1,""22"":7,""3"":134,""4"":43,""5"":59,""6"":62,""7"":157,""8"":90,""9"":240}","{""Diagonal CMA-ES"":{""attempts"":289,""discoveries"":0,""improvements"":0,""insertions"":0,""insertion_rate"":0.0},""Immigrant"":{""attempts"":135,""discoveries"":0,""improvements"":0,""insertions"":0,""insertion_rate"":0.0},""Morphology"":{""attempts"":325,""discoveries"":0,""improvements"":12,""insertions"":12,""insertion_rate"":0.036923076923076927},""Novelty"":{""attempts"":251,""discoveries"":0,""improvements"":1,""insertions"":1,""insertion_rate"":0.00398406374501992}}","{""Morphology"":231,""Novelty"":31}",0,0.9038461538461539,false,8000
42,34,35000,1.0088491159999997,0.029743758,0.026804051,0.001193217,0.00174649,1.084283002,102.74447,17.97683,3760.660648241639,181,0.9427083,44,4.4844929331837555,21,0.11602209944751381,"{""3"":21,""4"":9,""5"":56,""6"":60,""7"":26,""8"":7,""9"":2}","{""10"":13,""11"":6,""12"":1,""13"":9,""22"":2,""3"":21,""4"":5,""5"":5,""6"":19,""7"":35,""8"":30,""9"":35}",64,"{""count"":64,""unique_topologies"":64,""topology_entropy_bits"":6.0,""effective_topology_count"":64.0,""triangle_like_count"":0,""triangle_like_fraction"":0.0,""mean_nodes"":6.671875,""mean_muscles"":9.84375,""node_counts"":{""10"":1,""4"":4,""5"":4,""6"":20,""7"":21,""8"":12,""9"":2},""muscle_counts"":{""10"":13,""11"":4,""12"":4,""13"":4,""14"":2,""15"":2,""16"":2,""17"":2,""4"":3,""5"":3,""6"":2,""7"":2,""8"":10,""9"":11}}",127,5.62974560141799,124,0.124,"{""10"":1,""3"":124,""4"":122,""5"":227,""6"":301,""7"":151,""8"":54,""9"":20}","{""10"":86,""11"":60,""12"":18,""13"":34,""14"":5,""15"":4,""16"":1,""22"":16,""3"":124,""4"":66,""5"":96,""6"":86,""7"":109,""8"":126,""9"":169}","{""Diagonal CMA-ES"":{""attempts"":323,""discoveries"":0,""improvements"":0,""insertions"":0,""insertion_rate"":0.0},""Immigrant"":{""attempts"":133,""discoveries"":0,""improvements"":0,""insertions"":0,""insertion_rate"":0.0},""Morphology"":{""attempts"":305,""discoveries"":9,""improvements"":22,""insertions"":31,""insertion_rate"":0.10163934426229508},""Novelty"":{""attempts"":239,""discoveries"":1,""improvements"":2,""insertions"":3,""insertion_rate"":0.012552301255230125}}","{""Morphology"":203,""Novelty"":21}",9,0.9047619047619048,false,9000
42,35,36000,1.0336312279999997,0.024782112000000002,0.022305444,0.001048369,0.001428299,1.111299577,102.74447,17.97683,3793.5969799906015,182,0.9479167,44,4.446282214615419,21,0.11538461538461539,"{""3"":21,""4"":7,""5"":57,""6"":62,""7"":26,""8"":7,""9"":2}","{""10"":14,""11"":6,""13"":9,""22"":2,""3"":21,""4"":5,""5"":3,""6"":19,""7"":36,""8"":31,""9"":36}",64,"{""count"":64,""unique_topologies"":64,""topology_entropy_bits"":6.0,""effective_topology_count"":64.0,""triangle_like_count"":0,""triangle_like_fraction"":0.0,""mean_nodes"":6.6875,""mean_muscles"":9.859375,""node_counts"":{""10"":1,""4"":4,""5"":4,""6"":19,""7"":22,""8"":12,""9"":2},""muscle_counts"":{""10"":12,""11"":5,""12"":4,""13"":4,""14"":2,""15"":2,""16"":2,""17"":2,""4"":3,""5"":3,""6"":2,""7"":2,""8"":10,""9"":11}}",135,5.566199073164458,114,0.114,"{""10"":6,""3"":114,""4"":99,""5"":255,""6"":317,""7"":137,""8"":58,""9"":14}","{""10"":101,""11"":61,""12"":17,""13"":38,""14"":11,""15"":2,""16"":3,""18"":1,""22"":11,""23"":1,""3"":114,""4"":65,""5"":80,""6"":131,""7"":95,""8"":129,""9"":140}","{""Diagonal CMA-ES"":{""attempts"":305,""discoveries"":1,""improvements"":0,""insertions"":1,""insertion_rate"":0.003278688524590164},""Immigrant"":{""attempts"":136,""discoveries"":0,""improvements"":0,""insertions"":0,""insertion_rate"":0.0},""Morphology"":{""attempts"":283,""discoveries"":2,""improvements"":12,""insertions"":14,""insertion_rate"":0.04946996466431095},""Novelty"":{""attempts"":276,""discoveries"":0,""improvements"":2,""insertions"":2,""insertion_rate"":0.007246376811594203}}","{""Morphology"":180,""Novelty"":40}",1,0.9056603773584906,false,10000
42,36,37000,1.0592776809999997,0.025646453,0.023286138,0.001031748,0.001328567,1.139197114,102.74447,18.37747,3873.6597752720118,183,0.953125,45,4.437405142330128,21,0.11475409836065574,"{""3"":21,""4"":6,""5"":57,""6"":63,""7"":29,""8"":7}","{""10"":12,""11"":7,""12"":2,""13"":9,""15"":1,""3"":21,""4"":5,""5"":1,""6"":18,""7"":37,""8"":34,""9"":36}",64,"{""count"":64,""unique_topologies"":64,""topology_entropy_bits"":6.0,""effective_topology_count"":64.0,""triangle_like_count"":0,""triangle_like_fraction"":0.0,""mean_nodes"":6.6875,""mean_muscles"":9.859375,""node_counts"":{""10"":1,""4"":4,""5"":4,""6"":19,""7"":22,""8"":12,""9"":2},""muscle_counts"":{""10"":12,""11"":5,""12"":4,""13"":4,""14"":2,""15"":2,""16"":2,""17"":2,""4"":3,""5"":3,""6"":2,""7"":2,""8"":10,""9"":11}}",125,4.979437910958815,110,0.11,"{""10"":3,""11"":1,""3"":110,""4"":77,""5"":245,""6"":330,""7"":198,""8"":32,""9"":4}","{""10"":152,""11"":96,""12"":18,""13"":31,""14"":13,""15"":4,""16"":2,""17"":2,""19"":1,""22"":1,""23"":1,""3"":110,""4"":37,""5"":67,""6"":57,""7"":162,""8"":104,""9"":142}","{""Diagonal CMA-ES"":{""attempts"":296,""discoveries"":0,""improvements"":1,""insertions"":1,""insertion_rate"":0.0033783783783783786},""Immigrant"":{""attempts"":159,""discoveries"":0,""improvements"":0,""insertions"":0,""insertion_rate"":0.0},""Morphology"":{""attempts"":303,""discoveries"":0,""improvements"":13,""insertions"":13,""insertion_rate"":0.0429042904290429},""Novelty"":{""attempts"":242,""discoveries"":1,""improvements"":2,""insertions"":3,""insertion_rate"":0.012396694214876033}}","{""Morphology"":196,""Novelty"":28}",4,0.9056603773584906,false,11000
42,37,38000,1.0839624379999997,0.024684756999999998,0.020886645,0.001019875,0.002778237,1.165931118,102.74447,18.426786,3917.44522549212,183,0.953125,45,4.44456734516371,21,0.11475409836065574,"{""3"":21,""4"":6,""5"":56,""6"":62,""7"":30,""8"":8}","{""10"":12,""11"":8,""12"":3,""13"":7,""15"":1,""16"":1,""18"":1,""3"":21,""4"":5,""5"":1,""6"":17,""7"":37,""8"":34,""9"":35}",64,"{""count"":64,""unique_topologies"":64,""topology_entropy_bits"":6.0,""effective_topology_count"":64.0,""triangle_like_count"":0,""triangle_like_fraction"":0.0,""mean_nodes"":6.6875,""mean_muscles"":9.859375,""node_counts"":{""10"":1,""4"":4,""5"":4,""6"":19,""7"":22,""8"":12,""9"":2},""muscle_counts"":{""10"":12,""11"":5,""12"":4,""13"":4,""14"":2,""15"":2,""16"":2,""17"":2,""4"":3,""5"":3,""6"":2,""7"":2,""8"":10,""9"":11}}",141,4.901847657293455,137,0.137,"{""10"":2,""11"":3,""3"":137,""4"":82,""5"":276,""6"":227,""7"":219,""8"":49,""9"":5}","{""10"":57,""11"":46,""12"":108,""13"":17,""14"":15,""15"":15,""16"":5,""18"":4,""19"":2,""3"":137,""4"":55,""5"":43,""6"":41,""7"":223,""8"":111,""9"":121}","{""Diagonal CMA-ES"":{""attempts"":290,""discoveries"":0,""improvements"":0,""insertions"":0,""insertion_rate"":0.0},""Immigrant"":{""attempts"":154,""discoveries"":0,""improvements"":0,""insertions"":0,""insertion_rate"":0.0},""Morphology"":{""attempts"":307,""discoveries"":0,""improvements"":17,""insertions"":17,""insertion_rate"":0.05537459283387622},""Novelty"":{""attempts"":249,""discoveries"":0,""improvements"":2,""insertions"":2,""insertion_rate"":0.008032128514056224}}","{""Morphology"":210,""Novelty"":35}",2,0.9095022624434389,false,12000
42,38,39000,1.1114468029999998,0.027484364999999997,0.02496733,0.001089924,0.001427111,1.1958790910000001,102.74447,18.426786,3926.6457896381617,184,0.9583333,45,4.463388612401103,20,0.10869565217391304,"{""3"":20,""4"":6,""5"":56,""6"":61,""7"":32,""8"":9}","{""10"":14,""11"":8,""12"":3,""13"":7,""15"":1,""16"":1,""18"":1,""20"":1,""3"":20,""4"":5,""5"":1,""6"":17,""7"":36,""8"":34,""9"":35}",64,"{""count"":64,""unique_topologies"":64,""topology_entropy_bits"":6.0,""effective_topology_count"":64.0,""triangle_like_count"":0,""triangle_like_fraction"":0.0,""mean_nodes"":6.828125,""mean_muscles"":10.15625,""node_counts"":{""4"":4,""5"":2,""6"":16,""7"":23,""8"":17,""9"":2},""muscle_counts"":{""10"":12,""11"":7,""12"":7,""13"":3,""14"":3,""15"":1,""16"":2,""17"":2,""4"":3,""5"":1,""6"":2,""7"":1,""8"":9,""9"":11}}",153,5.290125602492649,121,0.121,"{""10"":1,""11"":1,""3"":121,""4"":84,""5"":273,""6"":280,""7"":164,""8"":67,""9"":9}","{""10"":63,""11"":61,""12"":40,""13"":15,""14"":13,""15"":15,""16"":9,""17"":1,""18"":14,""19"":4,""20"":1,""21"":1,""3"":121,""4"":54,""5"":55,""6"":56,""7"":201,""8"":134,""9"":142}","{""Diagonal CMA-ES"":{""attempts"":327,""discoveries"":0,""improvements"":1,""insertions"":1,""insertion_rate"":0.0030581039755351682},""Immigrant"":{""attempts"":132,""discoveries"":0,""improvements"":0,""insertions"":0,""insertion_rate"":0.0},""Morphology"":{""attempts"":305,""discoveries"":19,""improvements"":12,""insertions"":31,""insertion_rate"":0.10163934426229508},""Novelty"":{""attempts"":236,""discoveries"":1,""improvements"":0,""insertions"":1,""insertion_rate"":0.00423728813559322}}","{""Morphology"":201,""Novelty"":33}",17,0.9099099099099099,false,13000
42,39,40000,1.1440281649999997,0.032581362,0.029887422,0.001083987,0.001609953,1.230747156,102.74447,18.37747,3962.5175967365503,186,0.96875,48,4.568015150662759,20,0.10752688172043011,"{""3"":20,""4"":6,""5"":56,""6"":58,""7"":31,""8"":15}","{""10"":14,""11"":8,""12"":1,""13"":7,""15"":2,""16"":2,""18"":1,""19"":2,""20"":3,""3"":20,""4"":5,""5"":1,""6"":17,""7"":35,""8"":34,""9"":34}",64,"{""count"":64,""unique_topologies"":64,""topology_entropy_bits"":6.0,""effective_topology_count"":64.0,""triangle_like_count"":0,""triangle_like_fraction"":0.0,""mean_nodes"":6.796875,""mean_muscles"":10.046875,""node_counts"":{""4"":4,""5"":2,""6"":17,""7"":23,""8"":16,""9"":2},""muscle_counts"":{""10"":12,""11"":8,""12"":8,""13"":3,""14"":1,""15"":1,""16"":2,""17"":2,""4"":3,""5"":1,""6"":2,""7"":2,""8"":9,""9"":10}}",151,5.372975385108547,122,0.122,"{""10"":1,""3"":122,""4"":73,""5"":238,""6"":257,""7"":156,""8"":130,""9"":23}","{""10"":62,""11"":60,""12"":25,""13"":13,""14"":11,""15"":17,""16"":10,""17"":1,""18"":7,""19"":7,""20"":67,""21"":6,""22"":2,""25"":2,""27"":3,""3"":122,""4"":50,""5"":39,""6"":65,""7"":162,""8"":140,""9"":129}","{""Diagonal CMA-ES"":{""attempts"":296,""discoveries"":0,""improvements"":0,""insertions"":0,""insertion_rate"":0.0},""Immigrant"":{""attempts"":147,""discoveries"":0,""improvements"":0,""insertions"":0,""insertion_rate"":0.0},""Morphology"":{""attempts"":306,""discoveries"":6,""improvements"":11,""insertions"":17,""insertion_rate"":0.05555555555555555},""Novelty"":{""attempts"":251,""discoveries"":0,""improvements"":3,""insertions"":3,""insertion_rate"":0.01195219123505976}}","{""Morphology"":208,""Novelty"":32}",8,0.9070796460176991,false,14000
42,40,41000,1.1728387219999996,0.028810557,0.025924278,0.001189655,0.001696624,1.262445181,102.74447,18.37747,3982.9759719520807,186,0.96875,46,4.536201180192591,20,0.10752688172043011,"{""3"":20,""4"":6,""5"":56,""6"":57,""7"":29,""8"":18}","{""10"":14,""11"":7,""12"":2,""13"":6,""15"":2,""16"":2,""18"":2,""19"":4,""20"":3,""3"":20,""4"":5,""5"":1,""6"":17,""7"":36,""8"":34,""9"":31}",64,"{""count"":64,""unique_topologies"":64,""topology_entropy_bits"":6.0,""effective_topology_count"":64.0,""triangle_like_count"":0,""triangle_like_fraction"":0.0,""mean_nodes"":6.875,""mean_muscles"":10.171875,""node_counts"":{""4"":3,""5"":2,""6"":18,""7"":22,""8"":15,""9"":4},""muscle_counts"":{""10"":13,""11"":9,""12"":8,""13"":3,""14"":1,""15"":1,""16"":2,""17"":2,""4"":2,""5"":1,""6"":2,""7"":2,""8"":9,""9"":9}}",151,5.10972792996676,94,0.094,"{""10"":2,""3"":94,""4"":67,""5"":218,""6"":204,""7"":203,""8"":176,""9"":36}","{""10"":41,""11"":39,""12"":12,""13"":5,""14"":7,""15"":113,""16"":17,""17"":4,""18"":15,""19"":111,""20"":15,""21"":6,""22"":1,""23"":1,""24"":3,""25"":2,""26"":2,""3"":94,""4"":44,""5"":46,""6"":44,""7"":158,""8"":113,""9"":107}","{""Diagonal CMA-ES"":{""attempts"":319,""discoveries"":0,""improvements"":1,""insertions"":1,""insertion_rate"":0.003134796238244514},""Immigrant"":{""attempts"":134,""discoveries"":0,""improvements"":0,""insertions"":0,""insertion_rate"":0.0},""Morphology"":{""attempts"":304,""discoveries"":4,""improvements"":17,""insertions"":21,""insertion_rate"":0.06907894736842106},""Novelty"":{""attempts"":243,""discoveries"":0,""improvements"":2,""insertions"":2,""insertion_rate"":0.00823045267489712}}","{""Morphology"":220,""Novelty"":31}",5,0.9078947368421053,false,15000
42,41,42000,1.2007896889999996,0.027950967,0.025483797,0.001055493,0.001411677,1.2926911620000001,102.74447,18.538084,4028.080228164792,187,0.9739583,47,4.578504900120869,18,0.0962566844919786,"{""3"":18,""4"":5,""5"":57,""6"":58,""7"":30,""8"":19}","{""10"":14,""11"":8,""12"":3,""13"":5,""15"":2,""16"":2,""18"":2,""19"":4,""20"":5,""3"":18,""4"":5,""6"":18,""7"":37,""8"":33,""9"":31}",64,"{""count"":64,""unique_topologies"":64,""topology_entropy_bits"":6.0,""effective_topology_count"":64.0,""triangle_like_count"":0,""triangle_like_fraction"":0.0,""mean_nodes"":6.9375,""mean_muscles"":10.265625,""node_counts"":{""4"":3,""5"":1,""6"":17,""7"":23,""8"":16,""9"":4},""muscle_counts"":{""10"":13,""11"":9,""12"":9,""13"":3,""14"":1,""15"":1,""16"":2,""17"":2,""4"":2,""5"":1,""6"":1,""7"":2,""8"":9,""9"":9}}",161,5.399392968338487,121,0.121,"{""10"":3,""3"":121,""4"":78,""5"":274,""6"":262,""7"":141,""8"":96,""9"":25}","{""10"":55,""11"":42,""12"":23,""13"":15,""14"":6,""15"":21,""16"":8,""17"":4,""18"":11,""19"":10,""20"":38,""21"":5,""22"":2,""24"":1,""25"":3,""3"":121,""4"":53,""5"":49,""6"":66,""7"":195,""8"":139,""9"":133}","{""Diagonal CMA-ES"":{""attempts"":297,""discoveries"":0,""improvements"":0,""insertions"":0,""insertion_rate"":0.0},""Immigrant"":{""attempts"":155,""discoveries"":0,""improvements"":0,""insertions"":0,""insertion_rate"":0.0},""Morphology"":{""attempts"":302,""discoveries"":4,""improvements"":10,""insertions"":14,""insertion_rate"":0.046357615894039736},""Novelty"":{""attempts"":246,""discoveries"":1,""improvements"":3,""insertions"":4,""insertion_rate"":0.016260162601626018}}","{""Morphology"":206,""Novelty"":35}",3,0.9142857142857143,false,16000
42,42,43000,1.2287370929999997,0.027947404000000002,0.025604899,0.001029373,0.001313132,1.32304756,102.74447,19.275322,4074.5887995511293,187,0.9739583,48,4.581543651394674,18,0.0962566844919786,"{""3"":18,""4"":3,""5"":57,""6"":58,""7"":31,""8"":20}","{""10"":13,""11"":8,""12"":4,""13"":5,""15"":2,""16"":2,""18"":3,""19"":4,""20"":5,""3"":18,""4"":3,""6"":17,""7"":39,""8"":33,""9"":31}",64,"{""count"":64,""unique_topologies"":64,""topology_entropy_bits"":6.0,""effective_topology_count"":64.0,""triangle_like_count"":0,""triangle_like_fraction"":0.0,""mean_nodes"":6.9375,""mean_muscles"":10.265625,""node_counts"":{""4"":3,""5"":1,""6"":17,""7"":23,""8"":16,""9"":4},""muscle_counts"":{""10"":13,""11"":9,""12"":9,""13"":3,""14"":1,""15"":1,""16"":2,""17"":2,""4"":2,""5"":1,""6"":1,""7"":2,""8"":9,""9"":9}}",155,5.3226602125259035,97,0.097,"{""10"":1,""3"":97,""4"":102,""5"":252,""6"":230,""7"":126,""8"":162,""9"":30}","{""10"":53,""11"":49,""12"":18,""13"":10,""14"":9,""15"":15,""16"":7,""17"":2,""18"":14,""19"":9,""20"":91,""21"":14,""24"":3,""25"":2,""3"":97,""4"":73,""5"":51,""6"":66,""7"":170,""8"":129,""9"":118}","{""Diagonal CMA-ES"":{""attempts"":287,""discoveries"":0,""improvements"":0,""insertions"":0,""insertion_rate"":0.0},""Immigrant"":{""attempts"":144,""discoveries"":0,""improvements"":0,""insertions"":0,""insertion_rate"":0.0},""Morphology"":{""attempts"":310,""discoveries"":0,""improvements"":12,""insertions"":12,""insertion_rate"":0.03870967741935484},""Novelty"":{""attempts"":259,""discoveries"":0,""improvements"":3,""insertions"":3,""insertion_rate"":0.011583011583011582}}","{""Morphology"":200,""Novelty"":32}",1,0.9169960474308301,false,17000
42,43,44000,1.2564256709999997,0.027688578,0.025397126,0.000989005,0.001302447,1.352818628,102.74447,19.335821,4114.653762891889,187,0.9739583,49,4.579556464325427,17,0.09090909090909091,"{""10"":1,""3"":17,""4"":3,""5"":57,""6"":58,""7"":30,""8"":21}","{""10"":13,""11"":8,""12"":3,""13"":6,""15"":2,""16"":3,""18"":3,""19"":4,""20"":5,""3"":17,""4"":3,""6"":16,""7"":41,""8"":34,""9"":29}",64,"{""count"":64,""unique_topologies"":64,""topology_entropy_bits"":6.0,""effective_topology_count"":64.0,""triangle_like_count"":0,""triangle_like_fraction"":0.0,""mean_nodes"":6.90625,""mean_muscles"":10.265625,""node_counts"":{""4"":3,""5"":1,""6"":18,""7"":23,""8"":15,""9"":4},""muscle_counts"":{""10"":13,""11"":9,""12"":9,""13"":3,""14"":1,""15"":1,""16"":2,""17"":2,""4"":2,""5"":1,""6"":1,""7"":2,""8"":9,""9"":9}}",159,5.480636456299603,108,0.108,"{""10"":1,""3"":108,""4"":84,""5"":241,""6"":291,""7"":151,""8"":98,""9"":26}","{""10"":48,""11"":49,""12"":28,""13"":15,""14"":8,""15"":21,""16"":10,""17"":2,""18"":15,""19"":15,""20"":28,""21"":3,""24"":2,""25"":3,""3"":108,""4"":48,""5"":58,""6"":71,""7"":161,""8"":157,""9"":150}","{""Diagonal CMA-ES"":{""attempts"":283,""discoveries"":0,""improvements"":0,""insertions"":0,""insertion_rate"":0.0},""Immigrant"":{""attempts"":171,""discoveries"":0,""improvements"":0,""insertions"":0,""insertion_rate"":0.0},""Morphology"":{""attempts"":288,""discoveries"":1,""improvements"":10,""insertions"":11,""insertion_rate"":0.03819444444444445},""Novelty"":{""attempts"":258,""discoveries"":0,""improvements"":2,""insertions"":2,""insertion_rate"":0.007751937984496124}}","{""Morphology"":188,""Novelty"":33}",3,0.9186046511627907,false,18000
42,44,45000,1.2858809229999997,0.029455251999999998,0.026885976,0.001091112,0.001478164,1.38463182,102.74447,19.466496,4154.538514688611,187,0.9739583,49,4.556540324431878,18,0.0962566844919786,"{""10"":1,""3"":18,""4"":2,""5"":59,""6"":57,""7"":28,""8"":22}","{""10"":12,""11"":8,""12"":3,""13"":6,""15"":2,""16"":3,""18"":3,""19"":4,""20"":5,""3"":18,""4"":2,""6"":16,""7"":42,""8"":34,""9"":29}",64,"{""count"":64,""unique_topologies"":64,""topology_entropy_bits"":6.0,""effective_topology_count"":64.0,""triangle_like_count"":0,""triangle_like_fraction"":0.0,""mean_nodes"":6.90625,""mean_muscles"":10.265625,""node_counts"":{""4"":3,""5"":1,""6"":18,""7"":23,""8"":15,""9"":4},""muscle_counts"":{""10"":13,""11"":9,""12"":9,""13"":3,""14"":1,""15"":1,""16"":2,""17"":2,""4"":2,""5"":1,""6"":1,""7"":2,""8"":9,""9"":9}}",159,5.365177020149136,105,0.105,"{""10"":3,""11"":1,""3"":105,""4"":71,""5"":275,""6"":291,""7"":140,""8"":83,""9"":31}","{""10"":58,""11"":56,""12"":15,""13"":13,""14"":9,""15"":20,""16"":13,""17"":1,""18"":21,""19"":20,""20"":10,""21"":3,""22"":3,""24"":1,""25"":3,""3"":105,""4"":44,""5"":46,""6"":53,""7"":200,""8"":179,""9"":127}","{""Diagonal CMA-ES"":{""attempts"":302,""discoveries"":0,""improvements"":1,""insertions"":1,""insertion_rate"":0.0033112582781456954},""Immigrant"":{""attempts"":130,""discoveries"":0,""improvements"":0,""insertions"":0,""insertion_rate"":0.0},""Morphology"":{""attempts"":321,""discoveries"":0,""improvements"":5,""insertions"":5,""insertion_rate"":0.01557632398753894},""Novelty"":{""attempts"":247,""discoveries"":0,""improvements"":3,""insertions"":3,""insertion_rate"":0.012145748987854251}}","{""Morphology"":217,""Novelty"":29}",1,0.9195402298850575,false,19000
42,45,46000,1.3138402009999997,0.027959278,0.025528914,0.001040058,0.001390306,1.414930041,102.74447,19.466496,4164.15611179173,187,0.9739583,49,4.585605114417261,18,0.0962566844919786,"{""10"":1,""3"":18,""4"":2,""5"":57,""6"":59,""7"":28,""8"":22}","{""10"":12,""11"":8,""12"":3,""13"":6,""15"":2,""16"":3,""18"":3,""19"":4,""20"":5,""3"":18,""4"":2,""6"":16,""7"":40,""8"":35,""9"":30}",64,"{""count"":64,""unique_topologies"":64,""topology_entropy_bits"":6.0,""effective_topology_count"":64.0,""triangle_like_count"":0,""triangle_like_fraction"":0.0,""mean_nodes"":6.90625,""mean_muscles"":10.265625,""node_counts"":{""4"":3,""5"":1,""6"":18,""7"":23,""8"":15,""9"":4},""muscle_counts"":{""10"":13,""11"":9,""12"":9,""13"":3,""14"":1,""15"":1,""16"":2,""17"":2,""4"":2,""5"":1,""6"":1,""7"":2,""8"":9,""9"":9}}",160,5.452265044887211,98,0.098,"{""10"":6,""3"":98,""4"":78,""5"":260,""6"":267,""7"":168,""8"":100,""9"":23}","{""10"":56,""11"":46,""12"":57,""13"":26,""14"":12,""15"":15,""16"":8,""18"":19,""19"":28,""20"":9,""21"":4,""22"":2,""24"":1,""25"":1,""3"":98,""4"":53,""5"":45,""6"":70,""7"":172,""8"":130,""9"":148}","{""Diagonal CMA-ES"":{""attempts"":296,""discoveries"":0,""improvements"":0,""insertions"":0,""insertion_rate"":0.0},""Immigrant"":{""attempts"":140,""discoveries"":0,""improvements"":0,""insertions"":0,""insertion_rate"":0.0},""Morphology"":{""attempts"":315,""discoveries"":0,""improvements"":11,""insertions"":11,""insertion_rate"":0.03492063492063492},""Novelty"":{""attempts"":249,""discoveries"":0,""improvements"":0,""insertions"":0,""insertion_rate"":0.0}}","{""Morphology"":211,""Novelty"":31}",0,0.9198473282442748,false,20000
42,46,47000,1.3415525239999997,0.027712323000000004,0.025305705,0.001035309,0.001371309,1.444841208,102.74447,19.6153,4189.377449467778,187,0.9739583,50,4.617981392272267,19,0.10160427807486631,"{""10"":1,""3"":19,""4"":2,""5"":56,""6"":59,""7"":27,""8"":22,""9"":1}","{""10"":12,""11"":7,""12"":3,""13"":6,""15"":2,""16"":3,""18"":3,""19"":4,""20"":6,""3"":19,""4"":2,""6"":16,""7"":39,""8"":36,""9"":29}",64,"{""count"":64,""unique_topologies"":64,""topology_entropy_bits"":6.0,""effective_topology_count"":64.0,""triangle_like_count"":0,""triangle_like_fraction"":0.0,""mean_nodes"":6.9375,""mean_muscles"":10.171875,""node_counts"":{""4"":4,""5"":1,""6"":16,""7"":22,""8"":16,""9"":5},""muscle_counts"":{""10"":14,""11"":9,""12"":10,""14"":2,""15"":1,""16"":2,""17"":2,""4"":2,""5"":2,""6"":1,""7"":2,""8"":8,""9"":9}}",161,5.442560598083024,107,0.107,"{""10"":6,""11"":1,""3"":107,""4"":77,""5"":268,""6"":271,""7"":157,""8"":89,""9"":24}","{""10"":57,""11"":49,""12"":22,""13"":23,""14"":11,""15"":21,""16"":14,""17"":5,""18"":18,""19"":13,""20"":15,""21"":3,""24"":2,""25"":1,""3"":107,""4"":53,""5"":50,""6"":66,""7"":184,""8"":140,""9"":146}","{""Diagonal CMA-ES"":{""attempts"":287,""discoveries"":0,""improvements"":0,""insertions"":0,""insertion_rate"":0.0},""Immigrant"":{""attempts"":145,""discoveries"":0,""improvements"":0,""insertions"":0,""insertion_rate"":0.0},""Morphology"":{""attempts"":329,""discoveries"":7,""improvements"":6,""insertions"":13,""insertion_rate"":0.03951367781155015},""Novelty"":{""attempts"":239,""discoveries"":0,""improvements"":2,""insertions"":2,""insertion_rate"":0.008368200836820083}}","{""Morphology"":210,""Novelty"":30}",8,0.9207547169811321,false,21000
42,47,48000,1.3691591799999996,0.027606656,0.025296207,0.00103056,0.001279889,1.474727443,102.74447,20.36405,4231.215502753854,187,0.9739583,49,4.575356130644769,20,0.10695187165775401,"{""10"":1,""3"":20,""4"":2,""5"":58,""6"":57,""7"":27,""8"":21,""9"":1}","{""10"":12,""11"":7,""12"":2,""13"":6,""15"":3,""16"":3,""18"":5,""19"":3,""20"":4,""3"":20,""4"":2,""6"":16,""7"":40,""8"":36,""9"":28}",64,"{""count"":64,""unique_topologies"":64,""topology_entropy_bits"":6.0,""effective_topology_count"":64.0,""triangle_like_count"":0,""triangle_like_fraction"":0.0,""mean_nodes"":6.921875,""mean_muscles"":10.125,""node_counts"":{""4"":4,""5"":1,""6"":15,""7"":24,""8"":16,""9"":4},""muscle_counts"":{""10"":16,""11"":9,""12"":8,""14"":2,""15"":1,""16"":2,""17"":2,""4"":2,""5"":2,""6"":1,""7"":2,""8"":7,""9"":10}}",162,5.514570054072787,107,0.107,"{""10"":10,""3"":107,""4"":76,""5"":267,""6"":241,""7"":168,""8"":102,""9"":29}","{""10"":84,""11"":58,""12"":23,""13"":17,""14"":14,""15"":13,""16"":15,""17"":3,""18"":21,""19"":21,""20"":15,""21"":5,""22"":1,""25"":2,""3"":107,""4"":51,""5"":54,""6"":65,""7"":179,""8"":133,""9"":119}","{""Diagonal CMA-ES"":{""attempts"":309,""discoveries"":0,""improvements"":0,""insertions"":0,""insertion_rate"":0.0},""Immigrant"":{""attempts"":149,""discoveries"":0,""improvements"":0,""insertions"":0,""insertion_rate"":0.0},""Morphology"":{""attempts"":303,""discoveries"":4,""improvements"":14,""insertions"":18,""insertion_rate"":0.0594059405940594},""Novelty"":{""attempts"":239,""discoveries"":0,""improvements"":3,""insertions"":3,""insertion_rate"":0.012552301255230125}}","{""Morphology"":200,""Novelty"":34}",4,0.9210526315789473,false,22000
42,48,49000,1.3965248169999995,0.027365636999999998,0.02499345,0.001005627,0.00136656,1.504350101,102.74447,21.246954,4302.77296115458,187,0.9739583,49,4.57803232514371,19,0.10160427807486631,"{""10"":1,""3"":19,""4"":2,""5"":60,""6"":57,""7"":26,""8"":21,""9"":1}","{""10"":12,""11"":7,""12"":2,""13"":6,""15"":3,""16"":3,""18"":5,""19"":3,""20"":4,""3"":19,""4"":2,""6"":16,""7"":42,""8"":35,""9"":28}",64,"{""count"":64,""unique_topologies"":64,""topology_entropy_bits"":6.0,""effective_topology_count"":64.0,""triangle_like_count"":0,""triangle_like_fraction"":0.0,""mean_nodes"":6.890625,""mean_muscles"":10.140625,""node_counts"":{""4"":4,""5"":1,""6"":16,""7"":24,""8"":15,""9"":4},""muscle_counts"":{""10"":15,""11"":10,""12"":8,""14"":2,""15"":1,""16"":2,""17"":2,""4"":2,""5"":2,""6"":1,""7"":2,""8"":7,""9"":10}}",150,5.275141207241483,131,0.131,"{""10"":9,""3"":131,""4"":86,""5"":292,""6"":258,""7"":113,""8"":78,""9"":33}","{""10"":51,""11"":49,""12"":14,""13"":20,""14"":7,""15"":10,""16"":6,""18"":30,""19"":26,""20"":7,""21"":4,""22"":2,""24"":1,""25"":1,""3"":131,""4"":49,""5"":64,""6"":83,""7"":189,""8"":125,""9"":131}","{""Diagonal CMA-ES"":{""attempts"":295,""discoveries"":0,""improvements"":0,""insertions"":0,""insertion_rate"":0.0},""Immigrant"":{""attempts"":175,""discoveries"":0,""improvements"":0,""insertions"":0,""insertion_rate"":0.0},""Morphology"":{""attempts"":286,""discoveries"":1,""improvements"":6,""insertions"":7,""insertion_rate"":0.024475524475524476},""Novelty"":{""attempts"":244,""discoveries"":0,""improvements"":1,""insertions"":1,""insertion_rate"":0.004098360655737705}}","{""Morphology"":189,""Novelty"":25}",1,0.9210526315789473,false,23000
42,49,50000,1.4245030909999996,0.027978274,0.025653578,0.001029373,0.001295323,1.53459252,102.74447,21.246954,4313.772750869393,187,0.9739583,50,4.574371673635992,20,0.10695187165775401,"{""10"":1,""3"":20,""4"":2,""5"":60,""6"":56,""7"":26,""8"":20,""9"":2}","{""10"":13,""11"":7,""12"":1,""13"":6,""15"":3,""16"":3,""18"":4,""19"":3,""20"":4,""21"":1,""3"":20,""4"":2,""6"":16,""7"":41,""8"":36,""9"":27}",64,"{""count"":64,""unique_topologies"":64,""topology_entropy_bits"":6.0,""effective_topology_count"":64.0,""triangle_like_count"":0,""triangle_like_fraction"":0.0,""mean_nodes"":6.875,""mean_muscles"":10.109375,""node_counts"":{""4"":4,""5"":1,""6"":17,""7"":23,""8"":15,""9"":4},""muscle_counts"":{""10"":14,""11"":10,""12"":8,""14"":2,""15"":1,""16"":2,""17"":2,""4"":2,""5"":2,""6"":1,""7"":2,""8"":8,""9"":10}}",149,5.482331588596166,106,0.106,"{""10"":8,""3"":106,""4"":86,""5"":274,""6"":271,""7"":125,""8"":99,""9"":31}","{""10"":55,""11"":55,""12"":26,""13"":19,""14"":8,""15"":16,""16"":10,""17"":4,""18"":30,""19"":22,""20"":8,""21"":3,""22"":3,""24"":5,""25"":1,""26"":1,""3"":106,""4"":59,""5"":51,""6"":81,""7"":173,""8"":131,""9"":133}","{""Diagonal CMA-ES"":{""attempts"":277,""discoveries"":0,""improvements"":1,""insertions"":1,""insertion_rate"":0.0036101083032490976},""Immigrant"":{""attempts"":141,""discoveries"":0,""improvements"":0,""insertions"":0,""insertion_rate"":0.0},""Morphology"":{""attempts"":316,""discoveries"":1,""improvements"":11,""insertions"":12,""insertion_rate"":0.0379746835443038},""Novelty"":{""attempts"":266,""discoveries"":0,""improvements"":0,""insertions"":0,""insertion_rate"":0.0}}","{""Morphology"":214,""Novelty"":31}",2,0.9233576642335767,false,24000
42,50,51000,1.4550019619999996,0.030498871,0.027705199,0.001246645,0.001547027,1.5688586340000001,102.74447,21.486443,4325.182253375649,187,0.9739583,50,4.5632017331654415,20,0.10695187165775401,"{""10"":1,""3"":20,""4"":2,""5"":60,""6"":55,""7"":27,""8"":20,""9"":2}","{""10"":14,""11"":7,""12"":1,""13"":6,""15"":3,""16"":3,""18"":5,""19"":3,""20"":3,""21"":1,""3"":20,""4"":2,""6"":15,""7"":42,""8"":36,""9"":26}",64,"{""count"":64,""unique_topologies"":64,""topology_entropy_bits"":6.0,""effective_topology_count"":64.0,""triangle_like_count"":0,""triangle_like_fraction"":0.0,""mean_nodes"":6.859375,""mean_muscles"":10.09375,""node_counts"":{""4"":5,""5"":2,""6"":15,""7"":21,""8"":17,""9"":4},""muscle_counts"":{""10"":14,""11"":11,""12"":7,""14"":2,""15"":2,""16"":1,""17"":1,""22"":1,""4"":2,""5"":4,""6"":1,""7"":1,""8"":6,""9"":11}}",155,5.396058138629946,124,0.124,"{""10"":8,""3"":124,""4"":86,""5"":288,""6"":241,""7"":130,""8"":97,""9"":26}","{""10"":56,""11"":58,""12"":12,""13"":17,""14"":7,""15"":13,""16"":9,""17"":4,""18"":36,""19"":13,""20"":10,""21"":3,""22"":2,""23"":1,""25"":3,""3"":124,""4"":59,""5"":47,""6"":74,""7"":194,""8"":139,""9"":119}","{""Diagonal CMA-ES"":{""attempts"":295,""discoveries"":0,""improvements"":1,""insertions"":1,""insertion_rate"":0.003389830508474576},""Immigrant"":{""attempts"":148,""discoveries"":0,""improvements"":0,""insertions"":0,""insertion_rate"":0.0},""Morphology"":{""attempts"":316,""discoveries"":14,""improvements"":13,""insertions"":27,""insertion_rate"":0.08544303797468354},""Novelty"":{""attempts"":241,""discoveries"":0,""improvements"":1,""insertions"":1,""insertion_rate"":0.004149377593360996}}","{""Morphology"":198,""Novelty"":26}",13,0.920863309352518,false,25000
42,51,52000,1.4930934949999997,0.038091533000000004,0.035542441,0.001156411,0.001392681,1.609395965,102.74447,22.111893,4403.179808169603,187,0.9739583,50,4.570007692015109,20,0.10695187165775401,"{""10"":2,""3"":20,""4"":2,""5"":57,""6"":58,""7"":26,""8"":19,""9"":3}","{""10"":13,""11"":8,""12"":1,""13"":4,""15"":3,""16"":3,""18"":5,""19"":4,""20"":4,""21"":1,""3"":20,""4"":2,""6"":14,""7"":40,""8"":37,""9"":28}",64,"{""count"":64,""unique_topologies"":64,""topology_entropy_bits"":6.0,""effective_topology_count"":64.0,""triangle_like_count"":0,""triangle_like_fraction"":0.0,""mean_nodes"":6.921875,""mean_muscles"":10.1875,""node_counts"":{""4"":5,""5"":2,""6"":13,""7"":23,""8"":15,""9"":6},""muscle_counts"":{""10"":15,""11"":9,""12"":7,""14"":3,""15"":1,""16"":1,""17"":1,""19"":1,""22"":1,""4"":2,""5"":4,""6"":1,""7"":1,""8"":6,""9"":11}}",152,5.277870926177353,107,0.107,"{""10"":9,""3"":107,""4"":79,""5"":285,""6"":263,""7"":119,""8"":110,""9"":28}","{""10"":45,""11"":48,""12"":12,""13"":18,""14"":5,""15"":17,""16"":13,""17"":2,""18"":47,""19"":20,""20"":5,""21"":1,""22"":1,""23"":2,""24"":2,""25"":3,""29"":1,""3"":107,""4"":55,""5"":45,""6"":67,""7"":198,""8"":138,""9"":148}","{""Diagonal CMA-ES"":{""attempts"":317,""discoveries"":0,""improvements"":2,""insertions"":2,""insertion_rate"":0.006309148264984227},""Immigrant"":{""attempts"":135,""discoveries"":0,""improvements"":0,""insertions"":0,""insertion_rate"":0.0},""Morphology"":{""attempts"":304,""discoveries"":3,""improvements"":16,""insertions"":19,""insertion_rate"":0.0625},""Novelty"":{""attempts"":244,""discoveries"":1,""improvements"":2,""insertions"":3,""insertion_rate"":0.012295081967213115}}","{""Morphology"":203,""Novelty"":28}",6,0.9175627240143369,false,26000
42,52,53000,1.5280126139999997,0.034919119000000005,0.032359341,0.001060242,0.001499536,1.646753759,102.74447,22.111893,4439.576288968325,187,0.9739583,51,4.60269400340812,20,0.10695187165775401,"{""10"":2,""3"":20,""4"":2,""5"":55,""6"":56,""7"":29,""8"":20,""9"":3}","{""10"":14,""11"":9,""12"":3,""13"":4,""15"":3,""16"":3,""18"":5,""19"":4,""20"":4,""21"":1,""3"":20,""4"":2,""6"":11,""7"":39,""8"":39,""9"":26}",64,"{""count"":64,""unique_topologies"":64,""topology_entropy_bits"":6.0,""effective_topology_count"":64.0,""triangle_like_count"":0,""triangle_like_fraction"":0.0,""mean_nodes"":6.984375,""mean_muscles"":10.25,""node_counts"":{""4"":5,""5"":3,""6"":11,""7"":22,""8"":15,""9"":8},""muscle_counts"":{""10"":15,""11"":8,""12"":8,""14"":4,""15"":1,""16"":1,""17"":1,""19"":1,""22"":1,""4"":2,""5"":5,""6"":1,""7"":1,""8"":4,""9"":11}}",146,5.087636796237838,116,0.116,"{""10"":8,""3"":116,""4"":87,""5"":313,""6"":211,""7"":157,""8"":74,""9"":34}","{""10"":47,""11"":95,""12"":18,""13"":10,""14"":7,""15"":6,""16"":9,""17"":1,""18"":27,""19"":9,""20"":9,""21"":6,""22"":5,""23"":1,""24"":4,""25"":1,""3"":116,""4"":59,""5"":60,""6"":68,""7"":215,""8"":126,""9"":101}","{""Diagonal CMA-ES"":{""attempts"":315,""discoveries"":0,""improvements"":1,""insertions"":1,""insertion_rate"":0.0031746031746031746},""Immigrant"":{""attempts"":157,""discoveries"":0,""improvements"":0,""insertions"":0,""insertion_rate"":0.0},""Morphology"":{""attempts"":303,""discoveries"":3,""improvements"":13,""insertions"":16,""insertion_rate"":0.052805280528052806},""Novelty"":{""attempts"":225,""discoveries"":0,""improvements"":2,""insertions"":2,""insertion_rate"":0.008888888888888889}}","{""Morphology"":196,""Novelty"":25}",5,0.9145907473309609,false,27000
42,53,54000,1.5620032779999997,0.033990664,0.031356088,0.001059054,0.001575522,1.683390872,102.74447,22.111893,4508.141468048096,187,0.9739583,51,4.635502145492819,20,0.10695187165775401,"{""10"":2,""3"":20,""4"":2,""5"":53,""6"":55,""7"":30,""8"":21,""9"":4}","{""10"":12,""11"":10,""12"":4,""13"":3,""14"":1,""15"":4,""16"":3,""18"":5,""19"":4,""20"":4,""24"":1,""3"":20,""4"":2,""6"":9,""7"":39,""8"":40,""9"":26}",64,"{""count"":64,""unique_topologies"":64,""topology_entropy_bits"":6.0,""effective_topology_count"":64.0,""triangle_like_count"":0,""triangle_like_fraction"":0.0,""mean_nodes"":7.015625,""mean_muscles"":10.359375,""node_counts"":{""10"":1,""4"":5,""5"":3,""6"":11,""7"":22,""8"":14,""9"":8},""muscle_counts"":{""10"":14,""11"":8,""12"":7,""13"":1,""14"":4,""15"":1,""16"":2,""17"":1,""19"":1,""22"":1,""4"":2,""5"":5,""6"":1,""7"":1,""8"":4,""9"":11}}",166,5.494104749591068,122,0.122,"{""10"":19,""3"":122,""4"":79,""5"":250,""6"":255,""7"":147,""8"":87,""9"":41}","{""10"":49,""11"":65,""12"":31,""13"":16,""14"":9,""15"":12,""16"":16,""17"":8,""18"":29,""19"":19,""20"":13,""21"":3,""22"":1,""24"":3,""25"":3,""3"":122,""4"":48,""5"":61,""6"":49,""7"":178,""8"":155,""9"":110}","{""Diagonal CMA-ES"":{""attempts"":270,""discoveries"":0,""improvements"":0,""insertions"":0,""insertion_rate"":0.0},""Immigrant"":{""attempts"":147,""discoveries"":0,""improvements"":0,""insertions"":0,""insertion_rate"":0.0},""Morphology"":{""attempts"":331,""discoveries"":2,""improvements"":18,""insertions"":20,""insertion_rate"":0.06042296072507553},""Novelty"":{""attempts"":252,""discoveries"":0,""improvements"":1,""insertions"":1,""insertion_rate"":0.003968253968253968}}","{""Morphology"":224,""Novelty"":22}",7,0.9183673469387755,false,28000
42,54,55000,1.5983483209999998,0.036345043,0.033605986,0.001199153,0.001539904,1.722441728,102.74447,22.375826,4543.589969873428,187,0.9739583,52,4.660352860200117,19,0.10160427807486631,"{""10"":1,""3"":19,""4"":2,""5"":53,""6"":55,""7"":30,""8"":23,""9"":4}","{""10"":12,""11"":11,""12"":4,""13"":3,""14"":1,""15"":5,""16"":3,""18"":5,""19"":4,""20"":3,""24"":1,""3"":19,""4"":2,""6"":9,""7"":40,""8"":38,""9"":27}",64,"{""count"":64,""unique_topologies"":64,""topology_entropy_bits"":6.0,""effective_topology_count"":64.0,""triangle_like_count"":0,""triangle_like_fraction"":0.0,""mean_nodes"":7.046875,""mean_muscles"":10.453125,""node_counts"":{""10"":1,""4"":4,""5"":3,""6"":12,""7"":22,""8"":14,""9"":8},""muscle_counts"":{""10"":14,""11"":9,""12"":7,""13"":1,""14"":4,""15"":1,""16"":2,""17"":1,""19"":1,""22"":1,""4"":2,""5"":4,""6"":1,""7"":1,""8"":4,""9"":11}}",153,5.23252660812226,111,0.111,"{""10"":11,""11"":2,""3"":111,""4"":75,""5"":228,""6"":207,""7"":174,""8"":144,""9"":48}","{""10"":98,""11"":59,""12"":18,""13"":5,""14"":9,""15"":11,""16"":13,""17"":3,""18"":35,""19"":15,""20"":7,""21"":5,""22"":2,""24"":3,""27"":1,""3"":111,""4"":53,""5"":39,""6"":34,""7"":177,""8"":201,""9"":101}","{""Diagonal CMA-ES"":{""attempts"":317,""discoveries"":0,""improvements"":0,""insertions"":0,""insertion_rate"":0.0},""Immigrant"":{""attempts"":143,""discoveries"":0,""improvements"":0,""insertions"":0,""insertion_rate"":0.0},""Morphology"":{""attempts"":308,""discoveries"":1,""improvements"":15,""insertions"":16,""insertion_rate"":0.05194805194805195},""Novelty"":{""attempts"":232,""discoveries"":0,""improvements"":0,""insertions"":0,""insertion_rate"":0.0}}","{""Morphology"":197,""Novelty"":29}",1,0.9166666666666666,false,29000
42,55,56000,1.6341484019999999,0.035800081000000004,0.03255168,0.001402179,0.001846222,1.76138098,102.74447,22.515236,4577.716752767563,187,0.9739583,55,4.738498197377054,19,0.10160427807486631,"{""10"":1,""3"":19,""4"":2,""5"":50,""6"":55,""7"":30,""8"":25,""9"":5}","{""10"":12,""11"":14,""12"":4,""13"":4,""14"":1,""15"":5,""16"":3,""18"":5,""19"":4,""20"":3,""24"":1,""3"":19,""4"":2,""6"":6,""7"":40,""8"":37,""9"":27}",64,"{""count"":64,""unique_topologies"":64,""topology_entropy_bits"":6.0,""effective_topology_count"":64.0,""triangle_like_count"":0,""triangle_like_fraction"":0.0,""mean_nodes"":7.125,""mean_muscles"":10.65625,""node_counts"":{""10"":3,""4"":4,""5"":3,""6"":12,""7"":21,""8"":13,""9"":8},""muscle_counts"":{""10"":13,""11"":8,""12"":7,""13"":1,""14"":4,""15"":1,""16"":2,""17"":3,""19"":1,""22"":1,""4"":2,""5"":4,""6"":1,""7"":1,""8"":4,""9"":11}}",166,5.463820939329562,112,0.112,"{""10"":9,""11"":1,""3"":112,""4"":88,""5"":225,""6"":271,""7"":152,""8"":108,""9"":34}","{""10"":55,""11"":60,""12"":22,""13"":11,""14"":14,""15"":18,""16"":14,""17"":5,""18"":36,""19"":14,""20"":8,""21"":3,""22"":6,""25"":1,""3"":112,""4"":48,""5"":55,""6"":39,""7"":177,""8"":138,""9"":164}","{""Diagonal CMA-ES"":{""attempts"":291,""discoveries"":0,""improvements"":0,""insertions"":0,""insertion_rate"":0.0},""Immigrant"":{""attempts"":144,""discoveries"":0,""improvements"":0,""insertions"":0,""insertion_rate"":0.0},""Morphology"":{""attempts"":325,""discoveries"":2,""improvements"":14,""insertions"":16,""insertion_rate"":0.04923076923076923},""Novelty"":{""attempts"":240,""discoveries"":0,""improvements"":3,""insertions"":3,""insertion_rate"":0.0125}}","{""Morphology"":220,""Novelty"":34}",4,0.9180327868852459,false,30000
42,56,57000,1.664393195,0.030244793,0.027802556,0.001064991,0.001377246,1.7941475580000001,102.74447,22.515236,4594.724207639694,187,0.9739583,55,4.742221700460906,18,0.0962566844919786,"{""10"":1,""3"":18,""4"":2,""5"":50,""6"":56,""7"":29,""8"":26,""9"":5}","{""10"":13,""11"":17,""12"":3,""13"":4,""14"":1,""15"":4,""16"":3,""18"":5,""19"":4,""20"":3,""24"":1,""3"":18,""4"":2,""6"":6,""7"":40,""8"":36,""9"":27}",64,"{""count"":64,""unique_topologies"":64,""topology_entropy_bits"":6.0,""effective_topology_count"":64.0,""triangle_like_count"":0,""triangle_like_fraction"":0.0,""mean_nodes"":7.125,""mean_muscles"":10.65625,""node_counts"":{""10"":3,""4"":4,""5"":3,""6"":12,""7"":21,""8"":13,""9"":8},""muscle_counts"":{""10"":13,""11"":8,""12"":7,""13"":1,""14"":4,""15"":1,""16"":2,""17"":3,""19"":1,""22"":1,""4"":2,""5"":4,""6"":1,""7"":1,""8"":4,""9"":11}}",152,5.4460136862263235,141,0.141,"{""10"":14,""11"":8,""3"":141,""4"":68,""5"":253,""6"":228,""7"":133,""8"":120,""9"":35}","{""10"":57,""11"":72,""12"":19,""13"":10,""14"":12,""15"":14,""16"":13,""17"":7,""18"":37,""19"":31,""20"":10,""21"":2,""22"":5,""25"":2,""3"":141,""4"":33,""5"":45,""6"":59,""7"":186,""8"":123,""9"":122}","{""Diagonal CMA-ES"":{""attempts"":309,""discoveries"":0,""improvements"":0,""insertions"":0,""insertion_rate"":0.0},""Immigrant"":{""attempts"":146,""discoveries"":0,""improvements"":0,""insertions"":0,""insertion_rate"":0.0},""Morphology"":{""attempts"":313,""discoveries"":0,""improvements"":9,""insertions"":9,""insertion_rate"":0.02875399361022364},""Novelty"":{""attempts"":232,""discoveries"":0,""improvements"":2,""insertions"":2,""insertion_rate"":0.008620689655172414}}","{""Morphology"":200,""Novelty"":23}",1,0.9166666666666666,false,31000
42,57,58000,1.703566341,0.039173146,0.036331983,0.001070928,0.001770235,1.835825866,102.74447,22.844807,4644.991055727005,187,0.9739583,55,4.7322200012593445,17,0.09090909090909091,"{""10"":1,""3"":17,""4"":2,""5"":51,""6"":55,""7"":30,""8"":26,""9"":5}","{""10"":13,""11"":18,""12"":3,""13"":4,""14"":1,""15"":4,""16"":3,""18"":5,""19"":4,""20"":3,""24"":1,""3"":17,""4"":2,""6"":7,""7"":40,""8"":36,""9"":26}",64,"{""count"":64,""unique_topologies"":64,""topology_entropy_bits"":6.0,""effective_topology_count"":64.0,""triangle_like_count"":0,""triangle_like_fraction"":0.0,""mean_nodes"":7.1875,""mean_muscles"":10.8125,""node_counts"":{""10"":3,""11"":1,""4"":4,""5"":2,""6"":11,""7"":23,""8"":14,""9"":6},""muscle_counts"":{""10"":14,""11"":9,""12"":7,""13"":1,""14"":3,""15"":2,""16"":2,""17"":2,""18"":1,""19"":1,""22"":1,""4"":2,""5"":3,""6"":1,""7"":1,""8"":3,""9"":11}}",154,5.444794795609476,130,0.13,"{""10"":12,""11"":4,""3"":130,""4"":91,""5"":234,""6"":244,""7"":132,""8"":111,""9"":42}","{""10"":50,""11"":93,""12"":18,""13"":17,""14"":11,""15"":12,""16"":8,""17"":2,""18"":31,""19"":23,""20"":7,""21"":7,""22"":1,""24"":5,""3"":130,""4"":61,""5"":53,""6"":48,""7"":168,""8"":136,""9"":119}","{""Diagonal CMA-ES"":{""attempts"":286,""discoveries"":0,""improvements"":0,""insertions"":0,""insertion_rate"":0.0},""Immigrant"":{""attempts"":181,""discoveries"":0,""improvements"":0,""insertions"":0,""insertion_rate"":0.0},""Morphology"":{""attempts"":291,""discoveries"":3,""improvements"":12,""insertions"":15,""insertion_rate"":0.05154639175257732},""Novelty"":{""attempts"":242,""discoveries"":1,""improvements"":0,""insertions"":1,""insertion_rate"":0.004132231404958678}}","{""Morphology"":184,""Novelty"":31}",5,0.9169329073482428,false,32000
42,58,59000,1.738002237,0.034435896,0.031689715,0.001144539,0.001601642,1.8730340619999999,110.43984,22.972347,4783.601016044617,187,0.9739583,55,4.718886005358839,16,0.0855614973262032,"{""3"":16,""4"":1,""5"":51,""6"":58,""7"":26,""8"":30,""9"":5}","{""10"":12,""11"":24,""12"":3,""13"":2,""14"":1,""15"":4,""16"":4,""18"":5,""19"":4,""20"":3,""24"":1,""3"":16,""4"":1,""6"":6,""7"":40,""8"":37,""9"":24}",64,"{""count"":64,""unique_topologies"":64,""topology_entropy_bits"":6.0,""effective_topology_count"":64.0,""triangle_like_count"":0,""triangle_like_fraction"":0.0,""mean_nodes"":7.15625,""mean_muscles"":11.03125,""node_counts"":{""10"":2,""11"":1,""12"":1,""4"":5,""5"":2,""6"":13,""7"":20,""8"":13,""9"":7},""muscle_counts"":{""10"":13,""11"":7,""12"":8,""13"":1,""14"":3,""16"":4,""17"":2,""18"":1,""19"":3,""22"":1,""4"":2,""5"":4,""6"":1,""7"":1,""8"":5,""9"":8}}",171,5.9226153450641785,117,0.117,"{""10"":13,""11"":2,""12"":5,""3"":117,""4"":83,""5"":166,""6"":239,""7"":187,""8"":127,""9"":61}","{""10"":76,""11"":96,""12"":38,""13"":34,""14"":17,""15"":17,""16"":8,""17"":1,""18"":20,""19"":45,""20"":11,""21"":9,""22"":3,""24"":1,""3"":117,""4"":52,""5"":54,""6"":52,""7"":99,""8"":129,""9"":121}","{""Diagonal CMA-ES"":{""attempts"":256,""discoveries"":0,""improvements"":0,""insertions"":0,""insertion_rate"":0.0},""Immigrant"":{""attempts"":164,""discoveries"":0,""improvements"":0,""insertions"":0,""insertion_rate"":0.0},""Morphology"":{""attempts"":323,""discoveries"":15,""improvements"":22,""insertions"":37,""insertion_rate"":0.11455108359133127},""Novelty"":{""attempts"":257,""discoveries"":0,""improvements"":3,""insertions"":3,""insertion_rate"":0.011673151750972763}}","{""Morphology"":218,""Novelty"":37}",15,0.9148264984227129,true,33000
42,59,60000,1.773165935,0.03516369800000001,0.032282167,0.001193217,0.001688314,1.910784845,110.43984,23.93781,4828.47131729126,187,0.9739583,56,4.714746219517799,16,0.0855614973262032,"{""3"":16,""4"":1,""5"":54,""6"":54,""7"":27,""8"":28,""9"":7}","{""10"":11,""11"":22,""12"":3,""13"":3,""14"":2,""15"":5,""16"":4,""18"":5,""19"":4,""20"":3,""24"":1,""3"":16,""4"":1,""6"":7,""7"":42,""8"":36,""9"":22}",64,"{""count"":64,""unique_topologies"":64,""topology_entropy_bits"":6.0,""effective_topology_count"":64.0,""triangle_like_count"":0,""triangle_like_fraction"":0.0,""mean_nodes"":7.15625,""mean_muscles"":11.125,""node_counts"":{""10"":1,""11"":1,""12"":1,""4"":4,""5"":2,""6"":13,""7"":21,""8"":15,""9"":6},""muscle_counts"":{""10"":12,""11"":6,""12"":9,""13"":2,""14"":5,""15"":1,""16"":4,""17"":1,""18"":1,""19"":2,""22"":1,""4"":2,""5"":3,""6"":1,""7"":1,""8"":5,""9"":8}}",161,5.532528844973909,82,0.082,"{""10"":4,""12"":1,""13"":1,""3"":82,""4"":82,""5"":317,""6"":215,""7"":132,""8"":113,""9"":53}","{""10"":87,""11"":89,""12"":28,""13"":17,""14"":19,""15"":13,""16"":10,""17"":5,""18"":10,""19"":21,""20"":13,""21"":3,""24"":1,""25"":3,""26"":1,""3"":82,""4"":56,""5"":62,""6"":43,""7"":207,""8"":141,""9"":89}","{""Diagonal CMA-ES"":{""attempts"":296,""discoveries"":0,""improvements"":0,""insertions"":0,""insertion_rate"":0.0},""Immigrant"":{""attempts"":171,""discoveries"":0,""improvements"":0,""insertions"":0,""insertion_rate"":0.0},""Morphology"":{""attempts"":307,""discoveries"":5,""improvements"":19,""insertions"":24,""insertion_rate"":0.0781758957654723},""Novelty"":{""attempts"":226,""discoveries"":0,""improvements"":1,""insertions"":1,""insertion_rate"":0.004424778761061947}}","{""Morphology"":190,""Novelty"":23}",7,0.9150943396226415,false,1000
42,60,61000,1.80772887,0.034562935,0.031714648,0.001136228,0.001712059,1.948509508,110.43984,24.62008,4897.498394370079,187,0.9739583,56,4.702956219253088,15,0.08021390374331551,"{""3"":15,""4"":1,""5"":54,""6"":55,""7"":28,""8"":27,""9"":7}","{""10"":9,""11"":22,""12"":4,""13"":3,""14"":3,""15"":4,""16"":4,""18"":6,""19"":4,""20"":3,""24"":1,""3"":15,""4"":1,""6"":6,""7"":43,""8"":36,""9"":23}",64,"{""count"":64,""unique_topologies"":64,""topology_entropy_bits"":6.0,""effective_topology_count"":64.0,""triangle_like_count"":0,""triangle_like_fraction"":0.0,""mean_nodes"":7.125,""mean_muscles"":11.28125,""node_counts"":{""11"":1,""12"":1,""4"":4,""5"":2,""6"":13,""7"":22,""8"":14,""9"":7},""muscle_counts"":{""10"":10,""11"":6,""12"":9,""13"":2,""14"":7,""15"":1,""16"":4,""18"":1,""19"":3,""22"":1,""4"":2,""5"":3,""6"":1,""7"":1,""8"":5,""9"":8}}",154,5.770124151149688,102,0.102,"{""10"":4,""13"":2,""3"":102,""4"":79,""5"":197,""6"":241,""7"":174,""8"":148,""9"":53}","{""10"":56,""11"":137,""12"":41,""13"":22,""14"":27,""15"":26,""16"":17,""17"":6,""18"":14,""19"":31,""20"":8,""21"":4,""22"":4,""24"":4,""25"":1,""3"":102,""4"":53,""5"":50,""6"":51,""7"":110,""8"":148,""9"":88}","{""Diagonal CMA-ES"":{""attempts"":286,""discoveries"":0,""improvements"":0,""insertions"":0,""insertion_rate"":0.0},""Immigrant"":{""attempts"":150,""discoveries"":0,""improvements"":0,""insertions"":0,""insertion_rate"":0.0},""Morphology"":{""attempts"":310,""discoveries"":7,""improvements"":23,""insertions"":30,""insertion_rate"":0.0967741935483871},""Novelty"":{""attempts"":254,""discoveries"":0,""improvements"":0,""insertions"":0,""insertion_rate"":0.0}}","{""Morphology"":199,""Novelty"":28}",6,0.9164086687306502,false,2000
42,61,62000,1.84238916,0.034660289999999996,0.031948541,0.001119606,0.001592143,1.9857497610000001,128.23595,25.538845,5054.9298239946365,187,0.9739583,55,4.66138353053615,16,0.0855614973262032,"{""3"":16,""4"":1,""5"":53,""6"":59,""7"":24,""8"":27,""9"":7}","{""10"":8,""11"":23,""12"":4,""13"":3,""14"":3,""15"":4,""16"":4,""18"":6,""19"":3,""20"":3,""24"":2,""3"":16,""4"":1,""6"":6,""7"":42,""8"":37,""9"":22}",64,"{""count"":64,""unique_topologies"":64,""topology_entropy_bits"":6.0,""effective_topology_count"":64.0,""triangle_like_count"":0,""triangle_like_fraction"":0.0,""mean_nodes"":7.203125,""mean_muscles"":11.5,""node_counts"":{""11"":1,""12"":1,""4"":4,""5"":2,""6"":12,""7"":21,""8"":14,""9"":9},""muscle_counts"":{""10"":10,""11"":4,""12"":9,""13"":2,""14"":7,""15"":1,""16"":4,""17"":1,""18"":1,""19"":3,""20"":1,""22"":1,""4"":2,""5"":3,""6"":1,""7"":1,""8"":6,""9"":7}}",159,5.742643204646717,88,0.088,"{""10"":7,""3"":88,""4"":74,""5"":161,""6"":272,""7"":234,""8"":101,""9"":63}","{""10"":50,""11"":150,""12"":75,""13"":20,""14"":59,""15"":9,""16"":11,""17"":8,""18"":20,""19"":28,""20"":12,""21"":3,""22"":4,""23"":1,""24"":3,""25"":2,""26"":1,""3"":88,""4"":47,""5"":45,""6"":53,""7"":91,""8"":112,""9"":108}","{""Diagonal CMA-ES"":{""attempts"":283,""discoveries"":0,""improvements"":0,""insertions"":0,""insertion_rate"":0.0},""Immigrant"":{""attempts"":144,""discoveries"":0,""improvements"":0,""insertions"":0,""insertion_rate"":0.0},""Morphology"":{""attempts"":313,""discoveries"":3,""improvements"":19,""insertions"":22,""insertion_rate"":0.07028753993610223},""Novelty"":{""attempts"":260,""discoveries"":0,""improvements"":1,""insertions"":1,""insertion_rate"":0.0038461538461538464}}","{""Morphology"":204,""Novelty"":34}",3,0.9201183431952663,true,3000
42,62,63000,1.874104994,0.031715834,0.028918601,0.00109586,0.001701373,2.020136977,128.23595,25.538845,5067.123400807381,187,0.9739583,52,4.616653434404596,16,0.0855614973262032,"{""3"":16,""4"":1,""5"":53,""6"":59,""7"":26,""8"":28,""9"":4}","{""10"":8,""11"":24,""12"":3,""13"":2,""14"":2,""15"":4,""16"":4,""18"":6,""19"":3,""20"":3,""24"":2,""3"":16,""4"":1,""6"":6,""7"":42,""8"":37,""9"":24}",64,"{""count"":64,""unique_topologies"":64,""topology_entropy_bits"":6.0,""effective_topology_count"":64.0,""triangle_like_count"":0,""triangle_like_fraction"":0.0,""mean_nodes"":7.203125,""mean_muscles"":11.5,""node_counts"":{""11"":1,""12"":1,""4"":4,""5"":2,""6"":12,""7"":21,""8"":14,""9"":9},""muscle_counts"":{""10"":10,""11"":4,""12"":9,""13"":2,""14"":7,""15"":1,""16"":4,""17"":1,""18"":1,""19"":3,""20"":1,""22"":1,""4"":2,""5"":3,""6"":1,""7"":1,""8"":6,""9"":7}}",157,5.521998102648578,108,0.108,"{""10"":10,""3"":108,""4"":86,""5"":180,""6"":321,""7"":138,""8"":111,""9"":46}","{""10"":39,""11"":102,""12"":30,""13"":15,""14"":26,""15"":15,""16"":18,""17"":1,""18"":19,""19"":26,""20"":9,""21"":5,""22"":1,""24"":7,""25"":2,""3"":108,""4"":64,""5"":40,""6"":45,""7"":94,""8"":131,""9"":203}","{""Diagonal CMA-ES"":{""attempts"":303,""discoveries"":0,""improvements"":0,""insertions"":0,""insertion_rate"":0.0},""Immigrant"":{""attempts"":163,""discoveries"":0,""improvements"":0,""insertions"":0,""insertion_rate"":0.0},""Morphology"":{""attempts"":295,""discoveries"":0,""improvements"":10,""insertions"":10,""insertion_rate"":0.03389830508474576},""Novelty"":{""attempts"":239,""discoveries"":0,""improvements"":0,""insertions"":0,""insertion_rate"":0.0}}","{""Morphology"":190,""Novelty"":30}",1,0.9188405797101449,false,1000
42,63,64000,1.911431917,0.037326923000000005,0.034545124,0.001174221,0.001607578,2.060736047,132.82825,26.047077,5197.220814108849,187,0.9739583,51,4.592560565854846,17,0.09090909090909091,"{""3"":17,""4"":1,""5"":52,""6"":59,""7"":27,""8"":27,""9"":4}","{""10"":7,""11"":25,""12"":3,""13"":2,""14"":1,""15"":5,""16"":3,""18"":6,""19"":3,""20"":3,""24"":2,""3"":17,""4"":1,""6"":6,""7"":41,""8"":37,""9"":25}",64,"{""count"":64,""unique_topologies"":64,""topology_entropy_bits"":6.0,""effective_topology_count"":64.0,""triangle_like_count"":0,""triangle_like_fraction"":0.0,""mean_nodes"":7.171875,""mean_muscles"":11.5625,""node_counts"":{""11"":1,""12"":1,""4"":4,""5"":3,""6"":12,""7"":20,""8"":14,""9"":9},""muscle_counts"":{""10"":9,""11"":2,""12"":10,""13"":2,""14"":7,""15"":1,""16"":5,""17"":1,""18"":1,""19"":3,""20"":1,""22"":1,""4"":2,""5"":3,""6"":1,""7"":1,""8"":7,""9"":7}}",160,5.869551442753354,95,0.095,"{""10"":6,""12"":1,""3"":95,""4"":65,""5"":174,""6"":272,""7"":194,""8"":143,""9"":50}","{""10"":52,""11"":100,""12"":54,""13"":20,""14"":16,""15"":12,""16"":14,""17"":5,""18"":19,""19"":32,""20"":11,""21"":1,""22"":3,""24"":11,""25"":3,""26"":2,""3"":95,""4"":40,""5"":42,""6"":52,""7"":105,""8"":147,""9"":164}","{""Diagonal CMA-ES"":{""attempts"":294,""discoveries"":0,""improvements"":1,""insertions"":1,""insertion_rate"":0.003401360544217687},""Immigrant"":{""attempts"":130,""discoveries"":0,""improvements"":0,""insertions"":0,""insertion_rate"":0.0},""Morphology"":{""attempts"":309,""discoveries"":3,""improvements"":10,""insertions"":13,""insertion_rate"":0.042071197411003236},""Novelty"":{""attempts"":267,""discoveries"":0,""improvements"":0,""insertions"":0,""insertion_rate"":0.0}}","{""Morphology"":197,""Novelty"":36}",3,0.9202279202279202,true,2000
42,64,65000,1.94896899,0.037537073,0.034834821,0.001078051,0.001624201,2.100716544,132.82825,26.592663,5246.947521567345,187,0.9739583,51,4.618488437803737,16,0.0855614973262032,"{""3"":16,""4"":1,""5"":49,""6"":62,""7"":29,""8"":26,""9"":4}","{""10"":7,""11"":24,""12"":3,""13"":2,""14"":1,""15"":5,""16"":3,""18"":6,""19"":3,""20"":3,""24"":2,""3"":16,""4"":1,""6"":6,""7"":39,""8"":36,""9"":30}",64,"{""count"":64,""unique_topologies"":64,""topology_entropy_bits"":6.0,""effective_topology_count"":64.0,""triangle_like_count"":0,""triangle_like_fraction"":0.0,""mean_nodes"":7.1875,""mean_muscles"":11.65625,""node_counts"":{""11"":1,""12"":1,""4"":4,""5"":3,""6"":12,""7"":19,""8"":15,""9"":9},""muscle_counts"":{""10"":9,""11"":2,""12"":11,""13"":2,""14"":6,""15"":1,""16"":5,""17"":2,""18"":1,""19"":3,""20"":1,""22"":1,""4"":2,""5"":3,""6"":1,""7"":1,""8"":7,""9"":6}}",158,5.416131902087255,127,0.127,"{""10"":7,""13"":1,""3"":127,""4"":70,""5"":248,""6"":252,""7"":134,""8"":117,""9"":44}","{""10"":28,""11"":108,""12"":45,""13"":17,""14"":13,""15"":9,""16"":10,""17"":6,""18"":29,""19"":13,""20"":14,""21"":3,""22"":5,""23"":2,""24"":6,""25"":2,""3"":127,""4"":39,""5"":55,""6"":46,""7"":174,""8"":124,""9"":125}","{""Diagonal CMA-ES"":{""attempts"":301,""discoveries"":0,""improvements"":0,""insertions"":0,""insertion_rate"":0.0},""Immigrant"":{""attempts"":135,""discoveries"":0,""improvements"":0,""insertions"":0,""insertion_rate"":0.0},""Morphology"":{""attempts"":298,""discoveries"":2,""improvements"":18,""insertions"":20,""insertion_rate"":0.06711409395973154},""Novelty"":{""attempts"":266,""discoveries"":0,""improvements"":0,""insertions"":0,""insertion_rate"":0.0}}","{""Morphology"":202,""Novelty"":34}",2,0.9209039548022598,false,1000
42,65,66000,1.983109253,0.034140263,0.03153893,0.001263267,0.001338066,2.137475948,132.82825,26.592663,5248.404896140099,187,0.9739583,51,4.620163494912562,17,0.09090909090909091,"{""3"":17,""4"":1,""5"":49,""6"":61,""7"":29,""8"":26,""9"":4}","{""10"":7,""11"":24,""12"":3,""13"":2,""14"":1,""15"":5,""16"":3,""18"":6,""19"":3,""20"":3,""24"":2,""3"":17,""4"":1,""6"":6,""7"":39,""8"":36,""9"":29}",64,"{""count"":64,""unique_topologies"":64,""topology_entropy_bits"":6.0,""effective_topology_count"":64.0,""triangle_like_count"":0,""triangle_like_fraction"":0.0,""mean_nodes"":7.21875,""mean_muscles"":11.734375,""node_counts"":{""11"":1,""12"":1,""4"":4,""5"":3,""6"":12,""7"":18,""8"":15,""9"":10},""muscle_counts"":{""10"":9,""11"":2,""12"":11,""13"":2,""14"":7,""15"":1,""16"":5,""17"":2,""18"":1,""19"":3,""20"":1,""22"":1,""4"":2,""5"":3,""6"":1,""7"":1,""8"":7,""9"":5}}",164,5.539221211118433,117,0.117,"{""10"":12,""3"":117,""4"":91,""5"":246,""6"":247,""7"":140,""8"":99,""9"":48}","{""10"":40,""11"":100,""12"":25,""13"":15,""14"":21,""15"":6,""16"":18,""17"":6,""18"":30,""19"":14,""20"":10,""21"":4,""22"":1,""24"":6,""25"":3,""26"":2,""3"":117,""4"":56,""5"":56,""6"":54,""7"":142,""8"":139,""9"":135}","{""Diagonal CMA-ES"":{""attempts"":270,""discoveries"":0,""improvements"":0,""insertions"":0,""insertion_rate"":0.0},""Immigrant"":{""attempts"":159,""discoveries"":0,""improvements"":0,""insertions"":0,""insertion_rate"":0.0},""Morphology"":{""attempts"":318,""discoveries"":1,""improvements"":4,""insertions"":5,""insertion_rate"":0.015723270440251572},""Novelty"":{""attempts"":253,""discoveries"":0,""improvements"":1,""insertions"":1,""insertion_rate"":0.003952569169960474}}","{""Morphology"":225,""Novelty"":34}",1,0.9211267605633803,false,2000
42,66,67000,2.017777857,0.034668604000000006,0.031756204,0.001351125,0.001561275,2.174982153,132.82825,27.157598,5279.75919854641,187,0.9739583,51,4.616907437100152,16,0.0855614973262032,"{""3"":16,""4"":1,""5"":49,""6"":62,""7"":30,""8"":25,""9"":4}","{""10"":7,""11"":23,""12"":3,""13"":2,""14"":2,""15"":5,""16"":3,""18"":6,""19"":3,""20"":3,""24"":2,""3"":16,""4"":1,""6"":6,""7"":40,""8"":36,""9"":29}",64,"{""count"":64,""unique_topologies"":64,""topology_entropy_bits"":6.0,""effective_topology_count"":64.0,""triangle_like_count"":0,""triangle_like_fraction"":0.0,""mean_nodes"":7.09375,""mean_muscles"":11.5,""node_counts"":{""11"":1,""12"":1,""4"":5,""5"":3,""6"":14,""7"":17,""8"":14,""9"":9},""muscle_counts"":{""10"":9,""11"":4,""12"":10,""13"":1,""14"":7,""15"":2,""16"":3,""17"":2,""18"":1,""19"":3,""20"":1,""22"":1,""4"":2,""5"":4,""6"":1,""7"":1,""8"":7,""9"":5}}",146,4.939415741283474,195,0.195,"{""10"":7,""13"":1,""3"":195,""4"":107,""5"":280,""6"":230,""7"":90,""8"":58,""9"":32}","{""10"":26,""11"":65,""12"":22,""13"":14,""14"":13,""15"":14,""16"":11,""17"":5,""18"":16,""19"":6,""20"":8,""21"":2,""22"":1,""24"":2,""25"":1,""3"":195,""4"":68,""5"":62,""6"":39,""7"":170,""8"":144,""9"":116}","{""Diagonal CMA-ES"":{""attempts"":299,""discoveries"":0,""improvements"":0,""insertions"":0,""insertion_rate"":0.0},""Immigrant"":{""attempts"":141,""discoveries"":0,""improvements"":0,""insertions"":0,""insertion_rate"":0.0},""Morphology"":{""attempts"":307,""discoveries"":1,""improvements"":14,""insertions"":15,""insertion_rate"":0.048859934853420196},""Novelty"":{""attempts"":253,""discoveries"":3,""improvements"":1,""insertions"":4,""insertion_rate"":0.015810276679841896}}","{""Morphology"":206,""Novelty"":45}",2,0.9217877094972067,false,3000
42,67,68000,2.054232132,0.036454275,0.033420772,0.001105358,0.001928145,2.2137539999999998,132.82825,27.173712,5318.435540556908,187,0.9739583,51,4.613367608692453,17,0.09090909090909091,"{""3"":17,""4"":1,""5"":49,""6"":61,""7"":30,""8"":25,""9"":4}","{""10"":7,""11"":24,""12"":3,""13"":2,""14"":2,""15"":5,""16"":3,""18"":6,""19"":3,""20"":3,""24"":2,""3"":17,""4"":1,""6"":6,""7"":40,""8"":36,""9"":27}",64,"{""count"":64,""unique_topologies"":64,""topology_entropy_bits"":6.0,""effective_topology_count"":64.0,""triangle_like_count"":0,""triangle_like_fraction"":0.0,""mean_nodes"":7.171875,""mean_muscles"":11.734375,""node_counts"":{""10"":1,""11"":1,""12"":1,""4"":5,""5"":3,""6"":13,""7"":16,""8"":15,""9"":9},""muscle_counts"":{""10"":8,""11"":3,""12"":11,""13"":1,""14"":7,""15"":2,""16"":3,""17"":2,""18"":1,""19"":3,""20"":1,""22"":1,""24"":1,""4"":2,""5"":4,""6"":1,""7"":1,""8"":7,""9"":5}}",145,5.203439213086586,131,0.131,"{""10"":4,""3"":131,""4"":89,""5"":298,""6"":244,""7"":110,""8"":90,""9"":34}","{""10"":27,""11"":91,""12"":28,""13"":7,""14"":18,""15"":12,""16"":12,""17"":4,""18"":34,""19"":12,""20"":6,""21"":2,""22"":2,""24"":4,""25"":2,""26"":1,""3"":131,""4"":55,""5"":57,""6"":40,""7"":185,""8"":163,""9"":107}","{""Diagonal CMA-ES"":{""attempts"":337,""discoveries"":0,""improvements"":0,""insertions"":0,""insertion_rate"":0.0},""Immigrant"":{""attempts"":156,""discoveries"":0,""improvements"":0,""insertions"":0,""insertion_rate"":0.0},""Morphology"":{""attempts"":295,""discoveries"":2,""improvements"":7,""insertions"":9,""insertion_rate"":0.030508474576271188},""Novelty"":{""attempts"":212,""discoveries"":0,""improvements"":1,""insertions"":1,""insertion_rate"":0.0047169811320754715}}","{""Morphology"":201,""Novelty"":24}",2,0.9222222222222223,false,4000
42,68,69000,2.089978787,0.035746654999999995,0.032776078,0.001189656,0.001780921,2.252163727,132.82825,27.173712,5340.859588503838,187,0.9739583,51,4.587056800895274,17,0.09090909090909091,"{""3"":17,""4"":1,""5"":49,""6"":61,""7"":31,""8"":25,""9"":3}","{""10"":7,""11"":24,""12"":3,""13"":2,""14"":2,""15"":5,""16"":3,""18"":6,""19"":4,""20"":3,""24"":1,""3"":17,""4"":1,""6"":6,""7"":41,""8"":34,""9"":28}",64,"{""count"":64,""unique_topologies"":64,""topology_entropy_bits"":6.0,""effective_topology_count"":64.0,""triangle_like_count"":0,""triangle_like_fraction"":0.0,""mean_nodes"":7.15625,""mean_muscles"":11.640625,""node_counts"":{""10"":2,""12"":1,""4"":5,""5"":2,""6"":13,""7"":17,""8"":17,""9"":7},""muscle_counts"":{""10"":8,""11"":2,""12"":12,""13"":2,""14"":7,""15"":3,""16"":3,""17"":2,""19"":2,""21"":1,""22"":1,""24"":1,""4"":2,""5"":4,""6"":1,""7"":1,""8"":6,""9"":6}}",165,5.40132777013879,139,0.139,"{""10"":13,""11"":5,""12"":1,""3"":139,""4"":76,""5"":259,""6"":232,""7"":130,""8"":103,""9"":42}","{""10"":33,""11"":85,""12"":41,""13"":15,""14"":11,""15"":12,""16"":13,""17"":5,""18"":28,""19"":14,""20"":10,""21"":10,""22"":1,""24"":7,""25"":4,""27"":3,""29"":2,""3"":139,""4"":51,""5"":46,""6"":47,""7"":188,""8"":115,""9"":120}","{""Diagonal CMA-ES"":{""attempts"":294,""discoveries"":0,""improvements"":0,""insertions"":0,""insertion_rate"":0.0},""Immigrant"":{""attempts"":145,""discoveries"":0,""improvements"":0,""insertions"":0,""insertion_rate"":0.0},""Morphology"":{""attempts"":304,""discoveries"":7,""improvements"":10,""insertions"":17,""insertion_rate"":0.05592105263157895},""Novelty"":{""attempts"":257,""discoveries"":0,""improvements"":1,""insertions"":1,""insertion_rate"":0.0038910505836575876}}","{""Morphology"":216,""Novelty"":40}",7,0.9224376731301939,false,5000
42,69,70000,2.125015449,0.035036662,0.032007908,0.001060242,0.001968512,2.289944195,132.82825,27.173712,5371.7539356946945,187,0.9739583,51,4.532397416036749,17,0.09090909090909091,"{""3"":17,""4"":1,""5"":51,""6"":60,""7"":30,""8"":25,""9"":3}","{""10"":7,""11"":23,""12"":3,""13"":2,""14"":2,""15"":5,""16"":3,""18"":6,""19"":4,""20"":3,""24"":1,""3"":17,""4"":1,""6"":6,""7"":43,""8"":34,""9"":27}",64,"{""count"":64,""unique_topologies"":64,""topology_entropy_bits"":6.0,""effective_topology_count"":64.0,""triangle_like_count"":0,""triangle_like_fraction"":0.0,""mean_nodes"":7.15625,""mean_muscles"":11.640625,""node_counts"":{""10"":2,""12"":1,""4"":5,""5"":2,""6"":13,""7"":17,""8"":17,""9"":7},""muscle_counts"":{""10"":8,""11"":2,""12"":12,""13"":2,""14"":7,""15"":3,""16"":3,""17"":2,""19"":2,""21"":1,""22"":1,""24"":1,""4"":2,""5"":4,""6"":1,""7"":1,""8"":6,""9"":6}}",155,5.7725805596789135,117,0.117,"{""10"":4,""11"":4,""3"":117,""4"":85,""5"":169,""6"":236,""7"":199,""8"":127,""9"":59}","{""10"":48,""11"":94,""12"":47,""13"":37,""14"":27,""15"":15,""16"":9,""17"":2,""18"":18,""19"":36,""20"":13,""21"":5,""22"":1,""23"":1,""24"":14,""25"":3,""26"":2,""3"":117,""4"":52,""5"":50,""6"":52,""7"":95,""8"":127,""9"":135}","{""Diagonal CMA-ES"":{""attempts"":308,""discoveries"":0,""improvements"":0,""insertions"":0,""insertion_rate"":0.0},""Immigrant"":{""attempts"":138,""discoveries"":0,""improvements"":0,""insertions"":0,""insertion_rate"":0.0},""Morphology"":{""attempts"":316,""discoveries"":0,""improvements"":11,""insertions"":11,""insertion_rate"":0.03481012658227848},""Novelty"":{""attempts"":238,""discoveries"":0,""improvements"":2,""insertions"":2,""insertion_rate"":0.008403361344537815}}","{""Morphology"":206,""Novelty"":35}",0,0.9228650137741047,false,6000
42,70,71000,2.159052419,0.03403697,0.031364401,0.001028185,0.001644384,2.326184759,132.82825,27.173712,5401.409836649895,187,0.9739583,50,4.510731814225862,18,0.0962566844919786,"{""3"":18,""4"":1,""5"":51,""6"":59,""7"":30,""8"":25,""9"":3}","{""10"":7,""11"":24,""12"":3,""13"":2,""14"":2,""15"":5,""16"":3,""18"":6,""19"":4,""20"":3,""24"":1,""3"":18,""4"":1,""6"":6,""7"":43,""8"":32,""9"":27}",64,"{""count"":64,""unique_topologies"":64,""topology_entropy_bits"":6.0,""effective_topology_count"":64.0,""triangle_like_count"":0,""triangle_like_fraction"":0.0,""mean_nodes"":7.234375,""mean_muscles"":11.859375,""node_counts"":{""10"":2,""12"":1,""4"":5,""5"":2,""6"":11,""7"":18,""8"":16,""9"":9},""muscle_counts"":{""10"":8,""11"":2,""12"":13,""13"":4,""14"":7,""15"":2,""16"":3,""17"":2,""18"":1,""19"":2,""20"":1,""21"":1,""24"":1,""4"":2,""5"":4,""6"":1,""7"":1,""8"":4,""9"":5}}",157,5.360693116507644,82,0.082,"{""10"":7,""11"":2,""3"":82,""4"":86,""5"":322,""6"":239,""7"":125,""8"":90,""9"":47}","{""10"":31,""11"":71,""12"":35,""13"":18,""14"":22,""15"":15,""16"":14,""17"":4,""18"":17,""19"":14,""20"":10,""21"":4,""22"":1,""24"":7,""25"":2,""3"":82,""4"":55,""5"":52,""6"":36,""7"":238,""8"":165,""9"":107}","{""Diagonal CMA-ES"":{""attempts"":313,""discoveries"":0,""improvements"":0,""insertions"":0,""insertion_rate"":0.0},""Immigrant"":{""attempts"":139,""discoveries"":0,""improvements"":0,""insertions"":0,""insertion_rate"":0.0},""Morphology"":{""attempts"":305,""discoveries"":6,""improvements"":8,""insertions"":14,""insertion_rate"":0.04590163934426229},""Novelty"":{""attempts"":243,""discoveries"":0,""improvements"":0,""insertions"":0,""insertion_rate"":0.0}}","{""Morphology"":206,""Novelty"":33}",6,0.9232876712328767,false,7000
42,71,72000,2.191487748,0.032435329,0.029706957,0.001032935,0.001695437,2.360840304,132.82825,27.744864,5418.653582215309,187,0.9739583,50,4.510312118348059,18,0.0962566844919786,"{""3"":18,""4"":1,""5"":50,""6"":60,""7"":31,""8"":24,""9"":3}","{""10"":7,""11"":24,""12"":4,""13"":2,""14"":2,""15"":5,""16"":3,""18"":6,""19"":3,""20"":3,""24"":1,""3"":18,""4"":1,""6"":6,""7"":42,""8"":31,""9"":29}",64,"{""count"":64,""unique_topologies"":64,""topology_entropy_bits"":6.0,""effective_topology_count"":64.0,""triangle_like_count"":0,""triangle_like_fraction"":0.0,""mean_nodes"":7.21875,""mean_muscles"":11.890625,""node_counts"":{""10"":2,""12"":1,""4"":5,""5"":2,""6"":11,""7"":18,""8"":17,""9"":8},""muscle_counts"":{""10"":8,""11"":2,""12"":13,""13"":3,""14"":7,""15"":3,""16"":3,""17"":2,""18"":1,""19"":2,""20"":1,""21"":1,""24"":1,""4"":2,""5"":4,""6"":1,""7"":1,""8"":4,""9"":5}}",148,5.747559938418336,109,0.109,"{""10"":17,""3"":109,""4"":98,""5"":186,""6"":236,""7"":188,""8"":123,""9"":43}","{""10"":47,""11"":89,""12"":47,""13"":23,""14"":24,""15"":24,""16"":4,""17"":4,""18"":13,""19"":41,""20"":12,""21"":7,""22"":1,""23"":1,""24"":8,""25"":4,""28"":1,""3"":109,""4"":68,""5"":56,""6"":51,""7"":104,""8"":122,""9"":140}","{""Diagonal CMA-ES"":{""attempts"":307,""discoveries"":0,""improvements"":0,""insertions"":0,""insertion_rate"":0.0},""Immigrant"":{""attempts"":149,""discoveries"":0,""improvements"":0,""insertions"":0,""insertion_rate"":0.0},""Morphology"":{""attempts"":302,""discoveries"":1,""improvements"":7,""insertions"":8,""insertion_rate"":0.026490066225165563},""Novelty"":{""attempts"":242,""discoveries"":0,""improvements"":1,""insertions"":1,""insertion_rate"":0.004132231404958678}}","{""Morphology"":202,""Novelty"":36}",1,0.9193548387096774,false,8000
42,72,73000,2.2201558340000003,0.028668086,0.026292337,0.000981881,0.001393868,2.391829524,132.82825,27.744864,5437.90348637104,187,0.9739583,50,4.511275305576886,18,0.0962566844919786,"{""3"":18,""4"":1,""5"":51,""6"":59,""7"":31,""8"":24,""9"":3}","{""10"":7,""11"":25,""12"":4,""13"":2,""14"":2,""15"":5,""16"":3,""18"":6,""19"":3,""20"":3,""24"":1,""3"":18,""4"":1,""6"":6,""7"":43,""8"":30,""9"":28}",64,"{""count"":64,""unique_topologies"":64,""topology_entropy_bits"":6.0,""effective_topology_count"":64.0,""triangle_like_count"":0,""triangle_like_fraction"":0.0,""mean_nodes"":7.28125,""mean_muscles"":12.03125,""node_counts"":{""10"":2,""12"":1,""4"":5,""5"":2,""6"":11,""7"":17,""8"":15,""9"":11},""muscle_counts"":{""10"":7,""11"":1,""12"":13,""13"":3,""14"":7,""15"":3,""16"":4,""17"":2,""18"":1,""19"":3,""20"":2,""21"":1,""4"":2,""5"":4,""6"":1,""7"":1,""8"":5,""9"":4}}",149,5.569363248997754,92,0.092,"{""10"":8,""11"":1,""3"":92,""4"":82,""5"":147,""6"":300,""7"":158,""8"":175,""9"":37}","{""10"":46,""11"":87,""12"":39,""13"":13,""14"":18,""15"":21,""16"":17,""17"":1,""18"":88,""19"":16,""20"":9,""21"":2,""22"":1,""23"":1,""24"":11,""25"":1,""27"":1,""3"":92,""4"":49,""5"":55,""6"":41,""7"":80,""8"":172,""9"":139}","{""Diagonal CMA-ES"":{""attempts"":288,""discoveries"":0,""improvements"":1,""insertions"":1,""insertion_rate"":0.003472222222222222},""Immigrant"":{""attempts"":142,""discoveries"":0,""improvements"":0,""insertions"":0,""insertion_rate"":0.0},""Morphology"":{""attempts"":308,""discoveries"":5,""improvements"":5,""insertions"":10,""insertion_rate"":0.032467532467532464},""Novelty"":{""attempts"":262,""discoveries"":0,""improvements"":0,""insertions"":0,""insertion_rate"":0.0}}","{""Morphology"":208,""Novelty"":29}",5,0.9193548387096774,false,9000
42,73,74000,2.2496894480000003,0.029533614,0.027299151,0.000984256,0.001250207,2.4234859970000002,132.82825,27.744864,5458.600937008858,187,0.9739583,49,4.507998889656972,19,0.10160427807486631,"{""3"":19,""4"":1,""5"":51,""6"":57,""7"":32,""8"":24,""9"":3}","{""10"":8,""11"":25,""12"":4,""13"":2,""14"":3,""15"":5,""16"":3,""18"":6,""19"":3,""20"":3,""24"":1,""3"":19,""4"":1,""6"":6,""7"":43,""8"":29,""9"":26}",64,"{""count"":64,""unique_topologies"":64,""topology_entropy_bits"":6.0,""effective_topology_count"":64.0,""triangle_like_count"":0,""triangle_like_fraction"":0.0,""mean_nodes"":7.28125,""mean_muscles"":12.046875,""node_counts"":{""10"":2,""12"":1,""4"":5,""5"":2,""6"":11,""7"":17,""8"":15,""9"":11},""muscle_counts"":{""10"":7,""11"":1,""12"":13,""13"":3,""14"":6,""15"":4,""16"":4,""17"":2,""18"":1,""19"":3,""20"":2,""21"":1,""4"":2,""5"":4,""6"":1,""7"":1,""8"":5,""9"":4}}",165,5.517584046664065,147,0.147,"{""10"":22,""11"":4,""3"":147,""4"":67,""5"":209,""6"":235,""7"":139,""8"":127,""9"":50}","{""10"":27,""11"":124,""12"":34,""13"":14,""14"":16,""15"":21,""16"":18,""17"":7,""18"":50,""19"":20,""20"":16,""21"":11,""22"":1,""24"":8,""26"":1,""27"":1,""3"":147,""30"":1,""4"":50,""5"":39,""6"":43,""7"":145,""8"":116,""9"":90}","{""Diagonal CMA-ES"":{""attempts"":311,""discoveries"":0,""improvements"":0,""insertions"":0,""insertion_rate"":0.0},""Immigrant"":{""attempts"":147,""discoveries"":0,""improvements"":0,""insertions"":0,""insertion_rate"":0.0},""Morphology"":{""attempts"":292,""discoveries"":1,""improvements"":9,""insertions"":10,""insertion_rate"":0.03424657534246575},""Novelty"":{""attempts"":250,""discoveries"":0,""improvements"":1,""insertions"":1,""insertion_rate"":0.004}}","{""Morphology"":212,""Novelty"":36}",1,0.9206349206349206,false,10000
42,74,75000,2.277439766,0.027750318000000003,0.025446993,0.000953386,0.001349939,2.453353237,132.82825,27.744864,5480.605351567268,187,0.9739583,49,4.4652507538557655,19,0.10160427807486631,"{""3"":19,""4"":1,""5"":50,""6"":60,""7"":30,""8"":24,""9"":3}","{""10"":8,""11"":25,""12"":3,""13"":2,""14"":3,""15"":5,""16"":3,""18"":6,""19"":3,""20"":3,""24"":1,""3"":19,""4"":1,""6"":6,""7"":43,""8"":29,""9"":27}",64,"{""count"":64,""unique_topologies"":64,""topology_entropy_bits"":6.0,""effective_topology_count"":64.0,""triangle_like_count"":0,""triangle_like_fraction"":0.0,""mean_nodes"":7.40625,""mean_muscles"":12.375,""node_counts"":{""10"":2,""13"":1,""4"":5,""5"":1,""6"":10,""7"":16,""8"":17,""9"":12},""muscle_counts"":{""10"":6,""11"":1,""12"":13,""13"":3,""14"":6,""15"":6,""16"":5,""17"":3,""18"":1,""19"":2,""20"":2,""21"":1,""4"":2,""5"":3,""6"":1,""7"":1,""8"":4,""9"":4}}",155,5.095570064477552,130,0.13,"{""10"":6,""13"":1,""3"":130,""4"":91,""5"":259,""6"":266,""7"":124,""8"":87,""9"":36}","{""10"":45,""11"":91,""12"":24,""13"":10,""14"":15,""15"":20,""16"":15,""17"":5,""18"":34,""19"":9,""20"":10,""21"":6,""22"":1,""23"":2,""24"":3,""26"":1,""3"":130,""4"":58,""5"":47,""6"":36,""7"":212,""8"":136,""9"":90}","{""Diagonal CMA-ES"":{""attempts"":292,""discoveries"":0,""improvements"":0,""insertions"":0,""insertion_rate"":0.0},""Immigrant"":{""attempts"":124,""discoveries"":0,""improvements"":0,""insertions"":0,""insertion_rate"":0.0},""Morphology"":{""attempts"":310,""discoveries"":6,""improvements"":8,""insertions"":14,""insertion_rate"":0.04516129032258064},""Novelty"":{""attempts"":274,""discoveries"":0,""improvements"":2,""insertions"":2,""insertion_rate"":0.0072992700729927005}}","{""Morphology"":210,""Novelty"":45}",6,0.920844327176781,false,11000
42,75,76000,2.308499036,0.03105927,0.028045951,0.001380808,0.001632511,2.486724143,132.82825,27.744864,5499.06625854969,187,0.9739583,49,4.475475194517426,19,0.10160427807486631,"{""3"":19,""4"":1,""5"":49,""6"":60,""7"":31,""8"":23,""9"":4}","{""10"":8,""11"":26,""12"":3,""13"":2,""14"":3,""15"":5,""16"":3,""18"":6,""19"":3,""20"":3,""24"":1,""3"":19,""4"":1,""6"":6,""7"":42,""8"":29,""9"":27}",64,"{""count"":64,""unique_topologies"":64,""topology_entropy_bits"":6.0,""effective_topology_count"":64.0,""triangle_like_count"":0,""triangle_like_fraction"":0.0,""mean_nodes"":7.4375,""mean_muscles"":12.4375,""node_counts"":{""10"":3,""13"":1,""4"":5,""5"":1,""6"":10,""7"":16,""8"":16,""9"":12},""muscle_counts"":{""10"":6,""11"":1,""12"":13,""13"":2,""14"":6,""15"":6,""16"":5,""17"":4,""18"":1,""19"":2,""20"":2,""21"":1,""4"":2,""5"":3,""6"":1,""7"":1,""8"":4,""9"":4}}",160,5.426391155870283,136,0.136,"{""10"":17,""13"":1,""14"":6,""3"":136,""4"":91,""5"":222,""6"":227,""7"":141,""8"":106,""9"":53}","{""10"":43,""11"":107,""12"":23,""13"":13,""14"":17,""15"":28,""16"":20,""17"":4,""18"":43,""19"":20,""20"":19,""21"":12,""22"":4,""23"":1,""24"":5,""25"":2,""26"":1,""3"":136,""4"":63,""5"":51,""6"":42,""7"":159,""8"":98,""9"":89}","{""Diagonal CMA-ES"":{""attempts"":287,""discoveries"":0,""improvements"":0,""insertions"":0,""insertion_rate"":0.0},""Immigrant"":{""attempts"":155,""discoveries"":0,""improvements"":0,""insertions"":0,""insertion_rate"":0.0},""Morphology"":{""attempts"":308,""discoveries"":1,""improvements"":9,""insertions"":10,""insertion_rate"":0.032467532467532464},""Novelty"":{""attempts"":250,""discoveries"":0,""improvements"":0,""insertions"":0,""insertion_rate"":0.0}}","{""Morphology"":211,""Novelty"":32}",2,0.9192708333333334,false,12000
42,76,77000,2.3372181750000003,0.028719139,0.026345765,0.001000877,0.001372497,2.517564954,132.82825,27.749033,5519.371104359627,187,0.9739583,50,4.518235700345927,19,0.10160427807486631,"{""3"":19,""4"":1,""5"":48,""6"":58,""7"":34,""8"":23,""9"":4}","{""10"":8,""11"":25,""12"":4,""13"":2,""14"":4,""15"":5,""16"":3,""18"":6,""19"":3,""20"":3,""24"":1,""3"":19,""4"":1,""6"":6,""7"":42,""8"":27,""9"":28}",64,"{""count"":64,""unique_topologies"":64,""topology_entropy_bits"":6.0,""effective_topology_count"":64.0,""triangle_like_count"":0,""triangle_like_fraction"":0.0,""mean_nodes"":7.359375,""mean_muscles"":12.3125,""node_counts"":{""10"":2,""11"":1,""4"":5,""5"":1,""6"":11,""7"":16,""8"":15,""9"":13},""muscle_counts"":{""10"":6,""11"":1,""12"":13,""13"":2,""14"":6,""15"":5,""16"":5,""17"":4,""18"":2,""19"":1,""20"":2,""21"":1,""4"":2,""5"":3,""6"":1,""7"":1,""8"":5,""9"":4}}",157,5.4516360871690335,124,0.124,"{""10"":19,""11"":6,""14"":1,""3"":124,""4"":80,""5"":230,""6"":267,""7"":157,""8"":77,""9"":39}","{""10"":42,""11"":120,""12"":30,""13"":11,""14"":11,""15"":29,""16"":16,""17"":7,""18"":27,""19"":18,""20"":10,""21"":7,""22"":5,""23"":1,""24"":6,""27"":1,""3"":124,""4"":51,""5"":55,""6"":52,""7"":151,""8"":131,""9"":95}","{""Diagonal CMA-ES"":{""attempts"":312,""discoveries"":0,""improvements"":0,""insertions"":0,""insertion_rate"":0.0},""Immigrant"":{""attempts"":148,""discoveries"":0,""improvements"":0,""insertions"":0,""insertion_rate"":0.0},""Morphology"":{""attempts"":304,""discoveries"":7,""improvements"":4,""insertions"":11,""insertion_rate"":0.03618421052631579},""Novelty"":{""attempts"":236,""discoveries"":0,""improvements"":1,""insertions"":1,""insertion_rate"":0.00423728813559322}}","{""Morphology"":210,""Novelty"":29}",6,0.9194805194805195,false,13000
42,77,78000,2.3683059390000003,0.031087764,0.027911788,0.00109586,0.002080116,2.5523772190000003,132.82825,27.749033,5523.229154706001,187,0.9739583,50,4.517829462844041,20,0.10695187165775401,"{""3"":20,""4"":1,""5"":48,""6"":57,""7"":34,""8"":23,""9"":4}","{""10"":8,""11"":25,""12"":4,""13"":2,""14"":4,""15"":5,""16"":3,""18"":6,""19"":3,""20"":3,""24"":1,""3"":20,""4"":1,""6"":6,""7"":42,""8"":27,""9"":27}",64,"{""count"":64,""unique_topologies"":64,""topology_entropy_bits"":6.0,""effective_topology_count"":64.0,""triangle_like_count"":0,""triangle_like_fraction"":0.0,""mean_nodes"":7.40625,""mean_muscles"":12.46875,""node_counts"":{""10"":3,""11"":1,""4"":5,""5"":1,""6"":11,""7"":15,""8"":15,""9"":13},""muscle_counts"":{""10"":6,""11"":2,""12"":12,""13"":2,""14"":6,""15"":5,""16"":5,""17"":4,""18"":2,""19"":2,""20"":2,""21"":1,""4"":2,""5"":3,""6"":1,""7"":1,""8"":4,""9"":4}}",171,5.454544953005029,141,0.141,"{""10"":14,""11"":6,""12"":3,""3"":141,""4"":81,""5"":208,""6"":257,""7"":158,""8"":89,""9"":43}","{""10"":57,""11"":112,""12"":33,""13"":10,""14"":14,""15"":21,""16"":21,""17"":5,""18"":29,""19"":19,""20"":12,""21"":11,""22"":2,""23"":2,""24"":6,""25"":1,""26"":1,""27"":1,""3"":141,""4"":54,""5"":43,""6"":42,""7"":158,""8"":112,""9"":93}","{""Diagonal CMA-ES"":{""attempts"":296,""discoveries"":0,""improvements"":0,""insertions"":0,""insertion_rate"":0.0},""Immigrant"":{""attempts"":147,""discoveries"":0,""improvements"":0,""insertions"":0,""insertion_rate"":0.0},""Morphology"":{""attempts"":322,""discoveries"":2,""improvements"":11,""insertions"":13,""insertion_rate"":0.040372670807453416},""Novelty"":{""attempts"":235,""discoveries"":1,""improvements"":0,""insertions"":1,""insertion_rate"":0.00425531914893617}}","{""Morphology"":221,""Novelty"":29}",2,0.9104859335038363,false,14000
42,78,79000,2.3977089520000003,0.029403013,0.026636648,0.001035309,0.001731056,2.584071685,134.98224,27.968872,5564.582771897316,187,0.9739583,49,4.492244992204482,20,0.10695187165775401,"{""3"":20,""4"":1,""5"":49,""6"":56,""7"":33,""8"":23,""9"":5}","{""10"":7,""11"":25,""12"":3,""13"":2,""14"":5,""15"":5,""16"":3,""18"":6,""19"":3,""20"":4,""24"":1,""3"":20,""4"":1,""6"":6,""7"":43,""8"":27,""9"":26}",64,"{""count"":64,""unique_topologies"":64,""topology_entropy_bits"":6.0,""effective_topology_count"":64.0,""triangle_like_count"":0,""triangle_like_fraction"":0.0,""mean_nodes"":7.40625,""mean_muscles"":12.53125,""node_counts"":{""10"":3,""11"":1,""4"":5,""5"":1,""6"":11,""7"":15,""8"":15,""9"":13},""muscle_counts"":{""10"":6,""11"":2,""12"":12,""13"":2,""14"":6,""15"":4,""16"":5,""17"":4,""18"":2,""19"":3,""20"":2,""21"":1,""4"":2,""5"":3,""6"":1,""7"":1,""8"":4,""9"":4}}",157,5.871273813242402,111,0.111,"{""10"":18,""11"":4,""12"":1,""3"":111,""4"":105,""5"":211,""6"":206,""7"":193,""8"":103,""9"":48}","{""10"":38,""11"":100,""12"":42,""13"":13,""14"":31,""15"":25,""16"":17,""17"":3,""18"":20,""19"":32,""20"":12,""21"":7,""22"":2,""23"":1,""24"":8,""25"":4,""26"":2,""3"":111,""4"":68,""5"":60,""6"":49,""7"":112,""8"":138,""9"":105}","{""Diagonal CMA-ES"":{""attempts"":278,""discoveries"":0,""improvements"":0,""insertions"":0,""insertion_rate"":0.0},""Immigrant"":{""attempts"":169,""discoveries"":0,""improvements"":0,""insertions"":0,""insertion_rate"":0.0},""Morphology"":{""attempts"":324,""discoveries"":0,""improvements"":9,""insertions"":9,""insertion_rate"":0.027777777777777776},""Novelty"":{""attempts"":229,""discoveries"":1,""improvements"":0,""insertions"":1,""insertion_rate"":0.004366812227074236}}","{""Morphology"":216,""Novelty"":30}",2,0.9083969465648855,true,15000
42,79,80000,2.4260659700000002,0.028357018,0.025894598,0.001002065,0.001460355,2.614726093,134.98224,27.98132,5628.751635670662,187,0.9739583,50,4.5555808563742,19,0.10160427807486631,"{""3"":19,""4"":1,""5"":48,""6"":55,""7"":36,""8"":23,""9"":5}","{""10"":6,""11"":27,""12"":4,""13"":2,""14"":5,""15"":6,""16"":3,""18"":6,""19"":3,""20"":4,""24"":1,""3"":19,""4"":1,""6"":6,""7"":42,""8"":27,""9"":25}",64,"{""count"":64,""unique_topologies"":64,""topology_entropy_bits"":6.0,""effective_topology_count"":64.0,""triangle_like_count"":0,""triangle_like_fraction"":0.0,""mean_nodes"":7.375,""mean_muscles"":12.609375,""node_counts"":{""10"":3,""4"":5,""5"":1,""6"":10,""7"":16,""8"":16,""9"":13},""muscle_counts"":{""10"":6,""11"":2,""12"":13,""13"":2,""14"":6,""15"":5,""16"":4,""17"":4,""18"":1,""19"":3,""20"":3,""21"":1,""4"":2,""5"":3,""6"":1,""7"":1,""8"":3,""9"":4}}",164,5.753030686097026,112,0.112,"{""10"":14,""11"":3,""12"":2,""3"":112,""4"":97,""5"":191,""6"":230,""7"":174,""8"":117,""9"":60}","{""10"":38,""11"":98,""12"":33,""13"":16,""14"":30,""15"":22,""16"":23,""17"":4,""18"":23,""19"":27,""20"":22,""21"":7,""22"":3,""23"":1,""24"":10,""25"":1,""26"":2,""3"":112,""4"":70,""5"":47,""6"":44,""7"":120,""8"":109,""9"":138}","{""Diagonal CMA-ES"":{""attempts"":269,""discoveries"":0,""improvements"":1,""insertions"":1,""insertion_rate"":0.0037174721189591076},""Immigrant"":{""attempts"":135,""discoveries"":0,""improvements"":0,""insertions"":0,""insertion_rate"":0.0},""Morphology"":{""attempts"":329,""discoveries"":4,""improvements"":9,""insertions"":13,""insertion_rate"":0.03951367781155015},""Novelty"":{""attempts"":267,""discoveries"":0,""improvements"":0,""insertions"":0,""insertion_rate"":0.0}}","{""Morphology"":219,""Novelty"":34}",4,0.899749373433584,false,1000
42,80,81000,2.4549572650000004,0.028891295,0.026593906,0.000972383,0.001325006,2.645748557,134.98224,27.98132,5629.617982029915,187,0.9739583,50,4.5529593323331685,19,0.10160427807486631,"{""3"":19,""4"":1,""5"":48,""6"":55,""7"":37,""8"":22,""9"":5}","{""10"":7,""11"":26,""12"":4,""13"":2,""14"":5,""15"":6,""16"":3,""18"":6,""19"":3,""20"":4,""24"":1,""3"":19,""4"":1,""6"":6,""7"":42,""8"":27,""9"":25}",64,"{""count"":64,""unique_topologies"":64,""topology_entropy_bits"":6.0,""effective_topology_count"":64.0,""triangle_like_count"":0,""triangle_like_fraction"":0.0,""mean_nodes"":7.390625,""mean_muscles"":12.53125,""node_counts"":{""10"":3,""11"":1,""4"":5,""5"":1,""6"":10,""7"":16,""8"":17,""9"":11},""muscle_counts"":{""10"":7,""11"":2,""12"":12,""13"":3,""14"":6,""15"":5,""16"":4,""17"":3,""18"":1,""19"":3,""20"":2,""21"":2,""4"":2,""5"":3,""6"":1,""7"":1,""8"":3,""9"":4}}",156,5.316571458190224,120,0.12,"{""10"":14,""11"":5,""3"":120,""4"":88,""5"":200,""6"":284,""7"":165,""8"":87,""9"":37}","{""10"":52,""11"":94,""12"":32,""13"":10,""14"":21,""15"":30,""16"":22,""17"":3,""18"":32,""19"":7,""20"":18,""21"":9,""22"":4,""24"":4,""25"":1,""26"":1,""27"":1,""3"":120,""4"":59,""5"":44,""6"":44,""7"":140,""8"":97,""9"":155}","{""Diagonal CMA-ES"":{""attempts"":291,""discoveries"":0,""improvements"":0,""insertions"":0,""insertion_rate"":0.0},""Immigrant"":{""attempts"":153,""discoveries"":0,""improvements"":0,""insertions"":0,""insertion_rate"":0.0},""Morphology"":{""attempts"":295,""discoveries"":3,""improvements"":2,""insertions"":5,""insertion_rate"":0.01694915254237288},""Novelty"":{""attempts"":261,""discoveries"":0,""improvements"":0,""insertions"":0,""insertion_rate"":0.0}}","{""Morphology"":206,""Novelty"":33}",3,0.9002493765586035,false,2000
42,81,82000,2.4839969700000006,0.029039705,0.026735193,0.00098663,0.001317882,2.676856506,134.98224,27.98132,5644.050425648689,187,0.9739583,51,4.585805309472952,18,0.0962566844919786,"{""3"":18,""4"":2,""5"":48,""6"":55,""7"":37,""8"":22,""9"":5}","{""10"":6,""11"":26,""12"":4,""13"":2,""14"":5,""15"":6,""16"":3,""18"":6,""19"":3,""20"":4,""24"":1,""3"":18,""4"":2,""6"":6,""7"":42,""8"":27,""9"":26}",64,"{""count"":64,""unique_topologies"":64,""topology_entropy_bits"":6.0,""effective_topology_count"":64.0,""triangle_like_count"":0,""triangle_like_fraction"":0.0,""mean_nodes"":7.4375,""mean_muscles"":12.609375,""node_counts"":{""10"":3,""11"":1,""4"":4,""5"":1,""6"":11,""7"":15,""8"":18,""9"":11},""muscle_counts"":{""10"":6,""11"":2,""12"":13,""13"":3,""14"":6,""15"":5,""16"":4,""17"":3,""18"":1,""19"":3,""20"":2,""21"":2,""4"":1,""5"":3,""6"":1,""7"":2,""8"":3,""9"":4}}",144,5.302449706089099,151,0.151,"{""10"":7,""11"":3,""12"":5,""3"":151,""4"":94,""5"":222,""6"":226,""7"":155,""8"":95,""9"":42}","{""10"":41,""11"":130,""12"":31,""13"":16,""14"":23,""15"":27,""16"":9,""17"":2,""18"":17,""19"":19,""20"":9,""21"":8,""22"":7,""24"":5,""27"":1,""28"":1,""3"":151,""4"":62,""5"":56,""6"":49,""7"":154,""8"":99,""9"":83}","{""Diagonal CMA-ES"":{""attempts"":312,""discoveries"":0,""improvements"":0,""insertions"":0,""insertion_rate"":0.0},""Immigrant"":{""attempts"":157,""discoveries"":0,""improvements"":0,""insertions"":0,""insertion_rate"":0.0},""Morphology"":{""attempts"":293,""discoveries"":2,""improvements"":4,""insertions"":6,""insertion_rate"":0.020477815699658702},""Novelty"":{""attempts"":238,""discoveries"":0,""improvements"":0,""insertions"":0,""insertion_rate"":0.0}}","{""Morphology"":192,""Novelty"":23}",2,0.9007444168734491,false,3000
42,82,83000,2.5114647150000007,0.027467745000000002,0.025184604,0.000998503,0.001284638,2.706437611,134.98224,27.98132,5659.424113869667,187,0.9739583,51,4.570741704004809,18,0.0962566844919786,"{""3"":18,""4"":2,""5"":48,""6"":56,""7"":36,""8"":22,""9"":5}","{""10"":6,""11"":26,""12"":4,""13"":2,""14"":5,""15"":6,""16"":3,""18"":6,""19"":3,""20"":4,""24"":1,""3"":18,""4"":2,""6"":6,""7"":42,""8"":28,""9"":25}",64,"{""count"":64,""unique_topologies"":64,""topology_entropy_bits"":6.0,""effective_topology_count"":64.0,""triangle_like_count"":0,""triangle_like_fraction"":0.0,""mean_nodes"":7.46875,""mean_muscles"":12.609375,""node_counts"":{""10"":3,""11"":1,""4"":4,""5"":1,""6"":10,""7"":16,""8"":17,""9"":12},""muscle_counts"":{""10"":6,""11"":2,""12"":14,""13"":3,""14"":7,""15"":5,""16"":4,""17"":3,""18"":1,""19"":2,""20"":2,""21"":2,""4"":1,""5"":3,""6"":1,""7"":1,""8"":3,""9"":4}}",169,5.464379275712359,169,0.169,"{""10"":7,""11"":1,""3"":169,""4"":90,""5"":200,""6"":221,""7"":166,""8"":100,""9"":46}","{""10"":35,""11"":117,""12"":36,""13"":11,""14"":22,""15"":31,""16"":16,""17"":2,""18"":42,""19"":17,""20"":10,""21"":4,""22"":2,""23"":1,""24"":6,""25"":2,""3"":169,""4"":55,""5"":53,""6"":43,""7"":145,""8"":97,""9"":84}","{""Diagonal CMA-ES"":{""attempts"":281,""discoveries"":0,""improvements"":0,""insertions"":0,""insertion_rate"":0.0},""Immigrant"":{""attempts"":133,""discoveries"":0,""improvements"":0,""insertions"":0,""insertion_rate"":0.0},""Morphology"":{""attempts"":329,""discoveries"":2,""improvements"":6,""insertions"":8,""insertion_rate"":0.0243161094224924},""Novelty"":{""attempts"":257,""discoveries"":0,""improvements"":1,""insertions"":1,""insertion_rate"":0.0038910505836575876}}","{""Morphology"":225,""Novelty"":30}",2,0.8968058968058968,false,4000
42,83,84000,2.5420265140000007,0.030561799,0.028219294,0.000959323,0.001383182,2.739059343,134.98224,27.968872,5667.564136266708,188,0.9791667,52,4.600769741961826,18,0.09574468085106383,"{""3"":18,""4"":2,""5"":47,""6"":57,""7"":36,""8"":22,""9"":6}","{""10"":6,""11"":26,""12"":4,""13"":2,""14"":5,""15"":6,""16"":3,""18"":6,""19"":3,""20"":4,""21"":1,""24"":1,""3"":18,""4"":2,""6"":6,""7"":41,""8"":28,""9"":26}",64,"{""count"":64,""unique_topologies"":64,""topology_entropy_bits"":6.0,""effective_topology_count"":64.0,""triangle_like_count"":0,""triangle_like_fraction"":0.0,""mean_nodes"":7.453125,""mean_muscles"":12.578125,""node_counts"":{""10"":3,""11"":1,""4"":4,""5"":1,""6"":11,""7"":15,""8"":17,""9"":12},""muscle_counts"":{""10"":6,""11"":2,""12"":13,""13"":2,""14"":7,""15"":6,""16"":4,""17"":3,""18"":1,""19"":2,""20"":2,""21"":2,""4"":1,""5"":3,""6"":1,""7"":1,""8"":4,""9"":4}}",156,5.342623193332914,147,0.147,"{""10"":10,""11"":2,""3"":147,""4"":88,""5"":298,""6"":198,""7"":126,""8"":88,""9"":43}","{""10"":23,""11"":83,""12"":42,""13"":14,""14"":22,""15"":33,""16"":15,""17"":2,""18"":18,""19"":11,""20"":13,""21"":10,""22"":2,""24"":6,""25"":1,""3"":147,""32"":1,""4"":48,""5"":70,""6"":41,""7"":235,""8"":93,""9"":70}","{""Diagonal CMA-ES"":{""attempts"":295,""discoveries"":0,""improvements"":0,""insertions"":0,""insertion_rate"":0.0},""Immigrant"":{""attempts"":141,""discoveries"":0,""improvements"":0,""insertions"":0,""insertion_rate"":0.0},""Morphology"":{""attempts"":311,""discoveries"":3,""improvements"":5,""insertions"":8,""insertion_rate"":0.02572347266881029},""Novelty"":{""attempts"":253,""discoveries"":0,""improvements"":0,""insertions"":0,""insertion_rate"":0.0}}","{""Morphology"":208,""Novelty"":29}",3,0.8975609756097561,false,5000
42,84,85000,2.5722831820000005,0.030256668,0.027178049,0.001142164,0.001936455,2.772087125,134.98224,27.98132,5699.76095867157,188,0.9791667,51,4.557745755488159,18,0.09574468085106383,"{""3"":18,""4"":2,""5"":48,""6"":57,""7"":37,""8"":20,""9"":6}","{""10"":5,""11"":27,""12"":4,""13"":2,""14"":5,""15"":7,""16"":3,""18"":6,""19"":3,""20"":3,""21"":1,""24"":1,""3"":18,""4"":2,""6"":6,""7"":42,""8"":28,""9"":25}",64,"{""count"":64,""unique_topologies"":64,""topology_entropy_bits"":6.0,""effective_topology_count"":64.0,""triangle_like_count"":0,""triangle_like_fraction"":0.0,""mean_nodes"":7.484375,""mean_muscles"":12.6875,""node_counts"":{""10"":3,""11"":1,""4"":4,""5"":1,""6"":10,""7"":15,""8"":18,""9"":12},""muscle_counts"":{""10"":6,""11"":2,""12"":13,""13"":2,""14"":7,""15"":7,""16"":4,""17"":3,""18"":1,""19"":2,""20"":2,""21"":2,""4"":1,""5"":3,""6"":1,""7"":1,""8"":3,""9"":4}}",156,5.316947687853459,133,0.133,"{""10"":27,""3"":133,""4"":80,""5"":230,""6"":203,""7"":127,""8"":72,""9"":128}","{""10"":22,""11"":90,""12"":33,""13"":9,""14"":12,""15"":36,""16"":19,""17"":6,""18"":23,""19"":11,""20"":8,""21"":107,""22"":9,""24"":5,""25"":6,""3"":133,""4"":53,""5"":53,""6"":32,""7"":176,""8"":86,""9"":71}","{""Diagonal CMA-ES"":{""attempts"":306,""discoveries"":0,""improvements"":0,""insertions"":0,""insertion_rate"":0.0},""Immigrant"":{""attempts"":144,""discoveries"":0,""improvements"":0,""insertions"":0,""insertion_rate"":0.0},""Morphology"":{""attempts"":293,""discoveries"":1,""improvements"":5,""insertions"":6,""insertion_rate"":0.020477815699658702},""Novelty"":{""attempts"":257,""discoveries"":0,""improvements"":1,""insertions"":1,""insertion_rate"":0.0038910505836575876}}","{""Morphology"":187,""Novelty"":35}",1,0.8956310679611651,false,6000
42,85,86000,2.6004716050000005,0.028188423,0.025530102,0.001006814,0.001651507,2.802610932,134.98224,27.98132,5709.225386619568,188,0.9791667,51,4.542335727683355,18,0.09574468085106383,"{""3"":18,""4"":2,""5"":48,""6"":58,""7"":36,""8"":20,""9"":6}","{""10"":4,""11"":27,""12"":4,""13"":2,""14"":5,""15"":7,""16"":3,""18"":6,""19"":3,""20"":3,""21"":1,""24"":1,""3"":18,""4"":2,""6"":6,""7"":42,""8"":29,""9"":25}",64,"{""count"":64,""unique_topologies"":64,""topology_entropy_bits"":6.0,""effective_topology_count"":64.0,""triangle_like_count"":0,""triangle_like_fraction"":0.0,""mean_nodes"":7.484375,""mean_muscles"":12.8125,""node_counts"":{""10"":3,""11"":1,""4"":4,""5"":1,""6"":10,""7"":14,""8"":20,""9"":11},""muscle_counts"":{""10"":5,""11"":2,""12"":12,""13"":2,""14"":7,""15"":9,""16"":4,""17"":3,""18"":1,""19"":2,""20"":2,""21"":2,""4"":1,""5"":3,""6"":1,""7"":1,""8"":3,""9"":4}}",153,5.472311183409509,92,0.092,"{""10"":14,""11"":2,""3"":92,""4"":117,""5"":155,""6"":181,""7"":154,""8"":74,""9"":211}","{""10"":26,""11"":83,""12"":39,""13"":9,""14"":32,""15"":29,""16"":14,""17"":5,""18"":14,""19"":15,""20"":8,""21"":174,""22"":5,""24"":9,""25"":2,""28"":2,""3"":92,""4"":85,""5"":59,""6"":41,""7"":100,""8"":81,""9"":76}","{""Diagonal CMA-ES"":{""attempts"":294,""discoveries"":0,""improvements"":0,""insertions"":0,""insertion_rate"":0.0},""Immigrant"":{""attempts"":168,""discoveries"":0,""improvements"":0,""insertions"":0,""insertion_rate"":0.0},""Morphology"":{""attempts"":301,""discoveries"":2,""improvements"":3,""insertions"":5,""insertion_rate"":0.016611295681063124},""Novelty"":{""attempts"":237,""discoveries"":0,""improvements"":0,""insertions"":0,""insertion_rate"":0.0}}","{""Morphology"":193,""Novelty"":33}",2,0.893719806763285,false,7000
42,86,87000,2.6287858830000004,0.028314278,0.02573669,0.001037684,0.001539904,2.833132364,134.98224,27.98132,5723.36138010025,188,0.9791667,50,4.5064504231095945,18,0.09574468085106383,"{""3"":18,""4"":2,""5"":49,""6"":57,""7"":36,""8"":19,""9"":7}","{""10"":4,""11"":26,""12"":4,""13"":2,""14"":5,""15"":7,""16"":3,""18"":6,""19"":3,""20"":4,""21"":1,""24"":1,""3"":18,""4"":2,""6"":6,""7"":43,""8"":29,""9"":24}",64,"{""count"":64,""unique_topologies"":64,""topology_entropy_bits"":6.0,""effective_topology_count"":64.0,""triangle_like_count"":0,""triangle_like_fraction"":0.0,""mean_nodes"":7.4375,""mean_muscles"":12.71875,""node_counts"":{""10"":3,""11"":1,""4"":4,""5"":1,""6"":11,""7"":14,""8"":20,""9"":10},""muscle_counts"":{""10"":5,""11"":2,""12"":12,""13"":2,""14"":6,""15"":9,""16"":4,""17"":3,""18"":1,""19"":2,""20"":2,""21"":2,""4"":1,""5"":3,""6"":1,""7"":1,""8"":4,""9"":4}}",160,5.875232416773389,109,0.109,"{""10"":10,""3"":109,""4"":101,""5"":171,""6"":255,""7"":180,""8"":109,""9"":65}","{""10"":26,""11"":110,""12"":34,""13"":18,""14"":35,""15"":39,""16"":23,""17"":7,""18"":17,""19"":19,""20"":14,""21"":9,""22"":1,""23"":1,""24"":7,""25"":2,""26"":1,""27"":1,""3"":109,""4"":68,""5"":58,""6"":48,""7"":111,""8"":123,""9"":119}","{""Diagonal CMA-ES"":{""attempts"":290,""discoveries"":0,""improvements"":0,""insertions"":0,""insertion_rate"":0.0},""Immigrant"":{""attempts"":149,""discoveries"":0,""improvements"":0,""insertions"":0,""insertion_rate"":0.0},""Morphology"":{""attempts"":317,""discoveries"":1,""improvements"":4,""insertions"":5,""insertion_rate"":0.015772870662460567},""Novelty"":{""attempts"":244,""discoveries"":0,""improvements"":2,""insertions"":2,""insertion_rate"":0.00819672131147541}}","{""Morphology"":232,""Novelty"":30}",1,0.8920863309352518,false,8000
42,87,88000,2.6609481370000005,0.032162254,0.027859548,0.002696315,0.001606391,2.867569449,134.98224,27.98132,5735.5910058021545,188,0.9791667,49,4.445242493100294,18,0.09574468085106383,"{""3"":18,""4"":2,""5"":50,""6"":60,""7"":33,""8"":18,""9"":7}","{""10"":4,""11"":24,""12"":4,""13"":2,""14"":5,""15"":7,""16"":4,""18"":6,""19"":3,""20"":3,""21"":1,""24"":1,""3"":18,""4"":2,""6"":6,""7"":44,""8"":31,""9"":23}",64,"{""count"":64,""unique_topologies"":64,""topology_entropy_bits"":6.0,""effective_topology_count"":64.0,""triangle_like_count"":0,""triangle_like_fraction"":0.0,""mean_nodes"":7.390625,""mean_muscles"":12.4375,""node_counts"":{""10"":2,""11"":1,""4"":4,""5"":1,""6"":11,""7"":16,""8"":18,""9"":11},""muscle_counts"":{""10"":5,""11"":2,""12"":13,""13"":2,""14"":6,""15"":9,""16"":4,""17"":3,""18"":1,""19"":1,""20"":1,""21"":2,""4"":1,""5"":3,""6"":1,""7"":1,""8"":4,""9"":5}}",164,5.7147633385661685,118,0.118,"{""10"":8,""12"":1,""3"":118,""4"":93,""5"":171,""6"":255,""7"":182,""8"":104,""9"":68}","{""10"":21,""11"":115,""12"":44,""13"":15,""14"":34,""15"":36,""16"":20,""17"":7,""18"":15,""19"":16,""20"":19,""21"":10,""22"":4,""23"":1,""24"":12,""25"":2,""28"":1,""3"":118,""4"":65,""5"":50,""6"":35,""7"":123,""8"":116,""9"":121}","{""Diagonal CMA-ES"":{""attempts"":276,""discoveries"":0,""improvements"":0,""insertions"":0,""insertion_rate"":0.0},""Immigrant"":{""attempts"":145,""discoveries"":0,""improvements"":0,""insertions"":0,""insertion_rate"":0.0},""Morphology"":{""attempts"":310,""discoveries"":3,""improvements"":10,""insertions"":13,""insertion_rate"":0.041935483870967745},""Novelty"":{""attempts"":269,""discoveries"":0,""improvements"":1,""insertions"":1,""insertion_rate"":0.0037174721189591076}}","{""Morphology"":205,""Novelty"":30}",3,0.8923444976076556,false,9000
42,88,89000,2.6884609990000006,0.027512862,0.024833169,0.001041245,0.001638448,2.897314399,140.56802,28.71449,5858.044975757599,188,0.9791667,49,4.410833626334288,19,0.10106382978723404,"{""3"":19,""4"":2,""5"":50,""6"":60,""7"":33,""8"":17,""9"":7}","{""10"":4,""11"":22,""12"":5,""13"":2,""14"":5,""15"":7,""16"":4,""18"":6,""19"":3,""20"":3,""21"":1,""24"":1,""3"":19,""4"":2,""6"":6,""7"":44,""8"":30,""9"":24}",64,"{""count"":64,""unique_topologies"":64,""topology_entropy_bits"":6.0,""effective_topology_count"":64.0,""triangle_like_count"":0,""triangle_like_fraction"":0.0,""mean_nodes"":7.4375,""mean_muscles"":12.625,""node_counts"":{""10"":3,""11"":1,""4"":4,""5"":1,""6"":11,""7"":15,""8"":18,""9"":11},""muscle_counts"":{""10"":5,""11"":2,""12"":13,""13"":2,""14"":6,""15"":9,""16"":4,""17"":3,""18"":1,""19"":1,""20"":1,""21"":3,""4"":1,""5"":3,""6"":1,""7"":1,""8"":4,""9"":4}}",137,5.332626893021789,98,0.098,"{""10"":8,""3"":98,""4"":87,""5"":131,""6"":269,""7"":287,""8"":83,""9"":37}","{""10"":89,""11"":74,""12"":35,""13"":9,""14"":25,""15"":27,""16"":15,""17"":4,""18"":9,""19"":18,""20"":9,""21"":5,""22"":2,""23"":1,""24"":6,""3"":98,""4"":62,""5"":42,""6"":31,""7"":92,""8"":165,""9"":182}","{""Diagonal CMA-ES"":{""attempts"":317,""discoveries"":0,""improvements"":0,""insertions"":0,""insertion_rate"":0.0},""Immigrant"":{""attempts"":145,""discoveries"":0,""improvements"":0,""insertions"":0,""insertion_rate"":0.0},""Morphology"":{""attempts"":286,""discoveries"":1,""improvements"":5,""insertions"":6,""insertion_rate"":0.02097902097902098},""Novelty"":{""attempts"":252,""discoveries"":0,""improvements"":0,""insertions"":0,""insertion_rate"":0.0}}","{""Morphology"":179,""Novelty"":28}",1,0.8928571428571429,true,10000
42,89,90000,2.7157280940000006,0.027267094999999998,0.024614709,0.001055493,0.001596893,2.927032042,140.56802,29.015926,5900.889340877533,188,0.9791667,48,4.403609013648856,19,0.10106382978723404,"{""3"":19,""4"":2,""5"":49,""6"":60,""7"":34,""8"":17,""9"":7}","{""10"":4,""11"":23,""12"":5,""13"":2,""14"":5,""15"":7,""16"":4,""18"":6,""19"":3,""20"":3,""21"":1,""24"":1,""3"":19,""4"":2,""6"":6,""7"":43,""8"":29,""9"":25}",64,"{""count"":64,""unique_topologies"":64,""topology_entropy_bits"":6.0,""effective_topology_count"":64.0,""triangle_like_count"":0,""triangle_like_fraction"":0.0,""mean_nodes"":7.421875,""mean_muscles"":12.65625,""node_counts"":{""10"":3,""11"":1,""4"":4,""5"":1,""6"":11,""7"":15,""8"":19,""9"":10},""muscle_counts"":{""10"":5,""11"":2,""12"":13,""13"":2,""14"":5,""15"":9,""16"":5,""17"":3,""18"":1,""19"":1,""20"":1,""21"":3,""4"":1,""5"":3,""6"":1,""7"":1,""8"":4,""9"":4}}",147,5.652333919733281,106,0.106,"{""10"":15,""11"":5,""3"":106,""4"":86,""5"":149,""6"":205,""7"":309,""8"":83,""9"":42}","{""10"":83,""11"":80,""12"":97,""13"":22,""14"":54,""15"":32,""16"":14,""17"":10,""18"":10,""19"":17,""20"":12,""21"":11,""22"":8,""23"":1,""24"":9,""3"":106,""4"":61,""5"":50,""6"":39,""7"":90,""8"":102,""9"":92}","{""Diagonal CMA-ES"":{""attempts"":301,""discoveries"":0,""improvements"":0,""insertions"":0,""insertion_rate"":0.0},""Immigrant"":{""attempts"":134,""discoveries"":0,""improvements"":0,""insertions"":0,""insertion_rate"":0.0},""Morphology"":{""attempts"":279,""discoveries"":1,""improvements"":5,""insertions"":6,""insertion_rate"":0.021505376344086023},""Novelty"":{""attempts"":286,""discoveries"":0,""improvements"":2,""insertions"":2,""insertion_rate"":0.006993006993006993}}","{""Morphology"":193,""Novelty"":42}",2,0.8931116389548693,false,1000
42,90,91000,2.7441136090000007,0.028385515,0.025796054,0.001006815,0.001582646,2.957656767,140.56802,29.015926,5924.588897705078,188,0.9791667,48,4.41901904145366,18,0.09574468085106383,"{""3"":18,""4"":2,""5"":49,""6"":61,""7"":34,""8"":18,""9"":6}","{""10"":4,""11"":23,""12"":5,""13"":2,""14"":5,""15"":7,""16"":4,""18"":6,""19"":3,""20"":3,""21"":1,""24"":1,""3"":18,""4"":2,""6"":6,""7"":43,""8"":30,""9"":25}",64,"{""count"":64,""unique_topologies"":64,""topology_entropy_bits"":6.0,""effective_topology_count"":64.0,""triangle_like_count"":0,""triangle_like_fraction"":0.0,""mean_nodes"":7.3125,""mean_muscles"":12.3125,""node_counts"":{""10"":2,""4"":4,""5"":2,""6"":11,""7"":15,""8"":19,""9"":11},""muscle_counts"":{""10"":5,""11"":2,""12"":13,""13"":2,""14"":5,""15"":10,""16"":5,""17"":3,""18"":1,""19"":1,""20"":1,""21"":1,""4"":1,""5"":4,""6"":1,""7"":1,""8"":4,""9"":4}}",154,5.55565815113706,101,0.101,"{""10"":10,""11"":1,""3"":101,""4"":98,""5"":214,""6"":206,""7"":226,""8"":83,""9"":61}","{""10"":32,""11"":96,""12"":56,""13"":22,""14"":64,""15"":27,""16"":13,""17"":14,""18"":11,""19"":21,""20"":16,""21"":14,""22"":2,""24"":1,""27"":2,""3"":101,""4"":64,""5"":51,""6"":44,""7"":161,""8"":90,""9"":98}","{""Diagonal CMA-ES"":{""attempts"":310,""discoveries"":0,""improvements"":0,""insertions"":0,""insertion_rate"":0.0},""Immigrant"":{""attempts"":148,""discoveries"":0,""improvements"":0,""insertions"":0,""insertion_rate"":0.0},""Morphology"":{""attempts"":299,""discoveries"":2,""improvements"":5,""insertions"":7,""insertion_rate"":0.023411371237458192},""Novelty"":{""attempts"":243,""discoveries"":1,""improvements"":0,""insertions"":1,""insertion_rate"":0.00411522633744856}}","{""Morphology"":196,""Novelty"":38}",3,0.8915094339622641,false,2000
42,91,92000,2.774946108000001,0.030832499,0.028214546,0.000996128,0.001621825,2.990607376,140.56802,29.015926,5935.2692613601685,188,0.9791667,46,4.387099864087575,18,0.09574468085106383,"{""3"":18,""4"":2,""5"":50,""6"":60,""7"":35,""8"":17,""9"":6}","{""10"":5,""11"":22,""12"":5,""13"":2,""14"":5,""15"":7,""16"":4,""18"":6,""19"":3,""20"":3,""21"":1,""24"":1,""3"":18,""4"":2,""6"":6,""7"":44,""8"":28,""9"":26}",64,"{""count"":64,""unique_topologies"":64,""topology_entropy_bits"":6.0,""effective_topology_count"":64.0,""triangle_like_count"":0,""triangle_like_fraction"":0.0,""mean_nodes"":7.3125,""mean_muscles"":12.3125,""node_counts"":{""10"":2,""4"":4,""5"":2,""6"":11,""7"":15,""8"":19,""9"":11},""muscle_counts"":{""10"":5,""11"":2,""12"":13,""13"":2,""14"":5,""15"":10,""16"":5,""17"":3,""18"":1,""19"":1,""20"":1,""21"":1,""4"":1,""5"":4,""6"":1,""7"":1,""8"":4,""9"":4}}",147,5.6931762123182095,83,0.083,"{""10"":19,""3"":83,""4"":106,""5"":151,""6"":283,""7"":189,""8"":116,""9"":53}","{""10"":26,""11"":86,""12"":47,""13"":20,""14"":36,""15"":34,""16"":22,""17"":9,""18"":35,""19"":17,""20"":12,""21"":12,""22"":1,""23"":1,""24"":12,""25"":2,""27"":1,""3"":83,""30"":1,""32"":1,""4"":73,""5"":52,""6"":40,""7"":112,""8"":104,""9"":161}","{""Diagonal CMA-ES"":{""attempts"":324,""discoveries"":0,""improvements"":0,""insertions"":0,""insertion_rate"":0.0},""Immigrant"":{""attempts"":140,""discoveries"":0,""improvements"":0,""insertions"":0,""insertion_rate"":0.0},""Morphology"":{""attempts"":301,""discoveries"":0,""improvements"":5,""insertions"":5,""insertion_rate"":0.016611295681063124},""Novelty"":{""attempts"":235,""discoveries"":0,""improvements"":2,""insertions"":2,""insertion_rate"":0.00851063829787234}}","{""Morphology"":205,""Novelty"":38}",0,0.8917647058823529,false,3000
42,92,93000,2.802729670000001,0.027783561999999998,0.025330639,0.000972383,0.00148054,3.020491238,140.56802,29.015926,5954.640426158905,188,0.9791667,45,4.345883642557138,18,0.09574468085106383,"{""3"":18,""4"":2,""5"":51,""6"":60,""7"":35,""8"":16,""9"":6}","{""10"":5,""11"":22,""12"":5,""13"":2,""14"":5,""15"":8,""16"":4,""18"":5,""19"":3,""20"":3,""21"":1,""24"":1,""3"":18,""4"":2,""6"":6,""7"":45,""8"":27,""9"":26}",64,"{""count"":64,""unique_topologies"":64,""topology_entropy_bits"":6.0,""effective_topology_count"":64.0,""triangle_like_count"":0,""triangle_like_fraction"":0.0,""mean_nodes"":7.28125,""mean_muscles"":12.203125,""node_counts"":{""10"":2,""4"":4,""5"":2,""6"":11,""7"":16,""8"":19,""9"":10},""muscle_counts"":{""10"":6,""11"":2,""12"":13,""13"":2,""14"":5,""15"":10,""16"":5,""17"":2,""18"":1,""19"":1,""20"":1,""21"":1,""4"":1,""5"":4,""6"":1,""7"":1,""8"":4,""9"":4}}",145,5.55864105537436,102,0.102,"{""10"":12,""3"":102,""4"":84,""5"":147,""6"":217,""7"":202,""8"":181,""9"":55}","{""10"":31,""11"":81,""12"":52,""13"":18,""14"":42,""15"":35,""16"":21,""17"":8,""18"":109,""19"":21,""20"":11,""21"":15,""22"":1,""24"":9,""26"":1,""3"":102,""4"":56,""5"":46,""6"":37,""7"":102,""8"":100,""9"":102}","{""Diagonal CMA-ES"":{""attempts"":317,""discoveries"":0,""improvements"":0,""insertions"":0,""insertion_rate"":0.0},""Immigrant"":{""attempts"":138,""discoveries"":0,""improvements"":0,""insertions"":0,""insertion_rate"":0.0},""Morphology"":{""attempts"":299,""discoveries"":1,""improvements"":4,""insertions"":5,""insertion_rate"":0.016722408026755852},""Novelty"":{""attempts"":246,""discoveries"":0,""improvements"":0,""insertions"":0,""insertion_rate"":0.0}}","{""Morphology"":198,""Novelty"":26}",1,0.892271662763466,false,4000
42,93,94000,2.830848045000001,0.028118374999999998,0.025499234,0.001032934,0.001586207,3.050934309,140.56802,29.015926,5959.1593499183655,188,0.9791667,45,4.275433161056577,18,0.09574468085106383,"{""3"":18,""4"":2,""5"":54,""6"":59,""7"":33,""8"":16,""9"":6}","{""10"":5,""11"":22,""12"":5,""13"":2,""14"":5,""15"":8,""16"":4,""18"":5,""19"":3,""20"":3,""21"":1,""24"":1,""3"":18,""4"":2,""6"":6,""7"":48,""8"":26,""9"":24}",64,"{""count"":64,""unique_topologies"":64,""topology_entropy_bits"":6.0,""effective_topology_count"":64.0,""triangle_like_count"":0,""triangle_like_fraction"":0.0,""mean_nodes"":7.28125,""mean_muscles"":12.203125,""node_counts"":{""10"":2,""4"":4,""5"":2,""6"":11,""7"":16,""8"":19,""9"":10},""muscle_counts"":{""10"":6,""11"":2,""12"":13,""13"":2,""14"":5,""15"":10,""16"":5,""17"":2,""18"":1,""19"":1,""20"":1,""21"":1,""4"":1,""5"":4,""6"":1,""7"":1,""8"":4,""9"":4}}",140,5.629922232886338,100,0.1,"{""10"":7,""11"":1,""3"":100,""4"":90,""5"":183,""6"":242,""7"":205,""8"":123,""9"":49}","{""10"":33,""11"":102,""12"":59,""13"":22,""14"":38,""15"":31,""16"":16,""17"":4,""18"":20,""19"":32,""20"":16,""21"":11,""22"":3,""24"":8,""25"":1,""26"":1,""3"":100,""4"":53,""5"":66,""6"":41,""7"":122,""8"":100,""9"":121}","{""Diagonal CMA-ES"":{""attempts"":304,""discoveries"":0,""improvements"":0,""insertions"":0,""insertion_rate"":0.0},""Immigrant"":{""attempts"":148,""discoveries"":0,""improvements"":0,""insertions"":0,""insertion_rate"":0.0},""Morphology"":{""attempts"":287,""discoveries"":0,""improvements"":8,""insertions"":8,""insertion_rate"":0.027874564459930314},""Novelty"":{""attempts"":261,""discoveries"":0,""improvements"":0,""insertions"":0,""insertion_rate"":0.0}}","{""Morphology"":184,""Novelty"":28}",0,0.8930232558139535,false,5000
42,94,95000,2.859380781000001,0.028532736000000003,0.025484986,0.000981881,0.002065869,3.081895035,140.56802,29.17951,5984.213408470154,188,0.9791667,44,4.214666187008517,18,0.09574468085106383,"{""3"":18,""4"":2,""5"":55,""6"":59,""7"":32,""8"":16,""9"":6}","{""10"":5,""11"":22,""12"":5,""13"":2,""14"":5,""15"":8,""16"":4,""18"":6,""19"":2,""20"":3,""21"":1,""24"":1,""3"":18,""4"":2,""6"":6,""7"":49,""8"":26,""9"":23}",64,"{""count"":64,""unique_topologies"":64,""topology_entropy_bits"":6.0,""effective_topology_count"":64.0,""triangle_like_count"":0,""triangle_like_fraction"":0.0,""mean_nodes"":7.25,""mean_muscles"":12.046875,""node_counts"":{""10"":1,""4"":4,""5"":2,""6"":11,""7"":16,""8"":20,""9"":10},""muscle_counts"":{""10"":6,""11"":3,""12"":13,""13"":2,""14"":5,""15"":10,""16"":5,""17"":2,""18"":1,""19"":1,""20"":1,""4"":1,""5"":4,""6"":1,""7"":1,""8"":4,""9"":4}}",152,5.2741638698236715,103,0.103,"{""10"":8,""3"":103,""4"":89,""5"":247,""6"":174,""7"":151,""8"":184,""9"":44}","{""10"":34,""11"":61,""12"":40,""13"":14,""14"":26,""15"":26,""16"":21,""17"":6,""18"":14,""19"":118,""20"":15,""21"":9,""22"":4,""24"":5,""25"":1,""26"":3,""3"":103,""4"":61,""5"":46,""6"":35,""7"":200,""8"":85,""9"":73}","{""Diagonal CMA-ES"":{""attempts"":285,""discoveries"":0,""improvements"":0,""insertions"":0,""insertion_rate"":0.0},""Immigrant"":{""attempts"":158,""discoveries"":0,""improvements"":0,""insertions"":0,""insertion_rate"":0.0},""Morphology"":{""attempts"":307,""discoveries"":1,""improvements"":5,""insertions"":6,""insertion_rate"":0.019543973941368076},""Novelty"":{""attempts"":250,""discoveries"":0,""improvements"":0,""insertions"":0,""insertion_rate"":0.0}}","{""Morphology"":179,""Novelty"":49}",1,0.8930232558139535,false,6000
42,95,96000,2.887489658000001,0.028108876999999997,0.025593029,0.001022249,0.001493599,3.112239563,140.56802,29.17951,5997.881482124329,188,0.9791667,43,4.222657526924585,17,0.09042553191489362,"{""3"":17,""4"":2,""5"":55,""6"":59,""7"":33,""8"":16,""9"":6}","{""10"":5,""11"":22,""12"":5,""13"":2,""14"":5,""15"":8,""16"":4,""18"":6,""19"":2,""20"":3,""21"":1,""24"":1,""3"":17,""4"":2,""6"":6,""7"":48,""8"":26,""9"":25}",64,"{""count"":64,""unique_topologies"":64,""topology_entropy_bits"":6.0,""effective_topology_count"":64.0,""triangle_like_count"":0,""triangle_like_fraction"":0.0,""mean_nodes"":7.25,""mean_muscles"":12.046875,""node_counts"":{""10"":1,""4"":4,""5"":2,""6"":11,""7"":16,""8"":20,""9"":10},""muscle_counts"":{""10"":6,""11"":3,""12"":13,""13"":2,""14"":5,""15"":10,""16"":5,""17"":2,""18"":1,""19"":1,""20"":1,""4"":1,""5"":4,""6"":1,""7"":1,""8"":4,""9"":4}}",139,5.513291090824727,119,0.119,"{""10"":7,""3"":119,""4"":106,""5"":191,""6"":234,""7"":200,""8"":90,""9"":53}","{""10"":44,""11"":114,""12"":52,""13"":24,""14"":36,""15"":26,""16"":20,""17"":5,""18"":13,""19"":16,""20"":16,""21"":7,""23"":1,""24"":8,""25"":1,""27"":1,""3"":119,""4"":73,""5"":53,""6"":42,""7"":132,""8"":86,""9"":111}","{""Diagonal CMA-ES"":{""attempts"":272,""discoveries"":0,""improvements"":0,""insertions"":0,""insertion_rate"":0.0},""Immigrant"":{""attempts"":166,""discoveries"":0,""improvements"":0,""insertions"":0,""insertion_rate"":0.0},""Morphology"":{""attempts"":292,""discoveries"":0,""improvements"":4,""insertions"":4,""insertion_rate"":0.0136986301369863},""Novelty"":{""attempts"":270,""discoveries"":0,""improvements"":1,""insertions"":1,""insertion_rate"":0.003703703703703704}}","{""Morphology"":197,""Novelty"":21}",0,0.8932714617169374,false,7000
42,96,97000,2.915019143000001,0.027529485,0.024909155,0.000977133,0.001643197,3.141830166,140.56802,29.17951,6017.796528816223,188,0.9791667,42,4.185520154316995,17,0.09042553191489362,"{""3"":17,""4"":2,""5"":56,""6"":59,""7"":33,""8"":14,""9"":7}","{""10"":5,""11"":21,""12"":5,""13"":2,""14"":5,""15"":8,""16"":3,""18"":6,""19"":3,""20"":3,""21"":1,""24"":1,""3"":17,""4"":2,""6"":6,""7"":49,""8"":26,""9"":25}",64,"{""count"":64,""unique_topologies"":64,""topology_entropy_bits"":6.0,""effective_topology_count"":64.0,""triangle_like_count"":0,""triangle_like_fraction"":0.0,""mean_nodes"":7.25,""mean_muscles"":12.09375,""node_counts"":{""10"":1,""4"":4,""5"":2,""6"":11,""7"":16,""8"":20,""9"":10},""muscle_counts"":{""10"":6,""11"":3,""12"":12,""13"":2,""14"":5,""15"":11,""16"":5,""17"":2,""18"":1,""19"":1,""20"":1,""4"":1,""5"":4,""6"":1,""7"":1,""8"":4,""9"":4}}",134,5.490690418056317,100,0.1,"{""10"":7,""11"":1,""3"":100,""4"":89,""5"":211,""6"":247,""7"":209,""8"":84,""9"":52}","{""10"":45,""11"":98,""12"":49,""13"":21,""14"":39,""15"":30,""16"":20,""17"":3,""18"":18,""19"":18,""20"":13,""21"":12,""22"":1,""23"":1,""24"":9,""25"":3,""3"":100,""4"":63,""5"":53,""6"":40,""7"":145,""8"":97,""9"":122}","{""Diagonal CMA-ES"":{""attempts"":303,""discoveries"":0,""improvements"":0,""insertions"":0,""insertion_rate"":0.0},""Immigrant"":{""attempts"":156,""discoveries"":0,""improvements"":0,""insertions"":0,""insertion_rate"":0.0},""Morphology"":{""attempts"":296,""discoveries"":1,""improvements"":9,""insertions"":10,""insertion_rate"":0.033783783783783786},""Novelty"":{""attempts"":245,""discoveries"":0,""improvements"":0,""insertions"":0,""insertion_rate"":0.0}}","{""Morphology"":191,""Novelty"":24}",2,0.8932714617169374,false,8000
42,97,98000,2.943329859000001,0.028310716000000003,0.025712945,0.000989005,0.001608766,3.172610427,147.26434,29.17951,6035.455416679382,188,0.9791667,42,4.185520154316998,17,0.09042553191489362,"{""3"":17,""4"":2,""5"":56,""6"":59,""7"":33,""8"":14,""9"":7}","{""10"":5,""11"":21,""12"":5,""13"":2,""14"":5,""15"":8,""16"":3,""18"":6,""19"":3,""20"":3,""21"":1,""24"":1,""3"":17,""4"":2,""6"":6,""7"":49,""8"":26,""9"":25}",64,"{""count"":64,""unique_topologies"":64,""topology_entropy_bits"":6.0,""effective_topology_count"":64.0,""triangle_like_count"":0,""triangle_like_fraction"":0.0,""mean_nodes"":7.203125,""mean_muscles"":12.0,""node_counts"":{""10"":1,""4"":4,""5"":2,""6"":12,""7"":16,""8"":20,""9"":9},""muscle_counts"":{""10"":6,""11"":3,""12"":12,""13"":2,""14"":4,""15"":11,""16"":5,""17"":2,""18"":1,""19"":1,""20"":1,""4"":1,""5"":4,""6"":1,""7"":1,""8"":5,""9"":4}}",141,5.613403986205181,100,0.1,"{""10"":10,""3"":100,""4"":104,""5"":198,""6"":248,""7"":202,""8"":80,""9"":58}","{""10"":55,""11"":80,""12"":48,""13"":21,""14"":37,""15"":29,""16"":31,""17"":2,""18"":12,""19"":20,""20"":15,""21"":10,""22"":2,""24"":8,""25"":2,""26"":1,""27"":1,""3"":100,""4"":58,""5"":56,""6"":56,""7"":136,""8"":113,""9"":107}","{""Diagonal CMA-ES"":{""attempts"":313,""discoveries"":0,""improvements"":0,""insertions"":0,""insertion_rate"":0.0},""Immigrant"":{""attempts"":161,""discoveries"":0,""improvements"":0,""insertions"":0,""insertion_rate"":0.0},""Morphology"":{""attempts"":291,""discoveries"":1,""improvements"":6,""insertions"":7,""insertion_rate"":0.024054982817869417},""Novelty"":{""attempts"":235,""discoveries"":0,""improvements"":1,""insertions"":1,""insertion_rate"":0.00425531914893617}}","{""Morphology"":190,""Novelty"":30}",1,0.8935185185185185,true,9000
42,98,99000,2.9718590350000014,0.028529176,0.026076253,0.001021062,0.001431861,3.203380003,147.26434,29.17951,6087.064890384674,188,0.9791667,42,4.177243683238104,18,0.09574468085106383,"{""3"":18,""4"":2,""5"":57,""6"":57,""7"":33,""8"":14,""9"":7}","{""10"":5,""11"":20,""12"":5,""13"":2,""14"":5,""15"":8,""16"":3,""18"":6,""19"":3,""20"":3,""21"":1,""24"":1,""3"":18,""4"":2,""6"":6,""7"":50,""8"":26,""9"":24}",64,"{""count"":64,""unique_topologies"":64,""topology_entropy_bits"":6.0,""effective_topology_count"":64.0,""triangle_like_count"":0,""triangle_like_fraction"":0.0,""mean_nodes"":7.171875,""mean_muscles"":11.90625,""node_counts"":{""10"":1,""4"":4,""5"":2,""6"":12,""7"":17,""8"":20,""9"":8},""muscle_counts"":{""10"":7,""11"":3,""12"":12,""13"":2,""14"":4,""15"":11,""16"":4,""17"":2,""18"":1,""19"":1,""20"":1,""4"":1,""5"":4,""6"":1,""7"":1,""8"":5,""9"":4}}",146,5.564508235423825,98,0.098,"{""10"":11,""3"":98,""4"":88,""5"":190,""6"":311,""7"":184,""8"":65,""9"":53}","{""10"":43,""11"":72,""12"":48,""13"":17,""14"":33,""15"":22,""16"":18,""17"":5,""18"":9,""19"":21,""20"":15,""21"":8,""22"":3,""23"":2,""24"":8,""25"":2,""26"":1,""28"":1,""3"":98,""4"":56,""5"":55,""6"":52,""7"":119,""8"":116,""9"":176}","{""Diagonal CMA-ES"":{""attempts"":304,""discoveries"":0,""improvements"":0,""insertions"":0,""insertion_rate"":0.0},""Immigrant"":{""attempts"":166,""discoveries"":0,""improvements"":0,""insertions"":0,""insertion_rate"":0.0},""Morphology"":{""attempts"":289,""discoveries"":1,""improvements"":5,""insertions"":6,""insertion_rate"":0.020761245674740483},""Novelty"":{""attempts"":241,""discoveries"":0,""improvements"":0,""insertions"":0,""insertion_rate"":0.0}}","{""Morphology"":196,""Novelty"":31}",1,0.8935185185185185,false,1000
42,99,100000,3.0006351660000012,0.028776131000000003,0.026186671,0.001021061,0.001568399,3.234201819,147.26434,29.203611,6152.298888206482,188,0.9791667,41,4.155722690234974,19,0.10106382978723404,"{""3"":19,""4"":3,""5"":57,""6"":57,""7"":33,""8"":13,""9"":6}","{""10"":5,""11"":21,""12"":5,""13"":1,""14"":5,""15"":8,""16"":3,""18"":6,""19"":3,""20"":2,""21"":1,""24"":1,""3"":19,""4"":3,""6"":6,""7"":50,""8"":25,""9"":24}",64,"{""count"":64,""unique_topologies"":64,""topology_entropy_bits"":6.0,""effective_topology_count"":64.0,""triangle_like_count"":0,""triangle_like_fraction"":0.0,""mean_nodes"":7.1875,""mean_muscles"":11.765625,""node_counts"":{""10"":1,""4"":4,""5"":2,""6"":11,""7"":18,""8"":20,""9"":8},""muscle_counts"":{""10"":8,""11"":2,""12"":13,""13"":2,""14"":4,""15"":11,""16"":4,""17"":2,""18"":1,""19"":1,""4"":1,""5"":4,""6"":1,""7"":1,""8"":5,""9"":4}}",125,5.1293194278338765,222,0.222,"{""10"":1,""3"":222,""4"":114,""5"":190,""6"":200,""7"":178,""8"":54,""9"":41}","{""10"":43,""11"":66,""12"":44,""13"":12,""14"":24,""15"":26,""16"":16,""17"":3,""18"":6,""19"":14,""20"":12,""21"":7,""22"":1,""24"":6,""3"":222,""4"":74,""5"":59,""6"":37,""7"":142,""8"":89,""9"":97}","{""Diagonal CMA-ES"":{""attempts"":301,""discoveries"":0,""improvements"":0,""insertions"":0,""insertion_rate"":0.0},""Immigrant"":{""attempts"":165,""discoveries"":0,""improvements"":0,""insertions"":0,""insertion_rate"":0.0},""Morphology"":{""attempts"":294,""discoveries"":2,""improvements"":6,""insertions"":8,""insertion_rate"":0.027210884353741496},""Novelty"":{""attempts"":240,""discoveries"":0,""improvements"":2,""insertions"":2,""insertion_rate"":0.008333333333333333}}","{""Morphology"":200,""Novelty"":26}",2,0.8940092165898618,false,2000
42,100,101000,3.0283284970000013,0.027693331,0.025177482,0.001035309,0.00148054,3.264066687,147.26434,29.203611,6164.743588447571,188,0.9791667,41,4.165040978530592,19,0.10106382978723404,"{""3"":19,""4"":3,""5"":57,""6"":56,""7"":34,""8"":13,""9"":6}","{""10"":5,""11"":21,""12"":5,""13"":1,""14"":6,""15"":8,""16"":3,""18"":6,""19"":3,""20"":2,""21"":1,""24"":1,""3"":19,""4"":3,""6"":6,""7"":50,""8"":25,""9"":23}",64,"{""count"":64,""unique_topologies"":64,""topology_entropy_bits"":6.0,""effective_topology_count"":64.0,""triangle_like_count"":0,""triangle_like_fraction"":0.0,""mean_nodes"":7.1875,""mean_muscles"":11.765625,""node_counts"":{""10"":1,""4"":4,""5"":2,""6"":11,""7"":18,""8"":20,""9"":8},""muscle_counts"":{""10"":8,""11"":2,""12"":13,""13"":2,""14"":4,""15"":11,""16"":4,""17"":2,""18"":1,""19"":1,""4"":1,""5"":4,""6"":1,""7"":1,""8"":5,""9"":4}}",148,5.665194293512512,94,0.094,"{""10"":14,""3"":94,""4"":109,""5"":213,""6"":246,""7"":191,""8"":81,""9"":52}","{""10"":47,""11"":84,""12"":48,""13"":20,""14"":33,""15"":37,""16"":20,""17"":5,""18"":7,""19"":26,""20"":13,""21"":10,""22"":2,""24"":6,""25"":1,""3"":94,""4"":73,""5"":59,""6"":49,""7"":146,""8"":111,""9"":109}","{""Diagonal CMA-ES"":{""attempts"":278,""discoveries"":0,""improvements"":0,""insertions"":0,""insertion_rate"":0.0},""Immigrant"":{""attempts"":135,""discoveries"":0,""improvements"":0,""insertions"":0,""insertion_rate"":0.0},""Morphology"":{""attempts"":335,""discoveries"":0,""improvements"":4,""insertions"":4,""insertion_rate"":0.011940298507462687},""Novelty"":{""attempts"":252,""discoveries"":0,""improvements"":0,""insertions"":0,""insertion_rate"":0.0}}","{""Morphology"":224,""Novelty"":33}",0,0.8942528735632184,false,3000
42,101,102000,3.055415127000001,0.02708663,0.024690697,0.001062616,0.001333317,3.293316543,147.26434,29.203611,6185.83846116066,188,0.9791667,42,4.208433377644918,19,0.10106382978723404,"{""3"":19,""4"":3,""5"":55,""6"":56,""7"":35,""8"":12,""9"":8}","{""10"":5,""11"":22,""12"":5,""13"":2,""14"":6,""15"":8,""16"":3,""18"":6,""19"":3,""20"":2,""21"":1,""24"":1,""3"":19,""4"":3,""6"":5,""7"":49,""8"":25,""9"":23}",64,"{""count"":64,""unique_topologies"":64,""topology_entropy_bits"":6.0,""effective_topology_count"":64.0,""triangle_like_count"":0,""triangle_like_fraction"":0.0,""mean_nodes"":7.171875,""mean_muscles"":11.75,""node_counts"":{""10"":1,""4"":4,""5"":2,""6"":11,""7"":18,""8"":21,""9"":7},""muscle_counts"":{""10"":8,""11"":2,""12"":14,""13"":1,""14"":4,""15"":11,""16"":4,""17"":2,""18"":1,""19"":1,""4"":1,""5"":4,""6"":1,""7"":1,""8"":5,""9"":4}}",141,5.580629236584879,102,0.102,"{""10"":2,""11"":1,""3"":102,""4"":117,""5"":222,""6"":237,""7"":202,""8"":65,""9"":52}","{""10"":45,""11"":83,""12"":48,""13"":17,""14"":39,""15"":25,""16"":23,""18"":3,""19"":25,""20"":14,""21"":7,""22"":1,""23"":1,""24"":5,""25"":1,""3"":102,""4"":70,""5"":70,""6"":56,""7"":140,""8"":117,""9"":108}","{""Diagonal CMA-ES"":{""attempts"":289,""discoveries"":0,""improvements"":1,""insertions"":1,""insertion_rate"":0.0034602076124567475},""Immigrant"":{""attempts"":168,""discoveries"":0,""improvements"":0,""insertions"":0,""insertion_rate"":0.0},""Morphology"":{""attempts"":292,""discoveries"":2,""improvements"":5,""insertions"":7,""insertion_rate"":0.023972602739726026},""Novelty"":{""attempts"":251,""discoveries"":0,""improvements"":0,""insertions"":0,""insertion_rate"":0.0}}","{""Morphology"":198,""Novelty"":27}",3,0.8944954128440367,false,4000
42,102,103000,3.082530253000001,0.027115125999999996,0.024818923,0.000947451,0.001348752,3.32247854,147.26434,29.575811,6202.330521821976,188,0.9791667,42,4.179565471150846,17,0.09042553191489362,"{""3"":17,""4"":3,""5"":56,""6"":59,""7"":34,""8"":12,""9"":7}","{""10"":5,""11"":24,""12"":5,""13"":1,""14"":6,""15"":8,""16"":3,""18"":6,""19"":3,""20"":2,""21"":1,""24"":1,""3"":17,""4"":3,""6"":5,""7"":51,""8"":24,""9"":23}",64,"{""count"":64,""unique_topologies"":64,""topology_entropy_bits"":6.0,""effective_topology_count"":64.0,""triangle_like_count"":0,""triangle_like_fraction"":0.0,""mean_nodes"":7.140625,""mean_muscles"":11.609375,""node_counts"":{""10"":1,""4"":4,""5"":2,""6"":12,""7"":18,""8"":20,""9"":7},""muscle_counts"":{""10"":8,""11"":3,""12"":13,""13"":1,""14"":4,""15"":11,""16"":3,""17"":2,""18"":1,""19"":1,""4"":1,""5"":4,""6"":1,""7"":1,""8"":6,""9"":4}}",141,5.176966609657172,142,0.142,"{""10"":16,""3"":142,""4"":116,""5"":243,""6"":239,""7"":137,""8"":60,""9"":47}","{""10"":26,""11"":83,""12"":43,""13"":15,""14"":16,""15"":23,""16"":21,""17"":12,""18"":22,""19"":14,""20"":3,""21"":8,""22"":5,""23"":1,""24"":2,""25"":2,""3"":142,""4"":83,""5"":56,""6"":46,""7"":179,""8"":112,""9"":86}","{""Diagonal CMA-ES"":{""attempts"":308,""discoveries"":0,""improvements"":0,""insertions"":0,""insertion_rate"":0.0},""Immigrant"":{""attempts"":154,""discoveries"":0,""improvements"":0,""insertions"":0,""insertion_rate"":0.0},""Morphology"":{""attempts"":296,""discoveries"":2,""improvements"":9,""insertions"":11,""insertion_rate"":0.037162162162162164},""Novelty"":{""attempts"":242,""discoveries"":0,""improvements"":0,""insertions"":0,""insertion_rate"":0.0}}","{""Morphology"":207,""Novelty"":28}",3,0.8949771689497716,false,5000
42,103,104000,3.1092025230000013,0.02667227,0.024345199,0.000942701,0.00138437,3.351196494,147.26434,29.575811,6225.470814943314,188,0.9791667,42,4.179565471150845,17,0.09042553191489362,"{""3"":17,""4"":3,""5"":56,""6"":59,""7"":34,""8"":12,""9"":7}","{""10"":5,""11"":24,""12"":5,""13"":1,""14"":6,""15"":8,""16"":3,""18"":6,""19"":3,""20"":2,""21"":1,""24"":1,""3"":17,""4"":3,""6"":5,""7"":51,""8"":24,""9"":23}",64,"{""count"":64,""unique_topologies"":64,""topology_entropy_bits"":6.0,""effective_topology_count"":64.0,""triangle_like_count"":0,""triangle_like_fraction"":0.0,""mean_nodes"":7.1875,""mean_muscles"":11.78125,""node_counts"":{""10"":1,""4"":4,""5"":2,""6"":11,""7"":18,""8"":20,""9"":8},""muscle_counts"":{""10"":8,""11"":3,""12"":13,""13"":1,""14"":4,""15"":11,""16"":3,""17"":2,""18"":1,""19"":2,""4"":1,""5"":4,""6"":1,""7"":1,""8"":5,""9"":4}}",159,5.31933173371649,127,0.127,"{""10"":4,""11"":1,""3"":127,""4"":98,""5"":256,""6"":245,""7"":144,""8"":84,""9"":41}","{""10"":34,""11"":118,""12"":50,""13"":8,""14"":23,""15"":19,""16"":16,""17"":6,""18"":25,""19"":14,""20"":6,""21"":5,""22"":2,""23"":2,""24"":4,""3"":127,""4"":71,""5"":54,""6"":48,""7"":181,""8"":98,""9"":89}","{""Diagonal CMA-ES"":{""attempts"":282,""discoveries"":0,""improvements"":0,""insertions"":0,""insertion_rate"":0.0},""Immigrant"":{""attempts"":137,""discoveries"":0,""improvements"":0,""insertions"":0,""insertion_rate"":0.0},""Morphology"":{""attempts"":317,""discoveries"":1,""improvements"":3,""insertions"":4,""insertion_rate"":0.012618296529968454},""Novelty"":{""attempts"":264,""discoveries"":0,""improvements"":2,""insertions"":2,""insertion_rate"":0.007575757575757576}}","{""Morphology"":212,""Novelty"":34}",1,0.8949771689497716,false,6000
42,104,105000,3.1365990340000014,0.027396511000000002,0.024923404,0.000959323,0.001513784,3.380530647,147.26434,29.824135,6275.2236359119415,188,0.9791667,41,4.149928334317303,17,0.09042553191489362,"{""3"":17,""4"":3,""5"":56,""6"":59,""7"":34,""8"":11,""9"":8}","{""10"":5,""11"":23,""12"":5,""13"":1,""14"":6,""15"":8,""16"":3,""18"":7,""19"":3,""20"":2,""21"":1,""24"":1,""3"":17,""4"":3,""6"":5,""7"":51,""8"":24,""9"":23}",64,"{""count"":64,""unique_topologies"":64,""topology_entropy_bits"":6.0,""effective_topology_count"":64.0,""triangle_like_count"":0,""triangle_like_fraction"":0.0,""mean_nodes"":7.140625,""mean_muscles"":11.65625,""node_counts"":{""10"":1,""4"":4,""5"":2,""6"":12,""7"":18,""8"":20,""9"":7},""muscle_counts"":{""10"":8,""11"":4,""12"":13,""13"":1,""14"":4,""15"":11,""16"":3,""17"":2,""18"":1,""19"":1,""4"":1,""5"":4,""6"":1,""7"":1,""8"":5,""9"":4}}",132,5.190687872343584,128,0.128,"{""10"":11,""3"":128,""4"":108,""5"":229,""6"":257,""7"":161,""8"":64,""9"":42}","{""10"":23,""11"":106,""12"":50,""13"":10,""14"":44,""15"":22,""16"":18,""17"":4,""18"":20,""19"":20,""20"":12,""21"":5,""22"":1,""23"":2,""24"":6,""25"":2,""3"":128,""4"":80,""5"":52,""6"":37,""7"":172,""8"":122,""9"":64}","{""Diagonal CMA-ES"":{""attempts"":309,""discoveries"":0,""improvements"":0,""insertions"":0,""insertion_rate"":0.0},""Immigrant"":{""attempts"":141,""discoveries"":0,""improvements"":0,""insertions"":0,""insertion_rate"":0.0},""Morphology"":{""attempts"":278,""discoveries"":1,""improvements"":2,""insertions"":3,""insertion_rate"":0.01079136690647482},""Novelty"":{""attempts"":272,""discoveries"":0,""improvements"":0,""insertions"":0,""insertion_rate"":0.0}}","{""Morphology"":178,""Novelty"":30}",2,0.8934240362811792,false,7000
42,105,106000,3.1644383990000016,0.027839364999999998,0.025564535,0.000975945,0.001298885,3.410283911,147.26434,29.824135,6290.537793397903,188,0.9791667,41,4.168927173278505,17,0.09042553191489362,"{""3"":17,""4"":3,""5"":56,""6"":59,""7"":34,""8"":11,""9"":8}","{""10"":5,""11"":23,""12"":5,""13"":1,""14"":6,""15"":8,""16"":3,""18"":7,""19"":3,""20"":2,""21"":1,""24"":1,""3"":17,""4"":3,""6"":5,""7"":51,""8"":25,""9"":22}",64,"{""count"":64,""unique_topologies"":64,""topology_entropy_bits"":6.0,""effective_topology_count"":64.0,""triangle_like_count"":0,""triangle_like_fraction"":0.0,""mean_nodes"":7.15625,""mean_muscles"":11.671875,""node_counts"":{""10"":1,""4"":4,""5"":2,""6"":11,""7"":19,""8"":20,""9"":7},""muscle_counts"":{""10"":8,""11"":3,""12"":14,""13"":1,""14"":4,""15"":11,""16"":3,""17"":2,""18"":1,""19"":1,""4"":1,""5"":4,""6"":1,""7"":1,""8"":5,""9"":4}}",138,5.26970023303411,135,0.135,"{""10"":3,""3"":135,""4"":109,""5"":229,""6"":249,""7"":173,""8"":58,""9"":44}","{""10"":26,""11"":107,""12"":67,""13"":7,""14"":28,""15"":28,""16"":11,""17"":5,""18"":23,""19"":15,""20"":8,""21"":6,""22"":1,""24"":4,""25"":2,""26"":1,""3"":135,""4"":74,""5"":65,""6"":38,""7"":166,""8"":94,""9"":89}","{""Diagonal CMA-ES"":{""attempts"":296,""discoveries"":0,""improvements"":0,""insertions"":0,""insertion_rate"":0.0},""Immigrant"":{""attempts"":152,""discoveries"":0,""improvements"":0,""insertions"":0,""insertion_rate"":0.0},""Morphology"":{""attempts"":299,""discoveries"":1,""improvements"":6,""insertions"":7,""insertion_rate"":0.023411371237458192},""Novelty"":{""attempts"":253,""discoveries"":0,""improvements"":0,""insertions"":0,""insertion_rate"":0.0}}","{""Morphology"":204,""Novelty"":22}",1,0.8918918918918919,false,8000
42,106,107000,3.1943008910000015,0.029862492,0.027034389,0.001094673,0.00173343,3.4440193150000002,147.26434,30.579512,6403.949214220047,188,0.9791667,41,4.157083434589534,18,0.09574468085106383,"{""3"":18,""4"":3,""5"":56,""6"":58,""7"":35,""8"":10,""9"":8}","{""10"":5,""11"":23,""12"":5,""13"":1,""14"":7,""15"":8,""16"":3,""18"":6,""19"":3,""20"":2,""21"":1,""24"":1,""3"":18,""4"":3,""6"":5,""7"":51,""8"":25,""9"":21}",64,"{""count"":64,""unique_topologies"":64,""topology_entropy_bits"":6.0,""effective_topology_count"":64.0,""triangle_like_count"":0,""triangle_like_fraction"":0.0,""mean_nodes"":7.125,""mean_muscles"":11.578125,""node_counts"":{""10"":1,""4"":4,""5"":3,""6"":11,""7"":18,""8"":20,""9"":7},""muscle_counts"":{""10"":8,""11"":3,""12"":13,""13"":1,""14"":4,""15"":11,""16"":3,""17"":2,""18"":1,""19"":1,""4"":1,""5"":4,""6"":2,""7"":1,""8"":5,""9"":4}}",133,5.157908354891875,142,0.142,"{""10"":3,""3"":142,""4"":111,""5"":253,""6"":247,""7"":146,""8"":66,""9"":32}","{""10"":24,""11"":112,""12"":40,""13"":17,""14"":28,""15"":22,""16"":15,""17"":6,""18"":18,""19"":14,""20"":10,""21"":4,""24"":4,""3"":142,""4"":73,""5"":70,""6"":41,""7"":185,""8"":102,""9"":73}","{""Diagonal CMA-ES"":{""attempts"":308,""discoveries"":0,""improvements"":0,""insertions"":0,""insertion_rate"":0.0},""Immigrant"":{""attempts"":165,""discoveries"":0,""improvements"":0,""insertions"":0,""insertion_rate"":0.0},""Morphology"":{""attempts"":289,""discoveries"":1,""improvements"":2,""insertions"":3,""insertion_rate"":0.010380622837370242},""Novelty"":{""attempts"":238,""discoveries"":0,""improvements"":1,""insertions"":1,""insertion_rate"":0.004201680672268907}}","{""Morphology"":200,""Novelty"":35}",1,0.8898876404494382,false,9000
42,107,108000,3.2284245360000017,0.034123645,0.031610171,0.001259705,0.001253769,3.480798907,147.26434,30.956945,6436.845335245132,189,0.984375,41,4.152448966649896,19,0.10052910052910052,"{""3"":19,""4"":3,""5"":55,""6"":59,""7"":35,""8"":10,""9"":8}","{""10"":5,""11"":22,""12"":5,""13"":1,""14"":8,""15"":8,""16"":3,""18"":6,""19"":3,""20"":2,""21"":1,""24"":1,""3"":19,""4"":3,""6"":5,""7"":50,""8"":25,""9"":22}",64,"{""count"":64,""unique_topologies"":64,""topology_entropy_bits"":6.0,""effective_topology_count"":64.0,""triangle_like_count"":0,""triangle_like_fraction"":0.0,""mean_nodes"":7.140625,""mean_muscles"":11.609375,""node_counts"":{""10"":1,""4"":4,""5"":2,""6"":12,""7"":18,""8"":20,""9"":7},""muscle_counts"":{""10"":8,""11"":3,""12"":13,""13"":1,""14"":4,""15"":11,""16"":3,""17"":2,""18"":1,""19"":1,""4"":1,""5"":4,""6"":1,""7"":1,""8"":6,""9"":4}}",136,5.5751092120196875,112,0.112,"{""10"":3,""3"":112,""4"":119,""5"":172,""6"":251,""7"":224,""8"":60,""9"":59}","{""10"":39,""11"":71,""12"":53,""13"":13,""14"":66,""15"":24,""16"":24,""17"":6,""18"":9,""19"":22,""20"":9,""21"":14,""22"":2,""24"":6,""25"":1,""29"":1,""3"":112,""4"":68,""5"":63,""6"":44,""7"":128,""8"":118,""9"":107}","{""Diagonal CMA-ES"":{""attempts"":325,""discoveries"":1,""improvements"":0,""insertions"":1,""insertion_rate"":0.003076923076923077},""Immigrant"":{""attempts"":151,""discoveries"":0,""improvements"":0,""insertions"":0,""insertion_rate"":0.0},""Morphology"":{""attempts"":287,""discoveries"":1,""improvements"":3,""insertions"":4,""insertion_rate"":0.013937282229965157},""Novelty"":{""attempts"":237,""discoveries"":0,""improvements"":2,""insertions"":2,""insertion_rate"":0.008438818565400843}}","{""Morphology"":191,""Novelty"":33}",0,0.8881431767337807,false,10000
42,108,109000,3.2624128310000016,0.033988294999999995,0.031752644,0.001008002,0.001227649,3.516609678,147.26434,31.35157,6483.6778218746185,189,0.984375,41,4.133126359615681,19,0.10052910052910052,"{""3"":19,""4"":4,""5"":55,""6"":60,""7"":33,""8"":10,""9"":8}","{""10"":5,""11"":23,""12"":4,""13"":1,""14"":8,""15"":8,""16"":3,""18"":6,""19"":3,""20"":2,""21"":1,""24"":1,""3"":19,""4"":4,""6"":5,""7"":50,""8"":25,""9"":21}",64,"{""count"":64,""unique_topologies"":64,""topology_entropy_bits"":6.0,""effective_topology_count"":64.0,""triangle_like_count"":0,""triangle_like_fraction"":0.0,""mean_nodes"":7.15625,""mean_muscles"":11.65625,""node_counts"":{""10"":1,""4"":4,""5"":2,""6"":11,""7"":19,""8"":20,""9"":7},""muscle_counts"":{""10"":8,""11"":4,""12"":13,""13"":1,""14"":4,""15"":11,""16"":3,""17"":2,""18"":1,""19"":1,""4"":1,""5"":4,""6"":1,""7"":1,""8"":5,""9"":4}}",113,4.527316048442688,248,0.248,"{""10"":4,""3"":248,""4"":128,""5"":178,""6"":279,""7"":113,""8"":35,""9"":15}","{""10"":11,""11"":167,""12"":35,""13"":4,""14"":23,""15"":21,""16"":12,""17"":4,""18"":16,""19"":6,""20"":6,""22"":1,""24"":2,""25"":1,""3"":248,""4"":84,""5"":66,""6"":29,""7"":130,""8"":86,""9"":48}","{""Diagonal CMA-ES"":{""attempts"":279,""discoveries"":0,""improvements"":0,""insertions"":0,""insertion_rate"":0.0},""Immigrant"":{""attempts"":155,""discoveries"":0,""improvements"":0,""insertions"":0,""insertion_rate"":0.0},""Morphology"":{""attempts"":301,""discoveries"":1,""improvements"":6,""insertions"":7,""insertion_rate"":0.023255813953488372},""Novelty"":{""attempts"":265,""discoveries"":0,""improvements"":2,""insertions"":2,""insertion_rate"":0.007547169811320755}}","{""Morphology"":201,""Novelty"":39}",0,0.8861607142857143,false,11000
42,109,110000,3.2958003620000014,0.033387531,0.031067584,0.001099422,0.001220525,3.552095134,147.26434,31.965513,6530.081242322922,189,0.984375,40,4.087089371348617,20,0.10582010582010581,"{""3"":20,""4"":3,""5"":55,""6"":61,""7"":32,""8"":10,""9"":8}","{""10"":4,""11"":24,""12"":4,""13"":1,""14"":8,""15"":8,""16"":3,""18"":6,""19"":3,""20"":2,""21"":1,""24"":1,""3"":20,""4"":3,""6"":5,""7"":50,""8"":25,""9"":21}",64,"{""count"":64,""unique_topologies"":64,""topology_entropy_bits"":6.0,""effective_topology_count"":64.0,""triangle_like_count"":0,""triangle_like_fraction"":0.0,""mean_nodes"":7.140625,""mean_muscles"":11.703125,""node_counts"":{""10"":1,""4"":4,""5"":2,""6"":11,""7"":19,""8"":21,""9"":6},""muscle_counts"":{""10"":8,""11"":4,""12"":12,""13"":1,""14"":4,""15"":12,""16"":3,""17"":2,""18"":1,""19"":1,""4"":1,""5"":4,""6"":1,""7"":1,""8"":5,""9"":4}}",116,4.407542186547274,258,0.258,"{""10"":2,""3"":258,""4"":107,""5"":270,""6"":209,""7"":100,""8"":41,""9"":13}","{""10"":12,""11"":99,""12"":34,""13"":5,""14"":20,""15"":22,""16"":6,""17"":5,""18"":19,""19"":4,""20"":1,""21"":1,""22"":1,""25"":1,""3"":258,""30"":1,""4"":66,""5"":61,""6"":36,""7"":215,""8"":83,""9"":50}","{""Diagonal CMA-ES"":{""attempts"":298,""discoveries"":0,""improvements"":0,""insertions"":0,""insertion_rate"":0.0},""Immigrant"":{""attempts"":167,""discoveries"":0,""improvements"":0,""insertions"":0,""insertion_rate"":0.0},""Morphology"":{""attempts"":280,""discoveries"":1,""improvements"":4,""insertions"":5,""insertion_rate"":0.017857142857142856},""Novelty"":{""attempts"":255,""discoveries"":0,""improvements"":4,""insertions"":4,""insertion_rate"":0.01568627450980392}}","{""Morphology"":166,""Novelty"":29}",1,0.8841870824053452,false,12000
42,110,111000,3.3284660250000013,0.032665663,0.030064331,0.001167097,0.001434235,3.586928773,147.26434,31.965513,6554.06525683403,189,0.984375,40,4.104551752434974,20,0.10582010582010581,"{""3"":20,""4"":3,""5"":55,""6"":60,""7"":33,""8"":10,""9"":8}","{""10"":4,""11"":24,""12"":4,""13"":1,""14"":8,""15"":9,""16"":3,""18"":6,""19"":3,""20"":2,""21"":1,""24"":1,""3"":20,""4"":3,""6"":5,""7"":50,""8"":24,""9"":21}",64,"{""count"":64,""unique_topologies"":64,""topology_entropy_bits"":6.0,""effective_topology_count"":64.0,""triangle_like_count"":0,""triangle_like_fraction"":0.0,""mean_nodes"":7.1875,""mean_muscles"":11.875,""node_counts"":{""10"":1,""4"":4,""5"":2,""6"":11,""7"":18,""8"":20,""9"":8},""muscle_counts"":{""10"":7,""11"":4,""12"":12,""13"":1,""14"":4,""15"":11,""16"":3,""17"":2,""18"":2,""19"":2,""4"":1,""5"":5,""7"":1,""8"":5,""9"":4}}",97,4.284443897155566,248,0.248,"{""11"":1,""3"":248,""4"":121,""5"":175,""6"":307,""7"":87,""8"":37,""9"":24}","{""10"":9,""11"":223,""12"":31,""13"":4,""14"":11,""15"":22,""16"":14,""17"":2,""18"":25,""19"":5,""20"":4,""21"":2,""22"":3,""24"":1,""25"":2,""3"":248,""4"":61,""5"":82,""6"":30,""7"":125,""8"":65,""9"":31}","{""Diagonal CMA-ES"":{""attempts"":283,""discoveries"":0,""improvements"":0,""insertions"":0,""insertion_rate"":0.0},""Immigrant"":{""attempts"":149,""discoveries"":0,""improvements"":0,""insertions"":0,""insertion_rate"":0.0},""Morphology"":{""attempts"":284,""discoveries"":3,""improvements"":5,""insertions"":8,""insertion_rate"":0.028169014084507043},""Novelty"":{""attempts"":284,""discoveries"":0,""improvements"":2,""insertions"":2,""insertion_rate"":0.007042253521126761}}","{""Morphology"":193,""Novelty"":29}",3,0.8841870824053452,false,13000
42,111,112000,3.3619342920000013,0.033468267,0.031004658,0.001117232,0.001346377,3.62280247,147.26434,32.45423,6643.753179550171,189,0.984375,39,4.085590352359383,20,0.10582010582010581,"{""3"":20,""4"":4,""5"":54,""6"":62,""7"":32,""8"":10,""9"":7}","{""10"":4,""11"":26,""12"":4,""13"":1,""14"":7,""15"":9,""16"":3,""18"":6,""19"":2,""20"":2,""21"":1,""24"":1,""3"":20,""4"":4,""6"":5,""7"":49,""8"":24,""9"":21}",64,"{""count"":64,""unique_topologies"":64,""topology_entropy_bits"":6.0,""effective_topology_count"":64.0,""triangle_like_count"":0,""triangle_like_fraction"":0.0,""mean_nodes"":7.1875,""mean_muscles"":11.875,""node_counts"":{""10"":1,""4"":4,""5"":2,""6"":11,""7"":18,""8"":20,""9"":8},""muscle_counts"":{""10"":7,""11"":4,""12"":12,""13"":1,""14"":4,""15"":11,""16"":3,""17"":2,""18"":2,""19"":2,""4"":1,""5"":5,""7"":1,""8"":5,""9"":4}}",131,4.8347816615002515,138,0.138,"{""10"":20,""3"":138,""4"":110,""5"":191,""6"":292,""7"":183,""8"":48,""9"":18}","{""10"":17,""11"":178,""12"":30,""13"":5,""14"":22,""15"":18,""16"":9,""17"":1,""18"":20,""19"":15,""20"":7,""21"":2,""22"":1,""23"":3,""24"":5,""25"":4,""3"":138,""4"":86,""5"":49,""6"":33,""7"":141,""8"":87,""9"":129}","{""Diagonal CMA-ES"":{""attempts"":264,""discoveries"":0,""improvements"":0,""insertions"":0,""insertion_rate"":0.0},""Immigrant"":{""attempts"":160,""discoveries"":0,""improvements"":0,""insertions"":0,""insertion_rate"":0.0},""Morphology"":{""attempts"":298,""discoveries"":0,""improvements"":6,""insertions"":6,""insertion_rate"":0.020134228187919462},""Novelty"":{""attempts"":278,""discoveries"":0,""improvements"":0,""insertions"":0,""insertion_rate"":0.0}}","{""Morphology"":201,""Novelty"":26}",0,0.8841870824053452,false,14000
42,112,113000,3.3960282560000015,0.034093964000000004,0.031262298,0.001098235,0.001733431,3.658965864,147.26434,32.1983,6686.548416137695,190,0.9895833,39,4.060039059616645,20,0.10526315789473684,"{""3"":20,""4"":4,""5"":56,""6"":61,""7"":32,""8"":10,""9"":7}","{""10"":4,""11"":27,""12"":4,""13"":1,""14"":8,""15"":9,""16"":3,""18"":6,""19"":2,""20"":2,""21"":1,""24"":1,""3"":20,""4"":4,""5"":1,""6"":5,""7"":50,""8"":23,""9"":19}",64,"{""count"":64,""unique_topologies"":64,""topology_entropy_bits"":6.0,""effective_topology_count"":64.0,""triangle_like_count"":0,""triangle_like_fraction"":0.0,""mean_nodes"":7.125,""mean_muscles"":11.59375,""node_counts"":{""4"":4,""5"":3,""6"":11,""7"":17,""8"":21,""9"":8},""muscle_counts"":{""10"":8,""11"":4,""12"":12,""13"":1,""14"":3,""15"":11,""16"":3,""17"":2,""18"":2,""19"":1,""4"":1,""5"":6,""7"":1,""8"":5,""9"":4}}",125,5.129182273341195,141,0.141,"{""10"":4,""3"":141,""4"":111,""5"":235,""6"":267,""7"":155,""8"":50,""9"":37}","{""10"":27,""11"":133,""12"":35,""13"":9,""14"":24,""15"":22,""16"":16,""17"":4,""18"":15,""19"":16,""20"":6,""21"":7,""23"":1,""24"":4,""3"":141,""4"":73,""5"":60,""6"":54,""7"":164,""8"":91,""9"":98}","{""Diagonal CMA-ES"":{""attempts"":309,""discoveries"":0,""improvements"":0,""insertions"":0,""insertion_rate"":0.0},""Immigrant"":{""attempts"":139,""discoveries"":0,""improvements"":0,""insertions"":0,""insertion_rate"":0.0},""Morphology"":{""attempts"":305,""discoveries"":2,""improvements"":7,""insertions"":9,""insertion_rate"":0.029508196721311476},""Novelty"":{""attempts"":247,""discoveries"":1,""improvements"":0,""insertions"":1,""insertion_rate"":0.004048582995951417}}","{""Morphology"":199,""Novelty"":27}",3,0.8844444444444445,false,15000
42,113,114000,3.4289088170000013,0.032880561,0.029883864,0.001142164,0.001854533,3.694281539,147.26434,32.1983,6734.52569437027,190,0.9895833,39,4.054364877372034,20,0.10526315789473684,"{""3"":20,""4"":4,""5"":57,""6"":60,""7"":32,""8"":10,""9"":7}","{""10"":4,""11"":26,""12"":4,""13"":1,""14"":8,""15"":9,""16"":3,""18"":6,""19"":2,""20"":2,""21"":1,""24"":1,""3"":20,""4"":4,""5"":1,""6"":5,""7"":51,""8"":23,""9"":19}",64,"{""count"":64,""unique_topologies"":64,""topology_entropy_bits"":6.0,""effective_topology_count"":64.0,""triangle_like_count"":0,""triangle_like_fraction"":0.0,""mean_nodes"":7.109375,""mean_muscles"":11.578125,""node_counts"":{""4"":4,""5"":3,""6"":11,""7"":18,""8"":20,""9"":8},""muscle_counts"":{""10"":7,""11"":4,""12"":12,""13"":1,""14"":3,""15"":11,""16"":3,""17"":2,""18"":2,""19"":1,""4"":1,""5"":6,""7"":1,""8"":5,""9"":5}}",126,5.024477378336059,102,0.102,"{""10"":1,""3"":102,""4"":91,""5"":171,""6"":397,""7"":146,""8"":52,""9"":40}","{""10"":29,""11"":270,""12"":33,""13"":8,""14"":37,""15"":30,""16"":20,""17"":2,""18"":11,""19"":11,""20"":9,""21"":5,""22"":1,""24"":4,""3"":102,""4"":59,""5"":69,""6"":56,""7"":103,""8"":77,""9"":64}","{""Diagonal CMA-ES"":{""attempts"":319,""discoveries"":0,""improvements"":0,""insertions"":0,""insertion_rate"":0.0},""Immigrant"":{""attempts"":171,""discoveries"":0,""improvements"":0,""insertions"":0,""insertion_rate"":0.0},""Morphology"":{""attempts"":279,""discoveries"":1,""improvements"":6,""insertions"":7,""insertion_rate"":0.025089605734767026},""Novelty"":{""attempts"":231,""discoveries"":0,""improvements"":1,""insertions"":1,""insertion_rate"":0.004329004329004329}}","{""Morphology"":181,""Novelty"":32}",1,0.8852097130242825,false,16000
42,114,115000,3.4642114320000013,0.035302615,0.032613423,0.001154037,0.001535155,3.732110688,147.26434,32.1983,6761.615769863129,190,0.9895833,39,4.057915570591726,21,0.11052631578947368,"{""3"":21,""4"":4,""5"":56,""6"":61,""7"":31,""8"":10,""9"":7}","{""10"":4,""11"":27,""12"":3,""13"":1,""14"":8,""15"":9,""16"":3,""18"":6,""19"":2,""20"":2,""21"":1,""24"":1,""3"":21,""4"":4,""5"":1,""6"":5,""7"":50,""8"":24,""9"":18}",64,"{""count"":64,""unique_topologies"":64,""topology_entropy_bits"":6.0,""effective_topology_count"":64.0,""triangle_like_count"":0,""triangle_like_fraction"":0.0,""mean_nodes"":7.046875,""mean_muscles"":11.40625,""node_counts"":{""4"":4,""5"":3,""6"":13,""7"":17,""8"":20,""9"":7},""muscle_counts"":{""10"":7,""11"":4,""12"":12,""13"":1,""14"":3,""15"":11,""16"":2,""17"":2,""18"":2,""19"":1,""4"":1,""5"":6,""6"":1,""7"":1,""8"":6,""9"":4}}",142,5.484258080113168,92,0.092,"{""10"":5,""3"":92,""4"":114,""5"":165,""6"":317,""7"":184,""8"":73,""9"":50}","{""10"":34,""11"":157,""12"":44,""13"":11,""14"":47,""15"":28,""16"":26,""17"":3,""18"":13,""19"":21,""20"":13,""21"":8,""22"":1,""24"":5,""28"":1,""3"":92,""4"":72,""5"":65,""6"":42,""7"":114,""8"":93,""9"":110}","{""Diagonal CMA-ES"":{""attempts"":286,""discoveries"":0,""improvements"":0,""insertions"":0,""insertion_rate"":0.0},""Immigrant"":{""attempts"":148,""discoveries"":0,""improvements"":0,""insertions"":0,""insertion_rate"":0.0},""Morphology"":{""attempts"":313,""discoveries"":1,""improvements"":6,""insertions"":7,""insertion_rate"":0.022364217252396165},""Novelty"":{""attempts"":253,""discoveries"":1,""improvements"":0,""insertions"":1,""insertion_rate"":0.003952569169960474}}","{""Morphology"":206,""Novelty"":32}",2,0.8852097130242825,false,17000
42,115,116000,3.4974778600000014,0.033266428,0.030624728,0.001070927,0.001570773,3.767896526,147.26434,32.563408,6833.231684207916,190,0.9895833,40,4.078332159285442,21,0.11052631578947368,"{""3"":21,""4"":3,""5"":56,""6"":61,""7"":32,""8"":10,""9"":7}","{""10"":4,""11"":26,""12"":4,""13"":1,""14"":8,""15"":9,""16"":3,""18"":6,""19"":2,""20"":2,""21"":1,""24"":1,""3"":21,""4"":3,""5"":1,""6"":5,""7"":50,""8"":25,""9"":18}",64,"{""count"":64,""unique_topologies"":64,""topology_entropy_bits"":6.0,""effective_topology_count"":64.0,""triangle_like_count"":0,""triangle_like_fraction"":0.0,""mean_nodes"":7.0625,""mean_muscles"":11.46875,""node_counts"":{""4"":4,""5"":3,""6"":12,""7"":18,""8"":20,""9"":7},""muscle_counts"":{""10"":7,""11"":4,""12"":13,""13"":1,""14"":3,""15"":11,""16"":2,""17"":2,""18"":2,""19"":1,""4"":1,""5"":6,""6"":1,""7"":1,""8"":5,""9"":4}}",135,5.286823332804806,120,0.12,"{""10"":5,""3"":120,""4"":95,""5"":181,""6"":325,""7"":192,""8"":39,""9"":43}","{""10"":35,""11"":173,""12"":36,""13"":5,""14"":45,""15"":26,""16"":18,""17"":3,""18"":5,""19"":19,""20"":12,""21"":8,""22"":1,""23"":1,""24"":6,""28"":1,""3"":120,""4"":52,""5"":81,""6"":37,""7"":128,""8"":104,""9"":84}","{""Diagonal CMA-ES"":{""attempts"":278,""discoveries"":0,""improvements"":0,""insertions"":0,""insertion_rate"":0.0},""Immigrant"":{""attempts"":167,""discoveries"":0,""improvements"":0,""insertions"":0,""insertion_rate"":0.0},""Morphology"":{""attempts"":306,""discoveries"":1,""improvements"":6,""insertions"":7,""insertion_rate"":0.02287581699346405},""Novelty"":{""attempts"":249,""discoveries"":0,""improvements"":0,""insertions"":0,""insertion_rate"":0.0}}","{""Morphology"":211,""Novelty"":31}",1,0.8837719298245614,false,18000
42,116,117000,3.5307431010000014,0.033265241,0.030729208,0.001053119,0.001482914,3.803327368,147.26434,32.563408,6839.066408634186,190,0.9895833,41,4.088858475074916,21,0.11052631578947368,"{""10"":1,""3"":21,""4"":3,""5"":56,""6"":61,""7"":32,""8"":9,""9"":7}","{""10"":4,""11"":26,""12"":4,""13"":1,""14"":8,""15"":9,""16"":2,""18"":6,""19"":2,""20"":2,""21"":1,""22"":1,""24"":1,""3"":21,""4"":3,""5"":1,""6"":5,""7"":50,""8"":25,""9"":18}",64,"{""count"":64,""unique_topologies"":64,""topology_entropy_bits"":6.0,""effective_topology_count"":64.0,""triangle_like_count"":0,""triangle_like_fraction"":0.0,""mean_nodes"":7.078125,""mean_muscles"":11.515625,""node_counts"":{""4"":4,""5"":3,""6"":12,""7"":17,""8"":21,""9"":7},""muscle_counts"":{""10"":7,""11"":4,""12"":12,""13"":1,""14"":3,""15"":12,""16"":2,""17"":2,""18"":2,""19"":1,""4"":1,""5"":6,""6"":1,""7"":1,""8"":5,""9"":4}}",123,5.350165610281275,124,0.124,"{""10"":3,""3"":124,""4"":110,""5"":160,""6"":304,""7"":184,""8"":64,""9"":51}","{""10"":35,""11"":152,""12"":32,""13"":17,""14"":47,""15"":36,""16"":26,""17"":5,""18"":11,""19"":16,""20"":10,""21"":9,""22"":1,""24"":7,""25"":1,""27"":1,""3"":124,""4"":71,""5"":66,""6"":39,""7"":105,""8"":103,""9"":86}","{""Diagonal CMA-ES"":{""attempts"":279,""discoveries"":0,""improvements"":1,""insertions"":1,""insertion_rate"":0.0035842293906810036},""Immigrant"":{""attempts"":176,""discoveries"":0,""improvements"":0,""insertions"":0,""insertion_rate"":0.0},""Morphology"":{""attempts"":293,""discoveries"":1,""improvements"":2,""insertions"":3,""insertion_rate"":0.010238907849829351},""Novelty"":{""attempts"":252,""discoveries"":0,""improvements"":0,""insertions"":0,""insertion_rate"":0.0}}","{""Morphology"":194,""Novelty"":22}",2,0.8818380743982495,false,19000
42,117,118000,3.5601271190000014,0.029384017999999998,0.026872919,0.001127917,0.001383182,3.835236733,147.26434,32.563408,6841.904443264008,190,0.9895833,40,4.021437454890916,21,0.11052631578947368,"{""10"":1,""3"":21,""4"":3,""5"":58,""6"":61,""7"":30,""8"":9,""9"":7}","{""10"":3,""11"":25,""12"":4,""13"":1,""14"":8,""15"":9,""16"":2,""18"":6,""19"":2,""20"":2,""21"":1,""22"":1,""24"":1,""3"":21,""4"":3,""5"":1,""6"":5,""7"":52,""8"":25,""9"":18}",64,"{""count"":64,""unique_topologies"":64,""topology_entropy_bits"":6.0,""effective_topology_count"":64.0,""triangle_like_count"":0,""triangle_like_fraction"":0.0,""mean_nodes"":7.078125,""mean_muscles"":11.53125,""node_counts"":{""4"":4,""5"":3,""6"":12,""7"":17,""8"":21,""9"":7},""muscle_counts"":{""10"":7,""11"":4,""12"":12,""13"":1,""14"":3,""15"":12,""16"":2,""17"":1,""18"":3,""19"":1,""4"":1,""5"":6,""6"":1,""7"":1,""8"":5,""9"":4}}",139,5.195641248700856,152,0.152,"{""10"":6,""11"":1,""3"":152,""4"":128,""5"":220,""6"":235,""7"":156,""8"":68,""9"":34}","{""10"":22,""11"":116,""12"":34,""13"":6,""14"":49,""15"":30,""16"":22,""17"":4,""18"":26,""19"":12,""20"":7,""21"":6,""22"":2,""24"":2,""25"":2,""29"":1,""3"":152,""4"":91,""5"":63,""6"":50,""7"":152,""8"":87,""9"":64}","{""Diagonal CMA-ES"":{""attempts"":296,""discoveries"":0,""improvements"":0,""insertions"":0,""insertion_rate"":0.0},""Immigrant"":{""attempts"":166,""discoveries"":0,""improvements"":0,""insertions"":0,""insertion_rate"":0.0},""Morphology"":{""attempts"":304,""discoveries"":2,""improvements"":3,""insertions"":5,""insertion_rate"":0.01644736842105263},""Novelty"":{""attempts"":234,""discoveries"":0,""improvements"":1,""insertions"":1,""insertion_rate"":0.004273504273504274}}","{""Morphology"":203,""Novelty"":27}",1,0.8801742919389978,false,20000
42,118,119000,3.5882621190000012,0.028134999999999997,0.025724819,0.001044807,0.001365374,3.865524273,147.26434,32.910507,6974.301358699799,190,0.9895833,40,4.0246121272037545,22,0.11578947368421053,"{""10"":1,""3"":22,""4"":3,""5"":56,""6"":63,""7"":29,""8"":9,""9"":7}","{""10"":3,""11"":27,""12"":4,""13"":1,""14"":7,""15"":9,""16"":2,""18"":6,""19"":2,""20"":2,""21"":1,""22"":1,""24"":1,""3"":22,""4"":3,""5"":1,""6"":5,""7"":50,""8"":25,""9"":18}",64,"{""count"":64,""unique_topologies"":64,""topology_entropy_bits"":6.0,""effective_topology_count"":64.0,""triangle_like_count"":0,""triangle_like_fraction"":0.0,""mean_nodes"":7.078125,""mean_muscles"":11.53125,""node_counts"":{""4"":4,""5"":3,""6"":12,""7"":17,""8"":21,""9"":7},""muscle_counts"":{""10"":7,""11"":4,""12"":12,""13"":1,""14"":3,""15"":12,""16"":2,""17"":1,""18"":3,""19"":1,""4"":1,""5"":6,""6"":1,""7"":1,""8"":5,""9"":4}}",134,5.117670181663564,170,0.17,"{""10"":15,""3"":170,""4"":116,""5"":197,""6"":259,""7"":140,""8"":53,""9"":50}","{""10"":14,""11"":120,""12"":33,""13"":6,""14"":45,""15"":29,""16"":16,""17"":2,""18"":33,""19"":14,""20"":18,""21"":7,""22"":3,""23"":1,""24"":3,""25"":2,""3"":170,""4"":85,""5"":63,""6"":39,""7"":134,""8"":102,""9"":61}","{""Diagonal CMA-ES"":{""attempts"":306,""discoveries"":0,""improvements"":0,""insertions"":0,""insertion_rate"":0.0},""Immigrant"":{""attempts"":160,""discoveries"":0,""improvements"":0,""insertions"":0,""insertion_rate"":0.0},""Morphology"":{""attempts"":280,""discoveries"":0,""improvements"":4,""insertions"":4,""insertion_rate"":0.014285714285714285},""Novelty"":{""attempts"":254,""discoveries"":0,""improvements"":0,""insertions"":0,""insertion_rate"":0.0}}","{""Morphology"":183,""Novelty"":32}",0,0.8782608695652174,false,21000
42,119,120000,3.6175274100000014,0.029265291,0.026868171,0.001021062,0.001376058,3.8971344439999998,147.26434,32.910507,6985.051913261414,191,0.9947917,40,4.021282280016923,22,0.11518324607329843,"{""10"":1,""3"":22,""4"":3,""5"":57,""6"":63,""7"":28,""8"":10,""9"":7}","{""10"":3,""11"":28,""12"":5,""13"":1,""14"":6,""15"":9,""16"":2,""18"":6,""19"":2,""20"":2,""21"":1,""22"":1,""24"":1,""3"":22,""4"":3,""5"":1,""6"":5,""7"":51,""8"":24,""9"":18}",64,"{""count"":64,""unique_topologies"":64,""topology_entropy_bits"":6.0,""effective_topology_count"":64.0,""triangle_like_count"":0,""triangle_like_fraction"":0.0,""mean_nodes"":7.0625,""mean_muscles"":11.484375,""node_counts"":{""4"":4,""5"":3,""6"":12,""7"":17,""8"":22,""9"":6},""muscle_counts"":{""10"":7,""11"":4,""12"":12,""13"":1,""14"":3,""15"":13,""16"":2,""17"":1,""18"":2,""19"":1,""4"":1,""5"":6,""6"":1,""7"":1,""8"":5,""9"":4}}",144,5.300843113320732,134,0.134,"{""10"":12,""11"":1,""3"":134,""4"":127,""5"":209,""6"":254,""7"":165,""8"":50,""9"":48}","{""10"":25,""11"":128,""12"":41,""13"":9,""14"":48,""15"":33,""16"":17,""17"":3,""18"":16,""19"":19,""20"":8,""21"":7,""22"":6,""23"":2,""24"":7,""28"":1,""3"":134,""4"":90,""5"":79,""6"":37,""7"":137,""8"":92,""9"":61}","{""Diagonal CMA-ES"":{""attempts"":274,""discoveries"":0,""improvements"":0,""insertions"":0,""insertion_rate"":0.0},""Immigrant"":{""attempts"":134,""discoveries"":0,""improvements"":0,""insertions"":0,""insertion_rate"":0.0},""Morphology"":{""attempts"":324,""discoveries"":2,""improvements"":4,""insertions"":6,""insertion_rate"":0.018518518518518517},""Novelty"":{""attempts"":268,""discoveries"":0,""improvements"":1,""insertions"":1,""insertion_rate"":0.0037313432835820895}}","{""Morphology"":226,""Novelty"":29}",1,0.8787878787878788,false,22000
42,120,121000,3.6513554220000013,0.033828012000000005,0.031421393,0.001060242,0.001346377,3.933259844,147.26434,32.910507,6994.391665458679,191,0.9947917,40,4.047525861198946,22,0.11518324607329843,"{""10"":1,""3"":22,""4"":3,""5"":56,""6"":63,""7"":29,""8"":10,""9"":7}","{""10"":4,""11"":28,""12"":5,""13"":1,""14"":6,""15"":9,""16"":2,""18"":6,""19"":2,""20"":2,""21"":1,""22"":1,""24"":1,""3"":22,""4"":3,""5"":1,""6"":5,""7"":50,""8"":24,""9"":18}",64,"{""count"":64,""unique_topologies"":64,""topology_entropy_bits"":6.0,""effective_topology_count"":64.0,""triangle_like_count"":0,""triangle_like_fraction"":0.0,""mean_nodes"":7.0625,""mean_muscles"":11.515625,""node_counts"":{""4"":4,""5"":3,""6"":13,""7"":16,""8"":21,""9"":7},""muscle_counts"":{""10"":6,""11"":4,""12"":11,""13"":1,""14"":3,""15"":13,""16"":2,""17"":1,""18"":3,""19"":1,""4"":1,""5"":6,""6"":2,""7"":1,""8"":5,""9"":4}}",134,4.83355269241648,152,0.152,"{""10"":2,""3"":152,""4"":99,""5"":170,""6"":303,""7"":127,""8"":104,""9"":43}","{""10"":11,""11"":220,""12"":95,""13"":6,""14"":47,""15"":30,""16"":11,""17"":2,""18"":21,""19"":13,""20"":10,""21"":6,""22"":3,""24"":3,""26"":1,""3"":152,""4"":67,""5"":71,""6"":30,""7"":106,""8"":58,""9"":37}","{""Diagonal CMA-ES"":{""attempts"":269,""discoveries"":0,""improvements"":0,""insertions"":0,""insertion_rate"":0.0},""Immigrant"":{""attempts"":163,""discoveries"":0,""improvements"":0,""insertions"":0,""insertion_rate"":0.0},""Morphology"":{""attempts"":290,""discoveries"":2,""improvements"":6,""insertions"":8,""insertion_rate"":0.027586206896551724},""Novelty"":{""attempts"":278,""discoveries"":0,""improvements"":0,""insertions"":0,""insertion_rate"":0.0}}","{""Morphology"":196,""Novelty"":26}",2,0.8790496760259179,false,23000
42,121,122000,3.6844390090000014,0.033083587,0.030325533,0.001049556,0.001708498,3.968687124,147.26434,33.158936,7169.618150234222,191,0.9947917,39,3.9855881378579783,22,0.11518324607329843,"{""10"":1,""3"":22,""4"":3,""5"":56,""6"":65,""7"":28,""8"":9,""9"":7}","{""10"":4,""11"":30,""12"":5,""13"":1,""14"":6,""15"":8,""16"":1,""18"":6,""19"":2,""20"":2,""21"":1,""22"":1,""24"":1,""3"":22,""4"":3,""5"":1,""6"":5,""7"":50,""8"":22,""9"":20}",64,"{""count"":64,""unique_topologies"":64,""topology_entropy_bits"":6.0,""effective_topology_count"":64.0,""triangle_like_count"":0,""triangle_like_fraction"":0.0,""mean_nodes"":7.0625,""mean_muscles"":11.515625,""node_counts"":{""4"":4,""5"":3,""6"":13,""7"":16,""8"":21,""9"":7},""muscle_counts"":{""10"":6,""11"":4,""12"":11,""13"":1,""14"":3,""15"":13,""16"":2,""17"":1,""18"":3,""19"":1,""4"":1,""5"":6,""6"":2,""7"":1,""8"":5,""9"":4}}",131,4.915967967499217,171,0.171,"{""10"":17,""3"":171,""4"":95,""5"":195,""6"":320,""7"":124,""8"":43,""9"":35}","{""10"":22,""11"":207,""12"":37,""13"":6,""14"":29,""15"":16,""16"":8,""17"":1,""18"":23,""19"":17,""20"":13,""21"":4,""22"":6,""23"":1,""24"":5,""25"":1,""26"":1,""3"":171,""4"":66,""5"":74,""6"":40,""7"":123,""8"":79,""9"":50}","{""Diagonal CMA-ES"":{""attempts"":293,""discoveries"":0,""improvements"":0,""insertions"":0,""insertion_rate"":0.0},""Immigrant"":{""attempts"":169,""discoveries"":0,""improvements"":0,""insertions"":0,""insertion_rate"":0.0},""Morphology"":{""attempts"":286,""discoveries"":0,""improvements"":7,""insertions"":7,""insertion_rate"":0.024475524475524476},""Novelty"":{""attempts"":252,""discoveries"":0,""improvements"":0,""insertions"":0,""insertion_rate"":0.0}}","{""Morphology"":198,""Novelty"":28}",0,0.8790496760259179,false,24000
42,122,123000,3.713180708000001,0.028741699,0.026098812,0.001028185,0.001614702,3.999776078,147.26434,33.158936,7189.565338611603,191,0.9947917,39,4.015474585160671,22,0.11518324607329843,"{""10"":1,""3"":22,""4"":3,""5"":54,""6"":66,""7"":29,""8"":9,""9"":7}","{""10"":4,""11"":31,""12"":6,""13"":1,""14"":6,""15"":8,""16"":1,""18"":6,""19"":2,""20"":2,""21"":1,""22"":1,""24"":1,""3"":22,""4"":3,""5"":1,""6"":5,""7"":48,""8"":22,""9"":20}",64,"{""count"":64,""unique_topologies"":64,""topology_entropy_bits"":6.0,""effective_topology_count"":64.0,""triangle_like_count"":0,""triangle_like_fraction"":0.0,""mean_nodes"":7.015625,""mean_muscles"":11.359375,""node_counts"":{""4"":4,""5"":3,""6"":14,""7"":16,""8"":21,""9"":6},""muscle_counts"":{""10"":6,""11"":4,""12"":11,""13"":1,""14"":3,""15"":13,""16"":2,""17"":1,""18"":3,""4"":1,""5"":6,""6"":2,""7"":1,""8"":5,""9"":5}}",141,4.5297771863762035,64,0.064,"{""10"":6,""3"":64,""4"":90,""5"":102,""6"":345,""7"":330,""8"":37,""9"":26}","{""10"":11,""11"":265,""12"":55,""13"":2,""14"":23,""15"":240,""16"":13,""17"":3,""18"":8,""19"":12,""20"":6,""21"":8,""22"":2,""23"":1,""24"":2,""25"":1,""26"":1,""3"":64,""4"":56,""5"":68,""6"":31,""7"":52,""8"":44,""9"":32}","{""Diagonal CMA-ES"":{""attempts"":288,""discoveries"":0,""improvements"":0,""insertions"":0,""insertion_rate"":0.0},""Immigrant"":{""attempts"":152,""discoveries"":0,""improvements"":0,""insertions"":0,""insertion_rate"":0.0},""Morphology"":{""attempts"":319,""discoveries"":1,""improvements"":4,""insertions"":5,""insertion_rate"":0.01567398119122257},""Novelty"":{""attempts"":241,""discoveries"":0,""improvements"":0,""insertions"":0,""insertion_rate"":0.0}}","{""Morphology"":213,""Novelty"":25}",0,0.8793103448275862,false,25000
42,123,124000,3.742258409000001,0.029077700999999997,0.026528608,0.001041246,0.001507847,4.031192722,147.26434,33.158936,7191.254843711853,191,0.9947917,39,4.005785390485886,22,0.11518324607329843,"{""10"":1,""3"":22,""4"":3,""5"":53,""6"":68,""7"":29,""8"":8,""9"":7}","{""10"":4,""11"":31,""12"":5,""13"":1,""14"":6,""15"":8,""16"":1,""18"":6,""19"":2,""20"":2,""21"":1,""22"":1,""24"":1,""3"":22,""4"":3,""5"":1,""6"":5,""7"":47,""8"":23,""9"":21}",64,"{""count"":64,""unique_topologies"":64,""topology_entropy_bits"":6.0,""effective_topology_count"":64.0,""triangle_like_count"":0,""triangle_like_fraction"":0.0,""mean_nodes"":7.015625,""mean_muscles"":11.359375,""node_counts"":{""4"":4,""5"":3,""6"":14,""7"":16,""8"":21,""9"":6},""muscle_counts"":{""10"":6,""11"":4,""12"":11,""13"":1,""14"":3,""15"":13,""16"":2,""17"":1,""18"":3,""4"":1,""5"":6,""6"":2,""7"":1,""8"":5,""9"":5}}",126,5.330609075661933,114,0.114,"{""10"":7,""11"":1,""3"":114,""4"":94,""5"":175,""6"":270,""7"":251,""8"":42,""9"":46}","{""10"":38,""11"":64,""12"":50,""13"":11,""14"":49,""15"":83,""16"":8,""17"":1,""18"":12,""19"":18,""20"":7,""21"":6,""22"":5,""24"":9,""28"":1,""3"":114,""4"":66,""5"":60,""6"":43,""7"":116,""8"":147,""9"":92}","{""Diagonal CMA-ES"":{""attempts"":315,""discoveries"":0,""improvements"":0,""insertions"":0,""insertion_rate"":0.0},""Immigrant"":{""attempts"":147,""discoveries"":0,""improvements"":0,""insertions"":0,""insertion_rate"":0.0},""Morphology"":{""attempts"":283,""discoveries"":0,""improvements"":2,""insertions"":2,""insertion_rate"":0.007067137809187279},""Novelty"":{""attempts"":255,""discoveries"":0,""improvements"":1,""insertions"":1,""insertion_rate"":0.00392156862745098}}","{""Morphology"":183,""Novelty"":25}",0,0.8798283261802575,false,26000
42,124,125000,3.773495774000001,0.031237365,0.02680287,0.001069741,0.003364754,4.064727476,147.26434,33.65182,7201.591798782349,191,0.9947917,38,3.974152699491298,22,0.11518324607329843,"{""10"":1,""3"":22,""4"":3,""5"":54,""6"":68,""7"":28,""8"":8,""9"":7}","{""10"":3,""11"":30,""12"":5,""13"":1,""14"":7,""15"":8,""16"":1,""18"":6,""19"":2,""20"":2,""21"":1,""22"":1,""24"":1,""3"":22,""4"":3,""5"":1,""6"":6,""7"":47,""8"":23,""9"":21}",64,"{""count"":64,""unique_topologies"":64,""topology_entropy_bits"":6.0,""effective_topology_count"":64.0,""triangle_like_count"":0,""triangle_like_fraction"":0.0,""mean_nodes"":6.984375,""mean_muscles"":11.265625,""node_counts"":{""4"":4,""5"":3,""6"":14,""7"":17,""8"":21,""9"":5},""muscle_counts"":{""10"":6,""11"":4,""12"":11,""13"":1,""14"":2,""15"":13,""16"":2,""17"":1,""18"":3,""4"":1,""5"":6,""6"":2,""7"":1,""8"":6,""9"":5}}",139,5.379311212209543,140,0.14,"{""10"":15,""3"":140,""4"":87,""5"":182,""6"":278,""7"":209,""8"":33,""9"":56}","{""10"":34,""11"":102,""12"":45,""13"":9,""14"":59,""15"":47,""16"":7,""17"":2,""18"":9,""19"":20,""20"":11,""21"":11,""22"":7,""23"":1,""24"":4,""25"":2,""29"":2,""3"":140,""4"":51,""5"":65,""6"":47,""7"":122,""8"":103,""9"":100}","{""Diagonal CMA-ES"":{""attempts"":296,""discoveries"":0,""improvements"":0,""insertions"":0,""insertion_rate"":0.0},""Immigrant"":{""attempts"":162,""discoveries"":0,""improvements"":0,""insertions"":0,""insertion_rate"":0.0},""Morphology"":{""attempts"":296,""discoveries"":1,""improvements"":4,""insertions"":5,""insertion_rate"":0.016891891891891893},""Novelty"":{""attempts"":246,""discoveries"":0,""improvements"":1,""insertions"":1,""insertion_rate"":0.0040650406504065045}}","{""Morphology"":204,""Novelty"":27}",1,0.8798283261802575,false,27000
42,125,126000,3.801836172000001,0.028340398,0.025137114,0.001171846,0.002031438,4.095821179,147.26434,33.65182,7223.580871582031,191,0.9947917,39,4.006413741642306,23,0.12041884816753927,"{""10"":1,""3"":23,""4"":3,""5"":51,""6"":71,""7"":26,""8"":9,""9"":7}","{""10"":3,""11"":32,""12"":5,""13"":1,""14"":6,""15"":7,""16"":1,""18"":6,""19"":3,""20"":2,""21"":1,""22"":1,""24"":1,""3"":23,""4"":3,""5"":1,""6"":6,""7"":44,""8"":24,""9"":21}",64,"{""count"":64,""unique_topologies"":64,""topology_entropy_bits"":6.0,""effective_topology_count"":64.0,""triangle_like_count"":0,""triangle_like_fraction"":0.0,""mean_nodes"":6.984375,""mean_muscles"":11.265625,""node_counts"":{""4"":4,""5"":3,""6"":14,""7"":17,""8"":21,""9"":5},""muscle_counts"":{""10"":6,""11"":4,""12"":11,""13"":1,""14"":2,""15"":13,""16"":2,""17"":1,""18"":3,""4"":1,""5"":6,""6"":2,""7"":1,""8"":6,""9"":5}}",143,5.54974535488939,115,0.115,"{""10"":7,""11"":1,""3"":115,""4"":93,""5"":180,""6"":281,""7"":183,""8"":81,""9"":59}","{""10"":32,""11"":100,""12"":44,""13"":9,""14"":47,""15"":41,""16"":24,""17"":6,""18"":14,""19"":24,""20"":11,""21"":10,""22"":6,""23"":1,""24"":6,""25"":3,""3"":115,""4"":58,""5"":65,""6"":42,""7"":115,""8"":114,""9"":113}","{""Diagonal CMA-ES"":{""attempts"":291,""discoveries"":0,""improvements"":0,""insertions"":0,""insertion_rate"":0.0},""Immigrant"":{""attempts"":144,""discoveries"":0,""improvements"":0,""insertions"":0,""insertion_rate"":0.0},""Morphology"":{""attempts"":313,""discoveries"":0,""improvements"":6,""insertions"":6,""insertion_rate"":0.019169329073482427},""Novelty"":{""attempts"":252,""discoveries"":0,""improvements"":0,""insertions"":0,""insertion_rate"":0.0}}","{""Morphology"":212,""Novelty"":28}",1,0.8798283261802575,false,28000
42,126,127000,3.839706877000001,0.037870705,0.034836013,0.001120794,0.001913898,4.136007081,147.26434,33.65182,7233.847923278809,191,0.9947917,39,4.006413741642307,23,0.12041884816753927,"{""10"":1,""3"":23,""4"":3,""5"":51,""6"":71,""7"":26,""8"":9,""9"":7}","{""10"":3,""11"":32,""12"":5,""13"":1,""14"":6,""15"":7,""16"":1,""18"":6,""19"":3,""20"":2,""21"":1,""22"":1,""24"":1,""3"":23,""4"":3,""5"":1,""6"":6,""7"":44,""8"":24,""9"":21}",64,"{""count"":64,""unique_topologies"":64,""topology_entropy_bits"":6.0,""effective_topology_count"":64.0,""triangle_like_count"":0,""triangle_like_fraction"":0.0,""mean_nodes"":6.984375,""mean_muscles"":11.265625,""node_counts"":{""4"":4,""5"":3,""6"":14,""7"":17,""8"":21,""9"":5},""muscle_counts"":{""10"":6,""11"":4,""12"":11,""13"":1,""14"":2,""15"":13,""16"":2,""17"":1,""18"":3,""4"":1,""5"":6,""6"":2,""7"":1,""8"":6,""9"":5}}",142,5.07969757631548,256,0.256,"{""10"":13,""3"":256,""4"":89,""5"":157,""6"":234,""7"":160,""8"":48,""9"":43}","{""10"":26,""11"":95,""12"":39,""13"":10,""14"":33,""15"":34,""16"":18,""17"":6,""18"":12,""19"":18,""20"":8,""21"":7,""22"":9,""23"":1,""24"":4,""25"":1,""3"":256,""30"":1,""4"":61,""5"":58,""6"":41,""7"":91,""8"":94,""9"":77}","{""Diagonal CMA-ES"":{""attempts"":315,""discoveries"":0,""improvements"":0,""insertions"":0,""insertion_rate"":0.0},""Immigrant"":{""attempts"":155,""discoveries"":0,""improvements"":0,""insertions"":0,""insertion_rate"":0.0},""Morphology"":{""attempts"":283,""discoveries"":0,""improvements"":5,""insertions"":5,""insertion_rate"":0.0176678445229682},""Novelty"":{""attempts"":247,""discoveries"":0,""improvements"":0,""insertions"":0,""insertion_rate"":0.0}}","{""Morphology"":193,""Novelty"":25}",0,0.8798283261802575,false,29000
42,127,128000,3.8721564570000013,0.03244958,0.029655907,0.001130292,0.001663381,4.170684,147.26434,33.65182,7275.161395072937,191,0.9947917,39,4.032414097418885,23,0.12041884816753927,"{""10"":1,""3"":23,""4"":4,""5"":50,""6"":70,""7"":27,""8"":9,""9"":7}","{""10"":3,""11"":30,""12"":6,""13"":1,""14"":6,""15"":8,""16"":1,""18"":6,""19"":3,""20"":2,""21"":1,""22"":1,""24"":1,""3"":23,""4"":4,""5"":1,""6"":6,""7"":43,""8"":24,""9"":21}",64,"{""count"":64,""unique_topologies"":64,""topology_entropy_bits"":6.0,""effective_topology_count"":64.0,""triangle_like_count"":0,""triangle_like_fraction"":0.0,""mean_nodes"":6.984375,""mean_muscles"":11.265625,""node_counts"":{""4"":4,""5"":3,""6"":14,""7"":17,""8"":21,""9"":5},""muscle_counts"":{""10"":6,""11"":4,""12"":11,""13"":1,""14"":2,""15"":13,""16"":2,""17"":1,""18"":3,""4"":1,""5"":6,""6"":2,""7"":1,""8"":6,""9"":5}}",142,5.532523195474063,128,0.128,"{""10"":8,""3"":128,""4"":110,""5"":173,""6"":272,""7"":197,""8"":52,""9"":60}","{""10"":36,""11"":75,""12"":53,""13"":8,""14"":46,""15"":44,""16"":14,""17"":4,""18"":12,""19"":23,""20"":10,""21"":9,""22"":7,""23"":1,""24"":8,""25"":1,""3"":128,""4"":74,""5"":62,""6"":48,""7"":116,""8"":120,""9"":101}","{""Diagonal CMA-ES"":{""attempts"":296,""discoveries"":0,""improvements"":0,""insertions"":0,""insertion_rate"":0.0},""Immigrant"":{""attempts"":158,""discoveries"":0,""improvements"":0,""insertions"":0,""insertion_rate"":0.0},""Morphology"":{""attempts"":307,""discoveries"":0,""improvements"":3,""insertions"":3,""insertion_rate"":0.009771986970684038},""Novelty"":{""attempts"":239,""discoveries"":0,""improvements"":2,""insertions"":2,""insertion_rate"":0.008368200836820083}}","{""Morphology"":209,""Novelty"":26}",0,0.880085653104925,false,30000
42,128,129000,3.9007200680000014,0.028563611000000003,0.02594803,0.001092299,0.001523282,4.201549748,147.26434,34.401325,7334.912203788757,191,0.9947917,39,4.065325052390938,22,0.11518324607329843,"{""10"":1,""3"":22,""4"":4,""5"":50,""6"":71,""7"":27,""8"":9,""9"":7}","{""10"":3,""11"":32,""12"":6,""13"":1,""14"":6,""15"":8,""16"":1,""18"":6,""19"":3,""20"":2,""21"":1,""22"":1,""24"":1,""3"":22,""4"":4,""5"":2,""6"":6,""7"":42,""8"":25,""9"":19}",64,"{""count"":64,""unique_topologies"":64,""topology_entropy_bits"":6.0,""effective_topology_count"":64.0,""triangle_like_count"":0,""triangle_like_fraction"":0.0,""mean_nodes"":6.984375,""mean_muscles"":11.25,""node_counts"":{""4"":4,""5"":3,""6"":14,""7"":17,""8"":21,""9"":5},""muscle_counts"":{""10"":6,""11"":4,""12"":11,""13"":1,""14"":2,""15"":14,""16"":1,""17"":1,""18"":3,""4"":1,""5"":6,""6"":2,""7"":1,""8"":6,""9"":5}}",146,5.545930093431651,127,0.127,"{""10"":16,""3"":127,""4"":95,""5"":191,""6"":293,""7"":173,""8"":53,""9"":52}","{""10"":31,""11"":93,""12"":37,""13"":13,""14"":41,""15"":31,""16"":19,""17"":4,""18"":12,""19"":24,""20"":11,""21"":8,""22"":7,""24"":7,""25"":1,""26"":1,""3"":127,""4"":58,""5"":64,""6"":53,""7"":121,""8"":126,""9"":111}","{""Diagonal CMA-ES"":{""attempts"":310,""discoveries"":0,""improvements"":0,""insertions"":0,""insertion_rate"":0.0},""Immigrant"":{""attempts"":141,""discoveries"":0,""improvements"":0,""insertions"":0,""insertion_rate"":0.0},""Morphology"":{""attempts"":298,""discoveries"":1,""improvements"":6,""insertions"":7,""insertion_rate"":0.02348993288590604},""Novelty"":{""attempts"":251,""discoveries"":0,""improvements"":1,""insertions"":1,""insertion_rate"":0.00398406374501992}}","{""Morphology"":198,""Novelty"":26}",1,0.8803418803418803,false,31000
42,129,130000,3.9292991120000016,0.028579044,0.026009768,0.00105668,0.001512596,4.232400061,147.26434,34.48694,7338.167708396912,191,0.9947917,39,4.059967600494946,22,0.11518324607329843,"{""10"":1,""3"":22,""4"":4,""5"":50,""6"":71,""7"":27,""8"":9,""9"":7}","{""10"":3,""11"":33,""12"":6,""13"":1,""14"":6,""15"":8,""16"":1,""18"":6,""19"":3,""20"":2,""21"":1,""22"":1,""24"":1,""3"":22,""4"":4,""5"":2,""6"":6,""7"":42,""8"":25,""9"":18}",64,"{""count"":64,""unique_topologies"":64,""topology_entropy_bits"":6.0,""effective_topology_count"":64.0,""triangle_like_count"":0,""triangle_like_fraction"":0.0,""mean_nodes"":6.984375,""mean_muscles"":11.25,""node_counts"":{""4"":4,""5"":3,""6"":14,""7"":17,""8"":21,""9"":5},""muscle_counts"":{""10"":6,""11"":4,""12"":11,""13"":1,""14"":2,""15"":14,""16"":1,""17"":1,""18"":3,""4"":1,""5"":6,""6"":2,""7"":1,""8"":6,""9"":5}}",136,5.399107608358339,116,0.116,"{""10"":7,""11"":1,""3"":116,""4"":87,""5"":183,""6"":325,""7"":181,""8"":47,""9"":53}","{""10"":29,""11"":91,""12"":47,""13"":10,""14"":41,""15"":42,""16"":23,""17"":3,""18"":9,""19"":20,""20"":9,""21"":9,""22"":7,""24"":6,""26"":1,""3"":116,""4"":62,""5"":62,""6"":51,""7"":103,""8"":109,""9"":150}","{""Diagonal CMA-ES"":{""attempts"":296,""discoveries"":0,""improvements"":0,""insertions"":0,""insertion_rate"":0.0},""Immigrant"":{""attempts"":147,""discoveries"":0,""improvements"":0,""insertions"":0,""insertion_rate"":0.0},""Morphology"":{""attempts"":302,""discoveries"":0,""improvements"":1,""insertions"":1,""insertion_rate"":0.0033112582781456954},""Novelty"":{""attempts"":255,""discoveries"":0,""improvements"":0,""insertions"":0,""insertion_rate"":0.0}}","{""Morphology"":191,""Novelty"":34}",0,0.8803418803418803,false,32000
42,130,131000,3.957848475000002,0.028549362999999998,0.025990772,0.001031747,0.001526844,4.263215943,147.26434,34.48694,7349.118609428406,191,0.9947917,38,4.032725356945887,22,0.11518324607329843,"{""10"":1,""3"":22,""4"":5,""5"":50,""6"":71,""7"":26,""8"":9,""9"":7}","{""10"":3,""11"":32,""12"":6,""13"":1,""14"":6,""15"":9,""16"":1,""18"":6,""19"":3,""20"":2,""21"":1,""22"":1,""24"":1,""3"":22,""4"":5,""5"":2,""6"":6,""7"":42,""8"":25,""9"":17}",64,"{""count"":64,""unique_topologies"":64,""topology_entropy_bits"":6.0,""effective_topology_count"":64.0,""triangle_like_count"":0,""triangle_like_fraction"":0.0,""mean_nodes"":6.984375,""mean_muscles"":11.25,""node_counts"":{""4"":4,""5"":3,""6"":14,""7"":17,""8"":21,""9"":5},""muscle_counts"":{""10"":6,""11"":4,""12"":11,""13"":1,""14"":2,""15"":14,""16"":1,""17"":1,""18"":3,""4"":1,""5"":6,""6"":2,""7"":1,""8"":6,""9"":5}}",142,5.474973990666714,111,0.111,"{""10"":10,""3"":111,""4"":96,""5"":191,""6"":311,""7"":178,""8"":57,""9"":46}","{""10"":27,""11"":118,""12"":52,""13"":10,""14"":40,""15"":38,""16"":14,""17"":5,""18"":10,""19"":21,""20"":12,""21"":9,""22"":5,""23"":2,""24"":6,""26"":1,""3"":111,""4"":69,""5"":77,""6"":51,""7"":105,""8"":112,""9"":105}","{""Diagonal CMA-ES"":{""attempts"":274,""discoveries"":0,""improvements"":0,""insertions"":0,""insertion_rate"":0.0},""Immigrant"":{""attempts"":162,""discoveries"":0,""improvements"":0,""insertions"":0,""insertion_rate"":0.0},""Morphology"":{""attempts"":292,""discoveries"":0,""improvements"":9,""insertions"":9,""insertion_rate"":0.030821917808219176},""Novelty"":{""attempts"":272,""discoveries"":0,""improvements"":0,""insertions"":0,""insertion_rate"":0.0}}","{""Morphology"":184,""Novelty"":35}",0,0.8803418803418803,false,33000
42,131,132000,3.9876504190000017,0.029801944,0.027391763,0.001062617,0.001347564,4.295190611,147.26434,34.502365,7411.734262466431,191,0.9947917,38,4.061555391317139,22,0.11518324607329843,"{""10"":1,""3"":22,""4"":7,""5"":47,""6"":72,""7"":26,""8"":9,""9"":7}","{""10"":3,""11"":33,""12"":6,""13"":1,""14"":6,""15"":9,""16"":1,""18"":6,""19"":3,""20"":2,""21"":1,""22"":1,""24"":1,""3"":22,""4"":7,""5"":2,""6"":6,""7"":39,""8"":25,""9"":17}",64,"{""count"":64,""unique_topologies"":64,""topology_entropy_bits"":6.0,""effective_topology_count"":64.0,""triangle_like_count"":0,""triangle_like_fraction"":0.0,""mean_nodes"":6.984375,""mean_muscles"":11.25,""node_counts"":{""4"":4,""5"":3,""6"":14,""7"":17,""8"":21,""9"":5},""muscle_counts"":{""10"":6,""11"":4,""12"":11,""13"":1,""14"":2,""15"":14,""16"":1,""17"":1,""18"":3,""4"":1,""5"":6,""6"":2,""7"":1,""8"":6,""9"":5}}",132,5.426116119449,125,0.125,"{""10"":12,""3"":125,""4"":93,""5"":181,""6"":291,""7"":197,""8"":45,""9"":56}","{""10"":27,""11"":80,""12"":57,""13"":11,""14"":50,""15"":43,""16"":18,""17"":6,""18"":11,""19"":26,""20"":8,""21"":12,""22"":7,""24"":6,""25"":2,""3"":125,""30"":1,""4"":61,""5"":64,""6"":44,""7"":117,""8"":124,""9"":100}","{""Diagonal CMA-ES"":{""attempts"":293,""discoveries"":0,""improvements"":0,""insertions"":0,""insertion_rate"":0.0},""Immigrant"":{""attempts"":149,""discoveries"":0,""improvements"":0,""insertions"":0,""insertion_rate"":0.0},""Morphology"":{""attempts"":311,""discoveries"":0,""improvements"":6,""insertions"":6,""insertion_rate"":0.01929260450160772},""Novelty"":{""attempts"":247,""discoveries"":0,""improvements"":0,""insertions"":0,""insertion_rate"":0.0}}","{""Morphology"":212,""Novelty"":33}",0,0.8805970149253731,false,34000
42,132,133000,4.0156013910000015,0.027950971999999998,0.025076565,0.001057867,0.00181654,4.325634874,147.26434,34.502365,7419.4767208099365,191,0.9947917,38,4.066539027336639,22,0.11518324607329843,"{""10"":1,""3"":22,""4"":8,""5"":47,""6"":71,""7"":26,""8"":9,""9"":7}","{""10"":3,""11"":33,""12"":6,""13"":1,""14"":6,""15"":9,""16"":1,""18"":6,""19"":3,""20"":2,""21"":1,""22"":1,""24"":1,""3"":22,""4"":8,""5"":2,""6"":6,""7"":39,""8"":25,""9"":16}",64,"{""count"":64,""unique_topologies"":64,""topology_entropy_bits"":6.0,""effective_topology_count"":64.0,""triangle_like_count"":0,""triangle_like_fraction"":0.0,""mean_nodes"":6.984375,""mean_muscles"":11.21875,""node_counts"":{""4"":4,""5"":3,""6"":14,""7"":17,""8"":21,""9"":5},""muscle_counts"":{""10"":6,""11"":4,""12"":12,""13"":1,""14"":1,""15"":14,""16"":1,""17"":1,""18"":3,""4"":1,""5"":6,""6"":2,""7"":1,""8"":6,""9"":5}}",136,4.583481460810089,73,0.073,"{""10"":4,""3"":73,""4"":91,""5"":329,""6"":383,""7"":74,""8"":27,""9"":19}","{""10"":5,""11"":221,""12"":30,""13"":4,""14"":16,""15"":13,""16"":6,""17"":3,""18"":6,""19"":11,""20"":2,""21"":5,""22"":1,""24"":1,""25"":1,""3"":73,""4"":55,""5"":71,""6"":36,""7"":72,""8"":330,""9"":38}","{""Diagonal CMA-ES"":{""attempts"":295,""discoveries"":0,""improvements"":0,""insertions"":0,""insertion_rate"":0.0},""Immigrant"":{""attempts"":139,""discoveries"":0,""improvements"":0,""insertions"":0,""insertion_rate"":0.0},""Morphology"":{""attempts"":315,""discoveries"":1,""improvements"":1,""insertions"":2,""insertion_rate"":0.006349206349206349},""Novelty"":{""attempts"":251,""discoveries"":0,""improvements"":0,""insertions"":0,""insertion_rate"":0.0}}","{""Morphology"":202,""Novelty"":33}",1,0.8805970149253731,false,35000
42,133,134000,4.044732522000001,0.029131131,0.02589104,0.001194405,0.002045686,4.357565613,147.26434,34.502365,7430.566113471985,191,0.9947917,38,4.0296058692903545,22,0.11518324607329843,"{""10"":1,""3"":22,""4"":8,""5"":47,""6"":73,""7"":24,""8"":9,""9"":7}","{""10"":3,""11"":34,""12"":5,""13"":1,""14"":6,""15"":9,""16"":1,""18"":6,""19"":3,""20"":2,""21"":1,""22"":1,""24"":1,""3"":22,""4"":8,""5"":2,""6"":6,""7"":39,""8"":26,""9"":15}",64,"{""count"":64,""unique_topologies"":64,""topology_entropy_bits"":6.0,""effective_topology_count"":64.0,""triangle_like_count"":0,""triangle_like_fraction"":0.0,""mean_nodes"":6.984375,""mean_muscles"":11.21875,""node_counts"":{""4"":4,""5"":3,""6"":14,""7"":17,""8"":21,""9"":5},""muscle_counts"":{""10"":6,""11"":4,""12"":12,""13"":1,""14"":1,""15"":14,""16"":1,""17"":1,""18"":3,""4"":1,""5"":6,""6"":2,""7"":1,""8"":6,""9"":5}}",128,5.076162938487311,90,0.09,"{""10"":3,""3"":90,""4"":95,""5"":324,""6"":305,""7"":109,""8"":32,""9"":42}","{""10"":14,""11"":53,""12"":40,""13"":15,""14"":27,""15"":22,""16"":10,""17"":1,""18"":11,""19"":12,""20"":3,""21"":6,""22"":5,""24"":2,""25"":1,""3"":90,""4"":67,""5"":65,""6"":42,""7"":189,""8"":266,""9"":59}","{""Diagonal CMA-ES"":{""attempts"":298,""discoveries"":0,""improvements"":0,""insertions"":0,""insertion_rate"":0.0},""Immigrant"":{""attempts"":156,""discoveries"":0,""improvements"":0,""insertions"":0,""insertion_rate"":0.0},""Morphology"":{""attempts"":293,""discoveries"":0,""improvements"":3,""insertions"":3,""insertion_rate"":0.010238907849829351},""Novelty"":{""attempts"":253,""discoveries"":0,""improvements"":0,""insertions"":0,""insertion_rate"":0.0}}","{""Morphology"":192,""Novelty"":24}",0,0.8805970149253731,false,36000
42,134,135000,4.0737686700000015,0.029036147999999998,0.026534546,0.001022249,0.001479353,4.388896775,147.26434,35.381866,7457.873700141907,191,0.9947917,38,4.043063283337203,22,0.11518324607329843,"{""10"":1,""3"":22,""4"":10,""5"":46,""6"":72,""7"":24,""8"":9,""9"":7}","{""10"":3,""11"":34,""12"":5,""13"":1,""14"":6,""15"":9,""16"":2,""18"":6,""19"":2,""20"":2,""21"":1,""22"":1,""24"":1,""3"":22,""4"":10,""5"":2,""6"":6,""7"":38,""8"":26,""9"":14}",64,"{""count"":64,""unique_topologies"":64,""topology_entropy_bits"":6.0,""effective_topology_count"":64.0,""triangle_like_count"":0,""triangle_like_fraction"":0.0,""mean_nodes"":6.9375,""mean_muscles"":11.140625,""node_counts"":{""4"":4,""5"":4,""6"":14,""7"":17,""8"":20,""9"":5},""muscle_counts"":{""10"":6,""11"":3,""12"":12,""13"":1,""14"":1,""15"":14,""16"":1,""17"":1,""18"":3,""4"":1,""5"":6,""6"":3,""7"":1,""8"":6,""9"":5}}",135,5.250717537573584,98,0.098,"{""10"":8,""11"":1,""3"":98,""4"":100,""5"":258,""6"":214,""7"":139,""8"":132,""9"":50}","{""10"":23,""11"":58,""12"":43,""13"":8,""14"":32,""15"":35,""16"":13,""17"":3,""18"":101,""19"":21,""20"":11,""21"":9,""22"":8,""23"":1,""24"":6,""25"":1,""27"":1,""3"":98,""4"":61,""5"":71,""6"":39,""7"":192,""8"":105,""9"":60}","{""Diagonal CMA-ES"":{""attempts"":293,""discoveries"":0,""improvements"":0,""insertions"":0,""insertion_rate"":0.0},""Immigrant"":{""attempts"":133,""discoveries"":0,""improvements"":0,""insertions"":0,""insertion_rate"":0.0},""Morphology"":{""attempts"":301,""discoveries"":1,""improvements"":4,""insertions"":5,""insertion_rate"":0.016611295681063124},""Novelty"":{""attempts"":273,""discoveries"":0,""improvements"":0,""insertions"":0,""insertion_rate"":0.0}}","{""Morphology"":200,""Novelty"":38}",2,0.8805970149253731,false,37000
42,135,136000,4.101983219000002,0.028214549000000002,0.025766375,0.001078051,0.001370123,4.419455017,147.26434,35.423927,7526.720358848572,191,0.9947917,36,3.994038195017217,22,0.11518324607329843,"{""10"":1,""3"":22,""4"":11,""5"":46,""6"":72,""7"":25,""8"":8,""9"":6}","{""10"":3,""11"":34,""12"":5,""13"":1,""14"":6,""15"":10,""16"":2,""18"":6,""19"":1,""20"":2,""21"":1,""22"":1,""3"":22,""4"":11,""5"":2,""6"":6,""7"":38,""8"":26,""9"":14}",64,"{""count"":64,""unique_topologies"":64,""topology_entropy_bits"":6.0,""effective_topology_count"":64.0,""triangle_like_count"":0,""triangle_like_fraction"":0.0,""mean_nodes"":6.90625,""mean_muscles"":11.015625,""node_counts"":{""4"":4,""5"":4,""6"":15,""7"":17,""8"":19,""9"":5},""muscle_counts"":{""10"":6,""11"":3,""12"":12,""13"":1,""14"":1,""15"":13,""16"":1,""17"":1,""18"":3,""4"":1,""5"":6,""6"":3,""7"":2,""8"":6,""9"":5}}",115,5.403195859665601,132,0.132,"{""10"":6,""3"":132,""4"":108,""5"":209,""6"":281,""7"":167,""8"":41,""9"":56}","{""10"":25,""11"":64,""12"":38,""13"":6,""14"":40,""15"":52,""16"":16,""17"":3,""18"":13,""19"":14,""20"":15,""21"":9,""22"":9,""24"":8,""25"":1,""3"":132,""4"":78,""5"":70,""6"":70,""7"":115,""8"":139,""9"":83}","{""Diagonal CMA-ES"":{""attempts"":309,""discoveries"":0,""improvements"":1,""insertions"":1,""insertion_rate"":0.003236245954692557},""Immigrant"":{""attempts"":153,""discoveries"":0,""improvements"":0,""insertions"":0,""insertion_rate"":0.0},""Morphology"":{""attempts"":303,""discoveries"":1,""improvements"":6,""insertions"":7,""insertion_rate"":0.0231023102310231},""Novelty"":{""attempts"":235,""discoveries"":0,""improvements"":1,""insertions"":1,""insertion_rate"":0.00425531914893617}}","{""Morphology"":195,""Novelty"":23}",1,0.8808510638297873,false,38000
42,136,137000,4.129808341000002,0.027825122,0.024934091,0.001187282,0.001703749,4.450234093,147.26434,35.566387,7575.31205701828,191,0.9947917,38,4.037767312834499,23,0.12041884816753927,"{""10"":1,""3"":23,""4"":12,""5"":44,""6"":73,""7"":25,""8"":8,""9"":5}","{""10"":3,""11"":35,""12"":5,""14"":6,""15"":10,""16"":2,""18"":6,""19"":1,""20"":2,""21"":1,""22"":1,""3"":23,""4"":12,""5"":2,""6"":5,""7"":39,""8"":25,""9"":13}",64,"{""count"":64,""unique_topologies"":64,""topology_entropy_bits"":6.0,""effective_topology_count"":64.0,""triangle_like_count"":0,""triangle_like_fraction"":0.0,""mean_nodes"":6.875,""mean_muscles"":10.8125,""node_counts"":{""4"":4,""5"":4,""6"":15,""7"":19,""8"":17,""9"":5},""muscle_counts"":{""10"":6,""11"":4,""12"":13,""13"":1,""14"":1,""15"":10,""16"":1,""17"":1,""18"":3,""4"":1,""5"":6,""6"":3,""7"":1,""8"":8,""9"":5}}",143,5.298524352520925,123,0.123,"{""10"":6,""3"":123,""4"":139,""5"":195,""6"":255,""7"":179,""8"":68,""9"":35}","{""10"":18,""11"":145,""12"":80,""13"":7,""14"":32,""15"":31,""16"":12,""17"":1,""18"":44,""19"":13,""20"":9,""21"":8,""22"":2,""23"":1,""24"":1,""25"":2,""3"":123,""4"":99,""5"":86,""6"":44,""7"":126,""8"":74,""9"":42}","{""Diagonal CMA-ES"":{""attempts"":308,""discoveries"":0,""improvements"":1,""insertions"":1,""insertion_rate"":0.003246753246753247},""Immigrant"":{""attempts"":155,""discoveries"":0,""improvements"":0,""insertions"":0,""insertion_rate"":0.0},""Morphology"":{""attempts"":302,""discoveries"":4,""improvements"":4,""insertions"":8,""insertion_rate"":0.026490066225165563},""Novelty"":{""attempts"":235,""discoveries"":0,""improvements"":0,""insertions"":0,""insertion_rate"":0.0}}","{""Morphology"":212,""Novelty"":35}",5,0.8808510638297873,false,39000
42,137,138000,4.156228908000002,0.026420567,0.024083997,0.001041246,0.001295324,4.478836883,147.26434,36.020752,7601.626292705536,191,0.9947917,38,4.0433253402300995,23,0.12041884816753927,"{""10"":1,""3"":23,""4"":12,""5"":44,""6"":74,""7"":24,""8"":8,""9"":5}","{""10"":3,""11"":36,""12"":5,""14"":5,""15"":10,""16"":2,""18"":6,""19"":1,""20"":2,""21"":1,""22"":1,""3"":23,""4"":12,""5"":3,""6"":5,""7"":38,""8"":25,""9"":13}",64,"{""count"":64,""unique_topologies"":64,""topology_entropy_bits"":6.0,""effective_topology_count"":64.0,""triangle_like_count"":0,""triangle_like_fraction"":0.0,""mean_nodes"":6.890625,""mean_muscles"":10.734375,""node_counts"":{""4"":4,""5"":4,""6"":14,""7"":20,""8"":17,""9"":5},""muscle_counts"":{""10"":6,""11"":3,""12"":14,""13"":1,""14"":1,""15"":9,""16"":1,""17"":1,""18"":3,""4"":1,""5"":6,""6"":3,""7"":1,""8"":8,""9"":6}}",139,5.199157338304606,144,0.144,"{""10"":3,""3"":144,""4"":137,""5"":186,""6"":263,""7"":163,""8"":83,""9"":21}","{""10"":18,""11"":157,""12"":78,""13"":6,""14"":35,""15"":29,""16"":16,""18"":42,""19"":7,""20"":3,""21"":3,""22"":4,""24"":1,""3"":144,""4"":94,""5"":89,""6"":47,""7"":106,""8"":65,""9"":56}","{""Diagonal CMA-ES"":{""attempts"":309,""discoveries"":0,""improvements"":0,""insertions"":0,""insertion_rate"":0.0},""Immigrant"":{""attempts"":139,""discoveries"":0,""improvements"":0,""insertions"":0,""insertion_rate"":0.0},""Morphology"":{""attempts"":302,""discoveries"":2,""improvements"":8,""insertions"":10,""insertion_rate"":0.033112582781456956},""Novelty"":{""attempts"":250,""discoveries"":0,""improvements"":0,""insertions"":0,""insertion_rate"":0.0}}","{""Morphology"":205,""Novelty"":29}",2,0.8813559322033898,false,40000
42,138,139000,4.1845146930000015,0.028285785,0.026006206,0.000998503,0.001281076,4.509119676,147.26434,36.020752,7617.126922130585,191,0.9947917,38,4.069150726344924,23,0.12041884816753927,"{""10"":1,""3"":23,""4"":13,""5"":46,""6"":71,""7"":24,""8"":8,""9"":5}","{""10"":3,""11"":33,""12"":5,""14"":5,""15"":10,""16"":2,""18"":6,""19"":1,""20"":2,""21"":1,""22"":1,""3"":23,""4"":13,""5"":4,""6"":5,""7"":39,""8"":25,""9"":13}",64,"{""count"":64,""unique_topologies"":64,""topology_entropy_bits"":6.0,""effective_topology_count"":64.0,""triangle_like_count"":0,""triangle_like_fraction"":0.0,""mean_nodes"":6.921875,""mean_muscles"":10.75,""node_counts"":{""4"":4,""5"":4,""6"":14,""7"":19,""8"":17,""9"":6},""muscle_counts"":{""10"":6,""11"":3,""12"":13,""13"":2,""14"":1,""15"":9,""16"":1,""17"":1,""18"":3,""4"":1,""5"":6,""6"":3,""7"":1,""8"":8,""9"":6}}",136,5.2144194454880886,156,0.156,"{""10"":6,""11"":1,""3"":156,""4"":133,""5"":188,""6"":291,""7"":138,""8"":55,""9"":32}","{""10"":23,""11"":141,""12"":38,""13"":8,""14"":27,""15"":41,""16"":17,""17"":2,""18"":21,""19"":9,""20"":5,""21"":6,""22"":5,""24"":1,""26"":1,""3"":156,""4"":100,""5"":83,""6"":47,""7"":112,""8"":97,""9"":60}","{""Diagonal CMA-ES"":{""attempts"":276,""discoveries"":0,""improvements"":0,""insertions"":0,""insertion_rate"":0.0},""Immigrant"":{""attempts"":138,""discoveries"":0,""improvements"":0,""insertions"":0,""insertion_rate"":0.0},""Morphology"":{""attempts"":321,""discoveries"":1,""improvements"":5,""insertions"":6,""insertion_rate"":0.018691588785046728},""Novelty"":{""attempts"":265,""discoveries"":0,""improvements"":0,""insertions"":0,""insertion_rate"":0.0}}","{""Morphology"":211,""Novelty"":25}",1,0.8816067653276956,false,41000
42,139,140000,4.212364747000001,0.027850054,0.025495675,0.001063804,0.001290575,4.539495076,147.26434,36.070015,7716.312064647675,191,0.9947917,37,3.974995894208217,23,0.12041884816753927,"{""10"":1,""3"":23,""4"":13,""5"":46,""6"":73,""7"":22,""8"":8,""9"":5}","{""10"":2,""11"":36,""12"":4,""14"":5,""15"":10,""16"":2,""18"":6,""19"":1,""20"":2,""21"":1,""22"":1,""3"":23,""4"":13,""5"":4,""6"":5,""7"":39,""8"":23,""9"":14}",64,"{""count"":64,""unique_topologies"":64,""topology_entropy_bits"":6.0,""effective_topology_count"":64.0,""triangle_like_count"":0,""triangle_like_fraction"":0.0,""mean_nodes"":6.921875,""mean_muscles"":10.75,""node_counts"":{""4"":4,""5"":4,""6"":14,""7"":19,""8"":17,""9"":6},""muscle_counts"":{""10"":6,""11"":3,""12"":13,""13"":2,""14"":1,""15"":9,""16"":1,""17"":1,""18"":3,""4"":1,""5"":6,""6"":3,""7"":1,""8"":8,""9"":6}}",133,5.169069346504309,147,0.147,"{""10"":16,""3"":147,""4"":159,""5"":217,""6"":267,""7"":111,""8"":47,""9"":36}","{""10"":20,""11"":133,""12"":30,""13"":6,""14"":27,""15"":43,""16"":8,""17"":1,""18"":23,""19"":11,""20"":6,""21"":7,""22"":1,""24"":5,""25"":1,""3"":147,""4"":122,""5"":106,""6"":49,""7"":122,""8"":77,""9"":55}","{""Diagonal CMA-ES"":{""attempts"":282,""discoveries"":0,""improvements"":0,""insertions"":0,""insertion_rate"":0.0},""Immigrant"":{""attempts"":147,""discoveries"":0,""improvements"":0,""insertions"":0,""insertion_rate"":0.0},""Morphology"":{""attempts"":322,""discoveries"":0,""improvements"":9,""insertions"":9,""insertion_rate"":0.027950310559006212},""Novelty"":{""attempts"":249,""discoveries"":0,""improvements"":2,""insertions"":2,""insertion_rate"":0.008032128514056224}}","{""Morphology"":214,""Novelty"":33}",0,0.8807531380753139,false,42000
42,140,141000,4.239941726000001,0.027576978999999998,0.025257032,0.001011564,0.001308383,4.569080935,147.26434,36.070015,7719.146289348602,191,0.9947917,37,3.981205484769946,23,0.12041884816753927,"{""10"":1,""3"":23,""4"":13,""5"":46,""6"":72,""7"":23,""8"":8,""9"":5}","{""10"":2,""11"":36,""12"":4,""14"":6,""15"":10,""16"":2,""18"":6,""19"":1,""20"":2,""21"":1,""22"":1,""3"":23,""4"":13,""5"":4,""6"":5,""7"":39,""8"":23,""9"":13}",64,"{""count"":64,""unique_topologies"":64,""topology_entropy_bits"":6.0,""effective_topology_count"":64.0,""triangle_like_count"":0,""triangle_like_fraction"":0.0,""mean_nodes"":6.9375,""mean_muscles"":10.78125,""node_counts"":{""10"":1,""4"":4,""5"":4,""6"":14,""7"":19,""8"":17,""9"":5},""muscle_counts"":{""10"":6,""11"":3,""12"":13,""13"":1,""14"":1,""15"":10,""16"":1,""17"":1,""18"":3,""4"":1,""5"":6,""6"":3,""7"":1,""8"":8,""9"":6}}",138,5.074739300396771,136,0.136,"{""10"":8,""3"":136,""4"":154,""5"":228,""6"":285,""7"":121,""8"":39,""9"":29}","{""10"":17,""11"":156,""12"":41,""13"":3,""14"":20,""15"":35,""16"":13,""17"":2,""18"":17,""19"":8,""20"":6,""21"":4,""22"":5,""24"":1,""25"":2,""3"":136,""4"":128,""5"":86,""6"":49,""7"":146,""8"":82,""9"":43}","{""Diagonal CMA-ES"":{""attempts"":302,""discoveries"":0,""improvements"":0,""insertions"":0,""insertion_rate"":0.0},""Immigrant"":{""attempts"":151,""discoveries"":0,""improvements"":0,""insertions"":0,""insertion_rate"":0.0},""Morphology"":{""attempts"":290,""discoveries"":1,""improvements"":2,""insertions"":3,""insertion_rate"":0.010344827586206896},""Novelty"":{""attempts"":257,""discoveries"":0,""improvements"":0,""insertions"":0,""insertion_rate"":0.0}}","{""Morphology"":199,""Novelty"":29}",1,0.8791666666666667,false,43000
42,141,142000,4.272951703000001,0.033009976999999996,0.030440701,0.001035309,0.001533967,4.604359807,147.26434,36.070015,7719.146289348602,191,0.9947917,37,3.981205484769946,23,0.12041884816753927,"{""10"":1,""3"":23,""4"":13,""5"":46,""6"":72,""7"":23,""8"":8,""9"":5}","{""10"":2,""11"":36,""12"":4,""14"":6,""15"":10,""16"":2,""18"":6,""19"":1,""20"":2,""21"":1,""22"":1,""3"":23,""4"":13,""5"":4,""6"":5,""7"":39,""8"":23,""9"":13}",64,"{""count"":64,""unique_topologies"":64,""topology_entropy_bits"":6.0,""effective_topology_count"":64.0,""triangle_like_count"":0,""triangle_like_fraction"":0.0,""mean_nodes"":6.9375,""mean_muscles"":10.78125,""node_counts"":{""10"":1,""4"":4,""5"":4,""6"":14,""7"":19,""8"":17,""9"":5},""muscle_counts"":{""10"":6,""11"":3,""12"":13,""13"":1,""14"":1,""15"":10,""16"":1,""17"":1,""18"":3,""4"":1,""5"":6,""6"":3,""7"":1,""8"":8,""9"":6}}",126,5.088401276012785,139,0.139,"{""10"":10,""11"":18,""3"":139,""4"":143,""5"":231,""6"":275,""7"":128,""8"":36,""9"":20}","{""10"":14,""11"":135,""12"":27,""13"":2,""14"":34,""15"":46,""16"":19,""17"":8,""18"":20,""19"":6,""20"":7,""21"":4,""22"":4,""23"":1,""24"":2,""25"":1,""3"":139,""4"":113,""5"":86,""6"":60,""7"":136,""8"":69,""9"":67}","{""Diagonal CMA-ES"":{""attempts"":306,""discoveries"":0,""improvements"":0,""insertions"":0,""insertion_rate"":0.0},""Immigrant"":{""attempts"":143,""discoveries"":0,""improvements"":0,""insertions"":0,""insertion_rate"":0.0},""Morphology"":{""attempts"":294,""discoveries"":0,""improvements"":0,""insertions"":0,""insertion_rate"":0.0},""Novelty"":{""attempts"":257,""discoveries"":0,""improvements"":0,""insertions"":0,""insertion_rate"":0.0}}","{""Morphology"":198,""Novelty"":34}",0,0.8773388773388774,false,44000
42,142,143000,4.300235423000001,0.02728372,0.024650331,0.001140977,0.001492412,4.633811503,147.26434,36.070015,7728.640234470367,191,0.9947917,37,4.024236108331978,23,0.12041884816753927,"{""10"":1,""3"":23,""4"":13,""5"":44,""6"":73,""7"":24,""8"":8,""9"":5}","{""10"":2,""11"":36,""12"":5,""14"":6,""15"":10,""16"":2,""18"":6,""19"":1,""20"":2,""21"":1,""22"":1,""3"":23,""4"":13,""5"":4,""6"":5,""7"":37,""8"":24,""9"":13}",64,"{""count"":64,""unique_topologies"":64,""topology_entropy_bits"":6.0,""effective_topology_count"":64.0,""triangle_like_count"":0,""triangle_like_fraction"":0.0,""mean_nodes"":6.90625,""mean_muscles"":10.625,""node_counts"":{""10"":1,""4"":4,""5"":4,""6"":14,""7"":20,""8"":17,""9"":4},""muscle_counts"":{""10"":7,""11"":4,""12"":13,""13"":1,""14"":1,""15"":9,""17"":1,""18"":3,""4"":1,""5"":6,""6"":3,""7"":1,""8"":8,""9"":6}}",140,5.486222801592373,119,0.119,"{""10"":9,""3"":119,""4"":125,""5"":229,""6"":286,""7"":141,""8"":46,""9"":45}","{""10"":18,""11"":96,""12"":43,""13"":3,""14"":33,""15"":43,""16"":25,""17"":4,""18"":15,""19"":11,""20"":15,""21"":6,""22"":8,""24"":2,""25"":1,""3"":119,""4"":92,""5"":73,""6"":67,""7"":150,""8"":112,""9"":64}","{""Diagonal CMA-ES"":{""attempts"":323,""discoveries"":0,""improvements"":0,""insertions"":0,""insertion_rate"":0.0},""Immigrant"":{""attempts"":133,""discoveries"":0,""improvements"":0,""insertions"":0,""insertion_rate"":0.0},""Morphology"":{""attempts"":298,""discoveries"":3,""improvements"":7,""insertions"":10,""insertion_rate"":0.03355704697986577},""Novelty"":{""attempts"":246,""discoveries"":0,""improvements"":0,""insertions"":0,""insertion_rate"":0.0}}","{""Morphology"":203,""Novelty"":37}",3,0.8773388773388774,false,45000
42,143,144000,4.328617379000001,0.028381956,0.026048948,0.001055493,0.001277515,4.664123977,147.26434,36.424706,7778.685115337372,191,0.9947917,37,4.058659357745923,22,0.11518324607329843,"{""10"":1,""3"":22,""4"":14,""5"":44,""6"":73,""7"":23,""8"":8,""9"":6}","{""10"":2,""11"":36,""12"":5,""14"":6,""15"":9,""16"":2,""18"":6,""19"":2,""20"":2,""21"":1,""22"":1,""3"":22,""4"":14,""5"":4,""6"":5,""7"":37,""8"":24,""9"":13}",64,"{""count"":64,""unique_topologies"":64,""topology_entropy_bits"":6.0,""effective_topology_count"":64.0,""triangle_like_count"":0,""triangle_like_fraction"":0.0,""mean_nodes"":6.921875,""mean_muscles"":10.6875,""node_counts"":{""10"":1,""4"":4,""5"":4,""6"":14,""7"":19,""8"":18,""9"":4},""muscle_counts"":{""10"":7,""11"":4,""12"":12,""13"":1,""14"":1,""15"":9,""16"":1,""17"":1,""18"":3,""4"":1,""5"":6,""6"":3,""7"":1,""8"":8,""9"":6}}",121,5.219819902080454,113,0.113,"{""10"":8,""11"":1,""3"":113,""4"":125,""5"":273,""6"":252,""7"":147,""8"":48,""9"":33}","{""10"":25,""11"":90,""12"":36,""13"":3,""14"":31,""15"":52,""16"":22,""17"":1,""18"":13,""19"":11,""20"":8,""21"":8,""22"":6,""24"":1,""27"":1,""3"":113,""4"":95,""5"":69,""6"":61,""7"":191,""8"":97,""9"":66}","{""Diagonal CMA-ES"":{""attempts"":299,""discoveries"":0,""improvements"":1,""insertions"":1,""insertion_rate"":0.0033444816053511705},""Immigrant"":{""attempts"":137,""discoveries"":0,""improvements"":0,""insertions"":0,""insertion_rate"":0.0},""Morphology"":{""attempts"":303,""discoveries"":1,""improvements"":5,""insertions"":6,""insertion_rate"":0.019801980198019802},""Novelty"":{""attempts"":261,""discoveries"":0,""improvements"":1,""insertions"":1,""insertion_rate"":0.0038314176245210726}}","{""Morphology"":195,""Novelty"":27}",1,0.8775933609958506,false,46000
42,144,145000,4.355768124000001,0.027150745,0.024848607,0.001081613,0.001220525,4.693314471,147.26434,36.424706,7778.685115337372,191,0.9947917,37,4.058659357745922,22,0.11518324607329843,"{""10"":1,""3"":22,""4"":14,""5"":44,""6"":73,""7"":23,""8"":8,""9"":6}","{""10"":2,""11"":36,""12"":5,""14"":6,""15"":9,""16"":2,""18"":6,""19"":2,""20"":2,""21"":1,""22"":1,""3"":22,""4"":14,""5"":4,""6"":5,""7"":37,""8"":24,""9"":13}",64,"{""count"":64,""unique_topologies"":64,""topology_entropy_bits"":6.0,""effective_topology_count"":64.0,""triangle_like_count"":0,""triangle_like_fraction"":0.0,""mean_nodes"":6.90625,""mean_muscles"":10.625,""node_counts"":{""10"":1,""4"":4,""5"":4,""6"":14,""7"":20,""8"":17,""9"":4},""muscle_counts"":{""10"":7,""11"":4,""12"":13,""13"":1,""14"":1,""15"":9,""17"":1,""18"":3,""4"":1,""5"":6,""6"":3,""7"":1,""8"":8,""9"":6}}",118,4.660909649825924,115,0.115,"{""10"":3,""3"":115,""4"":207,""5"":221,""6"":290,""7"":105,""8"":38,""9"":21}","{""10"":5,""11"":225,""12"":38,""13"":1,""14"":26,""15"":26,""16"":17,""17"":8,""18"":15,""19"":5,""20"":4,""21"":3,""23"":1,""25"":2,""3"":115,""4"":170,""5"":97,""6"":42,""7"":126,""8"":42,""9"":32}","{""Diagonal CMA-ES"":{""attempts"":272,""discoveries"":0,""improvements"":0,""insertions"":0,""insertion_rate"":0.0},""Immigrant"":{""attempts"":149,""discoveries"":0,""improvements"":0,""insertions"":0,""insertion_rate"":0.0},""Morphology"":{""attempts"":323,""discoveries"":1,""improvements"":1,""insertions"":2,""insertion_rate"":0.006191950464396285},""Novelty"":{""attempts"":256,""discoveries"":0,""improvements"":0,""insertions"":0,""insertion_rate"":0.0}}","{""Morphology"":208,""Novelty"":33}",1,0.8775933609958506,false,47000
42,145,146000,4.383797458000001,0.028029334,0.025733132,0.001029373,0.001266829,4.723364557,147.26434,36.424706,7780.273651599884,191,0.9947917,37,4.058659357745923,22,0.11518324607329843,"{""10"":1,""3"":22,""4"":14,""5"":44,""6"":73,""7"":23,""8"":8,""9"":6}","{""10"":2,""11"":36,""12"":5,""14"":6,""15"":9,""16"":2,""18"":6,""19"":2,""20"":2,""21"":1,""22"":1,""3"":22,""4"":14,""5"":4,""6"":5,""7"":37,""8"":24,""9"":13}",64,"{""count"":64,""unique_topologies"":64,""topology_entropy_bits"":6.0,""effective_topology_count"":64.0,""triangle_like_count"":0,""triangle_like_fraction"":0.0,""mean_nodes"":6.90625,""mean_muscles"":10.59375,""node_counts"":{""10"":1,""4"":4,""5"":4,""6"":14,""7"":20,""8"":17,""9"":4},""muscle_counts"":{""10"":8,""11"":4,""12"":12,""13"":1,""14"":1,""15"":9,""17"":1,""18"":3,""4"":1,""5"":6,""6"":3,""7"":1,""8"":8,""9"":6}}",103,4.472311928951245,129,0.129,"{""10"":2,""3"":129,""4"":125,""5"":273,""6"":303,""7"":109,""8"":41,""9"":18}","{""10"":9,""11"":223,""12"":44,""13"":10,""14"":25,""15"":22,""16"":10,""18"":21,""19"":10,""20"":3,""21"":2,""22"":1,""24"":2,""26"":1,""27"":1,""3"":129,""4"":96,""5"":89,""6"":33,""7"":189,""8"":45,""9"":35}","{""Diagonal CMA-ES"":{""attempts"":294,""discoveries"":0,""improvements"":0,""insertions"":0,""insertion_rate"":0.0},""Immigrant"":{""attempts"":146,""discoveries"":0,""improvements"":0,""insertions"":0,""insertion_rate"":0.0},""Morphology"":{""attempts"":301,""discoveries"":1,""improvements"":1,""insertions"":2,""insertion_rate"":0.006644518272425249},""Novelty"":{""attempts"":259,""discoveries"":0,""improvements"":0,""insertions"":0,""insertion_rate"":0.0}}","{""Morphology"":200,""Novelty"":37}",0,0.8762886597938144,false,48000
42,146,147000,4.411850537000001,0.028053079,0.025739068,0.00103056,0.001283451,4.753734021,147.26434,36.424706,7820.5123562812805,191,0.9947917,38,4.077557998973341,22,0.11518324607329843,"{""10"":1,""3"":22,""4"":14,""5"":44,""6"":73,""7"":23,""8"":8,""9"":6}","{""10"":2,""11"":36,""12"":5,""14"":6,""15"":9,""16"":2,""18"":6,""19"":2,""20"":2,""21"":1,""22"":1,""3"":22,""4"":14,""5"":5,""6"":4,""7"":37,""8"":24,""9"":13}",64,"{""count"":64,""unique_topologies"":64,""topology_entropy_bits"":6.0,""effective_topology_count"":64.0,""triangle_like_count"":0,""triangle_like_fraction"":0.0,""mean_nodes"":6.96875,""mean_muscles"":10.75,""node_counts"":{""10"":1,""4"":4,""5"":3,""6"":14,""7"":20,""8"":17,""9"":5},""muscle_counts"":{""10"":7,""11"":4,""12"":13,""13"":2,""14"":1,""15"":9,""17"":1,""18"":3,""4"":1,""5"":5,""6"":3,""7"":1,""8"":8,""9"":6}}",129,5.180017071478333,155,0.155,"{""10"":10,""3"":155,""4"":128,""5"":213,""6"":271,""7"":138,""8"":57,""9"":28}","{""10"":20,""11"":138,""12"":39,""13"":3,""14"":35,""15"":35,""16"":15,""18"":25,""19"":12,""20"":10,""21"":3,""22"":5,""24"":3,""25"":2,""27"":1,""3"":155,""4"":98,""5"":96,""6"":50,""7"":115,""8"":80,""9"":60}","{""Diagonal CMA-ES"":{""attempts"":304,""discoveries"":0,""improvements"":0,""insertions"":0,""insertion_rate"":0.0},""Immigrant"":{""attempts"":136,""discoveries"":0,""improvements"":0,""insertions"":0,""insertion_rate"":0.0},""Morphology"":{""attempts"":323,""discoveries"":2,""improvements"":2,""insertions"":4,""insertion_rate"":0.01238390092879257},""Novelty"":{""attempts"":237,""discoveries"":0,""improvements"":0,""insertions"":0,""insertion_rate"":0.0}}","{""Morphology"":210,""Novelty"":37}",2,0.8744855967078189,false,49000
42,147,148000,4.441178755000001,0.029328218,0.026952469,0.001059054,0.001316695,4.785475982,147.26434,36.424706,7839.82196187973,191,0.9947917,38,4.084175620724139,22,0.11518324607329843,"{""10"":1,""3"":22,""4"":13,""5"":44,""6"":74,""7"":23,""8"":8,""9"":6}","{""10"":2,""11"":37,""12"":5,""14"":6,""15"":9,""16"":2,""18"":6,""19"":2,""20"":2,""21"":1,""22"":1,""3"":22,""4"":13,""5"":6,""6"":4,""7"":36,""8"":24,""9"":13}",64,"{""count"":64,""unique_topologies"":64,""topology_entropy_bits"":6.0,""effective_topology_count"":64.0,""triangle_like_count"":0,""triangle_like_fraction"":0.0,""mean_nodes"":6.953125,""mean_muscles"":10.71875,""node_counts"":{""10"":1,""4"":4,""5"":3,""6"":14,""7"":20,""8"":18,""9"":4},""muscle_counts"":{""10"":7,""11"":4,""12"":12,""13"":1,""14"":1,""15"":10,""17"":1,""18"":3,""4"":1,""5"":5,""6"":3,""7"":1,""8"":9,""9"":6}}",122,5.191698008353524,148,0.148,"{""10"":14,""11"":1,""3"":148,""4"":158,""5"":205,""6"":245,""7"":159,""8"":41,""9"":29}","{""10"":17,""11"":120,""12"":49,""13"":12,""14"":32,""15"":53,""16"":15,""18"":20,""19"":13,""20"":5,""21"":7,""22"":4,""23"":1,""24"":1,""3"":148,""4"":127,""5"":94,""6"":44,""7"":117,""8"":69,""9"":52}","{""Diagonal CMA-ES"":{""attempts"":294,""discoveries"":0,""improvements"":0,""insertions"":0,""insertion_rate"":0.0},""Immigrant"":{""attempts"":155,""discoveries"":0,""improvements"":0,""insertions"":0,""insertion_rate"":0.0},""Morphology"":{""attempts"":319,""discoveries"":2,""improvements"":8,""insertions"":10,""insertion_rate"":0.03134796238244514},""Novelty"":{""attempts"":232,""discoveries"":0,""improvements"":0,""insertions"":0,""insertion_rate"":0.0}}","{""Morphology"":218,""Novelty"":32}",2,0.8726899383983573,false,50000
42,148,149000,4.469538153000001,0.028359398,0.025743817,0.00103531,0.001580271,4.815843072,147.26434,36.424706,7844.74787914753,191,0.9947917,39,4.104595173236653,22,0.11518324607329843,"{""10"":1,""3"":22,""4"":13,""5"":44,""6"":74,""7"":22,""8"":9,""9"":6}","{""10"":2,""11"":37,""12"":5,""14"":5,""15"":9,""16"":2,""17"":1,""18"":6,""19"":1,""20"":2,""21"":2,""22"":1,""3"":22,""4"":13,""5"":6,""6"":4,""7"":36,""8"":24,""9"":13}",64,"{""count"":64,""unique_topologies"":64,""topology_entropy_bits"":6.0,""effective_topology_count"":64.0,""triangle_like_count"":0,""triangle_like_fraction"":0.0,""mean_nodes"":6.9375,""mean_muscles"":10.65625,""node_counts"":{""10"":1,""4"":4,""5"":3,""6"":15,""7"":19,""8"":18,""9"":4},""muscle_counts"":{""10"":7,""11"":4,""12"":12,""13"":2,""14"":1,""15"":10,""18"":3,""4"":1,""5"":5,""6"":3,""7"":1,""8"":9,""9"":6}}",131,5.05178535778385,130,0.13,"{""10"":5,""11"":1,""3"":130,""4"":127,""5"":232,""6"":308,""7"":116,""8"":49,""9"":32}","{""10"":11,""11"":174,""12"":30,""13"":1,""14"":24,""15"":37,""16"":16,""17"":2,""18"":21,""19"":13,""20"":6,""21"":7,""22"":6,""24"":2,""25"":1,""27"":1,""3"":130,""4"":97,""5"":89,""6"":47,""7"":144,""8"":89,""9"":52}","{""Diagonal CMA-ES"":{""attempts"":327,""discoveries"":0,""improvements"":0,""insertions"":0,""insertion_rate"":0.0},""Immigrant"":{""attempts"":134,""discoveries"":0,""improvements"":0,""insertions"":0,""insertion_rate"":0.0},""Morphology"":{""attempts"":286,""discoveries"":2,""improvements"":5,""insertions"":7,""insertion_rate"":0.024475524475524476},""Novelty"":{""attempts"":253,""discoveries"":0,""improvements"":0,""insertions"":0,""insertion_rate"":0.0}}","{""Morphology"":197,""Novelty"":29}",2,0.8726899383983573,false,51000
42,149,150000,4.497252857000001,0.027714704,0.025235661,0.001023436,0.001455607,4.845527475,147.26434,36.424706,7855.0777541399,191,0.9947917,39,4.091352633901675,22,0.11518324607329843,"{""10"":1,""3"":22,""4"":13,""5"":44,""6"":74,""7"":23,""8"":9,""9"":5}","{""10"":2,""11"":37,""12"":5,""14"":5,""15"":10,""16"":2,""17"":1,""18"":6,""19"":1,""20"":1,""21"":2,""22"":1,""3"":22,""4"":13,""5"":6,""6"":4,""7"":36,""8"":24,""9"":13}",64,"{""count"":64,""unique_topologies"":64,""topology_entropy_bits"":6.0,""effective_topology_count"":64.0,""triangle_like_count"":0,""triangle_like_fraction"":0.0,""mean_nodes"":6.96875,""mean_muscles"":10.734375,""node_counts"":{""10"":1,""4"":4,""5"":3,""6"":14,""7"":20,""8"":17,""9"":5},""muscle_counts"":{""10"":7,""11"":4,""12"":13,""13"":1,""14"":2,""15"":10,""18"":3,""4"":1,""5"":5,""6"":3,""7"":1,""8"":8,""9"":6}}",138,5.539486529803978,116,0.116,"{""10"":11,""3"":116,""4"":126,""5"":195,""6"":303,""7"":147,""8"":48,""9"":54}","{""10"":22,""11"":113,""12"":37,""13"":3,""14"":36,""15"":40,""16"":28,""17"":4,""18"":20,""19"":10,""20"":10,""21"":14,""22"":8,""23"":2,""24"":2,""25"":1,""3"":116,""4"":96,""5"":65,""6"":67,""7"":118,""8"":121,""9"":67}","{""Diagonal CMA-ES"":{""attempts"":285,""discoveries"":0,""improvements"":0,""insertions"":0,""insertion_rate"":0.0},""Immigrant"":{""attempts"":144,""discoveries"":0,""improvements"":0,""insertions"":0,""insertion_rate"":0.0},""Morphology"":{""attempts"":316,""discoveries"":1,""improvements"":4,""insertions"":5,""insertion_rate"":0.015822784810126583},""Novelty"":{""attempts"":255,""discoveries"":1,""improvements"":0,""insertions"":1,""insertion_rate"":0.00392156862745098}}","{""Morphology"":191,""Novelty"":40}",2,0.869120654396728,false,52000
42,150,151000,4.524238570000001,0.026985713,0.024425935,0.001112482,0.001447296,4.874734591,147.26434,36.424706,7859.105467915535,191,0.9947917,39,4.072164011515061,22,0.11518324607329843,"{""10"":1,""3"":22,""4"":13,""5"":45,""6"":73,""7"":23,""8"":9,""9"":5}","{""10"":2,""11"":37,""12"":5,""14"":5,""15"":10,""16"":2,""17"":1,""18"":6,""19"":1,""20"":1,""21"":2,""22"":1,""3"":22,""4"":13,""5"":6,""6"":4,""7"":37,""8"":23,""9"":13}",64,"{""count"":64,""unique_topologies"":64,""topology_entropy_bits"":6.0,""effective_topology_count"":64.0,""triangle_like_count"":0,""triangle_like_fraction"":0.0,""mean_nodes"":6.953125,""mean_muscles"":10.765625,""node_counts"":{""10"":1,""4"":4,""5"":3,""6"":14,""7"":20,""8"":18,""9"":4},""muscle_counts"":{""10"":7,""11"":4,""12"":13,""13"":1,""14"":1,""15"":10,""16"":1,""18"":3,""4"":1,""5"":5,""6"":3,""7"":1,""8"":8,""9"":6}}",140,5.508440796054881,113,0.113,"{""10"":17,""11"":1,""3"":113,""4"":127,""5"":173,""6"":317,""7"":148,""8"":49,""9"":55}","{""10"":15,""11"":131,""12"":34,""13"":5,""14"":34,""15"":67,""16"":25,""17"":9,""18"":18,""19"":11,""20"":9,""21"":14,""22"":7,""23"":1,""24"":4,""3"":113,""4"":101,""5"":59,""6"":60,""7"":113,""8"":112,""9"":58}","{""Diagonal CMA-ES"":{""attempts"":309,""discoveries"":0,""improvements"":0,""insertions"":0,""insertion_rate"":0.0},""Immigrant"":{""attempts"":147,""discoveries"":0,""improvements"":0,""insertions"":0,""insertion_rate"":0.0},""Morphology"":{""attempts"":294,""discoveries"":1,""improvements"":1,""insertions"":2,""insertion_rate"":0.006802721088435374},""Novelty"":{""attempts"":250,""discoveries"":1,""improvements"":0,""insertions"":1,""insertion_rate"":0.004}}","{""Morphology"":205,""Novelty"":34}",2,0.8676171079429735,false,53000
42,151,152000,4.551597088000001,0.027358518,0.024954274,0.001000878,0.001403366,4.904179163,147.26434,36.424706,7864.161957859993,191,0.9947917,39,4.072164011515061,22,0.11518324607329843,"{""10"":1,""3"":22,""4"":13,""5"":45,""6"":73,""7"":23,""8"":9,""9"":5}","{""10"":2,""11"":37,""12"":5,""14"":5,""15"":10,""16"":2,""17"":1,""18"":6,""19"":1,""20"":1,""21"":2,""22"":1,""3"":22,""4"":13,""5"":6,""6"":4,""7"":37,""8"":23,""9"":13}",64,"{""count"":64,""unique_topologies"":64,""topology_entropy_bits"":6.0,""effective_topology_count"":64.0,""triangle_like_count"":0,""triangle_like_fraction"":0.0,""mean_nodes"":7.0,""mean_muscles"":10.875,""node_counts"":{""10"":1,""4"":4,""5"":3,""6"":14,""7"":19,""8"":17,""9"":6},""muscle_counts"":{""10"":7,""11"":4,""12"":12,""13"":1,""14"":1,""15"":10,""17"":1,""18"":4,""4"":1,""5"":5,""6"":3,""7"":1,""8"":8,""9"":6}}",120,5.4076445664107595,120,0.12,"{""10"":6,""11"":1,""3"":120,""4"":131,""5"":192,""6"":321,""7"":132,""8"":53,""9"":44}","{""10"":17,""11"":131,""12"":34,""13"":5,""14"":25,""15"":39,""16"":28,""17"":7,""18"":19,""19"":9,""20"":10,""21"":15,""22"":8,""23"":1,""25"":1,""3"":120,""4"":94,""5"":76,""6"":67,""7"":105,""8"":124,""9"":65}","{""Diagonal CMA-ES"":{""attempts"":306,""discoveries"":0,""improvements"":0,""insertions"":0,""insertion_rate"":0.0},""Immigrant"":{""attempts"":147,""discoveries"":0,""improvements"":0,""insertions"":0,""insertion_rate"":0.0},""Morphology"":{""attempts"":300,""discoveries"":2,""improvements"":0,""insertions"":2,""insertion_rate"":0.006666666666666667},""Novelty"":{""attempts"":247,""discoveries"":0,""improvements"":2,""insertions"":2,""insertion_rate"":0.008097165991902834}}","{""Morphology"":209,""Novelty"":36}",2,0.8640973630831643,false,54000
42,152,153000,4.581413279000001,0.029816191,0.027345459,0.001034122,0.00143661,4.936125337,147.26434,36.424706,7867.75126183033,191,0.9947917,40,4.08802852082289,22,0.11518324607329843,"{""10"":1,""3"":22,""4"":13,""5"":46,""6"":72,""7"":22,""8"":10,""9"":5}","{""10"":2,""11"":37,""12"":5,""14"":5,""15"":9,""16"":2,""17"":1,""18"":6,""19"":2,""20"":1,""21"":2,""22"":1,""3"":22,""4"":13,""5"":6,""6"":4,""7"":38,""8"":23,""9"":12}",64,"{""count"":64,""unique_topologies"":64,""topology_entropy_bits"":6.0,""effective_topology_count"":64.0,""triangle_like_count"":0,""triangle_like_fraction"":0.0,""mean_nodes"":7.0,""mean_muscles"":10.96875,""node_counts"":{""10"":1,""4"":4,""5"":3,""6"":14,""7"":19,""8"":17,""9"":6},""muscle_counts"":{""10"":7,""11"":4,""12"":12,""13"":1,""14"":1,""15"":10,""18"":4,""23"":1,""4"":1,""5"":5,""6"":3,""7"":1,""8"":8,""9"":6}}",128,5.437657566013528,134,0.134,"{""10"":27,""11"":1,""3"":134,""4"":119,""5"":192,""6"":293,""7"":146,""8"":45,""9"":43}","{""10"":27,""11"":114,""12"":37,""14"":27,""15"":45,""16"":20,""17"":9,""18"":25,""19"":14,""20"":8,""21"":26,""22"":6,""23"":1,""24"":2,""25"":1,""29"":1,""3"":134,""4"":90,""5"":70,""6"":63,""7"":112,""8"":113,""9"":55}","{""Diagonal CMA-ES"":{""attempts"":297,""discoveries"":0,""improvements"":0,""insertions"":0,""insertion_rate"":0.0},""Immigrant"":{""attempts"":163,""discoveries"":0,""improvements"":0,""insertions"":0,""insertion_rate"":0.0},""Morphology"":{""attempts"":285,""discoveries"":2,""improvements"":5,""insertions"":7,""insertion_rate"":0.02456140350877193},""Novelty"":{""attempts"":255,""discoveries"":0,""improvements"":0,""insertions"":0,""insertion_rate"":0.0}}","{""Morphology"":172,""Novelty"":37}",3,0.8606060606060606,false,55000
42,153,154000,4.611451491000001,0.030038211999999998,0.027599537,0.00100444,0.001434235,4.96814156,147.26434,36.424706,7884.15707886219,191,0.9947917,40,4.085431705689273,22,0.11518324607329843,"{""10"":1,""3"":22,""4"":13,""5"":43,""6"":74,""7"":23,""8"":10,""9"":5}","{""10"":2,""11"":39,""12"":6,""14"":5,""15"":9,""16"":2,""17"":1,""18"":6,""19"":2,""20"":1,""21"":2,""22"":1,""3"":22,""4"":13,""5"":6,""6"":4,""7"":36,""8"":22,""9"":12}",64,"{""count"":64,""unique_topologies"":64,""topology_entropy_bits"":6.0,""effective_topology_count"":64.0,""triangle_like_count"":0,""triangle_like_fraction"":0.0,""mean_nodes"":7.0,""mean_muscles"":10.96875,""node_counts"":{""10"":1,""4"":4,""5"":3,""6"":14,""7"":19,""8"":17,""9"":6},""muscle_counts"":{""10"":7,""11"":4,""12"":12,""13"":1,""14"":1,""15"":10,""18"":4,""23"":1,""4"":1,""5"":5,""6"":3,""7"":1,""8"":8,""9"":6}}",135,5.5927874017203205,105,0.105,"{""10"":27,""3"":105,""4"":142,""5"":183,""6"":303,""7"":139,""8"":53,""9"":48}","{""10"":18,""11"":116,""12"":33,""13"":1,""14"":28,""15"":39,""16"":21,""17"":5,""18"":26,""19"":17,""20"":12,""21"":18,""22"":8,""23"":3,""24"":7,""27"":3,""29"":2,""3"":105,""31"":1,""4"":101,""5"":70,""6"":68,""7"":121,""8"":118,""9"":59}","{""Diagonal CMA-ES"":{""attempts"":281,""discoveries"":0,""improvements"":0,""insertions"":0,""insertion_rate"":0.0},""Immigrant"":{""attempts"":154,""discoveries"":0,""improvements"":0,""insertions"":0,""insertion_rate"":0.0},""Morphology"":{""attempts"":301,""discoveries"":0,""improvements"":6,""insertions"":6,""insertion_rate"":0.019933554817275746},""Novelty"":{""attempts"":264,""discoveries"":0,""improvements"":0,""insertions"":0,""insertion_rate"":0.0}}","{""Morphology"":202,""Novelty"":25}",0,0.8571428571428571,false,56000
42,154,155000,4.641108586000001,0.029657095,0.027130561,0.00105668,0.001469854,5.000156596,147.26434,36.55995,7927.141606450081,191,0.9947917,40,4.071272813903168,22,0.11518324607329843,"{""10"":1,""3"":22,""4"":14,""5"":42,""6"":75,""7"":22,""8"":10,""9"":5}","{""10"":2,""11"":40,""12"":5,""14"":5,""15"":9,""16"":2,""17"":1,""18"":6,""19"":2,""20"":1,""21"":2,""22"":1,""3"":22,""4"":14,""5"":6,""6"":4,""7"":35,""8"":22,""9"":12}",64,"{""count"":64,""unique_topologies"":64,""topology_entropy_bits"":6.0,""effective_topology_count"":64.0,""triangle_like_count"":0,""triangle_like_fraction"":0.0,""mean_nodes"":6.96875,""mean_muscles"":10.84375,""node_counts"":{""10"":1,""4"":4,""5"":3,""6"":15,""7"":19,""8"":16,""9"":6},""muscle_counts"":{""10"":7,""11"":4,""12"":12,""13"":1,""14"":1,""15"":9,""18"":4,""23"":1,""4"":1,""5"":5,""6"":3,""7"":2,""8"":8,""9"":6}}",139,5.596146028664582,113,0.113,"{""10"":16,""3"":113,""4"":142,""5"":176,""6"":309,""7"":145,""8"":47,""9"":52}","{""10"":28,""11"":92,""12"":42,""13"":1,""14"":31,""15"":32,""16"":16,""17"":3,""18"":22,""19"":18,""20"":11,""21"":19,""22"":6,""23"":3,""24"":4,""25"":4,""29"":2,""3"":113,""4"":100,""5"":88,""6"":55,""7"":108,""8"":122,""9"":80}","{""Diagonal CMA-ES"":{""attempts"":262,""discoveries"":0,""improvements"":0,""insertions"":0,""insertion_rate"":0.0},""Immigrant"":{""attempts"":162,""discoveries"":0,""improvements"":0,""insertions"":0,""insertion_rate"":0.0},""Morphology"":{""attempts"":312,""discoveries"":2,""improvements"":6,""insertions"":8,""insertion_rate"":0.02564102564102564},""Novelty"":{""attempts"":264,""discoveries"":0,""improvements"":0,""insertions"":0,""insertion_rate"":0.0}}","{""Morphology"":210,""Novelty"":20}",2,0.8537074148296593,false,57000
42,155,156000,4.669805171000001,0.028696585,0.026191422,0.001044807,0.001460356,5.030983163,147.26434,36.55995,7937.978810429573,191,0.9947917,40,4.077482404464897,22,0.11518324607329843,"{""10"":1,""3"":22,""4"":13,""5"":43,""6"":75,""7"":22,""8"":10,""9"":5}","{""10"":2,""11"":40,""12"":5,""14"":5,""15"":9,""16"":2,""17"":1,""18"":6,""19"":2,""20"":1,""21"":2,""22"":1,""3"":22,""4"":13,""5"":7,""6"":4,""7"":35,""8"":22,""9"":12}",64,"{""count"":64,""unique_topologies"":64,""topology_entropy_bits"":6.0,""effective_topology_count"":64.0,""triangle_like_count"":0,""triangle_like_fraction"":0.0,""mean_nodes"":6.953125,""mean_muscles"":10.796875,""node_counts"":{""10"":1,""4"":4,""5"":3,""6"":15,""7"":20,""8"":15,""9"":6},""muscle_counts"":{""10"":7,""11"":3,""12"":12,""13"":1,""14"":1,""15"":9,""18"":4,""23"":1,""4"":1,""5"":5,""6"":3,""7"":2,""8"":9,""9"":6}}",130,5.5475177174933785,127,0.127,"{""10"":21,""3"":127,""4"":140,""5"":176,""6"":280,""7"":165,""8"":53,""9"":38}","{""10"":23,""11"":85,""12"":48,""14"":30,""15"":47,""16"":24,""17"":5,""18"":23,""19"":17,""20"":8,""21"":20,""22"":7,""24"":3,""25"":2,""27"":1,""3"":127,""4"":108,""5"":70,""6"":67,""7"":107,""8"":114,""9"":64}","{""Diagonal CMA-ES"":{""attempts"":311,""discoveries"":0,""improvements"":0,""insertions"":0,""insertion_rate"":0.0},""Immigrant"":{""attempts"":157,""discoveries"":0,""improvements"":0,""insertions"":0,""insertion_rate"":0.0},""Morphology"":{""attempts"":284,""discoveries"":1,""improvements"":3,""insertions"":4,""insertion_rate"":0.014084507042253521},""Novelty"":{""attempts"":248,""discoveries"":0,""improvements"":0,""insertions"":0,""insertion_rate"":0.0}}","{""Morphology"":202,""Novelty"":29}",1,0.8545816733067729,false,58000
42,156,157000,4.698242930000001,0.028437759,0.025967026,0.001045995,0.001424738,5.061736119,147.26434,36.55995,7959.216019749641,191,0.9947917,40,4.066022861928368,22,0.11518324607329843,"{""10"":1,""3"":22,""4"":13,""5"":42,""6"":76,""7"":22,""8"":10,""9"":5}","{""10"":2,""11"":42,""12"":5,""14"":5,""15"":9,""16"":2,""17"":1,""18"":6,""19"":2,""20"":1,""21"":2,""22"":1,""3"":22,""4"":13,""5"":7,""6"":4,""7"":34,""8"":21,""9"":12}",64,"{""count"":64,""unique_topologies"":64,""topology_entropy_bits"":6.0,""effective_topology_count"":64.0,""triangle_like_count"":0,""triangle_like_fraction"":0.0,""mean_nodes"":6.921875,""mean_muscles"":10.703125,""node_counts"":{""10"":1,""4"":4,""5"":3,""6"":16,""7"":20,""8"":14,""9"":6},""muscle_counts"":{""10"":7,""11"":3,""12"":11,""13"":1,""14"":1,""15"":9,""18"":4,""23"":1,""4"":1,""5"":5,""6"":4,""7"":2,""8"":9,""9"":6}}",131,5.515063906219672,123,0.123,"{""10"":11,""3"":123,""4"":135,""5"":176,""6"":304,""7"":146,""8"":63,""9"":42}","{""10"":22,""11"":105,""12"":36,""14"":26,""15"":41,""16"":17,""17"":4,""18"":20,""19"":21,""20"":9,""21"":17,""22"":8,""24"":1,""25"":1,""3"":123,""4"":112,""5"":62,""6"":59,""7"":123,""8"":127,""9"":66}","{""Diagonal CMA-ES"":{""attempts"":298,""discoveries"":0,""improvements"":0,""insertions"":0,""insertion_rate"":0.0},""Immigrant"":{""attempts"":144,""discoveries"":0,""improvements"":0,""insertions"":0,""insertion_rate"":0.0},""Morphology"":{""attempts"":308,""discoveries"":1,""improvements"":3,""insertions"":4,""insertion_rate"":0.012987012987012988},""Novelty"":{""attempts"":250,""discoveries"":0,""improvements"":1,""insertions"":1,""insertion_rate"":0.004}}","{""Morphology"":191,""Novelty"":17}",1,0.8545816733067729,false,59000
42,157,158000,4.726627259000001,0.028384329,0.025887477,0.001035309,0.001461543,5.092452269,147.26434,36.55995,7964.608437657356,191,0.9947917,39,4.055551657739886,22,0.11518324607329843,"{""3"":22,""4"":13,""5"":42,""6"":77,""7"":22,""8"":11,""9"":4}","{""10"":2,""11"":42,""12"":5,""14"":5,""15"":9,""16"":2,""17"":1,""18"":6,""19"":3,""21"":2,""3"":22,""4"":13,""5"":7,""6"":4,""7"":35,""8"":21,""9"":12}",64,"{""count"":64,""unique_topologies"":64,""topology_entropy_bits"":6.0,""effective_topology_count"":64.0,""triangle_like_count"":0,""triangle_like_fraction"":0.0,""mean_nodes"":6.921875,""mean_muscles"":10.703125,""node_counts"":{""10"":1,""4"":4,""5"":3,""6"":16,""7"":20,""8"":14,""9"":6},""muscle_counts"":{""10"":7,""11"":3,""12"":11,""13"":1,""14"":1,""15"":9,""18"":4,""23"":1,""4"":1,""5"":5,""6"":4,""7"":2,""8"":9,""9"":6}}",131,5.5837049348673675,116,0.116,"{""10"":11,""3"":116,""4"":133,""5"":192,""6"":306,""7"":153,""8"":55,""9"":34}","{""10"":18,""11"":109,""12"":38,""13"":1,""14"":27,""15"":45,""16"":18,""17"":5,""18"":19,""19"":17,""20"":9,""21"":14,""22"":8,""23"":1,""24"":1,""25"":1,""26"":1,""3"":116,""4"":100,""5"":82,""6"":71,""7"":131,""8"":108,""9"":60}","{""Diagonal CMA-ES"":{""attempts"":302,""discoveries"":0,""improvements"":0,""insertions"":0,""insertion_rate"":0.0},""Immigrant"":{""attempts"":144,""discoveries"":0,""improvements"":0,""insertions"":0,""insertion_rate"":0.0},""Morphology"":{""attempts"":287,""discoveries"":0,""improvements"":3,""insertions"":3,""insertion_rate"":0.010452961672473868},""Novelty"":{""attempts"":267,""discoveries"":0,""improvements"":1,""insertions"":1,""insertion_rate"":0.003745318352059925}}","{""Morphology"":189,""Novelty"":34}",1,0.8551587301587301,false,60000
42,158,159000,4.7548857390000006,0.02825848,0.025552665,0.001133854,0.001571961,5.12322066,147.26434,37.164757,8031.148929715157,191,0.9947917,40,4.088407736489031,22,0.11518324607329843,"{""3"":22,""4"":13,""5"":41,""6"":77,""7"":23,""8"":11,""9"":4}","{""10"":2,""11"":42,""12"":5,""14"":5,""15"":9,""16"":2,""17"":1,""18"":6,""19"":3,""21"":2,""3"":22,""4"":13,""5"":7,""6"":4,""7"":34,""8"":21,""9"":13}",64,"{""count"":64,""unique_topologies"":64,""topology_entropy_bits"":6.0,""effective_topology_count"":64.0,""triangle_like_count"":0,""triangle_like_fraction"":0.0,""mean_nodes"":6.921875,""mean_muscles"":10.703125,""node_counts"":{""10"":1,""4"":4,""5"":3,""6"":16,""7"":20,""8"":14,""9"":6},""muscle_counts"":{""10"":7,""11"":3,""12"":11,""13"":1,""14"":1,""15"":9,""18"":4,""23"":1,""4"":1,""5"":5,""6"":4,""7"":2,""8"":9,""9"":6}}",142,5.621884265252463,126,0.126,"{""10"":8,""3"":126,""4"":136,""5"":163,""6"":291,""7"":170,""8"":73,""9"":33}","{""10"":28,""11"":104,""12"":55,""13"":3,""14"":33,""15"":39,""16"":24,""17"":6,""18"":16,""19"":30,""20"":5,""21"":10,""22"":3,""24"":4,""3"":126,""4"":106,""5"":77,""6"":46,""7"":114,""8"":105,""9"":66}","{""Diagonal CMA-ES"":{""attempts"":298,""discoveries"":0,""improvements"":0,""insertions"":0,""insertion_rate"":0.0},""Immigrant"":{""attempts"":142,""discoveries"":0,""improvements"":0,""insertions"":0,""insertion_rate"":0.0},""Morphology"":{""attempts"":326,""discoveries"":0,""improvements"":3,""insertions"":3,""insertion_rate"":0.009202453987730062},""Novelty"":{""attempts"":234,""discoveries"":0,""improvements"":0,""insertions"":0,""insertion_rate"":0.0}}","{""Morphology"":227,""Novelty"":36}",1,0.8554455445544554,false,61000
42,159,160000,4.783769915000001,0.028884175999999998,0.025590658,0.001232398,0.00206112,5.154974494,147.26434,37.164757,8037.888736844063,191,0.9947917,41,4.125185253048648,22,0.11518324607329843,"{""3"":22,""4"":13,""5"":42,""6"":76,""7"":22,""8"":11,""9"":5}","{""10"":2,""11"":41,""12"":5,""14"":5,""15"":8,""16"":2,""17"":1,""18"":6,""19"":3,""21"":2,""22"":1,""3"":22,""4"":13,""5"":8,""6"":4,""7"":34,""8"":21,""9"":13}",64,"{""count"":64,""unique_topologies"":64,""topology_entropy_bits"":6.0,""effective_topology_count"":64.0,""triangle_like_count"":0,""triangle_like_fraction"":0.0,""mean_nodes"":6.921875,""mean_muscles"":10.703125,""node_counts"":{""10"":1,""4"":4,""5"":3,""6"":16,""7"":20,""8"":14,""9"":6},""muscle_counts"":{""10"":7,""11"":3,""12"":11,""13"":1,""14"":1,""15"":9,""18"":4,""23"":1,""4"":1,""5"":5,""6"":4,""7"":2,""8"":9,""9"":6}}",143,5.612372986900954,115,0.115,"{""10"":1,""3"":115,""4"":138,""5"":190,""6"":294,""7"":141,""8"":73,""9"":48}","{""10"":25,""11"":100,""12"":37,""13"":4,""14"":34,""15"":40,""16"":33,""17"":7,""18"":17,""19"":23,""20"":3,""21"":17,""22"":5,""23"":1,""24"":1,""3"":115,""4"":112,""5"":79,""6"":68,""7"":115,""8"":105,""9"":59}","{""Diagonal CMA-ES"":{""attempts"":281,""discoveries"":0,""improvements"":0,""insertions"":0,""insertion_rate"":0.0},""Immigrant"":{""attempts"":151,""discoveries"":0,""improvements"":0,""insertions"":0,""insertion_rate"":0.0},""Morphology"":{""attempts"":294,""discoveries"":0,""improvements"":3,""insertions"":3,""insertion_rate"":0.01020408163265306},""Novelty"":{""attempts"":274,""discoveries"":0,""improvements"":1,""insertions"":1,""insertion_rate"":0.0036496350364963502}}","{""Morphology"":193,""Novelty"":30}",1,0.8557312252964426,false,62000
42,160,161000,4.8144658830000004,0.030695967999999997,0.02794385,0.001050744,0.001701374,5.188155443,147.26434,37.164757,8050.686615109444,191,0.9947917,40,4.0901222630423995,22,0.11518324607329843,"{""3"":22,""4"":13,""5"":43,""6"":75,""7"":23,""8"":10,""9"":5}","{""10"":2,""11"":41,""12"":5,""14"":5,""15"":9,""16"":2,""17"":1,""18"":5,""19"":3,""21"":2,""22"":1,""3"":22,""4"":13,""5"":9,""6"":4,""7"":33,""8"":21,""9"":13}",64,"{""count"":64,""unique_topologies"":64,""topology_entropy_bits"":6.0,""effective_topology_count"":64.0,""triangle_like_count"":0,""triangle_like_fraction"":0.0,""mean_nodes"":6.921875,""mean_muscles"":10.703125,""node_counts"":{""10"":1,""4"":4,""5"":3,""6"":16,""7"":20,""8"":14,""9"":6},""muscle_counts"":{""10"":7,""11"":3,""12"":11,""13"":1,""14"":1,""15"":9,""18"":4,""23"":1,""4"":1,""5"":5,""6"":4,""7"":2,""8"":9,""9"":6}}",149,5.596669618019293,105,0.105,"{""10"":15,""11"":1,""3"":105,""4"":135,""5"":158,""6"":248,""7"":145,""8"":58,""9"":135}","{""10"":19,""11"":86,""12"":46,""13"":3,""14"":30,""15"":41,""16"":23,""17"":5,""18"":13,""19"":22,""20"":2,""21"":12,""22"":106,""23"":4,""24"":2,""25"":3,""27"":1,""29"":1,""3"":105,""4"":102,""5"":75,""6"":52,""7"":107,""8"":91,""9"":49}","{""Diagonal CMA-ES"":{""attempts"":307,""discoveries"":0,""improvements"":0,""insertions"":0,""insertion_rate"":0.0},""Immigrant"":{""attempts"":144,""discoveries"":0,""improvements"":0,""insertions"":0,""insertion_rate"":0.0},""Morphology"":{""attempts"":288,""discoveries"":0,""improvements"":5,""insertions"":5,""insertion_rate"":0.017361111111111112},""Novelty"":{""attempts"":261,""discoveries"":0,""improvements"":0,""insertions"":0,""insertion_rate"":0.0}}","{""Morphology"":201,""Novelty"":25}",0,0.8560157790927022,false,63000
42,161,162000,4.844607391,0.030141508,0.027554423,0.001023436,0.001563649,5.22077362,147.26434,38.493313,8060.847909092903,191,0.9947917,39,4.041730435569889,22,0.11518324607329843,"{""3"":22,""4"":14,""5"":45,""6"":74,""7"":22,""8"":9,""9"":5}","{""10"":2,""11"":41,""12"":5,""14"":4,""15"":9,""16"":2,""18"":5,""19"":3,""21"":2,""22"":1,""3"":22,""4"":14,""5"":9,""6"":4,""7"":35,""8"":21,""9"":12}",64,"{""count"":64,""unique_topologies"":64,""topology_entropy_bits"":6.0,""effective_topology_count"":64.0,""triangle_like_count"":0,""triangle_like_fraction"":0.0,""mean_nodes"":6.921875,""mean_muscles"":10.703125,""node_counts"":{""10"":1,""4"":4,""5"":3,""6"":16,""7"":20,""8"":14,""9"":6},""muscle_counts"":{""10"":7,""11"":3,""12"":11,""13"":1,""14"":1,""15"":9,""18"":4,""23"":1,""4"":1,""5"":5,""6"":4,""7"":2,""8"":9,""9"":6}}",145,5.256238381350402,83,0.083,"{""10"":15,""3"":83,""4"":103,""5"":144,""6"":298,""7"":140,""8"":42,""9"":175}","{""10"":16,""11"":175,""12"":46,""13"":1,""14"":32,""15"":42,""16"":16,""17"":4,""18"":10,""19"":13,""20"":4,""21"":7,""22"":153,""23"":7,""24"":2,""25"":3,""26"":1,""29"":2,""3"":83,""4"":74,""5"":70,""6"":57,""7"":80,""8"":64,""9"":38}","{""Diagonal CMA-ES"":{""attempts"":285,""discoveries"":0,""improvements"":0,""insertions"":0,""insertion_rate"":0.0},""Immigrant"":{""attempts"":145,""discoveries"":0,""improvements"":0,""insertions"":0,""insertion_rate"":0.0},""Morphology"":{""attempts"":322,""discoveries"":0,""improvements"":4,""insertions"":4,""insertion_rate"":0.012422360248447204},""Novelty"":{""attempts"":248,""discoveries"":0,""improvements"":0,""insertions"":0,""insertion_rate"":0.0}}","{""Morphology"":195,""Novelty"":38}",0,0.8562992125984252,false,64000
42,162,163000,4.875976548000001,0.031369157,0.028736954,0.001043621,0.001588582,5.254530399,147.26434,38.493313,8084.730685353279,191,0.9947917,37,3.979665926578126,22,0.11518324607329843,"{""3"":22,""4"":15,""5"":45,""6"":74,""7"":22,""8"":8,""9"":5}","{""10"":2,""11"":42,""12"":5,""14"":4,""15"":9,""16"":2,""18"":5,""19"":2,""21"":2,""22"":1,""3"":22,""4"":15,""5"":9,""6"":4,""7"":35,""8"":21,""9"":11}",64,"{""count"":64,""unique_topologies"":64,""topology_entropy_bits"":6.0,""effective_topology_count"":64.0,""triangle_like_count"":0,""triangle_like_fraction"":0.0,""mean_nodes"":6.921875,""mean_muscles"":10.703125,""node_counts"":{""10"":1,""4"":4,""5"":3,""6"":16,""7"":20,""8"":14,""9"":6},""muscle_counts"":{""10"":7,""11"":3,""12"":11,""13"":1,""14"":1,""15"":9,""18"":4,""23"":1,""4"":1,""5"":5,""6"":4,""7"":2,""8"":9,""9"":6}}",130,5.468555866775522,109,0.109,"{""10"":7,""3"":109,""4"":131,""5"":195,""6"":249,""7"":135,""8"":54,""9"":120}","{""10"":18,""11"":105,""12"":43,""13"":5,""14"":30,""15"":43,""16"":25,""17"":1,""18"":14,""19"":20,""21"":12,""22"":86,""23"":4,""25"":3,""29"":1,""3"":109,""30"":1,""4"":105,""5"":87,""6"":66,""7"":101,""8"":83,""9"":38}","{""Diagonal CMA-ES"":{""attempts"":320,""discoveries"":0,""improvements"":0,""insertions"":0,""insertion_rate"":0.0},""Immigrant"":{""attempts"":159,""discoveries"":0,""improvements"":0,""insertions"":0,""insertion_rate"":0.0},""Morphology"":{""attempts"":297,""discoveries"":0,""improvements"":4,""insertions"":4,""insertion_rate"":0.013468013468013467},""Novelty"":{""attempts"":224,""discoveries"":0,""improvements"":0,""insertions"":0,""insertion_rate"":0.0}}","{""Morphology"":193,""Novelty"":29}",0,0.8565815324165029,false,65000
42,163,164000,4.906236785000001,0.030260237,0.027750324,0.001038872,0.001471041,5.287390781,147.63048,38.585144,8088.81794655323,191,0.9947917,37,4.015098565742339,22,0.11518324607329843,"{""3"":22,""4"":14,""5"":45,""6"":74,""7"":23,""8"":8,""9"":5}","{""10"":2,""11"":42,""12"":6,""14"":4,""15"":9,""16"":2,""18"":5,""19"":2,""21"":2,""22"":1,""3"":22,""4"":14,""5"":10,""6"":4,""7"":34,""8"":21,""9"":11}",64,"{""count"":64,""unique_topologies"":64,""topology_entropy_bits"":6.0,""effective_topology_count"":64.0,""triangle_like_count"":0,""triangle_like_fraction"":0.0,""mean_nodes"":6.90625,""mean_muscles"":10.671875,""node_counts"":{""10"":1,""4"":4,""5"":3,""6"":16,""7"":20,""8"":15,""9"":5},""muscle_counts"":{""10"":7,""11"":3,""12"":11,""13"":1,""14"":1,""15"":9,""16"":1,""18"":3,""23"":1,""4"":1,""5"":5,""6"":4,""7"":2,""8"":9,""9"":6}}",144,5.441092185616165,96,0.096,"{""10"":12,""3"":96,""4"":137,""5"":165,""6"":274,""7"":131,""8"":41,""9"":144}","{""10"":16,""11"":90,""12"":40,""13"":2,""14"":32,""15"":26,""16"":25,""18"":11,""19"":19,""21"":14,""22"":111,""23"":6,""24"":3,""25"":3,""29"":1,""3"":96,""4"":95,""5"":99,""6"":52,""7"":77,""8"":149,""9"":33}","{""Diagonal CMA-ES"":{""attempts"":303,""discoveries"":0,""improvements"":0,""insertions"":0,""insertion_rate"":0.0},""Immigrant"":{""attempts"":149,""discoveries"":0,""improvements"":0,""insertions"":0,""insertion_rate"":0.0},""Morphology"":{""attempts"":296,""discoveries"":1,""improvements"":3,""insertions"":4,""insertion_rate"":0.013513513513513514},""Novelty"":{""attempts"":252,""discoveries"":0,""improvements"":0,""insertions"":0,""insertion_rate"":0.0}}","{""Morphology"":214,""Novelty"":32}",1,0.8565815324165029,true,66000
42,164,165000,4.934739845000001,0.02850306,0.026172427,0.00104362,0.001287013,5.317983457,147.63048,38.585144,8098.088184475899,191,0.9947917,37,4.025249671636843,22,0.11518324607329843,"{""3"":22,""4"":14,""5"":46,""6"":74,""7"":22,""8"":8,""9"":5}","{""10"":2,""11"":41,""12"":5,""14"":4,""15"":9,""16"":2,""18"":5,""19"":2,""21"":2,""22"":1,""3"":22,""4"":14,""5"":12,""6"":4,""7"":33,""8"":21,""9"":12}",64,"{""count"":64,""unique_topologies"":64,""topology_entropy_bits"":6.0,""effective_topology_count"":64.0,""triangle_like_count"":0,""triangle_like_fraction"":0.0,""mean_nodes"":6.90625,""mean_muscles"":10.671875,""node_counts"":{""10"":1,""4"":4,""5"":3,""6"":16,""7"":20,""8"":15,""9"":5},""muscle_counts"":{""10"":7,""11"":3,""12"":11,""13"":1,""14"":1,""15"":9,""16"":1,""18"":3,""23"":1,""4"":1,""5"":5,""6"":4,""7"":2,""8"":9,""9"":6}}",135,5.529561309173595,122,0.122,"{""10"":3,""3"":122,""4"":127,""5"":208,""6"":290,""7"":155,""8"":43,""9"":52}","{""10"":16,""11"":111,""12"":57,""14"":26,""15"":39,""16"":28,""17"":10,""18"":6,""19"":20,""20"":6,""21"":12,""22"":11,""25"":2,""3"":122,""4"":97,""5"":90,""6"":66,""7"":115,""8"":108,""9"":58}","{""Diagonal CMA-ES"":{""attempts"":287,""discoveries"":0,""improvements"":1,""insertions"":1,""insertion_rate"":0.003484320557491289},""Immigrant"":{""attempts"":145,""discoveries"":0,""improvements"":0,""insertions"":0,""insertion_rate"":0.0},""Morphology"":{""attempts"":323,""discoveries"":0,""improvements"":5,""insertions"":5,""insertion_rate"":0.015479876160990712},""Novelty"":{""attempts"":245,""discoveries"":0,""improvements"":1,""insertions"":1,""insertion_rate"":0.004081632653061225}}","{""Morphology"":222,""Novelty"":33}",0,0.8565815324165029,false,1000
42,165,166000,4.962164854000001,0.027425009,0.025152553,0.001015125,0.001257331,5.347546759,147.63048,38.585144,8123.9732629060745,191,0.9947917,37,4.001343911970231,22,0.11518324607329843,"{""3"":22,""4"":13,""5"":47,""6"":75,""7"":21,""8"":8,""9"":5}","{""10"":2,""11"":42,""12"":4,""14"":4,""15"":9,""16"":2,""18"":5,""19"":2,""21"":2,""22"":1,""3"":22,""4"":13,""5"":13,""6"":4,""7"":33,""8"":21,""9"":12}",64,"{""count"":64,""unique_topologies"":64,""topology_entropy_bits"":6.0,""effective_topology_count"":64.0,""triangle_like_count"":0,""triangle_like_fraction"":0.0,""mean_nodes"":6.90625,""mean_muscles"":10.671875,""node_counts"":{""10"":1,""4"":4,""5"":3,""6"":16,""7"":20,""8"":15,""9"":5},""muscle_counts"":{""10"":7,""11"":3,""12"":11,""13"":1,""14"":1,""15"":9,""16"":1,""18"":3,""23"":1,""4"":1,""5"":5,""6"":4,""7"":2,""8"":9,""9"":6}}",130,4.929923855974414,131,0.131,"{""11"":1,""3"":131,""4"":138,""5"":263,""6"":278,""7"":126,""8"":49,""9"":14}","{""10"":17,""11"":177,""12"":44,""14"":16,""15"":45,""16"":19,""17"":2,""18"":20,""19"":5,""20"":3,""21"":3,""22"":2,""3"":131,""4"":99,""5"":108,""6"":48,""7"":166,""8"":52,""9"":43}","{""Diagonal CMA-ES"":{""attempts"":289,""discoveries"":0,""improvements"":0,""insertions"":0,""insertion_rate"":0.0},""Immigrant"":{""attempts"":142,""discoveries"":0,""improvements"":0,""insertions"":0,""insertion_rate"":0.0},""Morphology"":{""attempts"":305,""discoveries"":0,""improvements"":4,""insertions"":4,""insertion_rate"":0.013114754098360656},""Novelty"":{""attempts"":264,""discoveries"":0,""improvements"":0,""insertions"":0,""insertion_rate"":0.0}}","{""Morphology"":215,""Novelty"":29}",0,0.8565815324165029,false,2000
42,166,167000,4.990145510000001,0.027980656,0.025771126,0.000992567,0.001216963,5.377570726,147.63048,38.87574,8148.840202450752,191,0.9947917,37,4.008460737369734,21,0.1099476439790576,"{""3"":21,""4"":13,""5"":47,""6"":76,""7"":21,""8"":8,""9"":5}","{""10"":2,""11"":43,""12"":4,""14"":4,""15"":9,""16"":2,""18"":5,""19"":2,""21"":2,""22"":1,""3"":21,""4"":13,""5"":15,""6"":4,""7"":31,""8"":21,""9"":12}",64,"{""count"":64,""unique_topologies"":64,""topology_entropy_bits"":6.0,""effective_topology_count"":64.0,""triangle_like_count"":0,""triangle_like_fraction"":0.0,""mean_nodes"":6.90625,""mean_muscles"":10.671875,""node_counts"":{""10"":1,""4"":4,""5"":3,""6"":16,""7"":20,""8"":15,""9"":5},""muscle_counts"":{""10"":7,""11"":3,""12"":11,""13"":1,""14"":1,""15"":9,""16"":1,""18"":3,""23"":1,""4"":1,""5"":5,""6"":4,""7"":2,""8"":9,""9"":6}}",111,4.522485449794473,113,0.113,"{""10"":3,""3"":113,""4"":112,""5"":292,""6"":328,""7"":109,""8"":32,""9"":11}","{""10"":8,""11"":234,""12"":39,""13"":4,""14"":19,""15"":27,""16"":15,""17"":1,""18"":20,""19"":4,""20"":1,""21"":5,""27"":1,""3"":113,""4"":83,""5"":117,""6"":42,""7"":190,""8"":40,""9"":37}","{""Diagonal CMA-ES"":{""attempts"":289,""discoveries"":0,""improvements"":0,""insertions"":0,""insertion_rate"":0.0},""Immigrant"":{""attempts"":137,""discoveries"":0,""improvements"":0,""insertions"":0,""insertion_rate"":0.0},""Morphology"":{""attempts"":325,""discoveries"":0,""improvements"":4,""insertions"":4,""insertion_rate"":0.012307692307692308},""Novelty"":{""attempts"":249,""discoveries"":0,""improvements"":1,""insertions"":1,""insertion_rate"":0.004016064257028112}}","{""Morphology"":209,""Novelty"":30}",0,0.8568627450980392,false,3000
42,167,168000,5.018183157000001,0.028037647,0.025826929,0.00100444,0.001206278,5.407630312,147.63048,38.87574,8160.307669758797,191,0.9947917,37,3.984170640132995,22,0.11518324607329843,"{""3"":22,""4"":13,""5"":46,""6"":76,""7"":21,""8"":8,""9"":5}","{""10"":2,""11"":44,""12"":4,""14"":4,""15"":9,""16"":2,""18"":5,""19"":2,""21"":2,""22"":1,""3"":22,""4"":13,""5"":15,""6"":4,""7"":30,""8"":20,""9"":12}",64,"{""count"":64,""unique_topologies"":64,""topology_entropy_bits"":6.0,""effective_topology_count"":64.0,""triangle_like_count"":0,""triangle_like_fraction"":0.0,""mean_nodes"":6.90625,""mean_muscles"":10.703125,""node_counts"":{""10"":1,""4"":4,""5"":3,""6"":16,""7"":20,""8"":15,""9"":5},""muscle_counts"":{""10"":8,""11"":3,""12"":11,""13"":1,""14"":1,""15"":9,""16"":1,""18"":3,""23"":1,""4"":1,""5"":5,""6"":4,""7"":2,""8"":8,""9"":6}}",108,4.5075691767281345,97,0.097,"{""10"":3,""3"":97,""4"":114,""5"":310,""6"":314,""7"":116,""8"":32,""9"":14}","{""10"":5,""11"":224,""12"":39,""13"":3,""14"":22,""15"":40,""16"":11,""17"":1,""18"":15,""19"":3,""20"":1,""21"":7,""22"":1,""24"":1,""25"":3,""3"":97,""4"":86,""5"":231,""6"":42,""7"":107,""8"":28,""9"":33}","{""Diagonal CMA-ES"":{""attempts"":322,""discoveries"":0,""improvements"":1,""insertions"":1,""insertion_rate"":0.003105590062111801},""Immigrant"":{""attempts"":138,""discoveries"":0,""improvements"":0,""insertions"":0,""insertion_rate"":0.0},""Morphology"":{""attempts"":289,""discoveries"":1,""improvements"":2,""insertions"":3,""insertion_rate"":0.010380622837370242},""Novelty"":{""attempts"":251,""discoveries"":0,""improvements"":1,""insertions"":1,""insertion_rate"":0.00398406374501992}}","{""Morphology"":196,""Novelty"":28}",1,0.8568627450980392,false,4000
42,168,169000,5.045738767000001,0.027555609999999998,0.02530215,0.001012751,0.001240709,5.437174618,147.63048,38.87574,8176.887166142464,191,0.9947917,37,3.9680127012472335,22,0.11518324607329843,"{""3"":22,""4"":14,""5"":46,""6"":76,""7"":20,""8"":8,""9"":5}","{""10"":2,""11"":44,""12"":3,""14"":4,""15"":9,""16"":2,""18"":5,""19"":2,""21"":2,""22"":1,""3"":22,""4"":14,""5"":15,""6"":4,""7"":30,""8"":20,""9"":12}",64,"{""count"":64,""unique_topologies"":64,""topology_entropy_bits"":6.0,""effective_topology_count"":64.0,""triangle_like_count"":0,""triangle_like_fraction"":0.0,""mean_nodes"":6.875,""mean_muscles"":10.5,""node_counts"":{""10"":1,""4"":4,""5"":3,""6"":17,""7"":20,""8"":14,""9"":5},""muscle_counts"":{""10"":8,""11"":3,""12"":12,""13"":1,""14"":1,""15"":8,""18"":3,""23"":1,""4"":1,""5"":5,""6"":5,""7"":2,""8"":8,""9"":6}}",122,5.159617700077095,149,0.149,"{""10"":2,""3"":149,""4"":156,""5"":250,""6"":226,""7"":139,""8"":60,""9"":18}","{""10"":32,""11"":128,""12"":43,""14"":13,""15"":45,""16"":17,""17"":1,""18"":20,""19"":16,""20"":3,""21"":6,""22"":3,""23"":1,""25"":1,""3"":149,""4"":118,""5"":165,""6"":64,""7"":99,""8"":44,""9"":32}","{""Diagonal CMA-ES"":{""attempts"":300,""discoveries"":0,""improvements"":0,""insertions"":0,""insertion_rate"":0.0},""Immigrant"":{""attempts"":159,""discoveries"":0,""improvements"":0,""insertions"":0,""insertion_rate"":0.0},""Morphology"":{""attempts"":301,""discoveries"":2,""improvements"":2,""insertions"":4,""insertion_rate"":0.013289036544850499},""Novelty"":{""attempts"":240,""discoveries"":0,""improvements"":1,""insertions"":1,""insertion_rate"":0.004166666666666667}}","{""Morphology"":203,""Novelty"":36}",2,0.8568627450980392,false,5000
42,169,170000,5.073219578000002,0.027480810999999997,0.025251097,0.001005627,0.001224087,5.466802034,147.63048,38.87574,8178.408558964729,191,0.9947917,37,3.9680127012472335,22,0.11518324607329843,"{""3"":22,""4"":14,""5"":46,""6"":76,""7"":20,""8"":8,""9"":5}","{""10"":2,""11"":44,""12"":3,""14"":4,""15"":9,""16"":2,""18"":5,""19"":2,""21"":2,""22"":1,""3"":22,""4"":14,""5"":15,""6"":4,""7"":30,""8"":20,""9"":12}",64,"{""count"":64,""unique_topologies"":64,""topology_entropy_bits"":6.0,""effective_topology_count"":64.0,""triangle_like_count"":0,""triangle_like_fraction"":0.0,""mean_nodes"":6.875,""mean_muscles"":10.5,""node_counts"":{""10"":1,""4"":4,""5"":3,""6"":17,""7"":20,""8"":14,""9"":5},""muscle_counts"":{""10"":8,""11"":3,""12"":12,""13"":1,""14"":1,""15"":8,""18"":3,""23"":1,""4"":1,""5"":5,""6"":5,""7"":2,""8"":8,""9"":6}}",126,5.1230216590624496,138,0.138,"{""10"":4,""3"":138,""4"":159,""5"":224,""6"":270,""7"":127,""8"":53,""9"":25}","{""10"":11,""11"":156,""12"":41,""13"":4,""14"":29,""15"":36,""16"":16,""17"":1,""18"":28,""19"":9,""20"":2,""21"":6,""22"":6,""23"":1,""25"":1,""3"":138,""4"":122,""5"":144,""6"":64,""7"":95,""8"":55,""9"":35}","{""Diagonal CMA-ES"":{""attempts"":295,""discoveries"":0,""improvements"":0,""insertions"":0,""insertion_rate"":0.0},""Immigrant"":{""attempts"":154,""discoveries"":0,""improvements"":0,""insertions"":0,""insertion_rate"":0.0},""Morphology"":{""attempts"":290,""discoveries"":0,""improvements"":2,""insertions"":2,""insertion_rate"":0.006896551724137931},""Novelty"":{""attempts"":261,""discoveries"":0,""improvements"":0,""insertions"":0,""insertion_rate"":0.0}}","{""Morphology"":184,""Novelty"":40}",0,0.8568627450980392,false,6000
42,170,171000,5.101324900000002,0.028105322,0.025918349,0.00100444,0.001182533,5.49703615,147.63048,38.87574,8182.046652913094,191,0.9947917,37,3.948664218295032,22,0.11518324607329843,"{""3"":22,""4"":14,""5"":45,""6"":77,""7"":20,""8"":8,""9"":5}","{""10"":2,""11"":45,""12"":3,""14"":4,""15"":9,""16"":2,""18"":5,""19"":2,""21"":2,""22"":1,""3"":22,""4"":14,""5"":15,""6"":4,""7"":29,""8"":19,""9"":13}",64,"{""count"":64,""unique_topologies"":64,""topology_entropy_bits"":6.0,""effective_topology_count"":64.0,""triangle_like_count"":0,""triangle_like_fraction"":0.0,""mean_nodes"":6.875,""mean_muscles"":10.5,""node_counts"":{""10"":1,""4"":4,""5"":3,""6"":17,""7"":20,""8"":14,""9"":5},""muscle_counts"":{""10"":8,""11"":3,""12"":12,""13"":1,""14"":1,""15"":8,""18"":3,""23"":1,""4"":1,""5"":5,""6"":5,""7"":2,""8"":8,""9"":6}}",130,5.152324831842737,161,0.161,"{""3"":161,""4"":144,""5"":218,""6"":259,""7"":135,""8"":48,""9"":35}","{""10"":11,""11"":133,""12"":39,""13"":4,""14"":29,""15"":50,""16"":12,""18"":22,""19"":13,""20"":3,""21"":9,""22"":4,""24"":2,""3"":161,""4"":118,""5"":122,""6"":71,""7"":107,""8"":52,""9"":38}","{""Diagonal CMA-ES"":{""attempts"":299,""discoveries"":0,""improvements"":0,""insertions"":0,""insertion_rate"":0.0},""Immigrant"":{""attempts"":152,""discoveries"":0,""improvements"":0,""insertions"":0,""insertion_rate"":0.0},""Morphology"":{""attempts"":297,""discoveries"":0,""improvements"":2,""insertions"":2,""insertion_rate"":0.006734006734006734},""Novelty"":{""attempts"":252,""discoveries"":0,""improvements"":1,""insertions"":1,""insertion_rate"":0.003968253968253968}}","{""Morphology"":188,""Novelty"":32}",0,0.8571428571428571,false,7000
42,171,172000,5.128355731000002,0.027030830999999998,0.024902036,0.001002065,0.00112673,5.526156596,147.63048,39.30583,8237.820328831673,191,0.9947917,36,3.911692768611371,22,0.11518324607329843,"{""3"":22,""4"":13,""5"":46,""6"":78,""7"":20,""8"":7,""9"":5}","{""10"":2,""11"":46,""12"":2,""14"":4,""15"":9,""16"":2,""18"":5,""19"":2,""21"":2,""22"":1,""3"":22,""4"":13,""5"":16,""6"":4,""7"":29,""8"":19,""9"":13}",64,"{""count"":64,""unique_topologies"":64,""topology_entropy_bits"":6.0,""effective_topology_count"":64.0,""triangle_like_count"":0,""triangle_like_fraction"":0.0,""mean_nodes"":6.875,""mean_muscles"":10.5,""node_counts"":{""10"":1,""4"":4,""5"":3,""6"":17,""7"":20,""8"":14,""9"":5},""muscle_counts"":{""10"":8,""11"":3,""12"":12,""13"":1,""14"":1,""15"":8,""18"":3,""23"":1,""4"":1,""5"":5,""6"":5,""7"":2,""8"":8,""9"":6}}",135,4.793604915750616,139,0.139,"{""10"":1,""11"":1,""3"":139,""4"":199,""5"":227,""6"":278,""7"":94,""8"":42,""9"":19}","{""10"":7,""11"":185,""12"":32,""13"":2,""14"":23,""15"":39,""16"":10,""17"":2,""18"":18,""19"":6,""20"":1,""21"":7,""22"":2,""3"":139,""4"":165,""5"":149,""6"":49,""7"":101,""8"":36,""9"":27}","{""Diagonal CMA-ES"":{""attempts"":290,""discoveries"":0,""improvements"":0,""insertions"":0,""insertion_rate"":0.0},""Immigrant"":{""attempts"":175,""discoveries"":0,""improvements"":0,""insertions"":0,""insertion_rate"":0.0},""Morphology"":{""attempts"":281,""discoveries"":0,""improvements"":3,""insertions"":3,""insertion_rate"":0.010676156583629894},""Novelty"":{""attempts"":254,""discoveries"":0,""improvements"":0,""insertions"":0,""insertion_rate"":0.0}}","{""Morphology"":190,""Novelty"":29}",0,0.8576998050682261,false,8000
42,172,173000,5.160586855000002,0.032231124,0.029609606,0.001056681,0.001564837,5.560699356,147.63048,39.30583,8249.770573735237,191,0.9947917,36,3.9214534718396794,22,0.11518324607329843,"{""3"":22,""4"":14,""5"":46,""6"":77,""7"":20,""8"":7,""9"":5}","{""10"":2,""11"":45,""12"":2,""14"":4,""15"":9,""16"":2,""18"":5,""19"":2,""21"":2,""22"":1,""3"":22,""4"":14,""5"":16,""6"":4,""7"":29,""8"":19,""9"":13}",64,"{""count"":64,""unique_topologies"":64,""topology_entropy_bits"":6.0,""effective_topology_count"":64.0,""triangle_like_count"":0,""triangle_like_fraction"":0.0,""mean_nodes"":6.875,""mean_muscles"":10.5,""node_counts"":{""10"":1,""4"":4,""5"":3,""6"":17,""7"":20,""8"":14,""9"":5},""muscle_counts"":{""10"":8,""11"":3,""12"":12,""13"":1,""14"":1,""15"":8,""18"":3,""23"":1,""4"":1,""5"":5,""6"":5,""7"":2,""8"":8,""9"":6}}",115,4.733751058292968,119,0.119,"{""10"":4,""3"":119,""4"":231,""5"":287,""6"":225,""7"":95,""8"":27,""9"":12}","{""10"":9,""11"":129,""12"":33,""13"":1,""14"":24,""15"":21,""16"":7,""17"":1,""18"":15,""19"":9,""20"":1,""21"":3,""22"":2,""23"":1,""3"":119,""30"":1,""4"":196,""5"":134,""6"":58,""7"":158,""8"":42,""9"":36}","{""Diagonal CMA-ES"":{""attempts"":283,""discoveries"":0,""improvements"":0,""insertions"":0,""insertion_rate"":0.0},""Immigrant"":{""attempts"":164,""discoveries"":0,""improvements"":0,""insertions"":0,""insertion_rate"":0.0},""Morphology"":{""attempts"":294,""discoveries"":0,""improvements"":2,""insertions"":2,""insertion_rate"":0.006802721088435374},""Novelty"":{""attempts"":259,""discoveries"":0,""improvements"":0,""insertions"":0,""insertion_rate"":0.0}}","{""Morphology"":194,""Novelty"":38}",0,0.8576998050682261,false,9000
42,173,174000,5.1886423110000015,0.028055456,0.025210729,0.001175409,0.001669318,5.591511678,147.63048,39.833733,8281.580784916878,191,0.9947917,36,3.921453471839679,22,0.11518324607329843,"{""3"":22,""4"":14,""5"":46,""6"":76,""7"":20,""8"":8,""9"":5}","{""10"":2,""11"":45,""12"":2,""14"":4,""15"":9,""16"":3,""18"":5,""19"":2,""21"":2,""22"":1,""3"":22,""4"":14,""5"":16,""6"":4,""7"":28,""8"":19,""9"":13}",64,"{""count"":64,""unique_topologies"":64,""topology_entropy_bits"":6.0,""effective_topology_count"":64.0,""triangle_like_count"":0,""triangle_like_fraction"":0.0,""mean_nodes"":6.875,""mean_muscles"":10.5,""node_counts"":{""10"":1,""4"":4,""5"":3,""6"":17,""7"":20,""8"":14,""9"":5},""muscle_counts"":{""10"":8,""11"":3,""12"":12,""13"":1,""14"":1,""15"":8,""18"":3,""23"":1,""4"":1,""5"":5,""6"":5,""7"":2,""8"":8,""9"":6}}",132,5.523504986339549,99,0.099,"{""10"":4,""11"":1,""3"":99,""4"":140,""5"":196,""6"":306,""7"":163,""8"":45,""9"":46}","{""10"":23,""11"":122,""12"":44,""13"":5,""14"":37,""15"":41,""16"":24,""18"":16,""19"":17,""20"":3,""21"":16,""22"":9,""23"":2,""24"":2,""3"":99,""4"":112,""5"":96,""6"":63,""7"":112,""8"":92,""9"":65}","{""Diagonal CMA-ES"":{""attempts"":340,""discoveries"":0,""improvements"":0,""insertions"":0,""insertion_rate"":0.0},""Immigrant"":{""attempts"":130,""discoveries"":0,""improvements"":0,""insertions"":0,""insertion_rate"":0.0},""Morphology"":{""attempts"":276,""discoveries"":0,""improvements"":2,""insertions"":2,""insertion_rate"":0.007246376811594203},""Novelty"":{""attempts"":254,""discoveries"":0,""improvements"":0,""insertions"":0,""insertion_rate"":0.0}}","{""Morphology"":191,""Novelty"":37}",1,0.8576998050682261,false,10000
42,174,175000,5.216806995000002,0.028164684000000002,0.025626277,0.001054306,0.001484101,5.6220164950000004,147.63048,41.029568,8323.871873021126,191,0.9947917,35,3.8799083845830458,22,0.11518324607329843,"{""3"":22,""4"":14,""5"":45,""6"":78,""7"":19,""8"":8,""9"":5}","{""10"":2,""11"":47,""12"":2,""14"":4,""15"":9,""16"":3,""18"":5,""19"":2,""21"":2,""22"":1,""3"":22,""4"":14,""5"":16,""6"":4,""7"":27,""8"":18,""9"":13}",64,"{""count"":64,""unique_topologies"":64,""topology_entropy_bits"":6.0,""effective_topology_count"":64.0,""triangle_like_count"":0,""triangle_like_fraction"":0.0,""mean_nodes"":6.828125,""mean_muscles"":10.515625,""node_counts"":{""4"":4,""5"":3,""6"":18,""7"":19,""8"":15,""9"":5},""muscle_counts"":{""10"":8,""11"":3,""12"":12,""13"":1,""14"":1,""15"":7,""17"":1,""18"":3,""23"":1,""4"":1,""5"":5,""6"":5,""7"":3,""8"":7,""9"":6}}",134,5.550668036903163,101,0.101,"{""10"":2,""3"":101,""4"":129,""5"":210,""6"":313,""7"":150,""8"":52,""9"":43}","{""10"":24,""11"":120,""12"":37,""13"":4,""14"":29,""15"":42,""16"":28,""17"":3,""18"":16,""19"":16,""20"":2,""21"":15,""22"":6,""23"":1,""24"":1,""3"":101,""4"":101,""5"":98,""6"":71,""7"":127,""8"":94,""9"":64}","{""Diagonal CMA-ES"":{""attempts"":310,""discoveries"":0,""improvements"":0,""insertions"":0,""insertion_rate"":0.0},""Immigrant"":{""attempts"":124,""discoveries"":0,""improvements"":0,""insertions"":0,""insertion_rate"":0.0},""Morphology"":{""attempts"":310,""discoveries"":2,""improvements"":2,""insertions"":4,""insertion_rate"":0.012903225806451613},""Novelty"":{""attempts"":256,""discoveries"":0,""improvements"":0,""insertions"":0,""insertion_rate"":0.0}}","{""Morphology"":215,""Novelty"":26}",2,0.8576998050682261,false,11000
42,175,176000,5.246136404000001,0.029329409,0.024916284,0.001019875,0.00339325,5.653861751,147.63048,41.029568,8341.746384739876,191,0.9947917,34,3.8222659812649145,22,0.11518324607329843,"{""3"":22,""4"":14,""5"":45,""6"":79,""7"":18,""8"":8,""9"":5}","{""10"":2,""11"":48,""12"":1,""14"":4,""15"":9,""16"":3,""18"":5,""19"":2,""21"":2,""22"":1,""3"":22,""4"":14,""5"":15,""6"":4,""7"":29,""8"":17,""9"":13}",64,"{""count"":64,""unique_topologies"":64,""topology_entropy_bits"":6.0,""effective_topology_count"":64.0,""triangle_like_count"":0,""triangle_like_fraction"":0.0,""mean_nodes"":6.796875,""mean_muscles"":10.4375,""node_counts"":{""4"":4,""5"":3,""6"":19,""7"":19,""8"":14,""9"":5},""muscle_counts"":{""10"":8,""11"":2,""12"":12,""13"":1,""14"":1,""15"":7,""17"":1,""18"":3,""23"":1,""4"":1,""5"":5,""6"":6,""7"":3,""8"":7,""9"":6}}",115,4.469513395457181,89,0.089,"{""3"":89,""4"":102,""5"":132,""6"":489,""7"":121,""8"":39,""9"":28}","{""10"":13,""11"":391,""12"":41,""14"":20,""15"":28,""16"":21,""17"":6,""18"":16,""19"":12,""20"":2,""21"":5,""22"":4,""23"":2,""24"":3,""3"":89,""4"":66,""5"":91,""6"":59,""7"":59,""8"":44,""9"":28}","{""Diagonal CMA-ES"":{""attempts"":290,""discoveries"":0,""improvements"":0,""insertions"":0,""insertion_rate"":0.0},""Immigrant"":{""attempts"":153,""discoveries"":0,""improvements"":0,""insertions"":0,""insertion_rate"":0.0},""Morphology"":{""attempts"":309,""discoveries"":1,""improvements"":4,""insertions"":5,""insertion_rate"":0.016181229773462782},""Novelty"":{""attempts"":248,""discoveries"":0,""improvements"":0,""insertions"":0,""insertion_rate"":0.0}}","{""Morphology"":205,""Novelty"":25}",1,0.8576998050682261,false,12000
42,176,177000,5.281003292000001,0.034866888,0.032205003,0.001088737,0.001573148,5.691457011,147.63048,41.029568,8346.286854863167,191,0.9947917,34,3.822265981264915,22,0.11518324607329843,"{""3"":22,""4"":14,""5"":45,""6"":79,""7"":18,""8"":8,""9"":5}","{""10"":2,""11"":48,""12"":1,""14"":4,""15"":9,""16"":3,""18"":5,""19"":2,""21"":2,""22"":1,""3"":22,""4"":14,""5"":15,""6"":4,""7"":29,""8"":17,""9"":13}",64,"{""count"":64,""unique_topologies"":64,""topology_entropy_bits"":6.0,""effective_topology_count"":64.0,""triangle_like_count"":0,""triangle_like_fraction"":0.0,""mean_nodes"":6.765625,""mean_muscles"":10.265625,""node_counts"":{""4"":4,""5"":3,""6"":19,""7"":20,""8"":14,""9"":4},""muscle_counts"":{""10"":8,""11"":2,""12"":13,""13"":1,""14"":1,""15"":7,""17"":1,""18"":3,""4"":1,""5"":5,""6"":6,""7"":3,""8"":7,""9"":6}}",123,5.3844395485991985,106,0.106,"{""10"":1,""3"":106,""4"":145,""5"":197,""6"":312,""7"":164,""8"":30,""9"":45}","{""10"":16,""11"":139,""12"":38,""14"":28,""15"":45,""16"":20,""17"":1,""18"":12,""19"":18,""20"":3,""21"":15,""22"":8,""25"":1,""3"":106,""4"":103,""5"":92,""6"":72,""7"":141,""8"":81,""9"":61}","{""Diagonal CMA-ES"":{""attempts"":287,""discoveries"":0,""improvements"":0,""insertions"":0,""insertion_rate"":0.0},""Immigrant"":{""attempts"":157,""discoveries"":0,""improvements"":0,""insertions"":0,""insertion_rate"":0.0},""Morphology"":{""attempts"":323,""discoveries"":1,""improvements"":3,""insertions"":4,""insertion_rate"":0.01238390092879257},""Novelty"":{""attempts"":233,""discoveries"":0,""improvements"":0,""insertions"":0,""insertion_rate"":0.0}}","{""Morphology"":221,""Novelty"":24}",1,0.857976653696498,false,13000
42,177,178000,5.315408328000001,0.03440503600000001,0.031402401,0.001114858,0.001887777,5.728095322,147.63048,41.029568,8368.575762867928,191,0.9947917,34,3.8222659812649145,22,0.11518324607329843,"{""3"":22,""4"":14,""5"":45,""6"":79,""7"":18,""8"":8,""9"":5}","{""10"":2,""11"":48,""12"":1,""14"":4,""15"":9,""16"":3,""18"":5,""19"":2,""21"":2,""22"":1,""3"":22,""4"":14,""5"":15,""6"":4,""7"":29,""8"":17,""9"":13}",64,"{""count"":64,""unique_topologies"":64,""topology_entropy_bits"":6.0,""effective_topology_count"":64.0,""triangle_like_count"":0,""triangle_like_fraction"":0.0,""mean_nodes"":6.765625,""mean_muscles"":10.265625,""node_counts"":{""4"":4,""5"":3,""6"":19,""7"":20,""8"":14,""9"":4},""muscle_counts"":{""10"":8,""11"":2,""12"":13,""13"":1,""14"":1,""15"":7,""17"":1,""18"":3,""4"":1,""5"":5,""6"":6,""7"":3,""8"":7,""9"":6}}",130,5.515169925960378,108,0.108,"{""10"":2,""3"":108,""4"":123,""5"":206,""6"":300,""7"":163,""8"":58,""9"":40}","{""10"":23,""11"":125,""12"":41,""13"":8,""14"":30,""15"":45,""16"":33,""17"":2,""18"":15,""19"":15,""20"":2,""21"":15,""22"":5,""23"":1,""24"":2,""25"":2,""3"":108,""4"":102,""5"":80,""6"":87,""7"":115,""8"":79,""9"":65}","{""Diagonal CMA-ES"":{""attempts"":303,""discoveries"":0,""improvements"":0,""insertions"":0,""insertion_rate"":0.0},""Immigrant"":{""attempts"":143,""discoveries"":0,""improvements"":0,""insertions"":0,""insertion_rate"":0.0},""Morphology"":{""attempts"":305,""discoveries"":0,""improvements"":3,""insertions"":3,""insertion_rate"":0.009836065573770493},""Novelty"":{""attempts"":249,""discoveries"":0,""improvements"":0,""insertions"":0,""insertion_rate"":0.0}}","{""Morphology"":206,""Novelty"":36}",1,0.8585271317829457,false,14000
42,178,179000,5.349921405000001,0.034513076999999996,0.031512818,0.001076864,0.001923395,5.765555232,147.63048,41.029568,8369.60138809681,191,0.9947917,34,3.8222659812649145,22,0.11518324607329843,"{""3"":22,""4"":14,""5"":45,""6"":79,""7"":18,""8"":8,""9"":5}","{""10"":2,""11"":48,""12"":1,""14"":4,""15"":9,""16"":3,""18"":5,""19"":2,""21"":2,""22"":1,""3"":22,""4"":14,""5"":15,""6"":4,""7"":29,""8"":17,""9"":13}",64,"{""count"":64,""unique_topologies"":64,""topology_entropy_bits"":6.0,""effective_topology_count"":64.0,""triangle_like_count"":0,""triangle_like_fraction"":0.0,""mean_nodes"":6.765625,""mean_muscles"":10.265625,""node_counts"":{""4"":4,""5"":3,""6"":19,""7"":20,""8"":14,""9"":4},""muscle_counts"":{""10"":8,""11"":2,""12"":13,""13"":1,""14"":1,""15"":7,""17"":1,""18"":3,""4"":1,""5"":5,""6"":6,""7"":3,""8"":7,""9"":6}}",128,4.298910730628388,80,0.08,"{""3"":80,""4"":86,""5"":115,""6"":133,""7"":114,""8"":433,""9"":39}","{""10"":11,""11"":75,""12"":33,""13"":3,""14"":23,""15"":25,""16"":18,""17"":2,""18"":413,""19"":16,""20"":2,""21"":9,""24"":5,""25"":5,""3"":80,""4"":57,""5"":88,""6"":49,""7"":37,""8"":28,""9"":21}","{""Diagonal CMA-ES"":{""attempts"":292,""discoveries"":0,""improvements"":0,""insertions"":0,""insertion_rate"":0.0},""Immigrant"":{""attempts"":163,""discoveries"":0,""improvements"":0,""insertions"":0,""insertion_rate"":0.0},""Morphology"":{""attempts"":307,""discoveries"":0,""improvements"":2,""insertions"":2,""insertion_rate"":0.006514657980456026},""Novelty"":{""attempts"":238,""discoveries"":0,""improvements"":0,""insertions"":0,""insertion_rate"":0.0}}","{""Morphology"":205,""Novelty"":33}",0,0.8588007736943907,false,15000
42,179,180000,5.383853903000001,0.033932498,0.031187504,0.001158786,0.001586208,5.8020047649999995,147.63048,41.029568,8369.60138809681,191,0.9947917,34,3.8222659812649145,22,0.11518324607329843,"{""3"":22,""4"":14,""5"":45,""6"":79,""7"":18,""8"":8,""9"":5}","{""10"":2,""11"":48,""12"":1,""14"":4,""15"":9,""16"":3,""18"":5,""19"":2,""21"":2,""22"":1,""3"":22,""4"":14,""5"":15,""6"":4,""7"":29,""8"":17,""9"":13}",64,"{""count"":64,""unique_topologies"":64,""topology_entropy_bits"":6.0,""effective_topology_count"":64.0,""triangle_like_count"":0,""triangle_like_fraction"":0.0,""mean_nodes"":6.765625,""mean_muscles"":10.265625,""node_counts"":{""4"":4,""5"":3,""6"":19,""7"":20,""8"":14,""9"":4},""muscle_counts"":{""10"":8,""11"":2,""12"":13,""13"":1,""14"":1,""15"":7,""17"":1,""18"":3,""4"":1,""5"":5,""6"":6,""7"":3,""8"":7,""9"":6}}",136,5.201335022325687,106,0.106,"{""10"":2,""3"":106,""4"":107,""5"":157,""6"":225,""7"":126,""8"":237,""9"":40}","{""10"":13,""11"":99,""12"":34,""13"":4,""14"":36,""15"":28,""16"":21,""18"":204,""19"":21,""20"":3,""21"":13,""22"":3,""24"":1,""25"":4,""3"":106,""4"":73,""5"":83,""6"":60,""7"":100,""8"":51,""9"":43}","{""Diagonal CMA-ES"":{""attempts"":307,""discoveries"":0,""improvements"":0,""insertions"":0,""insertion_rate"":0.0},""Immigrant"":{""attempts"":145,""discoveries"":0,""improvements"":0,""insertions"":0,""insertion_rate"":0.0},""Morphology"":{""attempts"":298,""discoveries"":0,""improvements"":0,""insertions"":0,""insertion_rate"":0.0},""Novelty"":{""attempts"":250,""discoveries"":0,""improvements"":0,""insertions"":0,""insertion_rate"":0.0}}","{""Morphology"":211,""Novelty"":34}",0,0.859073359073359,false,16000
42,180,181000,5.416145578000001,0.032291675,0.029562115,0.001144539,0.001585021,5.836454917,147.63048,41.029568,8369.60138809681,191,0.9947917,34,3.8222659812649145,22,0.11518324607329843,"{""3"":22,""4"":14,""5"":45,""6"":79,""7"":18,""8"":8,""9"":5}","{""10"":2,""11"":48,""12"":1,""14"":4,""15"":9,""16"":3,""18"":5,""19"":2,""21"":2,""22"":1,""3"":22,""4"":14,""5"":15,""6"":4,""7"":29,""8"":17,""9"":13}",64,"{""count"":64,""unique_topologies"":64,""topology_entropy_bits"":6.0,""effective_topology_count"":64.0,""triangle_like_count"":0,""triangle_like_fraction"":0.0,""mean_nodes"":6.796875,""mean_muscles"":10.34375,""node_counts"":{""4"":4,""5"":2,""6"":19,""7"":21,""8"":14,""9"":4},""muscle_counts"":{""10"":9,""11"":2,""12"":13,""13"":1,""14"":1,""15"":7,""17"":1,""18"":3,""4"":1,""5"":4,""6"":6,""7"":3,""8"":7,""9"":6}}",134,5.415583687383946,120,0.12,"{""10"":1,""3"":120,""4"":149,""5"":195,""6"":295,""7"":143,""8"":58,""9"":39}","{""10"":28,""11"":128,""12"":33,""13"":2,""14"":33,""15"":33,""16"":28,""17"":2,""18"":24,""19"":14,""20"":4,""21"":14,""22"":4,""3"":120,""4"":107,""5"":101,""6"":73,""7"":117,""8"":65,""9"":70}","{""Diagonal CMA-ES"":{""attempts"":285,""discoveries"":0,""improvements"":0,""insertions"":0,""insertion_rate"":0.0},""Immigrant"":{""attempts"":165,""discoveries"":0,""improvements"":0,""insertions"":0,""insertion_rate"":0.0},""Morphology"":{""attempts"":291,""discoveries"":1,""improvements"":0,""insertions"":1,""insertion_rate"":0.003436426116838488},""Novelty"":{""attempts"":259,""discoveries"":0,""improvements"":0,""insertions"":0,""insertion_rate"":0.0}}","{""Morphology"":198,""Novelty"":40}",1,0.859344894026975,false,17000
42,181,182000,5.451996723000001,0.035851145,0.033101401,0.00110061,0.001649134,5.874292382,147.63048,41.029568,8396.28230202198,191,0.9947917,34,3.816792644620761,22,0.11518324607329843,"{""3"":22,""4"":14,""5"":44,""6"":80,""7"":18,""8"":8,""9"":5}","{""10"":2,""11"":49,""12"":1,""14"":4,""15"":9,""16"":3,""18"":5,""19"":2,""21"":2,""22"":1,""3"":22,""4"":14,""5"":15,""6"":4,""7"":28,""8"":17,""9"":13}",64,"{""count"":64,""unique_topologies"":64,""topology_entropy_bits"":6.0,""effective_topology_count"":64.0,""triangle_like_count"":0,""triangle_like_fraction"":0.0,""mean_nodes"":6.796875,""mean_muscles"":10.34375,""node_counts"":{""4"":4,""5"":2,""6"":19,""7"":21,""8"":14,""9"":4},""muscle_counts"":{""10"":9,""11"":2,""12"":13,""13"":1,""14"":1,""15"":7,""17"":1,""18"":3,""4"":1,""5"":4,""6"":6,""7"":3,""8"":7,""9"":6}}",121,5.415990498917634,101,0.101,"{""10"":3,""3"":101,""4"":135,""5"":195,""6"":315,""7"":152,""8"":73,""9"":26}","{""10"":25,""11"":156,""12"":47,""13"":7,""14"":35,""15"":26,""16"":28,""17"":1,""18"":24,""19"":15,""20"":2,""21"":12,""24"":2,""25"":1,""29"":1,""3"":101,""4"":97,""5"":101,""6"":72,""7"":107,""8"":77,""9"":63}","{""Diagonal CMA-ES"":{""attempts"":310,""discoveries"":0,""improvements"":0,""insertions"":0,""insertion_rate"":0.0},""Immigrant"":{""attempts"":136,""discoveries"":0,""improvements"":0,""insertions"":0,""insertion_rate"":0.0},""Morphology"":{""attempts"":316,""discoveries"":0,""improvements"":3,""insertions"":3,""insertion_rate"":0.00949367088607595},""Novelty"":{""attempts"":238,""discoveries"":0,""improvements"":0,""insertions"":0,""insertion_rate"":0.0}}","{""Morphology"":206,""Novelty"":31}",0,0.859344894026975,false,18000
42,182,183000,5.480403614000001,0.028406891000000004,0.025657147,0.001123168,0.001626576,5.905229369,147.63048,41.029568,8402.06957924366,191,0.9947917,33,3.7797663245836355,22,0.11518324607329843,"{""3"":22,""4"":14,""5"":43,""6"":82,""7"":17,""8"":8,""9"":5}","{""10"":2,""11"":50,""12"":1,""14"":4,""15"":9,""16"":3,""18"":5,""19"":2,""21"":2,""22"":1,""3"":22,""4"":14,""5"":15,""6"":4,""7"":28,""8"":17,""9"":12}",64,"{""count"":64,""unique_topologies"":64,""topology_entropy_bits"":6.0,""effective_topology_count"":64.0,""triangle_like_count"":0,""triangle_like_fraction"":0.0,""mean_nodes"":6.8125,""mean_muscles"":10.390625,""node_counts"":{""4"":4,""5"":2,""6"":19,""7"":20,""8"":15,""9"":4},""muscle_counts"":{""10"":8,""11"":2,""12"":13,""13"":2,""14"":1,""15"":7,""17"":1,""18"":3,""4"":1,""5"":4,""6"":6,""7"":3,""8"":7,""9"":6}}",122,5.283200534268328,102,0.102,"{""10"":2,""3"":102,""4"":132,""5"":174,""6"":354,""7"":158,""8"":51,""9"":27}","{""10"":26,""11"":197,""12"":42,""13"":3,""14"":33,""15"":35,""16"":27,""18"":18,""19"":16,""20"":2,""21"":12,""22"":1,""3"":102,""4"":87,""5"":113,""6"":72,""7"":86,""8"":73,""9"":55}","{""Diagonal CMA-ES"":{""attempts"":305,""discoveries"":0,""improvements"":0,""insertions"":0,""insertion_rate"":0.0},""Immigrant"":{""attempts"":143,""discoveries"":0,""improvements"":0,""insertions"":0,""insertion_rate"":0.0},""Morphology"":{""attempts"":310,""discoveries"":1,""improvements"":2,""insertions"":3,""insertion_rate"":0.00967741935483871},""Novelty"":{""attempts"":242,""discoveries"":0,""improvements"":1,""insertions"":1,""insertion_rate"":0.004132231404958678}}","{""Morphology"":215,""Novelty"":31}",1,0.859344894026975,false,19000
42,183,184000,5.508711961000001,0.028308346999999998,0.025324709,0.001225274,0.001758364,5.9362554020000005,147.63048,41.029568,8409.276167988777,191,0.9947917,33,3.778644734541013,22,0.11518324607329843,"{""3"":22,""4"":13,""5"":44,""6"":82,""7"":17,""8"":8,""9"":5}","{""10"":2,""11"":50,""12"":1,""14"":4,""15"":9,""16"":3,""18"":5,""19"":2,""21"":2,""22"":1,""3"":22,""4"":13,""5"":16,""6"":4,""7"":28,""8"":17,""9"":12}",64,"{""count"":64,""unique_topologies"":64,""topology_entropy_bits"":6.0,""effective_topology_count"":64.0,""triangle_like_count"":0,""triangle_like_fraction"":0.0,""mean_nodes"":6.8125,""mean_muscles"":10.390625,""node_counts"":{""4"":4,""5"":2,""6"":19,""7"":20,""8"":15,""9"":4},""muscle_counts"":{""10"":8,""11"":2,""12"":13,""13"":2,""14"":1,""15"":7,""17"":1,""18"":3,""4"":1,""5"":4,""6"":6,""7"":3,""8"":7,""9"":6}}",125,5.347776358988913,103,0.103,"{""10"":1,""3"":103,""4"":116,""5"":165,""6"":377,""7"":146,""8"":51,""9"":41}","{""10"":21,""11"":168,""12"":47,""13"":11,""14"":37,""15"":34,""16"":25,""17"":3,""18"":17,""19"":15,""20"":3,""21"":12,""24"":1,""25"":1,""3"":103,""4"":86,""5"":94,""6"":65,""7"":93,""8"":114,""9"":50}","{""Diagonal CMA-ES"":{""attempts"":284,""discoveries"":0,""improvements"":0,""insertions"":0,""insertion_rate"":0.0},""Immigrant"":{""attempts"":160,""discoveries"":0,""improvements"":0,""insertions"":0,""insertion_rate"":0.0},""Morphology"":{""attempts"":306,""discoveries"":0,""improvements"":2,""insertions"":2,""insertion_rate"":0.006535947712418301},""Novelty"":{""attempts"":250,""discoveries"":0,""improvements"":0,""insertions"":0,""insertion_rate"":0.0}}","{""Morphology"":209,""Novelty"":29}",0,0.8596153846153847,false,20000
42,184,185000,5.535556389000002,0.026844428,0.024078063,0.001364186,0.001402179,5.965292739,147.63048,41.029568,8421.812492489815,191,0.9947917,33,3.79677241335072,22,0.11518324607329843,"{""3"":22,""4"":13,""5"":44,""6"":81,""7"":18,""8"":8,""9"":5}","{""10"":2,""11"":49,""12"":2,""14"":4,""15"":9,""16"":3,""18"":6,""19"":1,""21"":2,""22"":1,""3"":22,""4"":13,""5"":16,""6"":4,""7"":28,""8"":17,""9"":12}",64,"{""count"":64,""unique_topologies"":64,""topology_entropy_bits"":6.0,""effective_topology_count"":64.0,""triangle_like_count"":0,""triangle_like_fraction"":0.0,""mean_nodes"":6.8125,""mean_muscles"":10.390625,""node_counts"":{""4"":4,""5"":2,""6"":19,""7"":20,""8"":15,""9"":4},""muscle_counts"":{""10"":8,""11"":2,""12"":13,""13"":2,""14"":1,""15"":7,""17"":1,""18"":3,""4"":1,""5"":4,""6"":6,""7"":3,""8"":7,""9"":6}}",131,5.444930503096856,116,0.116,"{""10"":1,""3"":116,""4"":148,""5"":178,""6"":304,""7"":158,""8"":60,""9"":35}","{""10"":28,""11"":136,""12"":42,""13"":5,""14"":31,""15"":41,""16"":30,""17"":1,""18"":21,""19"":17,""20"":3,""21"":16,""22"":1,""3"":116,""4"":113,""5"":102,""6"":64,""7"":105,""8"":74,""9"":54}","{""Diagonal CMA-ES"":{""attempts"":307,""discoveries"":0,""improvements"":0,""insertions"":0,""insertion_rate"":0.0},""Immigrant"":{""attempts"":149,""discoveries"":0,""improvements"":0,""insertions"":0,""insertion_rate"":0.0},""Morphology"":{""attempts"":316,""discoveries"":0,""improvements"":3,""insertions"":3,""insertion_rate"":0.00949367088607595},""Novelty"":{""attempts"":228,""discoveries"":0,""improvements"":0,""insertions"":0,""insertion_rate"":0.0}}","{""Morphology"":218,""Novelty"":25}",0,0.8596153846153847,false,21000
42,185,186000,5.563022953000002,0.027466564,0.024903224,0.000958136,0.001605204,5.994782429,147.63048,41.029568,8437.627264142036,191,0.9947917,32,3.759746093313595,22,0.11518324607329843,"{""3"":22,""4"":13,""5"":44,""6"":81,""7"":18,""8"":8,""9"":5}","{""10"":2,""11"":50,""12"":2,""14"":4,""15"":9,""16"":3,""18"":6,""19"":1,""21"":2,""22"":1,""3"":22,""4"":13,""5"":16,""6"":4,""7"":28,""8"":16,""9"":12}",64,"{""count"":64,""unique_topologies"":64,""topology_entropy_bits"":6.0,""effective_topology_count"":64.0,""triangle_like_count"":0,""triangle_like_fraction"":0.0,""mean_nodes"":6.8125,""mean_muscles"":10.390625,""node_counts"":{""4"":4,""5"":2,""6"":19,""7"":20,""8"":15,""9"":4},""muscle_counts"":{""10"":8,""11"":2,""12"":13,""13"":2,""14"":1,""15"":7,""17"":1,""18"":3,""4"":1,""5"":4,""6"":6,""7"":3,""8"":7,""9"":6}}",121,4.791914303794614,77,0.077,"{""10"":1,""3"":77,""4"":111,""5"":355,""6"":318,""7"":95,""8"":24,""9"":19}","{""10"":13,""11"":144,""12"":29,""13"":3,""14"":24,""15"":16,""16"":10,""17"":3,""18"":8,""19"":6,""20"":1,""21"":4,""24"":1,""25"":2,""3"":77,""4"":76,""5"":132,""6"":55,""7"":256,""8"":115,""9"":25}","{""Diagonal CMA-ES"":{""attempts"":292,""discoveries"":0,""improvements"":0,""insertions"":0,""insertion_rate"":0.0},""Immigrant"":{""attempts"":154,""discoveries"":0,""improvements"":0,""insertions"":0,""insertion_rate"":0.0},""Morphology"":{""attempts"":305,""discoveries"":0,""improvements"":2,""insertions"":2,""insertion_rate"":0.006557377049180328},""Novelty"":{""attempts"":249,""discoveries"":0,""improvements"":1,""insertions"":1,""insertion_rate"":0.004016064257028112}}","{""Morphology"":196,""Novelty"":35}",0,0.8598848368522073,false,22000
42,186,187000,5.588795267000002,0.025772314,0.023184041,0.000990192,0.001598081,6.022569559,147.63048,41.029568,8437.627264142036,191,0.9947917,32,3.7597460933135944,22,0.11518324607329843,"{""3"":22,""4"":13,""5"":44,""6"":81,""7"":18,""8"":8,""9"":5}","{""10"":2,""11"":50,""12"":2,""14"":4,""15"":9,""16"":3,""18"":6,""19"":1,""21"":2,""22"":1,""3"":22,""4"":13,""5"":16,""6"":4,""7"":28,""8"":16,""9"":12}",64,"{""count"":64,""unique_topologies"":64,""topology_entropy_bits"":6.0,""effective_topology_count"":64.0,""triangle_like_count"":0,""triangle_like_fraction"":0.0,""mean_nodes"":6.8125,""mean_muscles"":10.390625,""node_counts"":{""4"":4,""5"":2,""6"":19,""7"":20,""8"":15,""9"":4},""muscle_counts"":{""10"":8,""11"":2,""12"":13,""13"":2,""14"":1,""15"":7,""17"":1,""18"":3,""4"":1,""5"":4,""6"":6,""7"":3,""8"":7,""9"":6}}",133,5.425600263789113,100,0.1,"{""10"":3,""3"":100,""4"":130,""5"":253,""6"":277,""7"":161,""8"":46,""9"":30}","{""10"":17,""11"":118,""12"":56,""13"":2,""14"":25,""15"":42,""16"":34,""17"":2,""18"":18,""19"":12,""20"":2,""21"":11,""3"":100,""4"":82,""5"":108,""6"":71,""7"":177,""8"":72,""9"":51}","{""Diagonal CMA-ES"":{""attempts"":289,""discoveries"":0,""improvements"":0,""insertions"":0,""insertion_rate"":0.0},""Immigrant"":{""attempts"":158,""discoveries"":0,""improvements"":0,""insertions"":0,""insertion_rate"":0.0},""Morphology"":{""attempts"":305,""discoveries"":0,""improvements"":0,""insertions"":0,""insertion_rate"":0.0},""Novelty"":{""attempts"":248,""discoveries"":0,""improvements"":0,""insertions"":0,""insertion_rate"":0.0}}","{""Morphology"":216,""Novelty"":28}",0,0.8598848368522073,false,23000
42,187,188000,5.617370750000002,0.028575483,0.025923098,0.001066178,0.001586207,6.053232284,147.63048,41.029568,8461.69433414936,191,0.9947917,32,3.7625786449463403,22,0.11518324607329843,"{""3"":22,""4"":14,""5"":44,""6"":80,""7"":18,""8"":8,""9"":5}","{""10"":2,""11"":49,""12"":2,""14"":3,""15"":10,""16"":3,""18"":6,""19"":1,""21"":2,""22"":1,""3"":22,""4"":14,""5"":16,""6"":4,""7"":28,""8"":16,""9"":12}",64,"{""count"":64,""unique_topologies"":64,""topology_entropy_bits"":6.0,""effective_topology_count"":64.0,""triangle_like_count"":0,""triangle_like_fraction"":0.0,""mean_nodes"":6.828125,""mean_muscles"":10.40625,""node_counts"":{""4"":4,""5"":2,""6"":19,""7"":19,""8"":16,""9"":4},""muscle_counts"":{""10"":7,""11"":3,""12"":13,""13"":2,""14"":1,""15"":7,""17"":1,""18"":3,""4"":1,""5"":4,""6"":6,""7"":3,""8"":7,""9"":6}}",127,5.303850970848161,116,0.116,"{""10"":1,""3"":116,""4"":135,""5"":200,""6"":309,""7"":155,""8"":53,""9"":31}","{""10"":22,""11"":137,""12"":38,""13"":3,""14"":40,""15"":45,""16"":26,""18"":18,""19"":10,""21"":18,""26"":1,""3"":116,""4"":105,""5"":82,""6"":62,""7"":141,""8"":72,""9"":64}","{""Diagonal CMA-ES"":{""attempts"":299,""discoveries"":0,""improvements"":0,""insertions"":0,""insertion_rate"":0.0},""Immigrant"":{""attempts"":136,""discoveries"":0,""improvements"":0,""insertions"":0,""insertion_rate"":0.0},""Morphology"":{""attempts"":283,""discoveries"":1,""improvements"":3,""insertions"":4,""insertion_rate"":0.014134275618374558},""Novelty"":{""attempts"":282,""discoveries"":0,""improvements"":1,""insertions"":1,""insertion_rate"":0.0035460992907801418}}","{""Morphology"":191,""Novelty"":29}",1,0.8598848368522073,false,24000
42,188,189000,5.6463226030000015,0.028951853000000003,0.026222293,0.001062617,0.001666943,6.084299871,147.63048,41.029568,8461.69433414936,191,0.9947917,32,3.76257864494634,22,0.11518324607329843,"{""3"":22,""4"":14,""5"":44,""6"":80,""7"":18,""8"":8,""9"":5}","{""10"":2,""11"":49,""12"":2,""14"":3,""15"":10,""16"":3,""18"":6,""19"":1,""21"":2,""22"":1,""3"":22,""4"":14,""5"":16,""6"":4,""7"":28,""8"":16,""9"":12}",64,"{""count"":64,""unique_topologies"":64,""topology_entropy_bits"":6.0,""effective_topology_count"":64.0,""triangle_like_count"":0,""triangle_like_fraction"":0.0,""mean_nodes"":6.828125,""mean_muscles"":10.40625,""node_counts"":{""4"":4,""5"":2,""6"":19,""7"":19,""8"":16,""9"":4},""muscle_counts"":{""10"":7,""11"":3,""12"":13,""13"":2,""14"":1,""15"":7,""17"":1,""18"":3,""4"":1,""5"":4,""6"":6,""7"":3,""8"":7,""9"":6}}",110,5.297129017530326,113,0.113,"{""10"":1,""3"":113,""4"":144,""5"":184,""6"":309,""7"":149,""8"":62,""9"":38}","{""10"":19,""11"":156,""12"":43,""13"":6,""14"":30,""15"":44,""16"":29,""18"":24,""19"":10,""20"":3,""21"":13,""22"":1,""3"":113,""4"":112,""5"":94,""6"":74,""7"":95,""8"":76,""9"":58}","{""Diagonal CMA-ES"":{""attempts"":319,""discoveries"":0,""improvements"":0,""insertions"":0,""insertion_rate"":0.0},""Immigrant"":{""attempts"":149,""discoveries"":0,""improvements"":0,""insertions"":0,""insertion_rate"":0.0},""Morphology"":{""attempts"":290,""discoveries"":0,""improvements"":2,""insertions"":2,""insertion_rate"":0.006896551724137931},""Novelty"":{""attempts"":242,""discoveries"":0,""improvements"":0,""insertions"":0,""insertion_rate"":0.0}}","{""Morphology"":180,""Novelty"":33}",0,0.8598848368522073,false,25000
42,189,190000,5.674646385000002,0.028323782,0.025625091,0.001107734,0.001590957,6.1147595710000004,147.63048,41.029568,8461.69433414936,191,0.9947917,32,3.76257864494634,22,0.11518324607329843,"{""3"":22,""4"":14,""5"":44,""6"":80,""7"":18,""8"":8,""9"":5}","{""10"":2,""11"":49,""12"":2,""14"":3,""15"":10,""16"":3,""18"":6,""19"":1,""21"":2,""22"":1,""3"":22,""4"":14,""5"":16,""6"":4,""7"":28,""8"":16,""9"":12}",64,"{""count"":64,""unique_topologies"":64,""topology_entropy_bits"":6.0,""effective_topology_count"":64.0,""triangle_like_count"":0,""triangle_like_fraction"":0.0,""mean_nodes"":6.828125,""mean_muscles"":10.40625,""node_counts"":{""4"":4,""5"":2,""6"":19,""7"":19,""8"":16,""9"":4},""muscle_counts"":{""10"":7,""11"":3,""12"":13,""13"":2,""14"":1,""15"":7,""17"":1,""18"":3,""4"":1,""5"":4,""6"":6,""7"":3,""8"":7,""9"":6}}",122,5.371350587936291,104,0.104,"{""10"":2,""3"":104,""4"":154,""5"":205,""6"":302,""7"":147,""8"":49,""9"":37}","{""10"":14,""11"":124,""12"":39,""13"":1,""14"":32,""15"":50,""16"":31,""17"":1,""18"":19,""19"":7,""20"":2,""21"":15,""24"":3,""25"":2,""3"":104,""4"":113,""5"":109,""6"":70,""7"":136,""8"":69,""9"":59}","{""Diagonal CMA-ES"":{""attempts"":298,""discoveries"":0,""improvements"":0,""insertions"":0,""insertion_rate"":0.0},""Immigrant"":{""attempts"":144,""discoveries"":0,""improvements"":0,""insertions"":0,""insertion_rate"":0.0},""Morphology"":{""attempts"":320,""discoveries"":0,""improvements"":0,""insertions"":0,""insertion_rate"":0.0},""Novelty"":{""attempts"":238,""discoveries"":0,""improvements"":0,""insertions"":0,""insertion_rate"":0.0}}","{""Morphology"":225,""Novelty"":26}",0,0.8598848368522073,false,26000
42,190,191000,5.702644851000001,0.027998466,0.025500426,0.001022249,0.001475791,6.145030493,147.63048,41.029568,8486.07767689228,191,0.9947917,32,3.76257864494634,22,0.11518324607329843,"{""3"":22,""4"":14,""5"":44,""6"":80,""7"":18,""8"":8,""9"":5}","{""10"":2,""11"":49,""12"":2,""14"":3,""15"":10,""16"":3,""18"":6,""19"":1,""21"":2,""22"":1,""3"":22,""4"":14,""5"":16,""6"":4,""7"":28,""8"":16,""9"":12}",64,"{""count"":64,""unique_topologies"":64,""topology_entropy_bits"":6.0,""effective_topology_count"":64.0,""triangle_like_count"":0,""triangle_like_fraction"":0.0,""mean_nodes"":6.828125,""mean_muscles"":10.40625,""node_counts"":{""4"":4,""5"":2,""6"":19,""7"":19,""8"":16,""9"":4},""muscle_counts"":{""10"":7,""11"":3,""12"":13,""13"":2,""14"":1,""15"":7,""17"":1,""18"":3,""4"":1,""5"":4,""6"":6,""7"":3,""8"":7,""9"":6}}",136,5.350381306962614,116,0.116,"{""10"":2,""3"":116,""4"":132,""5"":227,""6"":288,""7"":152,""8"":47,""9"":36}","{""10"":25,""11"":134,""12"":45,""13"":4,""14"":31,""15"":35,""16"":27,""17"":2,""18"":19,""19"":10,""20"":1,""21"":12,""22"":2,""24"":2,""25"":2,""3"":116,""4"":101,""5"":106,""6"":66,""7"":132,""8"":68,""9"":60}","{""Diagonal CMA-ES"":{""attempts"":314,""discoveries"":0,""improvements"":0,""insertions"":0,""insertion_rate"":0.0},""Immigrant"":{""attempts"":155,""discoveries"":0,""improvements"":0,""insertions"":0,""insertion_rate"":0.0},""Morphology"":{""attempts"":274,""discoveries"":0,""improvements"":1,""insertions"":1,""insertion_rate"":0.0036496350364963502},""Novelty"":{""attempts"":257,""discoveries"":0,""improvements"":0,""insertions"":0,""insertion_rate"":0.0}}","{""Morphology"":184,""Novelty"":32}",0,0.8601532567049809,false,27000
42,191,192000,5.730048491000002,0.027403639999999996,0.02491866,0.001062617,0.001422363,6.174580737,147.63048,41.029568,8504.019643902779,191,0.9947917,32,3.7711961384602537,22,0.11518324607329843,"{""3"":22,""4"":14,""5"":45,""6"":79,""7"":18,""8"":8,""9"":5}","{""10"":2,""11"":48,""12"":2,""14"":3,""15"":10,""16"":3,""18"":6,""19"":1,""21"":2,""22"":1,""3"":22,""4"":14,""5"":17,""6"":4,""7"":28,""8"":16,""9"":12}",64,"{""count"":64,""unique_topologies"":64,""topology_entropy_bits"":6.0,""effective_topology_count"":64.0,""triangle_like_count"":0,""triangle_like_fraction"":0.0,""mean_nodes"":6.8125,""mean_muscles"":10.328125,""node_counts"":{""4"":4,""5"":2,""6"":20,""7"":18,""8"":16,""9"":4},""muscle_counts"":{""10"":7,""11"":3,""12"":12,""13"":2,""14"":1,""15"":7,""17"":1,""18"":3,""4"":1,""5"":4,""6"":6,""7"":4,""8"":7,""9"":6}}",131,5.334204576027492,114,0.114,"{""10"":2,""3"":114,""4"":138,""5"":192,""6"":310,""7"":157,""8"":55,""9"":32}","{""10"":33,""11"":149,""12"":39,""13"":6,""14"":26,""15"":41,""16"":31,""17"":1,""18"":19,""19"":11,""20"":5,""21"":15,""24"":1,""3"":114,""4"":114,""5"":84,""6"":63,""7"":114,""8"":74,""9"":60}","{""Diagonal CMA-ES"":{""attempts"":320,""discoveries"":0,""improvements"":0,""insertions"":0,""insertion_rate"":0.0},""Immigrant"":{""attempts"":140,""discoveries"":0,""improvements"":0,""insertions"":0,""insertion_rate"":0.0},""Morphology"":{""attempts"":283,""discoveries"":1,""improvements"":3,""insertions"":4,""insertion_rate"":0.014134275618374558},""Novelty"":{""attempts"":257,""discoveries"":0,""improvements"":0,""insertions"":0,""insertion_rate"":0.0}}","{""Morphology"":189,""Novelty"":21}",1,0.8601532567049809,false,28000
42,192,193000,5.756875113000001,0.026826622,0.024444935,0.001015126,0.001366561,6.203464916,147.63048,41.03058,8578.456445813179,191,0.9947917,32,3.772915526583492,22,0.11518324607329843,"{""3"":22,""4"":15,""5"":45,""6"":79,""7"":17,""8"":8,""9"":5}","{""10"":2,""11"":47,""12"":2,""14"":2,""15"":10,""16"":3,""18"":6,""19"":1,""21"":2,""22"":1,""3"":22,""4"":15,""5"":18,""6"":3,""7"":29,""8"":16,""9"":12}",64,"{""count"":64,""unique_topologies"":64,""topology_entropy_bits"":6.0,""effective_topology_count"":64.0,""triangle_like_count"":0,""triangle_like_fraction"":0.0,""mean_nodes"":6.8125,""mean_muscles"":10.328125,""node_counts"":{""4"":4,""5"":2,""6"":20,""7"":18,""8"":16,""9"":4},""muscle_counts"":{""10"":7,""11"":3,""12"":12,""13"":2,""14"":1,""15"":7,""17"":1,""18"":3,""4"":1,""5"":4,""6"":6,""7"":4,""8"":7,""9"":6}}",118,5.0487945428663314,99,0.099,"{""10"":1,""3"":99,""4"":126,""5"":186,""6"":388,""7"":138,""8"":41,""9"":21}","{""10"":17,""11"":242,""12"":51,""13"":1,""14"":24,""15"":22,""16"":25,""18"":16,""19"":9,""20"":3,""21"":8,""22"":2,""24"":2,""3"":99,""4"":94,""5"":79,""6"":70,""7"":135,""8"":57,""9"":44}","{""Diagonal CMA-ES"":{""attempts"":292,""discoveries"":0,""improvements"":0,""insertions"":0,""insertion_rate"":0.0},""Immigrant"":{""attempts"":142,""discoveries"":0,""improvements"":0,""insertions"":0,""insertion_rate"":0.0},""Morphology"":{""attempts"":314,""discoveries"":1,""improvements"":4,""insertions"":5,""insertion_rate"":0.01592356687898089},""Novelty"":{""attempts"":252,""discoveries"":0,""improvements"":1,""insertions"":1,""insertion_rate"":0.003968253968253968}}","{""Morphology"":221,""Novelty"":27}",1,0.8601532567049809,false,29000
42,193,194000,5.783440532000001,0.026565419,0.024017513,0.001037684,0.001510222,6.23208077,147.63048,41.620888,8592.838539242744,191,0.9947917,32,3.778070767537575,22,0.11518324607329843,"{""3"":22,""4"":15,""5"":46,""6"":78,""7"":17,""8"":8,""9"":5}","{""10"":2,""11"":46,""12"":2,""14"":2,""15"":10,""16"":3,""18"":6,""19"":1,""21"":2,""22"":1,""3"":22,""4"":15,""5"":18,""6"":3,""7"":30,""8"":16,""9"":12}",64,"{""count"":64,""unique_topologies"":64,""topology_entropy_bits"":6.0,""effective_topology_count"":64.0,""triangle_like_count"":0,""triangle_like_fraction"":0.0,""mean_nodes"":6.8125,""mean_muscles"":10.34375,""node_counts"":{""4"":4,""5"":2,""6"":20,""7"":18,""8"":16,""9"":4},""muscle_counts"":{""10"":7,""11"":3,""12"":12,""13"":2,""14"":1,""15"":7,""17"":1,""18"":3,""4"":1,""5"":4,""6"":6,""7"":3,""8"":8,""9"":6}}",116,4.787167289432369,85,0.085,"{""3"":85,""4"":96,""5"":204,""6"":448,""7"":131,""8"":25,""9"":11}","{""10"":11,""11"":248,""12"":51,""14"":15,""15"":16,""16"":20,""18"":6,""19"":8,""20"":2,""21"":6,""3"":85,""4"":65,""5"":81,""6"":59,""7"":154,""8"":131,""9"":42}","{""Diagonal CMA-ES"":{""attempts"":254,""discoveries"":0,""improvements"":0,""insertions"":0,""insertion_rate"":0.0},""Immigrant"":{""attempts"":158,""discoveries"":0,""improvements"":0,""insertions"":0,""insertion_rate"":0.0},""Morphology"":{""attempts"":338,""discoveries"":0,""improvements"":3,""insertions"":3,""insertion_rate"":0.008875739644970414},""Novelty"":{""attempts"":250,""discoveries"":1,""improvements"":0,""insertions"":1,""insertion_rate"":0.004}}","{""Morphology"":229,""Novelty"":33}",1,0.8601532567049809,false,30000
42,194,195000,5.8096889470000015,0.026248414999999997,0.023772934,0.001005627,0.001469854,6.260492412,147.63048,41.620888,8608.31805241108,191,0.9947917,31,3.7710152777214447,22,0.11518324607329843,"{""3"":22,""4"":15,""5"":45,""6"":78,""7"":19,""8"":8,""9"":4}","{""10"":2,""11"":46,""12"":3,""14"":2,""15"":11,""16"":3,""18"":6,""21"":2,""22"":1,""3"":22,""4"":15,""5"":17,""6"":3,""7"":30,""8"":16,""9"":12}",64,"{""count"":64,""unique_topologies"":64,""topology_entropy_bits"":6.0,""effective_topology_count"":64.0,""triangle_like_count"":0,""triangle_like_fraction"":0.0,""mean_nodes"":6.8125,""mean_muscles"":10.40625,""node_counts"":{""4"":4,""5"":2,""6"":20,""7"":18,""8"":16,""9"":4},""muscle_counts"":{""10"":7,""11"":3,""12"":13,""13"":2,""14"":1,""15"":7,""17"":1,""18"":3,""4"":1,""5"":4,""6"":6,""7"":3,""8"":7,""9"":6}}",121,5.324954993047013,104,0.104,"{""3"":104,""4"":152,""5"":172,""6"":330,""7"":170,""8"":42,""9"":30}","{""10"":30,""11"":146,""12"":42,""13"":1,""14"":23,""15"":46,""16"":23,""17"":1,""18"":23,""19"":9,""20"":4,""21"":12,""22"":1,""3"":104,""4"":122,""5"":88,""6"":62,""7"":110,""8"":79,""9"":74}","{""Diagonal CMA-ES"":{""attempts"":304,""discoveries"":0,""improvements"":0,""insertions"":0,""insertion_rate"":0.0},""Immigrant"":{""attempts"":124,""discoveries"":0,""improvements"":0,""insertions"":0,""insertion_rate"":0.0},""Morphology"":{""attempts"":314,""discoveries"":0,""improvements"":4,""insertions"":4,""insertion_rate"":0.012738853503184714},""Novelty"":{""attempts"":258,""discoveries"":1,""improvements"":0,""insertions"":1,""insertion_rate"":0.003875968992248062}}","{""Morphology"":189,""Novelty"":41}",1,0.858508604206501,false,31000
42,195,196000,5.835532499000002,0.025843552000000002,0.02336807,0.001085175,0.001390307,6.28871765,147.63048,41.620888,8608.31805241108,191,0.9947917,31,3.771015277721445,22,0.11518324607329843,"{""3"":22,""4"":15,""5"":45,""6"":78,""7"":19,""8"":8,""9"":4}","{""10"":2,""11"":46,""12"":3,""14"":2,""15"":11,""16"":3,""18"":6,""21"":2,""22"":1,""3"":22,""4"":15,""5"":17,""6"":3,""7"":30,""8"":16,""9"":12}",64,"{""count"":64,""unique_topologies"":64,""topology_entropy_bits"":6.0,""effective_topology_count"":64.0,""triangle_like_count"":0,""triangle_like_fraction"":0.0,""mean_nodes"":6.8125,""mean_muscles"":10.40625,""node_counts"":{""4"":4,""5"":2,""6"":20,""7"":18,""8"":16,""9"":4},""muscle_counts"":{""10"":7,""11"":3,""12"":13,""13"":2,""14"":1,""15"":7,""17"":1,""18"":3,""4"":1,""5"":4,""6"":6,""7"":3,""8"":7,""9"":6}}",118,4.771332585703168,115,0.115,"{""10"":1,""3"":115,""4"":128,""5"":169,""6"":408,""7"":125,""8"":40,""9"":14}","{""10"":10,""11"":290,""12"":35,""13"":16,""14"":25,""15"":32,""16"":25,""17"":1,""18"":14,""19"":3,""20"":2,""21"":6,""22"":2,""3"":115,""4"":97,""5"":103,""6"":65,""7"":77,""8"":42,""9"":40}","{""Diagonal CMA-ES"":{""attempts"":313,""discoveries"":0,""improvements"":0,""insertions"":0,""insertion_rate"":0.0},""Immigrant"":{""attempts"":179,""discoveries"":0,""improvements"":0,""insertions"":0,""insertion_rate"":0.0},""Morphology"":{""attempts"":272,""discoveries"":0,""improvements"":0,""insertions"":0,""insertion_rate"":0.0},""Novelty"":{""attempts"":236,""discoveries"":0,""improvements"":0,""insertions"":0,""insertion_rate"":0.0}}","{""Morphology"":174,""Novelty"":23}",0,0.8568702290076335,false,32000
42,196,197000,5.863406302000002,0.027873803000000003,0.025455311,0.001049557,0.001368935,6.318613393,147.63048,41.620888,8608.31805241108,191,0.9947917,31,3.7710152777214447,22,0.11518324607329843,"{""3"":22,""4"":15,""5"":45,""6"":78,""7"":19,""8"":8,""9"":4}","{""10"":2,""11"":46,""12"":3,""14"":2,""15"":11,""16"":3,""18"":6,""21"":2,""22"":1,""3"":22,""4"":15,""5"":17,""6"":3,""7"":30,""8"":16,""9"":12}",64,"{""count"":64,""unique_topologies"":64,""topology_entropy_bits"":6.0,""effective_topology_count"":64.0,""triangle_like_count"":0,""triangle_like_fraction"":0.0,""mean_nodes"":6.8125,""mean_muscles"":10.40625,""node_counts"":{""4"":4,""5"":2,""6"":20,""7"":18,""8"":16,""9"":4},""muscle_counts"":{""10"":7,""11"":3,""12"":13,""13"":2,""14"":1,""15"":7,""17"":1,""18"":3,""4"":1,""5"":4,""6"":6,""7"":3,""8"":7,""9"":6}}",126,5.305878581605599,132,0.132,"{""3"":132,""4"":147,""5"":200,""6"":293,""7"":152,""8"":50,""9"":26}","{""10"":18,""11"":127,""12"":46,""13"":6,""14"":21,""15"":51,""16"":31,""17"":2,""18"":19,""19"":3,""20"":2,""21"":14,""22"":1,""25"":1,""3"":132,""4"":120,""5"":106,""6"":75,""7"":105,""8"":61,""9"":59}","{""Diagonal CMA-ES"":{""attempts"":297,""discoveries"":0,""improvements"":0,""insertions"":0,""insertion_rate"":0.0},""Immigrant"":{""attempts"":158,""discoveries"":0,""improvements"":0,""insertions"":0,""insertion_rate"":0.0},""Morphology"":{""attempts"":305,""discoveries"":0,""improvements"":0,""insertions"":0,""insertion_rate"":0.0},""Novelty"":{""attempts"":240,""discoveries"":0,""improvements"":0,""insertions"":0,""insertion_rate"":0.0}}","{""Morphology"":199,""Novelty"":33}",0,0.8552380952380952,false,33000
42,197,198000,5.891137630000002,0.027731328,0.025381699,0.000996129,0.0013535,6.348543568,147.63048,41.620888,8613.514357686043,191,0.9947917,31,3.77641513544057,22,0.11518324607329843,"{""3"":22,""4"":15,""5"":44,""6"":79,""7"":19,""8"":8,""9"":4}","{""10"":2,""11"":46,""12"":3,""14"":2,""15"":11,""16"":3,""18"":6,""21"":2,""22"":1,""3"":22,""4"":15,""5"":17,""6"":3,""7"":29,""8"":16,""9"":13}",64,"{""count"":64,""unique_topologies"":64,""topology_entropy_bits"":6.0,""effective_topology_count"":64.0,""triangle_like_count"":0,""triangle_like_fraction"":0.0,""mean_nodes"":6.828125,""mean_muscles"":10.375,""node_counts"":{""4"":4,""5"":2,""6"":19,""7"":19,""8"":16,""9"":4},""muscle_counts"":{""10"":8,""11"":3,""12"":12,""13"":2,""14"":1,""15"":7,""17"":1,""18"":3,""4"":1,""5"":4,""6"":6,""7"":3,""8"":7,""9"":6}}",136,5.3659032331970895,130,0.13,"{""10"":2,""3"":130,""4"":148,""5"":201,""6"":283,""7"":139,""8"":69,""9"":28}","{""10"":27,""11"":124,""12"":37,""13"":7,""14"":24,""15"":40,""16"":32,""17"":1,""18"":28,""19"":8,""20"":1,""21"":12,""22"":2,""24"":3,""3"":130,""4"":115,""5"":116,""6"":72,""7"":107,""8"":64,""9"":50}","{""Diagonal CMA-ES"":{""attempts"":297,""discoveries"":0,""improvements"":0,""insertions"":0,""insertion_rate"":0.0},""Immigrant"":{""attempts"":170,""discoveries"":0,""improvements"":0,""insertions"":0,""insertion_rate"":0.0},""Morphology"":{""attempts"":297,""discoveries"":1,""improvements"":3,""insertions"":4,""insertion_rate"":0.013468013468013467},""Novelty"":{""attempts"":236,""discoveries"":0,""improvements"":0,""insertions"":0,""insertion_rate"":0.0}}","{""Morphology"":203,""Novelty"":26}",1,0.8536121673003803,false,34000
42,198,199000,5.918494965000002,0.027357334999999997,0.024993458,0.000986631,0.001377246,6.377865854,147.63048,41.620888,8613.514357686043,191,0.9947917,31,3.77641513544057,22,0.11518324607329843,"{""3"":22,""4"":15,""5"":44,""6"":79,""7"":19,""8"":8,""9"":4}","{""10"":2,""11"":46,""12"":3,""14"":2,""15"":11,""16"":3,""18"":6,""21"":2,""22"":1,""3"":22,""4"":15,""5"":17,""6"":3,""7"":29,""8"":16,""9"":13}",64,"{""count"":64,""unique_topologies"":64,""topology_entropy_bits"":6.0,""effective_topology_count"":64.0,""triangle_like_count"":0,""triangle_like_fraction"":0.0,""mean_nodes"":6.828125,""mean_muscles"":10.375,""node_counts"":{""4"":4,""5"":2,""6"":19,""7"":19,""8"":16,""9"":4},""muscle_counts"":{""10"":8,""11"":3,""12"":12,""13"":2,""14"":1,""15"":7,""17"":1,""18"":3,""4"":1,""5"":4,""6"":6,""7"":3,""8"":7,""9"":6}}",128,5.344299145124923,101,0.101,"{""10"":2,""3"":101,""4"":148,""5"":184,""6"":320,""7"":148,""8"":76,""9"":21}","{""10"":26,""11"":157,""12"":36,""13"":11,""14"":30,""15"":50,""16"":30,""17"":1,""18"":14,""19"":6,""20"":3,""21"":11,""24"":2,""25"":1,""3"":101,""4"":123,""5"":97,""6"":63,""7"":100,""8"":77,""9"":61}","{""Diagonal CMA-ES"":{""attempts"":250,""discoveries"":0,""improvements"":0,""insertions"":0,""insertion_rate"":0.0},""Immigrant"":{""attempts"":148,""discoveries"":0,""improvements"":0,""insertions"":0,""insertion_rate"":0.0},""Morphology"":{""attempts"":324,""discoveries"":2,""improvements"":0,""insertions"":2,""insertion_rate"":0.006172839506172839},""Novelty"":{""attempts"":278,""discoveries"":0,""improvements"":0,""insertions"":0,""insertion_rate"":0.0}}","{""Morphology"":224,""Novelty"":27}",1,0.8536121673003803,false,35000
42,199,200000,5.947469378000002,0.028974413,0.026595101,0.000967635,0.001411677,6.408870518,147.63048,41.620888,8625.119013905525,191,0.9947917,31,3.77641513544057,22,0.11518324607329843,"{""3"":22,""4"":15,""5"":44,""6"":79,""7"":19,""8"":8,""9"":4}","{""10"":2,""11"":46,""12"":3,""14"":2,""15"":11,""16"":3,""18"":6,""21"":2,""22"":1,""3"":22,""4"":15,""5"":17,""6"":3,""7"":29,""8"":16,""9"":13}",64,"{""count"":64,""unique_topologies"":64,""topology_entropy_bits"":6.0,""effective_topology_count"":64.0,""triangle_like_count"":0,""triangle_like_fraction"":0.0,""mean_nodes"":6.828125,""mean_muscles"":10.375,""node_counts"":{""4"":4,""5"":2,""6"":19,""7"":19,""8"":16,""9"":4},""muscle_counts"":{""10"":8,""11"":3,""12"":12,""13"":2,""14"":1,""15"":7,""17"":1,""18"":3,""4"":1,""5"":4,""6"":6,""7"":3,""8"":7,""9"":6}}",129,5.357020575152362,120,0.12,"{""10"":2,""3"":120,""4"":145,""5"":176,""6"":307,""7"":149,""8"":68,""9"":33}","{""10"":24,""11"":133,""12"":33,""13"":9,""14"":32,""15"":53,""16"":26,""17"":2,""18"":22,""19"":6,""20"":3,""21"":13,""22"":2,""24"":2,""25"":1,""28"":1,""3"":120,""4"":112,""5"":108,""6"":66,""7"":103,""8"":64,""9"":65}","{""Diagonal CMA-ES"":{""attempts"":289,""discoveries"":0,""improvements"":0,""insertions"":0,""insertion_rate"":0.0},""Immigrant"":{""attempts"":132,""discoveries"":0,""improvements"":0,""insertions"":0,""insertion_rate"":0.0},""Morphology"":{""attempts"":311,""discoveries"":0,""improvements"":4,""insertions"":4,""insertion_rate"":0.012861736334405145},""Novelty"":{""attempts"":268,""discoveries"":0,""improvements"":0,""insertions"":0,""insertion_rate"":0.0}}","{""Morphology"":204,""Novelty"":29}",0,0.8536121673003803,false,36000
42,200,201000,5.9735610710000016,0.026091693,0.023712382,0.000977132,0.001402179,6.436721762,147.63048,41.620888,8638.228110432625,191,0.9947917,31,3.7764151354405704,22,0.11518324607329843,"{""3"":22,""4"":15,""5"":44,""6"":79,""7"":19,""8"":8,""9"":4}","{""10"":2,""11"":46,""12"":3,""14"":2,""15"":11,""16"":3,""18"":6,""21"":2,""22"":1,""3"":22,""4"":15,""5"":17,""6"":3,""7"":29,""8"":16,""9"":13}",64,"{""count"":64,""unique_topologies"":64,""topology_entropy_bits"":6.0,""effective_topology_count"":64.0,""triangle_like_count"":0,""triangle_like_fraction"":0.0,""mean_nodes"":6.828125,""mean_muscles"":10.375,""node_counts"":{""4"":4,""5"":2,""6"":19,""7"":19,""8"":16,""9"":4},""muscle_counts"":{""10"":8,""11"":3,""12"":12,""13"":2,""14"":1,""15"":7,""17"":1,""18"":3,""4"":1,""5"":4,""6"":6,""7"":3,""8"":7,""9"":6}}",127,5.169061503338569,92,0.092,"{""3"":92,""4"":144,""5"":145,""6"":378,""7"":150,""8"":62,""9"":29}","{""10"":21,""11"":222,""12"":42,""13"":9,""14"":34,""15"":50,""16"":33,""17"":1,""18"":20,""19"":3,""20"":3,""21"":11,""3"":92,""4"":110,""5"":91,""6"":60,""7"":84,""8"":59,""9"":55}","{""Diagonal CMA-ES"":{""attempts"":306,""discoveries"":0,""improvements"":0,""insertions"":0,""insertion_rate"":0.0},""Immigrant"":{""attempts"":134,""discoveries"":0,""improvements"":0,""insertions"":0,""insertion_rate"":0.0},""Morphology"":{""attempts"":310,""discoveries"":0,""improvements"":3,""insertions"":3,""insertion_rate"":0.00967741935483871},""Novelty"":{""attempts"":250,""discoveries"":0,""improvements"":0,""insertions"":0,""insertion_rate"":0.0}}","{""Morphology"":221,""Novelty"":29}",0,0.8538899430740038,false,37000
42,201,202000,6.001799370000001,0.028238298999999998,0.025632216,0.000962885,0.001643198,6.467147033,147.63048,41.621742,8640.490725636482,191,0.9947917,31,3.77641513544057,22,0.11518324607329843,"{""3"":22,""4"":15,""5"":44,""6"":79,""7"":19,""8"":8,""9"":4}","{""10"":2,""11"":46,""12"":3,""14"":2,""15"":11,""16"":3,""18"":6,""21"":2,""22"":1,""3"":22,""4"":15,""5"":17,""6"":3,""7"":29,""8"":16,""9"":13}",64,"{""count"":64,""unique_topologies"":64,""topology_entropy_bits"":6.0,""effective_topology_count"":64.0,""triangle_like_count"":0,""triangle_like_fraction"":0.0,""mean_nodes"":6.828125,""mean_muscles"":10.375,""node_counts"":{""4"":4,""5"":2,""6"":19,""7"":19,""8"":16,""9"":4},""muscle_counts"":{""10"":8,""11"":3,""12"":12,""13"":2,""14"":1,""15"":7,""17"":1,""18"":3,""4"":1,""5"":4,""6"":6,""7"":3,""8"":7,""9"":6}}",104,3.3864142152938066,80,0.08,"{""10"":1,""3"":80,""4"":86,""5"":90,""6"":596,""7"":113,""8"":28,""9"":6}","{""10"":1,""11"":557,""12"":49,""13"":4,""14"":30,""15"":23,""16"":19,""17"":2,""18"":3,""19"":2,""20"":3,""21"":1,""3"":80,""4"":57,""5"":85,""6"":28,""7"":28,""8"":17,""9"":11}","{""Diagonal CMA-ES"":{""attempts"":316,""discoveries"":0,""improvements"":0,""insertions"":0,""insertion_rate"":0.0},""Immigrant"":{""attempts"":156,""discoveries"":0,""improvements"":0,""insertions"":0,""insertion_rate"":0.0},""Morphology"":{""attempts"":271,""discoveries"":0,""improvements"":1,""insertions"":1,""insertion_rate"":0.0036900369003690036},""Novelty"":{""attempts"":257,""discoveries"":0,""improvements"":1,""insertions"":1,""insertion_rate"":0.0038910505836575876}}","{""Morphology"":174,""Novelty"":40}",0,0.8541666666666666,false,38000
42,202,203000,6.029470147000001,0.027670777,0.025044511,0.001085175,0.001541091,6.496978663,147.63048,41.621742,8642.148997426033,191,0.9947917,31,3.77641513544057,22,0.11518324607329843,"{""3"":22,""4"":15,""5"":44,""6"":79,""7"":19,""8"":8,""9"":4}","{""10"":2,""11"":46,""12"":3,""14"":2,""15"":11,""16"":3,""18"":6,""21"":2,""22"":1,""3"":22,""4"":15,""5"":17,""6"":3,""7"":29,""8"":16,""9"":13}",64,"{""count"":64,""unique_topologies"":64,""topology_entropy_bits"":6.0,""effective_topology_count"":64.0,""triangle_like_count"":0,""triangle_like_fraction"":0.0,""mean_nodes"":6.828125,""mean_muscles"":10.375,""node_counts"":{""4"":4,""5"":2,""6"":19,""7"":19,""8"":16,""9"":4},""muscle_counts"":{""10"":8,""11"":3,""12"":12,""13"":2,""14"":1,""15"":7,""17"":1,""18"":3,""4"":1,""5"":4,""6"":6,""7"":3,""8"":7,""9"":6}}",130,5.084861868219264,111,0.111,"{""10"":3,""3"":111,""4"":138,""5"":162,""6"":370,""7"":142,""8"":44,""9"":30}","{""10"":19,""11"":217,""12"":43,""13"":6,""14"":29,""15"":33,""16"":18,""17"":1,""18"":20,""19"":5,""20"":1,""21"":16,""22"":2,""24"":1,""3"":111,""4"":104,""5"":114,""6"":55,""7"":86,""8"":58,""9"":61}","{""Diagonal CMA-ES"":{""attempts"":303,""discoveries"":0,""improvements"":0,""insertions"":0,""insertion_rate"":0.0},""Immigrant"":{""attempts"":154,""discoveries"":0,""improvements"":0,""insertions"":0,""insertion_rate"":0.0},""Morphology"":{""attempts"":296,""discoveries"":0,""improvements"":1,""insertions"":1,""insertion_rate"":0.0033783783783783786},""Novelty"":{""attempts"":247,""discoveries"":0,""improvements"":0,""insertions"":0,""insertion_rate"":0.0}}","{""Morphology"":183,""Novelty"":34}",0,0.8541666666666666,false,39000
42,203,204000,6.058397070000002,0.028926923,0.026390889,0.001011564,0.00152447,6.5279975740000005,147.63048,43.04936,8679.93351662159,191,0.9947917,31,3.767071818805732,23,0.12041884816753927,"{""3"":23,""4"":14,""5"":43,""6"":80,""7"":19,""8"":8,""9"":4}","{""10"":2,""11"":47,""12"":3,""14"":2,""15"":11,""16"":3,""18"":6,""21"":2,""22"":1,""3"":23,""4"":14,""5"":17,""6"":3,""7"":28,""8"":16,""9"":13}",64,"{""count"":64,""unique_topologies"":64,""topology_entropy_bits"":6.0,""effective_topology_count"":64.0,""triangle_like_count"":0,""triangle_like_fraction"":0.0,""mean_nodes"":6.84375,""mean_muscles"":10.328125,""node_counts"":{""4"":4,""5"":2,""6"":19,""7"":18,""8"":17,""9"":4},""muscle_counts"":{""10"":7,""11"":3,""12"":12,""13"":3,""14"":1,""15"":6,""17"":1,""18"":3,""4"":1,""5"":4,""6"":6,""7"":3,""8"":7,""9"":7}}",151,5.453078554061726,112,0.112,"{""10"":4,""3"":112,""4"":146,""5"":191,""6"":312,""7"":141,""8"":67,""9"":27}","{""10"":17,""11"":136,""12"":32,""13"":6,""14"":25,""15"":56,""16"":29,""17"":4,""18"":22,""19"":5,""20"":2,""21"":12,""22"":1,""23"":1,""24"":1,""25"":1,""28"":2,""3"":112,""4"":116,""5"":107,""6"":63,""7"":109,""8"":78,""9"":63}","{""Diagonal CMA-ES"":{""attempts"":265,""discoveries"":0,""improvements"":0,""insertions"":0,""insertion_rate"":0.0},""Immigrant"":{""attempts"":155,""discoveries"":0,""improvements"":0,""insertions"":0,""insertion_rate"":0.0},""Morphology"":{""attempts"":293,""discoveries"":2,""improvements"":3,""insertions"":5,""insertion_rate"":0.017064846416382253},""Novelty"":{""attempts"":287,""discoveries"":0,""improvements"":2,""insertions"":2,""insertion_rate"":0.006968641114982578}}","{""Morphology"":199,""Novelty"":36}",2,0.8541666666666666,false,40000
42,204,205000,6.086564132000001,0.028167062,0.025692768,0.001002065,0.001472229,6.558204385,147.63048,43.04936,8689.04037964344,191,0.9947917,31,3.7670718188057317,23,0.12041884816753927,"{""3"":23,""4"":14,""5"":43,""6"":80,""7"":19,""8"":8,""9"":4}","{""10"":2,""11"":47,""12"":3,""14"":2,""15"":11,""16"":3,""18"":6,""21"":2,""22"":1,""3"":23,""4"":14,""5"":17,""6"":3,""7"":28,""8"":16,""9"":13}",64,"{""count"":64,""unique_topologies"":64,""topology_entropy_bits"":6.0,""effective_topology_count"":64.0,""triangle_like_count"":0,""triangle_like_fraction"":0.0,""mean_nodes"":6.859375,""mean_muscles"":10.296875,""node_counts"":{""4"":4,""5"":2,""6"":19,""7"":18,""8"":16,""9"":5},""muscle_counts"":{""10"":7,""11"":4,""12"":12,""13"":2,""14"":1,""15"":6,""17"":1,""18"":3,""4"":1,""5"":4,""6"":6,""7"":3,""8"":7,""9"":7}}",127,4.9861163587911435,100,0.1,"{""10"":4,""3"":100,""4"":132,""5"":164,""6"":391,""7"":120,""8"":55,""9"":34}","{""10"":19,""11"":266,""12"":28,""13"":11,""14"":36,""15"":37,""16"":26,""17"":1,""18"":15,""19"":4,""20"":2,""21"":6,""24"":4,""25"":2,""3"":100,""4"":100,""5"":104,""6"":56,""7"":85,""8"":49,""9"":49}","{""Diagonal CMA-ES"":{""attempts"":306,""discoveries"":0,""improvements"":0,""insertions"":0,""insertion_rate"":0.0},""Immigrant"":{""attempts"":167,""discoveries"":0,""improvements"":0,""insertions"":0,""insertion_rate"":0.0},""Morphology"":{""attempts"":274,""discoveries"":1,""improvements"":3,""insertions"":4,""insertion_rate"":0.014598540145985401},""Novelty"":{""attempts"":253,""discoveries"":0,""improvements"":0,""insertions"":0,""insertion_rate"":0.0}}","{""Morphology"":184,""Novelty"":34}",1,0.8541666666666666,false,41000
42,205,206000,6.115393695000002,0.028829563,0.025948032,0.00105668,0.001824851,6.589366957,147.63048,43.04936,8701.847790837288,191,0.9947917,31,3.761083890669083,23,0.12041884816753927,"{""3"":23,""4"":14,""5"":42,""6"":81,""7"":19,""8"":8,""9"":4}","{""10"":2,""11"":48,""12"":3,""14"":2,""15"":11,""16"":3,""18"":6,""21"":2,""22"":1,""3"":23,""4"":14,""5"":17,""6"":3,""7"":27,""8"":16,""9"":13}",64,"{""count"":64,""unique_topologies"":64,""topology_entropy_bits"":6.0,""effective_topology_count"":64.0,""triangle_like_count"":0,""triangle_like_fraction"":0.0,""mean_nodes"":6.859375,""mean_muscles"":10.296875,""node_counts"":{""4"":4,""5"":2,""6"":19,""7"":18,""8"":16,""9"":5},""muscle_counts"":{""10"":7,""11"":4,""12"":12,""13"":2,""14"":1,""15"":6,""17"":1,""18"":3,""4"":1,""5"":4,""6"":6,""7"":3,""8"":7,""9"":7}}",128,5.394900670355725,101,0.101,"{""10"":15,""3"":101,""4"":154,""5"":178,""6"":298,""7"":143,""8"":75,""9"":36}","{""10"":19,""11"":141,""12"":39,""13"":9,""14"":31,""15"":48,""16"":31,""18"":42,""19"":7,""20"":3,""21"":11,""22"":2,""24"":4,""3"":101,""4"":111,""5"":109,""6"":71,""7"":95,""8"":64,""9"":62}","{""Diagonal CMA-ES"":{""attempts"":282,""discoveries"":0,""improvements"":0,""insertions"":0,""insertion_rate"":0.0},""Immigrant"":{""attempts"":155,""discoveries"":0,""improvements"":0,""insertions"":0,""insertion_rate"":0.0},""Morphology"":{""attempts"":291,""discoveries"":0,""improvements"":2,""insertions"":2,""insertion_rate"":0.006872852233676976},""Novelty"":{""attempts"":272,""discoveries"":0,""improvements"":0,""insertions"":0,""insertion_rate"":0.0}}","{""Morphology"":195,""Novelty"":35}",0,0.8541666666666666,false,42000
42,206,207000,6.143354170000002,0.027960475000000002,0.025304526,0.001024624,0.001631325,6.619532213,147.63048,43.04936,8701.847790837288,191,0.9947917,31,3.761083890669083,23,0.12041884816753927,"{""3"":23,""4"":14,""5"":42,""6"":81,""7"":19,""8"":8,""9"":4}","{""10"":2,""11"":48,""12"":3,""14"":2,""15"":11,""16"":3,""18"":6,""21"":2,""22"":1,""3"":23,""4"":14,""5"":17,""6"":3,""7"":27,""8"":16,""9"":13}",64,"{""count"":64,""unique_topologies"":64,""topology_entropy_bits"":6.0,""effective_topology_count"":64.0,""triangle_like_count"":0,""triangle_like_fraction"":0.0,""mean_nodes"":6.859375,""mean_muscles"":10.296875,""node_counts"":{""4"":4,""5"":2,""6"":19,""7"":18,""8"":16,""9"":5},""muscle_counts"":{""10"":7,""11"":4,""12"":12,""13"":2,""14"":1,""15"":6,""17"":1,""18"":3,""4"":1,""5"":4,""6"":6,""7"":3,""8"":7,""9"":7}}",125,5.363369492071866,108,0.108,"{""10"":7,""3"":108,""4"":142,""5"":151,""6"":268,""7"":183,""8"":104,""9"":37}","{""10"":16,""11"":123,""12"":86,""13"":6,""14"":29,""15"":44,""16"":25,""17"":2,""18"":76,""19"":9,""20"":5,""21"":10,""22"":1,""25"":1,""3"":108,""4"":110,""5"":94,""6"":51,""7"":90,""8"":62,""9"":52}","{""Diagonal CMA-ES"":{""attempts"":316,""discoveries"":0,""improvements"":0,""insertions"":0,""insertion_rate"":0.0},""Immigrant"":{""attempts"":164,""discoveries"":0,""improvements"":0,""insertions"":0,""insertion_rate"":0.0},""Morphology"":{""attempts"":286,""discoveries"":0,""improvements"":0,""insertions"":0,""insertion_rate"":0.0},""Novelty"":{""attempts"":234,""discoveries"":0,""improvements"":0,""insertions"":0,""insertion_rate"":0.0}}","{""Morphology"":200,""Novelty"":27}",0,0.8547169811320755,false,43000
42,207,208000,6.170406374000002,0.027052204,0.02448649,0.001078051,0.001487663,6.648708464,147.63048,43.04936,8716.872754216194,191,0.9947917,30,3.7242117318888224,23,0.12041884816753927,"{""3"":23,""4"":14,""5"":42,""6"":82,""7"":18,""8"":8,""9"":4}","{""10"":2,""11"":49,""12"":2,""14"":2,""15"":11,""16"":3,""18"":6,""21"":2,""22"":1,""3"":23,""4"":14,""5"":17,""6"":3,""7"":27,""8"":16,""9"":13}",64,"{""count"":64,""unique_topologies"":64,""topology_entropy_bits"":6.0,""effective_topology_count"":64.0,""triangle_like_count"":0,""triangle_like_fraction"":0.0,""mean_nodes"":6.859375,""mean_muscles"":10.296875,""node_counts"":{""4"":4,""5"":2,""6"":19,""7"":18,""8"":16,""9"":5},""muscle_counts"":{""10"":7,""11"":4,""12"":12,""13"":2,""14"":1,""15"":6,""17"":1,""18"":3,""4"":1,""5"":4,""6"":6,""7"":3,""8"":7,""9"":7}}",119,5.308087726701029,109,0.109,"{""10"":5,""3"":109,""4"":144,""5"":173,""6"":320,""7"":164,""8"":49,""9"":36}","{""10"":23,""11"":150,""12"":42,""13"":4,""14"":30,""15"":58,""16"":23,""17"":2,""18"":25,""19"":6,""20"":1,""21"":11,""22"":2,""24"":3,""25"":1,""3"":109,""4"":118,""5"":96,""6"":64,""7"":105,""8"":69,""9"":58}","{""Diagonal CMA-ES"":{""attempts"":292,""discoveries"":0,""improvements"":0,""insertions"":0,""insertion_rate"":0.0},""Immigrant"":{""attempts"":146,""discoveries"":0,""improvements"":0,""insertions"":0,""insertion_rate"":0.0},""Morphology"":{""attempts"":311,""discoveries"":0,""improvements"":2,""insertions"":2,""insertion_rate"":0.006430868167202572},""Novelty"":{""attempts"":251,""discoveries"":0,""improvements"":0,""insertions"":0,""insertion_rate"":0.0}}","{""Morphology"":204,""Novelty"":25}",0,0.8549905838041432,false,44000
42,208,209000,6.197763711000002,0.027357337,0.024897289,0.001017501,0.001442547,6.678046185,147.63048,43.293194,8728.927170872688,191,0.9947917,30,3.707472189621952,23,0.12041884816753927,"{""3"":23,""4"":15,""5"":42,""6"":81,""7"":18,""8"":8,""9"":4}","{""10"":2,""11"":49,""12"":2,""14"":2,""15"":11,""16"":3,""18"":6,""21"":2,""22"":1,""3"":23,""4"":15,""5"":17,""6"":3,""7"":26,""8"":16,""9"":13}",64,"{""count"":64,""unique_topologies"":64,""topology_entropy_bits"":6.0,""effective_topology_count"":64.0,""triangle_like_count"":0,""triangle_like_fraction"":0.0,""mean_nodes"":6.859375,""mean_muscles"":10.265625,""node_counts"":{""4"":4,""5"":2,""6"":19,""7"":18,""8"":16,""9"":5},""muscle_counts"":{""10"":7,""11"":4,""12"":12,""13"":3,""14"":1,""15"":5,""17"":1,""18"":3,""4"":1,""5"":4,""6"":6,""7"":3,""8"":7,""9"":7}}",123,5.2429967465697676,117,0.117,"{""10"":2,""3"":117,""4"":135,""5"":166,""6"":337,""7"":162,""8"":52,""9"":29}","{""10"":17,""11"":178,""12"":52,""13"":7,""14"":25,""15"":47,""16"":23,""17"":1,""18"":23,""19"":8,""20"":4,""21"":10,""22"":2,""24"":1,""25"":1,""3"":117,""4"":108,""5"":89,""6"":64,""7"":94,""8"":65,""9"":64}","{""Diagonal CMA-ES"":{""attempts"":308,""discoveries"":0,""improvements"":0,""insertions"":0,""insertion_rate"":0.0},""Immigrant"":{""attempts"":150,""discoveries"":0,""improvements"":0,""insertions"":0,""insertion_rate"":0.0},""Morphology"":{""attempts"":293,""discoveries"":1,""improvements"":3,""insertions"":4,""insertion_rate"":0.013651877133105802},""Novelty"":{""attempts"":249,""discoveries"":0,""improvements"":0,""insertions"":0,""insertion_rate"":0.0}}","{""Morphology"":182,""Novelty"":30}",1,0.8549905838041432,false,45000
42,209,210000,6.224597455000002,0.026833744,0.024380821,0.001005627,0.001447296,6.706817572,147.63048,43.293194,8740.010577321053,191,0.9947917,30,3.707472189621952,23,0.12041884816753927,"{""3"":23,""4"":15,""5"":42,""6"":81,""7"":18,""8"":8,""9"":4}","{""10"":2,""11"":49,""12"":2,""14"":2,""15"":11,""16"":3,""18"":6,""21"":2,""22"":1,""3"":23,""4"":15,""5"":17,""6"":3,""7"":26,""8"":16,""9"":13}",64,"{""count"":64,""unique_topologies"":64,""topology_entropy_bits"":6.0,""effective_topology_count"":64.0,""triangle_like_count"":0,""triangle_like_fraction"":0.0,""mean_nodes"":6.859375,""mean_muscles"":10.265625,""node_counts"":{""4"":4,""5"":2,""6"":19,""7"":18,""8"":16,""9"":5},""muscle_counts"":{""10"":7,""11"":4,""12"":12,""13"":3,""14"":1,""15"":5,""17"":1,""18"":3,""4"":1,""5"":4,""6"":6,""7"":3,""8"":7,""9"":7}}",114,5.267509727205576,105,0.105,"{""10"":2,""3"":105,""4"":142,""5"":182,""6"":327,""7"":152,""8"":53,""9"":37}","{""10"":19,""11"":150,""12"":32,""13"":9,""14"":36,""15"":63,""16"":28,""17"":1,""18"":27,""19"":4,""21"":11,""24"":5,""3"":105,""4"":108,""5"":107,""6"":61,""7"":109,""8"":68,""9"":57}","{""Diagonal CMA-ES"":{""attempts"":313,""discoveries"":0,""improvements"":0,""insertions"":0,""insertion_rate"":0.0},""Immigrant"":{""attempts"":139,""discoveries"":0,""improvements"":0,""insertions"":0,""insertion_rate"":0.0},""Morphology"":{""attempts"":311,""discoveries"":0,""improvements"":2,""insertions"":2,""insertion_rate"":0.006430868167202572},""Novelty"":{""attempts"":237,""discoveries"":0,""improvements"":0,""insertions"":0,""insertion_rate"":0.0}}","{""Morphology"":198,""Novelty"":29}",0,0.8549905838041432,false,46000
42,210,211000,6.252438014000003,0.027840559,0.025369826,0.001031748,0.001438985,6.736846291,147.63048,43.293194,8746.172730565071,191,0.9947917,30,3.702744296805078,23,0.12041884816753927,"{""3"":23,""4"":15,""5"":43,""6"":80,""7"":18,""8"":8,""9"":4}","{""10"":2,""11"":49,""12"":2,""14"":2,""15"":11,""16"":3,""18"":6,""21"":2,""22"":1,""3"":23,""4"":15,""5"":17,""6"":3,""7"":27,""8"":16,""9"":12}",64,"{""count"":64,""unique_topologies"":64,""topology_entropy_bits"":6.0,""effective_topology_count"":64.0,""triangle_like_count"":0,""triangle_like_fraction"":0.0,""mean_nodes"":6.859375,""mean_muscles"":10.265625,""node_counts"":{""4"":4,""5"":2,""6"":19,""7"":18,""8"":16,""9"":5},""muscle_counts"":{""10"":7,""11"":4,""12"":12,""13"":3,""14"":1,""15"":5,""17"":1,""18"":3,""4"":1,""5"":4,""6"":6,""7"":3,""8"":7,""9"":7}}",126,5.113184559272276,93,0.093,"{""10"":1,""3"":93,""4"":124,""5"":160,""6"":405,""7"":140,""8"":44,""9"":33}","{""10"":17,""11"":193,""12"":41,""13"":7,""14"":33,""15"":36,""16"":22,""17"":4,""18"":20,""19"":3,""20"":2,""21"":10,""22"":4,""24"":1,""25"":1,""3"":93,""4"":95,""5"":91,""6"":46,""7"":109,""8"":126,""9"":46}","{""Diagonal CMA-ES"":{""attempts"":317,""discoveries"":0,""improvements"":0,""insertions"":0,""insertion_rate"":0.0},""Immigrant"":{""attempts"":136,""discoveries"":0,""improvements"":0,""insertions"":0,""insertion_rate"":0.0},""Morphology"":{""attempts"":310,""discoveries"":0,""improvements"":2,""insertions"":2,""insertion_rate"":0.0064516129032258064},""Novelty"":{""attempts"":237,""discoveries"":0,""improvements"":0,""insertions"":0,""insertion_rate"":0.0}}","{""Morphology"":209,""Novelty"":39}",0,0.8549905838041432,false,47000
42,211,212000,6.2851677980000025,0.032729784,0.029247488,0.00112673,0.002355566,6.77204562,147.63048,43.293194,8747.853634953499,191,0.9947917,30,3.702744296805078,23,0.12041884816753927,"{""3"":23,""4"":15,""5"":43,""6"":80,""7"":18,""8"":8,""9"":4}","{""10"":2,""11"":49,""12"":2,""14"":2,""15"":11,""16"":3,""18"":6,""21"":2,""22"":1,""3"":23,""4"":15,""5"":17,""6"":3,""7"":27,""8"":16,""9"":12}",64,"{""count"":64,""unique_topologies"":64,""topology_entropy_bits"":6.0,""effective_topology_count"":64.0,""triangle_like_count"":0,""triangle_like_fraction"":0.0,""mean_nodes"":6.859375,""mean_muscles"":10.234375,""node_counts"":{""4"":4,""5"":2,""6"":19,""7"":18,""8"":16,""9"":5},""muscle_counts"":{""10"":7,""11"":4,""12"":12,""13"":4,""14"":1,""15"":4,""17"":1,""18"":3,""4"":1,""5"":4,""6"":6,""7"":3,""8"":7,""9"":7}}",134,5.2317971988715595,111,0.111,"{""10"":4,""3"":111,""4"":120,""5"":269,""6"":272,""7"":148,""8"":48,""9"":28}","{""10"":17,""11"":112,""12"":28,""13"":6,""14"":38,""15"":49,""16"":26,""17"":1,""18"":21,""19"":6,""20"":4,""21"":11,""22"":2,""24"":1,""29"":1,""3"":111,""4"":92,""5"":106,""6"":60,""7"":189,""8"":70,""9"":49}","{""Diagonal CMA-ES"":{""attempts"":305,""discoveries"":0,""improvements"":1,""insertions"":1,""insertion_rate"":0.003278688524590164},""Immigrant"":{""attempts"":143,""discoveries"":0,""improvements"":0,""insertions"":0,""insertion_rate"":0.0},""Morphology"":{""attempts"":290,""discoveries"":1,""improvements"":1,""insertions"":2,""insertion_rate"":0.006896551724137931},""Novelty"":{""attempts"":262,""discoveries"":0,""improvements"":0,""insertions"":0,""insertion_rate"":0.0}}","{""Morphology"":203,""Novelty"":30}",1,0.8552631578947368,false,48000
42,212,213000,6.313454775000002,0.028286976999999998,0.025952782,0.000996129,0.001338066,6.802571809,147.63048,43.293194,8769.226037144661,191,0.9947917,30,3.686478182803705,23,0.12041884816753927,"{""3"":23,""4"":14,""5"":42,""6"":82,""7"":18,""8"":8,""9"":4}","{""10"":2,""11"":51,""12"":2,""14"":2,""15"":11,""16"":3,""18"":6,""21"":2,""22"":1,""3"":23,""4"":14,""5"":17,""6"":3,""7"":26,""8"":16,""9"":12}",64,"{""count"":64,""unique_topologies"":64,""topology_entropy_bits"":6.0,""effective_topology_count"":64.0,""triangle_like_count"":0,""triangle_like_fraction"":0.0,""mean_nodes"":6.859375,""mean_muscles"":10.234375,""node_counts"":{""4"":4,""5"":2,""6"":19,""7"":18,""8"":16,""9"":5},""muscle_counts"":{""10"":7,""11"":4,""12"":12,""13"":4,""14"":1,""15"":4,""17"":1,""18"":3,""4"":1,""5"":4,""6"":6,""7"":3,""8"":7,""9"":7}}",126,5.112158642988118,124,0.124,"{""10"":2,""3"":124,""4"":150,""5"":219,""6"":296,""7"":122,""8"":56,""9"":31}","{""10"":16,""11"":168,""12"":38,""13"":8,""14"":24,""15"":46,""16"":20,""17"":4,""18"":30,""19"":4,""20"":1,""21"":6,""22"":3,""24"":2,""25"":1,""3"":124,""4"":109,""5"":160,""6"":60,""7"":84,""8"":48,""9"":44}","{""Diagonal CMA-ES"":{""attempts"":291,""discoveries"":0,""improvements"":0,""insertions"":0,""insertion_rate"":0.0},""Immigrant"":{""attempts"":164,""discoveries"":0,""improvements"":0,""insertions"":0,""insertion_rate"":0.0},""Morphology"":{""attempts"":302,""discoveries"":0,""improvements"":3,""insertions"":3,""insertion_rate"":0.009933774834437087},""Novelty"":{""attempts"":243,""discoveries"":0,""improvements"":0,""insertions"":0,""insertion_rate"":0.0}}","{""Morphology"":207,""Novelty"":26}",0,0.8552631578947368,false,49000
42,213,214000,6.340149608000002,0.026694832999999998,0.024423564,0.000974758,0.001296511,6.831225656,147.63048,43.293194,8769.226037144661,191,0.9947917,30,3.686478182803705,23,0.12041884816753927,"{""3"":23,""4"":14,""5"":42,""6"":82,""7"":18,""8"":8,""9"":4}","{""10"":2,""11"":51,""12"":2,""14"":2,""15"":11,""16"":3,""18"":6,""21"":2,""22"":1,""3"":23,""4"":14,""5"":17,""6"":3,""7"":26,""8"":16,""9"":12}",64,"{""count"":64,""unique_topologies"":64,""topology_entropy_bits"":6.0,""effective_topology_count"":64.0,""triangle_like_count"":0,""triangle_like_fraction"":0.0,""mean_nodes"":6.859375,""mean_muscles"":10.234375,""node_counts"":{""4"":4,""5"":2,""6"":19,""7"":18,""8"":16,""9"":5},""muscle_counts"":{""10"":7,""11"":4,""12"":12,""13"":4,""14"":1,""15"":4,""17"":1,""18"":3,""4"":1,""5"":4,""6"":6,""7"":3,""8"":7,""9"":7}}",133,4.9182756297117685,138,0.138,"{""10"":2,""3"":138,""4"":101,""5"":205,""6"":304,""7"":169,""8"":52,""9"":29}","{""10"":9,""11"":210,""12"":84,""13"":8,""14"":26,""15"":46,""16"":26,""17"":4,""18"":21,""19"":7,""20"":2,""21"":3,""24"":3,""3"":138,""4"":79,""5"":131,""6"":49,""7"":81,""8"":39,""9"":34}","{""Diagonal CMA-ES"":{""attempts"":310,""discoveries"":0,""improvements"":0,""insertions"":0,""insertion_rate"":0.0},""Immigrant"":{""attempts"":144,""discoveries"":0,""improvements"":0,""insertions"":0,""insertion_rate"":0.0},""Morphology"":{""attempts"":289,""discoveries"":0,""improvements"":0,""insertions"":0,""insertion_rate"":0.0},""Novelty"":{""attempts"":257,""discoveries"":0,""improvements"":0,""insertions"":0,""insertion_rate"":0.0}}","{""Morphology"":198,""Novelty"":38}",0,0.8552631578947368,false,50000
42,214,215000,6.366934675000001,0.026785067000000003,0.024562476,0.000986631,0.00123596,6.8599863580000005,147.63048,43.293194,8769.603755116463,191,0.9947917,30,3.686478182803705,23,0.12041884816753927,"{""3"":23,""4"":14,""5"":42,""6"":82,""7"":18,""8"":8,""9"":4}","{""10"":2,""11"":51,""12"":2,""14"":2,""15"":11,""16"":3,""18"":6,""21"":2,""22"":1,""3"":23,""4"":14,""5"":17,""6"":3,""7"":26,""8"":16,""9"":12}",64,"{""count"":64,""unique_topologies"":64,""topology_entropy_bits"":6.0,""effective_topology_count"":64.0,""triangle_like_count"":0,""triangle_like_fraction"":0.0,""mean_nodes"":6.859375,""mean_muscles"":10.234375,""node_counts"":{""4"":4,""5"":2,""6"":19,""7"":18,""8"":16,""9"":5},""muscle_counts"":{""10"":7,""11"":4,""12"":12,""13"":4,""14"":1,""15"":4,""17"":1,""18"":3,""4"":1,""5"":4,""6"":6,""7"":3,""8"":7,""9"":7}}",135,5.186771753362665,128,0.128,"{""10"":5,""3"":128,""4"":121,""5"":205,""6"":306,""7"":158,""8"":52,""9"":25}","{""10"":14,""11"":186,""12"":63,""13"":7,""14"":18,""15"":47,""16"":18,""17"":3,""18"":27,""19"":7,""20"":1,""21"":8,""22"":2,""24"":3,""25"":2,""3"":128,""4"":82,""5"":150,""6"":48,""7"":86,""8"":58,""9"":42}","{""Diagonal CMA-ES"":{""attempts"":297,""discoveries"":0,""improvements"":0,""insertions"":0,""insertion_rate"":0.0},""Immigrant"":{""attempts"":133,""discoveries"":0,""improvements"":0,""insertions"":0,""insertion_rate"":0.0},""Morphology"":{""attempts"":346,""discoveries"":0,""improvements"":1,""insertions"":1,""insertion_rate"":0.002890173410404624},""Novelty"":{""attempts"":224,""discoveries"":0,""improvements"":0,""insertions"":0,""insertion_rate"":0.0}}","{""Morphology"":227,""Novelty"":29}",0,0.8555347091932458,false,51000
42,215,216000,6.393602200000001,0.026667525,0.024497175,0.000962885,0.001207465,6.888620021,147.63048,43.293194,8783.340067982674,191,0.9947917,30,3.7102760044924303,23,0.12041884816753927,"{""3"":23,""4"":15,""5"":41,""6"":81,""7"":19,""8"":8,""9"":4}","{""10"":2,""11"":50,""12"":3,""14"":2,""15"":11,""16"":3,""18"":6,""21"":2,""22"":1,""3"":23,""4"":15,""5"":16,""6"":3,""7"":26,""8"":16,""9"":12}",64,"{""count"":64,""unique_topologies"":64,""topology_entropy_bits"":6.0,""effective_topology_count"":64.0,""triangle_like_count"":0,""triangle_like_fraction"":0.0,""mean_nodes"":6.875,""mean_muscles"":10.234375,""node_counts"":{""4"":4,""5"":2,""6"":18,""7"":19,""8"":16,""9"":5},""muscle_counts"":{""10"":7,""11"":4,""12"":12,""13"":4,""14"":1,""15"":4,""17"":1,""18"":3,""4"":1,""5"":4,""6"":6,""7"":3,""8"":7,""9"":7}}",132,5.020840823296642,145,0.145,"{""10"":2,""3"":145,""4"":119,""5"":206,""6"":309,""7"":147,""8"":46,""9"":26}","{""10"":22,""11"":179,""12"":40,""13"":4,""14"":21,""15"":49,""16"":18,""17"":1,""18"":20,""19"":11,""20"":2,""21"":9,""22"":2,""24"":2,""3"":145,""4"":89,""5"":131,""6"":45,""7"":104,""8"":59,""9"":47}","{""Diagonal CMA-ES"":{""attempts"":314,""discoveries"":0,""improvements"":0,""insertions"":0,""insertion_rate"":0.0},""Immigrant"":{""attempts"":153,""discoveries"":0,""improvements"":0,""insertions"":0,""insertion_rate"":0.0},""Morphology"":{""attempts"":286,""discoveries"":1,""improvements"":3,""insertions"":4,""insertion_rate"":0.013986013986013986},""Novelty"":{""attempts"":247,""discoveries"":0,""improvements"":0,""insertions"":0,""insertion_rate"":0.0}}","{""Morphology"":175,""Novelty"":22}",1,0.8555347091932458,false,52000
42,216,217000,6.421411890000001,0.02780969,0.025416131,0.001013938,0.001379621,6.918435029,147.63048,43.293194,8784.129862904549,191,0.9947917,30,3.7130916501124225,22,0.11518324607329843,"{""3"":22,""4"":15,""5"":42,""6"":81,""7"":19,""8"":8,""9"":4}","{""10"":2,""11"":50,""12"":3,""14"":2,""15"":11,""16"":3,""18"":6,""21"":2,""22"":1,""3"":22,""4"":15,""5"":17,""6"":3,""7"":26,""8"":16,""9"":12}",64,"{""count"":64,""unique_topologies"":64,""topology_entropy_bits"":6.0,""effective_topology_count"":64.0,""triangle_like_count"":0,""triangle_like_fraction"":0.0,""mean_nodes"":6.875,""mean_muscles"":10.234375,""node_counts"":{""4"":4,""5"":2,""6"":18,""7"":19,""8"":16,""9"":5},""muscle_counts"":{""10"":7,""11"":4,""12"":12,""13"":4,""14"":1,""15"":4,""17"":1,""18"":3,""4"":1,""5"":4,""6"":6,""7"":3,""8"":7,""9"":7}}",116,5.084169550648992,132,0.132,"{""10"":1,""3"":132,""4"":133,""5"":216,""6"":272,""7"":153,""8"":71,""9"":22}","{""10"":21,""11"":158,""12"":50,""13"":3,""14"":28,""15"":45,""16"":18,""18"":27,""19"":11,""20"":1,""21"":10,""22"":2,""24"":2,""25"":1,""3"":132,""4"":101,""5"":167,""6"":41,""7"":84,""8"":56,""9"":42}","{""Diagonal CMA-ES"":{""attempts"":292,""discoveries"":0,""improvements"":0,""insertions"":0,""insertion_rate"":0.0},""Immigrant"":{""attempts"":156,""discoveries"":0,""improvements"":0,""insertions"":0,""insertion_rate"":0.0},""Morphology"":{""attempts"":290,""discoveries"":0,""improvements"":2,""insertions"":2,""insertion_rate"":0.006896551724137931},""Novelty"":{""attempts"":262,""discoveries"":0,""improvements"":0,""insertions"":0,""insertion_rate"":0.0}}","{""Morphology"":208,""Novelty"":29}",0,0.8555347091932458,false,53000
42,217,218000,6.447403854000001,0.025991964000000003,0.023596029,0.001015126,0.001380809,6.946438246,147.63048,43.293194,8794.397691369057,191,0.9947917,29,3.692672097599909,22,0.11518324607329843,"{""3"":22,""4"":15,""5"":42,""6"":81,""7"":19,""8"":9,""9"":3}","{""10"":2,""11"":50,""12"":3,""14"":2,""15"":11,""16"":3,""18"":7,""21"":2,""3"":22,""4"":15,""5"":17,""6"":3,""7"":26,""8"":16,""9"":12}",64,"{""count"":64,""unique_topologies"":64,""topology_entropy_bits"":6.0,""effective_topology_count"":64.0,""triangle_like_count"":0,""triangle_like_fraction"":0.0,""mean_nodes"":6.875,""mean_muscles"":10.234375,""node_counts"":{""4"":4,""5"":2,""6"":18,""7"":19,""8"":16,""9"":5},""muscle_counts"":{""10"":7,""11"":4,""12"":12,""13"":4,""14"":1,""15"":4,""17"":1,""18"":3,""4"":1,""5"":4,""6"":6,""7"":3,""8"":7,""9"":7}}",140,5.3729726420406285,119,0.119,"{""10"":1,""3"":119,""4"":131,""5"":178,""6"":314,""7"":166,""8"":60,""9"":31}","{""10"":17,""11"":152,""12"":42,""13"":9,""14"":35,""15"":46,""16"":30,""17"":2,""18"":21,""19"":9,""20"":2,""21"":15,""22"":1,""3"":119,""4"":106,""5"":76,""6"":65,""7"":117,""8"":82,""9"":54}","{""Diagonal CMA-ES"":{""attempts"":315,""discoveries"":0,""improvements"":0,""insertions"":0,""insertion_rate"":0.0},""Immigrant"":{""attempts"":150,""discoveries"":0,""improvements"":0,""insertions"":0,""insertion_rate"":0.0},""Morphology"":{""attempts"":287,""discoveries"":0,""improvements"":3,""insertions"":3,""insertion_rate"":0.010452961672473868},""Novelty"":{""attempts"":248,""discoveries"":0,""improvements"":0,""insertions"":0,""insertion_rate"":0.0}}","{""Morphology"":198,""Novelty"":23}",0,0.8555347091932458,false,54000
42,218,219000,6.476869801000001,0.029465947,0.026737575,0.001091111,0.001637261,6.978164777,147.63048,43.293194,8803.257428765297,191,0.9947917,30,3.7179834423964357,22,0.11518324607329843,"{""3"":22,""4"":15,""5"":43,""6"":81,""7"":18,""8"":9,""9"":3}","{""10"":2,""11"":50,""12"":3,""14"":2,""15"":10,""16"":3,""18"":7,""21"":2,""3"":22,""4"":15,""5"":17,""6"":4,""7"":26,""8"":16,""9"":12}",64,"{""count"":64,""unique_topologies"":64,""topology_entropy_bits"":6.0,""effective_topology_count"":64.0,""triangle_like_count"":0,""triangle_like_fraction"":0.0,""mean_nodes"":6.875,""mean_muscles"":10.234375,""node_counts"":{""4"":4,""5"":2,""6"":18,""7"":19,""8"":16,""9"":5},""muscle_counts"":{""10"":7,""11"":4,""12"":12,""13"":4,""14"":1,""15"":4,""17"":1,""18"":3,""4"":1,""5"":4,""6"":6,""7"":3,""8"":7,""9"":7}}",127,5.306498863017088,122,0.122,"{""10"":4,""3"":122,""4"":132,""5"":194,""6"":308,""7"":147,""8"":66,""9"":27}","{""10"":20,""11"":144,""12"":36,""13"":10,""14"":25,""15"":55,""16"":30,""17"":2,""18"":24,""19"":5,""20"":2,""21"":15,""23"":1,""24"":4,""29"":1,""3"":122,""4"":104,""5"":98,""6"":71,""7"":106,""8"":67,""9"":58}","{""Diagonal CMA-ES"":{""attempts"":302,""discoveries"":0,""improvements"":0,""insertions"":0,""insertion_rate"":0.0},""Immigrant"":{""attempts"":169,""discoveries"":0,""improvements"":0,""insertions"":0,""insertion_rate"":0.0},""Morphology"":{""attempts"":295,""discoveries"":0,""improvements"":0,""insertions"":0,""insertion_rate"":0.0},""Novelty"":{""attempts"":234,""discoveries"":0,""improvements"":1,""insertions"":1,""insertion_rate"":0.004273504273504274}}","{""Morphology"":196,""Novelty"":26}",0,0.8558052434456929,false,55000
42,219,220000,6.507492159000001,0.030622358,0.028167061,0.001060242,0.001395055,7.010962236,147.63048,45.710583,8832.201932549477,191,0.9947917,30,3.7145677280240843,22,0.11518324607329843,"{""3"":22,""4"":15,""5"":44,""6"":80,""7"":18,""8"":9,""9"":3}","{""10"":2,""11"":50,""12"":3,""14"":2,""15"":10,""16"":3,""18"":7,""21"":2,""3"":22,""4"":15,""5"":18,""6"":4,""7"":26,""8"":16,""9"":11}",64,"{""count"":64,""unique_topologies"":64,""topology_entropy_bits"":6.0,""effective_topology_count"":64.0,""triangle_like_count"":0,""triangle_like_fraction"":0.0,""mean_nodes"":6.859375,""mean_muscles"":10.140625,""node_counts"":{""4"":4,""5"":2,""6"":18,""7"":19,""8"":17,""9"":4},""muscle_counts"":{""10"":7,""11"":4,""12"":13,""13"":4,""14"":1,""15"":4,""17"":1,""18"":2,""4"":1,""5"":4,""6"":6,""7"":3,""8"":7,""9"":7}}",139,5.389771086843307,110,0.11,"{""10"":2,""3"":110,""4"":141,""5"":180,""6"":334,""7"":144,""8"":56,""9"":33}","{""10"":16,""11"":159,""12"":48,""13"":4,""14"":25,""15"":41,""16"":30,""17"":2,""18"":18,""19"":7,""20"":1,""21"":14,""24"":4,""3"":110,""4"":107,""5"":94,""6"":71,""7"":111,""8"":79,""9"":59}","{""Diagonal CMA-ES"":{""attempts"":311,""discoveries"":0,""improvements"":1,""insertions"":1,""insertion_rate"":0.003215434083601286},""Immigrant"":{""attempts"":139,""discoveries"":0,""improvements"":0,""insertions"":0,""insertion_rate"":0.0},""Morphology"":{""attempts"":301,""discoveries"":1,""improvements"":1,""insertions"":2,""insertion_rate"":0.006644518272425249},""Novelty"":{""attempts"":249,""discoveries"":0,""improvements"":0,""insertions"":0,""insertion_rate"":0.0}}","{""Morphology"":198,""Novelty"":32}",1,0.8558052434456929,false,56000
42,220,221000,6.533959033,0.026466874,0.024102997,0.00104362,0.001320257,7.039496167,147.63048,45.710583,8832.201932549477,191,0.9947917,30,3.7145677280240843,22,0.11518324607329843,"{""3"":22,""4"":15,""5"":44,""6"":80,""7"":18,""8"":9,""9"":3}","{""10"":2,""11"":50,""12"":3,""14"":2,""15"":10,""16"":3,""18"":7,""21"":2,""3"":22,""4"":15,""5"":18,""6"":4,""7"":26,""8"":16,""9"":11}",64,"{""count"":64,""unique_topologies"":64,""topology_entropy_bits"":6.0,""effective_topology_count"":64.0,""triangle_like_count"":0,""triangle_like_fraction"":0.0,""mean_nodes"":6.859375,""mean_muscles"":10.140625,""node_counts"":{""4"":4,""5"":2,""6"":18,""7"":19,""8"":17,""9"":4},""muscle_counts"":{""10"":7,""11"":4,""12"":13,""13"":4,""14"":1,""15"":4,""17"":1,""18"":2,""4"":1,""5"":4,""6"":6,""7"":3,""8"":7,""9"":7}}",114,4.951126321751479,146,0.146,"{""10"":2,""3"":146,""4"":127,""5"":199,""6"":293,""7"":135,""8"":59,""9"":39}","{""10"":13,""11"":176,""12"":61,""13"":11,""14"":27,""15"":41,""16"":22,""17"":1,""18"":27,""19"":9,""21"":6,""22"":4,""24"":3,""3"":146,""4"":104,""5"":129,""6"":51,""7"":81,""8"":51,""9"":37}","{""Diagonal CMA-ES"":{""attempts"":314,""discoveries"":0,""improvements"":0,""insertions"":0,""insertion_rate"":0.0},""Immigrant"":{""attempts"":150,""discoveries"":0,""improvements"":0,""insertions"":0,""insertion_rate"":0.0},""Morphology"":{""attempts"":273,""discoveries"":0,""improvements"":2,""insertions"":2,""insertion_rate"":0.007326007326007326},""Novelty"":{""attempts"":263,""discoveries"":0,""improvements"":0,""insertions"":0,""insertion_rate"":0.0}}","{""Morphology"":179,""Novelty"":32}",0,0.8558052434456929,false,57000
42,221,222000,6.559928436000001,0.025969403,0.023681512,0.000959323,0.001328568,7.067508882,147.63048,45.710583,8832.201932549477,191,0.9947917,30,3.714567728024084,22,0.11518324607329843,"{""3"":22,""4"":15,""5"":44,""6"":80,""7"":18,""8"":9,""9"":3}","{""10"":2,""11"":50,""12"":3,""14"":2,""15"":10,""16"":3,""18"":7,""21"":2,""3"":22,""4"":15,""5"":18,""6"":4,""7"":26,""8"":16,""9"":11}",64,"{""count"":64,""unique_topologies"":64,""topology_entropy_bits"":6.0,""effective_topology_count"":64.0,""triangle_like_count"":0,""triangle_like_fraction"":0.0,""mean_nodes"":6.84375,""mean_muscles"":10.140625,""node_counts"":{""4"":4,""5"":2,""6"":18,""7"":19,""8"":18,""9"":3},""muscle_counts"":{""10"":7,""11"":4,""12"":13,""13"":4,""14"":1,""15"":4,""17"":1,""18"":2,""4"":1,""5"":4,""6"":6,""7"":3,""8"":7,""9"":7}}",135,5.145128678904654,136,0.136,"{""10"":3,""3"":136,""4"":140,""5"":195,""6"":306,""7"":137,""8"":52,""9"":31}","{""10"":15,""11"":178,""12"":44,""13"":8,""14"":28,""15"":41,""16"":24,""17"":2,""18"":18,""19"":8,""20"":4,""21"":10,""22"":1,""3"":136,""4"":106,""5"":135,""6"":53,""7"":80,""8"":67,""9"":42}","{""Diagonal CMA-ES"":{""attempts"":295,""discoveries"":0,""improvements"":0,""insertions"":0,""insertion_rate"":0.0},""Immigrant"":{""attempts"":147,""discoveries"":0,""improvements"":0,""insertions"":0,""insertion_rate"":0.0},""Morphology"":{""attempts"":282,""discoveries"":1,""improvements"":0,""insertions"":1,""insertion_rate"":0.0035460992907801418},""Novelty"":{""attempts"":276,""discoveries"":0,""improvements"":0,""insertions"":0,""insertion_rate"":0.0}}","{""Morphology"":188,""Novelty"":33}",1,0.8558052434456929,false,58000
42,222,223000,6.587260840000001,0.027332403999999998,0.025089629,0.000954574,0.001288201,7.096689882,147.63048,45.710583,8836.330964684486,191,0.9947917,30,3.722422415994687,22,0.11518324607329843,"{""3"":22,""4"":15,""5"":45,""6"":79,""7"":18,""8"":9,""9"":3}","{""10"":2,""11"":49,""12"":3,""14"":2,""15"":10,""16"":3,""18"":7,""21"":2,""3"":22,""4"":15,""5"":19,""6"":4,""7"":26,""8"":16,""9"":11}",64,"{""count"":64,""unique_topologies"":64,""topology_entropy_bits"":6.0,""effective_topology_count"":64.0,""triangle_like_count"":0,""triangle_like_fraction"":0.0,""mean_nodes"":6.84375,""mean_muscles"":10.140625,""node_counts"":{""4"":4,""5"":2,""6"":18,""7"":19,""8"":18,""9"":3},""muscle_counts"":{""10"":7,""11"":4,""12"":13,""13"":4,""14"":1,""15"":4,""17"":1,""18"":2,""4"":1,""5"":4,""6"":6,""7"":3,""8"":7,""9"":7}}",118,5.087558627203158,156,0.156,"{""3"":156,""4"":138,""5"":206,""6"":260,""7"":142,""8"":59,""9"":39}","{""10"":11,""11"":156,""12"":47,""13"":1,""14"":23,""15"":53,""16"":30,""18"":31,""19"":8,""20"":3,""21"":10,""22"":4,""24"":3,""25"":1,""3"":156,""4"":105,""5"":148,""6"":57,""7"":73,""8"":47,""9"":33}","{""Diagonal CMA-ES"":{""attempts"":291,""discoveries"":0,""improvements"":0,""insertions"":0,""insertion_rate"":0.0},""Immigrant"":{""attempts"":178,""discoveries"":0,""improvements"":0,""insertions"":0,""insertion_rate"":0.0},""Morphology"":{""attempts"":304,""discoveries"":0,""improvements"":2,""insertions"":2,""insertion_rate"":0.006578947368421052},""Novelty"":{""attempts"":227,""discoveries"":0,""improvements"":0,""insertions"":0,""insertion_rate"":0.0}}","{""Morphology"":198,""Novelty"":25}",0,0.8560747663551402,false,59000
42,223,224000,6.6148876880000005,0.027626848,0.025342519,0.000983069,0.00130126,7.12633867,147.63048,45.710583,8842.838094353676,191,0.9947917,30,3.684979450125241,22,0.11518324607329843,"{""3"":22,""4"":15,""5"":45,""6"":80,""7"":17,""8"":9,""9"":3}","{""10"":2,""11"":50,""12"":2,""14"":2,""15"":10,""16"":3,""18"":7,""21"":2,""3"":22,""4"":15,""5"":19,""6"":4,""7"":26,""8"":15,""9"":12}",64,"{""count"":64,""unique_topologies"":64,""topology_entropy_bits"":6.0,""effective_topology_count"":64.0,""triangle_like_count"":0,""triangle_like_fraction"":0.0,""mean_nodes"":6.84375,""mean_muscles"":10.140625,""node_counts"":{""4"":4,""5"":2,""6"":18,""7"":19,""8"":18,""9"":3},""muscle_counts"":{""10"":7,""11"":4,""12"":13,""13"":4,""14"":1,""15"":4,""17"":1,""18"":2,""4"":1,""5"":4,""6"":6,""7"":3,""8"":7,""9"":7}}",133,4.99544643296387,135,0.135,"{""10"":2,""3"":135,""4"":116,""5"":199,""6"":343,""7"":124,""8"":58,""9"":23}","{""10"":10,""11"":210,""12"":55,""13"":4,""14"":13,""15"":43,""16"":21,""18"":26,""19"":6,""20"":3,""21"":10,""22"":1,""24"":1,""25"":1,""3"":135,""4"":81,""5"":165,""6"":58,""7"":67,""8"":47,""9"":43}","{""Diagonal CMA-ES"":{""attempts"":310,""discoveries"":0,""improvements"":0,""insertions"":0,""insertion_rate"":0.0},""Immigrant"":{""attempts"":148,""discoveries"":0,""improvements"":0,""insertions"":0,""insertion_rate"":0.0},""Morphology"":{""attempts"":296,""discoveries"":0,""improvements"":3,""insertions"":3,""insertion_rate"":0.010135135135135136},""Novelty"":{""attempts"":246,""discoveries"":0,""improvements"":0,""insertions"":0,""insertion_rate"":0.0}}","{""Morphology"":202,""Novelty"":35}",0,0.8560747663551402,false,60000
42,224,225000,6.641094549000001,0.026206861,0.023800241,0.000968822,0.001437798,7.154395315,147.63048,45.710583,8842.838094353676,191,0.9947917,30,3.6849794501252413,22,0.11518324607329843,"{""3"":22,""4"":15,""5"":45,""6"":80,""7"":17,""8"":9,""9"":3}","{""10"":2,""11"":50,""12"":2,""14"":2,""15"":10,""16"":3,""18"":7,""21"":2,""3"":22,""4"":15,""5"":19,""6"":4,""7"":26,""8"":15,""9"":12}",64,"{""count"":64,""unique_topologies"":64,""topology_entropy_bits"":6.0,""effective_topology_count"":64.0,""triangle_like_count"":0,""triangle_like_fraction"":0.0,""mean_nodes"":6.84375,""mean_muscles"":10.140625,""node_counts"":{""4"":4,""5"":2,""6"":18,""7"":19,""8"":18,""9"":3},""muscle_counts"":{""10"":7,""11"":4,""12"":13,""13"":4,""14"":1,""15"":4,""17"":1,""18"":2,""4"":1,""5"":4,""6"":6,""7"":3,""8"":7,""9"":7}}",131,5.07924547168772,148,0.148,"{""10"":1,""3"":148,""4"":129,""5"":206,""6"":289,""7"":139,""8"":67,""9"":21}","{""10"":9,""11"":159,""12"":49,""13"":7,""14"":31,""15"":42,""16"":15,""17"":4,""18"":34,""19"":3,""20"":4,""21"":11,""3"":148,""4"":104,""5"":132,""6"":59,""7"":79,""8"":47,""9"":63}","{""Diagonal CMA-ES"":{""attempts"":291,""discoveries"":0,""improvements"":0,""insertions"":0,""insertion_rate"":0.0},""Immigrant"":{""attempts"":133,""discoveries"":0,""improvements"":0,""insertions"":0,""insertion_rate"":0.0},""Morphology"":{""attempts"":307,""discoveries"":0,""improvements"":0,""insertions"":0,""insertion_rate"":0.0},""Novelty"":{""attempts"":269,""discoveries"":0,""improvements"":0,""insertions"":0,""insertion_rate"":0.0}}","{""Morphology"":196,""Novelty"":37}",0,0.8563432835820896,false,61000
42,225,226000,6.667458132000001,0.026363583,0.024003268,0.000994942,0.001365373,7.182849701,147.63048,45.710583,8843.784215569496,191,0.9947917,30,3.6849794501252413,22,0.11518324607329843,"{""3"":22,""4"":15,""5"":45,""6"":80,""7"":17,""8"":9,""9"":3}","{""10"":2,""11"":50,""12"":2,""14"":2,""15"":10,""16"":3,""18"":7,""21"":2,""3"":22,""4"":15,""5"":19,""6"":4,""7"":26,""8"":15,""9"":12}",64,"{""count"":64,""unique_topologies"":64,""topology_entropy_bits"":6.0,""effective_topology_count"":64.0,""triangle_like_count"":0,""triangle_like_fraction"":0.0,""mean_nodes"":6.84375,""mean_muscles"":10.140625,""node_counts"":{""4"":4,""5"":2,""6"":18,""7"":19,""8"":18,""9"":3},""muscle_counts"":{""10"":7,""11"":4,""12"":13,""13"":4,""14"":1,""15"":4,""17"":1,""18"":2,""4"":1,""5"":4,""6"":6,""7"":3,""8"":7,""9"":7}}",126,5.245003885901552,110,0.11,"{""10"":3,""3"":110,""4"":142,""5"":164,""6"":347,""7"":153,""8"":49,""9"":32}","{""10"":20,""11"":187,""12"":52,""13"":8,""14"":26,""15"":42,""16"":26,""18"":16,""19"":6,""20"":1,""21"":15,""22"":5,""3"":110,""4"":108,""5"":98,""6"":61,""7"":102,""8"":65,""9"":52}","{""Diagonal CMA-ES"":{""attempts"":283,""discoveries"":0,""improvements"":0,""insertions"":0,""insertion_rate"":0.0},""Immigrant"":{""attempts"":144,""discoveries"":0,""improvements"":0,""insertions"":0,""insertion_rate"":0.0},""Morphology"":{""attempts"":308,""discoveries"":0,""improvements"":1,""insertions"":1,""insertion_rate"":0.003246753246753247},""Novelty"":{""attempts"":265,""discoveries"":0,""improvements"":0,""insertions"":0,""insertion_rate"":0.0}}","{""Morphology"":211,""Novelty"":28}",0,0.8563432835820896,false,62000
42,226,227000,6.696427797000001,0.028969665,0.026471625,0.001012751,0.001485289,7.213949349,147.63048,45.710583,8843.784215569496,191,0.9947917,30,3.684979450125241,22,0.11518324607329843,"{""3"":22,""4"":15,""5"":45,""6"":80,""7"":17,""8"":9,""9"":3}","{""10"":2,""11"":50,""12"":2,""14"":2,""15"":10,""16"":3,""18"":7,""21"":2,""3"":22,""4"":15,""5"":19,""6"":4,""7"":26,""8"":15,""9"":12}",64,"{""count"":64,""unique_topologies"":64,""topology_entropy_bits"":6.0,""effective_topology_count"":64.0,""triangle_like_count"":0,""triangle_like_fraction"":0.0,""mean_nodes"":6.84375,""mean_muscles"":10.140625,""node_counts"":{""4"":4,""5"":2,""6"":18,""7"":19,""8"":18,""9"":3},""muscle_counts"":{""10"":7,""11"":4,""12"":13,""13"":4,""14"":1,""15"":4,""17"":1,""18"":2,""4"":1,""5"":4,""6"":6,""7"":3,""8"":7,""9"":7}}",141,5.254459788625641,116,0.116,"{""10"":3,""3"":116,""4"":130,""5"":174,""6"":356,""7"":134,""8"":58,""9"":29}","{""10"":17,""11"":194,""12"":33,""13"":6,""14"":29,""15"":43,""16"":25,""17"":2,""18"":19,""19"":7,""20"":3,""21"":12,""22"":1,""24"":1,""28"":1,""3"":116,""4"":103,""5"":93,""6"":74,""7"":95,""8"":67,""9"":59}","{""Diagonal CMA-ES"":{""attempts"":301,""discoveries"":0,""improvements"":0,""insertions"":0,""insertion_rate"":0.0},""Immigrant"":{""attempts"":154,""discoveries"":0,""improvements"":0,""insertions"":0,""insertion_rate"":0.0},""Morphology"":{""attempts"":297,""discoveries"":0,""improvements"":1,""insertions"":1,""insertion_rate"":0.003367003367003367},""Novelty"":{""attempts"":248,""discoveries"":0,""improvements"":1,""insertions"":1,""insertion_rate"":0.004032258064516129}}","{""Morphology"":200,""Novelty"":30}",0,0.8563432835820896,false,63000
42,227,228000,6.723551240000001,0.027123443,0.024721573,0.001042433,0.001359437,7.243206337,147.63048,45.710583,8847.228019356728,191,0.9947917,30,3.687595753556055,22,0.11518324607329843,"{""3"":22,""4"":16,""5"":44,""6"":80,""7"":17,""8"":9,""9"":3}","{""10"":2,""11"":50,""12"":2,""14"":2,""15"":10,""16"":3,""18"":7,""21"":2,""3"":22,""4"":16,""5"":19,""6"":4,""7"":25,""8"":15,""9"":12}",64,"{""count"":64,""unique_topologies"":64,""topology_entropy_bits"":6.0,""effective_topology_count"":64.0,""triangle_like_count"":0,""triangle_like_fraction"":0.0,""mean_nodes"":6.84375,""mean_muscles"":10.140625,""node_counts"":{""4"":4,""5"":2,""6"":18,""7"":19,""8"":18,""9"":3},""muscle_counts"":{""10"":7,""11"":4,""12"":13,""13"":4,""14"":1,""15"":4,""17"":1,""18"":2,""4"":1,""5"":4,""6"":6,""7"":3,""8"":7,""9"":7}}",136,5.287523822052677,107,0.107,"{""10"":1,""3"":107,""4"":145,""5"":166,""6"":341,""7"":153,""8"":55,""9"":32}","{""10"":22,""11"":186,""12"":42,""13"":4,""14"":30,""15"":40,""16"":26,""17"":2,""18"":22,""19"":7,""20"":2,""21"":12,""22"":2,""24"":3,""3"":107,""4"":110,""5"":101,""6"":60,""7"":94,""8"":62,""9"":66}","{""Diagonal CMA-ES"":{""attempts"":287,""discoveries"":0,""improvements"":1,""insertions"":1,""insertion_rate"":0.003484320557491289},""Immigrant"":{""attempts"":160,""discoveries"":0,""improvements"":0,""insertions"":0,""insertion_rate"":0.0},""Morphology"":{""attempts"":287,""discoveries"":0,""improvements"":0,""insertions"":0,""insertion_rate"":0.0},""Novelty"":{""attempts"":266,""discoveries"":0,""improvements"":0,""insertions"":0,""insertion_rate"":0.0}}","{""Morphology"":197,""Novelty"":38}",0,0.8563432835820896,false,64000
42,228,229000,6.753467169000001,0.029915929,0.027249295,0.001037684,0.00162895,7.2776232499999995,147.63048,45.710583,8853.902682900429,191,0.9947917,30,3.7101985788174554,22,0.11518324607329843,"{""3"":22,""4"":16,""5"":44,""6"":79,""7"":18,""8"":9,""9"":3}","{""10"":2,""11"":49,""12"":3,""14"":2,""15"":10,""16"":3,""18"":7,""21"":2,""3"":22,""4"":16,""5"":19,""6"":4,""7"":25,""8"":15,""9"":12}",64,"{""count"":64,""unique_topologies"":64,""topology_entropy_bits"":6.0,""effective_topology_count"":64.0,""triangle_like_count"":0,""triangle_like_fraction"":0.0,""mean_nodes"":6.84375,""mean_muscles"":10.140625,""node_counts"":{""4"":4,""5"":2,""6"":18,""7"":19,""8"":18,""9"":3},""muscle_counts"":{""10"":7,""11"":4,""12"":13,""13"":4,""14"":1,""15"":4,""17"":1,""18"":2,""4"":1,""5"":4,""6"":6,""7"":3,""8"":7,""9"":7}}",124,4.935335287851545,130,0.13,"{""10"":1,""3"":130,""4"":138,""5"":192,""6"":326,""7"":141,""8"":53,""9"":19}","{""10"":12,""11"":209,""12"":60,""13"":3,""14"":18,""15"":46,""16"":19,""17"":1,""18"":23,""19"":8,""20"":1,""21"":4,""24"":3,""25"":2,""3"":130,""4"":102,""5"":152,""6"":47,""7"":72,""8"":45,""9"":43}","{""Diagonal CMA-ES"":{""attempts"":314,""discoveries"":0,""improvements"":0,""insertions"":0,""insertion_rate"":0.0},""Immigrant"":{""attempts"":156,""discoveries"":0,""improvements"":0,""insertions"":0,""insertion_rate"":0.0},""Morphology"":{""attempts"":282,""discoveries"":0,""improvements"":2,""insertions"":2,""insertion_rate"":0.0070921985815602835},""Novelty"":{""attempts"":248,""discoveries"":0,""improvements"":0,""insertions"":0,""insertion_rate"":0.0}}","{""Morphology"":189,""Novelty"":26}",0,0.8563432835820896,false,65000
42,229,230000,6.781792141000001,0.028324972,0.025801999,0.001045995,0.001476978,7.308016466,147.63048,45.710583,8862.19690668583,191,0.9947917,30,3.7101985788174554,22,0.11518324607329843,"{""3"":22,""4"":16,""5"":44,""6"":79,""7"":18,""8"":9,""9"":3}","{""10"":2,""11"":49,""12"":3,""14"":2,""15"":10,""16"":3,""18"":7,""21"":2,""3"":22,""4"":16,""5"":19,""6"":4,""7"":25,""8"":15,""9"":12}",64,"{""count"":64,""unique_topologies"":64,""topology_entropy_bits"":6.0,""effective_topology_count"":64.0,""triangle_like_count"":0,""triangle_like_fraction"":0.0,""mean_nodes"":6.890625,""mean_muscles"":10.171875,""node_counts"":{""4"":4,""5"":2,""6"":17,""7"":19,""8"":18,""9"":4},""muscle_counts"":{""10"":8,""11"":4,""12"":13,""13"":4,""14"":1,""15"":4,""17"":1,""18"":2,""4"":1,""5"":4,""6"":6,""7"":3,""8"":6,""9"":7}}",145,5.1960243757928835,137,0.137,"{""10"":5,""3"":137,""4"":135,""5"":206,""6"":293,""7"":149,""8"":48,""9"":27}","{""10"":15,""11"":163,""12"":50,""13"":3,""14"":21,""15"":53,""16"":21,""17"":1,""18"":26,""19"":8,""20"":2,""21"":8,""22"":2,""24"":2,""3"":137,""4"":95,""5"":150,""6"":57,""7"":84,""8"":48,""9"":54}","{""Diagonal CMA-ES"":{""attempts"":297,""discoveries"":0,""improvements"":0,""insertions"":0,""insertion_rate"":0.0},""Immigrant"":{""attempts"":138,""discoveries"":0,""improvements"":0,""insertions"":0,""insertion_rate"":0.0},""Morphology"":{""attempts"":316,""discoveries"":1,""improvements"":3,""insertions"":4,""insertion_rate"":0.012658227848101266},""Novelty"":{""attempts"":249,""discoveries"":0,""improvements"":0,""insertions"":0,""insertion_rate"":0.0}}","{""Morphology"":207,""Novelty"":35}",1,0.8563432835820896,false,66000
42,230,231000,6.809667133000001,0.027874991999999998,0.025564543,0.00099138,0.001319069,7.337897964,147.63048,45.710583,8912.071410775185,191,0.9947917,30,3.706879001047982,23,0.12041884816753927,"{""3"":23,""4"":15,""5"":44,""6"":79,""7"":18,""8"":9,""9"":3}","{""10"":2,""11"":49,""12"":3,""14"":2,""15"":10,""16"":3,""18"":7,""21"":2,""3"":23,""4"":15,""5"":19,""6"":4,""7"":25,""8"":15,""9"":12}",64,"{""count"":64,""unique_topologies"":64,""topology_entropy_bits"":6.0,""effective_topology_count"":64.0,""triangle_like_count"":0,""triangle_like_fraction"":0.0,""mean_nodes"":6.9375,""mean_muscles"":10.1875,""node_counts"":{""10"":1,""4"":4,""5"":2,""6"":17,""7"":18,""8"":18,""9"":4},""muscle_counts"":{""10"":7,""11"":5,""12"":13,""13"":4,""14"":1,""15"":4,""17"":1,""18"":2,""4"":1,""5"":4,""6"":6,""7"":3,""8"":6,""9"":7}}",124,5.104667578541222,132,0.132,"{""10"":18,""3"":132,""4"":143,""5"":195,""6"":294,""7"":143,""8"":44,""9"":31}","{""10"":25,""11"":180,""12"":50,""13"":2,""14"":19,""15"":50,""16"":23,""17"":2,""18"":23,""19"":5,""21"":8,""22"":4,""25"":1,""3"":132,""4"":115,""5"":131,""6"":62,""7"":75,""8"":52,""9"":41}","{""Diagonal CMA-ES"":{""attempts"":279,""discoveries"":0,""improvements"":0,""insertions"":0,""insertion_rate"":0.0},""Immigrant"":{""attempts"":149,""discoveries"":0,""improvements"":0,""insertions"":0,""insertion_rate"":0.0},""Morphology"":{""attempts"":314,""discoveries"":1,""improvements"":5,""insertions"":6,""insertion_rate"":0.01910828025477707},""Novelty"":{""attempts"":258,""discoveries"":0,""improvements"":0,""insertions"":0,""insertion_rate"":0.0}}","{""Morphology"":204,""Novelty"":22}",1,0.8563432835820896,false,67000
42,231,232000,6.836719339000001,0.027052206,0.024687142,0.000980694,0.00138437,7.366956675,147.63048,45.710583,8914.046252846718,191,0.9947917,30,3.706879001047982,23,0.12041884816753927,"{""3"":23,""4"":15,""5"":44,""6"":79,""7"":18,""8"":9,""9"":3}","{""10"":2,""11"":49,""12"":3,""14"":2,""15"":10,""16"":3,""18"":7,""21"":2,""3"":23,""4"":15,""5"":19,""6"":4,""7"":25,""8"":15,""9"":12}",64,"{""count"":64,""unique_topologies"":64,""topology_entropy_bits"":6.0,""effective_topology_count"":64.0,""triangle_like_count"":0,""triangle_like_fraction"":0.0,""mean_nodes"":6.9375,""mean_muscles"":10.1875,""node_counts"":{""10"":1,""4"":4,""5"":2,""6"":17,""7"":18,""8"":18,""9"":4},""muscle_counts"":{""10"":7,""11"":5,""12"":13,""13"":4,""14"":1,""15"":4,""17"":1,""18"":2,""4"":1,""5"":4,""6"":6,""7"":3,""8"":6,""9"":7}}",129,4.911677914879556,145,0.145,"{""10"":13,""11"":12,""3"":145,""4"":140,""5"":166,""6"":322,""7"":135,""8"":45,""9"":22}","{""10"":14,""11"":231,""12"":49,""13"":8,""14"":19,""15"":45,""16"":17,""17"":1,""18"":24,""19"":9,""20"":2,""21"":7,""22"":2,""24"":2,""25"":2,""3"":145,""4"":109,""5"":118,""6"":47,""7"":69,""8"":39,""9"":41}","{""Diagonal CMA-ES"":{""attempts"":285,""discoveries"":0,""improvements"":0,""insertions"":0,""insertion_rate"":0.0},""Immigrant"":{""attempts"":144,""discoveries"":0,""improvements"":0,""insertions"":0,""insertion_rate"":0.0},""Morphology"":{""attempts"":311,""discoveries"":0,""improvements"":2,""insertions"":2,""insertion_rate"":0.006430868167202572},""Novelty"":{""attempts"":260,""discoveries"":0,""improvements"":0,""insertions"":0,""insertion_rate"":0.0}}","{""Morphology"":204,""Novelty"":49}",0,0.8563432835820896,false,68000
42,232,233000,6.864426925000001,0.027707586,0.025195299,0.000981882,0.001530405,7.396591219,147.63048,45.710583,8914.405112862587,191,0.9947917,31,3.7321903458445087,23,0.12041884816753927,"{""10"":1,""3"":23,""4"":15,""5"":44,""6"":78,""7"":18,""8"":9,""9"":3}","{""10"":2,""11"":50,""12"":3,""14"":2,""15"":10,""16"":3,""18"":7,""21"":2,""3"":23,""4"":15,""5"":19,""6"":4,""7"":25,""8"":15,""9"":11}",64,"{""count"":64,""unique_topologies"":64,""topology_entropy_bits"":6.0,""effective_topology_count"":64.0,""triangle_like_count"":0,""triangle_like_fraction"":0.0,""mean_nodes"":6.890625,""mean_muscles"":10.171875,""node_counts"":{""4"":4,""5"":2,""6"":17,""7"":19,""8"":18,""9"":4},""muscle_counts"":{""10"":6,""11"":4,""12"":14,""13"":4,""14"":1,""15"":4,""17"":1,""18"":2,""4"":1,""5"":4,""6"":6,""7"":3,""8"":7,""9"":7}}",123,5.122266565788606,149,0.149,"{""10"":17,""11"":13,""3"":149,""4"":142,""5"":192,""6"":274,""7"":144,""8"":48,""9"":21}","{""10"":13,""11"":181,""12"":69,""13"":8,""14"":19,""15"":47,""16"":20,""17"":1,""18"":28,""19"":2,""20"":2,""21"":7,""22"":1,""24"":2,""25"":1,""3"":149,""4"":108,""5"":140,""6"":51,""7"":76,""8"":39,""9"":36}","{""Diagonal CMA-ES"":{""attempts"":287,""discoveries"":0,""improvements"":0,""insertions"":0,""insertion_rate"":0.0},""Immigrant"":{""attempts"":164,""discoveries"":0,""improvements"":0,""insertions"":0,""insertion_rate"":0.0},""Morphology"":{""attempts"":310,""discoveries"":2,""improvements"":3,""insertions"":5,""insertion_rate"":0.016129032258064516},""Novelty"":{""attempts"":239,""discoveries"":0,""improvements"":0,""insertions"":0,""insertion_rate"":0.0}}","{""Morphology"":213,""Novelty"":27}",2,0.8566108007448789,false,69000
42,233,234000,6.891914864000001,0.027487939,0.025140683,0.001034122,0.001313134,7.426204391,147.63048,45.710583,8939.981164574623,191,0.9947917,31,3.758591300436287,23,0.12041884816753927,"{""10"":1,""3"":23,""4"":15,""5"":45,""6"":77,""7"":18,""8"":9,""9"":3}","{""10"":2,""11"":49,""12"":3,""14"":2,""15"":10,""16"":3,""18"":7,""21"":2,""3"":23,""4"":15,""5"":19,""6"":5,""7"":25,""8"":15,""9"":11}",64,"{""count"":64,""unique_topologies"":64,""topology_entropy_bits"":6.0,""effective_topology_count"":64.0,""triangle_like_count"":0,""triangle_like_fraction"":0.0,""mean_nodes"":6.890625,""mean_muscles"":10.234375,""node_counts"":{""4"":4,""5"":2,""6"":17,""7"":19,""8"":18,""9"":4},""muscle_counts"":{""10"":6,""11"":4,""12"":13,""13"":4,""14"":1,""15"":4,""16"":1,""17"":1,""18"":2,""4"":1,""5"":4,""6"":6,""7"":3,""8"":7,""9"":7}}",124,5.266949313242404,110,0.11,"{""10"":1,""3"":110,""4"":160,""5"":157,""6"":329,""7"":152,""8"":64,""9"":27}","{""10"":24,""11"":177,""12"":52,""13"":5,""14"":20,""15"":42,""16"":31,""17"":3,""18"":18,""19"":5,""20"":1,""21"":14,""22"":3,""24"":1,""25"":1,""3"":110,""4"":116,""5"":101,""6"":62,""7"":88,""8"":64,""9"":62}","{""Diagonal CMA-ES"":{""attempts"":315,""discoveries"":0,""improvements"":1,""insertions"":1,""insertion_rate"":0.0031746031746031746},""Immigrant"":{""attempts"":159,""discoveries"":0,""improvements"":0,""insertions"":0,""insertion_rate"":0.0},""Morphology"":{""attempts"":289,""discoveries"":1,""improvements"":2,""insertions"":3,""insertion_rate"":0.010380622837370242},""Novelty"":{""attempts"":237,""discoveries"":0,""improvements"":0,""insertions"":0,""insertion_rate"":0.0}}","{""Morphology"":203,""Novelty"":27}",1,0.8568773234200744,false,70000
42,234,235000,6.919384992000001,0.027470128,0.025228542,0.000981881,0.001259705,7.45550887,147.63048,45.710583,8939.981164574623,191,0.9947917,31,3.758591300436288,23,0.12041884816753927,"{""10"":1,""3"":23,""4"":15,""5"":45,""6"":77,""7"":18,""8"":9,""9"":3}","{""10"":2,""11"":49,""12"":3,""14"":2,""15"":10,""16"":3,""18"":7,""21"":2,""3"":23,""4"":15,""5"":19,""6"":5,""7"":25,""8"":15,""9"":11}",64,"{""count"":64,""unique_topologies"":64,""topology_entropy_bits"":6.0,""effective_topology_count"":64.0,""triangle_like_count"":0,""triangle_like_fraction"":0.0,""mean_nodes"":6.90625,""mean_muscles"":10.1875,""node_counts"":{""4"":4,""5"":2,""6"":17,""7"":18,""8"":19,""9"":4},""muscle_counts"":{""10"":6,""11"":4,""12"":13,""13"":5,""14"":1,""15"":4,""17"":1,""18"":2,""4"":1,""5"":4,""6"":6,""7"":3,""8"":7,""9"":7}}",139,5.163018033079941,152,0.152,"{""10"":1,""3"":152,""4"":141,""5"":204,""6"":268,""7"":142,""8"":71,""9"":21}","{""10"":13,""11"":156,""12"":43,""13"":8,""14"":22,""15"":41,""16"":24,""17"":9,""18"":24,""19"":8,""20"":5,""21"":14,""22"":2,""24"":3,""3"":152,""4"":100,""5"":149,""6"":59,""7"":73,""8"":50,""9"":45}","{""Diagonal CMA-ES"":{""attempts"":310,""discoveries"":0,""improvements"":0,""insertions"":0,""insertion_rate"":0.0},""Immigrant"":{""attempts"":172,""discoveries"":0,""improvements"":0,""insertions"":0,""insertion_rate"":0.0},""Morphology"":{""attempts"":294,""discoveries"":1,""improvements"":0,""insertions"":1,""insertion_rate"":0.003401360544217687},""Novelty"":{""attempts"":224,""discoveries"":0,""improvements"":0,""insertions"":0,""insertion_rate"":0.0}}","{""Morphology"":215,""Novelty"":32}",1,0.8568773234200744,false,71000
42,235,236000,6.946172433000001,0.026787441,0.024561289,0.000964072,0.00126208,7.484163906,147.63048,45.710583,8939.981164574623,191,0.9947917,31,3.7585913004362874,23,0.12041884816753927,"{""10"":1,""3"":23,""4"":15,""5"":45,""6"":77,""7"":18,""8"":9,""9"":3}","{""10"":2,""11"":49,""12"":3,""14"":2,""15"":10,""16"":3,""18"":7,""21"":2,""3"":23,""4"":15,""5"":19,""6"":5,""7"":25,""8"":15,""9"":11}",64,"{""count"":64,""unique_topologies"":64,""topology_entropy_bits"":6.0,""effective_topology_count"":64.0,""triangle_like_count"":0,""triangle_like_fraction"":0.0,""mean_nodes"":6.921875,""mean_muscles"":10.234375,""node_counts"":{""4"":4,""5"":2,""6"":17,""7"":18,""8"":18,""9"":5},""muscle_counts"":{""10"":6,""11"":4,""12"":13,""13"":4,""14"":1,""15"":4,""16"":1,""17"":1,""18"":2,""4"":1,""5"":4,""6"":6,""7"":3,""8"":7,""9"":7}}",127,5.1933478534746484,130,0.13,"{""10"":1,""3"":130,""4"":135,""5"":202,""6"":286,""7"":140,""8"":71,""9"":35}","{""10"":9,""11"":165,""12"":50,""13"":11,""14"":36,""15"":39,""16"":32,""17"":4,""18"":30,""19"":5,""20"":2,""21"":9,""22"":1,""24"":1,""3"":130,""4"":104,""5"":141,""6"":63,""7"":68,""8"":48,""9"":52}","{""Diagonal CMA-ES"":{""attempts"":296,""discoveries"":0,""improvements"":0,""insertions"":0,""insertion_rate"":0.0},""Immigrant"":{""attempts"":153,""discoveries"":0,""improvements"":0,""insertions"":0,""insertion_rate"":0.0},""Morphology"":{""attempts"":300,""discoveries"":1,""improvements"":0,""insertions"":1,""insertion_rate"":0.0033333333333333335},""Novelty"":{""attempts"":251,""discoveries"":0,""improvements"":0,""insertions"":0,""insertion_rate"":0.0}}","{""Morphology"":207,""Novelty"":33}",1,0.8555555555555555,false,72000
42,236,237000,6.973133218000001,0.026960785,0.024804683,0.000961697,0.001194405,7.513162066,153.23654,45.710583,8945.587228417397,191,0.9947917,31,3.758591300436287,23,0.12041884816753927,"{""10"":1,""3"":23,""4"":15,""5"":45,""6"":77,""7"":18,""8"":9,""9"":3}","{""10"":2,""11"":49,""12"":3,""14"":2,""15"":10,""16"":3,""18"":7,""21"":2,""3"":23,""4"":15,""5"":19,""6"":5,""7"":25,""8"":15,""9"":11}",64,"{""count"":64,""unique_topologies"":64,""topology_entropy_bits"":6.0,""effective_topology_count"":64.0,""triangle_like_count"":0,""triangle_like_fraction"":0.0,""mean_nodes"":6.859375,""mean_muscles"":10.140625,""node_counts"":{""4"":4,""5"":2,""6"":18,""7"":18,""8"":19,""9"":3},""muscle_counts"":{""10"":5,""11"":4,""12"":13,""13"":4,""14"":2,""15"":4,""17"":1,""18"":2,""4"":1,""5"":4,""6"":7,""7"":3,""8"":7,""9"":7}}",133,5.194074492600482,130,0.13,"{""10"":21,""3"":130,""4"":135,""5"":207,""6"":280,""7"":133,""8"":62,""9"":32}","{""10"":13,""11"":164,""12"":38,""13"":7,""14"":28,""15"":45,""16"":31,""17"":12,""18"":29,""19"":15,""20"":2,""21"":10,""22"":4,""24"":1,""3"":130,""4"":101,""5"":148,""6"":64,""7"":76,""8"":39,""9"":43}","{""Diagonal CMA-ES"":{""attempts"":311,""discoveries"":0,""improvements"":0,""insertions"":0,""insertion_rate"":0.0},""Immigrant"":{""attempts"":163,""discoveries"":0,""improvements"":0,""insertions"":0,""insertion_rate"":0.0},""Morphology"":{""attempts"":300,""discoveries"":2,""improvements"":1,""insertions"":3,""insertion_rate"":0.01},""Novelty"":{""attempts"":226,""discoveries"":0,""improvements"":0,""insertions"":0,""insertion_rate"":0.0}}","{""Morphology"":212,""Novelty"":26}",2,0.8539741219963032,true,73000
42,237,238000,7.0011150660000006,0.027981848,0.025673773,0.001009189,0.001298886,7.543224031,153.23654,45.710583,8952.068901658058,191,0.9947917,31,3.7585913004362874,23,0.12041884816753927,"{""10"":1,""3"":23,""4"":15,""5"":45,""6"":77,""7"":18,""8"":9,""9"":3}","{""10"":2,""11"":49,""12"":3,""14"":2,""15"":10,""16"":3,""18"":7,""21"":2,""3"":23,""4"":15,""5"":19,""6"":5,""7"":25,""8"":15,""9"":11}",64,"{""count"":64,""unique_topologies"":64,""topology_entropy_bits"":6.0,""effective_topology_count"":64.0,""triangle_like_count"":0,""triangle_like_fraction"":0.0,""mean_nodes"":6.875,""mean_muscles"":10.3125,""node_counts"":{""4"":4,""5"":2,""6"":18,""7"":18,""8"":18,""9"":4},""muscle_counts"":{""10"":5,""11"":4,""12"":13,""13"":4,""14"":1,""15"":4,""17"":1,""18"":2,""25"":1,""4"":1,""5"":4,""6"":7,""7"":3,""8"":7,""9"":7}}",138,5.166988692263818,155,0.155,"{""10"":2,""3"":155,""4"":150,""5"":196,""6"":274,""7"":137,""8"":57,""9"":29}","{""10"":15,""11"":148,""12"":35,""13"":5,""14"":28,""15"":49,""16"":21,""17"":4,""18"":24,""19"":6,""20"":1,""21"":8,""22"":5,""24"":1,""25"":1,""3"":155,""4"":110,""5"":143,""6"":64,""7"":79,""8"":58,""9"":40}","{""Diagonal CMA-ES"":{""attempts"":248,""discoveries"":0,""improvements"":0,""insertions"":0,""insertion_rate"":0.0},""Immigrant"":{""attempts"":168,""discoveries"":0,""improvements"":0,""insertions"":0,""insertion_rate"":0.0},""Morphology"":{""attempts"":330,""discoveries"":1,""improvements"":3,""insertions"":4,""insertion_rate"":0.012121212121212121},""Novelty"":{""attempts"":254,""discoveries"":0,""improvements"":0,""insertions"":0,""insertion_rate"":0.0}}","{""Morphology"":198,""Novelty"":34}",1,0.8523985239852399,false,1000
42,238,239000,7.032141103000001,0.031026037,0.028532746,0.001005627,0.001487664,7.576541521,153.23654,45.710583,8954.474541306496,191,0.9947917,31,3.758591300436287,23,0.12041884816753927,"{""10"":1,""3"":23,""4"":15,""5"":45,""6"":77,""7"":18,""8"":9,""9"":3}","{""10"":2,""11"":49,""12"":3,""14"":2,""15"":10,""16"":3,""18"":7,""21"":2,""3"":23,""4"":15,""5"":19,""6"":5,""7"":25,""8"":15,""9"":11}",64,"{""count"":64,""unique_topologies"":64,""topology_entropy_bits"":6.0,""effective_topology_count"":64.0,""triangle_like_count"":0,""triangle_like_fraction"":0.0,""mean_nodes"":6.890625,""mean_muscles"":10.390625,""node_counts"":{""10"":1,""4"":4,""5"":2,""6"":18,""7"":18,""8"":18,""9"":3},""muscle_counts"":{""10"":5,""11"":4,""12"":13,""13"":4,""14"":1,""15"":4,""17"":1,""18"":2,""30"":1,""4"":1,""5"":4,""6"":7,""7"":3,""8"":7,""9"":7}}",123,5.06729619791392,153,0.153,"{""10"":16,""3"":153,""4"":139,""5"":195,""6"":275,""7"":152,""8"":46,""9"":24}","{""10"":13,""11"":148,""12"":48,""13"":7,""14"":33,""15"":41,""16"":16,""17"":1,""18"":25,""19"":5,""21"":7,""22"":1,""24"":3,""25"":9,""26"":4,""29"":4,""3"":153,""30"":2,""32"":4,""4"":108,""5"":139,""6"":53,""7"":82,""8"":50,""9"":44}","{""Diagonal CMA-ES"":{""attempts"":297,""discoveries"":0,""improvements"":0,""insertions"":0,""insertion_rate"":0.0},""Immigrant"":{""attempts"":139,""discoveries"":0,""improvements"":0,""insertions"":0,""insertion_rate"":0.0},""Morphology"":{""attempts"":315,""discoveries"":1,""improvements"":1,""insertions"":2,""insertion_rate"":0.006349206349206349},""Novelty"":{""attempts"":249,""discoveries"":0,""improvements"":0,""insertions"":0,""insertion_rate"":0.0}}","{""Morphology"":206,""Novelty"":27}",1,0.850828729281768,false,2000
42,239,240000,7.065838523000001,0.03369742,0.030898998,0.001156412,0.00164201,7.612820091,153.23654,45.710583,8955.292458176613,191,0.9947917,31,3.7783159680170724,23,0.12041884816753927,"{""10"":1,""3"":23,""4"":15,""5"":45,""6"":76,""7"":19,""8"":9,""9"":3}","{""10"":2,""11"":48,""12"":4,""14"":2,""15"":10,""16"":3,""18"":7,""21"":2,""3"":23,""4"":15,""5"":19,""6"":5,""7"":25,""8"":15,""9"":11}",64,"{""count"":64,""unique_topologies"":64,""topology_entropy_bits"":6.0,""effective_topology_count"":64.0,""triangle_like_count"":0,""triangle_like_fraction"":0.0,""mean_nodes"":6.890625,""mean_muscles"":10.390625,""node_counts"":{""10"":1,""4"":4,""5"":2,""6"":18,""7"":18,""8"":18,""9"":3},""muscle_counts"":{""10"":5,""11"":4,""12"":13,""13"":4,""14"":1,""15"":4,""17"":1,""18"":2,""30"":1,""4"":1,""5"":4,""6"":7,""7"":3,""8"":7,""9"":7}}",120,5.359084899634897,117,0.117,"{""10"":8,""11"":16,""3"":117,""4"":145,""5"":184,""6"":294,""7"":155,""8"":49,""9"":32}","{""10"":17,""11"":133,""12"":44,""13"":2,""14"":30,""15"":47,""16"":26,""17"":5,""18"":27,""19"":5,""21"":15,""24"":1,""25"":1,""3"":117,""30"":8,""31"":10,""34"":3,""38"":3,""4"":107,""5"":122,""6"":57,""7"":91,""8"":72,""9"":57}","{""Diagonal CMA-ES"":{""attempts"":297,""discoveries"":0,""improvements"":0,""insertions"":0,""insertion_rate"":0.0},""Immigrant"":{""attempts"":144,""discoveries"":0,""improvements"":0,""insertions"":0,""insertion_rate"":0.0},""Morphology"":{""attempts"":288,""discoveries"":0,""improvements"":1,""insertions"":1,""insertion_rate"":0.003472222222222222},""Novelty"":{""attempts"":271,""discoveries"":0,""improvements"":0,""insertions"":0,""insertion_rate"":0.0}}","{""Morphology"":190,""Novelty"":34}",0,0.8495412844036697,false,3000
42,240,241000,7.0998292030000005,0.033990679999999995,0.03150095,0.001036497,0.001453233,7.649079664,153.23654,45.710583,8962.035183548927,191,0.9947917,31,3.778315968017073,23,0.12041884816753927,"{""10"":1,""3"":23,""4"":15,""5"":45,""6"":76,""7"":19,""8"":9,""9"":3}","{""10"":2,""11"":48,""12"":4,""14"":2,""15"":10,""16"":3,""18"":7,""21"":2,""3"":23,""4"":15,""5"":19,""6"":5,""7"":25,""8"":15,""9"":11}",64,"{""count"":64,""unique_topologies"":64,""topology_entropy_bits"":6.0,""effective_topology_count"":64.0,""triangle_like_count"":0,""triangle_like_fraction"":0.0,""mean_nodes"":6.84375,""mean_muscles"":10.046875,""node_counts"":{""4"":4,""5"":2,""6"":18,""7"":19,""8"":18,""9"":3},""muscle_counts"":{""10"":5,""11"":4,""12"":13,""13"":4,""14"":1,""15"":4,""17"":1,""18"":2,""4"":1,""5"":4,""6"":7,""7"":3,""8"":8,""9"":7}}",124,5.407397057504008,100,0.1,"{""10"":9,""11"":6,""3"":100,""4"":147,""5"":162,""6"":283,""7"":217,""8"":52,""9"":24}","{""10"":18,""11"":127,""12"":99,""13"":4,""14"":33,""15"":38,""16"":27,""17"":3,""18"":21,""19"":8,""20"":1,""21"":10,""22"":1,""24"":3,""3"":100,""30"":7,""34"":1,""35"":4,""38"":1,""4"":107,""5"":98,""6"":76,""7"":90,""8"":66,""9"":57}","{""Diagonal CMA-ES"":{""attempts"":292,""discoveries"":0,""improvements"":0,""insertions"":0,""insertion_rate"":0.0},""Immigrant"":{""attempts"":147,""discoveries"":0,""improvements"":0,""insertions"":0,""insertion_rate"":0.0},""Morphology"":{""attempts"":308,""discoveries"":1,""improvements"":1,""insertions"":2,""insertion_rate"":0.006493506493506494},""Novelty"":{""attempts"":253,""discoveries"":0,""improvements"":0,""insertions"":0,""insertion_rate"":0.0}}","{""Morphology"":210,""Novelty"":29}",1,0.847985347985348,false,4000
42,241,242000,7.129705951000001,0.029876748,0.027102072,0.001256144,0.001518532,7.681872376,153.23654,45.710583,8970.45999968052,191,0.9947917,31,3.7783159680170724,23,0.12041884816753927,"{""10"":1,""3"":23,""4"":15,""5"":45,""6"":76,""7"":19,""8"":9,""9"":3}","{""10"":2,""11"":48,""12"":4,""14"":2,""15"":10,""16"":3,""18"":7,""21"":2,""3"":23,""4"":15,""5"":19,""6"":5,""7"":25,""8"":15,""9"":11}",64,"{""count"":64,""unique_topologies"":64,""topology_entropy_bits"":6.0,""effective_topology_count"":64.0,""triangle_like_count"":0,""triangle_like_fraction"":0.0,""mean_nodes"":6.859375,""mean_muscles"":10.0625,""node_counts"":{""4"":4,""5"":2,""6"":18,""7"":18,""8"":19,""9"":3},""muscle_counts"":{""10"":5,""11"":4,""12"":13,""13"":4,""14"":1,""15"":4,""17"":1,""18"":2,""4"":1,""5"":4,""6"":7,""7"":3,""8"":7,""9"":8}}",122,5.171090830569455,93,0.093,"{""3"":93,""4"":134,""5"":163,""6"":346,""7"":175,""8"":57,""9"":32}","{""10"":17,""11"":228,""12"":73,""13"":3,""14"":33,""15"":31,""16"":22,""17"":1,""18"":11,""19"":17,""21"":14,""22"":1,""24"":3,""25"":1,""3"":93,""4"":92,""5"":95,""6"":61,""7"":99,""8"":56,""9"":49}","{""Diagonal CMA-ES"":{""attempts"":289,""discoveries"":0,""improvements"":0,""insertions"":0,""insertion_rate"":0.0},""Immigrant"":{""attempts"":154,""discoveries"":0,""improvements"":0,""insertions"":0,""insertion_rate"":0.0},""Morphology"":{""attempts"":310,""discoveries"":1,""improvements"":2,""insertions"":3,""insertion_rate"":0.00967741935483871},""Novelty"":{""attempts"":247,""discoveries"":0,""improvements"":0,""insertions"":0,""insertion_rate"":0.0}}","{""Morphology"":217,""Novelty"":34}",1,0.8464351005484461,false,5000
42,242,243000,7.157610624000001,0.027904673,0.024783311,0.001292949,0.001828413,7.712754752,153.23654,46.36595,8980.528179764748,191,0.9947917,31,3.778315968017073,23,0.12041884816753927,"{""10"":1,""3"":23,""4"":15,""5"":45,""6"":76,""7"":19,""8"":9,""9"":3}","{""10"":2,""11"":48,""12"":4,""14"":2,""15"":10,""16"":3,""18"":7,""21"":2,""3"":23,""4"":15,""5"":19,""6"":5,""7"":25,""8"":15,""9"":11}",64,"{""count"":64,""unique_topologies"":64,""topology_entropy_bits"":6.0,""effective_topology_count"":64.0,""triangle_like_count"":0,""triangle_like_fraction"":0.0,""mean_nodes"":6.859375,""mean_muscles"":10.0625,""node_counts"":{""4"":4,""5"":2,""6"":18,""7"":18,""8"":19,""9"":3},""muscle_counts"":{""10"":5,""11"":4,""12"":13,""13"":4,""14"":1,""15"":4,""17"":1,""18"":2,""4"":1,""5"":4,""6"":7,""7"":3,""8"":7,""9"":8}}",121,5.165009136771695,112,0.112,"{""3"":112,""4"":151,""5"":166,""6"":326,""7"":142,""8"":63,""9"":40}","{""10"":19,""11"":180,""12"":52,""13"":3,""14"":23,""15"":43,""16"":25,""17"":1,""18"":20,""19"":5,""20"":3,""21"":15,""24"":4,""3"":112,""4"":117,""5"":93,""6"":61,""7"":94,""8"":63,""9"":67}","{""Diagonal CMA-ES"":{""attempts"":320,""discoveries"":0,""improvements"":0,""insertions"":0,""insertion_rate"":0.0},""Immigrant"":{""attempts"":160,""discoveries"":0,""improvements"":0,""insertions"":0,""insertion_rate"":0.0},""Morphology"":{""attempts"":271,""discoveries"":0,""improvements"":2,""insertions"":2,""insertion_rate"":0.007380073800738007},""Novelty"":{""attempts"":249,""discoveries"":0,""improvements"":0,""insertions"":0,""insertion_rate"":0.0}}","{""Morphology"":162,""Novelty"":32}",0,0.8464351005484461,false,6000
42,243,244000,7.185777687000001,0.028167063000000003,0.025665461,0.001085175,0.001416427,7.743118286,153.23654,46.36595,8980.528179764748,191,0.9947917,31,3.778315968017073,23,0.12041884816753927,"{""10"":1,""3"":23,""4"":15,""5"":45,""6"":76,""7"":19,""8"":9,""9"":3}","{""10"":2,""11"":48,""12"":4,""14"":2,""15"":10,""16"":3,""18"":7,""21"":2,""3"":23,""4"":15,""5"":19,""6"":5,""7"":25,""8"":15,""9"":11}",64,"{""count"":64,""unique_topologies"":64,""topology_entropy_bits"":6.0,""effective_topology_count"":64.0,""triangle_like_count"":0,""triangle_like_fraction"":0.0,""mean_nodes"":6.859375,""mean_muscles"":10.0625,""node_counts"":{""4"":4,""5"":2,""6"":18,""7"":18,""8"":19,""9"":3},""muscle_counts"":{""10"":5,""11"":4,""12"":13,""13"":4,""14"":1,""15"":4,""17"":1,""18"":2,""4"":1,""5"":4,""6"":7,""7"":3,""8"":7,""9"":8}}",128,5.334174484326321,110,0.11,"{""10"":1,""3"":110,""4"":145,""5"":170,""6"":324,""7"":158,""8"":52,""9"":40}","{""10"":23,""11"":152,""12"":63,""13"":3,""14"":25,""15"":42,""16"":26,""18"":18,""19"":8,""20"":2,""21"":11,""22"":3,""24"":1,""25"":1,""3"":110,""4"":112,""5"":95,""6"":62,""7"":99,""8"":57,""9"":87}","{""Diagonal CMA-ES"":{""attempts"":309,""discoveries"":0,""improvements"":0,""insertions"":0,""insertion_rate"":0.0},""Immigrant"":{""attempts"":142,""discoveries"":0,""improvements"":0,""insertions"":0,""insertion_rate"":0.0},""Morphology"":{""attempts"":305,""discoveries"":0,""improvements"":0,""insertions"":0,""insertion_rate"":0.0},""Novelty"":{""attempts"":244,""discoveries"":0,""improvements"":0,""insertions"":0,""insertion_rate"":0.0}}","{""Morphology"":207,""Novelty"":30}",0,0.8448905109489051,false,7000
42,244,245000,7.215777913000001,0.030000225999999998,0.027119881,0.001347564,0.001532781,7.777170703,153.23654,46.36595,8982.669743180275,191,0.9947917,31,3.7783159680170724,23,0.12041884816753927,"{""10"":1,""3"":23,""4"":15,""5"":45,""6"":76,""7"":19,""8"":9,""9"":3}","{""10"":2,""11"":48,""12"":4,""14"":2,""15"":10,""16"":3,""18"":7,""21"":2,""3"":23,""4"":15,""5"":19,""6"":5,""7"":25,""8"":15,""9"":11}",64,"{""count"":64,""unique_topologies"":64,""topology_entropy_bits"":6.0,""effective_topology_count"":64.0,""triangle_like_count"":0,""triangle_like_fraction"":0.0,""mean_nodes"":6.84375,""mean_muscles"":10.0625,""node_counts"":{""4"":4,""5"":2,""6"":18,""7"":19,""8"":18,""9"":3},""muscle_counts"":{""10"":5,""11"":4,""12"":13,""13"":4,""14"":1,""15"":4,""17"":1,""18"":2,""4"":1,""5"":4,""6"":7,""7"":3,""8"":7,""9"":8}}",120,5.203703472393242,119,0.119,"{""10"":1,""3"":119,""4"":139,""5"":173,""6"":349,""7"":145,""8"":48,""9"":26}","{""10"":18,""11"":118,""12"":48,""13"":4,""14"":27,""15"":35,""16"":29,""17"":2,""18"":18,""19"":4,""20"":3,""21"":13,""22"":1,""24"":1,""3"":119,""4"":105,""5"":97,""6"":69,""7"":82,""8"":99,""9"":108}","{""Diagonal CMA-ES"":{""attempts"":294,""discoveries"":0,""improvements"":0,""insertions"":0,""insertion_rate"":0.0},""Immigrant"":{""attempts"":165,""discoveries"":0,""improvements"":0,""insertions"":0,""insertion_rate"":0.0},""Morphology"":{""attempts"":265,""discoveries"":1,""improvements"":1,""insertions"":2,""insertion_rate"":0.007547169811320755},""Novelty"":{""attempts"":276,""discoveries"":0,""improvements"":0,""insertions"":0,""insertion_rate"":0.0}}","{""Morphology"":174,""Novelty"":28}",1,0.843351548269581,false,8000
42,245,246000,7.242939349000001,0.027161436,0.023967649,0.001301261,0.001892526,7.80709613,153.23654,46.36595,8986.331953644753,191,0.9947917,30,3.7638924732413477,23,0.12041884816753927,"{""10"":1,""3"":23,""4"":15,""5"":45,""6"":75,""7"":20,""8"":9,""9"":3}","{""10"":2,""11"":48,""12"":4,""14"":3,""15"":10,""16"":3,""18"":7,""21"":2,""3"":23,""4"":15,""5"":19,""6"":5,""7"":24,""8"":15,""9"":11}",64,"{""count"":64,""unique_topologies"":64,""topology_entropy_bits"":6.0,""effective_topology_count"":64.0,""triangle_like_count"":0,""triangle_like_fraction"":0.0,""mean_nodes"":6.84375,""mean_muscles"":10.0625,""node_counts"":{""4"":4,""5"":2,""6"":18,""7"":19,""8"":18,""9"":3},""muscle_counts"":{""10"":5,""11"":4,""12"":13,""13"":4,""14"":1,""15"":4,""17"":1,""18"":2,""4"":1,""5"":4,""6"":7,""7"":3,""8"":7,""9"":8}}",121,5.394108230174936,116,0.116,"{""10"":1,""3"":116,""4"":158,""5"":174,""6"":301,""7"":175,""8"":47,""9"":28}","{""10"":27,""11"":137,""12"":54,""13"":1,""14"":21,""15"":48,""16"":27,""17"":2,""18"":15,""19"":9,""20"":1,""21"":13,""22"":2,""3"":116,""4"":113,""5"":110,""6"":69,""7"":88,""8"":65,""9"":82}","{""Diagonal CMA-ES"":{""attempts"":279,""discoveries"":0,""improvements"":0,""insertions"":0,""insertion_rate"":0.0},""Immigrant"":{""attempts"":161,""discoveries"":0,""improvements"":0,""insertions"":0,""insertion_rate"":0.0},""Morphology"":{""attempts"":316,""discoveries"":0,""improvements"":2,""insertions"":2,""insertion_rate"":0.006329113924050633},""Novelty"":{""attempts"":244,""discoveries"":0,""improvements"":1,""insertions"":1,""insertion_rate"":0.004098360655737705}}","{""Morphology"":214,""Novelty"":33}",0,0.843351548269581,false,9000
42,246,247000,7.271049423000001,0.028110074,0.025570479,0.00106143,0.001478165,7.83729582,153.23654,46.36595,9017.97415983677,191,0.9947917,30,3.763892473241348,23,0.12041884816753927,"{""10"":1,""3"":23,""4"":15,""5"":45,""6"":75,""7"":20,""8"":9,""9"":3}","{""10"":2,""11"":48,""12"":4,""14"":3,""15"":10,""16"":3,""18"":7,""21"":2,""3"":23,""4"":15,""5"":19,""6"":5,""7"":24,""8"":15,""9"":11}",64,"{""count"":64,""unique_topologies"":64,""topology_entropy_bits"":6.0,""effective_topology_count"":64.0,""triangle_like_count"":0,""triangle_like_fraction"":0.0,""mean_nodes"":6.84375,""mean_muscles"":10.0625,""node_counts"":{""4"":4,""5"":2,""6"":18,""7"":19,""8"":18,""9"":3},""muscle_counts"":{""10"":5,""11"":4,""12"":13,""13"":4,""14"":1,""15"":4,""17"":1,""18"":2,""4"":1,""5"":4,""6"":7,""7"":3,""8"":7,""9"":8}}",122,5.347969629850042,123,0.123,"{""3"":123,""4"":132,""5"":173,""6"":297,""7"":173,""8"":69,""9"":33}","{""10"":34,""11"":141,""12"":43,""13"":4,""14"":37,""15"":44,""16"":29,""17"":1,""18"":26,""19"":7,""20"":2,""21"":21,""22"":1,""24"":1,""3"":123,""4"":104,""5"":90,""6"":66,""7"":87,""8"":66,""9"":73}","{""Diagonal CMA-ES"":{""attempts"":287,""discoveries"":0,""improvements"":0,""insertions"":0,""insertion_rate"":0.0},""Immigrant"":{""attempts"":137,""discoveries"":0,""improvements"":0,""insertions"":0,""insertion_rate"":0.0},""Morphology"":{""attempts"":299,""discoveries"":0,""improvements"":2,""insertions"":2,""insertion_rate"":0.006688963210702341},""Novelty"":{""attempts"":277,""discoveries"":0,""improvements"":1,""insertions"":1,""insertion_rate"":0.0036101083032490976}}","{""Morphology"":200,""Novelty"":33}",0,0.843351548269581,false,10000
42,247,248000,7.299166620000001,0.028117197,0.025612034,0.001035309,0.001469854,7.867481261,153.23654,46.36595,9017.97415983677,191,0.9947917,30,3.7638924732413477,23,0.12041884816753927,"{""10"":1,""3"":23,""4"":15,""5"":45,""6"":75,""7"":20,""8"":9,""9"":3}","{""10"":2,""11"":48,""12"":4,""14"":3,""15"":10,""16"":3,""18"":7,""21"":2,""3"":23,""4"":15,""5"":19,""6"":5,""7"":24,""8"":15,""9"":11}",64,"{""count"":64,""unique_topologies"":64,""topology_entropy_bits"":6.0,""effective_topology_count"":64.0,""triangle_like_count"":0,""triangle_like_fraction"":0.0,""mean_nodes"":6.828125,""mean_muscles"":10.03125,""node_counts"":{""4"":4,""5"":2,""6"":18,""7"":19,""8"":19,""9"":2},""muscle_counts"":{""10"":5,""11"":4,""12"":13,""13"":4,""14"":1,""15"":4,""16"":1,""17"":1,""18"":1,""4"":1,""5"":4,""6"":7,""7"":3,""8"":7,""9"":8}}",134,5.3673855091588525,115,0.115,"{""10"":3,""3"":115,""4"":139,""5"":193,""6"":302,""7"":156,""8"":60,""9"":32}","{""10"":18,""11"":130,""12"":51,""13"":7,""14"":30,""15"":39,""16"":31,""17"":3,""18"":23,""19"":8,""20"":1,""21"":13,""22"":4,""24"":2,""3"":115,""4"":106,""5"":113,""6"":74,""7"":84,""8"":70,""9"":78}","{""Diagonal CMA-ES"":{""attempts"":282,""discoveries"":0,""improvements"":0,""insertions"":0,""insertion_rate"":0.0},""Immigrant"":{""attempts"":150,""discoveries"":0,""improvements"":0,""insertions"":0,""insertion_rate"":0.0},""Morphology"":{""attempts"":290,""discoveries"":1,""improvements"":0,""insertions"":1,""insertion_rate"":0.0034482758620689655},""Novelty"":{""attempts"":278,""discoveries"":0,""improvements"":0,""insertions"":0,""insertion_rate"":0.0}}","{""Morphology"":186,""Novelty"":33}",1,0.8436363636363636,false,11000
42,248,249000,7.327564016000001,0.028397396000000002,0.025942099,0.001025811,0.001429486,7.898022888,153.23654,46.691086,9022.462853074074,191,0.9947917,30,3.763892473241348,23,0.12041884816753927,"{""10"":1,""3"":23,""4"":15,""5"":45,""6"":75,""7"":20,""8"":9,""9"":3}","{""10"":2,""11"":48,""12"":4,""14"":3,""15"":10,""16"":3,""18"":7,""21"":2,""3"":23,""4"":15,""5"":19,""6"":5,""7"":24,""8"":15,""9"":11}",64,"{""count"":64,""unique_topologies"":64,""topology_entropy_bits"":6.0,""effective_topology_count"":64.0,""triangle_like_count"":0,""triangle_like_fraction"":0.0,""mean_nodes"":6.828125,""mean_muscles"":10.03125,""node_counts"":{""4"":4,""5"":2,""6"":18,""7"":19,""8"":19,""9"":2},""muscle_counts"":{""10"":5,""11"":4,""12"":13,""13"":4,""14"":1,""15"":4,""16"":1,""17"":1,""18"":1,""4"":1,""5"":4,""6"":7,""7"":3,""8"":7,""9"":8}}",128,5.380911305374353,110,0.11,"{""3"":110,""4"":136,""5"":190,""6"":292,""7"":164,""8"":57,""9"":51}","{""10"":21,""11"":131,""12"":45,""13"":2,""14"":29,""15"":53,""16"":31,""17"":12,""18"":25,""19"":12,""20"":6,""21"":18,""22"":1,""24"":1,""3"":110,""4"":106,""5"":101,""6"":65,""7"":94,""8"":62,""9"":75}","{""Diagonal CMA-ES"":{""attempts"":300,""discoveries"":0,""improvements"":0,""insertions"":0,""insertion_rate"":0.0},""Immigrant"":{""attempts"":153,""discoveries"":0,""improvements"":0,""insertions"":0,""insertion_rate"":0.0},""Morphology"":{""attempts"":267,""discoveries"":0,""improvements"":1,""insertions"":1,""insertion_rate"":0.003745318352059925},""Novelty"":{""attempts"":280,""discoveries"":0,""improvements"":0,""insertions"":0,""insertion_rate"":0.0}}","{""Morphology"":185,""Novelty"":34}",0,0.8436363636363636,false,12000
42,249,250000,7.358053403000001,0.030489387,0.027838186,0.001076865,0.001574336,7.930670751,153.23654,46.691086,9030.882317185402,191,0.9947917,29,3.733525436693668,23,0.12041884816753927,"{""10"":1,""3"":23,""4"":15,""5"":46,""6"":74,""7"":20,""8"":9,""9"":3}","{""10"":2,""11"":48,""12"":4,""14"":3,""15"":10,""16"":3,""18"":7,""21"":2,""3"":23,""4"":15,""5"":19,""6"":5,""7"":25,""8"":14,""9"":11}",64,"{""count"":64,""unique_topologies"":64,""topology_entropy_bits"":6.0,""effective_topology_count"":64.0,""triangle_like_count"":0,""triangle_like_fraction"":0.0,""mean_nodes"":6.828125,""mean_muscles"":10.03125,""node_counts"":{""4"":4,""5"":2,""6"":18,""7"":19,""8"":19,""9"":2},""muscle_counts"":{""10"":5,""11"":4,""12"":13,""13"":4,""14"":1,""15"":4,""16"":1,""17"":1,""18"":1,""4"":1,""5"":4,""6"":7,""7"":3,""8"":7,""9"":8}}",126,5.372183883999389,107,0.107,"{""10"":1,""3"":107,""4"":153,""5"":207,""6"":279,""7"":163,""8"":57,""9"":33}","{""10"":12,""11"":124,""12"":56,""13"":3,""14"":31,""15"":43,""16"":38,""17"":8,""18"":18,""19"":5,""20"":2,""21"":11,""22"":4,""24"":1,""28"":1,""3"":107,""4"":110,""5"":135,""6"":66,""7"":89,""8"":65,""9"":71}","{""Diagonal CMA-ES"":{""attempts"":315,""discoveries"":0,""improvements"":0,""insertions"":0,""insertion_rate"":0.0},""Immigrant"":{""attempts"":144,""discoveries"":0,""improvements"":0,""insertions"":0,""insertion_rate"":0.0},""Morphology"":{""attempts"":314,""discoveries"":0,""improvements"":1,""insertions"":1,""insertion_rate"":0.0031847133757961785},""Novelty"":{""attempts"":227,""discoveries"":0,""improvements"":0,""insertions"":0,""insertion_rate"":0.0}}","{""Morphology"":209,""Novelty"":28}",0,0.8436363636363636,false,13000
42,250,251000,7.388084499000001,0.030031096,0.027045083,0.00126208,0.001723933,7.963597626,153.23654,46.691086,9041.620701432228,191,0.9947917,29,3.728488699554539,23,0.12041884816753927,"{""10"":1,""3"":23,""4"":15,""5"":47,""6"":73,""7"":20,""8"":9,""9"":3}","{""10"":2,""11"":48,""12"":4,""14"":3,""15"":10,""16"":3,""18"":7,""21"":2,""3"":23,""4"":15,""5"":20,""6"":5,""7"":25,""8"":14,""9"":10}",64,"{""count"":64,""unique_topologies"":64,""topology_entropy_bits"":6.0,""effective_topology_count"":64.0,""triangle_like_count"":0,""triangle_like_fraction"":0.0,""mean_nodes"":6.84375,""mean_muscles"":10.125,""node_counts"":{""4"":4,""5"":2,""6"":18,""7"":19,""8"":18,""9"":3},""muscle_counts"":{""10"":5,""11"":3,""12"":13,""13"":4,""14"":1,""15"":4,""16"":1,""17"":2,""18"":1,""4"":1,""5"":4,""6"":7,""7"":3,""8"":7,""9"":8}}",139,5.422625320406923,101,0.101,"{""10"":1,""3"":101,""4"":143,""5"":205,""6"":296,""7"":160,""8"":58,""9"":36}","{""10"":22,""11"":139,""12"":45,""13"":1,""14"":37,""15"":48,""16"":29,""17"":2,""18"":24,""19"":7,""20"":1,""21"":12,""22"":1,""24"":2,""25"":1,""3"":101,""4"":100,""5"":124,""6"":69,""7"":101,""8"":67,""9"":67}","{""Diagonal CMA-ES"":{""attempts"":318,""discoveries"":0,""improvements"":0,""insertions"":0,""insertion_rate"":0.0},""Immigrant"":{""attempts"":150,""discoveries"":0,""improvements"":0,""insertions"":0,""insertion_rate"":0.0},""Morphology"":{""attempts"":298,""discoveries"":2,""improvements"":0,""insertions"":2,""insertion_rate"":0.006711409395973154},""Novelty"":{""attempts"":234,""discoveries"":0,""improvements"":1,""insertions"":1,""insertion_rate"":0.004273504273504274}}","{""Morphology"":203,""Novelty"":21}",1,0.8439201451905626,false,14000
42,251,252000,7.4159713630000015,0.027886863999999997,0.025335397,0.00096526,0.001586207,7.993654841,153.23654,46.691086,9058.286564469337,191,0.9947917,29,3.728488699554539,23,0.12041884816753927,"{""10"":1,""3"":23,""4"":15,""5"":47,""6"":73,""7"":20,""8"":9,""9"":3}","{""10"":2,""11"":48,""12"":4,""14"":3,""15"":10,""16"":3,""18"":7,""21"":2,""3"":23,""4"":15,""5"":20,""6"":5,""7"":25,""8"":14,""9"":10}",64,"{""count"":64,""unique_topologies"":64,""topology_entropy_bits"":6.0,""effective_topology_count"":64.0,""triangle_like_count"":0,""triangle_like_fraction"":0.0,""mean_nodes"":6.84375,""mean_muscles"":10.125,""node_counts"":{""4"":4,""5"":2,""6"":18,""7"":19,""8"":18,""9"":3},""muscle_counts"":{""10"":5,""11"":3,""12"":13,""13"":4,""14"":1,""15"":4,""16"":1,""17"":2,""18"":1,""4"":1,""5"":4,""6"":7,""7"":3,""8"":7,""9"":8}}",125,4.591273888920525,88,0.088,"{""10"":231,""11"":8,""3"":88,""4"":109,""5"":110,""6"":313,""7"":95,""8"":22,""9"":24}","{""10"":16,""11"":266,""12"":38,""13"":4,""14"":19,""15"":20,""16"":14,""17"":4,""18"":10,""19"":8,""20"":5,""21"":7,""24"":2,""3"":88,""4"":68,""5"":86,""6"":54,""7"":39,""8"":25,""9"":227}","{""Diagonal CMA-ES"":{""attempts"":290,""discoveries"":0,""improvements"":0,""insertions"":0,""insertion_rate"":0.0},""Immigrant"":{""attempts"":194,""discoveries"":0,""improvements"":0,""insertions"":0,""insertion_rate"":0.0},""Morphology"":{""attempts"":299,""discoveries"":0,""improvements"":3,""insertions"":3,""insertion_rate"":0.010033444816053512},""Novelty"":{""attempts"":217,""discoveries"":0,""improvements"":0,""insertions"":0,""insertion_rate"":0.0}}","{""Morphology"":197,""Novelty"":30}",0,0.8439201451905626,false,15000
42,252,253000,7.444026822000001,0.028055459000000005,0.025299779,0.001035309,0.001720371,8.023909145,153.23654,46.691086,9064.669218659401,191,0.9947917,30,3.7489082520670527,23,0.12041884816753927,"{""10"":1,""3"":23,""4"":15,""5"":47,""6"":73,""7"":20,""8"":8,""9"":4}","{""10"":2,""11"":48,""12"":4,""14"":3,""15"":10,""16"":3,""18"":6,""19"":1,""21"":2,""3"":23,""4"":15,""5"":20,""6"":5,""7"":25,""8"":14,""9"":10}",64,"{""count"":64,""unique_topologies"":64,""topology_entropy_bits"":6.0,""effective_topology_count"":64.0,""triangle_like_count"":0,""triangle_like_fraction"":0.0,""mean_nodes"":6.84375,""mean_muscles"":10.125,""node_counts"":{""4"":4,""5"":2,""6"":18,""7"":19,""8"":18,""9"":3},""muscle_counts"":{""10"":5,""11"":3,""12"":13,""13"":4,""14"":1,""15"":4,""16"":1,""17"":2,""18"":1,""4"":1,""5"":4,""6"":7,""7"":3,""8"":7,""9"":8}}",133,5.226306305806785,78,0.078,"{""10"":134,""11"":9,""3"":78,""4"":122,""5"":134,""6"":309,""7"":133,""8"":44,""9"":37}","{""10"":16,""11"":262,""12"":45,""13"":9,""14"":28,""15"":36,""16"":28,""17"":8,""18"":24,""19"":7,""20"":3,""21"":10,""24"":5,""25"":1,""3"":78,""4"":90,""5"":90,""6"":49,""7"":66,""8"":41,""9"":104}","{""Diagonal CMA-ES"":{""attempts"":317,""discoveries"":0,""improvements"":0,""insertions"":0,""insertion_rate"":0.0},""Immigrant"":{""attempts"":127,""discoveries"":0,""improvements"":0,""insertions"":0,""insertion_rate"":0.0},""Morphology"":{""attempts"":297,""discoveries"":0,""improvements"":3,""insertions"":3,""insertion_rate"":0.010101010101010102},""Novelty"":{""attempts"":259,""discoveries"":0,""improvements"":0,""insertions"":0,""insertion_rate"":0.0}}","{""Morphology"":202,""Novelty"":39}",1,0.8439201451905626,false,16000
42,253,254000,7.471399593000001,0.027372771,0.024745318,0.001026998,0.001600455,8.053781145,153.23654,46.691086,9095.432642579079,191,0.9947917,30,3.744720176386298,24,0.1256544502617801,"{""10"":1,""3"":24,""4"":14,""5"":47,""6"":74,""7"":19,""8"":8,""9"":4}","{""10"":1,""11"":48,""12"":4,""14"":3,""15"":10,""16"":3,""18"":6,""19"":1,""21"":2,""3"":24,""4"":14,""5"":20,""6"":5,""7"":25,""8"":15,""9"":10}",64,"{""count"":64,""unique_topologies"":64,""topology_entropy_bits"":6.0,""effective_topology_count"":64.0,""triangle_like_count"":0,""triangle_like_fraction"":0.0,""mean_nodes"":6.875,""mean_muscles"":10.25,""node_counts"":{""10"":1,""4"":4,""5"":2,""6"":18,""7"":19,""8"":17,""9"":3},""muscle_counts"":{""10"":5,""11"":3,""12"":12,""13"":4,""14"":1,""15"":4,""16"":1,""17"":2,""18"":1,""20"":1,""4"":1,""5"":4,""6"":7,""7"":3,""8"":7,""9"":8}}",145,5.2003366224691865,88,0.088,"{""10"":117,""11"":8,""3"":88,""4"":127,""5"":117,""6"":150,""7"":126,""8"":30,""9"":237}","{""10"":18,""11"":158,""12"":34,""13"":9,""14"":28,""15"":33,""16"":22,""17"":5,""18"":16,""19"":211,""20"":18,""21"":13,""22"":3,""23"":2,""3"":88,""4"":82,""5"":86,""6"":55,""7"":54,""8"":40,""9"":25}","{""Diagonal CMA-ES"":{""attempts"":283,""discoveries"":0,""improvements"":0,""insertions"":0,""insertion_rate"":0.0},""Immigrant"":{""attempts"":153,""discoveries"":0,""improvements"":0,""insertions"":0,""insertion_rate"":0.0},""Morphology"":{""attempts"":300,""discoveries"":1,""improvements"":3,""insertions"":4,""insertion_rate"":0.013333333333333334},""Novelty"":{""attempts"":264,""discoveries"":0,""improvements"":0,""insertions"":0,""insertion_rate"":0.0}}","{""Morphology"":214,""Novelty"":33}",1,0.8442028985507246,false,17000
42,254,255000,7.499009822000001,0.027610228999999997,0.025021955,0.00106143,0.001526844,8.083700635,153.23654,46.691086,9096.90857565403,191,0.9947917,30,3.744720176386298,24,0.1256544502617801,"{""10"":1,""3"":24,""4"":14,""5"":47,""6"":74,""7"":19,""8"":8,""9"":4}","{""10"":1,""11"":48,""12"":4,""14"":3,""15"":10,""16"":3,""18"":6,""19"":1,""21"":2,""3"":24,""4"":14,""5"":20,""6"":5,""7"":25,""8"":15,""9"":10}",64,"{""count"":64,""unique_topologies"":64,""topology_entropy_bits"":6.0,""effective_topology_count"":64.0,""triangle_like_count"":0,""triangle_like_fraction"":0.0,""mean_nodes"":6.921875,""mean_muscles"":10.375,""node_counts"":{""10"":1,""11"":1,""4"":4,""5"":2,""6"":18,""7"":19,""8"":16,""9"":3},""muscle_counts"":{""10"":5,""11"":3,""12"":12,""13"":4,""14"":1,""15"":3,""16"":1,""17"":2,""18"":1,""20"":1,""23"":1,""4"":1,""5"":4,""6"":7,""7"":3,""8"":7,""9"":8}}",127,5.451517029759071,102,0.102,"{""10"":22,""11"":21,""3"":102,""4"":139,""5"":174,""6"":267,""7"":131,""8"":43,""9"":101}","{""10"":8,""11"":113,""12"":40,""13"":4,""14"":26,""15"":44,""16"":20,""17"":3,""18"":21,""19"":85,""20"":19,""21"":18,""22"":1,""23"":8,""24"":5,""25"":1,""26"":1,""3"":102,""4"":101,""5"":100,""6"":79,""7"":86,""8"":62,""9"":53}","{""Diagonal CMA-ES"":{""attempts"":307,""discoveries"":0,""improvements"":0,""insertions"":0,""insertion_rate"":0.0},""Immigrant"":{""attempts"":142,""discoveries"":0,""improvements"":0,""insertions"":0,""insertion_rate"":0.0},""Morphology"":{""attempts"":308,""discoveries"":1,""improvements"":2,""insertions"":3,""insertion_rate"":0.00974025974025974},""Novelty"":{""attempts"":243,""discoveries"":0,""improvements"":0,""insertions"":0,""insertion_rate"":0.0}}","{""Morphology"":214,""Novelty"":31}",1,0.8442028985507246,false,18000
42,255,256000,7.528588563000001,0.029578741,0.027004715,0.000992567,0.001581459,8.115473472,153.23654,46.691086,9099.519575715065,191,0.9947917,30,3.744720176386298,24,0.1256544502617801,"{""10"":1,""3"":24,""4"":14,""5"":47,""6"":74,""7"":19,""8"":8,""9"":4}","{""10"":1,""11"":48,""12"":4,""14"":3,""15"":10,""16"":3,""18"":6,""19"":1,""21"":2,""3"":24,""4"":14,""5"":20,""6"":5,""7"":25,""8"":15,""9"":10}",64,"{""count"":64,""unique_topologies"":64,""topology_entropy_bits"":6.0,""effective_topology_count"":64.0,""triangle_like_count"":0,""triangle_like_fraction"":0.0,""mean_nodes"":6.921875,""mean_muscles"":10.375,""node_counts"":{""10"":1,""11"":1,""4"":4,""5"":2,""6"":18,""7"":19,""8"":16,""9"":3},""muscle_counts"":{""10"":5,""11"":3,""12"":12,""13"":4,""14"":1,""15"":3,""16"":1,""17"":2,""18"":1,""20"":1,""23"":1,""4"":1,""5"":4,""6"":7,""7"":3,""8"":7,""9"":8}}",127,5.442773979031624,124,0.124,"{""10"":11,""11"":4,""12"":21,""3"":124,""4"":136,""5"":192,""6"":264,""7"":158,""8"":61,""9"":29}","{""10"":10,""11"":118,""12"":48,""13"":5,""14"":37,""15"":44,""16"":31,""17"":2,""18"":27,""19"":10,""20"":3,""21"":12,""22"":3,""23"":4,""24"":7,""25"":1,""26"":4,""27"":2,""28"":1,""29"":8,""3"":124,""4"":95,""5"":114,""6"":65,""7"":88,""8"":73,""9"":64}","{""Diagonal CMA-ES"":{""attempts"":274,""discoveries"":0,""improvements"":0,""insertions"":0,""insertion_rate"":0.0},""Immigrant"":{""attempts"":139,""discoveries"":0,""improvements"":0,""insertions"":0,""insertion_rate"":0.0},""Morphology"":{""attempts"":312,""discoveries"":0,""improvements"":1,""insertions"":1,""insertion_rate"":0.003205128205128205},""Novelty"":{""attempts"":275,""discoveries"":0,""improvements"":0,""insertions"":0,""insertion_rate"":0.0}}","{""Morphology"":212,""Novelty"":34}",0,0.8444846292947559,false,19000
42,256,257000,7.559264352000001,0.030675789,0.027901112,0.001148101,0.001626576,8.148871698,153.23654,48.022427,9115.892737030983,191,0.9947917,30,3.744720176386298,24,0.1256544502617801,"{""10"":1,""3"":24,""4"":14,""5"":47,""6"":74,""7"":19,""8"":8,""9"":4}","{""10"":1,""11"":48,""12"":4,""14"":3,""15"":10,""16"":3,""18"":6,""19"":1,""21"":2,""3"":24,""4"":14,""5"":20,""6"":5,""7"":25,""8"":15,""9"":10}",64,"{""count"":64,""unique_topologies"":64,""topology_entropy_bits"":6.0,""effective_topology_count"":64.0,""triangle_like_count"":0,""triangle_like_fraction"":0.0,""mean_nodes"":6.921875,""mean_muscles"":10.375,""node_counts"":{""10"":1,""11"":1,""4"":4,""5"":2,""6"":18,""7"":19,""8"":16,""9"":3},""muscle_counts"":{""10"":5,""11"":3,""12"":12,""13"":4,""14"":1,""15"":3,""16"":1,""17"":2,""18"":1,""20"":1,""23"":1,""4"":1,""5"":4,""6"":7,""7"":3,""8"":7,""9"":8}}",121,5.405453846485624,117,0.117,"{""10"":9,""11"":9,""12"":11,""3"":117,""4"":143,""5"":205,""6"":268,""7"":158,""8"":50,""9"":30}","{""10"":17,""11"":125,""12"":44,""13"":1,""14"":37,""15"":40,""16"":24,""18"":30,""19"":11,""20"":7,""21"":16,""23"":6,""24"":7,""26"":3,""27"":1,""28"":2,""29"":1,""3"":117,""4"":107,""5"":120,""6"":77,""7"":83,""8"":67,""9"":57}","{""Diagonal CMA-ES"":{""attempts"":308,""discoveries"":0,""improvements"":0,""insertions"":0,""insertion_rate"":0.0},""Immigrant"":{""attempts"":162,""discoveries"":0,""improvements"":0,""insertions"":0,""insertion_rate"":0.0},""Morphology"":{""attempts"":297,""discoveries"":0,""improvements"":2,""insertions"":2,""insertion_rate"":0.006734006734006734},""Novelty"":{""attempts"":233,""discoveries"":0,""improvements"":0,""insertions"":0,""insertion_rate"":0.0}}","{""Morphology"":198,""Novelty"":37}",0,0.8447653429602888,false,20000
42,257,258000,7.588679250000001,0.029414898000000002,0.026989282,0.001000878,0.001424738,8.180312098,153.23654,48.022427,9140.0680757761,191,0.9947917,30,3.731932924706671,24,0.1256544502617801,"{""10"":1,""3"":24,""4"":15,""5"":47,""6"":74,""7"":18,""8"":8,""9"":4}","{""10"":1,""11"":48,""12"":4,""14"":2,""15"":10,""16"":3,""18"":6,""19"":1,""21"":2,""3"":24,""4"":15,""5"":20,""6"":5,""7"":25,""8"":15,""9"":10}",64,"{""count"":64,""unique_topologies"":64,""topology_entropy_bits"":6.0,""effective_topology_count"":64.0,""triangle_like_count"":0,""triangle_like_fraction"":0.0,""mean_nodes"":6.96875,""mean_muscles"":10.546875,""node_counts"":{""10"":1,""11"":2,""4"":4,""5"":2,""6"":18,""7"":19,""8"":15,""9"":3},""muscle_counts"":{""10"":5,""11"":3,""12"":10,""13"":4,""14"":2,""15"":3,""16"":1,""17"":2,""18"":1,""20"":1,""21"":1,""23"":1,""4"":1,""5"":4,""6"":7,""7"":3,""8"":7,""9"":8}}",142,5.3560961184034435,138,0.138,"{""10"":8,""11"":4,""12"":3,""3"":138,""4"":142,""5"":195,""6"":279,""7"":146,""8"":49,""9"":36}","{""10"":14,""11"":136,""12"":42,""13"":4,""14"":31,""15"":38,""16"":30,""18"":21,""19"":10,""20"":3,""21"":14,""22"":1,""23"":2,""25"":1,""26"":2,""29"":1,""3"":138,""4"":104,""5"":112,""6"":78,""7"":92,""8"":55,""9"":71}","{""Diagonal CMA-ES"":{""attempts"":279,""discoveries"":0,""improvements"":0,""insertions"":0,""insertion_rate"":0.0},""Immigrant"":{""attempts"":168,""discoveries"":0,""improvements"":0,""insertions"":0,""insertion_rate"":0.0},""Morphology"":{""attempts"":285,""discoveries"":2,""improvements"":3,""insertions"":5,""insertion_rate"":0.017543859649122806},""Novelty"":{""attempts"":268,""discoveries"":0,""improvements"":1,""insertions"":1,""insertion_rate"":0.0037313432835820895}}","{""Morphology"":187,""Novelty"":44}",1,0.8450450450450451,false,21000
42,258,259000,7.616561370000001,0.02788212,0.025424446,0.000971197,0.001486477,8.210270771,153.23654,48.022427,9140.0680757761,191,0.9947917,30,3.7319329247066713,24,0.1256544502617801,"{""10"":1,""3"":24,""4"":15,""5"":47,""6"":74,""7"":18,""8"":8,""9"":4}","{""10"":1,""11"":48,""12"":4,""14"":2,""15"":10,""16"":3,""18"":6,""19"":1,""21"":2,""3"":24,""4"":15,""5"":20,""6"":5,""7"":25,""8"":15,""9"":10}",64,"{""count"":64,""unique_topologies"":64,""topology_entropy_bits"":6.0,""effective_topology_count"":64.0,""triangle_like_count"":0,""triangle_like_fraction"":0.0,""mean_nodes"":6.96875,""mean_muscles"":10.546875,""node_counts"":{""10"":1,""11"":2,""4"":4,""5"":2,""6"":18,""7"":19,""8"":15,""9"":3},""muscle_counts"":{""10"":5,""11"":3,""12"":10,""13"":4,""14"":2,""15"":3,""16"":1,""17"":2,""18"":1,""20"":1,""21"":1,""23"":1,""4"":1,""5"":4,""6"":7,""7"":3,""8"":7,""9"":8}}",125,5.166053284927583,124,0.124,"{""10"":4,""11"":6,""12"":11,""3"":124,""4"":173,""5"":185,""6"":281,""7"":133,""8"":60,""9"":23}","{""10"":15,""11"":160,""12"":46,""13"":3,""14"":27,""15"":42,""16"":20,""17"":1,""18"":24,""19"":14,""20"":1,""21"":15,""22"":6,""23"":2,""24"":1,""25"":2,""26"":2,""3"":124,""4"":141,""5"":107,""6"":55,""7"":83,""8"":60,""9"":49}","{""Diagonal CMA-ES"":{""attempts"":300,""discoveries"":0,""improvements"":0,""insertions"":0,""insertion_rate"":0.0},""Immigrant"":{""attempts"":173,""discoveries"":0,""improvements"":0,""insertions"":0,""insertion_rate"":0.0},""Morphology"":{""attempts"":282,""discoveries"":0,""improvements"":1,""insertions"":1,""insertion_rate"":0.0035460992907801418},""Novelty"":{""attempts"":245,""discoveries"":0,""improvements"":1,""insertions"":1,""insertion_rate"":0.004081632653061225}}","{""Morphology"":191,""Novelty"":30}",0,0.8450450450450451,false,22000
42,259,260000,7.644211969000001,0.027650598999999998,0.025318777,0.001013939,0.001317883,8.239983677,153.23654,48.065968,9196.368487000465,191,0.9947917,30,3.727430033847571,25,0.13089005235602094,"{""10"":1,""3"":25,""4"":14,""5"":47,""6"":74,""7"":18,""8"":8,""9"":4}","{""10"":1,""11"":48,""12"":4,""14"":2,""15"":10,""16"":3,""18"":6,""19"":1,""21"":2,""3"":25,""4"":14,""5"":20,""6"":5,""7"":25,""8"":15,""9"":10}",64,"{""count"":64,""unique_topologies"":64,""topology_entropy_bits"":6.0,""effective_topology_count"":64.0,""triangle_like_count"":0,""triangle_like_fraction"":0.0,""mean_nodes"":6.96875,""mean_muscles"":10.546875,""node_counts"":{""10"":1,""11"":2,""4"":4,""5"":2,""6"":18,""7"":19,""8"":15,""9"":3},""muscle_counts"":{""10"":5,""11"":3,""12"":10,""13"":4,""14"":2,""15"":3,""16"":1,""17"":2,""18"":1,""20"":1,""21"":1,""23"":1,""4"":1,""5"":4,""6"":7,""7"":3,""8"":7,""9"":8}}",117,5.300442619823805,141,0.141,"{""10"":8,""11"":4,""12"":9,""3"":141,""4"":130,""5"":198,""6"":261,""7"":162,""8"":55,""9"":32}","{""10"":14,""11"":135,""12"":58,""13"":1,""14"":24,""15"":54,""16"":21,""17"":2,""18"":25,""19"":18,""20"":4,""21"":14,""22"":9,""23"":1,""24"":2,""25"":2,""3"":141,""4"":99,""5"":105,""6"":67,""7"":89,""8"":68,""9"":47}","{""Diagonal CMA-ES"":{""attempts"":319,""discoveries"":0,""improvements"":1,""insertions"":1,""insertion_rate"":0.003134796238244514},""Immigrant"":{""attempts"":154,""discoveries"":0,""improvements"":0,""insertions"":0,""insertion_rate"":0.0},""Morphology"":{""attempts"":268,""discoveries"":0,""improvements"":1,""insertions"":1,""insertion_rate"":0.0037313432835820895},""Novelty"":{""attempts"":259,""discoveries"":0,""improvements"":0,""insertions"":0,""insertion_rate"":0.0}}","{""Morphology"":183,""Novelty"":39}",0,0.8450450450450451,false,23000
42,260,261000,7.672176010000001,0.027964041,0.02578063,0.000954574,0.001228837,8.269962534,153.23654,48.065968,9216.314268708229,191,0.9947917,30,3.7191279243485162,26,0.13612565445026178,"{""10"":1,""3"":26,""4"":14,""5"":47,""6"":73,""7"":18,""8"":8,""9"":4}","{""10"":1,""11"":48,""12"":4,""14"":2,""15"":10,""16"":3,""18"":6,""19"":1,""21"":2,""3"":26,""4"":14,""5"":20,""6"":5,""7"":25,""8"":15,""9"":9}",64,"{""count"":64,""unique_topologies"":64,""topology_entropy_bits"":6.0,""effective_topology_count"":64.0,""triangle_like_count"":0,""triangle_like_fraction"":0.0,""mean_nodes"":6.96875,""mean_muscles"":10.546875,""node_counts"":{""10"":1,""11"":2,""4"":4,""5"":2,""6"":18,""7"":19,""8"":15,""9"":3},""muscle_counts"":{""10"":5,""11"":3,""12"":10,""13"":4,""14"":2,""15"":3,""16"":1,""17"":2,""18"":1,""20"":1,""21"":1,""23"":1,""4"":1,""5"":4,""6"":7,""7"":3,""8"":7,""9"":8}}",126,4.966318630126613,167,0.167,"{""10"":6,""11"":5,""12"":9,""3"":167,""4"":126,""5"":184,""6"":295,""7"":143,""8"":48,""9"":17}","{""10"":8,""11"":160,""12"":39,""13"":1,""14"":33,""15"":52,""16"":17,""17"":3,""18"":25,""19"":7,""20"":2,""21"":14,""22"":7,""23"":1,""24"":2,""25"":1,""26"":1,""3"":167,""4"":95,""5"":116,""6"":56,""7"":88,""8"":46,""9"":59}","{""Diagonal CMA-ES"":{""attempts"":306,""discoveries"":0,""improvements"":0,""insertions"":0,""insertion_rate"":0.0},""Immigrant"":{""attempts"":138,""discoveries"":0,""improvements"":0,""insertions"":0,""insertion_rate"":0.0},""Morphology"":{""attempts"":291,""discoveries"":0,""improvements"":2,""insertions"":2,""insertion_rate"":0.006872852233676976},""Novelty"":{""attempts"":265,""discoveries"":0,""improvements"":1,""insertions"":1,""insertion_rate"":0.0037735849056603774}}","{""Morphology"":190,""Novelty"":27}",0,0.8453237410071942,false,24000
42,261,262000,7.700505734000001,0.028329724,0.026146313,0.000962885,0.001220526,8.300144416,153.23654,48.065968,9221.281086564064,191,0.9947917,30,3.728471240983354,26,0.13612565445026178,"{""10"":1,""3"":26,""4"":15,""5"":47,""6"":72,""7"":18,""8"":8,""9"":4}","{""10"":1,""11"":47,""12"":4,""14"":2,""15"":10,""16"":3,""18"":6,""19"":1,""21"":2,""3"":26,""4"":15,""5"":20,""6"":5,""7"":25,""8"":15,""9"":9}",64,"{""count"":64,""unique_topologies"":64,""topology_entropy_bits"":6.0,""effective_topology_count"":64.0,""triangle_like_count"":0,""triangle_like_fraction"":0.0,""mean_nodes"":6.96875,""mean_muscles"":10.546875,""node_counts"":{""10"":1,""11"":2,""4"":4,""5"":2,""6"":18,""7"":19,""8"":15,""9"":3},""muscle_counts"":{""10"":5,""11"":3,""12"":10,""13"":4,""14"":2,""15"":3,""16"":1,""17"":2,""18"":1,""20"":1,""21"":1,""23"":1,""4"":1,""5"":4,""6"":7,""7"":3,""8"":7,""9"":8}}",143,5.1992899843178,154,0.154,"{""10"":4,""11"":1,""12"":3,""3"":154,""4"":134,""5"":191,""6"":284,""7"":147,""8"":61,""9"":21}","{""10"":12,""11"":162,""12"":52,""13"":5,""14"":23,""15"":47,""16"":22,""17"":2,""18"":30,""19"":6,""20"":4,""21"":7,""22"":1,""23"":1,""24"":3,""27"":1,""3"":154,""4"":92,""5"":133,""6"":57,""7"":89,""8"":54,""9"":43}","{""Diagonal CMA-ES"":{""attempts"":302,""discoveries"":0,""improvements"":0,""insertions"":0,""insertion_rate"":0.0},""Immigrant"":{""attempts"":137,""discoveries"":0,""improvements"":0,""insertions"":0,""insertion_rate"":0.0},""Morphology"":{""attempts"":314,""discoveries"":0,""improvements"":1,""insertions"":1,""insertion_rate"":0.0031847133757961785},""Novelty"":{""attempts"":247,""discoveries"":0,""improvements"":1,""insertions"":1,""insertion_rate"":0.004048582995951417}}","{""Morphology"":218,""Novelty"":33}",0,0.8453237410071942,false,25000
42,262,263000,7.728283370000001,0.027777636,0.025488558,0.000996129,0.001292949,8.330075782,153.23654,48.065968,9221.281086564064,191,0.9947917,30,3.728471240983354,26,0.13612565445026178,"{""10"":1,""3"":26,""4"":15,""5"":47,""6"":72,""7"":18,""8"":8,""9"":4}","{""10"":1,""11"":47,""12"":4,""14"":2,""15"":10,""16"":3,""18"":6,""19"":1,""21"":2,""3"":26,""4"":15,""5"":20,""6"":5,""7"":25,""8"":15,""9"":9}",64,"{""count"":64,""unique_topologies"":64,""topology_entropy_bits"":6.0,""effective_topology_count"":64.0,""triangle_like_count"":0,""triangle_like_fraction"":0.0,""mean_nodes"":6.96875,""mean_muscles"":10.546875,""node_counts"":{""10"":1,""11"":2,""4"":4,""5"":2,""6"":18,""7"":19,""8"":15,""9"":3},""muscle_counts"":{""10"":5,""11"":3,""12"":10,""13"":4,""14"":2,""15"":3,""16"":1,""17"":2,""18"":1,""20"":1,""21"":1,""23"":1,""4"":1,""5"":4,""6"":7,""7"":3,""8"":7,""9"":8}}",132,5.094008534826765,145,0.145,"{""10"":5,""11"":1,""3"":145,""4"":163,""5"":190,""6"":270,""7"":166,""8"":40,""9"":20}","{""10"":11,""11"":156,""12"":81,""13"":5,""14"":24,""15"":41,""16"":13,""17"":1,""18"":22,""19"":7,""21"":8,""22"":3,""24"":1,""25"":1,""3"":145,""4"":121,""5"":129,""6"":67,""7"":84,""8"":44,""9"":36}","{""Diagonal CMA-ES"":{""attempts"":301,""discoveries"":0,""improvements"":0,""insertions"":0,""insertion_rate"":0.0},""Immigrant"":{""attempts"":135,""discoveries"":0,""improvements"":0,""insertions"":0,""insertion_rate"":0.0},""Morphology"":{""attempts"":325,""discoveries"":0,""improvements"":0,""insertions"":0,""insertion_rate"":0.0},""Novelty"":{""attempts"":239,""discoveries"":0,""improvements"":0,""insertions"":0,""insertion_rate"":0.0}}","{""Morphology"":222,""Novelty"":23}",0,0.8453237410071942,false,26000
42,263,264000,7.7565347330000005,0.028251363,0.026014524,0.001015126,0.001221713,8.36039895,153.23654,48.065968,9223.37978041172,191,0.9947917,30,3.7284712409833545,26,0.13612565445026178,"{""10"":1,""3"":26,""4"":15,""5"":47,""6"":72,""7"":18,""8"":8,""9"":4}","{""10"":1,""11"":47,""12"":4,""14"":2,""15"":10,""16"":3,""18"":6,""19"":1,""21"":2,""3"":26,""4"":15,""5"":20,""6"":5,""7"":25,""8"":15,""9"":9}",64,"{""count"":64,""unique_topologies"":64,""topology_entropy_bits"":6.0,""effective_topology_count"":64.0,""triangle_like_count"":0,""triangle_like_fraction"":0.0,""mean_nodes"":6.96875,""mean_muscles"":10.546875,""node_counts"":{""10"":1,""11"":2,""4"":4,""5"":2,""6"":18,""7"":19,""8"":15,""9"":3},""muscle_counts"":{""10"":5,""11"":3,""12"":10,""13"":4,""14"":2,""15"":3,""16"":1,""17"":2,""18"":1,""20"":1,""21"":1,""23"":1,""4"":1,""5"":4,""6"":7,""7"":3,""8"":7,""9"":8}}",147,5.310498189462505,158,0.158,"{""10"":5,""11"":1,""12"":1,""3"":158,""4"":154,""5"":178,""6"":273,""7"":146,""8"":55,""9"":29}","{""10"":14,""11"":154,""12"":48,""13"":3,""14"":18,""15"":51,""16"":21,""18"":27,""19"":13,""20"":7,""21"":5,""23"":2,""25"":1,""26"":1,""3"":158,""4"":107,""5"":126,""6"":68,""7"":74,""8"":56,""9"":46}","{""Diagonal CMA-ES"":{""attempts"":283,""discoveries"":0,""improvements"":0,""insertions"":0,""insertion_rate"":0.0},""Immigrant"":{""attempts"":150,""discoveries"":0,""improvements"":0,""insertions"":0,""insertion_rate"":0.0},""Morphology"":{""attempts"":330,""discoveries"":0,""improvements"":2,""insertions"":2,""insertion_rate"":0.006060606060606061},""Novelty"":{""attempts"":237,""discoveries"":0,""improvements"":0,""insertions"":0,""insertion_rate"":0.0}}","{""Morphology"":244,""Novelty"":21}",0,0.8453237410071942,false,27000
42,264,265000,7.783354233000001,0.026819500000000003,0.024396259,0.000987818,0.001435423,8.389121663,153.23654,48.065968,9226.615360856056,191,0.9947917,30,3.7323396968533022,26,0.13612565445026178,"{""10"":1,""3"":26,""4"":15,""5"":47,""6"":71,""7"":19,""8"":8,""9"":4}","{""10"":1,""11"":47,""12"":5,""14"":2,""15"":10,""16"":3,""18"":6,""19"":1,""21"":2,""3"":26,""4"":15,""5"":20,""6"":5,""7"":25,""8"":15,""9"":8}",64,"{""count"":64,""unique_topologies"":64,""topology_entropy_bits"":6.0,""effective_topology_count"":64.0,""triangle_like_count"":0,""triangle_like_fraction"":0.0,""mean_nodes"":6.96875,""mean_muscles"":10.546875,""node_counts"":{""10"":1,""11"":2,""4"":4,""5"":2,""6"":18,""7"":19,""8"":15,""9"":3},""muscle_counts"":{""10"":5,""11"":3,""12"":10,""13"":4,""14"":2,""15"":3,""16"":1,""17"":2,""18"":1,""20"":1,""21"":1,""23"":1,""4"":1,""5"":4,""6"":7,""7"":3,""8"":7,""9"":8}}",123,4.985537995043808,165,0.165,"{""10"":4,""11"":1,""3"":165,""4"":148,""5"":189,""6"":286,""7"":147,""8"":44,""9"":16}","{""10"":11,""11"":170,""12"":54,""13"":4,""14"":19,""15"":53,""16"":18,""17"":2,""18"":23,""19"":4,""21"":6,""24"":3,""25"":1,""3"":165,""4"":117,""5"":125,""6"":63,""7"":75,""8"":52,""9"":35}","{""Diagonal CMA-ES"":{""attempts"":307,""discoveries"":0,""improvements"":0,""insertions"":0,""insertion_rate"":0.0},""Immigrant"":{""attempts"":156,""discoveries"":0,""improvements"":0,""insertions"":0,""insertion_rate"":0.0},""Morphology"":{""attempts"":300,""discoveries"":0,""improvements"":1,""insertions"":1,""insertion_rate"":0.0033333333333333335},""Novelty"":{""attempts"":237,""discoveries"":0,""improvements"":0,""insertions"":0,""insertion_rate"":0.0}}","{""Morphology"":205,""Novelty"":30}",0,0.8453237410071942,false,28000
42,265,266000,7.810725821000001,0.027371588,0.024831992,0.00108755,0.001452046,8.418613735,153.23654,48.065968,9226.615360856056,191,0.9947917,30,3.732339696853302,26,0.13612565445026178,"{""10"":1,""3"":26,""4"":15,""5"":47,""6"":71,""7"":19,""8"":8,""9"":4}","{""10"":1,""11"":47,""12"":5,""14"":2,""15"":10,""16"":3,""18"":6,""19"":1,""21"":2,""3"":26,""4"":15,""5"":20,""6"":5,""7"":25,""8"":15,""9"":8}",64,"{""count"":64,""unique_topologies"":64,""topology_entropy_bits"":6.0,""effective_topology_count"":64.0,""triangle_like_count"":0,""triangle_like_fraction"":0.0,""mean_nodes"":6.96875,""mean_muscles"":10.546875,""node_counts"":{""10"":1,""11"":2,""4"":4,""5"":2,""6"":18,""7"":19,""8"":15,""9"":3},""muscle_counts"":{""10"":5,""11"":3,""12"":10,""13"":4,""14"":2,""15"":3,""16"":1,""17"":2,""18"":1,""20"":1,""21"":1,""23"":1,""4"":1,""5"":4,""6"":7,""7"":3,""8"":7,""9"":8}}",149,5.436926009551035,132,0.132,"{""10"":8,""11"":2,""12"":1,""3"":132,""4"":156,""5"":205,""6"":250,""7"":158,""8"":50,""9"":38}","{""10"":18,""11"":122,""12"":58,""13"":4,""14"":24,""15"":49,""16"":24,""17"":1,""18"":22,""19"":9,""20"":1,""21"":14,""22"":3,""24"":1,""25"":3,""3"":132,""4"":127,""5"":113,""6"":61,""7"":97,""8"":64,""9"":53}","{""Diagonal CMA-ES"":{""attempts"":290,""discoveries"":0,""improvements"":0,""insertions"":0,""insertion_rate"":0.0},""Immigrant"":{""attempts"":172,""discoveries"":0,""improvements"":0,""insertions"":0,""insertion_rate"":0.0},""Morphology"":{""attempts"":292,""discoveries"":0,""improvements"":0,""insertions"":0,""insertion_rate"":0.0},""Novelty"":{""attempts"":246,""discoveries"":0,""improvements"":0,""insertions"":0,""insertion_rate"":0.0}}","{""Morphology"":203,""Novelty"":33}",0,0.8453237410071942,false,29000
42,266,267000,7.838533141000001,0.02780732,0.025417321,0.001038872,0.001351127,8.448480987,153.23654,48.065968,9226.615360856056,191,0.9947917,30,3.7323396968533014,26,0.13612565445026178,"{""10"":1,""3"":26,""4"":15,""5"":47,""6"":71,""7"":19,""8"":8,""9"":4}","{""10"":1,""11"":47,""12"":5,""14"":2,""15"":10,""16"":3,""18"":6,""19"":1,""21"":2,""3"":26,""4"":15,""5"":20,""6"":5,""7"":25,""8"":15,""9"":8}",64,"{""count"":64,""unique_topologies"":64,""topology_entropy_bits"":6.0,""effective_topology_count"":64.0,""triangle_like_count"":0,""triangle_like_fraction"":0.0,""mean_nodes"":6.96875,""mean_muscles"":10.546875,""node_counts"":{""10"":1,""11"":2,""4"":4,""5"":2,""6"":18,""7"":19,""8"":15,""9"":3},""muscle_counts"":{""10"":5,""11"":3,""12"":10,""13"":4,""14"":2,""15"":3,""16"":1,""17"":2,""18"":1,""20"":1,""21"":1,""23"":1,""4"":1,""5"":4,""6"":7,""7"":3,""8"":7,""9"":8}}",133,5.370028801113912,129,0.129,"{""10"":5,""11"":1,""12"":1,""3"":129,""4"":163,""5"":174,""6"":256,""7"":180,""8"":59,""9"":32}","{""10"":20,""11"":128,""12"":65,""13"":3,""14"":26,""15"":48,""16"":26,""17"":2,""18"":30,""19"":11,""20"":2,""21"":12,""22"":1,""24"":2,""25"":1,""3"":129,""4"":126,""5"":108,""6"":56,""7"":86,""8"":65,""9"":53}","{""Diagonal CMA-ES"":{""attempts"":291,""discoveries"":0,""improvements"":0,""insertions"":0,""insertion_rate"":0.0},""Immigrant"":{""attempts"":141,""discoveries"":0,""improvements"":0,""insertions"":0,""insertion_rate"":0.0},""Morphology"":{""attempts"":322,""discoveries"":0,""improvements"":0,""insertions"":0,""insertion_rate"":0.0},""Novelty"":{""attempts"":246,""discoveries"":0,""improvements"":0,""insertions"":0,""insertion_rate"":0.0}}","{""Morphology"":205,""Novelty"":29}",0,0.8453237410071942,false,30000
42,267,268000,7.865745631000001,0.02721249,0.024829617,0.000965259,0.001417614,8.477675051,153.23654,48.065968,9243.313774704933,191,0.9947917,30,3.734366339706606,25,0.13089005235602094,"{""10"":1,""3"":25,""4"":15,""5"":48,""6"":71,""7"":19,""8"":8,""9"":4}","{""10"":1,""11"":47,""12"":5,""14"":2,""15"":10,""16"":3,""18"":6,""19"":1,""21"":2,""3"":25,""4"":15,""5"":21,""6"":5,""7"":25,""8"":15,""9"":8}",64,"{""count"":64,""unique_topologies"":64,""topology_entropy_bits"":6.0,""effective_topology_count"":64.0,""triangle_like_count"":0,""triangle_like_fraction"":0.0,""mean_nodes"":6.96875,""mean_muscles"":10.546875,""node_counts"":{""10"":1,""11"":2,""4"":4,""5"":2,""6"":18,""7"":19,""8"":15,""9"":3},""muscle_counts"":{""10"":5,""11"":3,""12"":10,""13"":4,""14"":2,""15"":3,""16"":1,""17"":2,""18"":1,""20"":1,""21"":1,""23"":1,""4"":1,""5"":4,""6"":7,""7"":3,""8"":7,""9"":8}}",130,5.412798578240717,119,0.119,"{""10"":5,""11"":1,""12"":1,""3"":119,""4"":189,""5"":182,""6"":251,""7"":157,""8"":59,""9"":36}","{""10"":14,""11"":122,""12"":58,""13"":8,""14"":27,""15"":46,""16"":21,""17"":1,""18"":28,""19"":13,""20"":2,""21"":14,""24"":4,""3"":119,""4"":134,""5"":135,""6"":61,""7"":82,""8"":66,""9"":45}","{""Diagonal CMA-ES"":{""attempts"":283,""discoveries"":0,""improvements"":0,""insertions"":0,""insertion_rate"":0.0},""Immigrant"":{""attempts"":157,""discoveries"":0,""improvements"":0,""insertions"":0,""insertion_rate"":0.0},""Morphology"":{""attempts"":320,""discoveries"":0,""improvements"":3,""insertions"":3,""insertion_rate"":0.009375},""Novelty"":{""attempts"":240,""discoveries"":0,""improvements"":0,""insertions"":0,""insertion_rate"":0.0}}","{""Morphology"":212,""Novelty"":31}",0,0.8453237410071942,false,31000
42,268,269000,7.900017697000001,0.034272066,0.03115664,0.001202716,0.00191271,8.514903449,153.23654,48.742977,9250.89003431797,191,0.9947917,30,3.734366339706606,25,0.13089005235602094,"{""10"":1,""3"":25,""4"":15,""5"":48,""6"":71,""7"":19,""8"":8,""9"":4}","{""10"":1,""11"":47,""12"":5,""14"":2,""15"":10,""16"":3,""18"":6,""19"":1,""21"":2,""3"":25,""4"":15,""5"":21,""6"":5,""7"":25,""8"":15,""9"":8}",64,"{""count"":64,""unique_topologies"":64,""topology_entropy_bits"":6.0,""effective_topology_count"":64.0,""triangle_like_count"":0,""triangle_like_fraction"":0.0,""mean_nodes"":6.96875,""mean_muscles"":10.546875,""node_counts"":{""10"":1,""11"":2,""4"":4,""5"":2,""6"":18,""7"":19,""8"":15,""9"":3},""muscle_counts"":{""10"":5,""11"":3,""12"":10,""13"":4,""14"":2,""15"":3,""16"":1,""17"":2,""18"":1,""20"":1,""21"":1,""23"":1,""4"":1,""5"":4,""6"":7,""7"":3,""8"":7,""9"":8}}",129,5.281987186406978,119,0.119,"{""10"":7,""3"":119,""4"":155,""5"":196,""6"":286,""7"":148,""8"":56,""9"":33}","{""10"":14,""11"":143,""12"":48,""13"":4,""14"":27,""15"":48,""16"":26,""17"":2,""18"":27,""19"":9,""20"":2,""21"":12,""24"":1,""25"":1,""3"":119,""4"":120,""5"":118,""6"":63,""7"":98,""8"":67,""9"":51}","{""Diagonal CMA-ES"":{""attempts"":334,""discoveries"":0,""improvements"":0,""insertions"":0,""insertion_rate"":0.0},""Immigrant"":{""attempts"":135,""discoveries"":0,""improvements"":0,""insertions"":0,""insertion_rate"":0.0},""Morphology"":{""attempts"":296,""discoveries"":0,""improvements"":2,""insertions"":2,""insertion_rate"":0.006756756756756757},""Novelty"":{""attempts"":235,""discoveries"":0,""improvements"":0,""insertions"":0,""insertion_rate"":0.0}}","{""Morphology"":192,""Novelty"":22}",0,0.8453237410071942,false,32000
42,269,270000,7.939094692000001,0.039076995,0.036259575,0.001263268,0.001554152,8.556482045,153.23654,48.742977,9250.89003431797,191,0.9947917,30,3.7343663397066065,25,0.13089005235602094,"{""10"":1,""3"":25,""4"":15,""5"":48,""6"":71,""7"":19,""8"":8,""9"":4}","{""10"":1,""11"":47,""12"":5,""14"":2,""15"":10,""16"":3,""18"":6,""19"":1,""21"":2,""3"":25,""4"":15,""5"":21,""6"":5,""7"":25,""8"":15,""9"":8}",64,"{""count"":64,""unique_topologies"":64,""topology_entropy_bits"":6.0,""effective_topology_count"":64.0,""triangle_like_count"":0,""triangle_like_fraction"":0.0,""mean_nodes"":6.953125,""mean_muscles"":10.546875,""node_counts"":{""10"":1,""11"":2,""4"":4,""5"":2,""6"":18,""7"":20,""8"":14,""9"":3},""muscle_counts"":{""10"":5,""11"":3,""12"":10,""13"":4,""14"":2,""15"":3,""16"":1,""17"":2,""18"":1,""20"":1,""21"":1,""23"":1,""4"":1,""5"":4,""6"":7,""7"":3,""8"":7,""9"":8}}",129,5.405235260997923,118,0.118,"{""10"":10,""11"":2,""3"":118,""4"":145,""5"":190,""6"":276,""7"":172,""8"":59,""9"":28}","{""10"":17,""11"":130,""12"":60,""13"":7,""14"":27,""15"":46,""16"":26,""18"":27,""19"":9,""20"":5,""21"":11,""22"":4,""23"":1,""29"":1,""3"":118,""4"":101,""5"":125,""6"":57,""7"":105,""8"":70,""9"":53}","{""Diagonal CMA-ES"":{""attempts"":292,""discoveries"":0,""improvements"":0,""insertions"":0,""insertion_rate"":0.0},""Immigrant"":{""attempts"":139,""discoveries"":0,""improvements"":0,""insertions"":0,""insertion_rate"":0.0},""Morphology"":{""attempts"":287,""discoveries"":0,""improvements"":1,""insertions"":1,""insertion_rate"":0.003484320557491289},""Novelty"":{""attempts"":282,""discoveries"":1,""improvements"":0,""insertions"":1,""insertion_rate"":0.0035460992907801418}}","{""Morphology"":195,""Novelty"":31}",1,0.8453237410071942,false,33000
42,270,271000,7.972020382000001,0.03292569,0.029429146,0.001338066,0.002158478,8.593097806,153.23654,48.742977,9256.152920365334,191,0.9947917,30,3.734366339706606,25,0.13089005235602094,"{""10"":1,""3"":25,""4"":15,""5"":48,""6"":71,""7"":19,""8"":8,""9"":4}","{""10"":1,""11"":47,""12"":5,""14"":2,""15"":10,""16"":3,""18"":6,""19"":1,""21"":2,""3"":25,""4"":15,""5"":21,""6"":5,""7"":25,""8"":15,""9"":8}",64,"{""count"":64,""unique_topologies"":64,""topology_entropy_bits"":6.0,""effective_topology_count"":64.0,""triangle_like_count"":0,""triangle_like_fraction"":0.0,""mean_nodes"":6.9375,""mean_muscles"":10.578125,""node_counts"":{""10"":1,""11"":2,""4"":4,""5"":2,""6"":18,""7"":20,""8"":15,""9"":2},""muscle_counts"":{""10"":5,""11"":3,""12"":10,""13"":4,""14"":2,""15"":3,""16"":1,""17"":2,""20"":2,""21"":1,""23"":1,""4"":1,""5"":4,""6"":7,""7"":3,""8"":7,""9"":8}}",124,5.4104216132472,124,0.124,"{""10"":7,""12"":1,""3"":124,""4"":149,""5"":195,""6"":286,""7"":142,""8"":64,""9"":32}","{""10"":14,""11"":122,""12"":40,""14"":24,""15"":41,""16"":33,""17"":13,""18"":23,""19"":12,""20"":8,""21"":12,""22"":3,""24"":1,""3"":124,""4"":117,""5"":113,""6"":70,""7"":104,""8"":73,""9"":53}","{""Diagonal CMA-ES"":{""attempts"":314,""discoveries"":0,""improvements"":0,""insertions"":0,""insertion_rate"":0.0},""Immigrant"":{""attempts"":155,""discoveries"":0,""improvements"":0,""insertions"":0,""insertion_rate"":0.0},""Morphology"":{""attempts"":288,""discoveries"":1,""improvements"":1,""insertions"":2,""insertion_rate"":0.006944444444444444},""Novelty"":{""attempts"":243,""discoveries"":0,""improvements"":0,""insertions"":0,""insertion_rate"":0.0}}","{""Morphology"":212,""Novelty"":25}",1,0.8453237410071942,false,34000
42,271,272000,8.009765248,0.037744866,0.035221892,0.001099423,0.001423551,8.63364228,153.23654,48.742977,9266.053433060646,191,0.9947917,30,3.734366339706606,25,0.13089005235602094,"{""10"":1,""3"":25,""4"":15,""5"":48,""6"":71,""7"":19,""8"":8,""9"":4}","{""10"":1,""11"":47,""12"":5,""14"":2,""15"":10,""16"":3,""18"":6,""19"":1,""21"":2,""3"":25,""4"":15,""5"":21,""6"":5,""7"":25,""8"":15,""9"":8}",64,"{""count"":64,""unique_topologies"":64,""topology_entropy_bits"":6.0,""effective_topology_count"":64.0,""triangle_like_count"":0,""triangle_like_fraction"":0.0,""mean_nodes"":6.9375,""mean_muscles"":10.578125,""node_counts"":{""10"":1,""11"":2,""4"":4,""5"":2,""6"":18,""7"":20,""8"":15,""9"":2},""muscle_counts"":{""10"":5,""11"":3,""12"":10,""13"":4,""14"":2,""15"":3,""16"":1,""17"":2,""20"":2,""21"":1,""23"":1,""4"":1,""5"":4,""6"":7,""7"":3,""8"":7,""9"":8}}",122,4.540617377849771,81,0.081,"{""10"":3,""3"":81,""4"":117,""5"":180,""6"":438,""7"":106,""8"":32,""9"":43}","{""10"":10,""11"":357,""12"":42,""13"":1,""14"":16,""15"":24,""16"":15,""17"":4,""18"":13,""19"":7,""20"":6,""21"":18,""22"":3,""24"":6,""25"":2,""26"":7,""3"":81,""4"":78,""5"":98,""6"":54,""7"":104,""8"":34,""9"":20}","{""Diagonal CMA-ES"":{""attempts"":302,""discoveries"":0,""improvements"":0,""insertions"":0,""insertion_rate"":0.0},""Immigrant"":{""attempts"":161,""discoveries"":0,""improvements"":0,""insertions"":0,""insertion_rate"":0.0},""Morphology"":{""attempts"":286,""discoveries"":0,""improvements"":2,""insertions"":2,""insertion_rate"":0.006993006993006993},""Novelty"":{""attempts"":251,""discoveries"":0,""improvements"":0,""insertions"":0,""insertion_rate"":0.0}}","{""Morphology"":199,""Novelty"":28}",0,0.8453237410071942,false,35000
42,272,273000,8.038276625,0.028511376999999997,0.025856616,0.000975945,0.001678816,8.664272955,153.23654,48.742977,9266.053433060646,191,0.9947917,30,3.7343663397066056,25,0.13089005235602094,"{""10"":1,""3"":25,""4"":15,""5"":48,""6"":71,""7"":19,""8"":8,""9"":4}","{""10"":1,""11"":47,""12"":5,""14"":2,""15"":10,""16"":3,""18"":6,""19"":1,""21"":2,""3"":25,""4"":15,""5"":21,""6"":5,""7"":25,""8"":15,""9"":8}",64,"{""count"":64,""unique_topologies"":64,""topology_entropy_bits"":6.0,""effective_topology_count"":64.0,""triangle_like_count"":0,""triangle_like_fraction"":0.0,""mean_nodes"":6.9375,""mean_muscles"":10.578125,""node_counts"":{""10"":1,""11"":2,""4"":4,""5"":2,""6"":18,""7"":20,""8"":15,""9"":2},""muscle_counts"":{""10"":5,""11"":3,""12"":10,""13"":4,""14"":2,""15"":3,""16"":1,""17"":2,""20"":2,""21"":1,""23"":1,""4"":1,""5"":4,""6"":7,""7"":3,""8"":7,""9"":8}}",113,4.220828695439909,74,0.074,"{""10"":2,""3"":74,""4"":102,""5"":445,""6"":226,""7"":91,""8"":38,""9"":22}","{""10"":5,""11"":160,""12"":35,""13"":1,""14"":15,""15"":19,""16"":19,""17"":7,""18"":8,""19"":4,""20"":6,""21"":15,""24"":6,""25"":1,""26"":3,""3"":74,""4"":73,""5"":72,""6"":46,""7"":383,""8"":26,""9"":22}","{""Diagonal CMA-ES"":{""attempts"":315,""discoveries"":0,""improvements"":0,""insertions"":0,""insertion_rate"":0.0},""Immigrant"":{""attempts"":144,""discoveries"":0,""improvements"":0,""insertions"":0,""insertion_rate"":0.0},""Morphology"":{""attempts"":307,""discoveries"":0,""improvements"":0,""insertions"":0,""insertion_rate"":0.0},""Novelty"":{""attempts"":234,""discoveries"":0,""improvements"":0,""insertions"":0,""insertion_rate"":0.0}}","{""Morphology"":191,""Novelty"":22}",0,0.8456014362657092,false,36000
42,273,274000,8.066522052,0.028245427,0.025729577,0.001041246,0.001474604,8.694807459,159.20169,48.742977,9292.911541581154,191,0.9947917,30,3.734366339706606,25,0.13089005235602094,"{""10"":1,""3"":25,""4"":15,""5"":48,""6"":71,""7"":19,""8"":8,""9"":4}","{""10"":1,""11"":47,""12"":5,""14"":2,""15"":10,""16"":3,""18"":6,""19"":1,""21"":2,""3"":25,""4"":15,""5"":21,""6"":5,""7"":25,""8"":15,""9"":8}",64,"{""count"":64,""unique_topologies"":64,""topology_entropy_bits"":6.0,""effective_topology_count"":64.0,""triangle_like_count"":0,""triangle_like_fraction"":0.0,""mean_nodes"":6.9375,""mean_muscles"":10.578125,""node_counts"":{""10"":1,""11"":2,""4"":4,""5"":2,""6"":18,""7"":20,""8"":15,""9"":2},""muscle_counts"":{""10"":5,""11"":3,""12"":10,""13"":4,""14"":2,""15"":3,""16"":1,""17"":2,""20"":2,""21"":1,""23"":1,""4"":1,""5"":4,""6"":7,""7"":3,""8"":7,""9"":8}}",120,5.227833759676438,131,0.131,"{""10"":7,""12"":1,""3"":131,""4"":145,""5"":194,""6"":295,""7"":142,""8"":53,""9"":32}","{""10"":14,""11"":151,""12"":41,""13"":2,""14"":24,""15"":35,""16"":35,""17"":4,""18"":22,""19"":8,""20"":2,""21"":17,""22"":1,""24"":4,""25"":1,""3"":131,""4"":112,""5"":112,""6"":62,""7"":104,""8"":68,""9"":50}","{""Diagonal CMA-ES"":{""attempts"":303,""discoveries"":0,""improvements"":0,""insertions"":0,""insertion_rate"":0.0},""Immigrant"":{""attempts"":154,""discoveries"":0,""improvements"":0,""insertions"":0,""insertion_rate"":0.0},""Morphology"":{""attempts"":269,""discoveries"":0,""improvements"":2,""insertions"":2,""insertion_rate"":0.007434944237918215},""Novelty"":{""attempts"":274,""discoveries"":0,""improvements"":0,""insertions"":0,""insertion_rate"":0.0}}","{""Morphology"":175,""Novelty"":32}",0,0.8458781362007168,true,37000
42,274,275000,8.093893639,0.027371587,0.024890169,0.00100444,0.001476978,8.724184365,159.20169,48.742977,9292.911541581154,191,0.9947917,30,3.7343663397066065,25,0.13089005235602094,"{""10"":1,""3"":25,""4"":15,""5"":48,""6"":71,""7"":19,""8"":8,""9"":4}","{""10"":1,""11"":47,""12"":5,""14"":2,""15"":10,""16"":3,""18"":6,""19"":1,""21"":2,""3"":25,""4"":15,""5"":21,""6"":5,""7"":25,""8"":15,""9"":8}",64,"{""count"":64,""unique_topologies"":64,""topology_entropy_bits"":6.0,""effective_topology_count"":64.0,""triangle_like_count"":0,""triangle_like_fraction"":0.0,""mean_nodes"":7.0,""mean_muscles"":10.71875,""node_counts"":{""10"":1,""11"":2,""12"":1,""4"":4,""5"":2,""6"":18,""7"":20,""8"":14,""9"":2},""muscle_counts"":{""10"":5,""11"":3,""12"":10,""13"":4,""14"":2,""15"":2,""16"":1,""17"":2,""20"":2,""21"":1,""23"":1,""24"":1,""4"":1,""5"":4,""6"":7,""7"":3,""8"":7,""9"":8}}",130,5.356124262412669,135,0.135,"{""10"":6,""12"":1,""3"":135,""4"":141,""5"":197,""6"":277,""7"":152,""8"":59,""9"":32}","{""10"":15,""11"":139,""12"":53,""13"":6,""14"":27,""15"":45,""16"":26,""18"":24,""19"":8,""20"":5,""21"":12,""22"":2,""24"":3,""3"":135,""4"":105,""5"":116,""6"":60,""7"":112,""8"":55,""9"":52}","{""Diagonal CMA-ES"":{""attempts"":290,""discoveries"":0,""improvements"":0,""insertions"":0,""insertion_rate"":0.0},""Immigrant"":{""attempts"":150,""discoveries"":0,""improvements"":0,""insertions"":0,""insertion_rate"":0.0},""Morphology"":{""attempts"":309,""discoveries"":1,""improvements"":0,""insertions"":1,""insertion_rate"":0.003236245954692557},""Novelty"":{""attempts"":251,""discoveries"":0,""improvements"":0,""insertions"":0,""insertion_rate"":0.0}}","{""Morphology"":215,""Novelty"":27}",1,0.8458781362007168,false,1000
42,275,276000,8.124732086,0.030838446999999998,0.028047149,0.001024623,0.001766675,8.757270337,159.20169,48.742977,9292.911541581154,191,0.9947917,30,3.734366339706606,25,0.13089005235602094,"{""10"":1,""3"":25,""4"":15,""5"":48,""6"":71,""7"":19,""8"":8,""9"":4}","{""10"":1,""11"":47,""12"":5,""14"":2,""15"":10,""16"":3,""18"":6,""19"":1,""21"":2,""3"":25,""4"":15,""5"":21,""6"":5,""7"":25,""8"":15,""9"":8}",64,"{""count"":64,""unique_topologies"":64,""topology_entropy_bits"":6.0,""effective_topology_count"":64.0,""triangle_like_count"":0,""triangle_like_fraction"":0.0,""mean_nodes"":7.0,""mean_muscles"":10.78125,""node_counts"":{""10"":1,""11"":2,""12"":1,""4"":4,""5"":2,""6"":18,""7"":20,""8"":14,""9"":2},""muscle_counts"":{""10"":5,""11"":3,""12"":9,""13"":4,""14"":2,""15"":2,""16"":2,""17"":2,""20"":2,""21"":1,""23"":1,""24"":1,""4"":1,""5"":4,""6"":7,""7"":3,""8"":7,""9"":8}}",133,5.342192542201575,124,0.124,"{""10"":7,""11"":1,""12"":8,""13"":20,""3"":124,""4"":136,""5"":203,""6"":295,""7"":129,""8"":47,""9"":30}","{""10"":9,""11"":145,""12"":40,""13"":1,""14"":25,""15"":38,""16"":26,""17"":1,""18"":22,""19"":12,""20"":2,""21"":12,""22"":2,""24"":8,""25"":14,""27"":5,""28"":1,""3"":124,""30"":2,""4"":95,""5"":119,""6"":61,""7"":114,""8"":71,""9"":51}","{""Diagonal CMA-ES"":{""attempts"":301,""discoveries"":0,""improvements"":0,""insertions"":0,""insertion_rate"":0.0},""Immigrant"":{""attempts"":137,""discoveries"":0,""improvements"":0,""insertions"":0,""insertion_rate"":0.0},""Morphology"":{""attempts"":281,""discoveries"":1,""improvements"":0,""insertions"":1,""insertion_rate"":0.0035587188612099642},""Novelty"":{""attempts"":281,""discoveries"":0,""improvements"":0,""insertions"":0,""insertion_rate"":0.0}}","{""Morphology"":197,""Novelty"":25}",1,0.8458781362007168,false,2000
42,276,277000,8.158154059,0.033421973,0.030650858,0.001101797,0.001669318,8.79313811,159.20169,48.742977,9305.821770310402,191,0.9947917,29,3.7036394824727497,25,0.13089005235602094,"{""10"":1,""3"":25,""4"":15,""5"":49,""6"":71,""7"":18,""8"":8,""9"":4}","{""10"":1,""11"":47,""12"":5,""14"":2,""15"":10,""16"":3,""18"":6,""19"":1,""21"":2,""3"":25,""4"":15,""5"":21,""6"":5,""7"":26,""8"":15,""9"":7}",64,"{""count"":64,""unique_topologies"":64,""topology_entropy_bits"":6.0,""effective_topology_count"":64.0,""triangle_like_count"":0,""triangle_like_fraction"":0.0,""mean_nodes"":7.0,""mean_muscles"":10.78125,""node_counts"":{""10"":1,""11"":2,""12"":1,""4"":4,""5"":2,""6"":18,""7"":20,""8"":14,""9"":2},""muscle_counts"":{""10"":5,""11"":3,""12"":9,""13"":4,""14"":2,""15"":2,""16"":2,""17"":2,""20"":2,""21"":1,""23"":1,""24"":1,""4"":1,""5"":4,""6"":7,""7"":3,""8"":7,""9"":8}}",130,5.429604731063181,135,0.135,"{""10"":6,""11"":1,""12"":2,""13"":4,""3"":135,""4"":147,""5"":184,""6"":272,""7"":153,""8"":49,""9"":47}","{""10"":16,""11"":131,""12"":48,""13"":3,""14"":30,""15"":37,""16"":30,""17"":9,""18"":25,""19"":9,""20"":7,""21"":16,""22"":2,""24"":2,""25"":2,""27"":1,""28"":1,""3"":135,""30"":1,""4"":106,""5"":103,""6"":71,""7"":112,""8"":56,""9"":47}","{""Diagonal CMA-ES"":{""attempts"":294,""discoveries"":0,""improvements"":0,""insertions"":0,""insertion_rate"":0.0},""Immigrant"":{""attempts"":145,""discoveries"":0,""improvements"":0,""insertions"":0,""insertion_rate"":0.0},""Morphology"":{""attempts"":303,""discoveries"":0,""improvements"":2,""insertions"":2,""insertion_rate"":0.006600660066006601},""Novelty"":{""attempts"":258,""discoveries"":0,""improvements"":0,""insertions"":0,""insertion_rate"":0.0}}","{""Morphology"":222,""Novelty"":35}",0,0.8458781362007168,false,3000
42,277,278000,8.188164972,0.030010913,0.027395333,0.00109586,0.00151972,8.825738484,159.20169,48.742977,9305.821770310402,191,0.9947917,29,3.7036394824727497,25,0.13089005235602094,"{""10"":1,""3"":25,""4"":15,""5"":49,""6"":71,""7"":18,""8"":8,""9"":4}","{""10"":1,""11"":47,""12"":5,""14"":2,""15"":10,""16"":3,""18"":6,""19"":1,""21"":2,""3"":25,""4"":15,""5"":21,""6"":5,""7"":26,""8"":15,""9"":7}",64,"{""count"":64,""unique_topologies"":64,""topology_entropy_bits"":6.0,""effective_topology_count"":64.0,""triangle_like_count"":0,""triangle_like_fraction"":0.0,""mean_nodes"":7.0,""mean_muscles"":10.78125,""node_counts"":{""10"":1,""11"":2,""12"":1,""4"":4,""5"":2,""6"":18,""7"":20,""8"":14,""9"":2},""muscle_counts"":{""10"":5,""11"":3,""12"":9,""13"":4,""14"":2,""15"":2,""16"":2,""17"":2,""20"":2,""21"":1,""23"":1,""24"":1,""4"":1,""5"":4,""6"":7,""7"":3,""8"":7,""9"":8}}",122,5.187915672633485,117,0.117,"{""10"":5,""11"":1,""12"":7,""13"":9,""3"":117,""4"":153,""5"":198,""6"":291,""7"":131,""8"":45,""9"":43}","{""10"":16,""11"":158,""12"":38,""14"":24,""15"":44,""16"":30,""17"":5,""18"":22,""19"":14,""20"":5,""21"":13,""22"":2,""24"":9,""25"":4,""26"":1,""28"":1,""29"":2,""3"":117,""30"":1,""4"":126,""5"":99,""6"":65,""7"":104,""8"":62,""9"":38}","{""Diagonal CMA-ES"":{""attempts"":319,""discoveries"":0,""improvements"":0,""insertions"":0,""insertion_rate"":0.0},""Immigrant"":{""attempts"":146,""discoveries"":0,""improvements"":0,""insertions"":0,""insertion_rate"":0.0},""Morphology"":{""attempts"":284,""discoveries"":0,""improvements"":1,""insertions"":1,""insertion_rate"":0.0035211267605633804},""Novelty"":{""attempts"":251,""discoveries"":0,""improvements"":0,""insertions"":0,""insertion_rate"":0.0}}","{""Morphology"":178,""Novelty"":29}",0,0.8461538461538461,false,4000
42,278,279000,8.217830386,0.029665414,0.026825437,0.001164723,0.001675254,8.857944681,159.20169,48.742977,9305.821770310402,191,0.9947917,29,3.7036394824727497,25,0.13089005235602094,"{""10"":1,""3"":25,""4"":15,""5"":49,""6"":71,""7"":18,""8"":8,""9"":4}","{""10"":1,""11"":47,""12"":5,""14"":2,""15"":10,""16"":3,""18"":6,""19"":1,""21"":2,""3"":25,""4"":15,""5"":21,""6"":5,""7"":26,""8"":15,""9"":7}",64,"{""count"":64,""unique_topologies"":64,""topology_entropy_bits"":6.0,""effective_topology_count"":64.0,""triangle_like_count"":0,""triangle_like_fraction"":0.0,""mean_nodes"":7.0,""mean_muscles"":10.78125,""node_counts"":{""10"":1,""11"":2,""12"":1,""4"":4,""5"":2,""6"":18,""7"":20,""8"":14,""9"":2},""muscle_counts"":{""10"":5,""11"":3,""12"":9,""13"":4,""14"":2,""15"":2,""16"":2,""17"":2,""20"":2,""21"":1,""23"":1,""24"":1,""4"":1,""5"":4,""6"":7,""7"":3,""8"":7,""9"":8}}",134,5.280313929489021,132,0.132,"{""10"":7,""11"":1,""12"":1,""13"":1,""3"":132,""4"":149,""5"":188,""6"":304,""7"":131,""8"":51,""9"":35}","{""10"":12,""11"":157,""12"":37,""13"":1,""14"":24,""15"":45,""16"":27,""17"":3,""18"":21,""19"":12,""21"":11,""22"":4,""23"":1,""24"":1,""25"":1,""27"":1,""3"":132,""4"":106,""5"":110,""6"":67,""7"":112,""8"":61,""9"":54}","{""Diagonal CMA-ES"":{""attempts"":315,""discoveries"":0,""improvements"":0,""insertions"":0,""insertion_rate"":0.0},""Immigrant"":{""attempts"":149,""discoveries"":0,""improvements"":0,""insertions"":0,""insertion_rate"":0.0},""Morphology"":{""attempts"":290,""discoveries"":0,""improvements"":1,""insertions"":1,""insertion_rate"":0.0034482758620689655},""Novelty"":{""attempts"":246,""discoveries"":0,""improvements"":0,""insertions"":0,""insertion_rate"":0.0}}","{""Morphology"":194,""Novelty"":34}",0,0.8464285714285714,false,5000
42,279,280000,8.245308827999999,0.027478442,0.025074197,0.00107449,0.001329755,8.887792937,159.20169,48.879112,9317.612671494484,191,0.9947917,28,3.693168278284268,25,0.13089005235602094,"{""10"":1,""3"":25,""4"":15,""5"":49,""6"":72,""7"":17,""8"":8,""9"":4}","{""11"":47,""12"":5,""14"":2,""15"":10,""16"":3,""18"":6,""19"":1,""21"":2,""3"":25,""4"":15,""5"":21,""6"":5,""7"":27,""8"":15,""9"":7}",64,"{""count"":64,""unique_topologies"":64,""topology_entropy_bits"":6.0,""effective_topology_count"":64.0,""triangle_like_count"":0,""triangle_like_fraction"":0.0,""mean_nodes"":7.046875,""mean_muscles"":10.890625,""node_counts"":{""10"":1,""11"":2,""12"":1,""4"":4,""5"":2,""6"":17,""7"":20,""8"":14,""9"":3},""muscle_counts"":{""10"":5,""11"":3,""12"":9,""13"":4,""14"":3,""15"":2,""16"":2,""17"":2,""20"":2,""21"":1,""23"":1,""24"":1,""4"":1,""5"":4,""6"":7,""7"":2,""8"":7,""9"":8}}",141,5.20933830274256,112,0.112,"{""10"":7,""12"":1,""3"":112,""4"":135,""5"":179,""6"":347,""7"":132,""8"":52,""9"":35}","{""10"":10,""11"":210,""12"":43,""13"":3,""14"":33,""15"":34,""16"":24,""17"":5,""18"":25,""19"":14,""20"":3,""21"":10,""24"":3,""3"":112,""4"":95,""5"":100,""6"":71,""7"":100,""8"":63,""9"":42}","{""Diagonal CMA-ES"":{""attempts"":333,""discoveries"":0,""improvements"":1,""insertions"":1,""insertion_rate"":0.003003003003003003},""Immigrant"":{""attempts"":137,""discoveries"":0,""improvements"":0,""insertions"":0,""insertion_rate"":0.0},""Morphology"":{""attempts"":275,""discoveries"":1,""improvements"":0,""insertions"":1,""insertion_rate"":0.0036363636363636364},""Novelty"":{""attempts"":255,""discoveries"":0,""improvements"":0,""insertions"":0,""insertion_rate"":0.0}}","{""Morphology"":190,""Novelty"":36}",1,0.8464285714285714,false,6000
42,280,281000,8.272378844999999,0.027070017000000002,0.024783313,0.0010175,0.001269204,8.91701787,159.20169,49.69382,9353.356529831886,191,0.9947917,27,3.656614215194078,25,0.13089005235602094,"{""10"":1,""3"":25,""4"":15,""5"":49,""6"":72,""7"":17,""8"":8,""9"":4}","{""11"":48,""12"":5,""14"":2,""15"":10,""16"":3,""18"":6,""19"":1,""21"":2,""3"":25,""4"":15,""5"":21,""6"":5,""7"":26,""8"":15,""9"":7}",64,"{""count"":64,""unique_topologies"":64,""topology_entropy_bits"":6.0,""effective_topology_count"":64.0,""triangle_like_count"":0,""triangle_like_fraction"":0.0,""mean_nodes"":6.984375,""mean_muscles"":10.765625,""node_counts"":{""10"":1,""11"":2,""12"":1,""4"":4,""5"":3,""6"":17,""7"":20,""8"":14,""9"":2},""muscle_counts"":{""10"":5,""11"":3,""12"":9,""13"":4,""14"":2,""15"":2,""16"":2,""17"":2,""20"":2,""21"":1,""23"":1,""24"":1,""4"":1,""5"":4,""6"":8,""7"":2,""8"":7,""9"":8}}",131,5.182457139409701,132,0.132,"{""10"":26,""3"":132,""4"":152,""5"":206,""6"":291,""7"":120,""8"":41,""9"":32}","{""10"":8,""11"":157,""12"":38,""14"":32,""15"":47,""16"":23,""17"":7,""18"":29,""19"":13,""20"":3,""21"":8,""22"":2,""24"":1,""3"":132,""4"":115,""5"":131,""6"":82,""7"":83,""8"":52,""9"":37}","{""Diagonal CMA-ES"":{""attempts"":281,""discoveries"":0,""improvements"":0,""insertions"":0,""insertion_rate"":0.0},""Immigrant"":{""attempts"":164,""discoveries"":0,""improvements"":0,""insertions"":0,""insertion_rate"":0.0},""Morphology"":{""attempts"":296,""discoveries"":1,""improvements"":2,""insertions"":3,""insertion_rate"":0.010135135135135136},""Novelty"":{""attempts"":259,""discoveries"":0,""improvements"":1,""insertions"":1,""insertion_rate"":0.003861003861003861}}","{""Morphology"":203,""Novelty"":33}",1,0.8464285714285714,false,7000
42,281,282000,8.299546219999998,0.027167375,0.024839116,0.001068553,0.001259706,8.946169192,159.20169,49.69382,9354.266594529152,191,0.9947917,27,3.6566142151940775,25,0.13089005235602094,"{""10"":1,""3"":25,""4"":15,""5"":49,""6"":72,""7"":17,""8"":8,""9"":4}","{""11"":48,""12"":5,""14"":2,""15"":10,""16"":3,""18"":6,""19"":1,""21"":2,""3"":25,""4"":15,""5"":21,""6"":5,""7"":26,""8"":15,""9"":7}",64,"{""count"":64,""unique_topologies"":64,""topology_entropy_bits"":6.0,""effective_topology_count"":64.0,""triangle_like_count"":0,""triangle_like_fraction"":0.0,""mean_nodes"":7.015625,""mean_muscles"":10.859375,""node_counts"":{""10"":1,""11"":2,""12"":1,""4"":4,""5"":2,""6"":17,""7"":21,""8"":14,""9"":2},""muscle_counts"":{""10"":5,""11"":3,""12"":10,""13"":4,""14"":2,""15"":2,""16"":2,""17"":2,""20"":2,""21"":1,""23"":1,""24"":1,""4"":1,""5"":4,""6"":7,""7"":2,""8"":7,""9"":8}}",113,4.994042784975618,135,0.135,"{""10"":3,""11"":1,""12"":1,""3"":135,""4"":144,""5"":221,""6"":324,""7"":108,""8"":47,""9"":16}","{""10"":6,""11"":172,""12"":32,""13"":2,""14"":24,""15"":36,""16"":23,""18"":26,""19"":6,""20"":2,""21"":9,""22"":1,""24"":2,""3"":135,""4"":110,""5"":130,""6"":76,""7"":102,""8"":61,""9"":45}","{""Diagonal CMA-ES"":{""attempts"":289,""discoveries"":0,""improvements"":0,""insertions"":0,""insertion_rate"":0.0},""Immigrant"":{""attempts"":146,""discoveries"":0,""improvements"":0,""insertions"":0,""insertion_rate"":0.0},""Morphology"":{""attempts"":300,""discoveries"":1,""improvements"":1,""insertions"":2,""insertion_rate"":0.006666666666666667},""Novelty"":{""attempts"":265,""discoveries"":0,""improvements"":0,""insertions"":0,""insertion_rate"":0.0}}","{""Morphology"":196,""Novelty"":23}",1,0.8464285714285714,false,8000
42,282,283000,8.326241056999999,0.026694837,0.024511426,0.000971196,0.001212215,8.974680569,159.20169,49.69382,9354.266594529152,191,0.9947917,27,3.656614215194078,25,0.13089005235602094,"{""10"":1,""3"":25,""4"":15,""5"":49,""6"":72,""7"":17,""8"":8,""9"":4}","{""11"":48,""12"":5,""14"":2,""15"":10,""16"":3,""18"":6,""19"":1,""21"":2,""3"":25,""4"":15,""5"":21,""6"":5,""7"":26,""8"":15,""9"":7}",64,"{""count"":64,""unique_topologies"":64,""topology_entropy_bits"":6.0,""effective_topology_count"":64.0,""triangle_like_count"":0,""triangle_like_fraction"":0.0,""mean_nodes"":7.0,""mean_muscles"":10.8125,""node_counts"":{""10"":1,""11"":2,""12"":1,""4"":4,""5"":2,""6"":18,""7"":20,""8"":14,""9"":2},""muscle_counts"":{""10"":5,""11"":3,""12"":9,""13"":4,""14"":2,""15"":2,""16"":2,""17"":2,""20"":2,""21"":1,""23"":1,""24"":1,""4"":1,""5"":4,""6"":7,""7"":2,""8"":7,""9"":9}}",126,5.084558691609251,152,0.152,"{""10"":7,""3"":152,""4"":109,""5"":211,""6"":289,""7"":146,""8"":66,""9"":20}","{""10"":10,""11"":178,""12"":65,""13"":15,""14"":25,""15"":40,""16"":25,""17"":6,""18"":21,""19"":10,""20"":4,""21"":7,""22"":1,""24"":1,""3"":152,""4"":76,""5"":140,""6"":68,""7"":75,""8"":44,""9"":37}","{""Diagonal CMA-ES"":{""attempts"":314,""discoveries"":0,""improvements"":0,""insertions"":0,""insertion_rate"":0.0},""Immigrant"":{""attempts"":126,""discoveries"":0,""improvements"":0,""insertions"":0,""insertion_rate"":0.0},""Morphology"":{""attempts"":338,""discoveries"":1,""improvements"":2,""insertions"":3,""insertion_rate"":0.008875739644970414},""Novelty"":{""attempts"":222,""discoveries"":0,""improvements"":0,""insertions"":0,""insertion_rate"":0.0}}","{""Morphology"":226,""Novelty"":28}",1,0.8449197860962567,false,9000
42,283,284000,8.355728377999998,0.029487321,0.026656843,0.001516158,0.00131432,9.006594695,159.20169,49.859768,9425.857702851295,191,0.9947917,26,3.624598362171563,26,0.13612565445026178,"{""10"":1,""3"":26,""4"":14,""5"":49,""6"":72,""7"":17,""8"":8,""9"":4}","{""11"":48,""12"":5,""14"":2,""15"":10,""16"":3,""18"":6,""19"":1,""21"":2,""3"":26,""4"":14,""5"":21,""6"":5,""7"":26,""8"":15,""9"":7}",64,"{""count"":64,""unique_topologies"":64,""topology_entropy_bits"":6.0,""effective_topology_count"":64.0,""triangle_like_count"":0,""triangle_like_fraction"":0.0,""mean_nodes"":7.03125,""mean_muscles"":10.921875,""node_counts"":{""10"":1,""11"":2,""12"":1,""4"":4,""5"":2,""6"":17,""7"":20,""8"":15,""9"":2},""muscle_counts"":{""10"":5,""11"":3,""12"":9,""13"":4,""14"":2,""15"":2,""16"":3,""17"":2,""20"":2,""21"":1,""23"":1,""24"":1,""4"":1,""5"":4,""6"":7,""7"":2,""8"":7,""9"":8}}",123,4.97198875033924,162,0.162,"{""10"":5,""12"":1,""13"":1,""3"":162,""4"":122,""5"":225,""6"":283,""7"":142,""8"":41,""9"":18}","{""10"":21,""11"":172,""12"":48,""14"":20,""15"":43,""16"":20,""18"":19,""19"":9,""20"":2,""21"":10,""22"":2,""24"":3,""28"":1,""3"":162,""4"":97,""5"":131,""6"":63,""7"":96,""8"":37,""9"":44}","{""Diagonal CMA-ES"":{""attempts"":269,""discoveries"":0,""improvements"":0,""insertions"":0,""insertion_rate"":0.0},""Immigrant"":{""attempts"":148,""discoveries"":0,""improvements"":0,""insertions"":0,""insertion_rate"":0.0},""Morphology"":{""attempts"":312,""discoveries"":1,""improvements"":3,""insertions"":4,""insertion_rate"":0.01282051282051282},""Novelty"":{""attempts"":271,""discoveries"":0,""improvements"":0,""insertions"":0,""insertion_rate"":0.0}}","{""Morphology"":187,""Novelty"":30}",1,0.8434163701067615,false,10000
42,284,285000,8.392009324999998,0.036280946999999994,0.033661804,0.001045995,0.001573148,9.045120791,159.20169,49.859768,9425.857702851295,191,0.9947917,26,3.624598362171563,26,0.13612565445026178,"{""10"":1,""3"":26,""4"":14,""5"":49,""6"":72,""7"":17,""8"":8,""9"":4}","{""11"":48,""12"":5,""14"":2,""15"":10,""16"":3,""18"":6,""19"":1,""21"":2,""3"":26,""4"":14,""5"":21,""6"":5,""7"":26,""8"":15,""9"":7}",64,"{""count"":64,""unique_topologies"":64,""topology_entropy_bits"":6.0,""effective_topology_count"":64.0,""triangle_like_count"":0,""triangle_like_fraction"":0.0,""mean_nodes"":7.03125,""mean_muscles"":10.921875,""node_counts"":{""10"":1,""11"":2,""12"":1,""4"":4,""5"":2,""6"":17,""7"":20,""8"":15,""9"":2},""muscle_counts"":{""10"":5,""11"":3,""12"":9,""13"":4,""14"":2,""15"":2,""16"":3,""17"":2,""20"":2,""21"":1,""23"":1,""24"":1,""4"":1,""5"":4,""6"":7,""7"":2,""8"":7,""9"":8}}",123,5.067339215926639,142,0.142,"{""10"":2,""3"":142,""4"":112,""5"":242,""6"":280,""7"":134,""8"":47,""9"":41}","{""10"":9,""11"":159,""12"":37,""13"":4,""14"":25,""15"":43,""16"":29,""17"":11,""18"":24,""19"":9,""20"":6,""21"":9,""22"":1,""24"":2,""25"":1,""3"":142,""4"":82,""5"":150,""6"":87,""7"":80,""8"":52,""9"":38}","{""Diagonal CMA-ES"":{""attempts"":283,""discoveries"":0,""improvements"":0,""insertions"":0,""insertion_rate"":0.0},""Immigrant"":{""attempts"":148,""discoveries"":0,""improvements"":0,""insertions"":0,""insertion_rate"":0.0},""Morphology"":{""attempts"":322,""discoveries"":0,""improvements"":0,""insertions"":0,""insertion_rate"":0.0},""Novelty"":{""attempts"":247,""discoveries"":0,""improvements"":0,""insertions"":0,""insertion_rate"":0.0}}","{""Morphology"":211,""Novelty"":33}",0,0.8419182948490231,false,11000
42,285,286000,8.426872657999999,0.034863333,0.032176515,0.001105359,0.001581459,9.082331379,159.20169,49.859768,9429.471365571022,191,0.9947917,26,3.6245983621715627,26,0.13612565445026178,"{""10"":1,""3"":26,""4"":14,""5"":49,""6"":72,""7"":17,""8"":8,""9"":4}","{""11"":48,""12"":5,""14"":2,""15"":10,""16"":3,""18"":6,""19"":1,""21"":2,""3"":26,""4"":14,""5"":21,""6"":5,""7"":26,""8"":15,""9"":7}",64,"{""count"":64,""unique_topologies"":64,""topology_entropy_bits"":6.0,""effective_topology_count"":64.0,""triangle_like_count"":0,""triangle_like_fraction"":0.0,""mean_nodes"":7.03125,""mean_muscles"":10.921875,""node_counts"":{""10"":1,""11"":2,""12"":1,""4"":4,""5"":2,""6"":17,""7"":20,""8"":15,""9"":2},""muscle_counts"":{""10"":5,""11"":3,""12"":9,""13"":4,""14"":2,""15"":2,""16"":3,""17"":2,""20"":2,""21"":1,""23"":1,""24"":1,""4"":1,""5"":4,""6"":7,""7"":2,""8"":7,""9"":8}}",124,5.297815783851994,122,0.122,"{""10"":9,""3"":122,""4"":133,""5"":238,""6"":263,""7"":133,""8"":60,""9"":42}","{""10"":3,""11"":132,""12"":42,""14"":31,""15"":40,""16"":46,""17"":8,""18"":21,""19"":15,""20"":2,""21"":16,""22"":3,""24"":2,""25"":1,""3"":122,""4"":94,""5"":156,""6"":66,""7"":110,""8"":55,""9"":35}","{""Diagonal CMA-ES"":{""attempts"":292,""discoveries"":0,""improvements"":0,""insertions"":0,""insertion_rate"":0.0},""Immigrant"":{""attempts"":143,""discoveries"":0,""improvements"":0,""insertions"":0,""insertion_rate"":0.0},""Morphology"":{""attempts"":311,""discoveries"":0,""improvements"":1,""insertions"":1,""insertion_rate"":0.003215434083601286},""Novelty"":{""attempts"":254,""discoveries"":0,""improvements"":0,""insertions"":0,""insertion_rate"":0.0}}","{""Morphology"":217,""Novelty"":38}",0,0.8404255319148937,false,12000
42,286,287000,8.463147668,0.036275009999999996,0.033627373,0.00109586,0.001551777,9.121163794,159.20169,49.859768,9432.805235505104,191,0.9947917,26,3.6245983621715636,26,0.13612565445026178,"{""10"":1,""3"":26,""4"":14,""5"":49,""6"":72,""7"":17,""8"":8,""9"":4}","{""11"":48,""12"":5,""14"":2,""15"":10,""16"":3,""18"":6,""19"":1,""21"":2,""3"":26,""4"":14,""5"":21,""6"":5,""7"":26,""8"":15,""9"":7}",64,"{""count"":64,""unique_topologies"":64,""topology_entropy_bits"":6.0,""effective_topology_count"":64.0,""triangle_like_count"":0,""triangle_like_fraction"":0.0,""mean_nodes"":7.03125,""mean_muscles"":10.890625,""node_counts"":{""10"":1,""11"":2,""12"":1,""4"":4,""5"":2,""6"":17,""7"":20,""8"":15,""9"":2},""muscle_counts"":{""10"":5,""11"":3,""12"":9,""13"":4,""14"":3,""15"":2,""16"":2,""17"":2,""20"":2,""21"":1,""23"":1,""24"":1,""4"":1,""5"":4,""6"":7,""7"":2,""8"":7,""9"":8}}",134,5.236162791160175,105,0.105,"{""10"":5,""3"":105,""4"":140,""5"":226,""6"":298,""7"":142,""8"":54,""9"":30}","{""10"":9,""11"":180,""12"":46,""13"":7,""14"":34,""15"":34,""16"":26,""17"":4,""18"":19,""19"":14,""20"":1,""21"":9,""24"":3,""25"":1,""29"":1,""3"":105,""4"":93,""5"":170,""6"":60,""7"":94,""8"":51,""9"":39}","{""Diagonal CMA-ES"":{""attempts"":291,""discoveries"":0,""improvements"":0,""insertions"":0,""insertion_rate"":0.0},""Immigrant"":{""attempts"":153,""discoveries"":0,""improvements"":0,""insertions"":0,""insertion_rate"":0.0},""Morphology"":{""attempts"":315,""discoveries"":1,""improvements"":1,""insertions"":2,""insertion_rate"":0.006349206349206349},""Novelty"":{""attempts"":241,""discoveries"":0,""improvements"":0,""insertions"":0,""insertion_rate"":0.0}}","{""Morphology"":231,""Novelty"":38}",1,0.8389380530973451,false,13000
42,287,288000,8.497025557999999,0.03387789,0.031198195,0.00110061,0.001579085,9.157194225,159.20169,49.859768,9432.805235505104,191,0.9947917,26,3.6245983621715636,26,0.13612565445026178,"{""10"":1,""3"":26,""4"":14,""5"":49,""6"":72,""7"":17,""8"":8,""9"":4}","{""11"":48,""12"":5,""14"":2,""15"":10,""16"":3,""18"":6,""19"":1,""21"":2,""3"":26,""4"":14,""5"":21,""6"":5,""7"":26,""8"":15,""9"":7}",64,"{""count"":64,""unique_topologies"":64,""topology_entropy_bits"":6.0,""effective_topology_count"":64.0,""triangle_like_count"":0,""triangle_like_fraction"":0.0,""mean_nodes"":7.03125,""mean_muscles"":10.890625,""node_counts"":{""10"":1,""11"":2,""12"":1,""4"":4,""5"":2,""6"":17,""7"":20,""8"":15,""9"":2},""muscle_counts"":{""10"":5,""11"":3,""12"":9,""13"":4,""14"":3,""15"":2,""16"":2,""17"":2,""20"":2,""21"":1,""23"":1,""24"":1,""4"":1,""5"":4,""6"":7,""7"":2,""8"":7,""9"":8}}",115,5.227515446422856,123,0.123,"{""10"":7,""3"":123,""4"":129,""5"":207,""6"":301,""7"":131,""8"":61,""9"":41}","{""10"":3,""11"":154,""12"":50,""13"":3,""14"":34,""15"":48,""16"":33,""17"":1,""18"":26,""19"":6,""20"":2,""21"":13,""24"":3,""25"":2,""3"":123,""4"":87,""5"":125,""6"":64,""7"":112,""8"":67,""9"":44}","{""Diagonal CMA-ES"":{""attempts"":310,""discoveries"":0,""improvements"":0,""insertions"":0,""insertion_rate"":0.0},""Immigrant"":{""attempts"":124,""discoveries"":0,""improvements"":0,""insertions"":0,""insertion_rate"":0.0},""Morphology"":{""attempts"":316,""discoveries"":0,""improvements"":0,""insertions"":0,""insertion_rate"":0.0},""Novelty"":{""attempts"":250,""discoveries"":0,""improvements"":0,""insertions"":0,""insertion_rate"":0.0}}","{""Morphology"":205,""Novelty"":25}",0,0.8389380530973451,false,14000
42,288,289000,8.533389617,0.036364059,0.033601255,0.001107734,0.00165507,9.196083632,159.20169,50.199276,9449.07386648655,191,0.9947917,27,3.657996135169426,26,0.13612565445026178,"{""10"":1,""3"":26,""4"":13,""5"":50,""6"":71,""7"":17,""8"":8,""9"":5}","{""11"":47,""12"":5,""14"":2,""15"":10,""16"":3,""17"":1,""18"":6,""19"":1,""21"":2,""3"":26,""4"":13,""5"":22,""6"":5,""7"":26,""8"":15,""9"":7}",64,"{""count"":64,""unique_topologies"":64,""topology_entropy_bits"":6.0,""effective_topology_count"":64.0,""triangle_like_count"":0,""triangle_like_fraction"":0.0,""mean_nodes"":7.03125,""mean_muscles"":10.890625,""node_counts"":{""10"":1,""11"":2,""12"":1,""4"":4,""5"":2,""6"":17,""7"":20,""8"":15,""9"":2},""muscle_counts"":{""10"":5,""11"":3,""12"":9,""13"":4,""14"":3,""15"":2,""16"":2,""17"":2,""20"":2,""21"":1,""23"":1,""24"":1,""4"":1,""5"":4,""6"":7,""7"":2,""8"":7,""9"":8}}",123,5.268956757935953,121,0.121,"{""10"":6,""3"":121,""4"":144,""5"":193,""6"":290,""7"":146,""8"":51,""9"":49}","{""10"":10,""11"":148,""12"":46,""13"":1,""14"":34,""15"":50,""16"":33,""17"":5,""18"":29,""19"":12,""20"":2,""21"":11,""24"":1,""25"":3,""3"":121,""4"":110,""5"":108,""6"":55,""7"":106,""8"":73,""9"":42}","{""Diagonal CMA-ES"":{""attempts"":302,""discoveries"":0,""improvements"":0,""insertions"":0,""insertion_rate"":0.0},""Immigrant"":{""attempts"":149,""discoveries"":0,""improvements"":0,""insertions"":0,""insertion_rate"":0.0},""Morphology"":{""attempts"":299,""discoveries"":0,""improvements"":2,""insertions"":2,""insertion_rate"":0.006688963210702341},""Novelty"":{""attempts"":250,""discoveries"":0,""improvements"":0,""insertions"":0,""insertion_rate"":0.0}}","{""Morphology"":210,""Novelty"":24}",0,0.8389380530973451,false,15000
42,289,290000,8.569459232,0.036069615,0.033274753,0.001233586,0.001561276,9.234753392,159.20169,50.199276,9450.67426931858,191,0.9947917,27,3.6579961351694266,26,0.13612565445026178,"{""10"":1,""3"":26,""4"":13,""5"":50,""6"":71,""7"":17,""8"":8,""9"":5}","{""11"":47,""12"":5,""14"":2,""15"":10,""16"":3,""17"":1,""18"":6,""19"":1,""21"":2,""3"":26,""4"":13,""5"":22,""6"":5,""7"":26,""8"":15,""9"":7}",64,"{""count"":64,""unique_topologies"":64,""topology_entropy_bits"":6.0,""effective_topology_count"":64.0,""triangle_like_count"":0,""triangle_like_fraction"":0.0,""mean_nodes"":7.03125,""mean_muscles"":10.890625,""node_counts"":{""10"":1,""11"":2,""12"":1,""4"":4,""5"":2,""6"":17,""7"":20,""8"":15,""9"":2},""muscle_counts"":{""10"":5,""11"":3,""12"":9,""13"":4,""14"":3,""15"":2,""16"":2,""17"":2,""20"":2,""21"":1,""23"":1,""24"":1,""4"":1,""5"":4,""6"":7,""7"":2,""8"":7,""9"":8}}",125,5.388674091889863,112,0.112,"{""10"":11,""3"":112,""4"":138,""5"":207,""6"":260,""7"":177,""8"":44,""9"":51}","{""10"":4,""11"":122,""12"":91,""13"":2,""14"":34,""15"":41,""16"":25,""17"":15,""18"":25,""19"":10,""20"":2,""21"":14,""22"":2,""24"":3,""3"":112,""4"":90,""5"":125,""6"":65,""7"":112,""8"":61,""9"":45}","{""Diagonal CMA-ES"":{""attempts"":326,""discoveries"":0,""improvements"":0,""insertions"":0,""insertion_rate"":0.0},""Immigrant"":{""attempts"":144,""discoveries"":0,""improvements"":0,""insertions"":0,""insertion_rate"":0.0},""Morphology"":{""attempts"":313,""discoveries"":0,""improvements"":2,""insertions"":2,""insertion_rate"":0.006389776357827476},""Novelty"":{""attempts"":217,""discoveries"":0,""improvements"":0,""insertions"":0,""insertion_rate"":0.0}}","{""Morphology"":204,""Novelty"":28}",0,0.8392226148409894,false,16000
42,290,291000,8.604973198,0.035513965999999994,0.032679925,0.0012229,0.001611141,9.273012352,159.20169,50.199276,9468.762587189674,191,0.9947917,27,3.657996135169426,26,0.13612565445026178,"{""10"":1,""3"":26,""4"":13,""5"":50,""6"":71,""7"":17,""8"":8,""9"":5}","{""11"":47,""12"":5,""14"":2,""15"":10,""16"":3,""17"":1,""18"":6,""19"":1,""21"":2,""3"":26,""4"":13,""5"":22,""6"":5,""7"":26,""8"":15,""9"":7}",64,"{""count"":64,""unique_topologies"":64,""topology_entropy_bits"":6.0,""effective_topology_count"":64.0,""triangle_like_count"":0,""triangle_like_fraction"":0.0,""mean_nodes"":7.03125,""mean_muscles"":10.890625,""node_counts"":{""10"":1,""11"":2,""12"":1,""4"":4,""5"":2,""6"":17,""7"":20,""8"":15,""9"":2},""muscle_counts"":{""10"":5,""11"":3,""12"":9,""13"":4,""14"":3,""15"":2,""16"":2,""17"":2,""20"":2,""21"":1,""23"":1,""24"":1,""4"":1,""5"":4,""6"":7,""7"":2,""8"":7,""9"":8}}",125,5.3200646110966465,132,0.132,"{""10"":6,""11"":2,""12"":2,""13"":1,""3"":132,""4"":134,""5"":200,""6"":269,""7"":167,""8"":45,""9"":42}","{""10"":9,""11"":115,""12"":76,""13"":3,""14"":26,""15"":45,""16"":24,""17"":9,""18"":23,""19"":10,""20"":4,""21"":16,""22"":3,""25"":2,""27"":1,""29"":1,""3"":132,""4"":92,""5"":118,""6"":68,""7"":114,""8"":69,""9"":40}","{""Diagonal CMA-ES"":{""attempts"":328,""discoveries"":0,""improvements"":0,""insertions"":0,""insertion_rate"":0.0},""Immigrant"":{""attempts"":145,""discoveries"":0,""improvements"":0,""insertions"":0,""insertion_rate"":0.0},""Morphology"":{""attempts"":292,""discoveries"":0,""improvements"":3,""insertions"":3,""insertion_rate"":0.010273972602739725},""Novelty"":{""attempts"":235,""discoveries"":0,""improvements"":0,""insertions"":0,""insertion_rate"":0.0}}","{""Morphology"":195,""Novelty"":30}",0,0.8392226148409894,false,17000
42,291,292000,8.641102174,0.036128976,0.033381608,0.001167097,0.001580271,9.311401914,159.20169,50.199276,9481.866989731789,191,0.9947917,27,3.6739664289594645,26,0.13612565445026178,"{""10"":1,""3"":26,""4"":13,""5"":50,""6"":69,""7"":19,""8"":8,""9"":5}","{""11"":46,""12"":7,""14"":2,""15"":10,""16"":3,""17"":1,""18"":6,""19"":1,""21"":2,""3"":26,""4"":13,""5"":22,""6"":5,""7"":26,""8"":15,""9"":6}",64,"{""count"":64,""unique_topologies"":64,""topology_entropy_bits"":6.0,""effective_topology_count"":64.0,""triangle_like_count"":0,""triangle_like_fraction"":0.0,""mean_nodes"":7.03125,""mean_muscles"":10.890625,""node_counts"":{""10"":1,""11"":2,""12"":1,""4"":4,""5"":2,""6"":17,""7"":20,""8"":15,""9"":2},""muscle_counts"":{""10"":5,""11"":3,""12"":9,""13"":4,""14"":3,""15"":2,""16"":2,""17"":2,""20"":2,""21"":1,""23"":1,""24"":1,""4"":1,""5"":4,""6"":7,""7"":2,""8"":7,""9"":8}}",142,5.207582478477303,108,0.108,"{""10"":7,""11"":1,""12"":1,""3"":108,""4"":118,""5"":162,""6"":333,""7"":182,""8"":56,""9"":32}","{""10"":14,""11"":206,""12"":85,""13"":6,""14"":27,""15"":46,""16"":30,""17"":7,""18"":23,""19"":4,""20"":2,""21"":11,""22"":4,""24"":2,""25"":1,""3"":108,""4"":91,""5"":94,""6"":50,""7"":95,""8"":57,""9"":37}","{""Diagonal CMA-ES"":{""attempts"":304,""discoveries"":0,""improvements"":0,""insertions"":0,""insertion_rate"":0.0},""Immigrant"":{""attempts"":136,""discoveries"":0,""improvements"":0,""insertions"":0,""insertion_rate"":0.0},""Morphology"":{""attempts"":308,""discoveries"":0,""improvements"":1,""insertions"":1,""insertion_rate"":0.003246753246753247},""Novelty"":{""attempts"":252,""discoveries"":0,""improvements"":1,""insertions"":1,""insertion_rate"":0.003968253968253968}}","{""Morphology"":209,""Novelty"":31}",0,0.8392226148409894,false,18000
42,292,293000,8.677868722,0.036766548,0.033924195,0.001116045,0.001726308,9.350643943,159.20169,50.199276,9481.866989731789,191,0.9947917,27,3.673966428959464,26,0.13612565445026178,"{""10"":1,""3"":26,""4"":13,""5"":50,""6"":69,""7"":19,""8"":8,""9"":5}","{""11"":46,""12"":7,""14"":2,""15"":10,""16"":3,""17"":1,""18"":6,""19"":1,""21"":2,""3"":26,""4"":13,""5"":22,""6"":5,""7"":26,""8"":15,""9"":6}",64,"{""count"":64,""unique_topologies"":64,""topology_entropy_bits"":6.0,""effective_topology_count"":64.0,""triangle_like_count"":0,""triangle_like_fraction"":0.0,""mean_nodes"":7.03125,""mean_muscles"":10.890625,""node_counts"":{""10"":1,""11"":2,""12"":1,""4"":4,""5"":2,""6"":17,""7"":20,""8"":15,""9"":2},""muscle_counts"":{""10"":5,""11"":3,""12"":9,""13"":4,""14"":3,""15"":2,""16"":2,""17"":2,""20"":2,""21"":1,""23"":1,""24"":1,""4"":1,""5"":4,""6"":7,""7"":2,""8"":7,""9"":8}}",126,5.2886031498531905,120,0.12,"{""10"":7,""12"":1,""3"":120,""4"":133,""5"":208,""6"":281,""7"":156,""8"":58,""9"":36}","{""10"":12,""11"":142,""12"":72,""13"":3,""14"":20,""15"":39,""16"":32,""17"":7,""18"":25,""19"":8,""20"":2,""21"":16,""22"":1,""24"":1,""25"":1,""3"":120,""4"":98,""5"":114,""6"":57,""7"":121,""8"":63,""9"":46}","{""Diagonal CMA-ES"":{""attempts"":305,""discoveries"":0,""improvements"":0,""insertions"":0,""insertion_rate"":0.0},""Immigrant"":{""attempts"":150,""discoveries"":0,""improvements"":0,""insertions"":0,""insertion_rate"":0.0},""Morphology"":{""attempts"":291,""discoveries"":0,""improvements"":1,""insertions"":1,""insertion_rate"":0.003436426116838488},""Novelty"":{""attempts"":254,""discoveries"":0,""improvements"":0,""insertions"":0,""insertion_rate"":0.0}}","{""Morphology"":191,""Novelty"":24}",0,0.8392226148409894,false,19000
42,293,294000,8.714034505999999,0.036165784,0.033440972,0.001150476,0.001574336,9.389280459,159.20169,50.199276,9484.0228048563,191,0.9947917,27,3.6739664289594645,26,0.13612565445026178,"{""10"":1,""3"":26,""4"":13,""5"":50,""6"":69,""7"":19,""8"":8,""9"":5}","{""11"":46,""12"":7,""14"":2,""15"":10,""16"":3,""17"":1,""18"":6,""19"":1,""21"":2,""3"":26,""4"":13,""5"":22,""6"":5,""7"":26,""8"":15,""9"":6}",64,"{""count"":64,""unique_topologies"":64,""topology_entropy_bits"":6.0,""effective_topology_count"":64.0,""triangle_like_count"":0,""triangle_like_fraction"":0.0,""mean_nodes"":7.03125,""mean_muscles"":10.890625,""node_counts"":{""10"":1,""11"":2,""12"":1,""4"":4,""5"":2,""6"":17,""7"":20,""8"":15,""9"":2},""muscle_counts"":{""10"":5,""11"":3,""12"":9,""13"":4,""14"":3,""15"":2,""16"":2,""17"":2,""20"":2,""21"":1,""23"":1,""24"":1,""4"":1,""5"":4,""6"":7,""7"":2,""8"":7,""9"":8}}",128,5.269040851660577,131,0.131,"{""10"":10,""3"":131,""4"":127,""5"":191,""6"":281,""7"":170,""8"":56,""9"":34}","{""10"":15,""11"":151,""12"":62,""13"":5,""14"":29,""15"":47,""16"":27,""17"":7,""18"":22,""19"":8,""20"":4,""21"":14,""22"":4,""25"":1,""26"":1,""3"":131,""4"":96,""5"":94,""6"":59,""7"":114,""8"":66,""9"":43}","{""Diagonal CMA-ES"":{""attempts"":296,""discoveries"":0,""improvements"":0,""insertions"":0,""insertion_rate"":0.0},""Immigrant"":{""attempts"":140,""discoveries"":0,""improvements"":0,""insertions"":0,""insertion_rate"":0.0},""Morphology"":{""attempts"":325,""discoveries"":0,""improvements"":1,""insertions"":1,""insertion_rate"":0.003076923076923077},""Novelty"":{""attempts"":239,""discoveries"":0,""improvements"":0,""insertions"":0,""insertion_rate"":0.0}}","{""Morphology"":208,""Novelty"":19}",0,0.8392226148409894,false,20000
42,294,295000,8.753750259999999,0.039715754,0.036856781,0.001157599,0.001701374,9.43189793,159.20169,50.199276,9519.49618589878,191,0.9947917,27,3.6521311939503263,27,0.14136125654450263,"{""10"":1,""3"":27,""4"":13,""5"":50,""6"":68,""7"":19,""8"":8,""9"":5}","{""11"":46,""12"":7,""14"":2,""15"":10,""16"":3,""17"":1,""18"":6,""19"":1,""21"":2,""3"":27,""4"":13,""5"":22,""6"":5,""7"":25,""8"":15,""9"":6}",64,"{""count"":64,""unique_topologies"":64,""topology_entropy_bits"":6.0,""effective_topology_count"":64.0,""triangle_like_count"":0,""triangle_like_fraction"":0.0,""mean_nodes"":7.03125,""mean_muscles"":10.890625,""node_counts"":{""10"":1,""11"":2,""12"":1,""4"":4,""5"":2,""6"":17,""7"":20,""8"":15,""9"":2},""muscle_counts"":{""10"":5,""11"":3,""12"":9,""13"":4,""14"":3,""15"":2,""16"":2,""17"":2,""20"":2,""21"":1,""23"":1,""24"":1,""4"":1,""5"":4,""6"":7,""7"":2,""8"":7,""9"":8}}",135,5.289361001931371,128,0.128,"{""10"":13,""12"":2,""3"":128,""4"":143,""5"":205,""6"":279,""7"":147,""8"":51,""9"":32}","{""10"":10,""11"":143,""12"":51,""13"":6,""14"":25,""15"":48,""16"":25,""17"":7,""18"":24,""19"":7,""20"":3,""21"":8,""22"":6,""24"":2,""29"":1,""3"":128,""4"":92,""5"":128,""6"":57,""7"":120,""8"":68,""9"":41}","{""Diagonal CMA-ES"":{""attempts"":299,""discoveries"":0,""improvements"":0,""insertions"":0,""insertion_rate"":0.0},""Immigrant"":{""attempts"":159,""discoveries"":0,""improvements"":0,""insertions"":0,""insertion_rate"":0.0},""Morphology"":{""attempts"":281,""discoveries"":0,""improvements"":0,""insertions"":0,""insertion_rate"":0.0},""Novelty"":{""attempts"":261,""discoveries"":0,""improvements"":1,""insertions"":1,""insertion_rate"":0.0038314176245210726}}","{""Morphology"":188,""Novelty"":29}",0,0.8392226148409894,false,21000
42,295,296000,8.78996591,0.03621565,0.032983869,0.001639636,0.001592145,9.471201698,159.20169,50.199276,9519.49618589878,191,0.9947917,27,3.6521311939503267,27,0.14136125654450263,"{""10"":1,""3"":27,""4"":13,""5"":50,""6"":68,""7"":19,""8"":8,""9"":5}","{""11"":46,""12"":7,""14"":2,""15"":10,""16"":3,""17"":1,""18"":6,""19"":1,""21"":2,""3"":27,""4"":13,""5"":22,""6"":5,""7"":25,""8"":15,""9"":6}",64,"{""count"":64,""unique_topologies"":64,""topology_entropy_bits"":6.0,""effective_topology_count"":64.0,""triangle_like_count"":0,""triangle_like_fraction"":0.0,""mean_nodes"":7.03125,""mean_muscles"":10.890625,""node_counts"":{""10"":1,""11"":2,""12"":1,""4"":4,""5"":2,""6"":17,""7"":20,""8"":15,""9"":2},""muscle_counts"":{""10"":5,""11"":3,""12"":9,""13"":4,""14"":3,""15"":2,""16"":2,""17"":2,""20"":2,""21"":1,""23"":1,""24"":1,""4"":1,""5"":4,""6"":7,""7"":2,""8"":7,""9"":8}}",138,5.3663590220026816,133,0.133,"{""10"":7,""11"":1,""3"":133,""4"":125,""5"":204,""6"":277,""7"":154,""8"":58,""9"":41}","{""10"":12,""11"":149,""12"":59,""13"":5,""14"":31,""15"":39,""16"":26,""17"":6,""18"":25,""19"":14,""20"":1,""21"":13,""22"":1,""23"":1,""24"":4,""25"":1,""3"":133,""4"":86,""5"":118,""6"":58,""7"":114,""8"":67,""9"":37}","{""Diagonal CMA-ES"":{""attempts"":288,""discoveries"":0,""improvements"":0,""insertions"":0,""insertion_rate"":0.0},""Immigrant"":{""attempts"":143,""discoveries"":0,""improvements"":0,""insertions"":0,""insertion_rate"":0.0},""Morphology"":{""attempts"":297,""discoveries"":0,""improvements"":0,""insertions"":0,""insertion_rate"":0.0},""Novelty"":{""attempts"":272,""discoveries"":0,""improvements"":0,""insertions"":0,""insertion_rate"":0.0}}","{""Morphology"":203,""Novelty"":38}",0,0.8392226148409894,false,22000
42,296,297000,8.82691886,0.03695295,0.03419727,0.001130292,0.001625388,9.510354682,159.20169,50.199276,9519.49618589878,191,0.9947917,27,3.652131193950326,27,0.14136125654450263,"{""10"":1,""3"":27,""4"":13,""5"":50,""6"":68,""7"":19,""8"":8,""9"":5}","{""11"":46,""12"":7,""14"":2,""15"":10,""16"":3,""17"":1,""18"":6,""19"":1,""21"":2,""3"":27,""4"":13,""5"":22,""6"":5,""7"":25,""8"":15,""9"":6}",64,"{""count"":64,""unique_topologies"":64,""topology_entropy_bits"":6.0,""effective_topology_count"":64.0,""triangle_like_count"":0,""triangle_like_fraction"":0.0,""mean_nodes"":7.03125,""mean_muscles"":10.84375,""node_counts"":{""10"":1,""11"":2,""12"":1,""4"":4,""5"":2,""6"":17,""7"":20,""8"":15,""9"":2},""muscle_counts"":{""10"":5,""11"":4,""12"":9,""13"":4,""14"":2,""15"":2,""16"":2,""17"":2,""20"":2,""21"":1,""23"":1,""24"":1,""4"":1,""5"":4,""6"":7,""7"":2,""8"":7,""9"":8}}",120,5.1781755169459185,131,0.131,"{""10"":7,""11"":1,""12"":1,""13"":1,""3"":131,""4"":158,""5"":200,""6"":284,""7"":127,""8"":51,""9"":39}","{""10"":5,""11"":145,""12"":54,""13"":2,""14"":21,""15"":37,""16"":24,""17"":5,""18"":22,""19"":9,""20"":5,""21"":15,""22"":4,""23"":1,""24"":1,""25"":3,""26"":1,""3"":131,""4"":111,""5"":119,""6"":55,""7"":114,""8"":69,""9"":47}","{""Diagonal CMA-ES"":{""attempts"":302,""discoveries"":0,""improvements"":0,""insertions"":0,""insertion_rate"":0.0},""Immigrant"":{""attempts"":158,""discoveries"":0,""improvements"":0,""insertions"":0,""insertion_rate"":0.0},""Morphology"":{""attempts"":278,""discoveries"":1,""improvements"":0,""insertions"":1,""insertion_rate"":0.0035971223021582736},""Novelty"":{""attempts"":262,""discoveries"":0,""improvements"":0,""insertions"":0,""insertion_rate"":0.0}}","{""Morphology"":201,""Novelty"":29}",1,0.8392226148409894,false,23000
42,297,298000,8.862264232,0.035345372,0.032504207,0.001149289,0.001691876,9.548392808,159.20169,50.199276,9519.49618589878,191,0.9947917,27,3.6521311939503267,27,0.14136125654450263,"{""10"":1,""3"":27,""4"":13,""5"":50,""6"":68,""7"":19,""8"":8,""9"":5}","{""11"":46,""12"":7,""14"":2,""15"":10,""16"":3,""17"":1,""18"":6,""19"":1,""21"":2,""3"":27,""4"":13,""5"":22,""6"":5,""7"":25,""8"":15,""9"":6}",64,"{""count"":64,""unique_topologies"":64,""topology_entropy_bits"":6.0,""effective_topology_count"":64.0,""triangle_like_count"":0,""triangle_like_fraction"":0.0,""mean_nodes"":7.03125,""mean_muscles"":10.84375,""node_counts"":{""10"":1,""11"":2,""12"":1,""4"":4,""5"":2,""6"":17,""7"":20,""8"":15,""9"":2},""muscle_counts"":{""10"":5,""11"":4,""12"":9,""13"":4,""14"":2,""15"":2,""16"":2,""17"":2,""20"":2,""21"":1,""23"":1,""24"":1,""4"":1,""5"":4,""6"":7,""7"":2,""8"":7,""9"":8}}",124,5.33141691271257,130,0.13,"{""10"":7,""3"":130,""4"":153,""5"":185,""6"":270,""7"":149,""8"":55,""9"":51}","{""10"":9,""11"":142,""12"":78,""13"":12,""14"":18,""15"":40,""16"":30,""17"":5,""18"":22,""19"":13,""20"":2,""21"":13,""24"":1,""3"":130,""4"":107,""5"":108,""6"":63,""7"":105,""8"":65,""9"":37}","{""Diagonal CMA-ES"":{""attempts"":321,""discoveries"":0,""improvements"":0,""insertions"":0,""insertion_rate"":0.0},""Immigrant"":{""attempts"":151,""discoveries"":0,""improvements"":0,""insertions"":0,""insertion_rate"":0.0},""Morphology"":{""attempts"":284,""discoveries"":0,""improvements"":1,""insertions"":1,""insertion_rate"":0.0035211267605633804},""Novelty"":{""attempts"":244,""discoveries"":0,""improvements"":0,""insertions"":0,""insertion_rate"":0.0}}","{""Morphology"":199,""Novelty"":36}",0,0.8392226148409894,false,24000
42,298,299000,8.900868692,0.03860446,0.0358001,0.001197968,0.001606392,9.589528551,159.20169,50.199276,9519.964897751808,191,0.9947917,26,3.6157413476477753,27,0.14136125654450263,"{""10"":1,""3"":27,""4"":13,""5"":50,""6"":69,""7"":19,""8"":8,""9"":4}","{""11"":47,""12"":7,""14"":2,""15"":10,""16"":3,""18"":6,""19"":1,""21"":2,""3"":27,""4"":13,""5"":22,""6"":5,""7"":25,""8"":15,""9"":6}",64,"{""count"":64,""unique_topologies"":64,""topology_entropy_bits"":6.0,""effective_topology_count"":64.0,""triangle_like_count"":0,""triangle_like_fraction"":0.0,""mean_nodes"":7.03125,""mean_muscles"":10.84375,""node_counts"":{""10"":1,""11"":2,""12"":1,""4"":4,""5"":2,""6"":17,""7"":20,""8"":15,""9"":2},""muscle_counts"":{""10"":5,""11"":4,""12"":9,""13"":4,""14"":2,""15"":2,""16"":2,""17"":2,""20"":2,""21"":1,""23"":1,""24"":1,""4"":1,""5"":4,""6"":7,""7"":2,""8"":7,""9"":8}}",124,5.286382422698439,136,0.136,"{""10"":9,""3"":136,""4"":147,""5"":198,""6"":253,""7"":148,""8"":52,""9"":57}","{""10"":13,""11"":136,""12"":69,""13"":9,""14"":25,""15"":42,""16"":24,""17"":6,""18"":23,""19"":12,""20"":2,""21"":11,""22"":3,""24"":2,""28"":1,""3"":136,""4"":107,""5"":116,""6"":59,""7"":103,""8"":62,""9"":39}","{""Diagonal CMA-ES"":{""attempts"":300,""discoveries"":0,""improvements"":0,""insertions"":0,""insertion_rate"":0.0},""Immigrant"":{""attempts"":159,""discoveries"":0,""improvements"":0,""insertions"":0,""insertion_rate"":0.0},""Morphology"":{""attempts"":307,""discoveries"":0,""improvements"":1,""insertions"":1,""insertion_rate"":0.003257328990228013},""Novelty"":{""attempts"":234,""discoveries"":0,""improvements"":1,""insertions"":1,""insertion_rate"":0.004273504273504274}}","{""Morphology"":217,""Novelty"":25}",0,0.8392226148409894,false,25000
42,299,300000,8.937114022,0.03624533,0.033425537,0.001116044,0.001703749,9.628400149,159.20169,50.199276,9519.964897751808,191,0.9947917,26,3.6157413476477753,27,0.14136125654450263,"{""10"":1,""3"":27,""4"":13,""5"":50,""6"":69,""7"":19,""8"":8,""9"":4}","{""11"":47,""12"":7,""14"":2,""15"":10,""16"":3,""18"":6,""19"":1,""21"":2,""3"":27,""4"":13,""5"":22,""6"":5,""7"":25,""8"":15,""9"":6}",64,"{""count"":64,""unique_topologies"":64,""topology_entropy_bits"":6.0,""effective_topology_count"":64.0,""triangle_like_count"":0,""triangle_like_fraction"":0.0,""mean_nodes"":7.03125,""mean_muscles"":10.84375,""node_counts"":{""10"":1,""11"":2,""12"":1,""4"":4,""5"":2,""6"":17,""7"":20,""8"":15,""9"":2},""muscle_counts"":{""10"":5,""11"":4,""12"":9,""13"":4,""14"":2,""15"":2,""16"":2,""17"":2,""20"":2,""21"":1,""23"":1,""24"":1,""4"":1,""5"":4,""6"":7,""7"":2,""8"":7,""9"":8}}",120,4.191657587532138,99,0.099,"{""10"":3,""3"":99,""4"":98,""5"":115,""6"":512,""7"":118,""8"":28,""9"":27}","{""10"":6,""11"":432,""12"":58,""13"":8,""14"":19,""15"":27,""16"":12,""17"":4,""18"":12,""19"":3,""20"":3,""21"":6,""22"":1,""24"":2,""3"":99,""4"":61,""5"":84,""6"":57,""7"":59,""8"":26,""9"":21}","{""Diagonal CMA-ES"":{""attempts"":296,""discoveries"":0,""improvements"":0,""insertions"":0,""insertion_rate"":0.0},""Immigrant"":{""attempts"":141,""discoveries"":0,""improvements"":0,""insertions"":0,""insertion_rate"":0.0},""Morphology"":{""attempts"":310,""discoveries"":0,""improvements"":0,""insertions"":0,""insertion_rate"":0.0},""Novelty"":{""attempts"":253,""discoveries"":0,""improvements"":0,""insertions"":0,""insertion_rate"":0.0}}","{""Morphology"":203,""Novelty"":30}",0,0.8395061728395061,false,26000
