seed,generation,evaluations,search_wall_seconds,generation_search_seconds,gpu_evaluation_seconds,archive_seconds,offspring_seconds,benchmark_wall_seconds,best_distance_m,median_elite_distance_m,qd_score,archive_cells,archive_coverage,archive_unique_topologies,archive_topology_entropy_bits,archive_triangle_like_count,archive_triangle_like_fraction,archive_node_counts_json,archive_muscle_counts_json,population_unique_topologies,population_topology_entropy_bits,population_triangle_like_count,population_triangle_like_fraction,population_node_counts_json,population_muscle_counts_json,emitter_statistics_json,topology_change_candidates_json,archived_innovations_this_generation,innovation_survival_3gen_fraction,new_all_time_record,evaluations_since_previous_record
41,0,1000,0.010984924,0.010984924,0.008083156,0.000230337,0.002671431,0.014405542,0.94497,0.14331843,2.7502819430083036,11,0.057291668,7,2.4040097573248604,5,0.45454545454545453,"{""3"":5,""4"":2,""5"":4}","{""3"":5,""5"":2,""6"":2,""7"":2}",27,3.057273067601598,309,0.309,"{""3"":309,""4"":346,""5"":345}","{""3"":309,""4"":232,""5"":264,""6"":136,""7"":52,""8"":6,""9"":1}","{""Initial population"":{""attempts"":1000,""discoveries"":11,""improvements"":20,""insertions"":31,""insertion_rate"":0.031}}",{},0,0.0,true,1000
41,1,2000,0.021458119,0.010473195000000001,0.007177243,0.000764623,0.002531329,0.028611617,8.97238,0.15432473,46.420678682625294,65,0.33854166,7,1.51106717874084,44,0.676923076923077,"{""3"":44,""4"":17,""5"":4}","{""3"":44,""5"":17,""6"":3,""7"":1}",35,2.652394189128408,551,0.551,"{""3"":551,""4"":281,""5"":148,""6"":20}","{""3"":551,""4"":121,""5"":168,""6"":123,""7"":22,""8"":12,""9"":3}","{""Diagonal CMA-ES"":{""attempts"":342,""discoveries"":48,""improvements"":33,""insertions"":81,""insertion_rate"":0.23684210526315788},""Immigrant"":{""attempts"":50,""discoveries"":0,""improvements"":0,""insertions"":0,""insertion_rate"":0.0},""Morphology"":{""attempts"":336,""discoveries"":4,""improvements"":7,""insertions"":11,""insertion_rate"":0.03273809523809524},""Novelty"":{""attempts"":272,""discoveries"":2,""improvements"":10,""insertions"":12,""insertion_rate"":0.04411764705882353}}","{""Morphology"":225,""Novelty"":41}",3,0.0,true,1000
41,2,3000,0.035527654,0.014069535,0.009537601,0.001634916,0.002897018,0.047470731,16.20233,0.66049844,241.79549831151962,123,0.640625,14,2.3841997075430665,70,0.5691056910569106,"{""3"":70,""4"":42,""5"":11}","{""3"":70,""4"":9,""5"":33,""6"":4,""7"":2,""8"":5}",37,2.728193418050999,547,0.547,"{""3"":547,""4"":347,""5"":96,""6"":10}","{""3"":547,""4"":144,""5"":224,""6"":47,""7"":19,""8"":16,""9"":3}","{""Diagonal CMA-ES"":{""attempts"":316,""discoveries"":24,""improvements"":32,""insertions"":56,""insertion_rate"":0.17721518987341772},""Immigrant"":{""attempts"":149,""discoveries"":0,""improvements"":0,""insertions"":0,""insertion_rate"":0.0},""Morphology"":{""attempts"":295,""discoveries"":17,""improvements"":18,""insertions"":35,""insertion_rate"":0.11864406779661017},""Novelty"":{""attempts"":240,""discoveries"":17,""improvements"":21,""insertions"":38,""insertion_rate"":0.15833333333333333}}","{""Morphology"":211,""Novelty"":32}",7,0.0,true,1000
41,3,4000,0.05108488,0.015557226,0.010893501,0.001788078,0.002875647,0.067088531,16.20233,1.2209424,379.23149893432856,138,0.71875,15,2.5978783888343946,72,0.5217391304347826,"{""3"":72,""4"":52,""5"":14}","{""3"":72,""4"":12,""5"":41,""6"":5,""7"":2,""8"":6}",60,3.334524196208336,442,0.442,"{""3"":442,""4"":389,""5"":153,""6"":16}","{""11"":4,""12"":1,""3"":442,""4"":144,""5"":273,""6"":52,""7"":24,""8"":54,""9"":6}","{""Diagonal CMA-ES"":{""attempts"":317,""discoveries"":9,""improvements"":17,""insertions"":26,""insertion_rate"":0.08201892744479496},""Immigrant"":{""attempts"":155,""discoveries"":0,""improvements"":0,""insertions"":0,""insertion_rate"":0.0},""Morphology"":{""attempts"":288,""discoveries"":0,""improvements"":13,""insertions"":13,""insertion_rate"":0.04513888888888889},""Novelty"":{""attempts"":240,""discoveries"":6,""improvements"":22,""insertions"":28,""insertion_rate"":0.11666666666666667}}","{""Morphology"":188,""Novelty"":30}",1,0.0,false,1000
41,4,5000,0.066773897,0.015689017,0.010761711,0.001986358,0.002940948,0.087377157,20.45457,1.5554211,484.4734843708575,149,0.7760417,16,2.765261553074238,71,0.47651006711409394,"{""3"":71,""4"":62,""5"":16}","{""3"":71,""4"":17,""5"":46,""6"":3,""7"":1,""8"":11}",60,3.4062519301531955,428,0.428,"{""3"":428,""4"":412,""5"":150,""6"":10}","{""11"":5,""3"":428,""4"":157,""5"":282,""6"":50,""7"":20,""8"":53,""9"":5}","{""Diagonal CMA-ES"":{""attempts"":301,""discoveries"":4,""improvements"":11,""insertions"":15,""insertion_rate"":0.04983388704318937},""Immigrant"":{""attempts"":139,""discoveries"":0,""improvements"":0,""insertions"":0,""insertion_rate"":0.0},""Morphology"":{""attempts"":302,""discoveries"":4,""improvements"":18,""insertions"":22,""insertion_rate"":0.0728476821192053},""Novelty"":{""attempts"":258,""discoveries"":3,""improvements"":19,""insertions"":22,""insertion_rate"":0.08527131782945736}}","{""Morphology"":214,""Novelty"":27}",3,1.0,true,2000
41,5,6000,0.081422834,0.014648936999999999,0.009339321,0.002124084,0.003185532,0.106309883,20.45457,2.6114717,622.1638244292699,151,0.7864583,18,2.745302439894702,72,0.4768211920529801,"{""3"":72,""4"":65,""5"":14}","{""3"":72,""4"":16,""5"":51,""6"":2,""7"":1,""8"":9}",66,3.6510568576697233,374,0.374,"{""3"":374,""4"":423,""5"":181,""6"":22}","{""11"":8,""12"":3,""3"":374,""4"":169,""5"":286,""6"":62,""7"":20,""8"":70,""9"":8}","{""Diagonal CMA-ES"":{""attempts"":289,""discoveries"":2,""improvements"":11,""insertions"":13,""insertion_rate"":0.04498269896193772},""Immigrant"":{""attempts"":138,""discoveries"":0,""improvements"":0,""insertions"":0,""insertion_rate"":0.0},""Morphology"":{""attempts"":318,""discoveries"":0,""improvements"":16,""insertions"":16,""insertion_rate"":0.050314465408805034},""Novelty"":{""attempts"":255,""discoveries"":0,""improvements"":21,""insertions"":21,""insertion_rate"":0.08235294117647059}}","{""Morphology"":224,""Novelty"":28}",2,1.0,false,1000
41,6,7000,0.09817567299999999,0.016752839,0.011745985,0.002101525,0.002905329,0.127899793,29.355831,3.4961321,702.0194438584149,155,0.8072917,17,2.777640548409231,72,0.4645161290322581,"{""3"":72,""4"":69,""5"":13,""6"":1}","{""3"":72,""4"":18,""5"":53,""6"":1,""7"":1,""8"":9,""9"":1}",62,3.552707064886133,396,0.396,"{""3"":396,""4"":419,""5"":171,""6"":14}","{""11"":3,""12"":1,""3"":396,""4"":179,""5"":288,""6"":63,""7"":28,""8"":38,""9"":4}","{""Diagonal CMA-ES"":{""attempts"":321,""discoveries"":4,""improvements"":15,""insertions"":19,""insertion_rate"":0.059190031152647975},""Immigrant"":{""attempts"":144,""discoveries"":0,""improvements"":0,""insertions"":0,""insertion_rate"":0.0},""Morphology"":{""attempts"":288,""discoveries"":0,""improvements"":18,""insertions"":18,""insertion_rate"":0.0625},""Novelty"":{""attempts"":247,""discoveries"":0,""improvements"":13,""insertions"":13,""insertion_rate"":0.05263157894736842}}","{""Morphology"":190,""Novelty"":35}",1,1.0,true,2000
41,7,8000,0.112213152,0.014037479000000002,0.009762002,0.002278434,0.001997043,0.146371846,29.355831,3.9337575,785.5275397598743,158,0.8229167,18,2.8233245424103193,71,0.44936708860759494,"{""3"":71,""4"":69,""5"":17,""6"":1}","{""3"":71,""4"":14,""5"":59,""6"":2,""7"":2,""8"":9,""9"":1}",58,3.337832227095962,428,0.428,"{""3"":428,""4"":415,""5"":136,""6"":21}","{""11"":2,""3"":428,""4"":186,""5"":280,""6"":42,""7"":16,""8"":36,""9"":10}","{""Diagonal CMA-ES"":{""attempts"":316,""discoveries"":1,""improvements"":11,""insertions"":12,""insertion_rate"":0.0379746835443038},""Immigrant"":{""attempts"":147,""discoveries"":0,""improvements"":0,""insertions"":0,""insertion_rate"":0.0},""Morphology"":{""attempts"":300,""discoveries"":0,""improvements"":20,""insertions"":20,""insertion_rate"":0.06666666666666667},""Novelty"":{""attempts"":237,""discoveries"":2,""improvements"":9,""insertions"":11,""insertion_rate"":0.046413502109704644}}","{""Morphology"":196,""Novelty"":30}",2,0.9285714285714286,false,1000
41,8,9000,0.127969844,0.015756692000000003,0.010259481,0.002318802,0.003178409,0.167312301,29.355831,4.034314,864.5763416364789,162,0.84375,20,2.8826157972912627,71,0.4382716049382716,"{""3"":71,""4"":71,""5"":18,""6"":2}","{""11"":1,""3"":71,""4"":14,""5"":62,""6"":4,""7"":1,""8"":8,""9"":1}",73,3.89200982737331,339,0.339,"{""3"":339,""4"":423,""5"":200,""6"":35,""7"":3}","{""10"":1,""11"":14,""3"":339,""4"":143,""5"":336,""6"":62,""7"":43,""8"":56,""9"":6}","{""Diagonal CMA-ES"":{""attempts"":296,""discoveries"":3,""improvements"":5,""insertions"":8,""insertion_rate"":0.02702702702702703},""Immigrant"":{""attempts"":124,""discoveries"":0,""improvements"":0,""insertions"":0,""insertion_rate"":0.0},""Morphology"":{""attempts"":300,""discoveries"":0,""improvements"":14,""insertions"":14,""insertion_rate"":0.04666666666666667},""Novelty"":{""attempts"":280,""discoveries"":1,""improvements"":13,""insertions"":14,""insertion_rate"":0.05}}","{""Morphology"":202,""Novelty"":46}",3,0.9375,false,2000
41,9,10000,0.144852101,0.016882256999999998,0.011542956,0.002101526,0.003237775,0.188629131,29.355831,4.1944656,934.9963190630078,162,0.84375,21,2.920125994972071,69,0.42592592592592593,"{""3"":69,""4"":71,""5"":20,""6"":2}","{""11"":1,""3"":69,""4"":13,""5"":62,""6"":5,""7"":2,""8"":9,""9"":1}",65,3.567870924712792,383,0.383,"{""3"":383,""4"":426,""5"":172,""6"":16,""7"":3}","{""10"":1,""11"":8,""15"":1,""3"":383,""4"":145,""5"":324,""6"":67,""7"":30,""8"":38,""9"":3}","{""Diagonal CMA-ES"":{""attempts"":287,""discoveries"":0,""improvements"":5,""insertions"":5,""insertion_rate"":0.017421602787456445},""Immigrant"":{""attempts"":157,""discoveries"":0,""improvements"":0,""insertions"":0,""insertion_rate"":0.0},""Morphology"":{""attempts"":315,""discoveries"":0,""improvements"":16,""insertions"":16,""insertion_rate"":0.050793650793650794},""Novelty"":{""attempts"":241,""discoveries"":0,""improvements"":4,""insertions"":4,""insertion_rate"":0.016597510373443983}}","{""Morphology"":209,""Novelty"":26}",1,0.9411764705882353,false,3000
41,10,11000,0.15932532000000002,0.014473219,0.008959385,0.002210758,0.003303076,0.207402759,29.355831,4.9105964,998.967543579638,162,0.84375,19,2.7628715332981617,71,0.4382716049382716,"{""3"":71,""4"":73,""5"":17,""6"":1}","{""11"":1,""3"":71,""4"":15,""5"":61,""6"":5,""7"":2,""8"":7}",66,3.717332370882814,350,0.35,"{""3"":350,""4"":436,""5"":188,""6"":25,""7"":1}","{""10"":1,""11"":8,""12"":1,""3"":350,""4"":140,""5"":356,""6"":53,""7"":42,""8"":44,""9"":5}","{""Diagonal CMA-ES"":{""attempts"":307,""discoveries"":0,""improvements"":3,""insertions"":3,""insertion_rate"":0.009771986970684038},""Immigrant"":{""attempts"":131,""discoveries"":0,""improvements"":0,""insertions"":0,""insertion_rate"":0.0},""Morphology"":{""attempts"":293,""discoveries"":0,""improvements"":15,""insertions"":15,""insertion_rate"":0.051194539249146756},""Novelty"":{""attempts"":269,""discoveries"":0,""improvements"":6,""insertions"":6,""insertion_rate"":0.022304832713754646}}","{""Morphology"":197,""Novelty"":27}",0,0.9473684210526315,false,4000
41,11,12000,0.17312177600000003,0.013796456,0.008717176,0.002238065,0.002841215,0.225336965,29.355831,4.944465,1062.7147406712174,163,0.8489583,21,3.051573243532043,61,0.37423312883435583,"{""3"":61,""4"":79,""5"":21,""6"":2}","{""11"":1,""3"":61,""4"":16,""5"":66,""6"":8,""7"":3,""8"":8}",69,3.8887860293875214,322,0.322,"{""3"":322,""4"":431,""5"":229,""6"":18}","{""11"":3,""3"":322,""4"":125,""5"":356,""6"":99,""7"":43,""8"":52}","{""Diagonal CMA-ES"":{""attempts"":303,""discoveries"":0,""improvements"":7,""insertions"":7,""insertion_rate"":0.0231023102310231},""Immigrant"":{""attempts"":160,""discoveries"":0,""improvements"":0,""insertions"":0,""insertion_rate"":0.0},""Morphology"":{""attempts"":309,""discoveries"":0,""improvements"":13,""insertions"":13,""insertion_rate"":0.042071197411003236},""Novelty"":{""attempts"":228,""discoveries"":1,""improvements"":5,""insertions"":6,""insertion_rate"":0.02631578947368421}}","{""Morphology"":213,""Novelty"":19}",2,0.9545454545454546,false,5000
41,12,13000,0.19026048900000003,0.017138713,0.011332803,0.002595444,0.003210466,0.247031357,29.355831,5.4124017,1179.196635760367,165,0.859375,22,3.1196013390608215,59,0.3575757575757576,"{""3"":59,""4"":82,""5"":22,""6"":2}","{""11"":1,""3"":59,""4"":17,""5"":68,""6"":8,""7"":6,""8"":6}",60,3.8749468339534916,321,0.321,"{""3"":321,""4"":430,""5"":236,""6"":13}","{""11"":4,""3"":321,""4"":137,""5"":335,""6"":109,""7"":53,""8"":40,""9"":1}","{""Diagonal CMA-ES"":{""attempts"":308,""discoveries"":1,""improvements"":4,""insertions"":5,""insertion_rate"":0.016233766233766232},""Immigrant"":{""attempts"":160,""discoveries"":0,""improvements"":0,""insertions"":0,""insertion_rate"":0.0},""Morphology"":{""attempts"":291,""discoveries"":0,""improvements"":21,""insertions"":21,""insertion_rate"":0.07216494845360824},""Novelty"":{""attempts"":241,""discoveries"":1,""improvements"":5,""insertions"":6,""insertion_rate"":0.024896265560165973}}","{""Morphology"":198,""Novelty"":27}",2,0.9565217391304348,false,6000
41,13,14000,0.20660845800000002,0.016347969,0.010562243,0.00242091,0.003364816,0.268464543,35.220074,6.1508865,1258.2098995447159,166,0.8645833,23,3.1207563457221226,61,0.3674698795180723,"{""3"":61,""4"":80,""5"":22,""6"":3}","{""11"":1,""3"":61,""4"":17,""5"":64,""6"":10,""7"":8,""8"":5}",76,4.1127043624617805,273,0.273,"{""3"":273,""4"":466,""5"":229,""6"":31,""7"":1}","{""11"":9,""3"":273,""4"":165,""5"":335,""6"":80,""7"":72,""8"":61,""9"":5}","{""Diagonal CMA-ES"":{""attempts"":305,""discoveries"":0,""improvements"":2,""insertions"":2,""insertion_rate"":0.006557377049180328},""Immigrant"":{""attempts"":165,""discoveries"":0,""improvements"":0,""insertions"":0,""insertion_rate"":0.0},""Morphology"":{""attempts"":303,""discoveries"":0,""improvements"":13,""insertions"":13,""insertion_rate"":0.0429042904290429},""Novelty"":{""attempts"":227,""discoveries"":1,""improvements"":6,""insertions"":7,""insertion_rate"":0.030837004405286344}}","{""Morphology"":208,""Novelty"":33}",2,0.9565217391304348,true,7000
41,14,15000,0.22265010300000002,0.016041645,0.010620422,0.002241627,0.003179596,0.289147353,41.094055,6.4103785,1348.0999587848783,166,0.8645833,25,3.2914151998658805,57,0.3433734939759036,"{""3"":57,""4"":79,""5"":24,""6"":6}","{""11"":1,""3"":57,""4"":19,""5"":61,""6"":11,""7"":10,""8"":6,""9"":1}",77,4.123668505195461,258,0.258,"{""3"":258,""4"":484,""5"":218,""6"":35,""7"":5}","{""11"":4,""3"":258,""4"":164,""5"":357,""6"":101,""7"":77,""8"":30,""9"":9}","{""Diagonal CMA-ES"":{""attempts"":293,""discoveries"":0,""improvements"":3,""insertions"":3,""insertion_rate"":0.010238907849829351},""Immigrant"":{""attempts"":152,""discoveries"":0,""improvements"":0,""insertions"":0,""insertion_rate"":0.0},""Morphology"":{""attempts"":304,""discoveries"":0,""improvements"":12,""insertions"":12,""insertion_rate"":0.039473684210526314},""Novelty"":{""attempts"":251,""discoveries"":0,""improvements"":4,""insertions"":4,""insertion_rate"":0.01593625498007968}}","{""Morphology"":205,""Novelty"":28}",2,0.96,true,1000
41,15,16000,0.242380696,0.019730593,0.013604112,0.002580008,0.003546473,0.315101787,44.042713,6.9570885,1458.016949571669,168,0.875,24,3.4254540092442314,53,0.31547619047619047,"{""3"":53,""4"":82,""5"":22,""6"":10,""7"":1}","{""11"":3,""3"":53,""4"":24,""5"":59,""6"":11,""7"":9,""8"":6,""9"":3}",87,4.312358305887954,248,0.248,"{""3"":248,""4"":463,""5"":207,""6"":70,""7"":12}","{""10"":4,""11"":6,""15"":1,""3"":248,""4"":159,""5"":344,""6"":105,""7"":66,""8"":42,""9"":25}","{""Diagonal CMA-ES"":{""attempts"":316,""discoveries"":1,""improvements"":6,""insertions"":7,""insertion_rate"":0.022151898734177215},""Immigrant"":{""attempts"":138,""discoveries"":0,""improvements"":0,""insertions"":0,""insertion_rate"":0.0},""Morphology"":{""attempts"":296,""discoveries"":0,""improvements"":15,""insertions"":15,""insertion_rate"":0.05067567567567568},""Novelty"":{""attempts"":250,""discoveries"":1,""improvements"":3,""insertions"":4,""insertion_rate"":0.016}}","{""Morphology"":197,""Novelty"":33}",1,0.9629629629629629,true,1000
41,16,17000,0.259359122,0.016978425999999998,0.011176079,0.002534891,0.003267456,0.337803012,47.166523,7.225051,1518.992606766522,169,0.8802083,27,3.57054557420952,51,0.30177514792899407,"{""3"":51,""4"":79,""5"":26,""6"":11,""7"":2}","{""10"":1,""11"":3,""3"":51,""4"":23,""5"":57,""6"":13,""7"":11,""8"":6,""9"":4}",91,4.607962355773707,194,0.194,"{""3"":194,""4"":445,""5"":238,""6"":94,""7"":26,""8"":3}","{""10"":4,""11"":63,""12"":5,""14"":3,""3"":194,""4"":167,""5"":325,""6"":119,""7"":52,""8"":46,""9"":22}","{""Diagonal CMA-ES"":{""attempts"":292,""discoveries"":0,""improvements"":3,""insertions"":3,""insertion_rate"":0.010273972602739725},""Immigrant"":{""attempts"":153,""discoveries"":0,""improvements"":0,""insertions"":0,""insertion_rate"":0.0},""Morphology"":{""attempts"":291,""discoveries"":0,""improvements"":11,""insertions"":11,""insertion_rate"":0.037800687285223365},""Novelty"":{""attempts"":264,""discoveries"":1,""improvements"":7,""insertions"":8,""insertion_rate"":0.030303030303030304}}","{""Morphology"":205,""Novelty"":19}",4,0.9310344827586207,true,1000
41,17,18000,0.276896769,0.017537647,0.012277896,0.002837653,0.002422098,0.361393526,47.67071,7.560456,1602.0305287912488,169,0.8802083,27,3.6253331347377125,51,0.30177514792899407,"{""3"":51,""4"":75,""5"":28,""6"":11,""7"":3,""8"":1}","{""10"":1,""11"":4,""12"":1,""3"":51,""4"":23,""5"":53,""6"":12,""7"":13,""8"":6,""9"":5}",94,4.455483964601404,245,0.245,"{""3"":245,""4"":418,""5"":229,""6"":58,""7"":41,""8"":9}","{""10"":17,""11"":27,""12"":4,""13"":2,""14"":3,""15"":1,""3"":245,""4"":139,""5"":329,""6"":83,""7"":51,""8"":61,""9"":38}","{""Diagonal CMA-ES"":{""attempts"":310,""discoveries"":0,""improvements"":3,""insertions"":3,""insertion_rate"":0.00967741935483871},""Immigrant"":{""attempts"":145,""discoveries"":0,""improvements"":0,""insertions"":0,""insertion_rate"":0.0},""Morphology"":{""attempts"":312,""discoveries"":0,""improvements"":14,""insertions"":14,""insertion_rate"":0.04487179487179487},""Novelty"":{""attempts"":233,""discoveries"":0,""improvements"":5,""insertions"":5,""insertion_rate"":0.02145922746781116}}","{""Morphology"":202,""Novelty"":20}",2,0.9032258064516129,true,1000
41,18,19000,0.307313085,0.030416316,0.024169918,0.002547951,0.003698447,0.397151517,48.668453,7.833553,1735.5149146988988,170,0.8854167,28,3.7025575371594828,50,0.29411764705882354,"{""3"":50,""4"":72,""5"":29,""6"":14,""7"":4,""8"":1}","{""10"":1,""11"":5,""12"":1,""3"":50,""4"":24,""5"":49,""6"":11,""7"":15,""8"":6,""9"":8}",98,4.6084657672785205,224,0.224,"{""3"":224,""4"":402,""5"":223,""6"":80,""7"":57,""8"":12,""9"":2}","{""10"":24,""11"":39,""12"":8,""13"":1,""14"":5,""15"":1,""17"":2,""3"":224,""4"":166,""5"":267,""6"":99,""7"":63,""8"":49,""9"":52}","{""Diagonal CMA-ES"":{""attempts"":312,""discoveries"":1,""improvements"":1,""insertions"":2,""insertion_rate"":0.00641025641025641},""Immigrant"":{""attempts"":165,""discoveries"":0,""improvements"":0,""insertions"":0,""insertion_rate"":0.0},""Morphology"":{""attempts"":300,""discoveries"":0,""improvements"":15,""insertions"":15,""insertion_rate"":0.05},""Novelty"":{""attempts"":223,""discoveries"":0,""improvements"":3,""insertions"":3,""insertion_rate"":0.013452914798206279}}","{""Morphology"":197,""Novelty"":31}",1,0.90625,true,1000
41,19,20000,0.33949848299999996,0.032185398000000004,0.024713703,0.003408746,0.004062949,0.435396907,48.668453,8.037732,1861.2674312666059,171,0.890625,30,3.7884457078123535,48,0.2807017543859649,"{""3"":48,""4"":70,""5"":27,""6"":18,""7"":6,""8"":2}","{""10"":2,""11"":5,""12"":1,""13"":1,""14"":1,""3"":48,""4"":25,""5"":46,""6"":10,""7"":14,""8"":6,""9"":12}",103,4.66339045183627,210,0.21,"{""3"":210,""4"":365,""5"":206,""6"":145,""7"":54,""8"":19,""9"":1}","{""10"":21,""11"":49,""12"":12,""13"":3,""14"":3,""17"":1,""3"":210,""4"":131,""5"":272,""6"":92,""7"":59,""8"":41,""9"":106}","{""Diagonal CMA-ES"":{""attempts"":308,""discoveries"":1,""improvements"":2,""insertions"":3,""insertion_rate"":0.00974025974025974},""Immigrant"":{""attempts"":161,""discoveries"":0,""improvements"":0,""insertions"":0,""insertion_rate"":0.0},""Morphology"":{""attempts"":292,""discoveries"":0,""improvements"":15,""insertions"":15,""insertion_rate"":0.05136986301369863},""Novelty"":{""attempts"":239,""discoveries"":0,""improvements"":1,""insertions"":1,""insertion_rate"":0.0041841004184100415}}","{""Morphology"":193,""Novelty"":26}",3,0.9166666666666666,false,1000
41,20,21000,0.373669051,0.034170568,0.027075248,0.002841215,0.004254105,0.477312249,53.07433,8.382495,2184.65939874202,171,0.890625,34,3.9766946498908107,43,0.25146198830409355,"{""3"":43,""4"":65,""5"":24,""6"":22,""7"":8,""8"":7,""9"":2}","{""10"":2,""11"":6,""12"":3,""13"":3,""14"":3,""15"":1,""17"":1,""3"":43,""4"":23,""5"":43,""6"":8,""7"":13,""8"":5,""9"":17}",110,4.9597103203522765,174,0.174,"{""3"":174,""4"":310,""5"":201,""6"":161,""7"":88,""8"":54,""9"":12}","{""10"":33,""11"":50,""12"":18,""13"":17,""14"":27,""15"":16,""17"":3,""19"":1,""20"":2,""3"":174,""4"":124,""5"":221,""6"":81,""7"":69,""8"":37,""9"":127}","{""Diagonal CMA-ES"":{""attempts"":311,""discoveries"":0,""improvements"":0,""insertions"":0,""insertion_rate"":0.0},""Immigrant"":{""attempts"":142,""discoveries"":0,""improvements"":0,""insertions"":0,""insertion_rate"":0.0},""Morphology"":{""attempts"":293,""discoveries"":0,""improvements"":18,""insertions"":18,""insertion_rate"":0.06143344709897611},""Novelty"":{""attempts"":254,""discoveries"":0,""improvements"":7,""insertions"":7,""insertion_rate"":0.027559055118110236}}","{""Morphology"":196,""Novelty"":28}",7,0.8947368421052632,true,2000
41,21,22000,0.408813206,0.035144154999999996,0.028216245,0.002457716,0.004470194,0.51956716,61.561176,8.787371,2444.731056816876,172,0.8958333,36,4.091307947010397,40,0.23255813953488372,"{""3"":40,""4"":60,""5"":20,""6"":26,""7"":11,""8"":13,""9"":2}","{""10"":3,""11"":7,""12"":3,""13"":8,""14"":3,""15"":1,""17"":2,""3"":40,""4"":23,""5"":38,""6"":7,""7"":10,""8"":5,""9"":22}",122,5.024912262917404,177,0.177,"{""3"":177,""4"":315,""5"":197,""6"":138,""7"":86,""8"":68,""9"":19}","{""10"":16,""11"":61,""12"":32,""13"":29,""14"":27,""15"":11,""16"":1,""17"":5,""18"":1,""19"":1,""3"":177,""4"":133,""5"":224,""6"":83,""7"":57,""8"":41,""9"":101}","{""Diagonal CMA-ES"":{""attempts"":278,""discoveries"":1,""improvements"":2,""insertions"":3,""insertion_rate"":0.01079136690647482},""Immigrant"":{""attempts"":147,""discoveries"":0,""improvements"":0,""insertions"":0,""insertion_rate"":0.0},""Morphology"":{""attempts"":311,""discoveries"":0,""improvements"":14,""insertions"":14,""insertion_rate"":0.04501607717041801},""Novelty"":{""attempts"":264,""discoveries"":0,""improvements"":4,""insertions"":4,""insertion_rate"":0.015151515151515152}}","{""Morphology"":198,""Novelty"":37}",3,0.8974358974358975,true,1000
41,22,23000,0.44681757299999997,0.038004367,0.031023028,0.00257051,0.004410829,0.564233482,61.561176,8.97238,2623.1743416264653,175,0.9114583,38,4.134504510668891,39,0.22285714285714286,"{""3"":39,""4"":58,""5"":19,""6"":28,""7"":13,""8"":16,""9"":2}","{""10"":4,""11"":9,""12"":3,""13"":11,""14"":2,""15"":1,""17"":2,""3"":39,""4"":22,""5"":37,""6"":5,""7"":9,""8"":7,""9"":24}",112,4.747650617928601,176,0.176,"{""3"":176,""4"":282,""5"":148,""6"":180,""7"":95,""8"":86,""9"":33}","{""10"":23,""11"":64,""12"":30,""13"":50,""14"":30,""15"":10,""17"":5,""18"":2,""20"":3,""24"":1,""3"":176,""4"":130,""5"":186,""6"":55,""7"":37,""8"":35,""9"":163}","{""Diagonal CMA-ES"":{""attempts"":304,""discoveries"":1,""improvements"":1,""insertions"":2,""insertion_rate"":0.006578947368421052},""Immigrant"":{""attempts"":144,""discoveries"":0,""improvements"":0,""insertions"":0,""insertion_rate"":0.0},""Morphology"":{""attempts"":284,""discoveries"":1,""improvements"":13,""insertions"":14,""insertion_rate"":0.04929577464788732},""Novelty"":{""attempts"":268,""discoveries"":1,""improvements"":1,""insertions"":2,""insertion_rate"":0.007462686567164179}}","{""Morphology"":182,""Novelty"":28}",3,0.9047619047619048,false,1000
41,23,24000,0.47673165999999995,0.029914087,0.022948184,0.002502833,0.00446307,0.601827043,64.14913,9.5427475,2885.1251660361886,176,0.9166667,38,4.261872565681102,35,0.19886363636363635,"{""3"":35,""4"":53,""5"":21,""6"":28,""7"":12,""8"":20,""9"":7}","{""10"":5,""11"":9,""12"":1,""13"":16,""14"":3,""15"":2,""17"":2,""18"":1,""20"":1,""3"":35,""4"":21,""5"":33,""6"":4,""7"":9,""8"":9,""9"":25}",129,5.168561196870541,128,0.128,"{""10"":2,""3"":128,""4"":221,""5"":196,""6"":183,""7"":103,""8"":119,""9"":48}","{""10"":41,""11"":55,""12"":34,""13"":71,""14"":34,""15"":19,""17"":15,""18"":2,""20"":4,""21"":1,""3"":128,""4"":94,""5"":164,""6"":48,""7"":26,""8"":92,""9"":172}","{""Diagonal CMA-ES"":{""attempts"":300,""discoveries"":0,""improvements"":2,""insertions"":2,""insertion_rate"":0.006666666666666667},""Immigrant"":{""attempts"":146,""discoveries"":0,""improvements"":0,""insertions"":0,""insertion_rate"":0.0},""Morphology"":{""attempts"":316,""discoveries"":0,""improvements"":22,""insertions"":22,""insertion_rate"":0.06962025316455696},""Novelty"":{""attempts"":238,""discoveries"":1,""improvements"":3,""insertions"":4,""insertion_rate"":0.01680672268907563}}","{""Morphology"":233,""Novelty"":25}",6,0.8571428571428571,true,2000
41,24,25000,0.513213905,0.036482244999999996,0.028654359,0.003268644,0.004559242,0.646603784,64.14913,9.914143,3044.2525378242135,178,0.9270833,40,4.371010315314326,34,0.19101123595505617,"{""3"":34,""4"":52,""5"":20,""6"":30,""7"":13,""8"":20,""9"":9}","{""10"":5,""11"":11,""12"":2,""13"":15,""14"":4,""15"":3,""17"":2,""18"":1,""20"":1,""3"":34,""4"":21,""5"":32,""6"":4,""7"":7,""8"":10,""9"":26}",131,5.224386150048099,134,0.134,"{""10"":9,""3"":134,""4"":270,""5"":167,""6"":171,""7"":74,""8"":111,""9"":64}","{""10"":21,""11"":53,""12"":30,""13"":78,""14"":41,""15"":18,""16"":5,""17"":10,""18"":3,""20"":6,""21"":1,""24"":1,""3"":134,""4"":121,""5"":177,""6"":55,""7"":33,""8"":61,""9"":152}","{""Diagonal CMA-ES"":{""attempts"":277,""discoveries"":0,""improvements"":0,""insertions"":0,""insertion_rate"":0.0},""Immigrant"":{""attempts"":144,""discoveries"":0,""improvements"":0,""insertions"":0,""insertion_rate"":0.0},""Morphology"":{""attempts"":329,""discoveries"":0,""improvements"":15,""insertions"":15,""insertion_rate"":0.04559270516717325},""Novelty"":{""attempts"":250,""discoveries"":2,""improvements"":2,""insertions"":4,""insertion_rate"":0.016}}","{""Morphology"":230,""Novelty"":33}",2,0.8653846153846154,false,1000
41,25,26000,0.5503064249999999,0.03709252,0.030061314,0.001849817,0.005181389,0.690239528,64.14913,10.125381,3241.5224441736937,178,0.9270833,42,4.5129903421848265,30,0.16853932584269662,"{""10"":1,""3"":30,""4"":49,""5"":20,""6"":27,""7"":12,""8"":25,""9"":14}","{""10"":5,""11"":11,""12"":2,""13"":19,""14"":6,""15"":4,""16"":1,""17"":2,""18"":1,""20"":3,""3"":30,""4"":21,""5"":29,""6"":4,""7"":7,""8"":9,""9"":24}",132,5.118743040206435,148,0.148,"{""10"":10,""3"":148,""4"":223,""5"":152,""6"":200,""7"":100,""8"":95,""9"":72}","{""10"":37,""11"":49,""12"":40,""13"":64,""14"":46,""15"":21,""16"":4,""17"":9,""18"":2,""20"":6,""21"":1,""23"":1,""3"":148,""4"":99,""5"":152,""6"":62,""7"":17,""8"":57,""9"":185}","{""Diagonal CMA-ES"":{""attempts"":294,""discoveries"":0,""improvements"":2,""insertions"":2,""insertion_rate"":0.006802721088435374},""Immigrant"":{""attempts"":160,""discoveries"":0,""improvements"":0,""insertions"":0,""insertion_rate"":0.0},""Morphology"":{""attempts"":304,""discoveries"":0,""improvements"":20,""insertions"":20,""insertion_rate"":0.06578947368421052},""Novelty"":{""attempts"":242,""discoveries"":0,""improvements"":2,""insertions"":2,""insertion_rate"":0.008264462809917356}}","{""Morphology"":201,""Novelty"":32}",3,0.8727272727272727,false,2000
41,26,27000,0.5886372999999999,0.038330875,0.030531485,0.002901767,0.004897623,0.735557679,64.14913,10.369502,3340.1052951067686,178,0.9270833,45,4.549579234423454,30,0.16853932584269662,"{""10"":1,""3"":30,""4"":48,""5"":19,""6"":27,""7"":9,""8"":25,""9"":19}","{""10"":4,""11"":10,""12"":2,""13"":22,""14"":8,""15"":5,""16"":1,""17"":1,""18"":1,""20"":3,""3"":30,""4"":22,""5"":27,""6"":5,""7"":7,""8"":7,""9"":23}",131,5.275466306637434,144,0.144,"{""10"":15,""3"":144,""4"":275,""5"":155,""6"":123,""7"":68,""8"":122,""9"":98}","{""10"":18,""11"":74,""12"":30,""13"":87,""14"":56,""15"":25,""16"":7,""17"":10,""18"":3,""20"":10,""21"":2,""23"":1,""3"":144,""4"":137,""5"":165,""6"":56,""7"":27,""8"":54,""9"":94}","{""Diagonal CMA-ES"":{""attempts"":307,""discoveries"":0,""improvements"":4,""insertions"":4,""insertion_rate"":0.013029315960912053},""Immigrant"":{""attempts"":161,""discoveries"":0,""improvements"":0,""insertions"":0,""insertion_rate"":0.0},""Morphology"":{""attempts"":293,""discoveries"":0,""improvements"":10,""insertions"":10,""insertion_rate"":0.034129692832764506},""Novelty"":{""attempts"":239,""discoveries"":0,""improvements"":4,""insertions"":4,""insertion_rate"":0.016736401673640166}}","{""Morphology"":188,""Novelty"":27}",3,0.8852459016393442,false,3000
41,27,28000,0.627507211,0.038869911,0.030480431,0.003034745,0.005354735,0.781481354,64.14913,11.029708,3497.5376750677824,179,0.9322917,45,4.642584037051797,28,0.1564245810055866,"{""10"":2,""3"":28,""4"":46,""5"":19,""6"":28,""7"":9,""8"":25,""9"":22}","{""10"":5,""11"":13,""12"":2,""13"":24,""14"":10,""15"":5,""16"":1,""17"":2,""18"":1,""20"":3,""3"":28,""4"":21,""5"":26,""6"":5,""7"":6,""8"":8,""9"":19}",143,5.3755284967388315,142,0.142,"{""10"":21,""11"":1,""3"":142,""4"":237,""5"":152,""6"":147,""7"":79,""8"":129,""9"":92}","{""10"":19,""11"":115,""12"":28,""13"":94,""14"":67,""15"":28,""16"":7,""17"":13,""18"":2,""20"":6,""21"":2,""23"":1,""3"":142,""4"":110,""5"":160,""6"":62,""7"":26,""8"":35,""9"":83}","{""Diagonal CMA-ES"":{""attempts"":275,""discoveries"":1,""improvements"":1,""insertions"":2,""insertion_rate"":0.007272727272727273},""Immigrant"":{""attempts"":161,""discoveries"":0,""improvements"":0,""insertions"":0,""insertion_rate"":0.0},""Morphology"":{""attempts"":325,""discoveries"":0,""improvements"":15,""insertions"":15,""insertion_rate"":0.046153846153846156},""Novelty"":{""attempts"":239,""discoveries"":0,""improvements"":3,""insertions"":3,""insertion_rate"":0.012552301255230125}}","{""Morphology"":212,""Novelty"":26}",3,0.8888888888888888,false,4000
41,28,29000,0.662652554,0.035145343,0.027203476,0.002982504,0.004959363,0.824023592,64.14913,11.029708,3547.6322633363307,179,0.9322917,44,4.614670839161577,28,0.1564245810055866,"{""10"":2,""3"":28,""4"":46,""5"":17,""6"":29,""7"":8,""8"":24,""9"":25}","{""10"":3,""11"":13,""12"":3,""13"":25,""14"":13,""15"":5,""16"":1,""17"":2,""20"":3,""3"":28,""4"":21,""5"":26,""6"":4,""7"":5,""8"":8,""9"":19}",127,5.295172337394007,118,0.118,"{""10"":27,""11"":2,""3"":118,""4"":228,""5"":135,""6"":103,""7"":131,""8"":124,""9"":132}","{""10"":85,""11"":57,""12"":36,""13"":91,""14"":101,""15"":34,""16"":13,""18"":5,""20"":10,""21"":2,""24"":1,""3"":118,""4"":127,""5"":134,""6"":55,""7"":29,""8"":19,""9"":83}","{""Diagonal CMA-ES"":{""attempts"":286,""discoveries"":0,""improvements"":1,""insertions"":1,""insertion_rate"":0.0034965034965034965},""Immigrant"":{""attempts"":150,""discoveries"":0,""improvements"":0,""insertions"":0,""insertion_rate"":0.0},""Morphology"":{""attempts"":318,""discoveries"":0,""improvements"":11,""insertions"":11,""insertion_rate"":0.03459119496855346},""Novelty"":{""attempts"":246,""discoveries"":0,""improvements"":1,""insertions"":1,""insertion_rate"":0.0040650406504065045}}","{""Morphology"":210,""Novelty"":26}",3,0.8787878787878788,false,5000
41,29,30000,0.697041585,0.034389031,0.028272048,0.002721297,0.003395686,0.86502115,64.14913,11.029708,3633.3655768968165,179,0.9322917,44,4.62993783116918,27,0.15083798882681565,"{""10"":4,""3"":27,""4"":45,""5"":19,""6"":26,""7"":8,""8"":25,""9"":25}","{""10"":3,""11"":14,""12"":2,""13"":28,""14"":13,""15"":6,""16"":2,""17"":1,""20"":3,""3"":27,""4"":19,""5"":27,""6"":5,""7"":5,""8"":9,""9"":15}",131,5.335736817637818,133,0.133,"{""10"":35,""11"":2,""3"":133,""4"":233,""5"":158,""6"":117,""7"":66,""8"":128,""9"":128}","{""10"":21,""11"":59,""12"":47,""13"":99,""14"":90,""15"":34,""16"":16,""17"":5,""18"":1,""20"":10,""21"":6,""24"":1,""3"":133,""4"":112,""5"":150,""6"":69,""7"":23,""8"":42,""9"":82}","{""Diagonal CMA-ES"":{""attempts"":319,""discoveries"":0,""improvements"":1,""insertions"":1,""insertion_rate"":0.003134796238244514},""Immigrant"":{""attempts"":158,""discoveries"":0,""improvements"":0,""insertions"":0,""insertion_rate"":0.0},""Morphology"":{""attempts"":257,""discoveries"":0,""improvements"":15,""insertions"":15,""insertion_rate"":0.058365758754863814},""Novelty"":{""attempts"":266,""discoveries"":0,""improvements"":1,""insertions"":1,""insertion_rate"":0.0037593984962406013}}","{""Morphology"":166,""Novelty"":33}",2,0.8840579710144928,false,6000
41,30,31000,0.731510165,0.03446858,0.026684625,0.002711799,0.005072156,0.906716841,64.14913,11.752355,3699.242751661688,179,0.9322917,45,4.6253267649585945,25,0.13966480446927373,"{""10"":5,""3"":25,""4"":46,""5"":22,""6"":22,""7"":8,""8"":27,""9"":24}","{""10"":3,""11"":12,""12"":2,""13"":30,""14"":13,""15"":8,""16"":2,""17"":1,""20"":1,""3"":25,""4"":18,""5"":29,""6"":5,""7"":6,""8"":11,""9"":13}",149,5.49189243084251,114,0.114,"{""10"":44,""11"":5,""3"":114,""4"":236,""5"":140,""6"":113,""7"":76,""8"":119,""9"":153}","{""10"":23,""11"":74,""12"":22,""13"":103,""14"":111,""15"":39,""16"":26,""17"":7,""18"":2,""19"":1,""20"":19,""21"":4,""3"":114,""4"":110,""5"":151,""6"":52,""7"":35,""8"":40,""9"":67}","{""Diagonal CMA-ES"":{""attempts"":288,""discoveries"":0,""improvements"":2,""insertions"":2,""insertion_rate"":0.006944444444444444},""Immigrant"":{""attempts"":151,""discoveries"":0,""improvements"":0,""insertions"":0,""insertion_rate"":0.0},""Morphology"":{""attempts"":323,""discoveries"":0,""improvements"":9,""insertions"":9,""insertion_rate"":0.02786377708978328},""Novelty"":{""attempts"":238,""discoveries"":0,""improvements"":3,""insertions"":3,""insertion_rate"":0.012605042016806723}}","{""Morphology"":228,""Novelty"":31}",1,0.8888888888888888,false,7000
41,31,32000,0.768322481,0.036812316,0.028551065,0.002773539,0.005487712,0.950889245,64.14913,12.067228,3792.2977069057524,179,0.9322917,45,4.6329001199216355,25,0.13966480446927373,"{""10"":6,""3"":25,""4"":45,""5"":22,""6"":21,""7"":8,""8"":30,""9"":22}","{""10"":4,""11"":12,""12"":3,""13"":32,""14"":11,""15"":8,""16"":3,""17"":1,""20"":1,""3"":25,""4"":17,""5"":29,""6"":5,""7"":6,""8"":11,""9"":11}",142,5.351115069014301,106,0.106,"{""10"":53,""11"":7,""3"":106,""4"":270,""5"":170,""6"":71,""7"":68,""8"":128,""9"":127}","{""10"":33,""11"":52,""12"":12,""13"":114,""14"":91,""15"":45,""16"":28,""17"":17,""18"":1,""19"":3,""20"":6,""21"":3,""24"":1,""3"":106,""4"":121,""5"":172,""6"":47,""7"":24,""8"":79,""9"":45}","{""Diagonal CMA-ES"":{""attempts"":298,""discoveries"":0,""improvements"":1,""insertions"":1,""insertion_rate"":0.003355704697986577},""Immigrant"":{""attempts"":144,""discoveries"":0,""improvements"":0,""insertions"":0,""insertion_rate"":0.0},""Morphology"":{""attempts"":285,""discoveries"":0,""improvements"":12,""insertions"":12,""insertion_rate"":0.042105263157894736},""Novelty"":{""attempts"":273,""discoveries"":0,""improvements"":2,""insertions"":2,""insertion_rate"":0.007326007326007326}}","{""Morphology"":200,""Novelty"":32}",1,0.88,false,8000
41,32,33000,0.806755465,0.038432984,0.030780819,0.00297538,0.004676785,0.996730997,64.14913,12.386382,3910.8775930926204,180,0.9375,44,4.604734281487174,23,0.12777777777777777,"{""10"":6,""3"":23,""4"":43,""5"":25,""6"":23,""7"":8,""8"":32,""9"":20}","{""10"":4,""11"":12,""12"":3,""13"":33,""14"":10,""15"":9,""16"":3,""17"":1,""3"":23,""4"":17,""5"":28,""6"":4,""7"":7,""8"":13,""9"":13}",134,5.290259788125383,125,0.125,"{""10"":36,""11"":6,""3"":125,""4"":233,""5"":163,""6"":81,""7"":58,""8"":158,""9"":140}","{""10"":17,""11"":62,""12"":19,""13"":145,""14"":100,""15"":34,""16"":24,""17"":6,""18"":3,""19"":1,""20"":13,""21"":4,""22"":1,""3"":125,""4"":98,""5"":166,""6"":56,""7"":29,""8"":53,""9"":44}","{""Diagonal CMA-ES"":{""attempts"":293,""discoveries"":1,""improvements"":2,""insertions"":3,""insertion_rate"":0.010238907849829351},""Immigrant"":{""attempts"":136,""discoveries"":0,""improvements"":0,""insertions"":0,""insertion_rate"":0.0},""Morphology"":{""attempts"":314,""discoveries"":0,""improvements"":15,""insertions"":15,""insertion_rate"":0.04777070063694268},""Novelty"":{""attempts"":257,""discoveries"":0,""improvements"":2,""insertions"":2,""insertion_rate"":0.007782101167315175}}","{""Morphology"":206,""Novelty"":30}",2,0.8831168831168831,false,9000
41,33,34000,0.8440130189999999,0.037257554,0.028121261,0.002974193,0.0061621,1.043146215,66.18947,12.992091,4038.0816111192107,181,0.9427083,46,4.633330075706584,23,0.1270718232044199,"{""10"":5,""11"":1,""3"":23,""4"":42,""5"":26,""6"":22,""7"":8,""8"":34,""9"":20}","{""10"":4,""11"":11,""12"":4,""13"":35,""14"":12,""15"":7,""16"":2,""17"":1,""18"":1,""3"":23,""4"":17,""5"":27,""6"":4,""7"":8,""8"":12,""9"":13}",136,5.260345356546636,120,0.12,"{""10"":31,""11"":9,""3"":120,""4"":197,""5"":169,""6"":147,""7"":75,""8"":155,""9"":97}","{""10"":28,""11"":62,""12"":34,""13"":131,""14"":60,""15"":34,""16"":16,""17"":10,""18"":6,""20"":7,""21"":2,""23"":1,""3"":120,""4"":118,""5"":123,""6"":58,""7"":22,""8"":52,""9"":116}","{""Diagonal CMA-ES"":{""attempts"":280,""discoveries"":1,""improvements"":2,""insertions"":3,""insertion_rate"":0.010714285714285714},""Immigrant"":{""attempts"":152,""discoveries"":0,""improvements"":0,""insertions"":0,""insertion_rate"":0.0},""Morphology"":{""attempts"":308,""discoveries"":0,""improvements"":13,""insertions"":13,""insertion_rate"":0.04220779220779221},""Novelty"":{""attempts"":260,""discoveries"":0,""improvements"":0,""insertions"":0,""insertion_rate"":0.0}}","{""Morphology"":213,""Novelty"":33}",4,0.8846153846153846,true,10000
41,34,35000,0.8775198849999999,0.033506865999999996,0.025796523,0.002651247,0.005059096,1.083849322,66.18947,13.659674,4190.287149459124,181,0.9427083,45,4.6076764327827,22,0.12154696132596685,"{""10"":5,""11"":2,""3"":22,""4"":39,""5"":28,""6"":21,""7"":7,""8"":36,""9"":21}","{""10"":4,""11"":11,""12"":4,""13"":37,""14"":13,""15"":7,""16"":2,""17"":1,""18"":2,""3"":22,""4"":14,""5"":27,""6"":4,""7"":8,""8"":14,""9"":11}",127,4.983161105285785,108,0.108,"{""10"":32,""11"":8,""3"":108,""4"":193,""5"":158,""6"":62,""7"":48,""8"":260,""9"":131}","{""10"":20,""11"":44,""12"":30,""13"":266,""14"":65,""15"":44,""16"":15,""17"":11,""18"":3,""20"":3,""21"":2,""3"":108,""4"":89,""5"":143,""6"":46,""7"":21,""8"":58,""9"":32}","{""Diagonal CMA-ES"":{""attempts"":317,""discoveries"":0,""improvements"":1,""insertions"":1,""insertion_rate"":0.0031545741324921135},""Immigrant"":{""attempts"":145,""discoveries"":0,""improvements"":0,""insertions"":0,""insertion_rate"":0.0},""Morphology"":{""attempts"":283,""discoveries"":0,""improvements"":15,""insertions"":15,""insertion_rate"":0.053003533568904596},""Novelty"":{""attempts"":255,""discoveries"":0,""improvements"":3,""insertions"":3,""insertion_rate"":0.011764705882352941}}","{""Morphology"":175,""Novelty"":22}",1,0.8860759493670886,false,1000
41,35,36000,0.9147287599999999,0.037208875,0.029337059,0.002779475,0.005092341,1.1285322660000001,66.18947,13.90549,4358.491134688258,181,0.9427083,49,4.7444573645604375,21,0.11602209944751381,"{""10"":8,""11"":3,""3"":21,""4"":38,""5"":29,""6"":19,""7"":8,""8"":35,""9"":20}","{""10"":4,""11"":11,""12"":6,""13"":35,""14"":11,""15"":8,""16"":4,""17"":1,""18"":3,""20"":1,""3"":21,""4"":14,""5"":26,""6"":4,""7"":8,""8"":15,""9"":9}",143,5.472066743221732,104,0.104,"{""10"":33,""11"":7,""3"":104,""4"":194,""5"":254,""6"":84,""7"":51,""8"":160,""9"":113}","{""10"":24,""11"":44,""12"":33,""13"":142,""14"":69,""15"":36,""16"":21,""17"":9,""18"":5,""20"":10,""24"":1,""3"":104,""4"":79,""5"":160,""6"":89,""7"":46,""8"":84,""9"":44}","{""Diagonal CMA-ES"":{""attempts"":285,""discoveries"":0,""improvements"":2,""insertions"":2,""insertion_rate"":0.007017543859649123},""Immigrant"":{""attempts"":143,""discoveries"":0,""improvements"":0,""insertions"":0,""insertion_rate"":0.0},""Morphology"":{""attempts"":297,""discoveries"":0,""improvements"":15,""insertions"":15,""insertion_rate"":0.050505050505050504},""Novelty"":{""attempts"":275,""discoveries"":0,""improvements"":2,""insertions"":2,""insertion_rate"":0.007272727272727273}}","{""Morphology"":193,""Novelty"":38}",5,0.8888888888888888,false,2000
41,36,37000,0.949564216,0.034835456,0.026767736,0.002845964,0.005221756,1.170353811,66.18947,14.917949,4437.056838057935,181,0.9427083,52,4.830038293531511,21,0.11602209944751381,"{""10"":8,""11"":4,""12"":1,""3"":21,""4"":38,""5"":29,""6"":18,""7"":11,""8"":33,""9"":18}","{""10"":6,""11"":12,""12"":6,""13"":32,""14"":11,""15"":6,""16"":4,""17"":2,""18"":3,""20"":3,""3"":21,""4"":14,""5"":26,""6"":4,""7"":7,""8"":16,""9"":8}",138,5.430694480340221,87,0.087,"{""10"":43,""11"":31,""12"":3,""3"":87,""4"":191,""5"":242,""6"":90,""7"":46,""8"":156,""9"":111}","{""10"":24,""11"":40,""12"":24,""13"":148,""14"":57,""15"":50,""16"":19,""17"":16,""18"":21,""19"":2,""20"":21,""22"":1,""3"":87,""4"":84,""5"":154,""6"":51,""7"":33,""8"":118,""9"":50}","{""Diagonal CMA-ES"":{""attempts"":305,""discoveries"":0,""improvements"":1,""insertions"":1,""insertion_rate"":0.003278688524590164},""Immigrant"":{""attempts"":149,""discoveries"":0,""improvements"":0,""insertions"":0,""insertion_rate"":0.0},""Morphology"":{""attempts"":296,""discoveries"":0,""improvements"":11,""insertions"":11,""insertion_rate"":0.037162162162162164},""Novelty"":{""attempts"":250,""discoveries"":0,""improvements"":0,""insertions"":0,""insertion_rate"":0.0}}","{""Morphology"":213,""Novelty"":29}",4,0.8941176470588236,false,3000
41,37,38000,0.9844554759999999,0.03489126,0.025782275,0.003064428,0.006044557,1.21347664,66.18947,14.917949,4540.41201325506,182,0.9479167,53,4.83461416415778,20,0.10989010989010989,"{""10"":9,""11"":5,""12"":1,""3"":20,""4"":36,""5"":29,""6"":19,""7"":11,""8"":36,""9"":16}","{""10"":6,""11"":12,""12"":8,""13"":34,""14"":11,""15"":4,""16"":5,""17"":3,""18"":3,""20"":3,""3"":20,""4"":13,""5"":25,""6"":4,""7"":7,""8"":16,""9"":8}",153,5.670127401984075,101,0.101,"{""10"":64,""11"":31,""12"":18,""13"":4,""3"":101,""4"":207,""5"":188,""6"":81,""7"":57,""8"":129,""9"":120}","{""10"":26,""11"":48,""12"":33,""13"":113,""14"":88,""15"":33,""16"":40,""17"":14,""18"":16,""19"":6,""20"":28,""21"":6,""22"":3,""23"":2,""3"":101,""4"":93,""5"":154,""6"":42,""7"":35,""8"":76,""9"":43}","{""Diagonal CMA-ES"":{""attempts"":307,""discoveries"":1,""improvements"":0,""insertions"":1,""insertion_rate"":0.003257328990228013},""Immigrant"":{""attempts"":136,""discoveries"":0,""improvements"":0,""insertions"":0,""insertion_rate"":0.0},""Morphology"":{""attempts"":317,""discoveries"":0,""improvements"":10,""insertions"":10,""insertion_rate"":0.031545741324921134},""Novelty"":{""attempts"":240,""discoveries"":0,""improvements"":1,""insertions"":1,""insertion_rate"":0.004166666666666667}}","{""Morphology"":209,""Novelty"":30}",3,0.8837209302325582,false,4000
41,38,39000,1.025098029,0.040642553,0.030466183,0.003196218,0.006980152,1.262702204,66.18947,15.483044,4694.930214399472,182,0.9479167,52,4.842734628023336,19,0.1043956043956044,"{""10"":9,""11"":5,""12"":2,""3"":19,""4"":35,""5"":26,""6"":20,""7"":12,""8"":36,""9"":18}","{""10"":6,""11"":14,""12"":8,""13"":34,""14"":11,""15"":6,""16"":5,""17"":3,""18"":3,""19"":1,""20"":3,""3"":19,""4"":13,""5"":24,""6"":4,""7"":5,""8"":16,""9"":7}",146,5.302741802845774,83,0.083,"{""10"":52,""11"":37,""12"":17,""13"":1,""3"":83,""4"":150,""5"":140,""6"":69,""7"":54,""8"":243,""9"":154}","{""10"":17,""11"":54,""12"":33,""13"":268,""14"":77,""15"":51,""16"":21,""17"":30,""18"":11,""19"":7,""20"":18,""21"":2,""22"":1,""23"":1,""24"":1,""26"":1,""27"":2,""3"":83,""4"":79,""5"":110,""6"":31,""7"":28,""8"":48,""9"":26}","{""Diagonal CMA-ES"":{""attempts"":304,""discoveries"":0,""improvements"":3,""insertions"":3,""insertion_rate"":0.009868421052631578},""Immigrant"":{""attempts"":146,""discoveries"":0,""improvements"":0,""insertions"":0,""insertion_rate"":0.0},""Morphology"":{""attempts"":292,""discoveries"":0,""improvements"":12,""insertions"":12,""insertion_rate"":0.0410958904109589},""Novelty"":{""attempts"":258,""discoveries"":0,""improvements"":1,""insertions"":1,""insertion_rate"":0.003875968992248062}}","{""Morphology"":186,""Novelty"":32}",2,0.8901098901098901,false,5000
41,39,40000,1.067631955,0.042533926,0.032779049,0.003058491,0.006696386,1.313400023,66.18947,16.20233,4779.945632720366,182,0.9479167,48,4.772947188581772,18,0.0989010989010989,"{""10"":7,""11"":5,""12"":3,""3"":18,""4"":33,""5"":27,""6"":22,""7"":10,""8"":38,""9"":19}","{""10"":4,""11"":13,""12"":10,""13"":34,""14"":11,""15"":6,""16"":5,""17"":3,""18"":4,""19"":1,""20"":3,""3"":18,""4"":13,""5"":22,""6"":5,""7"":5,""8"":16,""9"":9}",159,5.7255156790757455,102,0.102,"{""10"":50,""11"":26,""12"":23,""13"":10,""3"":102,""4"":204,""5"":184,""6"":95,""7"":43,""8"":139,""9"":124}","{""10"":17,""11"":48,""12"":24,""13"":133,""14"":62,""15"":63,""16"":21,""17"":27,""18"":5,""19"":19,""20"":21,""21"":9,""22"":1,""25"":1,""3"":102,""4"":102,""5"":148,""6"":62,""7"":28,""8"":50,""9"":57}","{""Diagonal CMA-ES"":{""attempts"":285,""discoveries"":0,""improvements"":2,""insertions"":2,""insertion_rate"":0.007017543859649123},""Immigrant"":{""attempts"":159,""discoveries"":0,""improvements"":0,""insertions"":0,""insertion_rate"":0.0},""Morphology"":{""attempts"":323,""discoveries"":0,""improvements"":12,""insertions"":12,""insertion_rate"":0.03715170278637771},""Novelty"":{""attempts"":233,""discoveries"":0,""improvements"":2,""insertions"":2,""insertion_rate"":0.008583690987124463}}","{""Morphology"":230,""Novelty"":30}",3,0.8842105263157894,false,6000
41,40,41000,1.1093359569999999,0.041704002000000004,0.033071125,0.003304263,0.005328614,1.3632916640000001,66.18947,16.20233,4793.653178000823,182,0.9479167,50,4.829700766948658,18,0.0989010989010989,"{""10"":6,""11"":5,""12"":3,""3"":18,""4"":34,""5"":25,""6"":23,""7"":10,""8"":37,""9"":21}","{""10"":4,""11"":12,""12"":11,""13"":33,""14"":11,""15"":6,""16"":4,""17"":3,""18"":6,""19"":1,""20"":3,""3"":18,""4"":13,""5"":23,""6"":5,""7"":5,""8"":14,""9"":10}",170,5.712454499336507,97,0.097,"{""10"":41,""11"":14,""12"":34,""13"":24,""3"":97,""4"":201,""5"":154,""6"":95,""7"":42,""8"":161,""9"":137}","{""10"":12,""11"":47,""12"":43,""13"":135,""14"":85,""15"":52,""16"":25,""17"":14,""18"":10,""19"":14,""20"":33,""21"":13,""22"":1,""23"":2,""27"":1,""3"":97,""30"":2,""4"":85,""5"":141,""6"":38,""7"":30,""8"":67,""9"":53}","{""Diagonal CMA-ES"":{""attempts"":289,""discoveries"":0,""improvements"":0,""insertions"":0,""insertion_rate"":0.0},""Immigrant"":{""attempts"":138,""discoveries"":0,""improvements"":0,""insertions"":0,""insertion_rate"":0.0},""Morphology"":{""attempts"":323,""discoveries"":0,""improvements"":5,""insertions"":5,""insertion_rate"":0.015479876160990712},""Novelty"":{""attempts"":250,""discoveries"":0,""improvements"":1,""insertions"":1,""insertion_rate"":0.004}}","{""Morphology"":224,""Novelty"":27}",3,0.8877551020408163,false,7000
41,41,42000,1.1495451449999998,0.04020918799999999,0.031047962,0.003577342,0.005583884,1.412193094,66.49917,16.739693,4893.800410473719,182,0.9479167,50,4.871004258498694,16,0.08791208791208792,"{""10"":6,""11"":5,""12"":5,""13"":1,""3"":16,""4"":35,""5"":24,""6"":23,""7"":10,""8"":36,""9"":21}","{""10"":4,""11"":12,""12"":11,""13"":32,""14"":11,""15"":6,""16"":4,""17"":3,""18"":7,""19"":1,""20"":5,""3"":16,""4"":14,""5"":22,""6"":5,""7"":4,""8"":15,""9"":10}",162,5.681771286152915,96,0.096,"{""10"":34,""11"":15,""12"":40,""13"":18,""3"":96,""4"":191,""5"":153,""6"":103,""7"":48,""8"":169,""9"":133}","{""10"":22,""11"":45,""12"":48,""13"":156,""14"":74,""15"":38,""16"":19,""17"":11,""18"":13,""19"":20,""20"":34,""21"":15,""22"":3,""23"":1,""24"":1,""27"":3,""3"":96,""4"":86,""5"":133,""6"":53,""7"":30,""8"":49,""9"":50}","{""Diagonal CMA-ES"":{""attempts"":315,""discoveries"":0,""improvements"":1,""insertions"":1,""insertion_rate"":0.0031746031746031746},""Immigrant"":{""attempts"":115,""discoveries"":0,""improvements"":0,""insertions"":0,""insertion_rate"":0.0},""Morphology"":{""attempts"":293,""discoveries"":0,""improvements"":8,""insertions"":8,""insertion_rate"":0.027303754266211604},""Novelty"":{""attempts"":277,""discoveries"":0,""improvements"":5,""insertions"":5,""insertion_rate"":0.018050541516245487}}","{""Morphology"":197,""Novelty"":28}",2,0.89,true,8000
41,42,43000,1.1888614819999999,0.039316337,0.030891238,0.002938574,0.005486525,1.4601886130000001,66.49917,16.739693,4907.437528336421,182,0.9479167,51,4.887752200917791,15,0.08241758241758242,"{""10"":6,""11"":6,""12"":5,""13"":1,""3"":15,""4"":35,""5"":23,""6"":25,""7"":10,""8"":36,""9"":20}","{""10"":4,""11"":12,""12"":13,""13"":32,""14"":11,""15"":5,""16"":4,""17"":3,""18"":8,""19"":1,""20"":5,""3"":15,""4"":14,""5"":22,""6"":4,""7"":4,""8"":15,""9"":10}",173,5.812084172933737,68,0.068,"{""10"":44,""11"":19,""12"":34,""13"":8,""3"":68,""4"":178,""5"":179,""6"":135,""7"":61,""8"":153,""9"":121}","{""10"":20,""11"":67,""12"":56,""13"":146,""14"":71,""15"":36,""16"":36,""17"":14,""18"":20,""19"":17,""20"":26,""21"":7,""23"":1,""24"":1,""28"":2,""3"":68,""4"":101,""5"":107,""6"":52,""7"":20,""8"":79,""9"":53}","{""Diagonal CMA-ES"":{""attempts"":284,""discoveries"":0,""improvements"":1,""insertions"":1,""insertion_rate"":0.0035211267605633804},""Immigrant"":{""attempts"":160,""discoveries"":0,""improvements"":0,""insertions"":0,""insertion_rate"":0.0},""Morphology"":{""attempts"":296,""discoveries"":0,""improvements"":4,""insertions"":4,""insertion_rate"":0.013513513513513514},""Novelty"":{""attempts"":260,""discoveries"":0,""improvements"":2,""insertions"":2,""insertion_rate"":0.007692307692307693}}","{""Morphology"":201,""Novelty"":40}",1,0.8932038834951457,false,1000
41,43,44000,1.228643242,0.03978176,0.029820291,0.002981317,0.006980152,1.50697427,66.49917,16.991816,4933.222041705623,182,0.9479167,48,4.868570813658298,15,0.08241758241758242,"{""10"":7,""11"":6,""12"":5,""13"":1,""3"":15,""4"":36,""5"":22,""6"":25,""7"":10,""8"":35,""9"":20}","{""10"":3,""11"":12,""12"":13,""13"":31,""14"":11,""15"":6,""16"":6,""17"":3,""18"":8,""19"":1,""20"":4,""3"":15,""4"":14,""5"":23,""6"":4,""7"":4,""8"":13,""9"":11}",166,5.759740347759093,84,0.084,"{""10"":39,""11"":8,""12"":41,""13"":18,""3"":84,""4"":204,""5"":131,""6"":136,""7"":61,""8"":158,""9"":120}","{""10"":19,""11"":59,""12"":61,""13"":151,""14"":67,""15"":37,""16"":26,""17"":6,""18"":21,""19"":18,""20"":33,""21"":14,""22"":2,""23"":1,""24"":2,""27"":1,""28"":1,""3"":84,""30"":1,""4"":91,""5"":144,""6"":37,""7"":22,""8"":42,""9"":60}","{""Diagonal CMA-ES"":{""attempts"":303,""discoveries"":0,""improvements"":2,""insertions"":2,""insertion_rate"":0.006600660066006601},""Immigrant"":{""attempts"":148,""discoveries"":0,""improvements"":0,""insertions"":0,""insertion_rate"":0.0},""Morphology"":{""attempts"":296,""discoveries"":0,""improvements"":9,""insertions"":9,""insertion_rate"":0.030405405405405407},""Novelty"":{""attempts"":253,""discoveries"":0,""improvements"":0,""insertions"":0,""insertion_rate"":0.0}}","{""Morphology"":179,""Novelty"":30}",1,0.8962264150943396,false,2000
41,44,45000,1.269171815,0.040528573,0.029920024,0.00317366,0.007434889,1.557059441,66.49917,17.72228,5018.6211775336415,182,0.9479167,50,4.8732720076678415,15,0.08241758241758242,"{""10"":6,""11"":6,""12"":5,""13"":2,""3"":15,""4"":35,""5"":20,""6"":25,""7"":9,""8"":38,""9"":21}","{""10"":3,""11"":10,""12"":14,""13"":34,""14"":13,""15"":6,""16"":5,""17"":3,""18"":8,""19"":1,""20"":2,""21"":1,""22"":1,""3"":15,""4"":14,""5"":22,""6"":4,""7"":3,""8"":12,""9"":11}",176,5.929420867914856,90,0.09,"{""10"":49,""11"":17,""12"":34,""13"":26,""14"":1,""3"":90,""4"":180,""5"":132,""6"":110,""7"":61,""8"":153,""9"":147}","{""10"":14,""11"":46,""12"":71,""13"":138,""14"":95,""15"":45,""16"":31,""17"":17,""18"":22,""19"":22,""20"":32,""21"":13,""22"":3,""23"":2,""27"":1,""3"":90,""4"":90,""5"":120,""6"":43,""7"":17,""8"":47,""9"":41}","{""Diagonal CMA-ES"":{""attempts"":269,""discoveries"":0,""improvements"":0,""insertions"":0,""insertion_rate"":0.0},""Immigrant"":{""attempts"":169,""discoveries"":0,""improvements"":0,""insertions"":0,""insertion_rate"":0.0},""Morphology"":{""attempts"":321,""discoveries"":0,""improvements"":10,""insertions"":10,""insertion_rate"":0.03115264797507788},""Novelty"":{""attempts"":241,""discoveries"":0,""improvements"":0,""insertions"":0,""insertion_rate"":0.0}}","{""Morphology"":218,""Novelty"":30}",5,0.8888888888888888,false,3000
41,45,46000,1.308143834,0.038972019,0.030044691,0.003100047,0.005827281,1.6047842540000001,66.49917,17.72897,5067.333170929924,182,0.9479167,51,4.876526290326256,15,0.08241758241758242,"{""10"":7,""11"":6,""12"":6,""13"":2,""3"":15,""4"":35,""5"":17,""6"":26,""7"":10,""8"":39,""9"":19}","{""10"":3,""11"":11,""12"":15,""13"":34,""14"":13,""15"":5,""16"":6,""17"":3,""18"":8,""19"":2,""20"":2,""21"":1,""22"":1,""3"":15,""4"":15,""5"":20,""6"":3,""7"":3,""8"":11,""9"":11}",163,5.80093878716332,78,0.078,"{""10"":49,""11"":16,""12"":34,""13"":19,""14"":2,""3"":78,""4"":194,""5"":134,""6"":105,""7"":50,""8"":169,""9"":150}","{""10"":7,""11"":38,""12"":70,""13"":164,""14"":102,""15"":48,""16"":21,""17"":7,""18"":25,""19"":17,""20"":26,""21"":18,""22"":4,""23"":1,""24"":2,""3"":78,""4"":90,""5"":139,""6"":47,""7"":20,""8"":33,""9"":43}","{""Diagonal CMA-ES"":{""attempts"":299,""discoveries"":0,""improvements"":0,""insertions"":0,""insertion_rate"":0.0},""Immigrant"":{""attempts"":154,""discoveries"":0,""improvements"":0,""insertions"":0,""insertion_rate"":0.0},""Morphology"":{""attempts"":287,""discoveries"":0,""improvements"":4,""insertions"":4,""insertion_rate"":0.013937282229965157},""Novelty"":{""attempts"":260,""discoveries"":0,""improvements"":3,""insertions"":3,""insertion_rate"":0.011538461538461539}}","{""Morphology"":181,""Novelty"":39}",2,0.8899082568807339,false,4000
41,46,47000,1.348294844,0.04015101,0.029744303,0.003958467,0.00644824,1.6548456790000001,66.49917,18.10796,5078.76788107492,182,0.9479167,51,4.880833820767344,13,0.07142857142857142,"{""10"":7,""11"":6,""12"":6,""13"":2,""3"":13,""4"":37,""5"":17,""6"":27,""7"":10,""8"":39,""9"":18}","{""10"":3,""11"":11,""12"":16,""13"":34,""14"":12,""15"":5,""16"":6,""17"":3,""18"":8,""19"":2,""20"":2,""21"":1,""22"":1,""3"":13,""4"":15,""5"":22,""6"":3,""7"":3,""8"":11,""9"":11}",161,5.621411008718099,76,0.076,"{""10"":33,""11"":36,""12"":36,""13"":16,""3"":76,""4"":200,""5"":145,""6"":86,""7"":44,""8"":189,""9"":139}","{""10"":15,""11"":38,""12"":50,""13"":183,""14"":98,""15"":38,""16"":14,""17"":8,""18"":34,""19"":21,""20"":24,""21"":10,""22"":3,""23"":1,""24"":1,""27"":2,""3"":76,""4"":90,""5"":148,""6"":50,""7"":17,""8"":41,""9"":38}","{""Diagonal CMA-ES"":{""attempts"":320,""discoveries"":0,""improvements"":1,""insertions"":1,""insertion_rate"":0.003125},""Immigrant"":{""attempts"":150,""discoveries"":0,""improvements"":0,""insertions"":0,""insertion_rate"":0.0},""Morphology"":{""attempts"":268,""discoveries"":0,""improvements"":5,""insertions"":5,""insertion_rate"":0.018656716417910446},""Novelty"":{""attempts"":262,""discoveries"":0,""improvements"":1,""insertions"":1,""insertion_rate"":0.003816793893129771}}","{""Morphology"":174,""Novelty"":33}",0,0.8909090909090909,false,5000
41,47,48000,1.390826396,0.042531552,0.033714643,0.003215215,0.005601694,1.707907418,66.49917,18.18388,5128.535419145599,183,0.953125,53,4.9488126031775606,13,0.07103825136612021,"{""10"":8,""11"":6,""12"":6,""13"":2,""3"":13,""4"":34,""5"":16,""6"":30,""7"":12,""8"":38,""9"":18}","{""10"":4,""11"":14,""12"":16,""13"":34,""14"":12,""15"":5,""16"":7,""17"":3,""18"":8,""19"":2,""20"":2,""21"":1,""22"":1,""3"":13,""4"":14,""5"":20,""6"":3,""7"":3,""8"":10,""9"":11}",177,5.78025817647743,72,0.072,"{""10"":51,""11"":28,""12"":27,""13"":15,""14"":1,""3"":72,""4"":190,""5"":129,""6"":94,""7"":54,""8"":196,""9"":143}","{""10"":10,""11"":43,""12"":77,""13"":186,""14"":76,""15"":64,""16"":26,""17"":8,""18"":32,""19"":18,""20"":17,""21"":10,""22"":3,""23"":1,""24"":3,""28"":1,""3"":72,""30"":1,""4"":79,""5"":143,""6"":43,""7"":26,""8"":28,""9"":33}","{""Diagonal CMA-ES"":{""attempts"":276,""discoveries"":0,""improvements"":0,""insertions"":0,""insertion_rate"":0.0},""Immigrant"":{""attempts"":146,""discoveries"":0,""improvements"":0,""insertions"":0,""insertion_rate"":0.0},""Morphology"":{""attempts"":312,""discoveries"":1,""improvements"":6,""insertions"":7,""insertion_rate"":0.022435897435897436},""Novelty"":{""attempts"":266,""discoveries"":0,""improvements"":1,""insertions"":1,""insertion_rate"":0.0037593984962406013}}","{""Morphology"":224,""Novelty"":32}",3,0.8956521739130435,false,6000
41,48,49000,1.427669582,0.036843186,0.02791467,0.003189095,0.005739421,1.753129397,66.49917,18.3583,5177.795222619548,183,0.953125,55,4.995460445789924,12,0.06557377049180328,"{""10"":9,""11"":6,""12"":6,""13"":2,""3"":12,""4"":33,""5"":13,""6"":30,""7"":14,""8"":38,""9"":20}","{""10"":4,""11"":16,""12"":16,""13"":34,""14"":14,""15"":6,""16"":7,""17"":3,""18"":8,""19"":2,""20"":3,""21"":1,""22"":1,""3"":12,""4"":13,""5"":20,""6"":2,""7"":3,""8"":8,""9"":10}",156,5.686158578529613,71,0.071,"{""10"":29,""11"":11,""12"":28,""13"":17,""3"":71,""4"":238,""5"":115,""6"":104,""7"":100,""8"":168,""9"":119}","{""10"":48,""11"":64,""12"":71,""13"":155,""14"":84,""15"":31,""16"":22,""17"":7,""18"":13,""19"":17,""20"":21,""21"":11,""22"":5,""3"":71,""4"":134,""5"":134,""6"":47,""7"":12,""8"":26,""9"":27}","{""Diagonal CMA-ES"":{""attempts"":310,""discoveries"":0,""improvements"":1,""insertions"":1,""insertion_rate"":0.0032258064516129032},""Immigrant"":{""attempts"":158,""discoveries"":0,""improvements"":0,""insertions"":0,""insertion_rate"":0.0},""Morphology"":{""attempts"":265,""discoveries"":0,""improvements"":11,""insertions"":11,""insertion_rate"":0.04150943396226415},""Novelty"":{""attempts"":267,""discoveries"":0,""improvements"":0,""insertions"":0,""insertion_rate"":0.0}}","{""Morphology"":177,""Novelty"":30}",3,0.8974358974358975,false,7000
41,49,50000,1.46740385,0.039734267999999996,0.03133054,0.002683304,0.005720424,1.801425304,66.49917,18.3583,5226.028222421184,184,0.9583333,60,5.120053982793104,12,0.06521739130434782,"{""10"":9,""11"":6,""12"":6,""13"":2,""3"":12,""4"":31,""5"":14,""6"":29,""7"":15,""8"":40,""9"":20}","{""10"":4,""11"":16,""12"":17,""13"":33,""14"":15,""15"":7,""16"":6,""17"":3,""18"":8,""19"":2,""20"":3,""21"":2,""22"":1,""3"":12,""4"":12,""5"":20,""6"":2,""7"":3,""8"":8,""9"":10}",171,5.831792394532834,87,0.087,"{""10"":39,""11"":25,""12"":46,""13"":15,""14"":2,""3"":87,""4"":201,""5"":141,""6"":80,""7"":88,""8"":156,""9"":120}","{""10"":10,""11"":37,""12"":65,""13"":137,""14"":113,""15"":55,""16"":20,""17"":5,""18"":25,""19"":30,""20"":24,""21"":11,""22"":4,""24"":1,""25"":1,""27"":2,""28"":1,""3"":87,""4"":96,""5"":137,""6"":53,""7"":25,""8"":31,""9"":30}","{""Diagonal CMA-ES"":{""attempts"":285,""discoveries"":0,""improvements"":0,""insertions"":0,""insertion_rate"":0.0},""Immigrant"":{""attempts"":158,""discoveries"":0,""improvements"":0,""insertions"":0,""insertion_rate"":0.0},""Morphology"":{""attempts"":300,""discoveries"":1,""improvements"":13,""insertions"":14,""insertion_rate"":0.04666666666666667},""Novelty"":{""attempts"":257,""discoveries"":0,""improvements"":0,""insertions"":0,""insertion_rate"":0.0}}","{""Morphology"":201,""Novelty"":26}",5,0.8974358974358975,false,8000
41,50,51000,1.5073601429999999,0.039956293,0.031160755,0.003015749,0.005779789,1.849416073,66.49917,18.378328,5234.8913267645985,184,0.9583333,60,5.115181173270059,12,0.06521739130434782,"{""10"":9,""11"":6,""12"":6,""13"":2,""3"":12,""4"":31,""5"":14,""6"":29,""7"":14,""8"":41,""9"":20}","{""10"":3,""11"":16,""12"":18,""13"":33,""14"":16,""15"":7,""16"":6,""17"":3,""18"":7,""19"":2,""20"":3,""21"":2,""22"":1,""3"":12,""4"":12,""5"":20,""6"":2,""7"":3,""8"":8,""9"":10}",171,5.644498329928787,68,0.068,"{""10"":34,""11"":9,""12"":31,""13"":10,""14"":1,""3"":68,""4"":161,""5"":118,""6"":46,""7"":196,""8"":218,""9"":108}","{""10"":34,""11"":134,""12"":98,""13"":160,""14"":72,""15"":49,""16"":20,""17"":5,""18"":10,""19"":23,""20"":16,""21"":7,""22"":2,""23"":1,""24"":1,""28"":1,""3"":68,""30"":1,""4"":74,""5"":112,""6"":47,""7"":25,""8"":22,""9"":18}","{""Diagonal CMA-ES"":{""attempts"":294,""discoveries"":0,""improvements"":0,""insertions"":0,""insertion_rate"":0.0},""Immigrant"":{""attempts"":154,""discoveries"":0,""improvements"":0,""insertions"":0,""insertion_rate"":0.0},""Morphology"":{""attempts"":273,""discoveries"":0,""improvements"":2,""insertions"":2,""insertion_rate"":0.007326007326007326},""Novelty"":{""attempts"":279,""discoveries"":0,""improvements"":2,""insertions"":2,""insertion_rate"":0.007168458781362007}}","{""Morphology"":171,""Novelty"":37}",1,0.8916666666666667,false,9000
41,51,52000,1.5449406449999998,0.037580502,0.028167566,0.003089362,0.006323574,1.896576918,66.49917,18.44902,5354.657190481201,184,0.9583333,60,5.07853328812463,12,0.06521739130434782,"{""10"":9,""11"":6,""12"":6,""13"":2,""3"":12,""4"":29,""5"":14,""6"":29,""7"":13,""8"":43,""9"":21}","{""10"":3,""11"":15,""12"":18,""13"":34,""14"":18,""15"":7,""16"":6,""17"":3,""18"":7,""19"":2,""20"":3,""21"":2,""22"":1,""3"":12,""4"":11,""5"":19,""6"":2,""7"":3,""8"":8,""9"":10}",155,5.674332271241148,83,0.083,"{""10"":45,""11"":16,""12"":31,""13"":12,""3"":83,""4"":185,""5"":132,""6"":80,""7"":99,""8"":198,""9"":119}","{""10"":5,""11"":90,""12"":86,""13"":160,""14"":93,""15"":43,""16"":27,""17"":5,""18"":16,""19"":17,""20"":25,""21"":8,""22"":3,""24"":1,""3"":83,""4"":82,""5"":138,""6"":47,""7"":20,""8"":32,""9"":19}","{""Diagonal CMA-ES"":{""attempts"":312,""discoveries"":0,""improvements"":1,""insertions"":1,""insertion_rate"":0.003205128205128205},""Immigrant"":{""attempts"":155,""discoveries"":0,""improvements"":0,""insertions"":0,""insertion_rate"":0.0},""Morphology"":{""attempts"":298,""discoveries"":0,""improvements"":6,""insertions"":6,""insertion_rate"":0.020134228187919462},""Novelty"":{""attempts"":235,""discoveries"":0,""improvements"":0,""insertions"":0,""insertion_rate"":0.0}}","{""Morphology"":180,""Novelty"":36}",1,0.8943089430894309,false,10000
41,52,53000,1.5842261109999998,0.039285466000000005,0.030076748,0.002893456,0.006315262,1.944954748,70.840965,20.056406,5497.99469059892,184,0.9583333,57,4.995476007479619,12,0.06521739130434782,"{""10"":7,""11"":6,""12"":4,""13"":2,""3"":12,""4"":27,""5"":14,""6"":31,""7"":12,""8"":44,""9"":25}","{""10"":3,""11"":16,""12"":17,""13"":35,""14"":21,""15"":8,""16"":4,""17"":2,""18"":6,""19"":2,""20"":3,""21"":2,""22"":1,""3"":12,""4"":11,""5"":17,""6"":2,""7"":4,""8"":7,""9"":11}",172,5.79809580467429,79,0.079,"{""10"":50,""11"":13,""12"":20,""13"":18,""14"":2,""3"":79,""4"":178,""5"":146,""6"":84,""7"":85,""8"":199,""9"":126}","{""10"":9,""11"":78,""12"":83,""13"":160,""14"":97,""15"":53,""16"":24,""17"":7,""18"":11,""19"":18,""20"":20,""21"":12,""22"":3,""3"":79,""4"":64,""5"":151,""6"":51,""7"":21,""8"":38,""9"":21}","{""Diagonal CMA-ES"":{""attempts"":289,""discoveries"":0,""improvements"":0,""insertions"":0,""insertion_rate"":0.0},""Immigrant"":{""attempts"":167,""discoveries"":0,""improvements"":0,""insertions"":0,""insertion_rate"":0.0},""Morphology"":{""attempts"":299,""discoveries"":0,""improvements"":12,""insertions"":12,""insertion_rate"":0.04013377926421405},""Novelty"":{""attempts"":245,""discoveries"":0,""improvements"":3,""insertions"":3,""insertion_rate"":0.012244897959183673}}","{""Morphology"":212,""Novelty"":35}",1,0.8984375,true,11000
41,53,54000,1.6227885099999997,0.038562399,0.028310042,0.003332758,0.006919599,1.992616634,70.840965,20.056406,5516.80514148064,184,0.9583333,56,4.99293624687388,12,0.06521739130434782,"{""10"":8,""11"":6,""12"":4,""13"":2,""3"":12,""4"":27,""5"":14,""6"":28,""7"":14,""8"":45,""9"":24}","{""10"":3,""11"":17,""12"":16,""13"":36,""14"":21,""15"":8,""16"":5,""17"":2,""18"":5,""19"":3,""20"":3,""21"":2,""22"":1,""3"":12,""4"":11,""5"":17,""6"":2,""7"":4,""8"":7,""9"":9}",172,5.888318011291709,63,0.063,"{""10"":67,""11"":40,""12"":20,""13"":11,""3"":63,""4"":158,""5"":133,""6"":115,""7"":68,""8"":165,""9"":160}","{""10"":14,""11"":49,""12"":81,""13"":141,""14"":122,""15"":45,""16"":47,""17"":8,""18"":44,""19"":13,""20"":17,""21"":12,""22"":2,""24"":2,""25"":1,""3"":63,""4"":91,""5"":101,""6"":41,""7"":33,""8"":32,""9"":41}","{""Diagonal CMA-ES"":{""attempts"":299,""discoveries"":0,""improvements"":1,""insertions"":1,""insertion_rate"":0.0033444816053511705},""Immigrant"":{""attempts"":131,""discoveries"":0,""improvements"":0,""insertions"":0,""insertion_rate"":0.0},""Morphology"":{""attempts"":303,""discoveries"":0,""improvements"":5,""insertions"":5,""insertion_rate"":0.0165016501650165},""Novelty"":{""attempts"":267,""discoveries"":0,""improvements"":0,""insertions"":0,""insertion_rate"":0.0}}","{""Morphology"":186,""Novelty"":32}",0,0.8992248062015504,false,1000
41,54,55000,1.6669157969999997,0.044127287,0.034015031,0.004019019,0.006093237,2.047258672,70.840965,20.056406,5527.817205579951,184,0.9583333,54,4.969215986131489,12,0.06521739130434782,"{""10"":9,""11"":5,""12"":5,""13"":2,""3"":12,""4"":28,""5"":13,""6"":27,""7"":15,""8"":45,""9"":23}","{""10"":3,""11"":16,""12"":17,""13"":36,""14"":21,""15"":8,""16"":5,""17"":1,""18"":6,""19"":3,""20"":3,""21"":2,""22"":1,""3"":12,""4"":11,""5"":18,""6"":1,""7"":4,""8"":7,""9"":9}",178,5.933364871327143,83,0.083,"{""10"":61,""11"":26,""12"":20,""13"":18,""14"":2,""3"":83,""4"":145,""5"":135,""6"":101,""7"":51,""8"":181,""9"":177}","{""10"":14,""11"":44,""12"":66,""13"":138,""14"":118,""15"":70,""16"":34,""17"":11,""18"":22,""19"":12,""20"":26,""21"":12,""22"":11,""23"":1,""24"":1,""27"":2,""28"":1,""3"":83,""33"":1,""4"":66,""5"":112,""6"":42,""7"":31,""8"":32,""9"":50}","{""Diagonal CMA-ES"":{""attempts"":324,""discoveries"":0,""improvements"":0,""insertions"":0,""insertion_rate"":0.0},""Immigrant"":{""attempts"":134,""discoveries"":0,""improvements"":0,""insertions"":0,""insertion_rate"":0.0},""Morphology"":{""attempts"":316,""discoveries"":0,""improvements"":5,""insertions"":5,""insertion_rate"":0.015822784810126583},""Novelty"":{""attempts"":226,""discoveries"":0,""improvements"":3,""insertions"":3,""insertion_rate"":0.01327433628318584}}","{""Morphology"":219,""Novelty"":26}",1,0.9,false,2000
41,55,56000,1.7118765689999997,0.044960771999999996,0.036383699,0.002886332,0.005690741,2.100211179,70.840965,20.310917,5569.363192232326,184,0.9583333,54,4.978859668255494,12,0.06521739130434782,"{""10"":9,""11"":5,""12"":5,""13"":2,""3"":12,""4"":26,""5"":13,""6"":27,""7"":16,""8"":45,""9"":24}","{""10"":3,""11"":16,""12"":17,""13"":36,""14"":21,""15"":9,""16"":6,""17"":1,""18"":6,""19"":3,""20"":3,""21"":2,""22"":1,""3"":12,""4"":10,""5"":17,""6"":1,""7"":4,""8"":7,""9"":9}",167,5.78900237054524,85,0.085,"{""10"":76,""11"":42,""12"":35,""13"":8,""14"":2,""3"":85,""4"":156,""5"":129,""6"":76,""7"":58,""8"":184,""9"":149}","{""10"":11,""11"":27,""12"":64,""13"":163,""14"":108,""15"":65,""16"":43,""17"":8,""18"":35,""19"":13,""20"":33,""21"":13,""22"":4,""24"":2,""27"":1,""3"":85,""30"":1,""4"":90,""5"":93,""6"":40,""7"":36,""8"":28,""9"":37}","{""Diagonal CMA-ES"":{""attempts"":297,""discoveries"":0,""improvements"":0,""insertions"":0,""insertion_rate"":0.0},""Immigrant"":{""attempts"":140,""discoveries"":0,""improvements"":0,""insertions"":0,""insertion_rate"":0.0},""Morphology"":{""attempts"":307,""discoveries"":0,""improvements"":4,""insertions"":4,""insertion_rate"":0.013029315960912053},""Novelty"":{""attempts"":256,""discoveries"":0,""improvements"":1,""insertions"":1,""insertion_rate"":0.00390625}}","{""Morphology"":203,""Novelty"":29}",0,0.9007633587786259,false,3000
41,56,57000,1.7530617209999997,0.041185152,0.031397029,0.003710321,0.006077802,2.150587239,70.840965,20.4764,5597.771746054292,184,0.9583333,55,5.023124869527211,12,0.06521739130434782,"{""10"":9,""11"":6,""12"":6,""13"":2,""3"":12,""4"":25,""5"":13,""6"":26,""7"":17,""8"":44,""9"":24}","{""10"":3,""11"":17,""12"":17,""13"":35,""14"":21,""15"":9,""16"":6,""17"":2,""18"":6,""19"":3,""20"":4,""21"":2,""22"":1,""3"":12,""4"":9,""5"":17,""6"":1,""7"":4,""8"":7,""9"":8}",177,5.843085241467189,84,0.084,"{""10"":68,""11"":25,""12"":24,""13"":17,""3"":84,""4"":159,""5"":148,""6"":80,""7"":72,""8"":179,""9"":144}","{""10"":11,""11"":30,""12"":69,""13"":161,""14"":109,""15"":69,""16"":37,""17"":7,""18"":17,""19"":15,""20"":22,""21"":13,""22"":8,""26"":3,""3"":84,""30"":1,""4"":79,""5"":119,""6"":42,""7"":42,""8"":29,""9"":33}","{""Diagonal CMA-ES"":{""attempts"":318,""discoveries"":0,""improvements"":3,""insertions"":3,""insertion_rate"":0.009433962264150943},""Immigrant"":{""attempts"":155,""discoveries"":0,""improvements"":0,""insertions"":0,""insertion_rate"":0.0},""Morphology"":{""attempts"":279,""discoveries"":0,""improvements"":8,""insertions"":8,""insertion_rate"":0.02867383512544803},""Novelty"":{""attempts"":248,""discoveries"":0,""improvements"":1,""insertions"":1,""insertion_rate"":0.004032258064516129}}","{""Morphology"":191,""Novelty"":34}",3,0.9007633587786259,false,4000
41,57,58000,1.7940782749999997,0.041016554,0.031385156,0.003656891,0.005974507,2.201871586,70.840965,20.59752,5681.218320980668,184,0.9583333,59,5.092466581883431,10,0.05434782608695652,"{""10"":9,""11"":6,""12"":6,""13"":2,""3"":10,""4"":25,""5"":13,""6"":24,""7"":17,""8"":47,""9"":25}","{""10"":3,""11"":17,""12"":18,""13"":36,""14"":22,""15"":11,""16"":5,""17"":2,""18"":6,""19"":3,""20"":4,""21"":2,""22"":1,""3"":10,""4"":9,""5"":17,""6"":2,""7"":4,""8"":6,""9"":6}",188,6.103484318621374,79,0.079,"{""10"":101,""11"":28,""12"":25,""13"":8,""14"":3,""3"":79,""4"":148,""5"":126,""6"":105,""7"":88,""8"":143,""9"":146}","{""10"":15,""11"":62,""12"":81,""13"":119,""14"":121,""15"":72,""16"":31,""17"":7,""18"":20,""19"":9,""20"":29,""21"":36,""22"":9,""24"":2,""25"":1,""26"":1,""3"":79,""4"":75,""5"":103,""6"":37,""7"":32,""8"":29,""9"":30}","{""Diagonal CMA-ES"":{""attempts"":296,""discoveries"":0,""improvements"":0,""insertions"":0,""insertion_rate"":0.0},""Immigrant"":{""attempts"":152,""discoveries"":0,""improvements"":0,""insertions"":0,""insertion_rate"":0.0},""Morphology"":{""attempts"":293,""discoveries"":0,""improvements"":8,""insertions"":8,""insertion_rate"":0.027303754266211604},""Novelty"":{""attempts"":259,""discoveries"":0,""improvements"":0,""insertions"":0,""insertion_rate"":0.0}}","{""Morphology"":194,""Novelty"":40}",5,0.9015151515151515,false,5000
41,58,59000,1.8321835639999997,0.038105289,0.027395819,0.003748315,0.006961155,2.248760538,70.840965,20.665052,5743.555559530854,184,0.9583333,60,5.094852461597234,9,0.04891304347826087,"{""10"":9,""11"":6,""12"":5,""13"":2,""3"":9,""4"":26,""5"":13,""6"":23,""7"":17,""8"":49,""9"":25}","{""10"":3,""11"":16,""12"":18,""13"":37,""14"":22,""15"":12,""16"":5,""17"":2,""18"":5,""19"":3,""20"":4,""21"":2,""22"":1,""3"":9,""4"":10,""5"":17,""6"":2,""7"":4,""8"":6,""9"":6}",179,6.049573676149009,69,0.069,"{""10"":100,""11"":23,""12"":28,""13"":8,""3"":69,""4"":145,""5"":131,""6"":89,""7"":90,""8"":165,""9"":152}","{""10"":10,""11"":67,""12"":65,""13"":124,""14"":115,""15"":95,""16"":26,""17"":5,""18"":17,""19"":12,""20"":31,""21"":45,""22"":8,""3"":69,""4"":66,""5"":114,""6"":37,""7"":33,""8"":33,""9"":28}","{""Diagonal CMA-ES"":{""attempts"":298,""discoveries"":0,""improvements"":0,""insertions"":0,""insertion_rate"":0.0},""Immigrant"":{""attempts"":159,""discoveries"":0,""improvements"":0,""insertions"":0,""insertion_rate"":0.0},""Morphology"":{""attempts"":285,""discoveries"":0,""improvements"":6,""insertions"":6,""insertion_rate"":0.021052631578947368},""Novelty"":{""attempts"":258,""discoveries"":0,""improvements"":0,""insertions"":0,""insertion_rate"":0.0}}","{""Morphology"":190,""Novelty"":28}",1,0.9015151515151515,false,6000
41,59,60000,1.8720745549999998,0.039890991,0.030669212,0.003141603,0.006080176,2.298814839,70.840965,20.665052,5764.038978949189,184,0.9583333,62,5.145325051150509,9,0.04891304347826087,"{""10"":10,""11"":7,""12"":5,""13"":2,""3"":9,""4"":26,""5"":13,""6"":23,""7"":17,""8"":47,""9"":25}","{""10"":3,""11"":16,""12"":16,""13"":37,""14"":22,""15"":12,""16"":6,""17"":2,""18"":5,""19"":3,""20"":4,""21"":2,""22"":1,""24"":1,""3"":9,""4"":10,""5"":17,""6"":2,""7"":4,""8"":6,""9"":6}",176,6.04115592662935,70,0.07,"{""10"":70,""11"":28,""12"":26,""13"":12,""3"":70,""4"":140,""5"":121,""6"":106,""7"":72,""8"":178,""9"":177}","{""10"":9,""11"":43,""12"":74,""13"":144,""14"":139,""15"":84,""16"":42,""17"":15,""18"":13,""19"":10,""20"":29,""21"":15,""22"":5,""23"":1,""24"":1,""25"":2,""27"":3,""3"":70,""4"":64,""5"":101,""6"":44,""7"":30,""8"":29,""9"":33}","{""Diagonal CMA-ES"":{""attempts"":311,""discoveries"":0,""improvements"":0,""insertions"":0,""insertion_rate"":0.0},""Immigrant"":{""attempts"":124,""discoveries"":0,""improvements"":0,""insertions"":0,""insertion_rate"":0.0},""Morphology"":{""attempts"":320,""discoveries"":0,""improvements"":6,""insertions"":6,""insertion_rate"":0.01875},""Novelty"":{""attempts"":245,""discoveries"":0,""improvements"":0,""insertions"":0,""insertion_rate"":0.0}}","{""Morphology"":218,""Novelty"":20}",2,0.9037037037037037,false,7000
41,60,61000,1.9126921769999998,0.040617622000000006,0.031077645,0.003078676,0.006461301,2.348233933,70.840965,20.665052,5780.816746607423,184,0.9583333,62,5.134721350798701,9,0.04891304347826087,"{""10"":10,""11"":7,""12"":5,""13"":2,""3"":9,""4"":25,""5"":13,""6"":24,""7"":17,""8"":47,""9"":25}","{""10"":3,""11"":18,""12"":15,""13"":37,""14"":22,""15"":12,""16"":6,""17"":2,""18"":5,""19"":3,""20"":4,""21"":2,""22"":1,""24"":1,""3"":9,""4"":10,""5"":16,""6"":2,""7"":4,""8"":6,""9"":6}",190,6.102843979413709,65,0.065,"{""10"":78,""11"":24,""12"":25,""13"":16,""3"":65,""4"":162,""5"":152,""6"":113,""7"":57,""8"":158,""9"":150}","{""10"":10,""11"":50,""12"":66,""13"":127,""14"":112,""15"":87,""16"":43,""17"":8,""18"":9,""19"":18,""20"":25,""21"":19,""22"":6,""24"":4,""27"":1,""3"":65,""4"":76,""5"":117,""6"":45,""7"":40,""8"":38,""9"":34}","{""Diagonal CMA-ES"":{""attempts"":309,""discoveries"":0,""improvements"":0,""insertions"":0,""insertion_rate"":0.0},""Immigrant"":{""attempts"":150,""discoveries"":0,""improvements"":0,""insertions"":0,""insertion_rate"":0.0},""Morphology"":{""attempts"":283,""discoveries"":0,""improvements"":2,""insertions"":2,""insertion_rate"":0.007067137809187279},""Novelty"":{""attempts"":258,""discoveries"":0,""improvements"":1,""insertions"":1,""insertion_rate"":0.003875968992248062}}","{""Morphology"":182,""Novelty"":32}",0,0.9071428571428571,false,8000
41,61,62000,1.955921863,0.043229686,0.033058065,0.003284079,0.006887542,2.400778008,70.840965,20.665052,5797.022033110261,184,0.9583333,62,5.119203454043962,9,0.04891304347826087,"{""10"":9,""11"":6,""12"":5,""13"":2,""3"":9,""4"":25,""5"":13,""6"":23,""7"":18,""8"":48,""9"":26}","{""10"":3,""11"":18,""12"":14,""13"":38,""14"":22,""15"":12,""16"":7,""17"":2,""18"":4,""19"":3,""20"":4,""21"":2,""22"":1,""24"":1,""3"":9,""4"":10,""5"":16,""6"":2,""7"":4,""8"":6,""9"":6}",171,5.980675320491817,71,0.071,"{""10"":70,""11"":37,""12"":25,""13"":14,""3"":71,""4"":152,""5"":141,""6"":107,""7"":58,""8"":182,""9"":143}","{""10"":7,""11"":56,""12"":49,""13"":146,""14"":112,""15"":88,""16"":44,""17"":13,""18"":20,""19"":11,""20"":24,""21"":17,""22"":3,""24"":5,""27"":1,""3"":71,""30"":1,""4"":90,""5"":90,""6"":45,""7"":39,""8"":36,""9"":32}","{""Diagonal CMA-ES"":{""attempts"":288,""discoveries"":0,""improvements"":0,""insertions"":0,""insertion_rate"":0.0},""Immigrant"":{""attempts"":159,""discoveries"":0,""improvements"":0,""insertions"":0,""insertion_rate"":0.0},""Morphology"":{""attempts"":296,""discoveries"":0,""improvements"":3,""insertions"":3,""insertion_rate"":0.010135135135135136},""Novelty"":{""attempts"":257,""discoveries"":0,""improvements"":0,""insertions"":0,""insertion_rate"":0.0}}","{""Morphology"":200,""Novelty"":28}",1,0.9078014184397163,false,9000
41,62,63000,1.9939903449999998,0.038068482,0.029426106,0.003309013,0.005333363,2.447475805,70.840965,20.665052,5817.014935865998,184,0.9583333,60,5.07626794029456,9,0.04891304347826087,"{""10"":8,""11"":6,""12"":5,""13"":2,""3"":9,""4"":25,""5"":13,""6"":22,""7"":20,""8"":47,""9"":27}","{""10"":3,""11"":19,""12"":13,""13"":38,""14"":24,""15"":12,""16"":6,""17"":2,""18"":4,""19"":3,""20"":4,""21"":2,""22"":1,""24"":1,""3"":9,""4"":10,""5"":16,""6"":2,""7"":4,""8"":6,""9"":5}",178,6.070737926065921,96,0.096,"{""10"":62,""11"":24,""12"":24,""13"":11,""14"":1,""3"":96,""4"":182,""5"":162,""6"":145,""7"":66,""8"":66,""9"":161}","{""10"":5,""11"":78,""12"":60,""13"":65,""14"":93,""15"":71,""16"":41,""17"":12,""18"":17,""19"":18,""20"":23,""21"":28,""23"":1,""24"":9,""3"":96,""4"":89,""5"":124,""6"":59,""7"":43,""8"":33,""9"":35}","{""Diagonal CMA-ES"":{""attempts"":310,""discoveries"":0,""improvements"":0,""insertions"":0,""insertion_rate"":0.0},""Immigrant"":{""attempts"":146,""discoveries"":0,""improvements"":0,""insertions"":0,""insertion_rate"":0.0},""Morphology"":{""attempts"":295,""discoveries"":0,""improvements"":5,""insertions"":5,""insertion_rate"":0.01694915254237288},""Novelty"":{""attempts"":249,""discoveries"":0,""improvements"":1,""insertions"":1,""insertion_rate"":0.004016064257028112}}","{""Morphology"":202,""Novelty"":31}",1,0.9020979020979021,false,10000
41,63,64000,2.0391232759999998,0.045132931,0.036020384,0.00301931,0.006093237,2.501488573,70.840965,20.665052,5846.8956467062235,184,0.9583333,63,5.1206418372314095,9,0.04891304347826087,"{""10"":8,""11"":5,""12"":5,""13"":2,""3"":9,""4"":25,""5"":13,""6"":21,""7"":20,""8"":47,""9"":29}","{""10"":3,""11"":20,""12"":12,""13"":38,""14"":25,""15"":11,""16"":7,""17"":3,""18"":3,""19"":2,""20"":4,""21"":2,""22"":1,""24"":1,""3"":9,""4"":10,""5"":16,""6"":2,""7"":4,""8"":6,""9"":5}",176,5.668663706328793,81,0.081,"{""10"":57,""11"":18,""12"":15,""13"":10,""3"":81,""4"":94,""5"":146,""6"":134,""7"":158,""8"":167,""9"":120}","{""10"":3,""11"":116,""12"":41,""13"":155,""14"":86,""15"":65,""16"":115,""17"":12,""18"":8,""19"":10,""20"":16,""21"":20,""24"":4,""25"":1,""3"":81,""30"":2,""4"":44,""5"":92,""6"":50,""7"":30,""8"":30,""9"":19}","{""Diagonal CMA-ES"":{""attempts"":291,""discoveries"":0,""improvements"":1,""insertions"":1,""insertion_rate"":0.003436426116838488},""Immigrant"":{""attempts"":158,""discoveries"":0,""improvements"":0,""insertions"":0,""insertion_rate"":0.0},""Morphology"":{""attempts"":311,""discoveries"":0,""improvements"":9,""insertions"":9,""insertion_rate"":0.028938906752411574},""Novelty"":{""attempts"":240,""discoveries"":0,""improvements"":0,""insertions"":0,""insertion_rate"":0.0}}","{""Morphology"":198,""Novelty"":30}",4,0.9020979020979021,false,11000
41,64,65000,2.0793431499999997,0.040219874,0.031482514,0.001877126,0.006860234,2.549254942,70.840965,21.363438,5861.207728996873,184,0.9583333,64,5.154878774244071,9,0.04891304347826087,"{""10"":8,""11"":5,""12"":5,""13"":2,""3"":9,""4"":25,""5"":13,""6"":20,""7"":22,""8"":46,""9"":29}","{""10"":4,""11"":19,""12"":12,""13"":38,""14"":24,""15"":12,""16"":7,""17"":3,""18"":3,""19"":2,""20"":4,""21"":2,""22"":1,""24"":1,""3"":9,""4"":10,""5"":16,""6"":2,""7"":4,""8"":6,""9"":5}",172,5.732024636588339,66,0.066,"{""10"":62,""11"":16,""12"":14,""13"":6,""3"":66,""4"":152,""5"":126,""6"":73,""7"":64,""8"":192,""9"":229}","{""10"":12,""11"":49,""12"":38,""13"":160,""14"":164,""15"":105,""16"":39,""17"":12,""18"":7,""19"":9,""20"":17,""21"":11,""22"":1,""23"":1,""24"":1,""25"":3,""3"":66,""4"":77,""5"":98,""6"":39,""7"":30,""8"":40,""9"":21}","{""Diagonal CMA-ES"":{""attempts"":317,""discoveries"":0,""improvements"":0,""insertions"":0,""insertion_rate"":0.0},""Immigrant"":{""attempts"":138,""discoveries"":0,""improvements"":0,""insertions"":0,""insertion_rate"":0.0},""Morphology"":{""attempts"":292,""discoveries"":0,""improvements"":4,""insertions"":4,""insertion_rate"":0.0136986301369863},""Novelty"":{""attempts"":253,""discoveries"":0,""improvements"":0,""insertions"":0,""insertion_rate"":0.0}}","{""Morphology"":185,""Novelty"":40}",1,0.9027777777777778,false,12000
41,65,66000,2.1185490669999996,0.03920591700000001,0.032729182,0.002650059,0.003826676,2.595977672,70.840965,21.40015,5866.252665176988,184,0.9583333,64,5.150005964721031,9,0.04891304347826087,"{""10"":8,""11"":5,""12"":5,""13"":2,""3"":9,""4"":25,""5"":13,""6"":19,""7"":23,""8"":46,""9"":29}","{""10"":4,""11"":20,""12"":12,""13"":38,""14"":24,""15"":12,""16"":7,""17"":3,""18"":3,""19"":2,""20"":4,""21"":2,""22"":1,""24"":1,""3"":9,""4"":10,""5"":16,""6"":2,""7"":4,""8"":6,""9"":4}",174,5.833706701592067,62,0.062,"{""10"":48,""11"":24,""12"":17,""13"":5,""3"":62,""4"":121,""5"":128,""6"":99,""7"":108,""8"":178,""9"":210}","{""10"":16,""11"":58,""12"":51,""13"":149,""14"":192,""15"":74,""16"":34,""17"":14,""18"":18,""19"":12,""20"":20,""21"":8,""24"":4,""3"":62,""30"":2,""4"":67,""5"":87,""6"":44,""7"":35,""8"":21,""9"":32}","{""Diagonal CMA-ES"":{""attempts"":307,""discoveries"":0,""improvements"":0,""insertions"":0,""insertion_rate"":0.0},""Immigrant"":{""attempts"":150,""discoveries"":0,""improvements"":0,""insertions"":0,""insertion_rate"":0.0},""Morphology"":{""attempts"":280,""discoveries"":0,""improvements"":2,""insertions"":2,""insertion_rate"":0.007142857142857143},""Novelty"":{""attempts"":263,""discoveries"":0,""improvements"":0,""insertions"":0,""insertion_rate"":0.0}}","{""Morphology"":194,""Novelty"":29}",0,0.903448275862069,false,13000
41,66,67000,2.1631702709999994,0.044621204,0.034562377,0.003210466,0.006848361,2.649511957,70.840965,21.40015,5873.33379997313,184,0.9583333,63,5.150779059724695,9,0.04891304347826087,"{""10"":8,""11"":4,""12"":5,""13"":2,""3"":9,""4"":25,""5"":13,""6"":19,""7"":24,""8"":45,""9"":30}","{""10"":4,""11"":20,""12"":12,""13"":37,""14"":26,""15"":12,""16"":7,""17"":2,""18"":3,""19"":2,""20"":4,""21"":2,""22"":1,""24"":1,""3"":9,""4"":10,""5"":16,""6"":2,""7"":4,""8"":6,""9"":4}",179,5.950299815210914,75,0.075,"{""10"":50,""11"":23,""12"":28,""13"":8,""3"":75,""4"":135,""5"":132,""6"":73,""7"":71,""8"":199,""9"":206}","{""10"":7,""11"":75,""12"":38,""13"":160,""14"":154,""15"":84,""16"":41,""17"":9,""18"":13,""19"":8,""20"":34,""21"":10,""22"":2,""24"":5,""3"":75,""30"":2,""4"":74,""5"":89,""6"":47,""7"":38,""8"":23,""9"":12}","{""Diagonal CMA-ES"":{""attempts"":308,""discoveries"":0,""improvements"":0,""insertions"":0,""insertion_rate"":0.0},""Immigrant"":{""attempts"":147,""discoveries"":0,""improvements"":0,""insertions"":0,""insertion_rate"":0.0},""Morphology"":{""attempts"":296,""discoveries"":0,""improvements"":1,""insertions"":1,""insertion_rate"":0.0033783783783783786},""Novelty"":{""attempts"":249,""discoveries"":0,""improvements"":1,""insertions"":1,""insertion_rate"":0.004016064257028112}}","{""Morphology"":200,""Novelty"":26}",0,0.9060402684563759,false,14000
41,67,68000,2.2073723579999993,0.044202087,0.033774009,0.003293577,0.007134501,2.703992522,70.840965,21.647875,5879.334015503526,184,0.9583333,62,5.131161448450582,9,0.04891304347826087,"{""10"":7,""11"":4,""12"":5,""13"":2,""3"":9,""4"":25,""5"":13,""6"":19,""7"":25,""8"":44,""9"":31}","{""10"":4,""11"":20,""12"":12,""13"":37,""14"":27,""15"":11,""16"":8,""17"":2,""18"":3,""19"":2,""20"":4,""21"":1,""22"":1,""24"":1,""3"":9,""4"":10,""5"":16,""6"":2,""7"":4,""8"":6,""9"":4}",192,6.060687188983442,73,0.073,"{""10"":71,""11"":28,""12"":18,""13"":10,""14"":1,""3"":73,""4"":133,""5"":135,""6"":74,""7"":73,""8"":187,""9"":197}","{""10"":8,""11"":73,""12"":38,""13"":155,""14"":161,""15"":78,""16"":40,""17"":10,""18"":18,""19"":12,""20"":17,""21"":17,""22"":7,""24"":4,""25"":1,""27"":1,""3"":73,""30"":1,""4"":68,""5"":89,""6"":53,""7"":36,""8"":26,""9"":14}","{""Diagonal CMA-ES"":{""attempts"":287,""discoveries"":0,""improvements"":0,""insertions"":0,""insertion_rate"":0.0},""Immigrant"":{""attempts"":146,""discoveries"":0,""improvements"":0,""insertions"":0,""insertion_rate"":0.0},""Morphology"":{""attempts"":321,""discoveries"":0,""improvements"":3,""insertions"":3,""insertion_rate"":0.009345794392523364},""Novelty"":{""attempts"":246,""discoveries"":0,""improvements"":1,""insertions"":1,""insertion_rate"":0.0040650406504065045}}","{""Morphology"":214,""Novelty"":29}",1,0.9066666666666666,false,15000
41,68,69000,2.2476658449999993,0.040293487,0.030342704,0.003221152,0.006729631,2.753108854,70.840965,21.647875,5884.053673401475,184,0.9583333,62,5.151474717399365,9,0.04891304347826087,"{""10"":8,""11"":4,""12"":5,""13"":2,""3"":9,""4"":24,""5"":13,""6"":19,""7"":25,""8"":43,""9"":32}","{""10"":4,""11"":20,""12"":12,""13"":36,""14"":28,""15"":11,""16"":9,""17"":2,""18"":3,""19"":2,""20"":4,""21"":1,""22"":1,""24"":1,""3"":9,""4"":10,""5"":15,""6"":2,""7"":4,""8"":6,""9"":4}",183,5.817058293197745,53,0.053,"{""10"":84,""11"":19,""12"":14,""13"":7,""14"":2,""3"":53,""4"":128,""5"":110,""6"":69,""7"":104,""8"":189,""9"":221}","{""10"":6,""11"":81,""12"":49,""13"":155,""14"":138,""15"":115,""16"":69,""17"":10,""18"":12,""19"":11,""20"":27,""21"":9,""22"":4,""23"":3,""24"":2,""25"":1,""3"":53,""4"":74,""5"":79,""6"":40,""7"":29,""8"":19,""9"":14}","{""Diagonal CMA-ES"":{""attempts"":320,""discoveries"":0,""improvements"":0,""insertions"":0,""insertion_rate"":0.0},""Immigrant"":{""attempts"":146,""discoveries"":0,""improvements"":0,""insertions"":0,""insertion_rate"":0.0},""Morphology"":{""attempts"":311,""discoveries"":0,""improvements"":2,""insertions"":2,""insertion_rate"":0.006430868167202572},""Novelty"":{""attempts"":223,""discoveries"":0,""improvements"":0,""insertions"":0,""insertion_rate"":0.0}}","{""Morphology"":205,""Novelty"":19}",0,0.9066666666666666,false,16000
41,69,70000,2.2932416409999994,0.045575795999999995,0.035158403,0.003887228,0.006530165,2.807614352,70.840965,22.449049,5889.815974369645,184,0.9583333,62,5.172106682010229,9,0.04891304347826087,"{""10"":9,""11"":4,""12"":5,""13"":2,""3"":9,""4"":24,""5"":13,""6"":19,""7"":24,""8"":43,""9"":32}","{""10"":4,""11"":20,""12"":11,""13"":35,""14"":28,""15"":12,""16"":10,""17"":2,""18"":3,""19"":2,""20"":4,""21"":1,""22"":1,""24"":1,""3"":9,""4"":10,""5"":15,""6"":2,""7"":4,""8"":6,""9"":4}",180,6.11112827410537,79,0.079,"{""10"":69,""11"":21,""12"":20,""13"":17,""14"":3,""3"":79,""4"":142,""5"":168,""6"":87,""7"":89,""8"":84,""9"":221}","{""10"":9,""11"":69,""12"":32,""13"":74,""14"":122,""15"":135,""16"":55,""17"":13,""18"":16,""19"":5,""20"":22,""21"":10,""22"":12,""24"":9,""3"":79,""30"":1,""4"":56,""5"":124,""6"":64,""7"":30,""8"":42,""9"":21}","{""Diagonal CMA-ES"":{""attempts"":326,""discoveries"":0,""improvements"":0,""insertions"":0,""insertion_rate"":0.0},""Immigrant"":{""attempts"":148,""discoveries"":0,""improvements"":0,""insertions"":0,""insertion_rate"":0.0},""Morphology"":{""attempts"":288,""discoveries"":0,""improvements"":4,""insertions"":4,""insertion_rate"":0.013888888888888888},""Novelty"":{""attempts"":238,""discoveries"":0,""improvements"":0,""insertions"":0,""insertion_rate"":0.0}}","{""Morphology"":188,""Novelty"":32}",1,0.9066666666666666,false,17000
41,70,71000,2.3354965519999995,0.04225491099999999,0.032796858,0.003130917,0.006327136,2.85877522,70.840965,22.88015,5971.518888130784,184,0.9583333,61,5.158205048724347,8,0.043478260869565216,"{""10"":10,""11"":4,""12"":5,""13"":2,""3"":8,""4"":24,""5"":13,""6"":20,""7"":23,""8"":43,""9"":32}","{""10"":4,""11"":20,""12"":12,""13"":35,""14"":30,""15"":10,""16"":10,""17"":2,""18"":3,""19"":2,""20"":4,""21"":1,""22"":1,""24"":1,""3"":8,""4"":10,""5"":15,""6"":2,""7"":4,""8"":6,""9"":4}",178,6.0420469499598335,88,0.088,"{""10"":156,""11"":28,""12"":17,""13"":13,""14"":2,""3"":88,""4"":139,""5"":136,""6"":71,""7"":84,""8"":77,""9"":189}","{""10"":9,""11"":55,""12"":30,""13"":74,""14"":127,""15"":97,""16"":137,""17"":22,""18"":18,""19"":2,""20"":18,""21"":9,""22"":9,""23"":2,""24"":6,""27"":1,""3"":88,""4"":59,""5"":119,""6"":44,""7"":30,""8"":30,""9"":14}","{""Diagonal CMA-ES"":{""attempts"":302,""discoveries"":0,""improvements"":0,""insertions"":0,""insertion_rate"":0.0},""Immigrant"":{""attempts"":147,""discoveries"":0,""improvements"":0,""insertions"":0,""insertion_rate"":0.0},""Morphology"":{""attempts"":306,""discoveries"":0,""improvements"":6,""insertions"":6,""insertion_rate"":0.0196078431372549},""Novelty"":{""attempts"":245,""discoveries"":0,""improvements"":0,""insertions"":0,""insertion_rate"":0.0}}","{""Morphology"":215,""Novelty"":25}",0,0.9072847682119205,false,18000
41,71,72000,2.3757567939999995,0.040260241999999995,0.028890633,0.004187616,0.007181993,2.90820025,70.840965,23.714838,6050.923820629716,184,0.9583333,61,5.1462341060886665,8,0.043478260869565216,"{""10"":11,""11"":4,""12"":5,""13"":2,""3"":8,""4"":23,""5"":11,""6"":20,""7"":24,""8"":44,""9"":32}","{""10"":4,""11"":20,""12"":12,""13"":36,""14"":30,""15"":11,""16"":11,""17"":2,""18"":3,""19"":2,""20"":4,""21"":1,""22"":1,""24"":1,""3"":8,""4"":9,""5"":15,""6"":2,""7"":4,""8"":4,""9"":4}",178,6.093962415471501,93,0.093,"{""10"":120,""11"":23,""12"":20,""13"":18,""3"":93,""4"":163,""5"":150,""6"":72,""7"":81,""8"":111,""9"":149}","{""10"":8,""11"":51,""12"":41,""13"":103,""14"":130,""15"":65,""16"":86,""17"":15,""18"":19,""19"":5,""20"":18,""21"":13,""22"":9,""24"":5,""25"":1,""3"":93,""4"":98,""5"":120,""6"":47,""7"":26,""8"":27,""9"":20}","{""Diagonal CMA-ES"":{""attempts"":264,""discoveries"":0,""improvements"":0,""insertions"":0,""insertion_rate"":0.0},""Immigrant"":{""attempts"":166,""discoveries"":0,""improvements"":0,""insertions"":0,""insertion_rate"":0.0},""Morphology"":{""attempts"":306,""discoveries"":0,""improvements"":5,""insertions"":5,""insertion_rate"":0.016339869281045753},""Novelty"":{""attempts"":264,""discoveries"":0,""improvements"":0,""insertions"":0,""insertion_rate"":0.0}}","{""Morphology"":201,""Novelty"":33}",1,0.9072847682119205,false,19000
41,72,73000,2.4198247159999995,0.044067921999999995,0.033129303,0.003200968,0.007737651,2.961196687,70.840965,23.714838,6061.704852715135,184,0.9583333,61,5.176948695514769,8,0.043478260869565216,"{""10"":11,""11"":4,""12"":5,""13"":2,""3"":8,""4"":22,""5"":12,""6"":20,""7"":23,""8"":43,""9"":34}","{""10"":4,""11"":18,""12"":13,""13"":36,""14"":30,""15"":10,""16"":13,""17"":2,""18"":3,""19"":2,""20"":4,""21"":1,""22"":1,""24"":1,""3"":8,""4"":9,""5"":14,""6"":3,""7"":4,""8"":4,""9"":4}",179,6.076807948404861,87,0.087,"{""10"":83,""11"":23,""12"":17,""13"":17,""3"":87,""4"":140,""5"":118,""6"":86,""7"":183,""8"":103,""9"":143}","{""10"":9,""11"":89,""12"":41,""13"":87,""14"":117,""15"":131,""16"":72,""17"":14,""18"":18,""19"":4,""20"":17,""21"":15,""22"":8,""24"":6,""25"":1,""26"":1,""27"":1,""3"":87,""4"":68,""5"":102,""6"":44,""7"":25,""8"":26,""9"":17}","{""Diagonal CMA-ES"":{""attempts"":314,""discoveries"":0,""improvements"":0,""insertions"":0,""insertion_rate"":0.0},""Immigrant"":{""attempts"":147,""discoveries"":0,""improvements"":0,""insertions"":0,""insertion_rate"":0.0},""Morphology"":{""attempts"":288,""discoveries"":0,""improvements"":5,""insertions"":5,""insertion_rate"":0.017361111111111112},""Novelty"":{""attempts"":251,""discoveries"":0,""improvements"":1,""insertions"":1,""insertion_rate"":0.00398406374501992}}","{""Morphology"":184,""Novelty"":33}",0,0.9078947368421053,false,20000
41,73,74000,2.4619977029999993,0.042172987,0.032527341,0.003244898,0.006400748,3.012950018,70.840965,23.832315,6073.948523178697,184,0.9583333,63,5.2144302006899865,8,0.043478260869565216,"{""10"":13,""11"":4,""12"":5,""13"":2,""3"":8,""4"":22,""5"":12,""6"":19,""7"":23,""8"":44,""9"":32}","{""10"":4,""11"":18,""12"":13,""13"":37,""14"":29,""15"":10,""16"":13,""17"":2,""18"":4,""19"":2,""20"":4,""21"":1,""22"":1,""24"":1,""3"":8,""4"":9,""5"":14,""6"":3,""7"":4,""8"":4,""9"":3}",188,6.207653365350071,90,0.09,"{""10"":91,""11"":29,""12"":16,""13"":18,""3"":90,""4"":135,""5"":133,""6"":83,""7"":120,""8"":121,""9"":164}","{""10"":8,""11"":62,""12"":65,""13"":100,""14"":119,""15"":72,""16"":94,""17"":17,""18"":23,""19"":5,""20"":17,""21"":16,""22"":9,""23"":1,""24"":8,""25"":1,""3"":90,""30"":1,""4"":73,""5"":91,""6"":54,""7"":28,""8"":29,""9"":17}","{""Diagonal CMA-ES"":{""attempts"":305,""discoveries"":0,""improvements"":0,""insertions"":0,""insertion_rate"":0.0},""Immigrant"":{""attempts"":143,""discoveries"":0,""improvements"":0,""insertions"":0,""insertion_rate"":0.0},""Morphology"":{""attempts"":310,""discoveries"":0,""improvements"":4,""insertions"":4,""insertion_rate"":0.012903225806451613},""Novelty"":{""attempts"":242,""discoveries"":0,""improvements"":0,""insertions"":0,""insertion_rate"":0.0}}","{""Morphology"":201,""Novelty"":28}",2,0.9078947368421053,false,21000
41,74,75000,2.501102698999999,0.039104996,0.029369116,0.003250834,0.006485046,3.061023899,70.840965,23.832315,6094.169319674373,184,0.9583333,63,5.213323034866067,8,0.043478260869565216,"{""10"":12,""11"":4,""12"":6,""13"":2,""3"":8,""4"":21,""5"":12,""6"":19,""7"":22,""8"":43,""9"":35}","{""10"":4,""11"":17,""12"":13,""13"":36,""14"":32,""15"":10,""16"":13,""17"":2,""18"":4,""19"":1,""20"":5,""21"":1,""22"":1,""24"":1,""3"":8,""4"":8,""5"":14,""6"":3,""7"":4,""8"":4,""9"":3}",184,6.1862173759450805,90,0.09,"{""10"":75,""11"":50,""12"":21,""13"":19,""14"":2,""3"":90,""4"":148,""5"":142,""6"":86,""7"":114,""8"":128,""9"":125}","{""10"":13,""11"":71,""12"":44,""13"":118,""14"":117,""15"":56,""16"":59,""17"":25,""18"":26,""19"":12,""20"":18,""21"":15,""22"":15,""23"":1,""24"":11,""3"":90,""4"":71,""5"":114,""6"":50,""7"":37,""8"":22,""9"":15}","{""Diagonal CMA-ES"":{""attempts"":310,""discoveries"":0,""improvements"":1,""insertions"":1,""insertion_rate"":0.0032258064516129032},""Immigrant"":{""attempts"":154,""discoveries"":0,""improvements"":0,""insertions"":0,""insertion_rate"":0.0},""Morphology"":{""attempts"":285,""discoveries"":0,""improvements"":5,""insertions"":5,""insertion_rate"":0.017543859649122806},""Novelty"":{""attempts"":251,""discoveries"":0,""improvements"":0,""insertions"":0,""insertion_rate"":0.0}}","{""Morphology"":181,""Novelty"":37}",1,0.9084967320261438,false,22000
41,75,76000,2.547091676999999,0.045988978,0.035364994,0.004005959,0.006618025,3.116460242,70.840965,23.832315,6104.625599429011,184,0.9583333,61,5.160956339086721,8,0.043478260869565216,"{""10"":13,""11"":4,""12"":6,""13"":2,""3"":8,""4"":21,""5"":12,""6"":19,""7"":21,""8"":42,""9"":36}","{""10"":4,""11"":16,""12"":11,""13"":36,""14"":36,""15"":9,""16"":12,""17"":2,""18"":5,""19"":1,""20"":5,""21"":1,""22"":1,""24"":1,""3"":8,""4"":8,""5"":14,""6"":3,""7"":4,""8"":4,""9"":3}",197,6.14283119029047,54,0.054,"{""10"":116,""11"":42,""12"":21,""13"":15,""3"":54,""4"":132,""5"":123,""6"":68,""7"":76,""8"":152,""9"":201}","{""10"":9,""11"":59,""12"":50,""13"":118,""14"":180,""15"":72,""16"":80,""17"":19,""18"":29,""19"":12,""20"":24,""21"":12,""22"":8,""23"":1,""24"":3,""27"":1,""3"":54,""30"":2,""4"":75,""5"":95,""6"":45,""7"":25,""8"":19,""9"":8}","{""Diagonal CMA-ES"":{""attempts"":279,""discoveries"":0,""improvements"":0,""insertions"":0,""insertion_rate"":0.0},""Immigrant"":{""attempts"":144,""discoveries"":0,""improvements"":0,""insertions"":0,""insertion_rate"":0.0},""Morphology"":{""attempts"":312,""discoveries"":0,""improvements"":7,""insertions"":7,""insertion_rate"":0.022435897435897436},""Novelty"":{""attempts"":265,""discoveries"":0,""improvements"":0,""insertions"":0,""insertion_rate"":0.0}}","{""Morphology"":204,""Novelty"":35}",1,0.9084967320261438,false,23000
41,76,77000,2.5863593359999992,0.039267658999999996,0.029130469,0.00290533,0.00723186,3.164769209,70.840965,23.832315,6115.444258734584,184,0.9583333,62,5.1610582760087995,8,0.043478260869565216,"{""10"":12,""11"":5,""12"":6,""13"":2,""3"":8,""4"":20,""5"":11,""6"":19,""7"":22,""8"":42,""9"":37}","{""10"":4,""11"":16,""12"":11,""13"":36,""14"":38,""15"":9,""16"":11,""17"":3,""18"":5,""19"":1,""20"":5,""21"":1,""22"":1,""24"":1,""3"":8,""4"":8,""5"":13,""6"":2,""7"":4,""8"":4,""9"":3}",168,5.524986126422627,46,0.046,"{""10"":125,""11"":40,""12"":14,""13"":2,""3"":46,""4"":92,""5"":103,""6"":103,""7"":71,""8"":153,""9"":251}","{""10"":9,""11"":101,""12"":33,""13"":132,""14"":242,""15"":80,""16"":60,""17"":13,""18"":47,""19"":10,""20"":18,""21"":7,""24"":1,""3"":46,""4"":59,""5"":62,""6"":37,""7"":28,""8"":11,""9"":4}","{""Diagonal CMA-ES"":{""attempts"":299,""discoveries"":0,""improvements"":0,""insertions"":0,""insertion_rate"":0.0},""Immigrant"":{""attempts"":136,""discoveries"":0,""improvements"":0,""insertions"":0,""insertion_rate"":0.0},""Morphology"":{""attempts"":318,""discoveries"":0,""improvements"":3,""insertions"":3,""insertion_rate"":0.009433962264150943},""Novelty"":{""attempts"":247,""discoveries"":0,""improvements"":0,""insertions"":0,""insertion_rate"":0.0}}","{""Morphology"":195,""Novelty"":34}",1,0.9096774193548387,false,24000
41,77,78000,2.626993578999999,0.040634243,0.030540984,0.003555971,0.006537288,3.214939865,70.840965,23.832315,6117.303268954158,184,0.9583333,62,5.169719297983979,8,0.043478260869565216,"{""10"":12,""11"":5,""12"":6,""13"":2,""3"":8,""4"":20,""5"":11,""6"":19,""7"":21,""8"":43,""9"":37}","{""10"":4,""11"":16,""12"":11,""13"":36,""14"":37,""15"":10,""16"":11,""17"":3,""18"":5,""19"":1,""20"":5,""21"":1,""22"":1,""24"":1,""3"":8,""4"":8,""5"":13,""6"":2,""7"":4,""8"":4,""9"":3}",189,6.125518710986874,65,0.065,"{""10"":116,""11"":44,""12"":29,""13"":8,""14"":2,""3"":65,""4"":106,""5"":117,""6"":73,""7"":85,""8"":131,""9"":224}","{""10"":10,""11"":64,""12"":32,""13"":106,""14"":210,""15"":87,""16"":61,""17"":20,""18"":44,""19"":9,""20"":27,""21"":15,""22"":6,""23"":1,""24"":6,""3"":65,""4"":62,""5"":81,""6"":42,""7"":25,""8"":18,""9"":9}","{""Diagonal CMA-ES"":{""attempts"":295,""discoveries"":0,""improvements"":0,""insertions"":0,""insertion_rate"":0.0},""Immigrant"":{""attempts"":151,""discoveries"":0,""improvements"":0,""insertions"":0,""insertion_rate"":0.0},""Morphology"":{""attempts"":298,""discoveries"":0,""improvements"":4,""insertions"":4,""insertion_rate"":0.013422818791946308},""Novelty"":{""attempts"":256,""discoveries"":0,""improvements"":0,""insertions"":0,""insertion_rate"":0.0}}","{""Morphology"":197,""Novelty"":36}",0,0.9102564102564102,false,25000
41,78,79000,2.6683188309999992,0.041325252,0.031488451,0.003110732,0.006726069,3.265634123,70.840965,23.832315,6129.8540130108595,184,0.9583333,63,5.193453108927491,8,0.043478260869565216,"{""10"":12,""11"":5,""12"":6,""13"":2,""3"":8,""4"":20,""5"":11,""6"":19,""7"":20,""8"":43,""9"":38}","{""10"":4,""11"":16,""12"":11,""13"":35,""14"":38,""15"":9,""16"":12,""17"":3,""18"":5,""19"":1,""20"":5,""21"":1,""22"":1,""24"":1,""3"":8,""4"":8,""5"":13,""6"":2,""7"":4,""8"":4,""9"":3}",183,5.727696261742938,53,0.053,"{""10"":108,""11"":41,""12"":16,""13"":8,""3"":53,""4"":125,""5"":113,""6"":47,""7"":57,""8"":173,""9"":259}","{""10"":8,""11"":43,""12"":28,""13"":138,""14"":242,""15"":81,""16"":55,""17"":11,""18"":42,""19"":15,""20"":17,""21"":12,""22"":6,""24"":1,""27"":2,""3"":53,""4"":74,""5"":78,""6"":29,""7"":36,""8"":26,""9"":3}","{""Diagonal CMA-ES"":{""attempts"":328,""discoveries"":0,""improvements"":0,""insertions"":0,""insertion_rate"":0.0},""Immigrant"":{""attempts"":141,""discoveries"":0,""improvements"":0,""insertions"":0,""insertion_rate"":0.0},""Morphology"":{""attempts"":301,""discoveries"":0,""improvements"":4,""insertions"":4,""insertion_rate"":0.013289036544850499},""Novelty"":{""attempts"":230,""discoveries"":0,""improvements"":0,""insertions"":0,""insertion_rate"":0.0}}","{""Morphology"":187,""Novelty"":27}",1,0.910828025477707,false,26000
41,79,80000,2.7088485899999992,0.040529759,0.030544546,0.002933824,0.007051389,3.315086461,80.06086,24.601194,6160.555324479938,184,0.9583333,63,5.229344257983179,8,0.043478260869565216,"{""10"":13,""11"":5,""12"":6,""13"":2,""3"":8,""4"":20,""5"":10,""6"":18,""7"":20,""8"":43,""9"":39}","{""10"":4,""11"":14,""12"":11,""13"":34,""14"":38,""15"":11,""16"":13,""17"":4,""18"":5,""19"":1,""20"":5,""21"":1,""22"":1,""24"":1,""3"":8,""4"":8,""5"":13,""6"":2,""7"":4,""8"":3,""9"":3}",190,6.153802044341139,62,0.062,"{""10"":103,""11"":52,""12"":22,""13"":10,""3"":62,""4"":108,""5"":105,""6"":60,""7"":76,""8"":184,""9"":218}","{""10"":11,""11"":61,""12"":32,""13"":107,""14"":194,""15"":91,""16"":96,""17"":16,""18"":41,""19"":14,""20"":22,""21"":9,""22"":9,""23"":2,""24"":4,""3"":62,""4"":61,""5"":74,""6"":39,""7"":29,""8"":18,""9"":8}","{""Diagonal CMA-ES"":{""attempts"":299,""discoveries"":0,""improvements"":0,""insertions"":0,""insertion_rate"":0.0},""Immigrant"":{""attempts"":148,""discoveries"":0,""improvements"":0,""insertions"":0,""insertion_rate"":0.0},""Morphology"":{""attempts"":312,""discoveries"":0,""improvements"":8,""insertions"":8,""insertion_rate"":0.02564102564102564},""Novelty"":{""attempts"":241,""discoveries"":0,""improvements"":1,""insertions"":1,""insertion_rate"":0.004149377593360996}}","{""Morphology"":204,""Novelty"":28}",0,0.9113924050632911,true,27000
41,80,81000,2.750993081999999,0.042144492,0.032051232,0.003138041,0.006955219,3.366110789,80.06086,24.601194,6162.0720586031675,184,0.9583333,63,5.218824252951395,8,0.043478260869565216,"{""10"":13,""11"":5,""12"":6,""13"":2,""3"":8,""4"":20,""5"":10,""6"":18,""7"":20,""8"":44,""9"":38}","{""10"":4,""11"":14,""12"":11,""13"":35,""14"":37,""15"":11,""16"":13,""17"":4,""18"":5,""19"":1,""20"":5,""21"":1,""22"":1,""24"":1,""3"":8,""4"":8,""5"":13,""6"":2,""7"":4,""8"":3,""9"":3}",175,6.048459989327277,80,0.08,"{""10"":92,""11"":39,""12"":28,""13"":13,""14"":1,""3"":80,""4"":120,""5"":123,""6"":60,""7"":170,""8"":116,""9"":158}","{""10"":7,""11"":96,""12"":29,""13"":97,""14"":173,""15"":77,""16"":64,""17"":30,""18"":25,""19"":6,""20"":25,""21"":12,""22"":8,""23"":1,""24"":7,""25"":1,""26"":1,""27"":1,""3"":80,""30"":1,""4"":60,""5"":93,""6"":43,""7"":37,""8"":15,""9"":11}","{""Diagonal CMA-ES"":{""attempts"":284,""discoveries"":0,""improvements"":0,""insertions"":0,""insertion_rate"":0.0},""Immigrant"":{""attempts"":158,""discoveries"":0,""improvements"":0,""insertions"":0,""insertion_rate"":0.0},""Morphology"":{""attempts"":313,""discoveries"":0,""improvements"":4,""insertions"":4,""insertion_rate"":0.012779552715654952},""Novelty"":{""attempts"":245,""discoveries"":0,""improvements"":0,""insertions"":0,""insertion_rate"":0.0}}","{""Morphology"":187,""Novelty"":23}",0,0.9113924050632911,false,1000
41,81,82000,2.790854390999999,0.039861309,0.031001657,0.002185824,0.006673828,3.414825813,80.06086,24.601194,6194.387361451983,184,0.9583333,64,5.22071972181688,8,0.043478260869565216,"{""10"":14,""11"":6,""12"":6,""13"":2,""3"":8,""4"":20,""5"":9,""6"":18,""7"":19,""8"":45,""9"":37}","{""10"":4,""11"":13,""12"":11,""13"":36,""14"":36,""15"":11,""16"":14,""17"":4,""18"":5,""19"":1,""20"":5,""21"":2,""22"":1,""24"":1,""3"":8,""4"":8,""5"":13,""6"":2,""7"":3,""8"":3,""9"":3}",185,6.280157076842501,77,0.077,"{""10"":81,""11"":69,""12"":32,""13"":20,""3"":77,""4"":114,""5"":122,""6"":81,""7"":103,""8"":120,""9"":181}","{""10"":8,""11"":73,""12"":29,""13"":98,""14"":158,""15"":88,""16"":53,""17"":44,""18"":33,""19"":9,""20"":35,""21"":17,""22"":10,""23"":2,""24"":10,""27"":1,""3"":77,""4"":47,""5"":102,""6"":45,""7"":33,""8"":16,""9"":12}","{""Diagonal CMA-ES"":{""attempts"":301,""discoveries"":0,""improvements"":0,""insertions"":0,""insertion_rate"":0.0},""Immigrant"":{""attempts"":143,""discoveries"":0,""improvements"":0,""insertions"":0,""insertion_rate"":0.0},""Morphology"":{""attempts"":301,""discoveries"":0,""improvements"":5,""insertions"":5,""insertion_rate"":0.016611295681063124},""Novelty"":{""attempts"":255,""discoveries"":0,""improvements"":1,""insertions"":1,""insertion_rate"":0.00392156862745098}}","{""Morphology"":204,""Novelty"":29}",1,0.9119496855345912,false,2000
41,82,83000,2.830047247999999,0.039192857000000005,0.029465287,0.00291364,0.00681393,3.463063541,80.06086,24.707777,6201.7912247926,184,0.9583333,64,5.21395280606777,8,0.043478260869565216,"{""10"":14,""11"":6,""12"":6,""13"":2,""3"":8,""4"":20,""5"":10,""6"":17,""7"":19,""8"":45,""9"":37}","{""10"":4,""11"":14,""12"":10,""13"":36,""14"":36,""15"":11,""16"":14,""17"":4,""18"":5,""19"":1,""20"":5,""21"":2,""22"":1,""24"":1,""3"":8,""4"":8,""5"":14,""6"":2,""7"":3,""8"":3,""9"":2}",195,6.209489376590246,62,0.062,"{""10"":114,""11"":66,""12"":28,""13"":20,""14"":1,""3"":62,""4"":108,""5"":102,""6"":73,""7"":78,""8"":165,""9"":183}","{""10"":7,""11"":51,""12"":31,""13"":147,""14"":157,""15"":82,""16"":77,""17"":40,""18"":36,""19"":11,""20"":25,""21"":27,""22"":13,""23"":2,""24"":6,""3"":62,""4"":60,""5"":78,""6"":42,""7"":21,""8"":13,""9"":12}","{""Diagonal CMA-ES"":{""attempts"":306,""discoveries"":0,""improvements"":1,""insertions"":1,""insertion_rate"":0.0032679738562091504},""Immigrant"":{""attempts"":137,""discoveries"":0,""improvements"":0,""insertions"":0,""insertion_rate"":0.0},""Morphology"":{""attempts"":321,""discoveries"":0,""improvements"":3,""insertions"":3,""insertion_rate"":0.009345794392523364},""Novelty"":{""attempts"":236,""discoveries"":0,""improvements"":2,""insertions"":2,""insertion_rate"":0.00847457627118644}}","{""Morphology"":207,""Novelty"":29}",1,0.9119496855345912,false,3000
41,83,84000,2.872398330999999,0.042351083,0.032558211,0.003183159,0.006609713,3.515406961,80.06086,27.270123,6229.397731140256,184,0.9583333,64,5.215199655901952,8,0.043478260869565216,"{""10"":15,""11"":6,""12"":6,""13"":2,""3"":8,""4"":20,""5"":10,""6"":17,""7"":18,""8"":43,""9"":39}","{""10"":4,""11"":13,""12"":9,""13"":35,""14"":37,""15"":11,""16"":15,""17"":5,""18"":5,""19"":1,""20"":5,""21"":2,""22"":1,""24"":1,""3"":8,""4"":8,""5"":14,""6"":2,""7"":3,""8"":3,""9"":2}",208,6.193156865619354,61,0.061,"{""10"":132,""11"":53,""12"":27,""13"":14,""3"":61,""4"":106,""5"":111,""6"":70,""7"":71,""8"":145,""9"":210}","{""10"":10,""11"":49,""12"":34,""13"":119,""14"":195,""15"":73,""16"":80,""17"":30,""18"":40,""19"":12,""20"":26,""21"":19,""22"":9,""23"":2,""24"":6,""25"":1,""27"":1,""3"":61,""30"":1,""4"":58,""5"":82,""6"":38,""7"":32,""8"":19,""9"":3}","{""Diagonal CMA-ES"":{""attempts"":310,""discoveries"":0,""improvements"":0,""insertions"":0,""insertion_rate"":0.0},""Immigrant"":{""attempts"":148,""discoveries"":0,""improvements"":0,""insertions"":0,""insertion_rate"":0.0},""Morphology"":{""attempts"":305,""discoveries"":0,""improvements"":6,""insertions"":6,""insertion_rate"":0.019672131147540985},""Novelty"":{""attempts"":237,""discoveries"":0,""improvements"":0,""insertions"":0,""insertion_rate"":0.0}}","{""Morphology"":211,""Novelty"":32}",0,0.9119496855345912,false,4000
41,84,85000,2.913204732999999,0.040806402,0.030517238,0.003266269,0.007022895,3.5669382670000003,80.06086,27.270123,6236.721829012036,184,0.9583333,64,5.228383927214568,8,0.043478260869565216,"{""10"":17,""11"":6,""12"":6,""13"":2,""3"":8,""4"":20,""5"":10,""6"":18,""7"":18,""8"":41,""9"":38}","{""10"":4,""11"":14,""12"":9,""13"":34,""14"":36,""15"":10,""16"":17,""17"":5,""18"":5,""19"":1,""20"":5,""21"":2,""22"":1,""24"":1,""3"":8,""4"":8,""5"":14,""6"":2,""7"":3,""8"":3,""9"":2}",182,5.88625088811621,60,0.06,"{""10"":130,""11"":50,""12"":21,""13"":7,""3"":60,""4"":114,""5"":109,""6"":59,""7"":60,""8"":157,""9"":233}","{""10"":10,""11"":52,""12"":24,""13"":132,""14"":207,""15"":69,""16"":83,""17"":35,""18"":44,""19"":7,""20"":23,""21"":15,""22"":3,""23"":4,""24"":3,""3"":60,""4"":59,""5"":91,""6"":34,""7"":28,""8"":14,""9"":3}","{""Diagonal CMA-ES"":{""attempts"":299,""discoveries"":0,""improvements"":0,""insertions"":0,""insertion_rate"":0.0},""Immigrant"":{""attempts"":156,""discoveries"":0,""improvements"":0,""insertions"":0,""insertion_rate"":0.0},""Morphology"":{""attempts"":306,""discoveries"":0,""improvements"":5,""insertions"":5,""insertion_rate"":0.016339869281045753},""Novelty"":{""attempts"":239,""discoveries"":0,""improvements"":0,""insertions"":0,""insertion_rate"":0.0}}","{""Morphology"":210,""Novelty"":28}",0,0.9125,false,5000
41,85,86000,2.9547057069999987,0.041500973999999996,0.032610452,0.002792536,0.006097986,3.616884523,80.06086,27.270123,6240.446320131421,184,0.9583333,64,5.201453324309665,8,0.043478260869565216,"{""10"":18,""11"":6,""12"":6,""13"":2,""3"":8,""4"":20,""5"":10,""6"":18,""7"":18,""8"":41,""9"":37}","{""10"":4,""11"":14,""12"":8,""13"":35,""14"":35,""15"":10,""16"":18,""17"":5,""18"":5,""19"":1,""20"":5,""21"":2,""22"":1,""24"":1,""3"":8,""4"":8,""5"":14,""6"":2,""7"":3,""8"":3,""9"":2}",193,6.039976243037155,61,0.061,"{""10"":123,""11"":44,""12"":26,""13"":10,""3"":61,""4"":120,""5"":107,""6"":69,""7"":78,""8"":145,""9"":217}","{""10"":16,""11"":58,""12"":34,""13"":121,""14"":187,""15"":66,""16"":74,""17"":42,""18"":35,""19"":10,""20"":23,""21"":22,""22"":7,""23"":2,""24"":5,""27"":1,""3"":61,""4"":74,""5"":76,""6"":40,""7"":30,""8"":11,""9"":5}","{""Diagonal CMA-ES"":{""attempts"":322,""discoveries"":0,""improvements"":0,""insertions"":0,""insertion_rate"":0.0},""Immigrant"":{""attempts"":145,""discoveries"":0,""improvements"":0,""insertions"":0,""insertion_rate"":0.0},""Morphology"":{""attempts"":297,""discoveries"":0,""improvements"":2,""insertions"":2,""insertion_rate"":0.006734006734006734},""Novelty"":{""attempts"":236,""discoveries"":0,""improvements"":0,""insertions"":0,""insertion_rate"":0.0}}","{""Morphology"":203,""Novelty"":26}",0,0.9130434782608695,false,6000
41,86,87000,3.0016338409999985,0.046928133999999996,0.036543985,0.003890791,0.006493358,3.673336011,80.06086,29.286524,6261.341513231397,184,0.9583333,64,5.201343073678488,8,0.043478260869565216,"{""10"":19,""11"":6,""12"":6,""13"":2,""3"":8,""4"":19,""5"":10,""6"":18,""7"":18,""8"":41,""9"":37}","{""10"":4,""11"":14,""12"":8,""13"":35,""14"":34,""15"":10,""16"":19,""17"":6,""18"":5,""19"":1,""20"":5,""21"":2,""22"":1,""24"":1,""3"":8,""4"":8,""5"":13,""6"":2,""7"":3,""8"":3,""9"":2}",196,6.083484495976426,64,0.064,"{""10"":120,""11"":46,""12"":21,""13"":10,""14"":3,""3"":64,""4"":113,""5"":122,""6"":61,""7"":79,""8"":153,""9"":208}","{""10"":12,""11"":53,""12"":24,""13"":115,""14"":194,""15"":71,""16"":86,""17"":38,""18"":38,""19"":6,""20"":21,""21"":17,""22"":6,""23"":3,""24"":4,""27"":2,""3"":64,""30"":1,""32"":2,""4"":68,""5"":76,""6"":48,""7"":23,""8"":25,""9"":3}","{""Diagonal CMA-ES"":{""attempts"":294,""discoveries"":0,""improvements"":0,""insertions"":0,""insertion_rate"":0.0},""Immigrant"":{""attempts"":142,""discoveries"":0,""improvements"":0,""insertions"":0,""insertion_rate"":0.0},""Morphology"":{""attempts"":304,""discoveries"":0,""improvements"":4,""insertions"":4,""insertion_rate"":0.013157894736842105},""Novelty"":{""attempts"":260,""discoveries"":0,""improvements"":0,""insertions"":0,""insertion_rate"":0.0}}","{""Morphology"":205,""Novelty"":45}",0,0.9130434782608695,false,7000
41,87,88000,3.0456910759999984,0.044057235,0.031886197,0.003449114,0.008721924,3.727652728,80.06086,29.286524,6275.720076158643,184,0.9583333,65,5.223852364168033,8,0.043478260869565216,"{""10"":19,""11"":6,""12"":6,""13"":2,""3"":8,""4"":19,""5"":10,""6"":18,""7"":18,""8"":41,""9"":37}","{""10"":4,""11"":14,""12"":9,""13"":35,""14"":33,""15"":10,""16"":18,""17"":6,""18"":5,""19"":1,""20"":5,""21"":3,""22"":1,""24"":1,""3"":8,""4"":8,""5"":13,""6"":2,""7"":3,""8"":3,""9"":2}",187,6.125490331800787,50,0.05,"{""10"":122,""11"":41,""12"":22,""13"":11,""14"":1,""3"":50,""4"":126,""5"":125,""6"":56,""7"":81,""8"":144,""9"":221}","{""10"":14,""11"":53,""12"":22,""13"":124,""14"":180,""15"":61,""16"":88,""17"":36,""18"":28,""19"":6,""20"":30,""21"":27,""22"":8,""23"":6,""24"":6,""3"":50,""4"":70,""5"":86,""6"":47,""7"":33,""8"":19,""9"":6}","{""Diagonal CMA-ES"":{""attempts"":266,""discoveries"":0,""improvements"":0,""insertions"":0,""insertion_rate"":0.0},""Immigrant"":{""attempts"":142,""discoveries"":0,""improvements"":0,""insertions"":0,""insertion_rate"":0.0},""Morphology"":{""attempts"":336,""discoveries"":0,""improvements"":4,""insertions"":4,""insertion_rate"":0.011904761904761904},""Novelty"":{""attempts"":256,""discoveries"":0,""improvements"":0,""insertions"":0,""insertion_rate"":0.0}}","{""Morphology"":229,""Novelty"":35}",2,0.9130434782608695,false,8000
41,88,89000,3.0861495969999986,0.040458521000000004,0.029557897,0.003434866,0.007465758,3.777704654,80.06086,29.286524,6277.15681321919,184,0.9583333,64,5.198363473212095,8,0.043478260869565216,"{""10"":19,""11"":6,""12"":6,""13"":2,""3"":8,""4"":19,""5"":9,""6"":19,""7"":18,""8"":41,""9"":37}","{""10"":4,""11"":15,""12"":9,""13"":35,""14"":33,""15"":10,""16"":18,""17"":6,""18"":5,""19"":1,""20"":5,""21"":3,""22"":1,""24"":1,""3"":8,""4"":8,""5"":12,""6"":2,""7"":3,""8"":3,""9"":2}",191,6.205897592615371,69,0.069,"{""10"":105,""11"":48,""12"":20,""13"":16,""3"":69,""4"":95,""5"":109,""6"":56,""7"":97,""8"":165,""9"":220}","{""10"":10,""11"":53,""12"":36,""13"":87,""14"":131,""15"":147,""16"":121,""17"":37,""18"":22,""19"":4,""20"":30,""21"":19,""22"":12,""23"":2,""24"":5,""3"":69,""4"":49,""5"":78,""6"":45,""7"":29,""8"":8,""9"":6}","{""Diagonal CMA-ES"":{""attempts"":305,""discoveries"":0,""improvements"":0,""insertions"":0,""insertion_rate"":0.0},""Immigrant"":{""attempts"":148,""discoveries"":0,""improvements"":0,""insertions"":0,""insertion_rate"":0.0},""Morphology"":{""attempts"":320,""discoveries"":0,""improvements"":1,""insertions"":1,""insertion_rate"":0.003125},""Novelty"":{""attempts"":227,""discoveries"":0,""improvements"":0,""insertions"":0,""insertion_rate"":0.0}}","{""Morphology"":217,""Novelty"":37}",0,0.9130434782608695,false,9000
41,89,90000,3.1304110499999984,0.044261453,0.033963977,0.003356505,0.006940971,3.83203087,80.06086,30.556587,6320.013151988387,184,0.9583333,65,5.248118700792103,8,0.043478260869565216,"{""10"":20,""11"":6,""12"":7,""13"":2,""3"":8,""4"":19,""5"":9,""6"":18,""7"":18,""8"":40,""9"":37}","{""10"":4,""11"":14,""12"":9,""13"":34,""14"":33,""15"":10,""16"":18,""17"":6,""18"":5,""19"":2,""20"":5,""21"":4,""22"":1,""24"":1,""3"":8,""4"":8,""5"":12,""6"":2,""7"":3,""8"":3,""9"":2}",179,6.1086340784639,65,0.065,"{""10"":97,""11"":52,""12"":32,""13"":15,""14"":1,""3"":65,""4"":98,""5"":102,""6"":113,""7"":112,""8"":142,""9"":171}","{""10"":12,""11"":61,""12"":89,""13"":114,""14"":124,""15"":113,""16"":65,""17"":35,""18"":30,""19"":9,""20"":30,""21"":25,""22"":8,""23"":3,""24"":7,""26"":1,""3"":65,""33"":1,""4"":41,""5"":82,""6"":45,""7"":20,""8"":15,""9"":5}","{""Diagonal CMA-ES"":{""attempts"":294,""discoveries"":0,""improvements"":1,""insertions"":1,""insertion_rate"":0.003401360544217687},""Immigrant"":{""attempts"":123,""discoveries"":0,""improvements"":0,""insertions"":0,""insertion_rate"":0.0},""Morphology"":{""attempts"":320,""discoveries"":0,""improvements"":3,""insertions"":3,""insertion_rate"":0.009375},""Novelty"":{""attempts"":263,""discoveries"":0,""improvements"":0,""insertions"":0,""insertion_rate"":0.0}}","{""Morphology"":217,""Novelty"":31}",1,0.9130434782608695,false,10000
41,90,91000,3.1699648469999984,0.039553796999999995,0.029282443,0.003240148,0.007031206,3.88141672,80.06086,30.556587,6327.121466502547,184,0.9583333,66,5.273607591748044,8,0.043478260869565216,"{""10"":21,""11"":6,""12"":7,""13"":2,""3"":8,""4"":19,""5"":9,""6"":18,""7"":18,""8"":40,""9"":36}","{""10"":4,""11"":14,""12"":9,""13"":34,""14"":32,""15"":11,""16"":18,""17"":6,""18"":5,""19"":2,""20"":5,""21"":4,""22"":1,""24"":1,""3"":8,""4"":8,""5"":12,""6"":2,""7"":3,""8"":3,""9"":2}",179,6.0164193468751055,48,0.048,"{""10"":128,""11"":52,""12"":58,""13"":16,""3"":48,""4"":111,""5"":103,""6"":83,""7"":67,""8"":117,""9"":217}","{""10"":15,""11"":68,""12"":41,""13"":97,""14"":175,""15"":66,""16"":79,""17"":36,""18"":38,""19"":48,""20"":28,""21"":27,""22"":5,""23"":5,""24"":4,""3"":48,""4"":66,""5"":71,""6"":38,""7"":29,""8"":11,""9"":5}","{""Diagonal CMA-ES"":{""attempts"":299,""discoveries"":0,""improvements"":0,""insertions"":0,""insertion_rate"":0.0},""Immigrant"":{""attempts"":139,""discoveries"":0,""improvements"":0,""insertions"":0,""insertion_rate"":0.0},""Morphology"":{""attempts"":315,""discoveries"":0,""improvements"":2,""insertions"":2,""insertion_rate"":0.006349206349206349},""Novelty"":{""attempts"":247,""discoveries"":0,""improvements"":0,""insertions"":0,""insertion_rate"":0.0}}","{""Morphology"":207,""Novelty"":26}",1,0.9141104294478528,false,11000
41,91,92000,3.214035144999998,0.044070298,0.033181545,0.004369274,0.006519479,3.934769348,80.06086,30.556587,6330.47453199327,184,0.9583333,68,5.305673540280054,8,0.043478260869565216,"{""10"":23,""11"":6,""12"":7,""13"":2,""3"":8,""4"":19,""5"":9,""6"":17,""7"":18,""8"":40,""9"":35}","{""10"":4,""11"":13,""12"":8,""13"":34,""14"":31,""15"":11,""16"":19,""17"":6,""18"":6,""19"":2,""20"":5,""21"":5,""22"":1,""24"":1,""3"":8,""4"":8,""5"":12,""6"":2,""7"":3,""8"":3,""9"":2}",173,6.024116608089342,68,0.068,"{""10"":136,""11"":52,""12"":23,""13"":8,""14"":1,""3"":68,""4"":112,""5"":106,""6"":73,""7"":69,""8"":138,""9"":214}","{""10"":8,""11"":66,""12"":29,""13"":112,""14"":167,""15"":89,""16"":90,""17"":45,""18"":35,""19"":8,""20"":28,""21"":14,""22"":4,""23"":3,""24"":5,""27"":1,""3"":68,""4"":65,""5"":83,""6"":43,""7"":19,""8"":12,""9"":6}","{""Diagonal CMA-ES"":{""attempts"":263,""discoveries"":0,""improvements"":0,""insertions"":0,""insertion_rate"":0.0},""Immigrant"":{""attempts"":150,""discoveries"":0,""improvements"":0,""insertions"":0,""insertion_rate"":0.0},""Morphology"":{""attempts"":330,""discoveries"":0,""improvements"":2,""insertions"":2,""insertion_rate"":0.006060606060606061},""Novelty"":{""attempts"":257,""discoveries"":0,""improvements"":1,""insertions"":1,""insertion_rate"":0.0038910505836575876}}","{""Morphology"":214,""Novelty"":28}",2,0.9141104294478528,false,12000
41,92,93000,3.256225941999998,0.042190797,0.031577499,0.003858734,0.006754564,3.986130869,80.06086,30.556587,6343.474257335067,184,0.9583333,68,5.304360633105129,8,0.043478260869565216,"{""10"":23,""11"":6,""12"":7,""13"":2,""3"":8,""4"":20,""5"":9,""6"":17,""7"":17,""8"":40,""9"":35}","{""10"":4,""11"":13,""12"":8,""13"":34,""14"":30,""15"":11,""16"":19,""17"":6,""18"":6,""19"":2,""20"":5,""21"":5,""22"":1,""24"":1,""3"":8,""4"":9,""5"":12,""6"":2,""7"":3,""8"":3,""9"":2}",182,5.64357677437786,93,0.093,"{""10"":139,""11"":43,""12"":18,""13"":4,""3"":93,""4"":103,""5"":87,""6"":58,""7"":47,""8"":180,""9"":228}","{""10"":7,""11"":46,""12"":24,""13"":158,""14"":149,""15"":96,""16"":90,""17"":50,""18"":31,""19"":10,""20"":20,""21"":16,""22"":4,""23"":2,""24"":4,""25"":1,""26"":1,""27"":1,""3"":93,""4"":68,""5"":59,""6"":29,""7"":22,""8"":17,""9"":2}","{""Diagonal CMA-ES"":{""attempts"":316,""discoveries"":0,""improvements"":0,""insertions"":0,""insertion_rate"":0.0},""Immigrant"":{""attempts"":133,""discoveries"":0,""improvements"":0,""insertions"":0,""insertion_rate"":0.0},""Morphology"":{""attempts"":300,""discoveries"":0,""improvements"":2,""insertions"":2,""insertion_rate"":0.006666666666666667},""Novelty"":{""attempts"":251,""discoveries"":0,""improvements"":0,""insertions"":0,""insertion_rate"":0.0}}","{""Morphology"":197,""Novelty"":36}",0,0.9146341463414634,false,13000
41,93,94000,3.299291779999998,0.043065838,0.033563856,0.003121418,0.006380564,4.038336562,80.06086,30.783365,6405.2510546296835,184,0.9583333,69,5.2997368094850374,7,0.03804347826086957,"{""10"":23,""11"":6,""12"":7,""13"":2,""3"":7,""4"":20,""5"":9,""6"":15,""7"":18,""8"":42,""9"":35}","{""10"":4,""11"":12,""12"":9,""13"":36,""14"":30,""15"":11,""16"":19,""17"":6,""18"":5,""19"":2,""20"":4,""21"":5,""22"":2,""23"":1,""24"":1,""3"":7,""4"":9,""5"":12,""6"":2,""7"":3,""8"":3,""9"":1}",191,6.087066856756548,66,0.066,"{""10"":137,""11"":47,""12"":19,""13"":12,""14"":1,""3"":66,""4"":132,""5"":111,""6"":59,""7"":70,""8"":134,""9"":212}","{""10"":13,""11"":48,""12"":21,""13"":113,""14"":169,""15"":75,""16"":105,""17"":31,""18"":33,""19"":14,""20"":20,""21"":22,""22"":11,""23"":2,""24"":4,""3"":66,""30"":2,""4"":86,""5"":82,""6"":39,""7"":24,""8"":17,""9"":3}","{""Diagonal CMA-ES"":{""attempts"":290,""discoveries"":0,""improvements"":1,""insertions"":1,""insertion_rate"":0.0034482758620689655},""Immigrant"":{""attempts"":150,""discoveries"":0,""improvements"":0,""insertions"":0,""insertion_rate"":0.0},""Morphology"":{""attempts"":311,""discoveries"":0,""improvements"":5,""insertions"":5,""insertion_rate"":0.01607717041800643},""Novelty"":{""attempts"":249,""discoveries"":0,""improvements"":1,""insertions"":1,""insertion_rate"":0.004016064257028112}}","{""Morphology"":212,""Novelty"":30}",2,0.9151515151515152,false,14000
41,94,95000,3.342692437999998,0.043400658,0.032888281,0.003750689,0.006761688,4.091342497,80.06086,30.783365,6432.22191606462,184,0.9583333,69,5.313483141077321,8,0.043478260869565216,"{""10"":25,""11"":6,""12"":6,""13"":2,""3"":8,""4"":19,""5"":8,""6"":15,""7"":18,""8"":42,""9"":35}","{""10"":4,""11"":12,""12"":9,""13"":36,""14"":30,""15"":11,""16"":21,""17"":6,""18"":4,""19"":2,""20"":4,""21"":5,""22"":2,""23"":1,""24"":1,""3"":8,""4"":8,""5"":12,""6"":2,""7"":2,""8"":3,""9"":1}",180,6.0947031748616896,74,0.074,"{""10"":135,""11"":42,""12"":23,""13"":12,""3"":74,""4"":143,""5"":109,""6"":61,""7"":83,""8"":125,""9"":193}","{""10"":19,""11"":48,""12"":30,""13"":103,""14"":149,""15"":91,""16"":86,""17"":37,""18"":29,""19"":5,""20"":25,""21"":22,""22"":15,""23"":2,""24"":3,""25"":1,""3"":74,""4"":99,""5"":83,""6"":40,""7"":24,""8"":9,""9"":6}","{""Diagonal CMA-ES"":{""attempts"":276,""discoveries"":0,""improvements"":0,""insertions"":0,""insertion_rate"":0.0},""Immigrant"":{""attempts"":179,""discoveries"":0,""improvements"":0,""insertions"":0,""insertion_rate"":0.0},""Morphology"":{""attempts"":309,""discoveries"":0,""improvements"":5,""insertions"":5,""insertion_rate"":0.016181229773462782},""Novelty"":{""attempts"":236,""discoveries"":0,""improvements"":1,""insertions"":1,""insertion_rate"":0.00423728813559322}}","{""Morphology"":209,""Novelty"":30}",1,0.9161676646706587,false,15000
41,95,96000,3.380633876999998,0.037941439,0.027875489,0.003103608,0.006962342,4.138738428,80.06086,30.783365,6438.764263495803,184,0.9583333,67,5.250724274702803,8,0.043478260869565216,"{""10"":25,""11"":5,""12"":6,""13"":2,""3"":8,""4"":19,""5"":7,""6"":15,""7"":18,""8"":43,""9"":36}","{""10"":4,""11"":12,""12"":9,""13"":37,""14"":31,""15"":11,""16"":22,""17"":6,""18"":4,""19"":2,""20"":4,""21"":4,""22"":2,""23"":1,""3"":8,""4"":8,""5"":12,""6"":2,""7"":2,""8"":2,""9"":1}",189,6.124126127628727,56,0.056,"{""10"":135,""11"":54,""12"":23,""13"":10,""3"":56,""4"":115,""5"":91,""6"":58,""7"":94,""8"":131,""9"":233}","{""10"":10,""11"":43,""12"":38,""13"":108,""14"":189,""15"":82,""16"":110,""17"":46,""18"":30,""19"":10,""20"":25,""21"":17,""22"":13,""23"":5,""24"":6,""3"":56,""4"":67,""5"":74,""6"":34,""7"":16,""8"":17,""9"":4}","{""Diagonal CMA-ES"":{""attempts"":319,""discoveries"":0,""improvements"":1,""insertions"":1,""insertion_rate"":0.003134796238244514},""Immigrant"":{""attempts"":132,""discoveries"":0,""improvements"":0,""insertions"":0,""insertion_rate"":0.0},""Morphology"":{""attempts"":307,""discoveries"":0,""improvements"":4,""insertions"":4,""insertion_rate"":0.013029315960912053},""Novelty"":{""attempts"":242,""discoveries"":0,""improvements"":0,""insertions"":0,""insertion_rate"":0.0}}","{""Morphology"":199,""Novelty"":19}",0,0.9161676646706587,false,16000
41,96,97000,3.424939258999998,0.044305382,0.033549608,0.004005959,0.006749815,4.194326746,80.06086,30.783365,6445.1165722459555,184,0.9583333,67,5.222888842790681,8,0.043478260869565216,"{""10"":26,""11"":5,""12"":6,""13"":2,""3"":8,""4"":19,""5"":7,""6"":16,""7"":18,""8"":43,""9"":34}","{""10"":4,""11"":13,""12"":9,""13"":38,""14"":30,""15"":10,""16"":22,""17"":5,""18"":5,""19"":2,""20"":4,""21"":4,""22"":2,""23"":1,""3"":8,""4"":8,""5"":12,""6"":2,""7"":2,""8"":2,""9"":1}",191,6.032342292082886,57,0.057,"{""10"":149,""11"":50,""12"":11,""13"":9,""14"":1,""3"":57,""4"":117,""5"":85,""6"":41,""7"":90,""8"":130,""9"":260}","{""10"":10,""11"":38,""12"":21,""13"":111,""14"":198,""15"":100,""16"":118,""17"":50,""18"":22,""19"":11,""20"":20,""21"":21,""22"":9,""23"":5,""27"":1,""3"":57,""4"":79,""5"":64,""6"":35,""7"":15,""8"":11,""9"":4}","{""Diagonal CMA-ES"":{""attempts"":321,""discoveries"":0,""improvements"":0,""insertions"":0,""insertion_rate"":0.0},""Immigrant"":{""attempts"":126,""discoveries"":0,""improvements"":0,""insertions"":0,""insertion_rate"":0.0},""Morphology"":{""attempts"":289,""discoveries"":0,""improvements"":3,""insertions"":3,""insertion_rate"":0.010380622837370242},""Novelty"":{""attempts"":264,""discoveries"":0,""improvements"":0,""insertions"":0,""insertion_rate"":0.0}}","{""Morphology"":206,""Novelty"":35}",1,0.9171597633136095,false,17000
41,97,98000,3.466934150999998,0.041994892,0.032051233,0.003196218,0.006747441,4.245628903,80.06086,30.783365,6463.563421174884,184,0.9583333,66,5.224782949016747,7,0.03804347826086957,"{""10"":26,""11"":5,""12"":6,""13"":2,""3"":7,""4"":19,""5"":6,""6"":16,""7"":19,""8"":43,""9"":35}","{""10"":4,""11"":13,""12"":9,""13"":38,""14"":31,""15"":10,""16"":23,""17"":5,""18"":5,""19"":2,""20"":4,""21"":4,""22"":2,""23"":1,""3"":7,""4"":8,""5"":12,""6"":2,""7"":2,""8"":1,""9"":1}",189,5.982092457301145,54,0.054,"{""10"":149,""11"":48,""12"":20,""13"":4,""14"":2,""3"":54,""4"":124,""5"":88,""6"":42,""7"":56,""8"":138,""9"":275}","{""10"":5,""11"":37,""12"":20,""13"":120,""14"":208,""15"":101,""16"":93,""17"":43,""18"":33,""19"":10,""20"":21,""21"":20,""22"":9,""23"":6,""24"":2,""3"":54,""4"":82,""5"":70,""6"":36,""7"":16,""8"":10,""9"":4}","{""Diagonal CMA-ES"":{""attempts"":295,""discoveries"":0,""improvements"":1,""insertions"":1,""insertion_rate"":0.003389830508474576},""Immigrant"":{""attempts"":136,""discoveries"":0,""improvements"":0,""insertions"":0,""insertion_rate"":0.0},""Morphology"":{""attempts"":316,""discoveries"":0,""improvements"":2,""insertions"":2,""insertion_rate"":0.006329113924050633},""Novelty"":{""attempts"":253,""discoveries"":0,""improvements"":2,""insertions"":2,""insertion_rate"":0.007905138339920948}}","{""Morphology"":220,""Novelty"":35}",0,0.9176470588235294,false,18000
41,98,99000,3.510420294999998,0.043486144000000004,0.032882344,0.003227089,0.007376711,4.298101739,80.06086,30.783365,6465.607828065753,184,0.9583333,67,5.231636888847403,7,0.03804347826086957,"{""10"":25,""11"":5,""12"":6,""13"":2,""3"":7,""4"":19,""5"":6,""6"":16,""7"":18,""8"":43,""9"":37}","{""10"":4,""11"":13,""12"":9,""13"":38,""14"":31,""15"":10,""16"":24,""17"":5,""18"":5,""19"":2,""20"":4,""21"":3,""22"":2,""23"":1,""3"":7,""4"":8,""5"":12,""6"":2,""7"":2,""8"":1,""9"":1}",189,5.87659752090071,68,0.068,"{""10"":148,""11"":48,""12"":15,""13"":10,""3"":68,""4"":139,""5"":104,""6"":29,""7"":36,""8"":155,""9"":248}","{""10"":8,""11"":22,""12"":19,""13"":139,""14"":157,""15"":113,""16"":96,""17"":43,""18"":26,""19"":6,""20"":19,""21"":25,""22"":8,""23"":4,""3"":68,""4"":103,""5"":69,""6"":40,""7"":22,""8"":11,""9"":2}","{""Diagonal CMA-ES"":{""attempts"":300,""discoveries"":0,""improvements"":0,""insertions"":0,""insertion_rate"":0.0},""Immigrant"":{""attempts"":160,""discoveries"":0,""improvements"":0,""insertions"":0,""insertion_rate"":0.0},""Morphology"":{""attempts"":308,""discoveries"":0,""improvements"":3,""insertions"":3,""insertion_rate"":0.00974025974025974},""Novelty"":{""attempts"":232,""discoveries"":0,""improvements"":0,""insertions"":0,""insertion_rate"":0.0}}","{""Morphology"":217,""Novelty"":30}",1,0.9176470588235294,false,19000
41,99,100000,3.5529613459999982,0.042541050999999996,0.032659131,0.003294765,0.006587155,4.351457928,80.06086,33.600353,6580.186618372798,184,0.9583333,66,5.184176147184435,7,0.03804347826086957,"{""10"":26,""11"":5,""12"":6,""13"":2,""3"":7,""4"":17,""5"":5,""6"":15,""7"":18,""8"":46,""9"":37}","{""10"":4,""11"":12,""12"":9,""13"":40,""14"":31,""15"":11,""16"":25,""17"":5,""18"":5,""19"":2,""20"":4,""21"":3,""22"":2,""23"":1,""3"":7,""4"":7,""5"":11,""6"":1,""7"":2,""8"":1,""9"":1}",191,6.0454452975981186,62,0.062,"{""10"":145,""11"":52,""12"":19,""13"":8,""14"":1,""3"":62,""4"":112,""5"":96,""6"":59,""7"":70,""8"":166,""9"":210}","{""10"":5,""11"":47,""12"":37,""13"":144,""14"":160,""15"":91,""16"":102,""17"":34,""18"":36,""19"":13,""20"":23,""21"":13,""22"":9,""23"":3,""24"":2,""27"":2,""3"":62,""4"":68,""5"":78,""6"":35,""7"":19,""8"":10,""9"":7}","{""Diagonal CMA-ES"":{""attempts"":312,""discoveries"":0,""improvements"":1,""insertions"":1,""insertion_rate"":0.003205128205128205},""Immigrant"":{""attempts"":139,""discoveries"":0,""improvements"":0,""insertions"":0,""insertion_rate"":0.0},""Morphology"":{""attempts"":314,""discoveries"":0,""improvements"":4,""insertions"":4,""insertion_rate"":0.012738853503184714},""Novelty"":{""attempts"":235,""discoveries"":0,""improvements"":0,""insertions"":0,""insertion_rate"":0.0}}","{""Morphology"":207,""Novelty"":33}",1,0.9181286549707602,false,20000
41,100,101000,3.5969129129999984,0.043951567,0.033592351,0.003219965,0.007139251,4.404132606,80.06086,33.600353,6580.308217570186,184,0.9583333,65,5.166539666217932,7,0.03804347826086957,"{""10"":26,""11"":5,""12"":6,""13"":1,""3"":7,""4"":17,""5"":5,""6"":15,""7"":18,""8"":46,""9"":38}","{""10"":4,""11"":12,""12"":9,""13"":40,""14"":31,""15"":11,""16"":25,""17"":6,""18"":5,""19"":2,""20"":4,""21"":2,""22"":2,""23"":1,""3"":7,""4"":7,""5"":11,""6"":1,""7"":2,""8"":1,""9"":1}",182,5.846818114870836,64,0.064,"{""10"":162,""11"":40,""12"":24,""13"":13,""14"":1,""3"":64,""4"":115,""5"":99,""6"":37,""7"":61,""8"":148,""9"":236}","{""10"":11,""11"":27,""12"":33,""13"":127,""14"":165,""15"":86,""16"":128,""17"":37,""18"":32,""19"":12,""20"":22,""21"":17,""22"":15,""23"":1,""24"":2,""27"":1,""28"":1,""3"":64,""30"":1,""4"":70,""5"":93,""6"":35,""7"":12,""8"":6,""9"":2}","{""Diagonal CMA-ES"":{""attempts"":314,""discoveries"":0,""improvements"":0,""insertions"":0,""insertion_rate"":0.0},""Immigrant"":{""attempts"":164,""discoveries"":0,""improvements"":0,""insertions"":0,""insertion_rate"":0.0},""Morphology"":{""attempts"":271,""discoveries"":0,""improvements"":2,""insertions"":2,""insertion_rate"":0.007380073800738007},""Novelty"":{""attempts"":251,""discoveries"":0,""improvements"":0,""insertions"":0,""insertion_rate"":0.0}}","{""Morphology"":173,""Novelty"":19}",0,0.9181286549707602,false,21000
41,101,102000,3.636066589999998,0.039153677000000005,0.030298774,0.002895831,0.005959072,4.451559407,80.06086,33.600353,6588.243222758174,184,0.9583333,65,5.1665396662179335,7,0.03804347826086957,"{""10"":26,""11"":5,""12"":6,""13"":1,""3"":7,""4"":17,""5"":5,""6"":15,""7"":18,""8"":46,""9"":38}","{""10"":4,""11"":12,""12"":9,""13"":40,""14"":31,""15"":11,""16"":25,""17"":6,""18"":5,""19"":2,""20"":4,""21"":2,""22"":2,""23"":1,""3"":7,""4"":7,""5"":11,""6"":1,""7"":2,""8"":1,""9"":1}",177,5.992482562888764,77,0.077,"{""10"":152,""11"":51,""12"":13,""13"":6,""3"":77,""4"":115,""5"":92,""6"":39,""7"":67,""8"":159,""9"":229}","{""10"":11,""11"":32,""12"":32,""13"":120,""14"":174,""15"":92,""16"":103,""17"":53,""18"":40,""19"":13,""20"":18,""21"":14,""22"":8,""23"":1,""24"":1,""27"":1,""3"":77,""4"":67,""5"":85,""6"":28,""7"":21,""8"":8,""9"":1}","{""Diagonal CMA-ES"":{""attempts"":316,""discoveries"":0,""improvements"":0,""insertions"":0,""insertion_rate"":0.0},""Immigrant"":{""attempts"":166,""discoveries"":0,""improvements"":0,""insertions"":0,""insertion_rate"":0.0},""Morphology"":{""attempts"":290,""discoveries"":0,""improvements"":4,""insertions"":4,""insertion_rate"":0.013793103448275862},""Novelty"":{""attempts"":228,""discoveries"":0,""improvements"":0,""insertions"":0,""insertion_rate"":0.0}}","{""Morphology"":196,""Novelty"":23}",0,0.9186046511627907,false,22000
41,102,103000,3.6788997169999984,0.042833127,0.033612535,0.00287446,0.006346132,4.502962484,80.06086,33.670963,6647.267453581095,184,0.9583333,65,5.145047527508108,7,0.03804347826086957,"{""10"":26,""11"":5,""12"":6,""13"":1,""3"":7,""4"":16,""5"":5,""6"":15,""7"":18,""8"":47,""9"":38}","{""10"":4,""11"":12,""12"":9,""13"":41,""14"":31,""15"":11,""16"":25,""17"":6,""18"":5,""19"":2,""20"":4,""21"":2,""22"":2,""23"":1,""3"":7,""4"":7,""5"":10,""6"":1,""7"":2,""8"":1,""9"":1}",192,6.144219083941048,66,0.066,"{""10"":168,""11"":41,""12"":19,""13"":11,""3"":66,""4"":113,""5"":95,""6"":40,""7"":69,""8"":149,""9"":229}","{""10"":19,""11"":41,""12"":19,""13"":114,""14"":185,""15"":85,""16"":122,""17"":38,""18"":33,""19"":8,""20"":21,""21"":23,""22"":8,""23"":2,""24"":4,""25"":2,""27"":1,""3"":66,""4"":73,""5"":75,""6"":33,""7"":23,""8"":4,""9"":1}","{""Diagonal CMA-ES"":{""attempts"":286,""discoveries"":0,""improvements"":0,""insertions"":0,""insertion_rate"":0.0},""Immigrant"":{""attempts"":154,""discoveries"":0,""improvements"":0,""insertions"":0,""insertion_rate"":0.0},""Morphology"":{""attempts"":290,""discoveries"":0,""improvements"":1,""insertions"":1,""insertion_rate"":0.0034482758620689655},""Novelty"":{""attempts"":270,""discoveries"":0,""improvements"":0,""insertions"":0,""insertion_rate"":0.0}}","{""Morphology"":192,""Novelty"":32}",0,0.9190751445086706,false,23000
41,103,104000,3.7184155219999986,0.039515805,0.02903311,0.002935012,0.007547683,4.551895971,80.06086,35.558193,6696.176697522402,184,0.9583333,66,5.150509009381183,7,0.03804347826086957,"{""10"":28,""11"":5,""12"":6,""13"":1,""3"":7,""4"":16,""5"":5,""6"":14,""7"":17,""8"":48,""9"":37}","{""10"":4,""11"":12,""12"":8,""13"":42,""14"":30,""15"":12,""16"":25,""17"":6,""18"":5,""19"":2,""20"":4,""21"":2,""22"":2,""23"":1,""3"":7,""4"":7,""5"":10,""6"":1,""7"":2,""8"":1,""9"":1}",193,6.100905066078157,63,0.063,"{""10"":167,""11"":46,""12"":35,""13"":5,""14"":1,""3"":63,""4"":117,""5"":88,""6"":39,""7"":67,""8"":168,""9"":204}","{""10"":17,""11"":30,""12"":39,""13"":126,""14"":164,""15"":71,""16"":126,""17"":46,""18"":31,""19"":13,""20"":37,""21"":19,""22"":9,""23"":2,""24"":1,""3"":63,""4"":74,""5"":67,""6"":34,""7"":21,""8"":10}","{""Diagonal CMA-ES"":{""attempts"":315,""discoveries"":0,""improvements"":1,""insertions"":1,""insertion_rate"":0.0031746031746031746},""Immigrant"":{""attempts"":152,""discoveries"":0,""improvements"":0,""insertions"":0,""insertion_rate"":0.0},""Morphology"":{""attempts"":311,""discoveries"":0,""improvements"":3,""insertions"":3,""insertion_rate"":0.00964630225080386},""Novelty"":{""attempts"":222,""discoveries"":0,""improvements"":0,""insertions"":0,""insertion_rate"":0.0}}","{""Morphology"":213,""Novelty"":26}",1,0.9190751445086706,false,24000
41,104,105000,3.7595484319999986,0.04113291,0.031679607,0.00293145,0.006521853,4.60188972,80.06086,35.558193,6711.848038583994,184,0.9583333,65,5.1639782340285985,7,0.03804347826086957,"{""10"":28,""11"":5,""12"":6,""13"":1,""3"":7,""4"":17,""5"":4,""6"":13,""7"":18,""8"":46,""9"":39}","{""10"":4,""11"":11,""12"":8,""13"":40,""14"":32,""15"":12,""16"":26,""17"":6,""18"":5,""19"":2,""20"":4,""21"":2,""22"":2,""23"":1,""3"":7,""4"":8,""5"":10,""7"":2,""8"":1,""9"":1}",179,5.801806070227823,65,0.065,"{""10"":143,""11"":52,""12"":22,""13"":5,""3"":65,""4"":118,""5"":78,""6"":33,""7"":57,""8"":205,""9"":222}","{""10"":16,""11"":30,""12"":21,""13"":180,""14"":165,""15"":85,""16"":78,""17"":44,""18"":36,""19"":5,""20"":34,""21"":24,""22"":13,""23"":4,""24"":3,""25"":1,""3"":65,""4"":84,""5"":54,""6"":34,""7"":18,""8"":6}","{""Diagonal CMA-ES"":{""attempts"":296,""discoveries"":0,""improvements"":1,""insertions"":1,""insertion_rate"":0.0033783783783783786},""Immigrant"":{""attempts"":163,""discoveries"":0,""improvements"":0,""insertions"":0,""insertion_rate"":0.0},""Morphology"":{""attempts"":303,""discoveries"":0,""improvements"":3,""insertions"":3,""insertion_rate"":0.009900990099009901},""Novelty"":{""attempts"":238,""discoveries"":0,""improvements"":1,""insertions"":1,""insertion_rate"":0.004201680672268907}}","{""Morphology"":203,""Novelty"":22}",0,0.9190751445086706,false,25000
41,105,106000,3.7974340699999987,0.037885638,0.031332915,0.002365107,0.004187616,4.647483325,80.06086,35.558193,6735.2284324765205,184,0.9583333,65,5.15784346186993,7,0.03804347826086957,"{""10"":29,""11"":5,""12"":5,""13"":1,""3"":7,""4"":17,""5"":4,""6"":13,""7"":18,""8"":45,""9"":40}","{""10"":4,""11"":11,""12"":8,""13"":39,""14"":34,""15"":11,""16"":27,""17"":6,""18"":5,""19"":2,""20"":3,""21"":2,""22"":2,""23"":1,""3"":7,""4"":9,""5"":9,""7"":2,""8"":1,""9"":1}",174,5.945666028127677,75,0.075,"{""10"":142,""11"":51,""12"":18,""13"":11,""14"":1,""3"":75,""4"":115,""5"":87,""6"":35,""7"":65,""8"":165,""9"":235}","{""10"":21,""11"":29,""12"":25,""13"":130,""14"":187,""15"":87,""16"":91,""17"":42,""18"":36,""19"":12,""20"":23,""21"":18,""22"":11,""23"":1,""24"":1,""26"":1,""28"":1,""29"":1,""3"":75,""4"":70,""5"":76,""6"":32,""7"":19,""8"":7,""9"":4}","{""Diagonal CMA-ES"":{""attempts"":304,""discoveries"":0,""improvements"":2,""insertions"":2,""insertion_rate"":0.006578947368421052},""Immigrant"":{""attempts"":162,""discoveries"":0,""improvements"":0,""insertions"":0,""insertion_rate"":0.0},""Morphology"":{""attempts"":295,""discoveries"":0,""improvements"":3,""insertions"":3,""insertion_rate"":0.010169491525423728},""Novelty"":{""attempts"":239,""discoveries"":0,""improvements"":0,""insertions"":0,""insertion_rate"":0.0}}","{""Morphology"":189,""Novelty"":23}",0,0.9190751445086706,false,26000
41,106,107000,3.8375364009999986,0.040102331,0.029963954,0.003256771,0.006881606,4.694714221,80.06086,35.558193,6743.633005917072,184,0.9583333,65,5.149095415813209,7,0.03804347826086957,"{""10"":29,""11"":5,""12"":5,""13"":1,""3"":7,""4"":17,""5"":4,""6"":13,""7"":18,""8"":45,""9"":40}","{""10"":4,""11"":11,""12"":8,""13"":39,""14"":34,""15"":10,""16"":28,""17"":7,""18"":4,""19"":2,""20"":3,""21"":2,""22"":2,""23"":1,""3"":7,""4"":9,""5"":9,""7"":2,""8"":1,""9"":1}",173,5.857131183662081,63,0.063,"{""10"":147,""11"":47,""12"":9,""13"":3,""14"":1,""3"":63,""4"":122,""5"":69,""6"":39,""7"":68,""8"":150,""9"":282}","{""10"":23,""11"":29,""12"":34,""13"":116,""14"":223,""15"":74,""16"":112,""17"":41,""18"":35,""19"":7,""20"":23,""21"":12,""22"":6,""23"":4,""24"":4,""3"":63,""4"":79,""5"":69,""6"":20,""7"":17,""8"":7,""9"":2}","{""Diagonal CMA-ES"":{""attempts"":324,""discoveries"":0,""improvements"":0,""insertions"":0,""insertion_rate"":0.0},""Immigrant"":{""attempts"":145,""discoveries"":0,""improvements"":0,""insertions"":0,""insertion_rate"":0.0},""Morphology"":{""attempts"":294,""discoveries"":0,""improvements"":3,""insertions"":3,""insertion_rate"":0.01020408163265306},""Novelty"":{""attempts"":237,""discoveries"":0,""improvements"":0,""insertions"":0,""insertion_rate"":0.0}}","{""Morphology"":199,""Novelty"":26}",1,0.9195402298850575,false,27000
41,107,108000,3.8813763599999986,0.043839959,0.034856828,0.002894644,0.006088487,4.746796435,80.06086,35.558193,6768.990810215473,184,0.9583333,66,5.210100138287108,7,0.03804347826086957,"{""10"":31,""11"":5,""12"":6,""13"":1,""3"":7,""4"":17,""5"":4,""6"":13,""7"":17,""8"":43,""9"":40}","{""10"":4,""11"":11,""12"":8,""13"":37,""14"":34,""15"":10,""16"":27,""17"":7,""18"":4,""19"":2,""20"":4,""21"":4,""22"":2,""23"":1,""3"":7,""4"":9,""5"":9,""7"":2,""8"":1,""9"":1}",176,5.9108375584296375,70,0.07,"{""10"":145,""11"":47,""12"":23,""13"":7,""3"":70,""4"":128,""5"":68,""6"":42,""7"":64,""8"":151,""9"":255}","{""10"":19,""11"":28,""12"":36,""13"":121,""14"":172,""15"":84,""16"":128,""17"":48,""18"":22,""19"":7,""20"":10,""21"":23,""22"":22,""23"":4,""24"":2,""25"":1,""28"":1,""3"":70,""4"":86,""5"":61,""6"":32,""7"":14,""8"":8,""9"":1}","{""Diagonal CMA-ES"":{""attempts"":298,""discoveries"":0,""improvements"":0,""insertions"":0,""insertion_rate"":0.0},""Immigrant"":{""attempts"":153,""discoveries"":0,""improvements"":0,""insertions"":0,""insertion_rate"":0.0},""Morphology"":{""attempts"":288,""discoveries"":0,""improvements"":4,""insertions"":4,""insertion_rate"":0.013888888888888888},""Novelty"":{""attempts"":261,""discoveries"":0,""improvements"":0,""insertions"":0,""insertion_rate"":0.0}}","{""Morphology"":182,""Novelty"":29}",2,0.9195402298850575,false,28000
41,108,109000,3.9246297909999988,0.043253430999999995,0.032965455,0.002981317,0.007306659,4.798790788,80.06086,35.558193,6770.171398937702,184,0.9583333,66,5.210100138287108,7,0.03804347826086957,"{""10"":31,""11"":5,""12"":6,""13"":1,""3"":7,""4"":17,""5"":4,""6"":13,""7"":17,""8"":43,""9"":40}","{""10"":4,""11"":11,""12"":8,""13"":37,""14"":34,""15"":10,""16"":27,""17"":7,""18"":4,""19"":2,""20"":4,""21"":4,""22"":2,""23"":1,""3"":7,""4"":9,""5"":9,""7"":2,""8"":1,""9"":1}",186,6.049260009606751,75,0.075,"{""10"":173,""11"":44,""12"":22,""13"":6,""3"":75,""4"":111,""5"":77,""6"":28,""7"":61,""8"":154,""9"":249}","{""10"":23,""11"":29,""12"":25,""13"":117,""14"":183,""15"":97,""16"":134,""17"":50,""18"":22,""19"":12,""20"":16,""21"":16,""22"":9,""25"":1,""27"":1,""28"":1,""3"":75,""4"":68,""5"":70,""6"":28,""7"":18,""8"":5}","{""Diagonal CMA-ES"":{""attempts"":302,""discoveries"":0,""improvements"":0,""insertions"":0,""insertion_rate"":0.0},""Immigrant"":{""attempts"":147,""discoveries"":0,""improvements"":0,""insertions"":0,""insertion_rate"":0.0},""Morphology"":{""attempts"":316,""discoveries"":0,""improvements"":1,""insertions"":1,""insertion_rate"":0.0031645569620253164},""Novelty"":{""attempts"":235,""discoveries"":0,""improvements"":1,""insertions"":1,""insertion_rate"":0.00425531914893617}}","{""Morphology"":214,""Novelty"":27}",0,0.9195402298850575,false,29000
41,109,110000,3.9680862529999987,0.04345646200000001,0.033268218,0.002798472,0.007389772,4.850850443,80.06086,35.558193,6776.611679404974,184,0.9583333,66,5.2202154266277025,7,0.03804347826086957,"{""10"":31,""11"":5,""12"":6,""13"":1,""3"":7,""4"":17,""5"":4,""6"":13,""7"":17,""8"":42,""9"":41}","{""10"":4,""11"":11,""12"":8,""13"":36,""14"":35,""15"":11,""16"":26,""17"":7,""18"":4,""19"":2,""20"":4,""21"":4,""22"":2,""23"":1,""3"":7,""4"":9,""5"":9,""7"":2,""8"":1,""9"":1}",180,6.053956168705078,64,0.064,"{""10"":141,""11"":45,""12"":14,""13"":9,""3"":64,""4"":129,""5"":98,""6"":33,""7"":63,""8"":145,""9"":259}","{""10"":19,""11"":30,""12"":25,""13"":112,""14"":197,""15"":82,""16"":95,""17"":48,""18"":35,""19"":4,""20"":22,""21"":22,""22"":8,""23"":4,""24"":1,""25"":2,""29"":1,""3"":64,""4"":79,""5"":87,""6"":39,""7"":19,""8"":3,""9"":2}","{""Diagonal CMA-ES"":{""attempts"":296,""discoveries"":0,""improvements"":1,""insertions"":1,""insertion_rate"":0.0033783783783783786},""Immigrant"":{""attempts"":160,""discoveries"":0,""improvements"":0,""insertions"":0,""insertion_rate"":0.0},""Morphology"":{""attempts"":283,""discoveries"":0,""improvements"":2,""insertions"":2,""insertion_rate"":0.007067137809187279},""Novelty"":{""attempts"":261,""discoveries"":0,""improvements"":0,""insertions"":0,""insertion_rate"":0.0}}","{""Morphology"":193,""Novelty"":35}",1,0.9142857142857143,false,30000
41,110,111000,4.009169295999999,0.04108304300000001,0.031746095,0.002819844,0.006517104,4.900801449,80.06086,35.558193,6776.893053382635,184,0.9583333,66,5.2202154266277025,7,0.03804347826086957,"{""10"":31,""11"":5,""12"":6,""13"":1,""3"":7,""4"":17,""5"":4,""6"":13,""7"":17,""8"":42,""9"":41}","{""10"":4,""11"":11,""12"":8,""13"":36,""14"":35,""15"":11,""16"":26,""17"":7,""18"":4,""19"":2,""20"":4,""21"":4,""22"":2,""23"":1,""3"":7,""4"":9,""5"":9,""7"":2,""8"":1,""9"":1}",185,5.95910222253047,60,0.06,"{""10"":208,""11"":51,""12"":17,""13"":8,""3"":60,""4"":111,""5"":88,""6"":26,""7"":56,""8"":133,""9"":242}","{""10"":16,""11"":28,""12"":20,""13"":105,""14"":197,""15"":133,""16"":104,""17"":51,""18"":29,""19"":5,""20"":14,""21"":15,""22"":9,""23"":6,""24"":3,""25"":1,""26"":1,""27"":1,""28"":1,""3"":60,""4"":71,""5"":75,""6"":29,""7"":18,""8"":7,""9"":1}","{""Diagonal CMA-ES"":{""attempts"":316,""discoveries"":0,""improvements"":0,""insertions"":0,""insertion_rate"":0.0},""Immigrant"":{""attempts"":152,""discoveries"":0,""improvements"":0,""insertions"":0,""insertion_rate"":0.0},""Morphology"":{""attempts"":285,""discoveries"":0,""improvements"":2,""insertions"":2,""insertion_rate"":0.007017543859649123},""Novelty"":{""attempts"":247,""discoveries"":0,""improvements"":0,""insertions"":0,""insertion_rate"":0.0}}","{""Morphology"":184,""Novelty"":26}",0,0.9152542372881356,false,31000
41,111,112000,4.052522461999999,0.043353166000000005,0.03529613,0.00230218,0.005754856,4.951786596,80.06086,35.558193,6790.86525529623,184,0.9583333,64,5.1722020198008725,7,0.03804347826086957,"{""10"":30,""11"":5,""12"":6,""13"":1,""3"":7,""4"":17,""5"":4,""6"":13,""7"":18,""8"":41,""9"":42}","{""10"":4,""11"":11,""12"":7,""13"":36,""14"":37,""15"":11,""16"":27,""17"":7,""18"":4,""19"":2,""20"":3,""21"":3,""22"":2,""23"":1,""3"":7,""4"":9,""5"":9,""7"":2,""8"":1,""9"":1}",187,5.98921084472575,65,0.065,"{""10"":201,""11"":57,""12"":9,""13"":5,""14"":1,""3"":65,""4"":131,""5"":84,""6"":25,""7"":56,""8"":132,""9"":234}","{""10"":22,""11"":23,""12"":17,""13"":101,""14"":179,""15"":135,""16"":113,""17"":46,""18"":29,""19"":4,""20"":14,""21"":21,""22"":7,""23"":4,""24"":1,""27"":1,""28"":1,""3"":65,""4"":79,""5"":87,""6"":25,""7"":17,""8"":8,""9"":1}","{""Diagonal CMA-ES"":{""attempts"":272,""discoveries"":0,""improvements"":1,""insertions"":1,""insertion_rate"":0.003676470588235294},""Immigrant"":{""attempts"":161,""discoveries"":0,""improvements"":0,""insertions"":0,""insertion_rate"":0.0},""Morphology"":{""attempts"":309,""discoveries"":0,""improvements"":4,""insertions"":4,""insertion_rate"":0.012944983818770227},""Novelty"":{""attempts"":258,""discoveries"":0,""improvements"":0,""insertions"":0,""insertion_rate"":0.0}}","{""Morphology"":197,""Novelty"":29}",0,0.9152542372881356,false,32000
41,112,113000,4.094300076999999,0.041777615,0.032602141,0.003256771,0.005918703,5.000366267,80.06086,35.558193,6795.320560395718,184,0.9583333,64,5.172202019800873,7,0.03804347826086957,"{""10"":31,""11"":5,""12"":6,""13"":1,""3"":7,""4"":17,""5"":4,""6"":13,""7"":18,""8"":41,""9"":41}","{""10"":4,""11"":11,""12"":7,""13"":36,""14"":36,""15"":12,""16"":27,""17"":7,""18"":4,""19"":2,""20"":3,""21"":3,""22"":2,""23"":1,""3"":7,""4"":9,""5"":9,""7"":2,""8"":1,""9"":1}",184,5.974349653520552,83,0.083,"{""10"":169,""11"":61,""12"":10,""13"":6,""3"":83,""4"":103,""5"":76,""6"":35,""7"":83,""8"":143,""9"":231}","{""10"":16,""11"":28,""12"":26,""13"":110,""14"":214,""15"":82,""16"":105,""17"":49,""18"":33,""19"":6,""20"":14,""21"":39,""22"":6,""23"":3,""24"":4,""29"":1,""3"":83,""4"":68,""5"":70,""6"":23,""7"":14,""8"":6}","{""Diagonal CMA-ES"":{""attempts"":289,""discoveries"":0,""improvements"":0,""insertions"":0,""insertion_rate"":0.0},""Immigrant"":{""attempts"":158,""discoveries"":0,""improvements"":0,""insertions"":0,""insertion_rate"":0.0},""Morphology"":{""attempts"":300,""discoveries"":0,""improvements"":4,""insertions"":4,""insertion_rate"":0.013333333333333334},""Novelty"":{""attempts"":253,""discoveries"":0,""improvements"":0,""insertions"":0,""insertion_rate"":0.0}}","{""Morphology"":200,""Novelty"":19}",1,0.9157303370786517,false,33000
41,113,114000,4.139105313999999,0.044805237,0.034246555,0.003328009,0.007230673,5.054490641,80.06086,35.558193,6807.505984246731,184,0.9583333,63,5.1432328340386775,7,0.03804347826086957,"{""10"":31,""11"":4,""12"":6,""13"":1,""3"":7,""4"":17,""5"":4,""6"":12,""7"":20,""8"":41,""9"":41}","{""10"":4,""11"":11,""12"":6,""13"":36,""14"":36,""15"":13,""16"":28,""17"":6,""18"":4,""19"":2,""20"":3,""21"":3,""22"":2,""23"":1,""3"":7,""4"":9,""5"":9,""7"":2,""8"":1,""9"":1}",180,5.996648064083601,69,0.069,"{""10"":183,""11"":47,""12"":13,""13"":6,""3"":69,""4"":129,""5"":82,""6"":33,""7"":64,""8"":149,""9"":225}","{""10"":17,""11"":28,""12"":21,""13"":114,""14"":191,""15"":88,""16"":135,""17"":44,""18"":24,""19"":3,""20"":15,""21"":19,""22"":10,""23"":5,""24"":1,""25"":1,""3"":69,""4"":80,""5"":84,""6"":28,""7"":14,""8"":5,""9"":4}","{""Diagonal CMA-ES"":{""attempts"":320,""discoveries"":0,""improvements"":0,""insertions"":0,""insertion_rate"":0.0},""Immigrant"":{""attempts"":151,""discoveries"":0,""improvements"":0,""insertions"":0,""insertion_rate"":0.0},""Morphology"":{""attempts"":270,""discoveries"":0,""improvements"":3,""insertions"":3,""insertion_rate"":0.011111111111111112},""Novelty"":{""attempts"":259,""discoveries"":0,""improvements"":0,""insertions"":0,""insertion_rate"":0.0}}","{""Morphology"":170,""Novelty"":24}",0,0.9157303370786517,false,34000
41,114,115000,4.1808330609999995,0.041727746999999996,0.032438293,0.002925513,0.006363941,5.105089914,80.06086,35.558193,6816.274485051632,184,0.9583333,63,5.166878723731225,7,0.03804347826086957,"{""10"":31,""11"":4,""12"":6,""13"":1,""3"":7,""4"":16,""5"":4,""6"":12,""7"":21,""8"":40,""9"":42}","{""10"":4,""11"":11,""12"":7,""13"":35,""14"":37,""15"":13,""16"":28,""17"":6,""18"":3,""19"":2,""20"":3,""21"":3,""22"":2,""23"":1,""24"":1,""3"":7,""4"":8,""5"":9,""7"":2,""8"":1,""9"":1}",183,6.03099810782094,68,0.068,"{""10"":180,""11"":56,""12"":16,""13"":6,""3"":68,""4"":120,""5"":69,""6"":30,""7"":75,""8"":137,""9"":243}","{""10"":18,""11"":33,""12"":22,""13"":107,""14"":193,""15"":95,""16"":135,""17"":54,""18"":27,""19"":8,""20"":9,""21"":18,""22"":11,""23"":1,""24"":5,""25"":1,""27"":2,""3"":68,""4"":78,""5"":67,""6"":28,""7"":14,""8"":6}","{""Diagonal CMA-ES"":{""attempts"":298,""discoveries"":0,""improvements"":0,""insertions"":0,""insertion_rate"":0.0},""Immigrant"":{""attempts"":144,""discoveries"":0,""improvements"":0,""insertions"":0,""insertion_rate"":0.0},""Morphology"":{""attempts"":300,""discoveries"":0,""improvements"":4,""insertions"":4,""insertion_rate"":0.013333333333333334},""Novelty"":{""attempts"":258,""discoveries"":0,""improvements"":0,""insertions"":0,""insertion_rate"":0.0}}","{""Morphology"":207,""Novelty"":27}",1,0.9157303370786517,false,35000
41,115,116000,4.220521023,0.03968796200000001,0.032783798,0.003102421,0.003801743,5.153343077,80.06086,35.558193,6820.503709256649,184,0.9583333,64,5.177748288948617,7,0.03804347826086957,"{""10"":31,""11"":4,""12"":6,""13"":1,""3"":7,""4"":16,""5"":4,""6"":12,""7"":21,""8"":40,""9"":42}","{""10"":4,""11"":11,""12"":7,""13"":35,""14"":37,""15"":13,""16"":28,""17"":6,""18"":3,""19"":2,""20"":3,""21"":3,""22"":2,""23"":1,""24"":1,""3"":7,""4"":8,""5"":9,""7"":2,""8"":1,""9"":1}",176,5.939027846142435,71,0.071,"{""10"":166,""11"":54,""12"":7,""13"":8,""3"":71,""4"":106,""5"":92,""6"":26,""7"":82,""8"":134,""9"":254}","{""10"":23,""11"":26,""12"":14,""13"":110,""14"":213,""15"":86,""16"":130,""17"":44,""18"":18,""19"":7,""20"":12,""21"":23,""22"":7,""23"":3,""24"":9,""25"":1,""26"":1,""3"":71,""30"":1,""4"":64,""5"":79,""6"":41,""7"":11,""8"":5,""9"":1}","{""Diagonal CMA-ES"":{""attempts"":319,""discoveries"":0,""improvements"":0,""insertions"":0,""insertion_rate"":0.0},""Immigrant"":{""attempts"":152,""discoveries"":0,""improvements"":0,""insertions"":0,""insertion_rate"":0.0},""Morphology"":{""attempts"":287,""discoveries"":0,""improvements"":2,""insertions"":2,""insertion_rate"":0.006968641114982578},""Novelty"":{""attempts"":242,""discoveries"":0,""improvements"":0,""insertions"":0,""insertion_rate"":0.0}}","{""Morphology"":190,""Novelty"":26}",1,0.9162011173184358,false,36000
41,116,117000,4.2641817,0.043660677,0.034069647,0.002990815,0.006600215,5.204895754,80.06086,35.558193,6823.3729185462,184,0.9583333,63,5.156551905634,7,0.03804347826086957,"{""10"":31,""11"":4,""12"":6,""13"":1,""3"":7,""4"":16,""5"":4,""6"":12,""7"":20,""8"":40,""9"":43}","{""10"":3,""11"":11,""12"":7,""13"":35,""14"":37,""15"":13,""16"":29,""17"":7,""18"":2,""19"":2,""20"":3,""21"":3,""22"":2,""23"":1,""24"":1,""3"":7,""4"":8,""5"":9,""7"":2,""8"":1,""9"":1}",198,6.090436368291489,59,0.059,"{""10"":172,""11"":61,""12"":12,""13"":4,""3"":59,""4"":122,""5"":69,""6"":32,""7"":80,""8"":138,""9"":251}","{""10"":19,""11"":39,""12"":19,""13"":105,""14"":212,""15"":93,""16"":130,""17"":48,""18"":28,""19"":6,""20"":15,""21"":15,""22"":10,""23"":1,""24"":7,""3"":59,""4"":79,""5"":62,""6"":36,""7"":11,""8"":4,""9"":2}","{""Diagonal CMA-ES"":{""attempts"":296,""discoveries"":0,""improvements"":0,""insertions"":0,""insertion_rate"":0.0},""Immigrant"":{""attempts"":133,""discoveries"":0,""improvements"":0,""insertions"":0,""insertion_rate"":0.0},""Morphology"":{""attempts"":306,""discoveries"":0,""improvements"":1,""insertions"":1,""insertion_rate"":0.0032679738562091504},""Novelty"":{""attempts"":265,""discoveries"":0,""improvements"":1,""insertions"":1,""insertion_rate"":0.0037735849056603774}}","{""Morphology"":206,""Novelty"":35}",0,0.9162011173184358,false,37000
41,117,118000,4.303457669,0.039275968999999994,0.031458769,0.002888707,0.004928493,5.252814098,80.06086,35.880917,6881.233035504818,184,0.9583333,63,5.1544452993138625,6,0.03260869565217391,"{""10"":32,""11"":4,""12"":6,""13"":1,""3"":6,""4"":16,""5"":4,""6"":12,""7"":20,""8"":40,""9"":43}","{""10"":3,""11"":11,""12"":7,""13"":35,""14"":37,""15"":13,""16"":30,""17"":7,""18"":2,""19"":2,""20"":3,""21"":3,""22"":2,""23"":1,""24"":1,""3"":6,""4"":8,""5"":9,""7"":2,""8"":1,""9"":1}",183,6.187476982127759,62,0.062,"{""10"":191,""11"":55,""12"":21,""13"":7,""3"":62,""4"":116,""5"":75,""6"":40,""7"":87,""8"":149,""9"":197}","{""10"":4,""11"":49,""12"":17,""13"":119,""14"":161,""15"":126,""16"":132,""17"":44,""18"":25,""19"":7,""20"":20,""21"":14,""22"":12,""23"":4,""24"":8,""25"":1,""3"":62,""4"":64,""5"":73,""6"":39,""7"":13,""8"":3,""9"":3}","{""Diagonal CMA-ES"":{""attempts"":300,""discoveries"":0,""improvements"":0,""insertions"":0,""insertion_rate"":0.0},""Immigrant"":{""attempts"":136,""discoveries"":0,""improvements"":0,""insertions"":0,""insertion_rate"":0.0},""Morphology"":{""attempts"":337,""discoveries"":0,""improvements"":2,""insertions"":2,""insertion_rate"":0.005934718100890208},""Novelty"":{""attempts"":227,""discoveries"":0,""improvements"":0,""insertions"":0,""insertion_rate"":0.0}}","{""Morphology"":217,""Novelty"":20}",0,0.9166666666666666,false,38000
41,118,119000,4.350023676,0.046566007000000006,0.03459206,0.003731692,0.008242255,5.311079784,80.06086,35.880917,6888.346164166927,184,0.9583333,62,5.136808818347366,6,0.03260869565217391,"{""10"":33,""11"":4,""12"":6,""13"":1,""3"":6,""4"":16,""5"":4,""6"":12,""7"":20,""8"":40,""9"":42}","{""10"":3,""11"":11,""12"":7,""13"":35,""14"":37,""15"":12,""16"":31,""17"":7,""18"":2,""19"":2,""20"":3,""21"":3,""22"":2,""23"":1,""24"":1,""3"":6,""4"":8,""5"":9,""7"":2,""8"":1,""9"":1}",178,6.030934320262918,77,0.077,"{""10"":175,""11"":69,""12"":17,""13"":6,""3"":77,""4"":97,""5"":73,""6"":37,""7"":118,""8"":154,""9"":177}","{""10"":6,""11"":44,""12"":21,""13"":131,""14"":141,""15"":141,""16"":132,""17"":47,""18"":25,""19"":6,""20"":20,""21"":12,""22"":13,""23"":4,""24"":9,""3"":77,""4"":59,""5"":70,""6"":23,""7"":13,""8"":6}","{""Diagonal CMA-ES"":{""attempts"":322,""discoveries"":0,""improvements"":0,""insertions"":0,""insertion_rate"":0.0},""Immigrant"":{""attempts"":155,""discoveries"":0,""improvements"":0,""insertions"":0,""insertion_rate"":0.0},""Morphology"":{""attempts"":306,""discoveries"":0,""improvements"":1,""insertions"":1,""insertion_rate"":0.0032679738562091504},""Novelty"":{""attempts"":217,""discoveries"":0,""improvements"":0,""insertions"":0,""insertion_rate"":0.0}}","{""Morphology"":197,""Novelty"":24}",0,0.9171270718232044,false,39000
41,119,120000,4.3943813,0.044357624,0.033764511,0.003579717,0.007013396,5.363531249,80.06086,35.880917,6895.526513516903,184,0.9583333,62,5.1212142489996655,6,0.03260869565217391,"{""10"":34,""11"":5,""12"":6,""13"":1,""3"":6,""4"":16,""5"":4,""6"":12,""7"":20,""8"":40,""9"":40}","{""10"":3,""11"":11,""12"":7,""13"":35,""14"":36,""15"":11,""16"":34,""17"":6,""18"":2,""19"":2,""20"":3,""21"":3,""22"":2,""23"":1,""24"":1,""3"":6,""4"":8,""5"":9,""7"":2,""8"":1,""9"":1}",184,6.13346375053461,84,0.084,"{""10"":162,""11"":64,""12"":25,""13"":9,""3"":84,""4"":108,""5"":65,""6"":45,""7"":105,""8"":135,""9"":198}","{""10"":3,""11"":54,""12"":24,""13"":103,""14"":165,""15"":115,""16"":126,""17"":53,""18"":35,""19"":7,""20"":17,""21"":10,""22"":16,""23"":2,""24"":9,""25"":1,""28"":1,""3"":84,""4"":61,""5"":70,""6"":19,""7"":18,""8"":5,""9"":2}","{""Diagonal CMA-ES"":{""attempts"":327,""discoveries"":0,""improvements"":0,""insertions"":0,""insertion_rate"":0.0},""Immigrant"":{""attempts"":141,""discoveries"":0,""improvements"":0,""insertions"":0,""insertion_rate"":0.0},""Morphology"":{""attempts"":288,""discoveries"":0,""improvements"":3,""insertions"":3,""insertion_rate"":0.010416666666666666},""Novelty"":{""attempts"":244,""discoveries"":0,""improvements"":1,""insertions"":1,""insertion_rate"":0.004098360655737705}}","{""Morphology"":178,""Novelty"":33}",1,0.9171270718232044,false,40000
41,120,121000,4.438201077,0.043819777000000004,0.035202334,0.003078676,0.005538767,5.41712015,80.06086,37.373295,6946.477626264095,184,0.9583333,61,5.09081499375912,6,0.03260869565217391,"{""10"":34,""11"":5,""12"":6,""13"":1,""3"":6,""4"":16,""5"":3,""6"":12,""7"":20,""8"":40,""9"":41}","{""10"":3,""11"":11,""12"":7,""13"":35,""14"":37,""15"":11,""16"":34,""17"":6,""18"":2,""19"":2,""20"":3,""21"":3,""22"":2,""23"":1,""24"":1,""3"":6,""4"":8,""5"":8,""7"":2,""8"":1,""9"":1}",175,6.037495951321125,74,0.074,"{""10"":163,""11"":67,""12"":20,""13"":7,""3"":74,""4"":95,""5"":73,""6"":32,""7"":91,""8"":108,""9"":270}","{""10"":4,""11"":43,""12"":12,""13"":83,""14"":250,""15"":101,""16"":128,""17"":36,""18"":33,""19"":6,""20"":16,""21"":18,""22"":14,""23"":4,""24"":7,""28"":2,""3"":74,""4"":50,""5"":70,""6"":31,""7"":14,""8"":4}","{""Diagonal CMA-ES"":{""attempts"":306,""discoveries"":0,""improvements"":0,""insertions"":0,""insertion_rate"":0.0},""Immigrant"":{""attempts"":147,""discoveries"":0,""improvements"":0,""insertions"":0,""insertion_rate"":0.0},""Morphology"":{""attempts"":293,""discoveries"":0,""improvements"":2,""insertions"":2,""insertion_rate"":0.006825938566552901},""Novelty"":{""attempts"":254,""discoveries"":0,""improvements"":0,""insertions"":0,""insertion_rate"":0.0}}","{""Morphology"":209,""Novelty"":21}",0,0.9171270718232044,false,41000
41,121,122000,4.485883148,0.047682071,0.036766011,0.003051368,0.007864692,5.473661872,80.06086,37.373295,6952.149321973324,184,0.9583333,61,5.115081330383196,6,0.03260869565217391,"{""10"":35,""11"":5,""12"":6,""13"":1,""3"":6,""4"":16,""5"":3,""6"":12,""7"":20,""8"":40,""9"":40}","{""10"":3,""11"":11,""12"":7,""13"":34,""14"":36,""15"":12,""16"":34,""17"":6,""18"":2,""19"":3,""20"":3,""21"":3,""22"":2,""23"":1,""24"":1,""3"":6,""4"":8,""5"":8,""7"":2,""8"":1,""9"":1}",177,6.048803322092141,88,0.088,"{""10"":157,""11"":63,""12"":25,""13"":8,""3"":88,""4"":110,""5"":75,""6"":44,""7"":96,""8"":127,""9"":207}","{""10"":3,""11"":53,""12"":15,""13"":101,""14"":180,""15"":95,""16"":147,""17"":36,""18"":34,""19"":2,""20"":24,""21"":11,""22"":15,""23"":1,""24"":7,""3"":88,""32"":1,""4"":66,""5"":72,""6"":30,""7"":14,""8"":5}","{""Diagonal CMA-ES"":{""attempts"":312,""discoveries"":0,""improvements"":0,""insertions"":0,""insertion_rate"":0.0},""Immigrant"":{""attempts"":155,""discoveries"":0,""improvements"":0,""insertions"":0,""insertion_rate"":0.0},""Morphology"":{""attempts"":274,""discoveries"":0,""improvements"":3,""insertions"":3,""insertion_rate"":0.010948905109489052},""Novelty"":{""attempts"":259,""discoveries"":0,""improvements"":0,""insertions"":0,""insertion_rate"":0.0}}","{""Morphology"":174,""Novelty"":27}",1,0.9171270718232044,false,42000
41,122,123000,4.5302205870000005,0.044337439,0.034048276,0.003407558,0.006881605,5.528404831,80.06086,37.373295,6957.135057866573,184,0.9583333,59,5.0798083684501885,6,0.03260869565217391,"{""10"":35,""11"":5,""12"":6,""13"":1,""3"":6,""4"":16,""5"":3,""6"":12,""7"":22,""8"":39,""9"":39}","{""10"":3,""11"":11,""12"":8,""13"":34,""14"":36,""15"":13,""16"":32,""17"":6,""18"":2,""19"":3,""20"":3,""21"":3,""22"":2,""23"":1,""24"":1,""3"":6,""4"":8,""5"":8,""7"":2,""8"":1,""9"":1}",176,6.217019424573928,79,0.079,"{""10"":182,""11"":76,""12"":24,""13"":7,""3"":79,""4"":104,""5"":78,""6"":43,""7"":84,""8"":125,""9"":198}","{""11"":47,""12"":19,""13"":90,""14"":174,""15"":94,""16"":154,""17"":38,""18"":32,""19"":14,""20"":23,""21"":14,""22"":18,""23"":7,""24"":9,""26"":1,""27"":1,""3"":79,""4"":56,""5"":71,""6"":29,""7"":21,""8"":8,""9"":1}","{""Diagonal CMA-ES"":{""attempts"":310,""discoveries"":0,""improvements"":0,""insertions"":0,""insertion_rate"":0.0},""Immigrant"":{""attempts"":151,""discoveries"":0,""improvements"":0,""insertions"":0,""insertion_rate"":0.0},""Morphology"":{""attempts"":323,""discoveries"":0,""improvements"":3,""insertions"":3,""insertion_rate"":0.009287925696594427},""Novelty"":{""attempts"":216,""discoveries"":0,""improvements"":0,""insertions"":0,""insertion_rate"":0.0}}","{""Morphology"":218,""Novelty"":27}",0,0.9175824175824175,false,43000
41,123,124000,4.574233893000001,0.044013305999999995,0.033242097,0.003355317,0.007415892,5.581617357,80.06086,37.373295,6962.298396527767,184,0.9583333,59,5.071060322393466,6,0.03260869565217391,"{""10"":36,""11"":5,""12"":6,""13"":1,""3"":6,""4"":16,""5"":3,""6"":12,""7"":22,""8"":39,""9"":38}","{""10"":3,""11"":11,""12"":8,""13"":34,""14"":35,""15"":13,""16"":33,""17"":6,""18"":2,""19"":3,""20"":3,""21"":3,""22"":2,""23"":1,""24"":1,""3"":6,""4"":8,""5"":8,""7"":2,""8"":1,""9"":1}",156,6.046165259742911,73,0.073,"{""10"":167,""11"":64,""12"":22,""13"":8,""3"":73,""4"":109,""5"":80,""6"":42,""7"":150,""8"":108,""9"":177}","{""10"":1,""11"":51,""12"":62,""13"":81,""14"":153,""15"":112,""16"":124,""17"":38,""18"":33,""19"":13,""20"":21,""21"":22,""22"":14,""23"":1,""24"":9,""25"":1,""26"":1,""3"":73,""4"":68,""5"":70,""6"":36,""7"":14,""8"":1,""9"":1}","{""Diagonal CMA-ES"":{""attempts"":322,""discoveries"":0,""improvements"":0,""insertions"":0,""insertion_rate"":0.0},""Immigrant"":{""attempts"":161,""discoveries"":0,""improvements"":0,""insertions"":0,""insertion_rate"":0.0},""Morphology"":{""attempts"":276,""discoveries"":0,""improvements"":3,""insertions"":3,""insertion_rate"":0.010869565217391304},""Novelty"":{""attempts"":241,""discoveries"":0,""improvements"":0,""insertions"":0,""insertion_rate"":0.0}}","{""Morphology"":180,""Novelty"":25}",0,0.9175824175824175,false,44000
41,124,125000,4.615492657000001,0.041258763999999996,0.031661798,0.00207303,0.007523936,5.630290825,80.06086,37.373295,6962.976568043232,184,0.9583333,60,5.088696803359972,6,0.03260869565217391,"{""10"":36,""11"":5,""12"":6,""13"":1,""3"":6,""4"":16,""5"":3,""6"":12,""7"":21,""8"":40,""9"":38}","{""10"":3,""11"":11,""12"":8,""13"":34,""14"":35,""15"":12,""16"":33,""17"":6,""18"":2,""19"":4,""20"":3,""21"":3,""22"":2,""23"":1,""24"":1,""3"":6,""4"":8,""5"":8,""7"":2,""8"":1,""9"":1}",172,5.852931241704574,72,0.072,"{""10"":271,""11"":70,""12"":20,""13"":7,""3"":72,""4"":97,""5"":70,""6"":29,""7"":145,""8"":86,""9"":133}","{""10"":1,""11"":34,""12"":87,""13"":61,""14"":115,""15"":87,""16"":236,""17"":44,""18"":31,""19"":18,""20"":13,""21"":7,""22"":11,""23"":4,""24"":9,""25"":1,""3"":72,""4"":53,""5"":74,""6"":24,""7"":12,""8"":4,""9"":2}","{""Diagonal CMA-ES"":{""attempts"":294,""discoveries"":0,""improvements"":1,""insertions"":1,""insertion_rate"":0.003401360544217687},""Immigrant"":{""attempts"":157,""discoveries"":0,""improvements"":0,""insertions"":0,""insertion_rate"":0.0},""Morphology"":{""attempts"":281,""discoveries"":0,""improvements"":1,""insertions"":1,""insertion_rate"":0.0035587188612099642},""Novelty"":{""attempts"":268,""discoveries"":0,""improvements"":0,""insertions"":0,""insertion_rate"":0.0}}","{""Morphology"":197,""Novelty"":27}",1,0.9180327868852459,false,45000
41,125,126000,4.658577492000001,0.043084835,0.035670131,0.002558637,0.004856067,5.681550238,80.06086,37.373295,6974.224467098713,184,0.9583333,59,5.047336732889559,6,0.03260869565217391,"{""10"":36,""11"":5,""12"":6,""13"":1,""3"":6,""4"":17,""5"":3,""6"":10,""7"":22,""8"":41,""9"":37}","{""10"":3,""11"":10,""12"":7,""13"":35,""14"":34,""15"":12,""16"":34,""17"":6,""18"":2,""19"":4,""20"":3,""21"":3,""22"":2,""23"":1,""24"":1,""3"":6,""4"":9,""5"":8,""7"":2,""8"":1,""9"":1}",175,5.808983435809677,69,0.069,"{""10"":195,""11"":70,""12"":22,""13"":8,""3"":69,""4"":113,""5"":76,""6"":21,""7"":70,""8"":120,""9"":236}","{""10"":8,""11"":23,""12"":23,""13"":100,""14"":204,""15"":77,""16"":155,""17"":54,""18"":27,""19"":16,""20"":16,""21"":12,""22"":12,""23"":6,""24"":5,""28"":1,""3"":69,""30"":1,""4"":78,""5"":72,""6"":24,""7"":11,""8"":5,""9"":1}","{""Diagonal CMA-ES"":{""attempts"":312,""discoveries"":0,""improvements"":0,""insertions"":0,""insertion_rate"":0.0},""Immigrant"":{""attempts"":159,""discoveries"":0,""improvements"":0,""insertions"":0,""insertion_rate"":0.0},""Morphology"":{""attempts"":295,""discoveries"":0,""improvements"":5,""insertions"":5,""insertion_rate"":0.01694915254237288},""Novelty"":{""attempts"":234,""discoveries"":0,""improvements"":0,""insertions"":0,""insertion_rate"":0.0}}","{""Morphology"":183,""Novelty"":27}",0,0.9180327868852459,false,46000
41,126,127000,4.7035750730000006,0.044997580999999995,0.035380429,0.002752168,0.006864984,5.7349634179999995,80.06086,37.373295,6977.36114770174,184,0.9583333,60,5.073721259912784,6,0.03260869565217391,"{""10"":35,""11"":6,""12"":6,""13"":1,""3"":6,""4"":17,""5"":3,""6"":10,""7"":22,""8"":41,""9"":37}","{""10"":3,""11"":10,""12"":7,""13"":35,""14"":34,""15"":13,""16"":32,""17"":7,""18"":2,""19"":4,""20"":3,""21"":3,""22"":2,""23"":1,""24"":1,""3"":6,""4"":9,""5"":8,""7"":2,""8"":1,""9"":1}",169,5.812290971889916,65,0.065,"{""10"":212,""11"":70,""12"":10,""13"":9,""3"":65,""4"":122,""5"":91,""6"":19,""7"":69,""8"":140,""9"":193}","{""10"":10,""11"":21,""12"":18,""13"":110,""14"":155,""15"":82,""16"":182,""17"":55,""18"":27,""19"":11,""20"":18,""21"":13,""22"":9,""23"":3,""24"":5,""3"":65,""30"":2,""4"":78,""5"":83,""6"":35,""7"":11,""8"":7}","{""Diagonal CMA-ES"":{""attempts"":286,""discoveries"":0,""improvements"":0,""insertions"":0,""insertion_rate"":0.0},""Immigrant"":{""attempts"":176,""discoveries"":0,""improvements"":0,""insertions"":0,""insertion_rate"":0.0},""Morphology"":{""attempts"":284,""discoveries"":0,""improvements"":2,""insertions"":2,""insertion_rate"":0.007042253521126761},""Novelty"":{""attempts"":254,""discoveries"":0,""improvements"":0,""insertions"":0,""insertion_rate"":0.0}}","{""Morphology"":184,""Novelty"":29}",1,0.9180327868852459,false,47000
41,127,128000,4.7494631290000004,0.045888055999999997,0.036450188,0.003019311,0.006418557,5.791037343,80.06086,37.373295,6981.121071636677,184,0.9583333,59,5.058749045227112,6,0.03260869565217391,"{""10"":35,""11"":6,""12"":6,""3"":6,""4"":17,""5"":3,""6"":11,""7"":22,""8"":41,""9"":37}","{""10"":3,""11"":10,""12"":8,""13"":35,""14"":34,""15"":13,""16"":32,""17"":7,""18"":2,""19"":4,""20"":3,""21"":3,""22"":1,""23"":1,""24"":1,""3"":6,""4"":9,""5"":8,""7"":2,""8"":1,""9"":1}",187,5.968844210026969,57,0.057,"{""10"":190,""11"":84,""12"":26,""13"":5,""14"":1,""3"":57,""4"":129,""5"":74,""6"":24,""7"":68,""8"":129,""9"":213}","{""10"":8,""11"":26,""12"":22,""13"":92,""14"":170,""15"":88,""16"":167,""17"":60,""18"":40,""19"":17,""20"":14,""21"":9,""22"":11,""23"":5,""24"":6,""25"":1,""28"":1,""3"":57,""30"":1,""33"":1,""4"":90,""5"":63,""6"":33,""7"":16,""8"":2}","{""Diagonal CMA-ES"":{""attempts"":314,""discoveries"":0,""improvements"":0,""insertions"":0,""insertion_rate"":0.0},""Immigrant"":{""attempts"":132,""discoveries"":0,""improvements"":0,""insertions"":0,""insertion_rate"":0.0},""Morphology"":{""attempts"":305,""discoveries"":0,""improvements"":1,""insertions"":1,""insertion_rate"":0.003278688524590164},""Novelty"":{""attempts"":249,""discoveries"":0,""improvements"":1,""insertions"":1,""insertion_rate"":0.004016064257028112}}","{""Morphology"":213,""Novelty"":30}",0,0.9184782608695652,false,48000
41,128,129000,4.7879531040000005,0.038489975,0.029322811,0.00231524,0.006851924,5.836818542,80.06086,37.373295,6987.778611958027,184,0.9583333,59,5.083015381851184,6,0.03260869565217391,"{""10"":35,""11"":6,""12"":6,""3"":6,""4"":17,""5"":3,""6"":11,""7"":22,""8"":41,""9"":37}","{""10"":3,""11"":10,""12"":8,""13"":34,""14"":34,""15"":13,""16"":32,""17"":7,""18"":2,""19"":5,""20"":3,""21"":3,""22"":1,""23"":1,""24"":1,""3"":6,""4"":9,""5"":8,""7"":2,""8"":1,""9"":1}",171,5.6659221059492975,61,0.061,"{""10"":256,""11"":75,""12"":11,""13"":3,""3"":61,""4"":172,""5"":83,""6"":10,""7"":49,""8"":85,""9"":195}","{""10"":8,""11"":14,""12"":14,""13"":74,""14"":164,""15"":74,""16"":208,""17"":58,""18"":18,""19"":15,""20"":13,""21"":9,""22"":4,""23"":4,""24"":6,""3"":61,""4"":145,""5"":56,""6"":36,""7"":13,""8"":6}","{""Diagonal CMA-ES"":{""attempts"":315,""discoveries"":0,""improvements"":0,""insertions"":0,""insertion_rate"":0.0},""Immigrant"":{""attempts"":148,""discoveries"":0,""improvements"":0,""insertions"":0,""insertion_rate"":0.0},""Morphology"":{""attempts"":283,""discoveries"":0,""improvements"":1,""insertions"":1,""insertion_rate"":0.0035335689045936395},""Novelty"":{""attempts"":254,""discoveries"":0,""improvements"":0,""insertions"":0,""insertion_rate"":0.0}}","{""Morphology"":204,""Novelty"":28}",0,0.9184782608695652,false,49000
41,129,130000,4.830533335,0.042580231,0.032238826,0.003154663,0.007186742,5.8895502109999995,80.06086,37.373295,6988.411424458027,184,0.9583333,59,5.071845395288766,6,0.03260869565217391,"{""10"":34,""11"":6,""12"":6,""3"":6,""4"":17,""5"":3,""6"":11,""7"":22,""8"":41,""9"":38}","{""10"":3,""11"":10,""12"":8,""13"":34,""14"":35,""15"":13,""16"":31,""17"":7,""18"":2,""19"":5,""20"":3,""21"":3,""22"":1,""23"":1,""24"":1,""3"":6,""4"":9,""5"":8,""7"":2,""8"":1,""9"":1}",189,6.012177240379258,52,0.052,"{""10"":222,""11"":82,""12"":24,""13"":4,""3"":52,""4"":120,""5"":86,""6"":23,""7"":72,""8"":111,""9"":204}","{""10"":3,""11"":26,""12"":22,""13"":85,""14"":182,""15"":87,""16"":175,""17"":62,""18"":33,""19"":7,""20"":17,""21"":20,""22"":5,""23"":6,""24"":8,""25"":1,""27"":1,""28"":1,""29"":1,""3"":52,""4"":82,""5"":68,""6"":32,""7"":19,""8"":5}","{""Diagonal CMA-ES"":{""attempts"":303,""discoveries"":0,""improvements"":0,""insertions"":0,""insertion_rate"":0.0},""Immigrant"":{""attempts"":137,""discoveries"":0,""improvements"":0,""insertions"":0,""insertion_rate"":0.0},""Morphology"":{""attempts"":306,""discoveries"":0,""improvements"":1,""insertions"":1,""insertion_rate"":0.0032679738562091504},""Novelty"":{""attempts"":254,""discoveries"":0,""improvements"":0,""insertions"":0,""insertion_rate"":0.0}}","{""Morphology"":210,""Novelty"":30}",0,0.918918918918919,false,50000
41,130,131000,4.8736834710000005,0.043150136,0.032565334,0.002957571,0.007627231,5.941805771,80.06086,37.373295,6988.411424458027,184,0.9583333,59,5.071845395288767,6,0.03260869565217391,"{""10"":34,""11"":6,""12"":6,""3"":6,""4"":17,""5"":3,""6"":11,""7"":22,""8"":41,""9"":38}","{""10"":3,""11"":10,""12"":8,""13"":34,""14"":35,""15"":13,""16"":31,""17"":7,""18"":2,""19"":5,""20"":3,""21"":3,""22"":1,""23"":1,""24"":1,""3"":6,""4"":9,""5"":8,""7"":2,""8"":1,""9"":1}",175,6.074046646518447,87,0.087,"{""10"":192,""11"":74,""12"":33,""13"":1,""3"":87,""4"":112,""5"":75,""6"":46,""7"":89,""8"":117,""9"":174}","{""10"":1,""11"":47,""12"":28,""13"":92,""14"":154,""15"":82,""16"":162,""17"":56,""18"":35,""19"":12,""20"":26,""21"":12,""22"":6,""23"":4,""24"":6,""3"":87,""4"":67,""5"":75,""6"":27,""7"":15,""8"":5,""9"":1}","{""Diagonal CMA-ES"":{""attempts"":299,""discoveries"":0,""improvements"":0,""insertions"":0,""insertion_rate"":0.0},""Immigrant"":{""attempts"":157,""discoveries"":0,""improvements"":0,""insertions"":0,""insertion_rate"":0.0},""Morphology"":{""attempts"":296,""discoveries"":0,""improvements"":0,""insertions"":0,""insertion_rate"":0.0},""Novelty"":{""attempts"":248,""discoveries"":0,""improvements"":0,""insertions"":0,""insertion_rate"":0.0}}","{""Morphology"":203,""Novelty"":26}",0,0.918918918918919,false,51000
41,131,132000,4.918505331,0.04482186,0.03430592,0.003007438,0.007508502,5.995632132,80.06086,37.373295,6988.795060932636,184,0.9583333,59,5.071845395288769,6,0.03260869565217391,"{""10"":34,""11"":6,""12"":6,""3"":6,""4"":17,""5"":3,""6"":11,""7"":22,""8"":41,""9"":38}","{""10"":3,""11"":10,""12"":8,""13"":34,""14"":35,""15"":13,""16"":31,""17"":7,""18"":2,""19"":5,""20"":3,""21"":3,""22"":1,""23"":1,""24"":1,""3"":6,""4"":9,""5"":8,""7"":2,""8"":1,""9"":1}",189,6.252099746076341,64,0.064,"{""10"":187,""11"":77,""12"":31,""13"":6,""3"":64,""4"":133,""5"":82,""6"":48,""7"":95,""8"":108,""9"":169}","{""10"":2,""11"":48,""12"":29,""13"":86,""14"":155,""15"":85,""16"":162,""17"":43,""18"":39,""19"":15,""20"":17,""21"":16,""22"":8,""23"":1,""24"":8,""25"":1,""26"":1,""27"":1,""29"":1,""3"":64,""4"":89,""5"":71,""6"":32,""7"":20,""8"":5,""9"":1}","{""Diagonal CMA-ES"":{""attempts"":301,""discoveries"":0,""improvements"":0,""insertions"":0,""insertion_rate"":0.0},""Immigrant"":{""attempts"":144,""discoveries"":0,""improvements"":0,""insertions"":0,""insertion_rate"":0.0},""Morphology"":{""attempts"":307,""discoveries"":0,""improvements"":1,""insertions"":1,""insertion_rate"":0.003257328990228013},""Novelty"":{""attempts"":248,""discoveries"":0,""improvements"":0,""insertions"":0,""insertion_rate"":0.0}}","{""Morphology"":207,""Novelty"":37}",0,0.918918918918919,false,52000
41,132,133000,4.958936546,0.040431215,0.032649633,0.002881584,0.004899998,6.043120673,80.06086,37.373295,6994.3735874295235,184,0.9583333,60,5.086817609974435,6,0.03260869565217391,"{""10"":34,""11"":6,""12"":6,""3"":6,""4"":17,""5"":3,""6"":10,""7"":22,""8"":42,""9"":38}","{""10"":3,""11"":9,""12"":8,""13"":34,""14"":35,""15"":13,""16"":30,""17"":8,""18"":2,""19"":5,""20"":3,""21"":4,""22"":1,""23"":1,""24"":1,""3"":6,""4"":9,""5"":8,""7"":2,""8"":1,""9"":1}",176,6.194963526108574,82,0.082,"{""10"":222,""11"":77,""12"":29,""13"":1,""3"":82,""4"":113,""5"":85,""6"":46,""7"":86,""8"":106,""9"":153}","{""10"":2,""11"":50,""12"":26,""13"":80,""14"":146,""15"":115,""16"":147,""17"":44,""18"":39,""19"":14,""20"":19,""21"":17,""22"":6,""23"":6,""24"":7,""27"":1,""28"":1,""3"":82,""4"":66,""5"":80,""6"":27,""7"":17,""8"":8}","{""Diagonal CMA-ES"":{""attempts"":314,""discoveries"":0,""improvements"":0,""insertions"":0,""insertion_rate"":0.0},""Immigrant"":{""attempts"":153,""discoveries"":0,""improvements"":0,""insertions"":0,""insertion_rate"":0.0},""Morphology"":{""attempts"":291,""discoveries"":0,""improvements"":2,""insertions"":2,""insertion_rate"":0.006872852233676976},""Novelty"":{""attempts"":242,""discoveries"":0,""improvements"":0,""insertions"":0,""insertion_rate"":0.0}}","{""Morphology"":195,""Novelty"":28}",2,0.918918918918919,false,53000
41,133,134000,5.003664607,0.044728061,0.034580187,0.003330383,0.006817491,6.095309744,80.06086,37.373295,6998.006801247597,184,0.9583333,60,5.0706991197372435,6,0.03260869565217391,"{""10"":35,""11"":6,""12"":6,""3"":6,""4"":17,""5"":3,""6"":10,""7"":22,""8"":42,""9"":37}","{""10"":3,""11"":9,""12"":8,""13"":34,""14"":34,""15"":13,""16"":31,""17"":8,""18"":2,""19"":5,""20"":3,""21"":4,""22"":1,""23"":1,""24"":1,""3"":6,""4"":9,""5"":8,""7"":2,""8"":1,""9"":1}",185,6.2160860121697,82,0.082,"{""10"":183,""11"":75,""12"":33,""13"":6,""3"":82,""4"":118,""5"":79,""6"":44,""7"":96,""8"":124,""9"":160}","{""10"":1,""11"":42,""12"":41,""13"":89,""14"":142,""15"":101,""16"":136,""17"":51,""18"":40,""19"":14,""20"":17,""21"":22,""22"":10,""23"":2,""24"":9,""3"":82,""4"":69,""5"":78,""6"":30,""7"":15,""8"":7,""9"":2}","{""Diagonal CMA-ES"":{""attempts"":315,""discoveries"":0,""improvements"":1,""insertions"":1,""insertion_rate"":0.0031746031746031746},""Immigrant"":{""attempts"":154,""discoveries"":0,""improvements"":0,""insertions"":0,""insertion_rate"":0.0},""Morphology"":{""attempts"":273,""discoveries"":0,""improvements"":2,""insertions"":2,""insertion_rate"":0.007326007326007326},""Novelty"":{""attempts"":258,""discoveries"":0,""improvements"":0,""insertions"":0,""insertion_rate"":0.0}}","{""Morphology"":179,""Novelty"":42}",0,0.918918918918919,false,54000
41,134,135000,5.044982736000001,0.041318129,0.031052711,0.00321759,0.007047828,6.145957696,80.06086,37.373295,7002.548801064491,184,0.9583333,60,5.079447165793965,6,0.03260869565217391,"{""10"":34,""11"":6,""12"":6,""3"":6,""4"":17,""5"":3,""6"":10,""7"":22,""8"":42,""9"":38}","{""10"":3,""11"":9,""12"":8,""13"":34,""14"":35,""15"":13,""16"":30,""17"":8,""18"":2,""19"":5,""20"":3,""21"":4,""22"":1,""23"":1,""24"":1,""3"":6,""4"":9,""5"":8,""7"":2,""8"":1,""9"":1}",177,5.423596027448422,49,0.049,"{""10"":155,""11"":53,""12"":118,""13"":15,""3"":49,""4"":115,""5"":76,""6"":11,""7"":31,""8"":220,""9"":157}","{""10"":4,""11"":13,""12"":9,""13"":196,""14"":120,""15"":70,""16"":97,""17"":52,""18"":25,""19"":111,""20"":22,""21"":29,""22"":6,""23"":2,""24"":1,""3"":49,""4"":80,""5"":66,""6"":34,""7"":7,""8"":7}","{""Diagonal CMA-ES"":{""attempts"":286,""discoveries"":0,""improvements"":0,""insertions"":0,""insertion_rate"":0.0},""Immigrant"":{""attempts"":156,""discoveries"":0,""improvements"":0,""insertions"":0,""insertion_rate"":0.0},""Morphology"":{""attempts"":292,""discoveries"":0,""improvements"":1,""insertions"":1,""insertion_rate"":0.003424657534246575},""Novelty"":{""attempts"":266,""discoveries"":0,""improvements"":0,""insertions"":0,""insertion_rate"":0.0}}","{""Morphology"":212,""Novelty"":24}",0,0.918918918918919,false,55000
41,135,136000,5.0865644450000005,0.041581709,0.034104078,0.001761957,0.005715674,6.193909284,80.06086,37.373295,7019.309429764748,184,0.9583333,59,5.051262210373909,5,0.02717391304347826,"{""10"":34,""11"":6,""12"":6,""3"":5,""4"":18,""5"":3,""6"":10,""7"":22,""8"":42,""9"":38}","{""10"":3,""11"":9,""12"":8,""13"":34,""14"":35,""15"":13,""16"":30,""17"":8,""18"":2,""19"":5,""20"":3,""21"":4,""22"":1,""23"":1,""24"":1,""3"":5,""4"":9,""5"":9,""7"":2,""8"":1,""9"":1}",179,5.890019310747723,58,0.058,"{""10"":161,""11"":74,""12"":28,""13"":3,""3"":58,""4"":131,""5"":88,""6"":21,""7"":69,""8"":165,""9"":202}","{""10"":9,""11"":23,""12"":28,""13"":135,""14"":160,""15"":88,""16"":111,""17"":79,""18"":16,""19"":12,""20"":23,""21"":16,""22"":8,""23"":5,""24"":7,""27"":2,""3"":58,""4"":89,""5"":76,""6"":30,""7"":22,""8"":2,""9"":1}","{""Diagonal CMA-ES"":{""attempts"":299,""discoveries"":0,""improvements"":0,""insertions"":0,""insertion_rate"":0.0},""Immigrant"":{""attempts"":152,""discoveries"":0,""improvements"":0,""insertions"":0,""insertion_rate"":0.0},""Morphology"":{""attempts"":306,""discoveries"":0,""improvements"":4,""insertions"":4,""insertion_rate"":0.013071895424836602},""Novelty"":{""attempts"":243,""discoveries"":0,""improvements"":0,""insertions"":0,""insertion_rate"":0.0}}","{""Morphology"":208,""Novelty"":25}",0,0.9197860962566845,false,56000
41,136,137000,5.126937481000001,0.040373036,0.034343914,0.001792826,0.004236296,6.242369038,80.06086,37.373295,7029.107823014259,184,0.9583333,59,5.082350821261564,5,0.02717391304347826,"{""10"":34,""11"":6,""12"":6,""3"":5,""4"":18,""5"":3,""6"":10,""7"":22,""8"":41,""9"":39}","{""10"":3,""11"":9,""12"":8,""13"":33,""14"":36,""15"":13,""16"":30,""17"":8,""18"":2,""19"":5,""20"":3,""21"":4,""22"":1,""23"":1,""24"":1,""3"":5,""4"":9,""5"":9,""7"":2,""8"":1,""9"":1}",150,5.228253075919695,48,0.048,"{""10"":253,""11"":79,""12"":22,""13"":6,""3"":48,""4"":94,""5"":69,""6"":10,""7"":34,""8"":199,""9"":186}","{""10"":8,""11"":7,""12"":4,""13"":174,""14"":146,""15"":68,""16"":117,""17"":63,""18"":24,""19"":6,""20"":24,""21"":122,""22"":12,""23"":3,""24"":7,""28"":1,""3"":48,""4"":66,""5"":65,""6"":21,""7"":9,""8"":3,""9"":2}","{""Diagonal CMA-ES"":{""attempts"":327,""discoveries"":0,""improvements"":0,""insertions"":0,""insertion_rate"":0.0},""Immigrant"":{""attempts"":131,""discoveries"":0,""improvements"":0,""insertions"":0,""insertion_rate"":0.0},""Morphology"":{""attempts"":303,""discoveries"":0,""improvements"":4,""insertions"":4,""insertion_rate"":0.013201320132013201},""Novelty"":{""attempts"":239,""discoveries"":0,""improvements"":0,""insertions"":0,""insertion_rate"":0.0}}","{""Morphology"":185,""Novelty"":29}",0,0.9197860962566845,false,57000
41,137,138000,5.173745695000001,0.046808214,0.037455833,0.001983982,0.007368399,6.297370829,80.06086,37.373295,7030.6872926950455,184,0.9583333,59,5.082350821261563,5,0.02717391304347826,"{""10"":34,""11"":6,""12"":6,""3"":5,""4"":18,""5"":3,""6"":10,""7"":22,""8"":41,""9"":39}","{""10"":3,""11"":9,""12"":8,""13"":33,""14"":36,""15"":13,""16"":30,""17"":8,""18"":2,""19"":5,""20"":3,""21"":4,""22"":1,""23"":1,""24"":1,""3"":5,""4"":9,""5"":9,""7"":2,""8"":1,""9"":1}",166,5.8463802260634825,73,0.073,"{""10"":206,""11"":99,""12"":17,""13"":3,""3"":73,""4"":128,""5"":78,""6"":20,""7"":50,""8"":130,""9"":196}","{""10"":6,""11"":20,""12"":18,""13"":97,""14"":169,""15"":77,""16"":148,""17"":82,""18"":31,""19"":13,""20"":11,""21"":32,""22"":4,""23"":2,""24"":7,""25"":1,""29"":1,""3"":73,""4"":74,""5"":88,""6"":28,""7"":12,""8"":5,""9"":1}","{""Diagonal CMA-ES"":{""attempts"":303,""discoveries"":0,""improvements"":0,""insertions"":0,""insertion_rate"":0.0},""Immigrant"":{""attempts"":153,""discoveries"":0,""improvements"":0,""insertions"":0,""insertion_rate"":0.0},""Morphology"":{""attempts"":322,""discoveries"":0,""improvements"":1,""insertions"":1,""insertion_rate"":0.003105590062111801},""Novelty"":{""attempts"":222,""discoveries"":0,""improvements"":0,""insertions"":0,""insertion_rate"":0.0}}","{""Morphology"":207,""Novelty"":25}",0,0.9197860962566845,false,58000
41,138,139000,5.218155560000001,0.044409865,0.033046192,0.003241336,0.008122337,6.35043138,80.06086,37.373295,7059.508929848671,184,0.9583333,59,5.065546124214182,5,0.02717391304347826,"{""10"":33,""11"":6,""12"":6,""3"":5,""4"":20,""5"":3,""6"":10,""7"":20,""8"":41,""9"":40}","{""10"":3,""11"":9,""12"":7,""13"":33,""14"":37,""15"":12,""16"":29,""17"":8,""18"":2,""19"":5,""20"":3,""21"":4,""22"":1,""23"":1,""24"":1,""3"":5,""4"":11,""5"":9,""7"":2,""8"":1,""9"":1}",182,5.931965648435758,55,0.055,"{""10"":202,""11"":65,""12"":31,""13"":9,""3"":55,""4"":131,""5"":81,""6"":20,""7"":63,""8"":135,""9"":208}","{""10"":10,""11"":21,""12"":16,""13"":110,""14"":172,""15"":79,""16"":152,""17"":56,""18"":24,""19"":17,""20"":21,""21"":28,""22"":12,""23"":4,""24"":7,""28"":1,""3"":55,""30"":1,""4"":85,""5"":75,""6"":31,""7"":17,""8"":6}","{""Diagonal CMA-ES"":{""attempts"":300,""discoveries"":0,""improvements"":0,""insertions"":0,""insertion_rate"":0.0},""Immigrant"":{""attempts"":135,""discoveries"":0,""improvements"":0,""insertions"":0,""insertion_rate"":0.0},""Morphology"":{""attempts"":314,""discoveries"":0,""improvements"":3,""insertions"":3,""insertion_rate"":0.009554140127388535},""Novelty"":{""attempts"":251,""discoveries"":0,""improvements"":0,""insertions"":0,""insertion_rate"":0.0}}","{""Morphology"":201,""Novelty"":31}",0,0.9197860962566845,false,59000
41,139,140000,5.263714733000001,0.045559172999999994,0.035083603,0.003278142,0.007197428,6.406016137,80.06086,37.373295,7064.947860360146,184,0.9583333,60,5.094956321339795,5,0.02717391304347826,"{""10"":34,""11"":7,""12"":6,""3"":5,""4"":20,""5"":3,""6"":10,""7"":20,""8"":41,""9"":38}","{""10"":3,""11"":9,""12"":7,""13"":33,""14"":35,""15"":12,""16"":30,""17"":8,""18"":2,""19"":5,""20"":3,""21"":4,""22"":1,""23"":1,""24"":2,""3"":5,""4"":11,""5"":9,""7"":2,""8"":1,""9"":1}",172,6.056895307750819,74,0.074,"{""10"":241,""11"":66,""12"":29,""13"":5,""3"":74,""4"":96,""5"":89,""6"":39,""7"":68,""8"":159,""9"":134}","{""10"":1,""11"":39,""12"":30,""13"":81,""14"":114,""15"":94,""16"":106,""17"":48,""18"":29,""19"":53,""20"":14,""21"":101,""22"":13,""23"":5,""24"":7,""25"":2,""26"":1,""27"":1,""3"":74,""4"":58,""5"":77,""6"":33,""7"":11,""8"":8}","{""Diagonal CMA-ES"":{""attempts"":323,""discoveries"":0,""improvements"":0,""insertions"":0,""insertion_rate"":0.0},""Immigrant"":{""attempts"":157,""discoveries"":0,""improvements"":0,""insertions"":0,""insertion_rate"":0.0},""Morphology"":{""attempts"":280,""discoveries"":0,""improvements"":2,""insertions"":2,""insertion_rate"":0.007142857142857143},""Novelty"":{""attempts"":240,""discoveries"":0,""improvements"":0,""insertions"":0,""insertion_rate"":0.0}}","{""Morphology"":184,""Novelty"":27}",1,0.9197860962566845,false,60000
41,140,141000,5.310528886000001,0.046814153000000004,0.035298505,0.003453863,0.008061785,6.463564691,80.06086,37.373295,7067.346381783485,184,0.9583333,60,5.094956321339797,5,0.02717391304347826,"{""10"":34,""11"":7,""12"":6,""3"":5,""4"":20,""5"":3,""6"":10,""7"":20,""8"":41,""9"":38}","{""10"":3,""11"":9,""12"":7,""13"":33,""14"":35,""15"":12,""16"":30,""17"":8,""18"":2,""19"":5,""20"":3,""21"":4,""22"":1,""23"":1,""24"":2,""3"":5,""4"":11,""5"":9,""7"":2,""8"":1,""9"":1}",182,6.302230421827539,67,0.067,"{""10"":190,""11"":82,""12"":44,""13"":5,""3"":67,""4"":125,""5"":90,""6"":38,""7"":87,""8"":119,""9"":153}","{""10"":2,""11"":42,""12"":29,""13"":85,""14"":131,""15"":98,""16"":127,""17"":55,""18"":31,""19"":27,""20"":13,""21"":47,""22"":6,""23"":3,""24"":15,""25"":2,""27"":2,""28"":1,""3"":67,""30"":1,""32"":1,""4"":75,""5"":83,""6"":35,""7"":16,""8"":6}","{""Diagonal CMA-ES"":{""attempts"":302,""discoveries"":0,""improvements"":0,""insertions"":0,""insertion_rate"":0.0},""Immigrant"":{""attempts"":156,""discoveries"":0,""improvements"":0,""insertions"":0,""insertion_rate"":0.0},""Morphology"":{""attempts"":284,""discoveries"":0,""improvements"":2,""insertions"":2,""insertion_rate"":0.007042253521126761},""Novelty"":{""attempts"":258,""discoveries"":0,""improvements"":0,""insertions"":0,""insertion_rate"":0.0}}","{""Morphology"":187,""Novelty"":40}",0,0.9197860962566845,false,61000
41,141,142000,5.357831019000001,0.047302132999999996,0.036993973,0.002907704,0.007400456,6.520030426,80.06086,37.373295,7076.211238503456,184,0.9583333,61,5.0952164296271025,5,0.02717391304347826,"{""10"":33,""11"":8,""12"":6,""3"":5,""4"":20,""5"":3,""6"":10,""7"":19,""8"":41,""9"":39}","{""10"":3,""11"":9,""12"":7,""13"":33,""14"":35,""15"":11,""16"":30,""17"":8,""18"":2,""19"":5,""20"":3,""21"":4,""22"":1,""23"":1,""24"":3,""3"":5,""4"":11,""5"":9,""7"":2,""8"":1,""9"":1}",190,6.213718538866981,62,0.062,"{""10"":198,""11"":82,""12"":34,""13"":7,""3"":62,""4"":104,""5"":84,""6"":42,""7"":71,""8"":107,""9"":209}","{""10"":2,""11"":41,""12"":29,""13"":73,""14"":180,""15"":113,""16"":118,""17"":41,""18"":37,""19"":16,""20"":17,""21"":43,""22"":9,""23"":7,""24"":14,""25"":4,""29"":1,""3"":62,""32"":1,""33"":1,""4"":62,""5"":83,""6"":28,""7"":10,""8"":6,""9"":2}","{""Diagonal CMA-ES"":{""attempts"":292,""discoveries"":0,""improvements"":0,""insertions"":0,""insertion_rate"":0.0},""Immigrant"":{""attempts"":139,""discoveries"":0,""improvements"":0,""insertions"":0,""insertion_rate"":0.0},""Morphology"":{""attempts"":315,""discoveries"":0,""improvements"":3,""insertions"":3,""insertion_rate"":0.009523809523809525},""Novelty"":{""attempts"":254,""discoveries"":0,""improvements"":0,""insertions"":0,""insertion_rate"":0.0}}","{""Morphology"":215,""Novelty"":37}",1,0.9197860962566845,false,62000
41,142,143000,5.401849074000001,0.044018055,0.032827728,0.003460987,0.00772934,6.5742818419999995,80.06086,37.373295,7082.381888985634,184,0.9583333,61,5.0952164296271,5,0.02717391304347826,"{""10"":33,""11"":8,""12"":6,""3"":5,""4"":20,""5"":3,""6"":10,""7"":19,""8"":41,""9"":39}","{""10"":3,""11"":9,""12"":7,""13"":33,""14"":35,""15"":11,""16"":30,""17"":8,""18"":2,""19"":5,""20"":3,""21"":4,""22"":1,""23"":1,""24"":3,""3"":5,""4"":11,""5"":9,""7"":2,""8"":1,""9"":1}",186,6.034961313145262,68,0.068,"{""10"":260,""11"":87,""12"":29,""13"":5,""3"":68,""4"":102,""5"":80,""6"":26,""7"":55,""8"":89,""9"":199}","{""10"":3,""11"":26,""12"":23,""13"":59,""14"":179,""15"":83,""16"":209,""17"":50,""18"":26,""19"":16,""20"":11,""21"":26,""22"":10,""23"":5,""24"":18,""25"":3,""26"":1,""27"":1,""28"":1,""3"":68,""4"":63,""5"":67,""6"":29,""7"":19,""8"":3,""9"":1}","{""Diagonal CMA-ES"":{""attempts"":320,""discoveries"":0,""improvements"":0,""insertions"":0,""insertion_rate"":0.0},""Immigrant"":{""attempts"":145,""discoveries"":0,""improvements"":0,""insertions"":0,""insertion_rate"":0.0},""Morphology"":{""attempts"":316,""discoveries"":0,""improvements"":1,""insertions"":1,""insertion_rate"":0.0031645569620253164},""Novelty"":{""attempts"":219,""discoveries"":0,""improvements"":0,""insertions"":0,""insertion_rate"":0.0}}","{""Morphology"":215,""Novelty"":32}",1,0.9202127659574468,false,63000
41,143,144000,5.447934224000001,0.046085150000000005,0.034503012,0.003356505,0.008225633,6.631380409,80.06086,38.193535,7097.374766945839,184,0.9583333,62,5.106085994844494,5,0.02717391304347826,"{""10"":33,""11"":8,""12"":6,""13"":1,""3"":5,""4"":19,""5"":3,""6"":10,""7"":19,""8"":41,""9"":39}","{""10"":3,""11"":9,""12"":7,""13"":33,""14"":35,""15"":11,""16"":30,""17"":8,""18"":2,""19"":5,""20"":3,""21"":4,""22"":2,""23"":1,""24"":3,""3"":5,""4"":10,""5"":9,""7"":2,""8"":1,""9"":1}",182,6.265029664262046,74,0.074,"{""10"":193,""11"":77,""12"":31,""13"":4,""3"":74,""4"":117,""5"":97,""6"":39,""7"":76,""8"":129,""9"":163}","{""10"":5,""11"":38,""12"":27,""13"":91,""14"":139,""15"":91,""16"":140,""17"":54,""18"":36,""19"":15,""20"":20,""21"":24,""22"":10,""23"":3,""24"":15,""3"":74,""33"":1,""4"":71,""5"":79,""6"":36,""7"":19,""8"":9,""9"":3}","{""Diagonal CMA-ES"":{""attempts"":303,""discoveries"":0,""improvements"":0,""insertions"":0,""insertion_rate"":0.0},""Immigrant"":{""attempts"":175,""discoveries"":0,""improvements"":0,""insertions"":0,""insertion_rate"":0.0},""Morphology"":{""attempts"":298,""discoveries"":0,""improvements"":2,""insertions"":2,""insertion_rate"":0.006711409395973154},""Novelty"":{""attempts"":224,""discoveries"":0,""improvements"":0,""insertions"":0,""insertion_rate"":0.0}}","{""Morphology"":195,""Novelty"":22}",1,0.9202127659574468,false,64000
41,144,145000,5.491492793000001,0.043558569,0.033049754,0.003162974,0.007345841,6.682954458,80.06086,38.193535,7097.374766945839,184,0.9583333,62,5.1060859948444905,5,0.02717391304347826,"{""10"":33,""11"":8,""12"":6,""13"":1,""3"":5,""4"":19,""5"":3,""6"":10,""7"":19,""8"":41,""9"":39}","{""10"":3,""11"":9,""12"":7,""13"":33,""14"":35,""15"":11,""16"":30,""17"":8,""18"":2,""19"":5,""20"":3,""21"":4,""22"":2,""23"":1,""24"":3,""3"":5,""4"":10,""5"":9,""7"":2,""8"":1,""9"":1}",192,6.340437874719749,64,0.064,"{""10"":205,""11"":94,""12"":35,""13"":14,""14"":2,""3"":64,""4"":105,""5"":86,""6"":35,""7"":76,""8"":117,""9"":167}","{""10"":8,""11"":36,""12"":28,""13"":90,""14"":145,""15"":91,""16"":157,""17"":53,""18"":33,""19"":15,""20"":15,""21"":28,""22"":17,""23"":6,""24"":18,""25"":3,""27"":1,""3"":64,""4"":60,""5"":78,""6"":36,""7"":14,""8"":4}","{""Diagonal CMA-ES"":{""attempts"":295,""discoveries"":0,""improvements"":0,""insertions"":0,""insertion_rate"":0.0},""Immigrant"":{""attempts"":143,""discoveries"":0,""improvements"":0,""insertions"":0,""insertion_rate"":0.0},""Morphology"":{""attempts"":307,""discoveries"":0,""improvements"":0,""insertions"":0,""insertion_rate"":0.0},""Novelty"":{""attempts"":255,""discoveries"":0,""improvements"":0,""insertions"":0,""insertion_rate"":0.0}}","{""Morphology"":223,""Novelty"":35}",0,0.9206349206349206,false,65000
41,145,146000,5.536483249000001,0.044990456,0.032993951,0.003392123,0.008604382,6.7387743,80.06086,38.193535,7113.495654702187,184,0.9583333,61,5.080597103888553,5,0.02717391304347826,"{""10"":33,""11"":8,""12"":6,""13"":1,""3"":5,""4"":20,""5"":3,""6"":10,""7"":19,""8"":40,""9"":39}","{""10"":3,""11"":9,""12"":7,""13"":33,""14"":35,""15"":11,""16"":30,""17"":8,""18"":2,""19"":4,""20"":3,""21"":4,""22"":2,""23"":1,""24"":3,""3"":5,""4"":11,""5"":9,""7"":2,""8"":1,""9"":1}",182,6.218643584081048,67,0.067,"{""10"":203,""11"":83,""12"":36,""13"":8,""14"":4,""3"":67,""4"":118,""5"":73,""6"":39,""7"":75,""8"":117,""9"":177}","{""10"":9,""11"":40,""12"":26,""13"":83,""14"":151,""15"":98,""16"":153,""17"":48,""18"":31,""19"":20,""20"":14,""21"":28,""22"":13,""23"":5,""24"":19,""25"":3,""3"":67,""4"":66,""5"":80,""6"":25,""7"":15,""8"":6}","{""Diagonal CMA-ES"":{""attempts"":281,""discoveries"":0,""improvements"":0,""insertions"":0,""insertion_rate"":0.0},""Immigrant"":{""attempts"":143,""discoveries"":0,""improvements"":0,""insertions"":0,""insertion_rate"":0.0},""Morphology"":{""attempts"":316,""discoveries"":0,""improvements"":1,""insertions"":1,""insertion_rate"":0.0031645569620253164},""Novelty"":{""attempts"":260,""discoveries"":0,""improvements"":0,""insertions"":0,""insertion_rate"":0.0}}","{""Morphology"":206,""Novelty"":31}",0,0.9210526315789473,false,66000
41,146,147000,5.583163236000001,0.046679987,0.036193731,0.003060866,0.00742539,6.795805191,80.06086,38.193535,7115.2339168787,184,0.9583333,62,5.11523497211539,5,0.02717391304347826,"{""10"":34,""11"":8,""12"":6,""13"":1,""3"":5,""4"":20,""5"":3,""6"":10,""7"":19,""8"":39,""9"":39}","{""10"":3,""11"":9,""12"":7,""13"":32,""14"":35,""15"":12,""16"":30,""17"":8,""18"":2,""19"":4,""20"":3,""21"":4,""22"":2,""23"":1,""24"":3,""3"":5,""4"":11,""5"":9,""7"":2,""8"":1,""9"":1}",183,5.978240533219392,73,0.073,"{""10"":152,""11"":65,""12"":29,""13"":14,""14"":1,""3"":73,""4"":137,""5"":78,""6"":32,""7"":65,""8"":216,""9"":138}","{""10"":7,""11"":30,""12"":20,""13"":84,""14"":110,""15"":73,""16"":109,""17"":47,""18"":30,""19"":125,""20"":13,""21"":28,""22"":16,""23"":5,""24"":9,""25"":1,""3"":73,""30"":1,""4"":104,""5"":58,""6"":34,""7"":17,""8"":2,""9"":4}","{""Diagonal CMA-ES"":{""attempts"":322,""discoveries"":0,""improvements"":0,""insertions"":0,""insertion_rate"":0.0},""Immigrant"":{""attempts"":152,""discoveries"":0,""improvements"":0,""insertions"":0,""insertion_rate"":0.0},""Morphology"":{""attempts"":291,""discoveries"":0,""improvements"":1,""insertions"":1,""insertion_rate"":0.003436426116838488},""Novelty"":{""attempts"":235,""discoveries"":0,""improvements"":0,""insertions"":0,""insertion_rate"":0.0}}","{""Morphology"":181,""Novelty"":17}",1,0.9214659685863874,false,67000
41,147,148000,5.631450831,0.048287595,0.037124576,0.003382625,0.007780394,6.857283717,80.06086,38.193535,7117.3500319719315,184,0.9583333,61,5.100262757429714,5,0.02717391304347826,"{""10"":33,""11"":7,""12"":7,""13"":1,""3"":5,""4"":21,""5"":3,""6"":10,""7"":19,""8"":39,""9"":39}","{""10"":3,""11"":9,""12"":7,""13"":32,""14"":35,""15"":12,""16"":30,""17"":7,""18"":2,""19"":5,""20"":3,""21"":3,""22"":2,""23"":1,""24"":3,""3"":5,""4"":11,""5"":10,""7"":2,""8"":1,""9"":1}",189,6.35574632685354,71,0.071,"{""10"":189,""11"":83,""12"":36,""13"":5,""14"":6,""3"":71,""4"":110,""5"":99,""6"":43,""7"":79,""8"":127,""9"":152}","{""10"":8,""11"":39,""12"":30,""13"":81,""14"":130,""15"":97,""16"":128,""17"":61,""18"":29,""19"":30,""20"":14,""21"":32,""22"":11,""23"":5,""24"":15,""25"":1,""3"":71,""33"":1,""4"":68,""5"":86,""6"":31,""7"":21,""8"":5,""9"":6}","{""Diagonal CMA-ES"":{""attempts"":300,""discoveries"":0,""improvements"":0,""insertions"":0,""insertion_rate"":0.0},""Immigrant"":{""attempts"":149,""discoveries"":0,""improvements"":0,""insertions"":0,""insertion_rate"":0.0},""Morphology"":{""attempts"":311,""discoveries"":0,""improvements"":1,""insertions"":1,""insertion_rate"":0.003215434083601286},""Novelty"":{""attempts"":240,""discoveries"":0,""improvements"":1,""insertions"":1,""insertion_rate"":0.004166666666666667}}","{""Morphology"":206,""Novelty"":24}",1,0.9214659685863874,false,68000
41,148,149000,5.675443952,0.043993121,0.034408028,0.002300992,0.007284101,6.9109462310000005,80.06086,38.193535,7117.748337328434,184,0.9583333,60,5.085290542744048,5,0.02717391304347826,"{""10"":33,""11"":7,""12"":7,""13"":1,""3"":5,""4"":21,""5"":3,""6"":10,""7"":19,""8"":39,""9"":39}","{""10"":3,""11"":9,""12"":7,""13"":32,""14"":35,""15"":13,""16"":29,""17"":7,""18"":2,""19"":5,""20"":3,""21"":3,""22"":2,""23"":1,""24"":3,""3"":5,""4"":11,""5"":10,""7"":2,""8"":1,""9"":1}",193,6.284625735235315,74,0.074,"{""10"":173,""11"":55,""12"":41,""13"":11,""14"":3,""3"":74,""4"":120,""5"":83,""6"":47,""7"":82,""8"":138,""9"":173}","{""10"":9,""11"":41,""12"":30,""13"":97,""14"":143,""15"":95,""16"":118,""17"":34,""18"":35,""19"":33,""20"":14,""21"":25,""22"":16,""23"":7,""24"":13,""25"":2,""27"":3,""3"":74,""32"":1,""4"":65,""5"":91,""6"":24,""7"":21,""8"":2,""9"":7}","{""Diagonal CMA-ES"":{""attempts"":310,""discoveries"":0,""improvements"":1,""insertions"":1,""insertion_rate"":0.0032258064516129032},""Immigrant"":{""attempts"":147,""discoveries"":0,""improvements"":0,""insertions"":0,""insertion_rate"":0.0},""Morphology"":{""attempts"":281,""discoveries"":0,""improvements"":1,""insertions"":1,""insertion_rate"":0.0035587188612099642},""Novelty"":{""attempts"":262,""discoveries"":0,""improvements"":0,""insertions"":0,""insertion_rate"":0.0}}","{""Morphology"":187,""Novelty"":42}",0,0.9214659685863874,false,69000
41,149,150000,5.722046764,0.04660281199999999,0.035123971,0.004525997,0.006952844,6.96869544,80.06086,38.193535,7117.748337328434,184,0.9583333,60,5.085290542744045,5,0.02717391304347826,"{""10"":33,""11"":7,""12"":7,""13"":1,""3"":5,""4"":21,""5"":3,""6"":10,""7"":19,""8"":39,""9"":39}","{""10"":3,""11"":9,""12"":7,""13"":32,""14"":35,""15"":13,""16"":29,""17"":7,""18"":2,""19"":5,""20"":3,""21"":3,""22"":2,""23"":1,""24"":3,""3"":5,""4"":11,""5"":10,""7"":2,""8"":1,""9"":1}",191,6.0682523380949895,69,0.069,"{""10"":189,""11"":69,""12"":33,""13"":17,""14"":2,""3"":69,""4"":124,""5"":96,""6"":28,""7"":45,""8"":111,""9"":217}","{""10"":7,""11"":23,""12"":15,""13"":80,""14"":176,""15"":93,""16"":135,""17"":59,""18"":24,""19"":23,""20"":14,""21"":22,""22"":14,""23"":6,""24"":9,""25"":2,""27"":1,""3"":69,""32"":1,""4"":78,""5"":89,""6"":39,""7"":11,""8"":5,""9"":5}","{""Diagonal CMA-ES"":{""attempts"":290,""discoveries"":0,""improvements"":0,""insertions"":0,""insertion_rate"":0.0},""Immigrant"":{""attempts"":152,""discoveries"":0,""improvements"":0,""insertions"":0,""insertion_rate"":0.0},""Morphology"":{""attempts"":308,""discoveries"":0,""improvements"":0,""insertions"":0,""insertion_rate"":0.0},""Novelty"":{""attempts"":250,""discoveries"":0,""improvements"":0,""insertions"":0,""insertion_rate"":0.0}}","{""Morphology"":219,""Novelty"":31}",0,0.921875,false,70000
41,150,151000,5.767065716,0.045018952,0.03399366,0.003599902,0.00742539,7.023287611,80.06086,38.193535,7117.748337328434,184,0.9583333,60,5.085290542744044,5,0.02717391304347826,"{""10"":33,""11"":7,""12"":7,""13"":1,""3"":5,""4"":21,""5"":3,""6"":10,""7"":19,""8"":39,""9"":39}","{""10"":3,""11"":9,""12"":7,""13"":32,""14"":35,""15"":13,""16"":29,""17"":7,""18"":2,""19"":5,""20"":3,""21"":3,""22"":2,""23"":1,""24"":3,""3"":5,""4"":11,""5"":10,""7"":2,""8"":1,""9"":1}",180,6.028013139445637,56,0.056,"{""10"":219,""11"":61,""12"":30,""13"":9,""14"":2,""3"":56,""4"":101,""5"":98,""6"":26,""7"":50,""8"":119,""9"":229}","{""10"":8,""11"":22,""12"":17,""13"":82,""14"":177,""15"":96,""16"":155,""17"":75,""18"":25,""19"":23,""20"":15,""21"":23,""22"":9,""23"":1,""24"":8,""25"":2,""27"":1,""3"":56,""4"":62,""5"":71,""6"":43,""7"":19,""8"":8,""9"":2}","{""Diagonal CMA-ES"":{""attempts"":278,""discoveries"":0,""improvements"":0,""insertions"":0,""insertion_rate"":0.0},""Immigrant"":{""attempts"":141,""discoveries"":0,""improvements"":0,""insertions"":0,""insertion_rate"":0.0},""Morphology"":{""attempts"":323,""discoveries"":0,""improvements"":0,""insertions"":0,""insertion_rate"":0.0},""Novelty"":{""attempts"":258,""discoveries"":0,""improvements"":0,""insertions"":0,""insertion_rate"":0.0}}","{""Morphology"":218,""Novelty"":21}",0,0.9222797927461139,false,71000
41,151,152000,5.810062691000001,0.04299697500000001,0.032600954,0.003225901,0.00717012,7.076501324,80.06086,38.193535,7134.381558001041,184,0.9583333,60,5.082969696607268,5,0.02717391304347826,"{""10"":33,""11"":7,""12"":7,""13"":1,""3"":5,""4"":22,""5"":3,""6"":9,""7"":19,""8"":39,""9"":39}","{""10"":3,""11"":8,""12"":7,""13"":32,""14"":35,""15"":13,""16"":29,""17"":7,""18"":2,""19"":5,""20"":3,""21"":3,""22"":2,""23"":1,""24"":3,""3"":5,""4"":12,""5"":10,""7"":2,""8"":1,""9"":1}",204,6.142015103356251,63,0.063,"{""10"":203,""11"":72,""12"":32,""13"":11,""14"":3,""3"":63,""4"":128,""5"":88,""6"":25,""7"":55,""8"":140,""9"":180}","{""10"":12,""11"":23,""12"":20,""13"":107,""14"":151,""15"":85,""16"":143,""17"":65,""18"":23,""19"":18,""20"":15,""21"":23,""22"":12,""23"":1,""24"":13,""25"":4,""27"":2,""3"":63,""4"":79,""5"":74,""6"":41,""7"":13,""8"":10,""9"":3}","{""Diagonal CMA-ES"":{""attempts"":302,""discoveries"":0,""improvements"":0,""insertions"":0,""insertion_rate"":0.0},""Immigrant"":{""attempts"":141,""discoveries"":0,""improvements"":0,""insertions"":0,""insertion_rate"":0.0},""Morphology"":{""attempts"":304,""discoveries"":0,""improvements"":2,""insertions"":2,""insertion_rate"":0.006578947368421052},""Novelty"":{""attempts"":253,""discoveries"":0,""improvements"":0,""insertions"":0,""insertion_rate"":0.0}}","{""Morphology"":206,""Novelty"":28}",0,0.9222797927461139,false,72000
41,152,153000,5.8568281650000005,0.046765474,0.036025135,0.003244898,0.007495441,7.133329187,80.06086,38.193535,7141.181135237217,184,0.9583333,61,5.095216662535574,4,0.021739130434782608,"{""10"":34,""11"":7,""12"":7,""13"":1,""3"":4,""4"":23,""5"":2,""6"":9,""7"":19,""8"":40,""9"":38}","{""10"":3,""11"":8,""12"":7,""13"":32,""14"":34,""15"":13,""16"":30,""17"":7,""18"":2,""19"":5,""20"":4,""21"":3,""22"":2,""23"":1,""24"":3,""3"":4,""4"":12,""5"":11,""7"":1,""8"":1,""9"":1}",203,6.128553391942453,53,0.053,"{""10"":196,""11"":78,""12"":33,""13"":18,""14"":5,""3"":53,""4"":133,""5"":75,""6"":23,""7"":49,""8"":126,""9"":211}","{""10"":7,""11"":19,""12"":13,""13"":96,""14"":167,""15"":90,""16"":147,""17"":66,""18"":22,""19"":21,""20"":25,""21"":19,""22"":17,""23"":3,""24"":15,""25"":3,""26"":1,""27"":1,""3"":53,""30"":1,""4"":80,""5"":78,""6"":34,""7"":8,""8"":10,""9"":4}","{""Diagonal CMA-ES"":{""attempts"":303,""discoveries"":0,""improvements"":1,""insertions"":1,""insertion_rate"":0.0033003300330033004},""Immigrant"":{""attempts"":135,""discoveries"":0,""improvements"":0,""insertions"":0,""insertion_rate"":0.0},""Morphology"":{""attempts"":302,""discoveries"":0,""improvements"":3,""insertions"":3,""insertion_rate"":0.009933774834437087},""Novelty"":{""attempts"":260,""discoveries"":0,""improvements"":1,""insertions"":1,""insertion_rate"":0.0038461538461538464}}","{""Morphology"":207,""Novelty"":35}",1,0.9222797927461139,false,73000
41,153,154000,5.900500715000001,0.043672550000000004,0.032935773,0.003395685,0.007341092,7.186684189,80.06086,38.193535,7148.779432356358,184,0.9583333,60,5.0705128444749334,4,0.021739130434782608,"{""10"":35,""11"":6,""12"":7,""13"":2,""3"":4,""4"":22,""5"":2,""6"":9,""7"":19,""8"":40,""9"":38}","{""10"":3,""11"":8,""12"":7,""13"":32,""14"":34,""15"":13,""16"":31,""17"":6,""18"":2,""19"":5,""20"":5,""21"":3,""22"":3,""23"":1,""24"":2,""3"":4,""4"":12,""5"":10,""7"":1,""8"":1,""9"":1}",185,5.986145213859183,55,0.055,"{""10"":207,""11"":71,""12"":27,""13"":19,""14"":1,""3"":55,""4"":141,""5"":79,""6"":14,""7"":47,""8"":98,""9"":241}","{""10"":11,""11"":15,""12"":9,""13"":71,""14"":201,""15"":83,""16"":145,""17"":65,""18"":25,""19"":15,""20"":20,""21"":20,""22"":20,""23"":5,""24"":13,""25"":1,""27"":1,""3"":55,""30"":1,""4"":79,""5"":87,""6"":34,""7"":16,""8"":6,""9"":2}","{""Diagonal CMA-ES"":{""attempts"":315,""discoveries"":0,""improvements"":0,""insertions"":0,""insertion_rate"":0.0},""Immigrant"":{""attempts"":154,""discoveries"":0,""improvements"":0,""insertions"":0,""insertion_rate"":0.0},""Morphology"":{""attempts"":296,""discoveries"":0,""improvements"":2,""insertions"":2,""insertion_rate"":0.006756756756756757},""Novelty"":{""attempts"":235,""discoveries"":0,""improvements"":1,""insertions"":1,""insertion_rate"":0.00425531914893617}}","{""Morphology"":199,""Novelty"":36}",1,0.9222797927461139,false,74000
41,154,155000,5.945430619000001,0.04492990400000001,0.034012657,0.003431305,0.007485942,7.2416373,80.06086,38.193535,7153.098478376865,184,0.9583333,60,5.085271695209275,4,0.021739130434782608,"{""10"":35,""11"":6,""12"":7,""13"":2,""3"":4,""4"":22,""5"":2,""6"":9,""7"":19,""8"":39,""9"":39}","{""10"":3,""11"":8,""12"":7,""13"":31,""14"":35,""15"":13,""16"":31,""17"":6,""18"":2,""19"":5,""20"":5,""21"":3,""22"":3,""23"":1,""24"":2,""3"":4,""4"":12,""5"":10,""7"":1,""8"":1,""9"":1}",187,5.999009021626336,58,0.058,"{""10"":204,""11"":68,""12"":28,""13"":20,""14"":5,""3"":58,""4"":117,""5"":97,""6"":24,""7"":45,""8"":116,""9"":218}","{""10"":8,""11"":20,""12"":14,""13"":89,""14"":172,""15"":83,""16"":156,""17"":66,""18"":22,""19"":14,""20"":20,""21"":24,""22"":17,""23"":6,""24"":7,""25"":2,""26"":1,""27"":2,""3"":58,""33"":1,""4"":81,""5"":81,""6"":29,""7"":14,""8"":10,""9"":3}","{""Diagonal CMA-ES"":{""attempts"":289,""discoveries"":0,""improvements"":0,""insertions"":0,""insertion_rate"":0.0},""Immigrant"":{""attempts"":160,""discoveries"":0,""improvements"":0,""insertions"":0,""insertion_rate"":0.0},""Morphology"":{""attempts"":294,""discoveries"":0,""improvements"":1,""insertions"":1,""insertion_rate"":0.003401360544217687},""Novelty"":{""attempts"":257,""discoveries"":0,""improvements"":0,""insertions"":0,""insertion_rate"":0.0}}","{""Morphology"":196,""Novelty"":36}",0,0.9222797927461139,false,75000
41,155,156000,5.994461466000001,0.049030847,0.038314254,0.003280517,0.007436076,7.300404027,80.06086,38.193535,7158.0715389847755,184,0.9583333,60,5.0852716952092765,4,0.021739130434782608,"{""10"":35,""11"":6,""12"":7,""13"":2,""3"":4,""4"":22,""5"":2,""6"":9,""7"":19,""8"":39,""9"":39}","{""10"":3,""11"":8,""12"":7,""13"":31,""14"":35,""15"":13,""16"":31,""17"":6,""18"":2,""19"":5,""20"":5,""21"":3,""22"":3,""23"":1,""24"":2,""3"":4,""4"":12,""5"":10,""7"":1,""8"":1,""9"":1}",190,6.154279685447278,52,0.052,"{""10"":212,""11"":73,""12"":36,""13"":18,""14"":6,""3"":52,""4"":124,""5"":95,""6"":23,""7"":52,""8"":107,""9"":202}","{""10"":8,""11"":23,""12"":19,""13"":72,""14"":161,""15"":90,""16"":161,""17"":67,""18"":27,""19"":19,""20"":27,""21"":19,""22"":16,""23"":3,""24"":7,""25"":1,""27"":2,""3"":52,""30"":2,""32"":2,""4"":75,""5"":78,""6"":41,""7"":19,""8"":6,""9"":3}","{""Diagonal CMA-ES"":{""attempts"":288,""discoveries"":0,""improvements"":0,""insertions"":0,""insertion_rate"":0.0},""Immigrant"":{""attempts"":161,""discoveries"":0,""improvements"":0,""insertions"":0,""insertion_rate"":0.0},""Morphology"":{""attempts"":302,""discoveries"":0,""improvements"":1,""insertions"":1,""insertion_rate"":0.0033112582781456954},""Novelty"":{""attempts"":249,""discoveries"":0,""improvements"":0,""insertions"":0,""insertion_rate"":0.0}}","{""Morphology"":215,""Novelty"":26}",0,0.9226804123711341,false,76000
41,156,157000,6.039121852000001,0.044660386,0.033920047,0.003225901,0.007514438,7.354896466,80.06086,38.193535,7158.284868299961,184,0.9583333,60,5.0852716952092765,4,0.021739130434782608,"{""10"":35,""11"":6,""12"":7,""13"":2,""3"":4,""4"":22,""5"":2,""6"":9,""7"":19,""8"":39,""9"":39}","{""10"":3,""11"":8,""12"":7,""13"":31,""14"":35,""15"":13,""16"":31,""17"":6,""18"":2,""19"":5,""20"":5,""21"":3,""22"":3,""23"":1,""24"":2,""3"":4,""4"":12,""5"":10,""7"":1,""8"":1,""9"":1}",184,6.03287033867205,76,0.076,"{""10"":194,""11"":82,""12"":31,""13"":13,""14"":4,""3"":76,""4"":115,""5"":89,""6"":22,""7"":42,""8"":107,""9"":225}","{""10"":9,""11"":20,""12"":14,""13"":73,""14"":192,""15"":78,""16"":139,""17"":66,""18"":26,""19"":22,""20"":23,""21"":21,""22"":12,""23"":2,""24"":15,""25"":4,""3"":76,""30"":1,""4"":69,""5"":81,""6"":27,""7"":22,""8"":5,""9"":3}","{""Diagonal CMA-ES"":{""attempts"":305,""discoveries"":0,""improvements"":0,""insertions"":0,""insertion_rate"":0.0},""Immigrant"":{""attempts"":153,""discoveries"":0,""improvements"":0,""insertions"":0,""insertion_rate"":0.0},""Morphology"":{""attempts"":282,""discoveries"":0,""improvements"":1,""insertions"":1,""insertion_rate"":0.0035460992907801418},""Novelty"":{""attempts"":260,""discoveries"":0,""improvements"":0,""insertions"":0,""insertion_rate"":0.0}}","{""Morphology"":190,""Novelty"":25}",0,0.9230769230769231,false,77000
41,157,158000,6.086599707000001,0.047477855,0.036732767,0.003312574,0.007432514,7.412789338,80.06086,38.193535,7161.161226332188,184,0.9583333,59,5.0589974188172295,4,0.021739130434782608,"{""10"":35,""11"":6,""12"":7,""13"":2,""3"":4,""4"":22,""5"":2,""6"":9,""7"":19,""8"":39,""9"":39}","{""10"":3,""11"":8,""12"":7,""13"":31,""14"":35,""15"":13,""16"":31,""17"":6,""18"":2,""19"":5,""20"":5,""21"":3,""22"":3,""23"":1,""24"":2,""3"":4,""4"":12,""5"":10,""7"":1,""8"":1,""9"":1}",188,5.958002652944236,54,0.054,"{""10"":203,""11"":65,""12"":32,""13"":16,""14"":1,""3"":54,""4"":137,""5"":75,""6"":26,""7"":45,""8"":108,""9"":238}","{""10"":8,""11"":21,""12"":15,""13"":75,""14"":193,""15"":81,""16"":152,""17"":56,""18"":30,""19"":18,""20"":22,""21"":25,""22"":14,""23"":3,""24"":8,""25"":2,""27"":3,""3"":54,""33"":2,""4"":89,""5"":86,""6"":26,""7"":10,""8"":3,""9"":4}","{""Diagonal CMA-ES"":{""attempts"":311,""discoveries"":0,""improvements"":0,""insertions"":0,""insertion_rate"":0.0},""Immigrant"":{""attempts"":151,""discoveries"":0,""improvements"":0,""insertions"":0,""insertion_rate"":0.0},""Morphology"":{""attempts"":301,""discoveries"":0,""improvements"":1,""insertions"":1,""insertion_rate"":0.0033222591362126247},""Novelty"":{""attempts"":237,""discoveries"":0,""improvements"":0,""insertions"":0,""insertion_rate"":0.0}}","{""Morphology"":198,""Novelty"":28}",0,0.9230769230769231,false,78000
41,158,159000,6.131962976000001,0.045363269000000005,0.03454813,0.003422993,0.007392146,7.467708018,80.06086,38.193535,7161.161226332188,184,0.9583333,59,5.058997418817228,4,0.021739130434782608,"{""10"":35,""11"":6,""12"":7,""13"":2,""3"":4,""4"":22,""5"":2,""6"":9,""7"":19,""8"":39,""9"":39}","{""10"":3,""11"":8,""12"":7,""13"":31,""14"":35,""15"":13,""16"":31,""17"":6,""18"":2,""19"":5,""20"":5,""21"":3,""22"":3,""23"":1,""24"":2,""3"":4,""4"":12,""5"":10,""7"":1,""8"":1,""9"":1}",187,6.30249043662884,73,0.073,"{""10"":185,""11"":76,""12"":39,""13"":12,""14"":2,""3"":73,""4"":129,""5"":71,""6"":50,""7"":80,""8"":137,""9"":146}","{""10"":9,""11"":45,""12"":29,""13"":81,""14"":124,""15"":96,""16"":122,""17"":58,""18"":28,""19"":35,""20"":35,""21"":26,""22"":16,""23"":6,""24"":4,""25"":3,""27"":1,""3"":73,""30"":1,""4"":72,""5"":81,""6"":28,""7"":14,""8"":4,""9"":9}","{""Diagonal CMA-ES"":{""attempts"":329,""discoveries"":0,""improvements"":0,""insertions"":0,""insertion_rate"":0.0},""Immigrant"":{""attempts"":155,""discoveries"":0,""improvements"":0,""insertions"":0,""insertion_rate"":0.0},""Morphology"":{""attempts"":292,""discoveries"":0,""improvements"":0,""insertions"":0,""insertion_rate"":0.0},""Novelty"":{""attempts"":224,""discoveries"":0,""improvements"":0,""insertions"":0,""insertion_rate"":0.0}}","{""Morphology"":206,""Novelty"":27}",0,0.9230769230769231,false,79000
41,159,160000,6.178754568000001,0.046791592,0.035792422,0.00345505,0.00754412,7.524292483,80.06086,38.193535,7175.878624022007,184,0.9583333,59,5.053096000913521,4,0.021739130434782608,"{""10"":36,""11"":6,""12"":7,""13"":2,""3"":4,""4"":21,""5"":2,""6"":9,""7"":19,""8"":39,""9"":39}","{""10"":3,""11"":8,""12"":7,""13"":31,""14"":34,""15"":13,""16"":32,""17"":7,""18"":2,""19"":5,""20"":5,""21"":3,""22"":3,""23"":1,""24"":2,""3"":4,""4"":12,""5"":9,""7"":1,""8"":1,""9"":1}",191,6.319827069324506,70,0.07,"{""10"":211,""11"":66,""12"":40,""13"":21,""14"":1,""3"":70,""4"":121,""5"":75,""6"":43,""7"":79,""8"":124,""9"":149}","{""10"":8,""11"":36,""12"":24,""13"":81,""14"":126,""15"":109,""16"":142,""17"":38,""18"":30,""19"":36,""20"":30,""21"":28,""22"":21,""23"":3,""24"":8,""25"":2,""3"":70,""30"":4,""4"":75,""5"":77,""6"":29,""7"":14,""8"":2,""9"":7}","{""Diagonal CMA-ES"":{""attempts"":290,""discoveries"":0,""improvements"":0,""insertions"":0,""insertion_rate"":0.0},""Immigrant"":{""attempts"":150,""discoveries"":0,""improvements"":0,""insertions"":0,""insertion_rate"":0.0},""Morphology"":{""attempts"":300,""discoveries"":0,""improvements"":2,""insertions"":2,""insertion_rate"":0.006666666666666667},""Novelty"":{""attempts"":260,""discoveries"":0,""improvements"":0,""insertions"":0,""insertion_rate"":0.0}}","{""Morphology"":204,""Novelty"":40}",0,0.9230769230769231,false,80000
41,160,161000,6.222883041000001,0.044128472999999994,0.032872845,0.003355317,0.007900311,7.578749302,80.06086,38.193535,7175.883949756622,184,0.9583333,59,5.053096000913525,4,0.021739130434782608,"{""10"":36,""11"":6,""12"":7,""13"":2,""3"":4,""4"":21,""5"":2,""6"":9,""7"":19,""8"":39,""9"":39}","{""10"":3,""11"":8,""12"":7,""13"":31,""14"":34,""15"":13,""16"":32,""17"":7,""18"":2,""19"":5,""20"":5,""21"":3,""22"":3,""23"":1,""24"":2,""3"":4,""4"":12,""5"":9,""7"":1,""8"":1,""9"":1}",176,6.274454687842471,59,0.059,"{""10"":186,""11"":94,""12"":45,""13"":21,""14"":1,""3"":59,""4"":106,""5"":74,""6"":41,""7"":78,""8"":120,""9"":175}","{""10"":7,""11"":36,""12"":29,""13"":77,""14"":149,""15"":97,""16"":136,""17"":40,""18"":34,""19"":34,""20"":26,""21"":28,""22"":22,""23"":4,""24"":32,""25"":3,""27"":2,""3"":59,""4"":64,""5"":68,""6"":38,""7"":8,""8"":2,""9"":5}","{""Diagonal CMA-ES"":{""attempts"":316,""discoveries"":0,""improvements"":1,""insertions"":1,""insertion_rate"":0.0031645569620253164},""Immigrant"":{""attempts"":126,""discoveries"":0,""improvements"":0,""insertions"":0,""insertion_rate"":0.0},""Morphology"":{""attempts"":295,""discoveries"":0,""improvements"":0,""insertions"":0,""insertion_rate"":0.0},""Novelty"":{""attempts"":263,""discoveries"":0,""improvements"":0,""insertions"":0,""insertion_rate"":0.0}}","{""Morphology"":202,""Novelty"":29}",0,0.9230769230769231,false,81000
41,161,162000,6.270556800000001,0.047673758999999996,0.037148322,0.003206904,0.007318533,7.63567571,80.06086,38.193535,7185.522112369537,184,0.9583333,60,5.063965566130915,4,0.021739130434782608,"{""10"":37,""11"":6,""12"":7,""13"":2,""3"":4,""4"":21,""5"":2,""6"":9,""7"":18,""8"":39,""9"":39}","{""10"":3,""11"":7,""12"":7,""13"":31,""14"":34,""15"":13,""16"":32,""17"":7,""18"":3,""19"":5,""20"":5,""21"":3,""22"":3,""23"":1,""24"":2,""3"":4,""4"":12,""5"":9,""7"":1,""8"":1,""9"":1}",186,6.065942520821002,50,0.05,"{""10"":227,""11"":61,""12"":32,""13"":14,""14"":5,""3"":50,""4"":131,""5"":83,""6"":27,""7"":46,""8"":107,""9"":217}","{""10"":7,""11"":23,""12"":13,""13"":80,""14"":184,""15"":98,""16"":154,""17"":46,""18"":29,""19"":17,""20"":25,""21"":19,""22"":16,""23"":4,""24"":11,""25"":1,""26"":1,""27"":1,""3"":50,""32"":1,""4"":75,""5"":80,""6"":38,""7"":15,""8"":7,""9"":5}","{""Diagonal CMA-ES"":{""attempts"":311,""discoveries"":0,""improvements"":0,""insertions"":0,""insertion_rate"":0.0},""Immigrant"":{""attempts"":141,""discoveries"":0,""improvements"":0,""insertions"":0,""insertion_rate"":0.0},""Morphology"":{""attempts"":289,""discoveries"":0,""improvements"":1,""insertions"":1,""insertion_rate"":0.0034602076124567475},""Novelty"":{""attempts"":259,""discoveries"":0,""improvements"":0,""insertions"":0,""insertion_rate"":0.0}}","{""Morphology"":201,""Novelty"":26}",1,0.9230769230769231,false,82000
41,162,163000,6.3139099650000015,0.043353165,0.033500929,0.00280797,0.007044266,7.688300521,80.06086,38.193535,7198.9944434165955,184,0.9583333,61,5.0789377808165845,4,0.021739130434782608,"{""10"":37,""11"":6,""12"":7,""13"":2,""3"":4,""4"":21,""5"":3,""6"":9,""7"":17,""8"":39,""9"":39}","{""10"":3,""11"":7,""12"":6,""13"":31,""14"":34,""15"":13,""16"":32,""17"":7,""18"":3,""19"":5,""20"":5,""21"":3,""22"":3,""23"":1,""24"":2,""3"":4,""4"":12,""5"":10,""7"":1,""8"":1,""9"":1}",186,6.0583515123857214,55,0.055,"{""10"":208,""11"":71,""12"":35,""13"":12,""14"":2,""3"":55,""4"":126,""5"":80,""6"":21,""7"":52,""8"":111,""9"":227}","{""10"":8,""11"":20,""12"":17,""13"":74,""14"":184,""15"":89,""16"":160,""17"":63,""18"":28,""19"":23,""20"":25,""21"":18,""22"":14,""23"":2,""24"":10,""3"":55,""32"":1,""4"":88,""5"":61,""6"":44,""7"":7,""8"":7,""9"":2}","{""Diagonal CMA-ES"":{""attempts"":289,""discoveries"":0,""improvements"":0,""insertions"":0,""insertion_rate"":0.0},""Immigrant"":{""attempts"":145,""discoveries"":0,""improvements"":0,""insertions"":0,""insertion_rate"":0.0},""Morphology"":{""attempts"":301,""discoveries"":0,""improvements"":2,""insertions"":2,""insertion_rate"":0.006644518272425249},""Novelty"":{""attempts"":265,""discoveries"":0,""improvements"":0,""insertions"":0,""insertion_rate"":0.0}}","{""Morphology"":198,""Novelty"":39}",1,0.9230769230769231,false,83000
41,163,164000,6.356300228000001,0.042390263000000004,0.031799524,0.002891082,0.007699657,7.739288042,80.06086,38.193535,7207.571439266205,184,0.9583333,63,5.12625489985634,4,0.021739130434782608,"{""10"":37,""11"":6,""12"":7,""13"":2,""3"":4,""4"":21,""5"":3,""6"":9,""7"":17,""8"":38,""9"":40}","{""10"":3,""11"":7,""12"":6,""13"":30,""14"":35,""15"":13,""16"":33,""17"":7,""18"":3,""19"":5,""20"":5,""21"":2,""22"":3,""23"":1,""24"":2,""3"":4,""4"":12,""5"":10,""7"":1,""8"":1,""9"":1}",193,5.999600525479105,55,0.055,"{""10"":175,""11"":65,""12"":24,""13"":17,""14"":3,""3"":55,""4"":156,""5"":99,""6"":17,""7"":89,""8"":101,""9"":199}","{""10"":9,""11"":12,""12"":63,""13"":72,""14"":158,""15"":70,""16"":127,""17"":55,""18"":33,""19"":15,""20"":25,""21"":23,""22"":13,""23"":3,""24"":5,""25"":2,""3"":55,""4"":118,""5"":77,""6"":32,""7"":19,""8"":11,""9"":3}","{""Diagonal CMA-ES"":{""attempts"":306,""discoveries"":0,""improvements"":0,""insertions"":0,""insertion_rate"":0.0},""Immigrant"":{""attempts"":155,""discoveries"":0,""improvements"":0,""insertions"":0,""insertion_rate"":0.0},""Morphology"":{""attempts"":290,""discoveries"":0,""improvements"":3,""insertions"":3,""insertion_rate"":0.010344827586206896},""Novelty"":{""attempts"":249,""discoveries"":0,""improvements"":0,""insertions"":0,""insertion_rate"":0.0}}","{""Morphology"":200,""Novelty"":18}",2,0.9230769230769231,false,84000
41,164,165000,6.403107256000001,0.046807027999999994,0.036773135,0.003299513,0.00673438,7.79602567,80.06086,38.193535,7222.846528530121,184,0.9583333,63,5.114561809812669,4,0.021739130434782608,"{""10"":37,""11"":6,""12"":7,""13"":2,""3"":4,""4"":21,""5"":3,""6"":9,""7"":17,""8"":38,""9"":40}","{""10"":3,""11"":7,""12"":6,""13"":30,""14"":35,""15"":13,""16"":33,""17"":7,""18"":3,""19"":5,""20"":5,""21"":2,""22"":3,""23"":1,""24"":2,""3"":4,""4"":12,""5"":10,""7"":1,""8"":1,""9"":1}",194,6.178021879108352,52,0.052,"{""10"":202,""11"":95,""12"":33,""13"":17,""14"":2,""3"":52,""4"":151,""5"":88,""6"":19,""7"":44,""8"":104,""9"":193}","{""10"":12,""11"":15,""12"":11,""13"":76,""14"":152,""15"":76,""16"":156,""17"":59,""18"":30,""19"":20,""20"":25,""21"":13,""22"":13,""23"":2,""24"":30,""25"":7,""26"":3,""27"":1,""29"":1,""3"":52,""32"":1,""4"":105,""5"":75,""6"":36,""7"":15,""8"":11,""9"":3}","{""Diagonal CMA-ES"":{""attempts"":301,""discoveries"":0,""improvements"":0,""insertions"":0,""insertion_rate"":0.0},""Immigrant"":{""attempts"":139,""discoveries"":0,""improvements"":0,""insertions"":0,""insertion_rate"":0.0},""Morphology"":{""attempts"":306,""discoveries"":0,""improvements"":3,""insertions"":3,""insertion_rate"":0.00980392156862745},""Novelty"":{""attempts"":254,""discoveries"":0,""improvements"":0,""insertions"":0,""insertion_rate"":0.0}}","{""Morphology"":202,""Novelty"":43}",0,0.923469387755102,false,85000
41,165,166000,6.4486260610000015,0.045518804999999996,0.035234391,0.003158224,0.00712619,7.849960075,80.06086,38.193535,7224.193474292755,184,0.9583333,62,5.092052519323125,4,0.021739130434782608,"{""10"":37,""11"":6,""12"":7,""13"":1,""3"":4,""4"":21,""5"":3,""6"":9,""7"":18,""8"":38,""9"":40}","{""10"":3,""11"":7,""12"":6,""13"":30,""14"":35,""15"":13,""16"":34,""17"":7,""18"":3,""19"":5,""20"":5,""21"":2,""22"":2,""23"":1,""24"":2,""3"":4,""4"":12,""5"":10,""7"":1,""8"":1,""9"":1}",198,6.164671382233514,63,0.063,"{""10"":216,""11"":90,""12"":38,""13"":8,""14"":1,""3"":63,""4"":163,""5"":87,""6"":19,""7"":46,""8"":83,""9"":186}","{""10"":10,""11"":15,""12"":13,""13"":59,""14"":145,""15"":86,""16"":155,""17"":56,""18"":44,""19"":18,""20"":16,""21"":18,""22"":7,""23"":4,""24"":26,""25"":7,""27"":4,""3"":63,""33"":1,""4"":121,""5"":76,""6"":32,""7"":13,""8"":10,""9"":1}","{""Diagonal CMA-ES"":{""attempts"":272,""discoveries"":0,""improvements"":0,""insertions"":0,""insertion_rate"":0.0},""Immigrant"":{""attempts"":156,""discoveries"":0,""improvements"":0,""insertions"":0,""insertion_rate"":0.0},""Morphology"":{""attempts"":315,""discoveries"":0,""improvements"":1,""insertions"":1,""insertion_rate"":0.0031746031746031746},""Novelty"":{""attempts"":257,""discoveries"":0,""improvements"":0,""insertions"":0,""insertion_rate"":0.0}}","{""Morphology"":214,""Novelty"":29}",0,0.9238578680203046,false,86000
41,166,167000,6.489574938000001,0.040948877,0.029548398,0.003190282,0.008210197,7.900648396,80.06086,38.193535,7225.098732471466,184,0.9583333,62,5.092052519323127,4,0.021739130434782608,"{""10"":37,""11"":6,""12"":7,""13"":1,""3"":4,""4"":21,""5"":3,""6"":9,""7"":18,""8"":38,""9"":40}","{""10"":3,""11"":7,""12"":6,""13"":30,""14"":35,""15"":13,""16"":34,""17"":7,""18"":3,""19"":5,""20"":5,""21"":2,""22"":2,""23"":1,""24"":2,""3"":4,""4"":12,""5"":10,""7"":1,""8"":1,""9"":1}",188,6.376190168680374,73,0.073,"{""10"":164,""11"":91,""12"":40,""13"":3,""3"":73,""4"":159,""5"":98,""6"":43,""7"":63,""8"":123,""9"":143}","{""10"":6,""11"":33,""12"":25,""13"":69,""14"":118,""15"":89,""16"":117,""17"":50,""18"":42,""19"":41,""20"":22,""21"":29,""22"":7,""23"":3,""24"":9,""25"":2,""27"":1,""3"":73,""4"":107,""5"":96,""6"":38,""7"":11,""8"":5,""9"":7}","{""Diagonal CMA-ES"":{""attempts"":278,""discoveries"":0,""improvements"":0,""insertions"":0,""insertion_rate"":0.0},""Immigrant"":{""attempts"":174,""discoveries"":0,""improvements"":0,""insertions"":0,""insertion_rate"":0.0},""Morphology"":{""attempts"":306,""discoveries"":0,""improvements"":1,""insertions"":1,""insertion_rate"":0.0032679738562091504},""Novelty"":{""attempts"":242,""discoveries"":0,""improvements"":0,""insertions"":0,""insertion_rate"":0.0}}","{""Morphology"":217,""Novelty"":37}",0,0.9246231155778895,false,87000
41,167,168000,6.536530380000001,0.046955442,0.035521718,0.00377681,0.007656914,7.959244152,80.06086,38.193535,7238.950075626373,184,0.9583333,61,5.065064463868539,4,0.021739130434782608,"{""10"":37,""11"":6,""12"":7,""13"":1,""3"":4,""4"":21,""5"":3,""6"":8,""7"":18,""8"":39,""9"":40}","{""10"":3,""11"":7,""12"":6,""13"":30,""14"":35,""15"":13,""16"":34,""17"":7,""18"":3,""19"":6,""20"":5,""21"":2,""22"":2,""23"":1,""24"":2,""3"":4,""4"":13,""5"":9,""7"":1,""8"":1}",200,6.397532208160723,80,0.08,"{""10"":171,""11"":85,""12"":40,""13"":10,""3"":80,""4"":132,""5"":95,""6"":44,""7"":73,""8"":115,""9"":155}","{""10"":7,""11"":34,""12"":26,""13"":73,""14"":134,""15"":86,""16"":123,""17"":56,""18"":33,""19"":33,""20"":27,""21"":18,""22"":6,""23"":9,""24"":15,""25"":1,""27"":2,""3"":80,""30"":3,""4"":78,""5"":95,""6"":36,""7"":15,""8"":3,""9"":7}","{""Diagonal CMA-ES"":{""attempts"":292,""discoveries"":0,""improvements"":0,""insertions"":0,""insertion_rate"":0.0},""Immigrant"":{""attempts"":177,""discoveries"":0,""improvements"":0,""insertions"":0,""insertion_rate"":0.0},""Morphology"":{""attempts"":301,""discoveries"":0,""improvements"":2,""insertions"":2,""insertion_rate"":0.006644518272425249},""Novelty"":{""attempts"":230,""discoveries"":0,""improvements"":0,""insertions"":0,""insertion_rate"":0.0}}","{""Morphology"":198,""Novelty"":27}",0,0.9246231155778895,false,88000
41,168,169000,6.580267043000001,0.043736662999999995,0.032762426,0.003044243,0.007929994,8.012302328,80.06086,38.193535,7250.03627204895,184,0.9583333,61,5.065064463868539,4,0.021739130434782608,"{""10"":37,""11"":6,""12"":7,""13"":1,""3"":4,""4"":20,""5"":3,""6"":8,""7"":18,""8"":39,""9"":41}","{""10"":3,""11"":7,""12"":6,""13"":30,""14"":35,""15"":13,""16"":34,""17"":7,""18"":3,""19"":6,""20"":6,""21"":2,""22"":2,""23"":1,""24"":2,""3"":4,""4"":12,""5"":9,""7"":1,""8"":1}",196,6.351319618464083,66,0.066,"{""10"":174,""11"":76,""12"":46,""13"":4,""14"":1,""3"":66,""4"":131,""5"":89,""6"":40,""7"":81,""8"":136,""9"":156}","{""10"":8,""11"":37,""12"":24,""13"":84,""14"":131,""15"":88,""16"":135,""17"":49,""18"":32,""19"":47,""20"":27,""21"":23,""22"":9,""23"":3,""24"":10,""25"":1,""27"":2,""3"":66,""30"":1,""4"":83,""5"":82,""6"":40,""7"":11,""8"":5,""9"":2}","{""Diagonal CMA-ES"":{""attempts"":309,""discoveries"":0,""improvements"":0,""insertions"":0,""insertion_rate"":0.0},""Immigrant"":{""attempts"":153,""discoveries"":0,""improvements"":0,""insertions"":0,""insertion_rate"":0.0},""Morphology"":{""attempts"":301,""discoveries"":0,""improvements"":3,""insertions"":3,""insertion_rate"":0.009966777408637873},""Novelty"":{""attempts"":237,""discoveries"":0,""improvements"":0,""insertions"":0,""insertion_rate"":0.0}}","{""Morphology"":201,""Novelty"":19}",2,0.9246231155778895,false,89000
41,169,170000,6.623450424000001,0.043183381,0.032648445,0.003249648,0.007285288,8.064800098,80.06086,38.193535,7253.500388741493,184,0.9583333,61,5.057946481056349,4,0.021739130434782608,"{""10"":37,""11"":6,""12"":7,""13"":1,""3"":4,""4"":20,""5"":3,""6"":8,""7"":18,""8"":40,""9"":40}","{""10"":3,""11"":7,""12"":6,""13"":31,""14"":34,""15"":13,""16"":34,""17"":7,""18"":3,""19"":6,""20"":6,""21"":2,""22"":2,""23"":1,""24"":2,""3"":4,""4"":12,""5"":9,""7"":1,""8"":1}",178,6.184886610612637,56,0.056,"{""10"":199,""11"":86,""12"":39,""13"":2,""3"":56,""4"":135,""5"":75,""6"":40,""7"":70,""8"":143,""9"":155}","{""10"":6,""11"":30,""12"":25,""13"":92,""14"":121,""15"":100,""16"":143,""17"":59,""18"":39,""19"":41,""20"":32,""21"":18,""22"":6,""23"":3,""24"":10,""25"":2,""26"":2,""27"":1,""3"":56,""32"":1,""4"":87,""5"":85,""6"":27,""7"":7,""8"":6,""9"":1}","{""Diagonal CMA-ES"":{""attempts"":297,""discoveries"":0,""improvements"":1,""insertions"":1,""insertion_rate"":0.003367003367003367},""Immigrant"":{""attempts"":142,""discoveries"":0,""improvements"":0,""insertions"":0,""insertion_rate"":0.0},""Morphology"":{""attempts"":323,""discoveries"":0,""improvements"":1,""insertions"":1,""insertion_rate"":0.0030959752321981426},""Novelty"":{""attempts"":238,""discoveries"":0,""improvements"":0,""insertions"":0,""insertion_rate"":0.0}}","{""Morphology"":196,""Novelty"":27}",0,0.9246231155778895,false,90000
41,170,171000,6.664621327000002,0.04117090300000001,0.031407714,0.002876834,0.006886355,8.113887935,80.06086,38.193535,7270.1100689172745,184,0.9583333,61,5.06471339680546,4,0.021739130434782608,"{""10"":37,""11"":7,""12"":7,""13"":1,""3"":4,""4"":19,""5"":3,""6"":8,""7"":18,""8"":40,""9"":40}","{""10"":3,""11"":7,""12"":6,""13"":31,""14"":34,""15"":13,""16"":34,""17"":7,""18"":4,""19"":6,""20"":6,""21"":2,""22"":2,""23"":1,""24"":2,""3"":4,""4"":12,""5"":8,""7"":1,""8"":1}",195,6.1401530945737655,50,0.05,"{""10"":249,""11"":94,""12"":31,""13"":6,""14"":1,""3"":50,""4"":121,""5"":80,""6"":18,""7"":50,""8"":114,""9"":186}","{""10"":6,""11"":17,""12"":11,""13"":79,""14"":154,""15"":89,""16"":192,""17"":69,""18"":36,""19"":21,""20"":21,""21"":24,""22"":6,""23"":6,""24"":11,""25"":3,""26"":2,""3"":50,""4"":71,""5"":81,""6"":32,""7"":16,""8"":2,""9"":1}","{""Diagonal CMA-ES"":{""attempts"":316,""discoveries"":0,""improvements"":0,""insertions"":0,""insertion_rate"":0.0},""Immigrant"":{""attempts"":127,""discoveries"":0,""improvements"":0,""insertions"":0,""insertion_rate"":0.0},""Morphology"":{""attempts"":313,""discoveries"":0,""improvements"":2,""insertions"":2,""insertion_rate"":0.006389776357827476},""Novelty"":{""attempts"":244,""discoveries"":0,""improvements"":0,""insertions"":0,""insertion_rate"":0.0}}","{""Morphology"":208,""Novelty"":27}",1,0.9246231155778895,false,91000
41,171,172000,6.703053124000002,0.038431797000000004,0.030937543,0.00316891,0.004325344,8.161148513,80.06086,38.434322,7286.390559792519,184,0.9583333,62,5.0975495053922355,4,0.021739130434782608,"{""10"":37,""11"":7,""12"":8,""13"":1,""3"":4,""4"":19,""5"":3,""6"":8,""7"":17,""8"":41,""9"":39}","{""10"":3,""11"":7,""12"":6,""13"":31,""14"":34,""15"":13,""16"":33,""17"":6,""18"":4,""19"":6,""20"":6,""21"":3,""22"":3,""23"":1,""24"":2,""3"":4,""4"":12,""5"":8,""7"":1,""8"":1}",195,6.129756926113955,71,0.071,"{""10"":217,""11"":99,""12"":33,""13"":4,""3"":71,""4"":115,""5"":98,""6"":19,""7"":56,""8"":101,""9"":187}","{""10"":16,""11"":19,""12"":14,""13"":62,""14"":154,""15"":85,""16"":171,""17"":69,""18"":39,""19"":24,""20"":24,""21"":14,""22"":3,""23"":5,""24"":11,""25"":4,""27"":1,""3"":71,""4"":76,""5"":83,""6"":38,""7"":12,""8"":4,""9"":1}","{""Diagonal CMA-ES"":{""attempts"":277,""discoveries"":0,""improvements"":0,""insertions"":0,""insertion_rate"":0.0},""Immigrant"":{""attempts"":178,""discoveries"":0,""improvements"":0,""insertions"":0,""insertion_rate"":0.0},""Morphology"":{""attempts"":298,""discoveries"":0,""improvements"":1,""insertions"":1,""insertion_rate"":0.003355704697986577},""Novelty"":{""attempts"":247,""discoveries"":0,""improvements"":1,""insertions"":1,""insertion_rate"":0.004048582995951417}}","{""Morphology"":203,""Novelty"":27}",1,0.9253731343283582,false,92000
41,172,173000,6.747662456000002,0.044609332,0.034096955,0.003160599,0.007351778,8.216215606,80.06086,38.434322,7286.390559792519,184,0.9583333,62,5.097549505392237,4,0.021739130434782608,"{""10"":37,""11"":7,""12"":8,""13"":1,""3"":4,""4"":19,""5"":3,""6"":8,""7"":17,""8"":41,""9"":39}","{""10"":3,""11"":7,""12"":6,""13"":31,""14"":34,""15"":13,""16"":33,""17"":6,""18"":4,""19"":6,""20"":6,""21"":3,""22"":3,""23"":1,""24"":2,""3"":4,""4"":12,""5"":8,""7"":1,""8"":1}",202,6.283434948496506,62,0.062,"{""10"":208,""11"":78,""12"":44,""13"":12,""3"":62,""4"":121,""5"":85,""6"":24,""7"":58,""8"":117,""9"":191}","{""10"":23,""11"":19,""12"":16,""13"":67,""14"":142,""15"":102,""16"":148,""17"":63,""18"":32,""19"":26,""20"":22,""21"":24,""22"":20,""23"":3,""24"":14,""25"":3,""26"":2,""27"":1,""3"":62,""32"":1,""4"":71,""5"":79,""6"":36,""7"":16,""8"":7,""9"":1}","{""Diagonal CMA-ES"":{""attempts"":283,""discoveries"":0,""improvements"":0,""insertions"":0,""insertion_rate"":0.0},""Immigrant"":{""attempts"":144,""discoveries"":0,""improvements"":0,""insertions"":0,""insertion_rate"":0.0},""Morphology"":{""attempts"":317,""discoveries"":0,""improvements"":0,""insertions"":0,""insertion_rate"":0.0},""Novelty"":{""attempts"":256,""discoveries"":0,""improvements"":0,""insertions"":0,""insertion_rate"":0.0}}","{""Morphology"":213,""Novelty"":34}",0,0.9253731343283582,false,93000
41,173,174000,6.788395244000002,0.04073278799999999,0.034339164,0.002054033,0.004339591,8.265386553999999,80.06086,39.61525,7292.88093149662,184,0.9583333,61,5.088550819851275,4,0.021739130434782608,"{""10"":38,""11"":7,""12"":8,""13"":1,""3"":4,""4"":20,""5"":3,""6"":8,""7"":17,""8"":41,""9"":37}","{""10"":3,""11"":7,""12"":6,""13"":30,""14"":33,""15"":14,""16"":33,""17"":6,""18"":4,""19"":6,""20"":6,""21"":3,""22"":3,""23"":1,""24"":2,""3"":4,""4"":12,""5"":9,""7"":1,""8"":1}",204,6.269596436909841,51,0.051,"{""10"":208,""11"":102,""12"":36,""13"":15,""3"":51,""4"":114,""5"":66,""6"":26,""7"":63,""8"":123,""9"":196}","{""10"":21,""11"":23,""12"":18,""13"":77,""14"":160,""15"":89,""16"":154,""17"":81,""18"":39,""19"":24,""20"":17,""21"":18,""22"":19,""23"":7,""24"":11,""25"":3,""27"":2,""28"":1,""3"":51,""30"":1,""32"":1,""4"":76,""5"":60,""6"":29,""7"":12,""8"":3,""9"":3}","{""Diagonal CMA-ES"":{""attempts"":286,""discoveries"":0,""improvements"":0,""insertions"":0,""insertion_rate"":0.0},""Immigrant"":{""attempts"":136,""discoveries"":0,""improvements"":0,""insertions"":0,""insertion_rate"":0.0},""Morphology"":{""attempts"":296,""discoveries"":0,""improvements"":3,""insertions"":3,""insertion_rate"":0.010135135135135136},""Novelty"":{""attempts"":282,""discoveries"":0,""improvements"":0,""insertions"":0,""insertion_rate"":0.0}}","{""Morphology"":205,""Novelty"":36}",0,0.9257425742574258,false,94000
41,174,175000,6.832958271000002,0.044563027,0.034854454,0.002848339,0.006860234,8.31770979,80.06086,39.61525,7309.08263027668,184,0.9583333,61,5.0839054232628325,4,0.021739130434782608,"{""10"":38,""11"":7,""12"":8,""13"":1,""3"":4,""4"":21,""5"":3,""6"":6,""7"":17,""8"":42,""9"":37}","{""10"":3,""11"":7,""12"":4,""13"":30,""14"":33,""15"":14,""16"":33,""17"":6,""18"":4,""19"":6,""20"":6,""21"":4,""22"":3,""23"":1,""24"":2,""3"":4,""4"":12,""5"":10,""7"":1,""8"":1}",194,6.149606871659413,58,0.058,"{""10"":204,""11"":80,""12"":46,""13"":15,""14"":1,""3"":58,""4"":122,""5"":85,""6"":23,""7"":58,""8"":113,""9"":195}","{""10"":14,""11"":21,""12"":12,""13"":65,""14"":160,""15"":85,""16"":169,""17"":58,""18"":26,""19"":29,""20"":25,""21"":18,""22"":24,""23"":11,""24"":8,""25"":4,""26"":2,""3"":58,""4"":83,""5"":69,""6"":38,""7"":16,""8"":2,""9"":3}","{""Diagonal CMA-ES"":{""attempts"":304,""discoveries"":0,""improvements"":1,""insertions"":1,""insertion_rate"":0.003289473684210526},""Immigrant"":{""attempts"":142,""discoveries"":0,""improvements"":0,""insertions"":0,""insertion_rate"":0.0},""Morphology"":{""attempts"":298,""discoveries"":0,""improvements"":2,""insertions"":2,""insertion_rate"":0.006711409395973154},""Novelty"":{""attempts"":256,""discoveries"":0,""improvements"":0,""insertions"":0,""insertion_rate"":0.0}}","{""Morphology"":197,""Novelty"":30}",0,0.9261083743842364,false,95000
41,175,176000,6.875876884000002,0.04291861300000001,0.031800711,0.003357692,0.00776021,8.36969227,80.06086,39.808994,7348.643468976021,184,0.9583333,62,5.091489231394633,4,0.021739130434782608,"{""10"":37,""11"":8,""12"":8,""13"":1,""3"":4,""4"":20,""5"":3,""6"":6,""7"":17,""8"":43,""9"":37}","{""10"":3,""11"":7,""12"":4,""13"":31,""14"":33,""15"":14,""16"":32,""17"":6,""18"":5,""19"":6,""20"":6,""21"":4,""22"":3,""23"":1,""24"":2,""3"":4,""4"":11,""5"":10,""7"":1,""8"":1}",200,6.159101838451576,63,0.063,"{""10"":191,""11"":92,""12"":40,""13"":12,""14"":2,""3"":63,""4"":141,""5"":83,""6"":16,""7"":59,""8"":117,""9"":184}","{""10"":15,""11"":20,""12"":8,""13"":74,""14"":144,""15"":71,""16"":158,""17"":63,""18"":35,""19"":25,""20"":25,""21"":27,""22"":17,""23"":6,""24"":12,""25"":3,""26"":4,""27"":1,""28"":1,""3"":63,""32"":1,""4"":89,""5"":90,""6"":32,""7"":11,""8"":2,""9"":3}","{""Diagonal CMA-ES"":{""attempts"":289,""discoveries"":0,""improvements"":0,""insertions"":0,""insertion_rate"":0.0},""Immigrant"":{""attempts"":161,""discoveries"":0,""improvements"":0,""insertions"":0,""insertion_rate"":0.0},""Morphology"":{""attempts"":318,""discoveries"":0,""improvements"":2,""insertions"":2,""insertion_rate"":0.006289308176100629},""Novelty"":{""attempts"":232,""discoveries"":0,""improvements"":1,""insertions"":1,""insertion_rate"":0.004310344827586207}}","{""Morphology"":205,""Novelty"":26}",1,0.9261083743842364,false,96000
41,176,177000,6.919237172000002,0.043360288,0.033779945,0.002804408,0.006775935,8.422518923,80.06086,40.317516,7382.385789990425,184,0.9583333,61,5.0568513631678025,4,0.021739130434782608,"{""10"":37,""11"":7,""12"":8,""13"":1,""3"":4,""4"":20,""5"":3,""6"":6,""7"":17,""8"":44,""9"":37}","{""10"":3,""11"":7,""12"":4,""13"":32,""14"":33,""15"":14,""16"":32,""17"":6,""18"":4,""19"":6,""20"":6,""21"":4,""22"":3,""23"":1,""24"":2,""3"":4,""4"":11,""5"":10,""7"":1,""8"":1}",197,6.235094474078198,54,0.054,"{""10"":211,""11"":97,""12"":36,""13"":13,""3"":54,""4"":114,""5"":89,""6"":22,""7"":49,""8"":116,""9"":199}","{""10"":10,""11"":20,""12"":9,""13"":72,""14"":159,""15"":90,""16"":152,""17"":73,""18"":33,""19"":22,""20"":21,""21"":29,""22"":11,""23"":12,""24"":14,""25"":1,""26"":6,""27"":1,""28"":1,""3"":54,""30"":1,""32"":1,""4"":78,""5"":73,""6"":37,""7"":10,""8"":9,""9"":1}","{""Diagonal CMA-ES"":{""attempts"":293,""discoveries"":0,""improvements"":0,""insertions"":0,""insertion_rate"":0.0},""Immigrant"":{""attempts"":134,""discoveries"":0,""improvements"":0,""insertions"":0,""insertion_rate"":0.0},""Morphology"":{""attempts"":301,""discoveries"":0,""improvements"":1,""insertions"":1,""insertion_rate"":0.0033222591362126247},""Novelty"":{""attempts"":272,""discoveries"":0,""improvements"":0,""insertions"":0,""insertion_rate"":0.0}}","{""Morphology"":211,""Novelty"":36}",0,0.9261083743842364,false,97000
41,177,178000,6.964006789000002,0.044769617,0.034507761,0.003233025,0.007028831,8.477926771,80.06086,40.38601,7417.270223736763,184,0.9583333,61,5.053305703139976,4,0.021739130434782608,"{""10"":37,""11"":8,""12"":8,""13"":1,""3"":4,""4"":19,""5"":3,""6"":6,""7"":17,""8"":44,""9"":37}","{""10"":3,""11"":7,""12"":4,""13"":32,""14"":33,""15"":14,""16"":33,""17"":6,""18"":5,""19"":6,""20"":6,""21"":3,""22"":3,""23"":1,""24"":2,""3"":4,""4"":10,""5"":10,""7"":1,""8"":1}",180,5.675204639742618,52,0.052,"{""10"":261,""11"":101,""12"":28,""13"":7,""3"":52,""4"":103,""5"":92,""6"":10,""7"":28,""8"":160,""9"":158}","{""10"":12,""11"":11,""12"":4,""13"":143,""14"":123,""15"":67,""16"":213,""17"":77,""18"":37,""19"":10,""20"":10,""21"":8,""22"":17,""23"":9,""24"":6,""25"":2,""26"":1,""27"":1,""3"":52,""32"":1,""4"":66,""5"":71,""6"":35,""7"":19,""8"":4,""9"":1}","{""Diagonal CMA-ES"":{""attempts"":287,""discoveries"":0,""improvements"":0,""insertions"":0,""insertion_rate"":0.0},""Immigrant"":{""attempts"":160,""discoveries"":0,""improvements"":0,""insertions"":0,""insertion_rate"":0.0},""Morphology"":{""attempts"":293,""discoveries"":0,""improvements"":3,""insertions"":3,""insertion_rate"":0.010238907849829351},""Novelty"":{""attempts"":260,""discoveries"":0,""improvements"":0,""insertions"":0,""insertion_rate"":0.0}}","{""Morphology"":192,""Novelty"":27}",1,0.9261083743842364,false,98000
41,178,179000,7.012891597000002,0.048884808,0.039613162,0.001981608,0.007290038,8.534197789,80.06086,40.38601,7417.270223736763,184,0.9583333,61,5.053305703139977,4,0.021739130434782608,"{""10"":37,""11"":8,""12"":8,""13"":1,""3"":4,""4"":19,""5"":3,""6"":6,""7"":17,""8"":44,""9"":37}","{""10"":3,""11"":7,""12"":4,""13"":32,""14"":33,""15"":14,""16"":33,""17"":6,""18"":5,""19"":6,""20"":6,""21"":3,""22"":3,""23"":1,""24"":2,""3"":4,""4"":10,""5"":10,""7"":1,""8"":1}",191,6.114258806665723,53,0.053,"{""10"":203,""11"":79,""12"":49,""13"":18,""3"":53,""4"":121,""5"":71,""6"":22,""7"":61,""8"":142,""9"":181}","{""10"":15,""11"":24,""12"":9,""13"":92,""14"":146,""15"":92,""16"":156,""17"":53,""18"":44,""19"":25,""20"":20,""21"":26,""22"":25,""23"":9,""24"":10,""25"":4,""26"":1,""27"":1,""3"":53,""32"":1,""4"":78,""5"":62,""6"":39,""7"":11,""8"":2,""9"":2}","{""Diagonal CMA-ES"":{""attempts"":300,""discoveries"":0,""improvements"":0,""insertions"":0,""insertion_rate"":0.0},""Immigrant"":{""attempts"":142,""discoveries"":0,""improvements"":0,""insertions"":0,""insertion_rate"":0.0},""Morphology"":{""attempts"":282,""discoveries"":0,""improvements"":0,""insertions"":0,""insertion_rate"":0.0},""Novelty"":{""attempts"":276,""discoveries"":0,""improvements"":0,""insertions"":0,""insertion_rate"":0.0}}","{""Morphology"":201,""Novelty"":29}",0,0.9264705882352942,false,99000
41,179,180000,7.059616701000002,0.046725103999999996,0.035266447,0.003464549,0.007994108,8.591984991,80.06086,40.38601,7423.192655682564,184,0.9583333,61,5.053305703139978,4,0.021739130434782608,"{""10"":37,""11"":7,""12"":8,""13"":2,""3"":4,""4"":19,""5"":3,""6"":6,""7"":17,""8"":44,""9"":37}","{""10"":3,""11"":7,""12"":4,""13"":32,""14"":33,""15"":14,""16"":33,""17"":6,""18"":5,""19"":6,""20"":6,""21"":2,""22"":3,""23"":1,""24"":2,""26"":1,""3"":4,""4"":10,""5"":10,""7"":1,""8"":1}",212,6.260033453058864,55,0.055,"{""10"":224,""11"":91,""12"":41,""13"":11,""3"":55,""4"":124,""5"":79,""6"":28,""7"":59,""8"":122,""9"":166}","{""10"":16,""11"":31,""12"":9,""13"":74,""14"":138,""15"":92,""16"":168,""17"":70,""18"":34,""19"":22,""20"":21,""21"":23,""22"":16,""23"":6,""24"":12,""25"":1,""26"":2,""27"":2,""3"":55,""30"":1,""33"":1,""4"":74,""5"":75,""6"":35,""7"":15,""8"":6,""9"":1}","{""Diagonal CMA-ES"":{""attempts"":297,""discoveries"":0,""improvements"":0,""insertions"":0,""insertion_rate"":0.0},""Immigrant"":{""attempts"":146,""discoveries"":0,""improvements"":0,""insertions"":0,""insertion_rate"":0.0},""Morphology"":{""attempts"":329,""discoveries"":0,""improvements"":1,""insertions"":1,""insertion_rate"":0.00303951367781155},""Novelty"":{""attempts"":228,""discoveries"":0,""improvements"":0,""insertions"":0,""insertion_rate"":0.0}}","{""Morphology"":225,""Novelty"":27}",1,0.9264705882352942,false,100000
41,180,181000,7.103519588000002,0.043902887,0.032729182,0.003555971,0.007617734,8.649315082,80.06086,40.983635,7452.745587170124,184,0.9583333,61,5.047353406801951,4,0.021739130434782608,"{""10"":37,""11"":8,""12"":7,""13"":2,""3"":4,""4"":19,""5"":3,""6"":6,""7"":17,""8"":45,""9"":36}","{""10"":3,""11"":7,""12"":4,""13"":33,""14"":32,""15"":14,""16"":33,""17"":6,""18"":6,""19"":6,""20"":5,""21"":2,""22"":3,""23"":1,""24"":2,""26"":1,""3"":4,""4"":10,""5"":10,""7"":1,""8"":1}",182,6.209144945666447,82,0.082,"{""10"":154,""11"":92,""12"":46,""13"":11,""3"":82,""4"":116,""5"":86,""6"":30,""7"":73,""8"":156,""9"":154}","{""10"":8,""11"":40,""12"":20,""13"":85,""14"":136,""15"":87,""16"":124,""17"":40,""18"":47,""19"":40,""20"":29,""21"":20,""22"":12,""23"":3,""24"":13,""25"":3,""26"":9,""3"":82,""4"":73,""5"":79,""6"":35,""7"":12,""8"":3}","{""Diagonal CMA-ES"":{""attempts"":307,""discoveries"":0,""improvements"":1,""insertions"":1,""insertion_rate"":0.003257328990228013},""Immigrant"":{""attempts"":172,""discoveries"":0,""improvements"":0,""insertions"":0,""insertion_rate"":0.0},""Morphology"":{""attempts"":299,""discoveries"":0,""improvements"":5,""insertions"":5,""insertion_rate"":0.016722408026755852},""Novelty"":{""attempts"":222,""discoveries"":0,""improvements"":0,""insertions"":0,""insertion_rate"":0.0}}","{""Morphology"":202,""Novelty"":24}",1,0.926829268292683,false,101000
41,181,182000,7.151315640000002,0.047796052000000006,0.036878805,0.003231837,0.00768541,8.706985929,80.06086,40.983635,7461.350327312946,184,0.9583333,60,5.029716925835447,4,0.021739130434782608,"{""10"":37,""11"":8,""12"":7,""13"":2,""3"":4,""4"":19,""5"":3,""6"":6,""7"":18,""8"":44,""9"":36}","{""10"":4,""11"":6,""12"":4,""13"":33,""14"":32,""15"":14,""16"":33,""17"":6,""18"":6,""19"":6,""20"":5,""21"":2,""22"":3,""23"":1,""24"":2,""26"":1,""3"":4,""4"":10,""5"":10,""7"":1,""8"":1}",185,5.822146289518987,41,0.041,"{""10"":265,""11"":108,""12"":30,""13"":10,""14"":1,""3"":41,""4"":93,""5"":94,""6"":16,""7"":45,""8"":56,""9"":241}","{""10"":14,""11"":22,""12"":2,""13"":34,""14"":215,""15"":165,""16"":144,""17"":66,""18"":32,""19"":12,""20"":11,""21"":8,""22"":25,""23"":3,""24"":10,""25"":2,""26"":3,""27"":1,""28"":2,""3"":41,""4"":57,""5"":73,""6"":33,""7"":13,""8"":11,""9"":1}","{""Diagonal CMA-ES"":{""attempts"":301,""discoveries"":0,""improvements"":0,""insertions"":0,""insertion_rate"":0.0},""Immigrant"":{""attempts"":150,""discoveries"":0,""improvements"":0,""insertions"":0,""insertion_rate"":0.0},""Morphology"":{""attempts"":306,""discoveries"":0,""improvements"":2,""insertions"":2,""insertion_rate"":0.006535947712418301},""Novelty"":{""attempts"":243,""discoveries"":0,""improvements"":0,""insertions"":0,""insertion_rate"":0.0}}","{""Morphology"":202,""Novelty"":29}",0,0.926829268292683,false,102000
41,182,183000,7.1998228860000015,0.048507246000000004,0.037003471,0.004394207,0.007109568,8.765580498,80.06086,40.983635,7465.235058605671,184,0.9583333,60,5.0297169258354435,4,0.021739130434782608,"{""10"":37,""11"":8,""12"":7,""13"":2,""3"":4,""4"":19,""5"":3,""6"":6,""7"":18,""8"":44,""9"":36}","{""10"":4,""11"":6,""12"":4,""13"":33,""14"":32,""15"":14,""16"":33,""17"":6,""18"":6,""19"":6,""20"":5,""21"":2,""22"":3,""23"":1,""24"":2,""26"":1,""3"":4,""4"":10,""5"":10,""7"":1,""8"":1}",197,6.056359377445075,50,0.05,"{""10"":253,""11"":85,""12"":30,""13"":16,""14"":1,""3"":50,""4"":118,""5"":75,""6"":20,""7"":45,""8"":114,""9"":193}","{""10"":11,""11"":21,""12"":14,""13"":81,""14"":154,""15"":135,""16"":151,""17"":65,""18"":31,""19"":13,""20"":19,""21"":16,""22"":20,""23"":7,""24"":7,""25"":2,""26"":3,""27"":2,""28"":2,""3"":50,""33"":1,""4"":85,""5"":55,""6"":32,""7"":15,""8"":7,""9"":1}","{""Diagonal CMA-ES"":{""attempts"":294,""discoveries"":0,""improvements"":0,""insertions"":0,""insertion_rate"":0.0},""Immigrant"":{""attempts"":150,""discoveries"":0,""improvements"":0,""insertions"":0,""insertion_rate"":0.0},""Morphology"":{""attempts"":301,""discoveries"":0,""improvements"":3,""insertions"":3,""insertion_rate"":0.009966777408637873},""Novelty"":{""attempts"":255,""discoveries"":0,""improvements"":0,""insertions"":0,""insertion_rate"":0.0}}","{""Morphology"":204,""Novelty"":39}",0,0.9271844660194175,false,103000
41,183,184000,7.243120248000001,0.043297362,0.033187481,0.002840028,0.007269853,8.818026026,80.06086,40.983635,7484.204574406147,184,0.9583333,59,5.003442649443399,4,0.021739130434782608,"{""10"":37,""11"":8,""12"":7,""13"":2,""3"":4,""4"":20,""5"":3,""6"":6,""7"":18,""8"":44,""9"":35}","{""10"":4,""11"":6,""12"":4,""13"":33,""14"":32,""15"":14,""16"":33,""17"":6,""18"":6,""19"":6,""20"":4,""21"":2,""22"":3,""23"":1,""24"":2,""26"":1,""3"":4,""4"":11,""5"":10,""7"":1,""8"":1}",197,5.743375819473334,68,0.068,"{""10"":229,""11"":93,""12"":30,""13"":13,""3"":68,""4"":98,""5"":87,""6"":18,""7"":41,""8"":99,""9"":224}","{""10"":11,""11"":18,""12"":10,""13"":63,""14"":198,""15"":63,""16"":192,""17"":73,""18"":31,""19"":14,""20"":19,""21"":17,""22"":14,""23"":5,""24"":8,""25"":2,""26"":3,""27"":3,""28"":1,""3"":68,""30"":1,""4"":66,""5"":70,""6"":27,""7"":18,""8"":5}","{""Diagonal CMA-ES"":{""attempts"":291,""discoveries"":0,""improvements"":0,""insertions"":0,""insertion_rate"":0.0},""Immigrant"":{""attempts"":171,""discoveries"":0,""improvements"":0,""insertions"":0,""insertion_rate"":0.0},""Morphology"":{""attempts"":299,""discoveries"":0,""improvements"":1,""insertions"":1,""insertion_rate"":0.0033444816053511705},""Novelty"":{""attempts"":239,""discoveries"":0,""improvements"":0,""insertions"":0,""insertion_rate"":0.0}}","{""Morphology"":207,""Novelty"":21}",0,0.927536231884058,false,104000
41,184,185000,7.283598954000001,0.040478706,0.030169358,0.003320885,0.006988463,8.865817329,80.06086,40.983635,7484.53667062521,184,0.9583333,59,5.012059212062259,4,0.021739130434782608,"{""10"":37,""11"":8,""12"":7,""13"":2,""3"":4,""4"":20,""5"":3,""6"":6,""7"":18,""8"":43,""9"":36}","{""10"":4,""11"":6,""12"":4,""13"":32,""14"":33,""15"":14,""16"":33,""17"":6,""18"":6,""19"":6,""20"":4,""21"":2,""22"":3,""23"":1,""24"":2,""26"":1,""3"":4,""4"":11,""5"":10,""7"":1,""8"":1}",200,6.1431634037293605,58,0.058,"{""10"":232,""11"":84,""12"":34,""13"":19,""3"":58,""4"":114,""5"":88,""6"":19,""7"":48,""8"":99,""9"":205}","{""10"":10,""11"":20,""12"":9,""13"":62,""14"":176,""15"":88,""16"":173,""17"":59,""18"":30,""19"":28,""20"":10,""21"":22,""22"":15,""23"":13,""24"":10,""25"":5,""26"":4,""27"":1,""28"":1,""3"":58,""4"":68,""5"":85,""6"":33,""7"":15,""8"":5}","{""Diagonal CMA-ES"":{""attempts"":292,""discoveries"":0,""improvements"":1,""insertions"":1,""insertion_rate"":0.003424657534246575},""Immigrant"":{""attempts"":144,""discoveries"":0,""improvements"":0,""insertions"":0,""insertion_rate"":0.0},""Morphology"":{""attempts"":325,""discoveries"":0,""improvements"":1,""insertions"":1,""insertion_rate"":0.003076923076923077},""Novelty"":{""attempts"":239,""discoveries"":0,""improvements"":0,""insertions"":0,""insertion_rate"":0.0}}","{""Morphology"":229,""Novelty"":29}",0,0.927536231884058,false,105000
41,185,186000,7.3322249300000015,0.048625976,0.040160509,0.00174296,0.006722507,8.920534167,80.06086,41.472534,7500.989729821682,184,0.9583333,59,5.025342404076245,4,0.021739130434782608,"{""10"":38,""11"":8,""12"":8,""13"":2,""3"":4,""4"":20,""5"":3,""6"":6,""7"":18,""8"":43,""9"":34}","{""10"":4,""11"":6,""12"":4,""13"":32,""14"":32,""15"":14,""16"":33,""17"":5,""18"":7,""19"":7,""20"":3,""21"":2,""22"":4,""23"":1,""24"":2,""26"":1,""3"":4,""4"":11,""5"":10,""7"":1,""8"":1}",199,6.171108931018939,61,0.061,"{""10"":181,""11"":82,""12"":40,""13"":21,""14"":1,""3"":61,""4"":139,""5"":89,""6"":29,""7"":57,""8"":135,""9"":165}","{""10"":13,""11"":33,""12"":13,""13"":80,""14"":137,""15"":84,""16"":142,""17"":52,""18"":30,""19"":23,""20"":25,""21"":22,""22"":21,""23"":6,""24"":17,""25"":1,""26"":6,""27"":1,""28"":1,""3"":61,""32"":2,""4"":88,""5"":88,""6"":31,""7"":13,""8"":10}","{""Diagonal CMA-ES"":{""attempts"":293,""discoveries"":0,""improvements"":0,""insertions"":0,""insertion_rate"":0.0},""Immigrant"":{""attempts"":161,""discoveries"":0,""improvements"":0,""insertions"":0,""insertion_rate"":0.0},""Morphology"":{""attempts"":298,""discoveries"":0,""improvements"":2,""insertions"":2,""insertion_rate"":0.006711409395973154},""Novelty"":{""attempts"":248,""discoveries"":0,""improvements"":1,""insertions"":1,""insertion_rate"":0.004032258064516129}}","{""Morphology"":189,""Novelty"":32}",0,0.927536231884058,false,106000
41,186,187000,7.372906664000001,0.040681734000000004,0.030470932,0.003285266,0.006925536,8.971324596,80.06086,41.472534,7503.09229940176,184,0.9583333,60,5.042978885042748,4,0.021739130434782608,"{""10"":38,""11"":8,""12"":8,""13"":2,""3"":4,""4"":20,""5"":3,""6"":6,""7"":17,""8"":44,""9"":34}","{""10"":3,""11"":7,""12"":4,""13"":32,""14"":32,""15"":14,""16"":33,""17"":5,""18"":7,""19"":7,""20"":3,""21"":2,""22"":4,""23"":1,""24"":2,""26"":1,""3"":4,""4"":11,""5"":10,""7"":1,""8"":1}",200,5.964920252816977,51,0.051,"{""10"":239,""11"":88,""12"":46,""13"":25,""3"":51,""4"":124,""5"":81,""6"":19,""7"":32,""8"":74,""9"":221}","{""10"":11,""11"":24,""12"":4,""13"":43,""14"":203,""15"":118,""16"":153,""17"":60,""18"":22,""19"":17,""20"":17,""21"":13,""22"":27,""23"":8,""24"":12,""25"":5,""26"":5,""27"":1,""3"":51,""4"":79,""5"":69,""6"":35,""7"":16,""8"":6,""9"":1}","{""Diagonal CMA-ES"":{""attempts"":284,""discoveries"":0,""improvements"":0,""insertions"":0,""insertion_rate"":0.0},""Immigrant"":{""attempts"":154,""discoveries"":0,""improvements"":0,""insertions"":0,""insertion_rate"":0.0},""Morphology"":{""attempts"":311,""discoveries"":0,""improvements"":2,""insertions"":2,""insertion_rate"":0.006430868167202572},""Novelty"":{""attempts"":251,""discoveries"":0,""improvements"":0,""insertions"":0,""insertion_rate"":0.0}}","{""Morphology"":204,""Novelty"":40}",1,0.927536231884058,false,107000
41,187,188000,7.418339983000001,0.045433319,0.035137032,0.003184345,0.007111942,9.027885315,80.06086,41.472534,7507.93106931448,184,0.9583333,60,5.036211969293637,4,0.021739130434782608,"{""10"":39,""11"":8,""12"":8,""13"":2,""3"":4,""4"":20,""5"":3,""6"":6,""7"":17,""8"":44,""9"":33}","{""10"":3,""11"":7,""12"":4,""13"":32,""14"":31,""15"":15,""16"":33,""17"":5,""18"":7,""19"":7,""20"":3,""21"":2,""22"":4,""23"":1,""24"":2,""26"":1,""3"":4,""4"":11,""5"":10,""7"":1,""8"":1}",207,6.240469133457062,51,0.051,"{""10"":205,""11"":89,""12"":46,""13"":27,""14"":2,""3"":51,""4"":139,""5"":78,""6"":33,""7"":55,""8"":126,""9"":149}","{""10"":9,""11"":36,""12"":18,""13"":81,""14"":140,""15"":91,""16"":144,""17"":51,""18"":43,""19"":27,""20"":11,""21"":18,""22"":27,""23"":9,""24"":14,""25"":8,""26"":1,""28"":1,""29"":1,""3"":51,""4"":85,""5"":87,""6"":33,""7"":7,""8"":6,""9"":1}","{""Diagonal CMA-ES"":{""attempts"":298,""discoveries"":0,""improvements"":0,""insertions"":0,""insertion_rate"":0.0},""Immigrant"":{""attempts"":134,""discoveries"":0,""improvements"":0,""insertions"":0,""insertion_rate"":0.0},""Morphology"":{""attempts"":341,""discoveries"":0,""improvements"":1,""insertions"":1,""insertion_rate"":0.002932551319648094},""Novelty"":{""attempts"":227,""discoveries"":0,""improvements"":0,""insertions"":0,""insertion_rate"":0.0}}","{""Morphology"":232,""Novelty"":24}",0,0.927536231884058,false,108000
41,188,189000,7.462993244000001,0.044653261,0.034371222,0.002937386,0.007344653,9.081752044,80.06086,41.472534,7515.732978761196,184,0.9583333,60,5.020093479056442,4,0.021739130434782608,"{""10"":39,""11"":8,""12"":8,""13"":2,""3"":4,""4"":21,""5"":3,""6"":6,""7"":16,""8"":44,""9"":33}","{""10"":3,""11"":7,""12"":4,""13"":32,""14"":31,""15"":14,""16"":33,""17"":5,""18"":7,""19"":7,""20"":3,""21"":2,""22"":4,""23"":1,""24"":2,""26"":1,""3"":4,""4"":12,""5"":10,""7"":1,""8"":1}",197,6.132525561442037,67,0.067,"{""10"":192,""11"":103,""12"":53,""13"":16,""3"":67,""4"":136,""5"":73,""6"":27,""7"":47,""8"":116,""9"":170}","{""10"":5,""11"":29,""12"":13,""13"":66,""14"":151,""15"":94,""16"":138,""17"":54,""18"":47,""19"":25,""20"":16,""21"":19,""22"":34,""23"":6,""24"":14,""25"":4,""26"":4,""27"":1,""3"":67,""32"":1,""4"":83,""5"":79,""6"":34,""7"":11,""8"":4,""9"":1}","{""Diagonal CMA-ES"":{""attempts"":282,""discoveries"":0,""improvements"":0,""insertions"":0,""insertion_rate"":0.0},""Immigrant"":{""attempts"":157,""discoveries"":0,""improvements"":0,""insertions"":0,""insertion_rate"":0.0},""Morphology"":{""attempts"":306,""discoveries"":0,""improvements"":1,""insertions"":1,""insertion_rate"":0.0032679738562091504},""Novelty"":{""attempts"":255,""discoveries"":0,""improvements"":0,""insertions"":0,""insertion_rate"":0.0}}","{""Morphology"":206,""Novelty"":27}",0,0.927536231884058,false,109000
41,189,190000,7.514237223,0.051243979,0.039654718,0.004135375,0.007453886,9.142841135,80.06086,41.472534,7519.5854586958885,184,0.9583333,60,5.0200934790564435,4,0.021739130434782608,"{""10"":39,""11"":8,""12"":8,""13"":2,""3"":4,""4"":21,""5"":3,""6"":6,""7"":16,""8"":44,""9"":33}","{""10"":3,""11"":7,""12"":4,""13"":32,""14"":31,""15"":14,""16"":33,""17"":5,""18"":7,""19"":7,""20"":3,""21"":2,""22"":4,""23"":1,""24"":2,""26"":1,""3"":4,""4"":12,""5"":10,""7"":1,""8"":1}",186,6.079274706436422,66,0.066,"{""10"":178,""11"":80,""12"":58,""13"":18,""14"":3,""3"":66,""4"":140,""5"":88,""6"":16,""7"":47,""8"":121,""9"":185}","{""10"":9,""11"":19,""12"":13,""13"":83,""14"":158,""15"":67,""16"":137,""17"":51,""18"":37,""19"":23,""20"":18,""21"":21,""22"":28,""23"":9,""24"":17,""25"":7,""26"":5,""27"":1,""3"":66,""33"":1,""4"":89,""5"":79,""6"":40,""7"":14,""8"":6,""9"":2}","{""Diagonal CMA-ES"":{""attempts"":297,""discoveries"":0,""improvements"":0,""insertions"":0,""insertion_rate"":0.0},""Immigrant"":{""attempts"":148,""discoveries"":0,""improvements"":0,""insertions"":0,""insertion_rate"":0.0},""Morphology"":{""attempts"":308,""discoveries"":0,""improvements"":0,""insertions"":0,""insertion_rate"":0.0},""Novelty"":{""attempts"":247,""discoveries"":0,""improvements"":1,""insertions"":1,""insertion_rate"":0.004048582995951417}}","{""Morphology"":204,""Novelty"":23}",0,0.9278846153846154,false,110000
41,190,191000,7.563111345,0.048874122000000006,0.037472456,0.003561907,0.007839759,9.202429476,80.06086,41.472534,7523.019662797451,184,0.9583333,60,5.020093479056445,4,0.021739130434782608,"{""10"":39,""11"":8,""12"":8,""13"":2,""3"":4,""4"":21,""5"":3,""6"":6,""7"":16,""8"":44,""9"":33}","{""10"":3,""11"":7,""12"":4,""13"":32,""14"":31,""15"":14,""16"":33,""17"":5,""18"":7,""19"":7,""20"":3,""21"":2,""22"":4,""23"":1,""24"":2,""26"":1,""3"":4,""4"":12,""5"":10,""7"":1,""8"":1}",194,6.233107536535357,71,0.071,"{""10"":182,""11"":86,""12"":51,""13"":24,""14"":3,""3"":71,""4"":120,""5"":73,""6"":37,""7"":68,""8"":166,""9"":119}","{""10"":2,""11"":36,""12"":19,""13"":90,""14"":120,""15"":88,""16"":123,""17"":25,""18"":75,""19"":50,""20"":23,""21"":30,""22"":13,""23"":5,""24"":14,""25"":5,""26"":10,""27"":2,""28"":1,""29"":1,""3"":71,""33"":1,""4"":68,""5"":86,""6"":33,""7"":5,""8"":3,""9"":1}","{""Diagonal CMA-ES"":{""attempts"":310,""discoveries"":0,""improvements"":0,""insertions"":0,""insertion_rate"":0.0},""Immigrant"":{""attempts"":129,""discoveries"":0,""improvements"":0,""insertions"":0,""insertion_rate"":0.0},""Morphology"":{""attempts"":294,""discoveries"":0,""improvements"":4,""insertions"":4,""insertion_rate"":0.013605442176870748},""Novelty"":{""attempts"":267,""discoveries"":0,""improvements"":0,""insertions"":0,""insertion_rate"":0.0}}","{""Morphology"":193,""Novelty"":33}",0,0.9278846153846154,false,111000
41,191,192000,7.608231217,0.045119872,0.033933107,0.003162974,0.008023791,9.257668727,80.06086,41.472534,7523.4741577506065,184,0.9583333,60,5.010691531001473,4,0.021739130434782608,"{""10"":39,""11"":8,""12"":8,""13"":2,""3"":4,""4"":21,""5"":3,""6"":6,""7"":16,""8"":45,""9"":32}","{""10"":3,""11"":7,""12"":4,""13"":33,""14"":30,""15"":14,""16"":33,""17"":5,""18"":7,""19"":7,""20"":3,""21"":2,""22"":4,""23"":1,""24"":2,""26"":1,""3"":4,""4"":12,""5"":10,""7"":1,""8"":1}",202,6.306963574836677,62,0.062,"{""10"":164,""11"":100,""12"":46,""13"":29,""14"":1,""3"":62,""4"":91,""5"":95,""6"":52,""7"":59,""8"":130,""9"":171}","{""10"":4,""11"":57,""12"":13,""13"":76,""14"":148,""15"":81,""16"":128,""17"":41,""18"":57,""19"":41,""20"":23,""21"":25,""22"":16,""23"":13,""24"":13,""25"":1,""26"":9,""27"":1,""28"":1,""3"":62,""30"":1,""31"":1,""4"":58,""5"":73,""6"":38,""7"":14,""8"":3,""9"":2}","{""Diagonal CMA-ES"":{""attempts"":300,""discoveries"":0,""improvements"":1,""insertions"":1,""insertion_rate"":0.0033333333333333335},""Immigrant"":{""attempts"":130,""discoveries"":0,""improvements"":0,""insertions"":0,""insertion_rate"":0.0},""Morphology"":{""attempts"":321,""discoveries"":0,""improvements"":0,""insertions"":0,""insertion_rate"":0.0},""Novelty"":{""attempts"":249,""discoveries"":0,""improvements"":0,""insertions"":0,""insertion_rate"":0.0}}","{""Morphology"":226,""Novelty"":23}",0,0.9278846153846154,false,112000
41,192,193000,7.655661579,0.047430362000000004,0.036728017,0.003253209,0.007449136,9.315260025,80.06086,41.472534,7523.4741577506065,184,0.9583333,60,5.010691531001475,4,0.021739130434782608,"{""10"":39,""11"":8,""12"":8,""13"":2,""3"":4,""4"":21,""5"":3,""6"":6,""7"":16,""8"":45,""9"":32}","{""10"":3,""11"":7,""12"":4,""13"":33,""14"":30,""15"":14,""16"":33,""17"":5,""18"":7,""19"":7,""20"":3,""21"":2,""22"":4,""23"":1,""24"":2,""26"":1,""3"":4,""4"":12,""5"":10,""7"":1,""8"":1}",192,6.110694234901937,57,0.057,"{""10"":192,""11"":84,""12"":50,""13"":22,""14"":2,""3"":57,""4"":148,""5"":90,""6"":21,""7"":44,""8"":113,""9"":177}","{""10"":7,""11"":24,""12"":12,""13"":72,""14"":160,""15"":74,""16"":147,""17"":48,""18"":42,""19"":22,""20"":18,""21"":18,""22"":25,""23"":12,""24"":8,""25"":3,""26"":5,""27"":3,""28"":2,""3"":57,""32"":1,""4"":100,""5"":89,""6"":35,""7"":13,""8"":2,""9"":1}","{""Diagonal CMA-ES"":{""attempts"":295,""discoveries"":0,""improvements"":0,""insertions"":0,""insertion_rate"":0.0},""Immigrant"":{""attempts"":162,""discoveries"":0,""improvements"":0,""insertions"":0,""insertion_rate"":0.0},""Morphology"":{""attempts"":280,""discoveries"":0,""improvements"":0,""insertions"":0,""insertion_rate"":0.0},""Novelty"":{""attempts"":263,""discoveries"":0,""improvements"":0,""insertions"":0,""insertion_rate"":0.0}}","{""Morphology"":193,""Novelty"":32}",0,0.9278846153846154,false,113000
41,193,194000,7.703985980000001,0.048324401,0.036547547,0.00467441,0.007102444,9.373621882,80.06086,42.169,7566.16304820776,184,0.9583333,60,5.019439577058198,4,0.021739130434782608,"{""10"":40,""11"":8,""12"":8,""13"":2,""3"":4,""4"":21,""5"":3,""6"":5,""7"":16,""8"":45,""9"":32}","{""10"":3,""11"":6,""12"":4,""13"":33,""14"":30,""15"":14,""16"":34,""17"":5,""18"":8,""19"":7,""20"":3,""21"":2,""22"":4,""23"":1,""24"":1,""26"":1,""3"":4,""4"":12,""5"":10,""7"":1,""8"":1}",195,6.124066406093465,60,0.06,"{""10"":170,""11"":93,""12"":44,""13"":22,""14"":3,""3"":60,""4"":145,""5"":87,""6"":17,""7"":45,""8"":131,""9"":183}","{""10"":14,""11"":27,""12"":7,""13"":83,""14"":161,""15"":76,""16"":124,""17"":60,""18"":36,""19"":21,""20"":20,""21"":17,""22"":24,""23"":9,""24"":17,""25"":2,""26"":5,""28"":1,""29"":1,""3"":60,""4"":99,""5"":89,""6"":33,""7"":9,""8"":5}","{""Diagonal CMA-ES"":{""attempts"":320,""discoveries"":0,""improvements"":0,""insertions"":0,""insertion_rate"":0.0},""Immigrant"":{""attempts"":149,""discoveries"":0,""improvements"":0,""insertions"":0,""insertion_rate"":0.0},""Morphology"":{""attempts"":297,""discoveries"":0,""improvements"":3,""insertions"":3,""insertion_rate"":0.010101010101010102},""Novelty"":{""attempts"":234,""discoveries"":0,""improvements"":0,""insertions"":0,""insertion_rate"":0.0}}","{""Morphology"":194,""Novelty"":27}",1,0.9278846153846154,false,114000
41,194,195000,7.749984456000001,0.045998475999999996,0.035819731,0.003425368,0.006753377,9.430498424,80.06086,42.661293,7569.375557363033,184,0.9583333,60,5.019439577058198,4,0.021739130434782608,"{""10"":40,""11"":8,""12"":8,""13"":2,""3"":4,""4"":21,""5"":3,""6"":5,""7"":16,""8"":45,""9"":32}","{""10"":3,""11"":6,""12"":4,""13"":33,""14"":30,""15"":14,""16"":34,""17"":5,""18"":8,""19"":7,""20"":3,""21"":2,""22"":4,""23"":1,""24"":1,""26"":1,""3"":4,""4"":12,""5"":10,""7"":1,""8"":1}",199,6.0342364644306965,62,0.062,"{""10"":218,""11"":81,""12"":72,""13"":20,""3"":62,""4"":138,""5"":83,""6"":17,""7"":30,""8"":100,""9"":179}","{""10"":9,""11"":24,""12"":7,""13"":54,""14"":150,""15"":78,""16"":173,""17"":62,""18"":26,""19"":17,""20"":18,""21"":18,""22"":57,""23"":9,""24"":5,""25"":3,""26"":2,""28"":2,""3"":62,""4"":96,""5"":63,""6"":43,""7"":17,""8"":5}","{""Diagonal CMA-ES"":{""attempts"":313,""discoveries"":0,""improvements"":0,""insertions"":0,""insertion_rate"":0.0},""Immigrant"":{""attempts"":160,""discoveries"":0,""improvements"":0,""insertions"":0,""insertion_rate"":0.0},""Morphology"":{""attempts"":294,""discoveries"":0,""improvements"":1,""insertions"":1,""insertion_rate"":0.003401360544217687},""Novelty"":{""attempts"":233,""discoveries"":0,""improvements"":0,""insertions"":0,""insertion_rate"":0.0}}","{""Morphology"":191,""Novelty"":30}",0,0.9278846153846154,false,115000
41,195,196000,7.795607744000001,0.045623288,0.035216581,0.003332758,0.007073949,9.486908356,80.06086,42.661293,7569.845444142818,184,0.9583333,60,5.023770622522128,4,0.021739130434782608,"{""10"":39,""11"":8,""12"":8,""13"":2,""3"":4,""4"":21,""5"":3,""6"":5,""7"":16,""8"":45,""9"":33}","{""10"":3,""11"":6,""12"":4,""13"":33,""14"":31,""15"":14,""16"":33,""17"":5,""18"":8,""19"":7,""20"":3,""21"":2,""22"":4,""23"":1,""24"":1,""26"":1,""3"":4,""4"":12,""5"":10,""7"":1,""8"":1}",182,6.058304725943549,58,0.058,"{""10"":196,""11"":77,""12"":51,""13"":21,""14"":1,""3"":58,""4"":142,""5"":97,""6"":23,""7"":43,""8"":105,""9"":186}","{""10"":13,""11"":25,""12"":6,""13"":63,""14"":168,""15"":84,""16"":140,""17"":48,""18"":40,""19"":17,""20"":19,""21"":18,""22"":31,""23"":13,""24"":3,""25"":5,""26"":3,""27"":1,""28"":1,""3"":58,""4"":104,""5"":73,""6"":43,""7"":15,""8"":6,""9"":3}","{""Diagonal CMA-ES"":{""attempts"":288,""discoveries"":0,""improvements"":0,""insertions"":0,""insertion_rate"":0.0},""Immigrant"":{""attempts"":135,""discoveries"":0,""improvements"":0,""insertions"":0,""insertion_rate"":0.0},""Morphology"":{""attempts"":301,""discoveries"":0,""improvements"":1,""insertions"":1,""insertion_rate"":0.0033222591362126247},""Novelty"":{""attempts"":276,""discoveries"":0,""improvements"":0,""insertions"":0,""insertion_rate"":0.0}}","{""Morphology"":200,""Novelty"":35}",0,0.9278846153846154,false,116000
41,196,197000,7.843591389000001,0.047983645,0.036720893,0.003200968,0.008061784,9.545000695,80.06086,42.661293,7574.906589925289,184,0.9583333,61,5.058661461533034,4,0.021739130434782608,"{""10"":39,""11"":9,""12"":8,""13"":2,""3"":4,""4"":21,""5"":3,""6"":5,""7"":16,""8"":44,""9"":33}","{""10"":3,""11"":6,""12"":4,""13"":32,""14"":31,""15"":14,""16"":33,""17"":5,""18"":8,""19"":8,""20"":3,""21"":2,""22"":4,""23"":1,""24"":1,""26"":1,""3"":4,""4"":12,""5"":10,""7"":1,""8"":1}",197,6.2186375694624045,52,0.052,"{""10"":191,""11"":84,""12"":60,""13"":29,""14"":2,""3"":52,""4"":145,""5"":86,""6"":23,""7"":48,""8"":123,""9"":157}","{""10"":16,""11"":26,""12"":10,""13"":74,""14"":134,""15"":89,""16"":136,""17"":60,""18"":29,""19"":28,""20"":24,""21"":16,""22"":38,""23"":11,""24"":9,""25"":3,""26"":7,""27"":1,""3"":52,""30"":1,""33"":1,""4"":97,""5"":82,""6"":32,""7"":16,""8"":8}","{""Diagonal CMA-ES"":{""attempts"":286,""discoveries"":0,""improvements"":0,""insertions"":0,""insertion_rate"":0.0},""Immigrant"":{""attempts"":145,""discoveries"":0,""improvements"":0,""insertions"":0,""insertion_rate"":0.0},""Morphology"":{""attempts"":298,""discoveries"":0,""improvements"":2,""insertions"":2,""insertion_rate"":0.006711409395973154},""Novelty"":{""attempts"":271,""discoveries"":0,""improvements"":0,""insertions"":0,""insertion_rate"":0.0}}","{""Morphology"":185,""Novelty"":42}",1,0.9282296650717703,false,117000
41,197,198000,7.892477385000001,0.048885995999999994,0.0369821,0.003313762,0.008590134,9.604074934,80.06086,42.661293,7581.101726949215,184,0.9583333,60,5.032387185140984,4,0.021739130434782608,"{""10"":38,""11"":9,""12"":8,""13"":2,""3"":4,""4"":21,""5"":3,""6"":5,""7"":16,""8"":44,""9"":34}","{""10"":3,""11"":6,""12"":4,""13"":32,""14"":32,""15"":12,""16"":33,""17"":5,""18"":8,""19"":8,""20"":3,""21"":3,""22"":4,""23"":1,""24"":1,""26"":1,""3"":4,""4"":12,""5"":10,""7"":1,""8"":1}",186,6.04137040231291,65,0.065,"{""10"":229,""11"":86,""12"":28,""13"":28,""14"":1,""3"":65,""4"":99,""5"":92,""6"":23,""7"":46,""8"":105,""9"":198}","{""10"":1,""11"":25,""12"":14,""13"":55,""14"":184,""15"":113,""16"":146,""17"":41,""18"":50,""19"":35,""20"":13,""21"":21,""22"":11,""23"":11,""24"":5,""25"":3,""26"":7,""27"":1,""28"":2,""3"":65,""33"":1,""4"":60,""5"":79,""6"":37,""7"":15,""8"":3,""9"":2}","{""Diagonal CMA-ES"":{""attempts"":286,""discoveries"":0,""improvements"":0,""insertions"":0,""insertion_rate"":0.0},""Immigrant"":{""attempts"":157,""discoveries"":0,""improvements"":0,""insertions"":0,""insertion_rate"":0.0},""Morphology"":{""attempts"":303,""discoveries"":0,""improvements"":4,""insertions"":4,""insertion_rate"":0.013201320132013201},""Novelty"":{""attempts"":254,""discoveries"":0,""improvements"":0,""insertions"":0,""insertion_rate"":0.0}}","{""Morphology"":199,""Novelty"":30}",1,0.9282296650717703,false,118000
41,198,199000,7.938699073000001,0.046221688,0.034500638,0.003312574,0.008408476,9.660794751,80.06086,42.661293,7584.420368611813,184,0.9583333,60,5.032387185140986,4,0.021739130434782608,"{""10"":38,""11"":9,""12"":8,""13"":2,""3"":4,""4"":21,""5"":3,""6"":5,""7"":16,""8"":44,""9"":34}","{""10"":3,""11"":5,""12"":4,""13"":32,""14"":32,""15"":13,""16"":33,""17"":5,""18"":8,""19"":8,""20"":3,""21"":3,""22"":4,""23"":1,""24"":1,""26"":1,""3"":4,""4"":12,""5"":10,""7"":1,""8"":1}",205,6.2531234638774436,70,0.07,"{""10"":256,""11"":100,""12"":33,""13"":21,""14"":2,""3"":70,""4"":104,""5"":89,""6"":24,""7"":54,""8"":130,""9"":117}","{""10"":1,""11"":25,""12"":16,""13"":72,""14"":104,""15"":101,""16"":198,""17"":39,""18"":59,""19"":39,""20"":17,""21"":26,""22"":8,""23"":8,""24"":10,""26"":9,""27"":1,""28"":2,""3"":70,""33"":1,""4"":59,""5"":86,""6"":38,""7"":7,""8"":4}","{""Diagonal CMA-ES"":{""attempts"":289,""discoveries"":0,""improvements"":0,""insertions"":0,""insertion_rate"":0.0},""Immigrant"":{""attempts"":141,""discoveries"":0,""improvements"":0,""insertions"":0,""insertion_rate"":0.0},""Morphology"":{""attempts"":332,""discoveries"":0,""improvements"":1,""insertions"":1,""insertion_rate"":0.0030120481927710845},""Novelty"":{""attempts"":238,""discoveries"":0,""improvements"":0,""insertions"":0,""insertion_rate"":0.0}}","{""Morphology"":224,""Novelty"":32}",1,0.9282296650717703,false,119000
41,199,200000,7.986242229000001,0.047543156,0.036464436,0.003712695,0.007366025,9.719762133,80.06086,42.661293,7599.841629445553,184,0.9583333,61,5.067025053367822,4,0.021739130434782608,"{""10"":38,""11"":9,""12"":9,""13"":2,""3"":4,""4"":21,""5"":3,""6"":5,""7"":16,""8"":43,""9"":34}","{""10"":3,""11"":5,""12"":4,""13"":31,""14"":32,""15"":13,""16"":34,""17"":5,""18"":7,""19"":9,""20"":3,""21"":3,""22"":4,""23"":1,""24"":1,""26"":1,""3"":4,""4"":12,""5"":10,""7"":1,""8"":1}",198,6.268424198387223,64,0.064,"{""10"":234,""11"":101,""12"":43,""13"":23,""14"":1,""3"":64,""4"":92,""5"":85,""6"":25,""7"":68,""8"":143,""9"":121}","{""10"":4,""11"":27,""12"":16,""13"":89,""14"":108,""15"":77,""16"":190,""17"":40,""18"":63,""19"":53,""20"":15,""21"":27,""22"":14,""23"":9,""24"":13,""25"":1,""26"":7,""28"":4,""3"":64,""33"":1,""4"":50,""5"":83,""6"":25,""7"":15,""8"":5}","{""Diagonal CMA-ES"":{""attempts"":306,""discoveries"":0,""improvements"":0,""insertions"":0,""insertion_rate"":0.0},""Immigrant"":{""attempts"":129,""discoveries"":0,""improvements"":0,""insertions"":0,""insertion_rate"":0.0},""Morphology"":{""attempts"":301,""discoveries"":0,""improvements"":2,""insertions"":2,""insertion_rate"":0.006644518272425249},""Novelty"":{""attempts"":264,""discoveries"":0,""improvements"":1,""insertions"":1,""insertion_rate"":0.003787878787878788}}","{""Morphology"":215,""Novelty"":24}",1,0.9285714285714286,false,120000
41,200,201000,8.032086355,0.045844126,0.035273571,0.002933825,0.00763673,9.776005842,80.06086,42.661293,7599.841629445553,184,0.9583333,61,5.067025053367821,4,0.021739130434782608,"{""10"":38,""11"":9,""12"":9,""13"":2,""3"":4,""4"":21,""5"":3,""6"":5,""7"":16,""8"":43,""9"":34}","{""10"":3,""11"":5,""12"":4,""13"":31,""14"":32,""15"":13,""16"":34,""17"":5,""18"":7,""19"":9,""20"":3,""21"":3,""22"":4,""23"":1,""24"":1,""26"":1,""3"":4,""4"":12,""5"":10,""7"":1,""8"":1}",181,4.613877262563835,48,0.048,"{""10"":326,""11"":74,""12"":14,""13"":14,""14"":1,""3"":48,""4"":74,""5"":97,""6"":6,""7"":9,""8"":276,""9"":61}","{""10"":1,""11"":4,""12"":5,""13"":257,""14"":37,""15"":49,""16"":299,""17"":44,""18"":37,""19"":11,""20"":6,""21"":10,""22"":1,""23"":8,""24"":5,""25"":3,""26"":1,""28"":1,""3"":48,""4"":52,""5"":56,""6"":45,""7"":11,""8"":8,""9"":1}","{""Diagonal CMA-ES"":{""attempts"":302,""discoveries"":0,""improvements"":0,""insertions"":0,""insertion_rate"":0.0},""Immigrant"":{""attempts"":159,""discoveries"":0,""improvements"":0,""insertions"":0,""insertion_rate"":0.0},""Morphology"":{""attempts"":298,""discoveries"":0,""improvements"":0,""insertions"":0,""insertion_rate"":0.0},""Novelty"":{""attempts"":241,""discoveries"":0,""improvements"":0,""insertions"":0,""insertion_rate"":0.0}}","{""Morphology"":208,""Novelty"":21}",0,0.9289099526066351,false,121000
41,201,202000,8.078436271000001,0.046349916000000005,0.035499159,0.003376688,0.007474069,9.833305063,80.06086,42.661293,7599.841629445553,184,0.9583333,61,5.067025053367821,4,0.021739130434782608,"{""10"":38,""11"":9,""12"":9,""13"":2,""3"":4,""4"":21,""5"":3,""6"":5,""7"":16,""8"":43,""9"":34}","{""10"":3,""11"":5,""12"":4,""13"":31,""14"":32,""15"":13,""16"":34,""17"":5,""18"":7,""19"":9,""20"":3,""21"":3,""22"":4,""23"":1,""24"":1,""26"":1,""3"":4,""4"":12,""5"":10,""7"":1,""8"":1}",176,5.993762447835052,65,0.065,"{""10"":222,""11"":97,""12"":49,""13"":15,""3"":65,""4"":108,""5"":80,""6"":25,""7"":49,""8"":177,""9"":113}","{""10"":3,""11"":23,""12"":13,""13"":130,""14"":90,""15"":74,""16"":185,""17"":39,""18"":59,""19"":47,""20"":24,""21"":22,""22"":12,""23"":6,""24"":11,""25"":1,""26"":6,""3"":65,""4"":64,""5"":68,""6"":47,""7"":9,""8"":1,""9"":1}","{""Diagonal CMA-ES"":{""attempts"":298,""discoveries"":0,""improvements"":0,""insertions"":0,""insertion_rate"":0.0},""Immigrant"":{""attempts"":155,""discoveries"":0,""improvements"":0,""insertions"":0,""insertion_rate"":0.0},""Morphology"":{""attempts"":294,""discoveries"":0,""improvements"":0,""insertions"":0,""insertion_rate"":0.0},""Novelty"":{""attempts"":253,""discoveries"":0,""improvements"":0,""insertions"":0,""insertion_rate"":0.0}}","{""Morphology"":196,""Novelty"":28}",0,0.9292452830188679,false,122000
41,202,203000,8.126210951000001,0.04777468,0.036548735,0.00309411,0.008131835,9.891189624999999,80.06086,42.661293,7599.841629445553,184,0.9583333,61,5.067025053367821,4,0.021739130434782608,"{""10"":38,""11"":9,""12"":9,""13"":2,""3"":4,""4"":21,""5"":3,""6"":5,""7"":16,""8"":43,""9"":34}","{""10"":3,""11"":5,""12"":4,""13"":31,""14"":32,""15"":13,""16"":34,""17"":5,""18"":7,""19"":9,""20"":3,""21"":3,""22"":4,""23"":1,""24"":1,""26"":1,""3"":4,""4"":12,""5"":10,""7"":1,""8"":1}",188,6.248338387988899,85,0.085,"{""10"":171,""11"":80,""12"":50,""13"":28,""14"":2,""3"":85,""4"":99,""5"":107,""6"":31,""7"":70,""8"":145,""9"":132}","{""11"":29,""12"":15,""13"":85,""14"":107,""15"":85,""16"":149,""17"":26,""18"":59,""19"":56,""20"":20,""21"":20,""22"":14,""23"":15,""24"":9,""25"":2,""26"":11,""27"":1,""28"":2,""29"":1,""3"":85,""4"":59,""5"":85,""6"":45,""7"":12,""8"":8}","{""Diagonal CMA-ES"":{""attempts"":296,""discoveries"":0,""improvements"":0,""insertions"":0,""insertion_rate"":0.0},""Immigrant"":{""attempts"":159,""discoveries"":0,""improvements"":0,""insertions"":0,""insertion_rate"":0.0},""Morphology"":{""attempts"":294,""discoveries"":0,""improvements"":0,""insertions"":0,""insertion_rate"":0.0},""Novelty"":{""attempts"":251,""discoveries"":0,""improvements"":0,""insertions"":0,""insertion_rate"":0.0}}","{""Morphology"":199,""Novelty"":25}",0,0.9295774647887324,false,123000
41,203,204000,8.172321033000001,0.046110082000000004,0.034277425,0.003565469,0.008267188,9.947191124,80.06086,42.661293,7600.600099980831,184,0.9583333,60,5.0539450979899065,4,0.021739130434782608,"{""10"":39,""11"":9,""12"":8,""13"":2,""3"":4,""4"":21,""5"":3,""6"":5,""7"":16,""8"":43,""9"":34}","{""10"":3,""11"":5,""12"":4,""13"":30,""14"":32,""15"":14,""16"":35,""17"":5,""18"":7,""19"":8,""20"":3,""21"":3,""22"":4,""23"":1,""24"":1,""26"":1,""3"":4,""4"":12,""5"":10,""7"":1,""8"":1}",175,6.133004099503427,69,0.069,"{""10"":212,""11"":85,""12"":43,""13"":25,""14"":2,""3"":69,""4"":113,""5"":103,""6"":28,""7"":59,""8"":154,""9"":107}","{""11"":31,""12"":12,""13"":90,""14"":91,""15"":83,""16"":177,""17"":34,""18"":43,""19"":52,""20"":21,""21"":25,""22"":14,""23"":16,""24"":11,""25"":4,""26"":7,""27"":1,""3"":69,""4"":66,""5"":88,""6"":49,""7"":10,""8"":6}","{""Diagonal CMA-ES"":{""attempts"":325,""discoveries"":0,""improvements"":0,""insertions"":0,""insertion_rate"":0.0},""Immigrant"":{""attempts"":173,""discoveries"":0,""improvements"":0,""insertions"":0,""insertion_rate"":0.0},""Morphology"":{""attempts"":259,""discoveries"":0,""improvements"":1,""insertions"":1,""insertion_rate"":0.003861003861003861},""Novelty"":{""attempts"":243,""discoveries"":0,""improvements"":2,""insertions"":2,""insertion_rate"":0.00823045267489712}}","{""Morphology"":174,""Novelty"":23}",0,0.9295774647887324,false,124000
41,204,205000,8.218896537000001,0.046575504000000004,0.035628575,0.003384999,0.00756193,10.004477285,80.06086,42.661293,7610.867403447628,184,0.9583333,59,5.023663675573029,4,0.021739130434782608,"{""10"":40,""11"":9,""12"":7,""13"":2,""3"":4,""4"":21,""5"":3,""6"":5,""7"":16,""8"":43,""9"":34}","{""10"":3,""11"":5,""12"":4,""13"":30,""14"":32,""15"":14,""16"":36,""17"":5,""18"":7,""19"":7,""20"":3,""21"":3,""22"":4,""23"":1,""24"":1,""26"":1,""3"":4,""4"":12,""5"":10,""7"":1,""8"":1}",191,6.300674577599645,67,0.067,"{""10"":178,""11"":95,""12"":43,""13"":20,""14"":1,""3"":67,""4"":142,""5"":103,""6"":30,""7"":61,""8"":136,""9"":124}","{""10"":2,""11"":30,""12"":13,""13"":73,""14"":110,""15"":84,""16"":138,""17"":44,""18"":45,""19"":49,""20"":23,""21"":23,""22"":17,""23"":14,""24"":8,""25"":1,""26"":8,""27"":1,""28"":1,""3"":67,""4"":98,""5"":88,""6"":44,""7"":6,""8"":12,""9"":1}","{""Diagonal CMA-ES"":{""attempts"":256,""discoveries"":0,""improvements"":0,""insertions"":0,""insertion_rate"":0.0},""Immigrant"":{""attempts"":145,""discoveries"":0,""improvements"":0,""insertions"":0,""insertion_rate"":0.0},""Morphology"":{""attempts"":331,""discoveries"":0,""improvements"":1,""insertions"":1,""insertion_rate"":0.0030211480362537764},""Novelty"":{""attempts"":268,""discoveries"":0,""improvements"":0,""insertions"":0,""insertion_rate"":0.0}}","{""Morphology"":224,""Novelty"":32}",0,0.9295774647887324,false,125000
41,205,206000,8.262141659000001,0.043245122000000004,0.03176628,0.003506105,0.007972737,10.059188187,80.06086,42.661293,7612.713388860226,184,0.9583333,60,5.0577697138398,4,0.021739130434782608,"{""10"":40,""11"":10,""12"":7,""13"":2,""3"":4,""4"":21,""5"":3,""6"":5,""7"":16,""8"":42,""9"":34}","{""10"":3,""11"":5,""12"":4,""13"":29,""14"":32,""15"":14,""16"":36,""17"":5,""18"":8,""19"":7,""20"":3,""21"":3,""22"":4,""23"":1,""24"":1,""26"":1,""3"":4,""4"":12,""5"":10,""7"":1,""8"":1}",191,6.250267151933768,64,0.064,"{""10"":189,""11"":90,""12"":36,""13"":28,""14"":1,""3"":64,""4"":128,""5"":101,""6"":27,""7"":54,""8"":159,""9"":123}","{""10"":1,""11"":25,""12"":14,""13"":89,""14"":111,""15"":91,""16"":139,""17"":33,""18"":57,""19"":44,""20"":17,""21"":29,""22"":14,""23"":18,""24"":9,""25"":3,""26"":9,""28"":1,""3"":64,""4"":79,""5"":96,""6"":43,""7"":8,""8"":5,""9"":1}","{""Diagonal CMA-ES"":{""attempts"":313,""discoveries"":0,""improvements"":0,""insertions"":0,""insertion_rate"":0.0},""Immigrant"":{""attempts"":161,""discoveries"":0,""improvements"":0,""insertions"":0,""insertion_rate"":0.0},""Morphology"":{""attempts"":312,""discoveries"":0,""improvements"":1,""insertions"":1,""insertion_rate"":0.003205128205128205},""Novelty"":{""attempts"":214,""discoveries"":0,""improvements"":0,""insertions"":0,""insertion_rate"":0.0}}","{""Morphology"":203,""Novelty"":24}",1,0.9295774647887324,false,126000
41,206,207000,8.306369867,0.044228208,0.032739868,0.003456238,0.008032102,10.11494629,80.06086,42.661293,7612.7218670248985,184,0.9583333,60,5.057769713839801,4,0.021739130434782608,"{""10"":40,""11"":10,""12"":7,""13"":2,""3"":4,""4"":21,""5"":3,""6"":5,""7"":16,""8"":42,""9"":34}","{""10"":3,""11"":5,""12"":4,""13"":29,""14"":32,""15"":14,""16"":36,""17"":5,""18"":8,""19"":7,""20"":3,""21"":3,""22"":4,""23"":1,""24"":1,""26"":1,""3"":4,""4"":12,""5"":10,""7"":1,""8"":1}",200,6.23227424685529,66,0.066,"{""10"":150,""11"":106,""12"":88,""13"":27,""14"":1,""3"":66,""4"":118,""5"":81,""6"":27,""7"":49,""8"":173,""9"":114}","{""10"":1,""11"":25,""12"":14,""13"":61,""14"":96,""15"":76,""16"":115,""17"":48,""18"":64,""19"":84,""20"":15,""21"":24,""22"":72,""23"":16,""24"":10,""26"":8,""28"":2,""3"":66,""4"":69,""5"":78,""6"":43,""7"":7,""8"":3,""9"":3}","{""Diagonal CMA-ES"":{""attempts"":297,""discoveries"":0,""improvements"":0,""insertions"":0,""insertion_rate"":0.0},""Immigrant"":{""attempts"":145,""discoveries"":0,""improvements"":0,""insertions"":0,""insertion_rate"":0.0},""Morphology"":{""attempts"":316,""discoveries"":0,""improvements"":1,""insertions"":1,""insertion_rate"":0.0031645569620253164},""Novelty"":{""attempts"":242,""discoveries"":0,""improvements"":0,""insertions"":0,""insertion_rate"":0.0}}","{""Morphology"":213,""Novelty"":23}",0,0.9295774647887324,false,127000
41,207,208000,8.352965556000001,0.046595688999999996,0.035253387,0.00334107,0.008001232,10.171470202,80.06086,42.661293,7612.7218670248985,184,0.9583333,60,5.057769713839803,4,0.021739130434782608,"{""10"":40,""11"":10,""12"":7,""13"":2,""3"":4,""4"":21,""5"":3,""6"":5,""7"":16,""8"":42,""9"":34}","{""10"":3,""11"":5,""12"":4,""13"":29,""14"":32,""15"":14,""16"":36,""17"":5,""18"":8,""19"":7,""20"":3,""21"":3,""22"":4,""23"":1,""24"":1,""26"":1,""3"":4,""4"":12,""5"":10,""7"":1,""8"":1}",186,6.273586295024251,70,0.07,"{""10"":196,""11"":94,""12"":42,""13"":27,""14"":2,""3"":70,""4"":120,""5"":95,""6"":23,""7"":69,""8"":148,""9"":114}","{""10"":3,""11"":24,""12"":16,""13"":82,""14"":106,""15"":85,""16"":159,""17"":33,""18"":57,""19"":43,""20"":21,""21"":29,""22"":22,""23"":15,""24"":9,""25"":2,""26"":7,""28"":1,""3"":70,""32"":1,""4"":70,""5"":89,""6"":34,""7"":17,""8"":5}","{""Diagonal CMA-ES"":{""attempts"":280,""discoveries"":0,""improvements"":0,""insertions"":0,""insertion_rate"":0.0},""Immigrant"":{""attempts"":155,""discoveries"":0,""improvements"":0,""insertions"":0,""insertion_rate"":0.0},""Morphology"":{""attempts"":294,""discoveries"":0,""improvements"":0,""insertions"":0,""insertion_rate"":0.0},""Novelty"":{""attempts"":271,""discoveries"":0,""improvements"":0,""insertions"":0,""insertion_rate"":0.0}}","{""Morphology"":186,""Novelty"":36}",0,0.9295774647887324,false,128000
41,208,209000,8.399481695,0.046516139000000005,0.035779362,0.003455051,0.007281726,10.228287379,80.06086,42.661293,7613.007428586483,184,0.9583333,60,5.057769713839801,4,0.021739130434782608,"{""10"":40,""11"":10,""12"":7,""13"":2,""3"":4,""4"":21,""5"":3,""6"":5,""7"":16,""8"":42,""9"":34}","{""10"":3,""11"":5,""12"":4,""13"":29,""14"":32,""15"":14,""16"":36,""17"":5,""18"":8,""19"":7,""20"":3,""21"":3,""22"":4,""23"":1,""24"":1,""26"":1,""3"":4,""4"":12,""5"":10,""7"":1,""8"":1}",195,6.372436594901896,74,0.074,"{""10"":187,""11"":96,""12"":36,""13"":25,""14"":2,""3"":74,""4"":104,""5"":109,""6"":28,""7"":58,""8"":150,""9"":131}","{""10"":3,""11"":31,""12"":19,""13"":76,""14"":110,""15"":77,""16"":150,""17"":39,""18"":46,""19"":42,""20"":26,""21"":30,""22"":23,""23"":17,""24"":12,""25"":1,""26"":6,""27"":1,""28"":2,""3"":74,""4"":62,""5"":88,""6"":45,""7"":14,""8"":6}","{""Diagonal CMA-ES"":{""attempts"":301,""discoveries"":0,""improvements"":1,""insertions"":1,""insertion_rate"":0.0033222591362126247},""Immigrant"":{""attempts"":152,""discoveries"":0,""improvements"":0,""insertions"":0,""insertion_rate"":0.0},""Morphology"":{""attempts"":319,""discoveries"":0,""improvements"":1,""insertions"":1,""insertion_rate"":0.003134796238244514},""Novelty"":{""attempts"":228,""discoveries"":0,""improvements"":0,""insertions"":0,""insertion_rate"":0.0}}","{""Morphology"":216,""Novelty"":29}",0,0.9299065420560748,false,129000
41,209,210000,8.44401504,0.044533344999999995,0.034303545,0.0032354,0.0069944,10.282683645,80.06086,42.661293,7637.299664914608,184,0.9583333,60,5.070414655290179,4,0.021739130434782608,"{""10"":39,""11"":11,""12"":8,""13"":2,""3"":4,""4"":21,""5"":3,""6"":5,""7"":16,""8"":42,""9"":33}","{""10"":3,""11"":5,""12"":4,""13"":29,""14"":32,""15"":13,""16"":35,""17"":6,""18"":8,""19"":7,""20"":3,""21"":3,""22"":5,""23"":1,""24"":1,""26"":1,""3"":4,""4"":12,""5"":10,""7"":1,""8"":1}",193,6.160004755472042,73,0.073,"{""10"":179,""11"":90,""12"":53,""13"":33,""3"":73,""4"":141,""5"":92,""6"":21,""7"":36,""8"":118,""9"":164}","{""10"":3,""11"":21,""12"":11,""13"":68,""14"":141,""15"":83,""16"":140,""17"":51,""18"":35,""19"":27,""20"":17,""21"":20,""22"":39,""23"":15,""24"":7,""25"":3,""26"":9,""3"":73,""32"":1,""4"":97,""5"":79,""6"":40,""7"":14,""8"":5,""9"":1}","{""Diagonal CMA-ES"":{""attempts"":287,""discoveries"":0,""improvements"":0,""insertions"":0,""insertion_rate"":0.0},""Immigrant"":{""attempts"":169,""discoveries"":0,""improvements"":0,""insertions"":0,""insertion_rate"":0.0},""Morphology"":{""attempts"":298,""discoveries"":0,""improvements"":4,""insertions"":4,""insertion_rate"":0.013422818791946308},""Novelty"":{""attempts"":246,""discoveries"":0,""improvements"":0,""insertions"":0,""insertion_rate"":0.0}}","{""Morphology"":212,""Novelty"":22}",1,0.9299065420560748,false,130000
41,210,211000,8.488619621,0.044604581000000004,0.034191938,0.003469298,0.006943345,10.337826725,80.06086,42.661293,7639.571912229061,184,0.9583333,60,5.073959185368946,4,0.021739130434782608,"{""10"":40,""11"":11,""12"":8,""13"":2,""3"":4,""4"":21,""5"":3,""6"":5,""7"":16,""8"":41,""9"":33}","{""10"":3,""11"":5,""12"":4,""13"":28,""14"":32,""15"":13,""16"":36,""17"":6,""18"":8,""19"":7,""20"":3,""21"":3,""22"":5,""23"":1,""24"":1,""26"":1,""3"":4,""4"":12,""5"":10,""7"":1,""8"":1}",206,6.036785017494443,58,0.058,"{""10"":183,""11"":66,""12"":53,""13"":21,""14"":1,""3"":58,""4"":113,""5"":101,""6"":14,""7"":39,""8"":147,""9"":204}","{""10"":4,""11"":13,""12"":11,""13"":58,""14"":171,""15"":82,""16"":146,""17"":48,""18"":21,""19"":68,""20"":23,""21"":14,""22"":39,""23"":11,""24"":5,""25"":3,""26"":7,""27"":1,""28"":1,""3"":58,""4"":89,""5"":63,""6"":47,""7"":12,""8"":4,""9"":1}","{""Diagonal CMA-ES"":{""attempts"":295,""discoveries"":0,""improvements"":0,""insertions"":0,""insertion_rate"":0.0},""Immigrant"":{""attempts"":160,""discoveries"":0,""improvements"":0,""insertions"":0,""insertion_rate"":0.0},""Morphology"":{""attempts"":291,""discoveries"":0,""improvements"":1,""insertions"":1,""insertion_rate"":0.003436426116838488},""Novelty"":{""attempts"":254,""discoveries"":0,""improvements"":0,""insertions"":0,""insertion_rate"":0.0}}","{""Morphology"":188,""Novelty"":41}",0,0.9299065420560748,false,131000
41,211,212000,8.533016425,0.044396804,0.033626783,0.00362246,0.007147561,10.392173125,80.06086,42.661293,7656.884759366512,184,0.9583333,60,5.073959185368947,4,0.021739130434782608,"{""10"":40,""11"":11,""12"":8,""13"":2,""3"":4,""4"":21,""5"":3,""6"":5,""7"":16,""8"":41,""9"":33}","{""10"":3,""11"":5,""12"":4,""13"":28,""14"":32,""15"":13,""16"":36,""17"":6,""18"":8,""19"":7,""20"":3,""21"":3,""22"":5,""23"":1,""24"":1,""26"":1,""3"":4,""4"":12,""5"":10,""7"":1,""8"":1}",194,6.064608644642592,75,0.075,"{""10"":199,""11"":82,""12"":50,""13"":27,""14"":1,""3"":75,""4"":132,""5"":83,""6"":8,""7"":45,""8"":139,""9"":159}","{""10"":4,""11"":9,""12"":7,""13"":96,""14"":123,""15"":100,""16"":152,""17"":61,""18"":38,""19"":20,""20"":14,""21"":21,""22"":39,""23"":11,""24"":3,""25"":5,""26"":4,""28"":3,""3"":75,""4"":98,""5"":64,""6"":30,""7"":16,""8"":7}","{""Diagonal CMA-ES"":{""attempts"":298,""discoveries"":0,""improvements"":0,""insertions"":0,""insertion_rate"":0.0},""Immigrant"":{""attempts"":160,""discoveries"":0,""improvements"":0,""insertions"":0,""insertion_rate"":0.0},""Morphology"":{""attempts"":304,""discoveries"":0,""improvements"":1,""insertions"":1,""insertion_rate"":0.003289473684210526},""Novelty"":{""attempts"":238,""discoveries"":0,""improvements"":0,""insertions"":0,""insertion_rate"":0.0}}","{""Morphology"":206,""Novelty"":35}",0,0.9299065420560748,false,132000
41,212,213000,8.578556601999999,0.045540177,0.035184524,0.003241336,0.007114317,10.448324225,80.06086,42.99299,7704.271792829037,184,0.9583333,60,5.070229997728604,4,0.021739130434782608,"{""10"":41,""11"":11,""12"":8,""13"":2,""3"":4,""4"":20,""5"":3,""6"":5,""7"":16,""8"":41,""9"":33}","{""10"":3,""11"":5,""12"":4,""13"":28,""14"":32,""15"":13,""16"":37,""17"":6,""18"":8,""19"":7,""20"":3,""21"":3,""22"":5,""23"":1,""24"":1,""26"":1,""3"":4,""4"":11,""5"":10,""7"":1,""8"":1}",194,6.1183481418362575,54,0.054,"{""10"":198,""11"":70,""12"":57,""13"":28,""14"":3,""3"":54,""4"":123,""5"":103,""6"":11,""7"":47,""8"":148,""9"":158}","{""10"":4,""11"":13,""12"":8,""13"":95,""14"":136,""15"":94,""16"":148,""17"":48,""18"":33,""19"":24,""20"":12,""21"":22,""22"":41,""23"":18,""24"":6,""25"":5,""26"":4,""27"":3,""28"":4,""3"":54,""33"":2,""4"":77,""5"":89,""6"":35,""7"":20,""8"":5}","{""Diagonal CMA-ES"":{""attempts"":301,""discoveries"":0,""improvements"":0,""insertions"":0,""insertion_rate"":0.0},""Immigrant"":{""attempts"":148,""discoveries"":0,""improvements"":0,""insertions"":0,""insertion_rate"":0.0},""Morphology"":{""attempts"":296,""discoveries"":0,""improvements"":2,""insertions"":2,""insertion_rate"":0.006756756756756757},""Novelty"":{""attempts"":255,""discoveries"":0,""improvements"":0,""insertions"":0,""insertion_rate"":0.0}}","{""Morphology"":198,""Novelty"":36}",0,0.9302325581395349,false,133000
41,213,214000,8.622706446999999,0.044149845,0.033202916,0.003463361,0.007483568,10.503971908,80.06086,42.99299,7719.404345929623,184,0.9583333,59,5.0593604325112125,4,0.021739130434782608,"{""10"":42,""11"":10,""12"":8,""13"":2,""3"":4,""4"":20,""5"":3,""6"":5,""7"":16,""8"":41,""9"":33}","{""10"":3,""11"":5,""12"":4,""13"":28,""14"":32,""15"":13,""16"":38,""17"":6,""18"":7,""19"":7,""20"":3,""21"":3,""22"":5,""23"":1,""24"":1,""26"":1,""3"":4,""4"":11,""5"":10,""7"":1,""8"":1}",180,5.982724132746945,58,0.058,"{""10"":163,""11"":91,""12"":45,""13"":28,""3"":58,""4"":118,""5"":83,""6"":16,""7"":69,""8"":152,""9"":177}","{""10"":7,""11"":14,""12"":5,""13"":110,""14"":150,""15"":103,""16"":138,""17"":49,""18"":48,""19"":26,""20"":14,""21"":16,""22"":31,""23"":7,""24"":6,""25"":7,""26"":8,""3"":58,""4"":81,""5"":72,""6"":28,""7"":17,""8"":5}","{""Diagonal CMA-ES"":{""attempts"":319,""discoveries"":0,""improvements"":0,""insertions"":0,""insertion_rate"":0.0},""Immigrant"":{""attempts"":135,""discoveries"":0,""improvements"":0,""insertions"":0,""insertion_rate"":0.0},""Morphology"":{""attempts"":279,""discoveries"":0,""improvements"":3,""insertions"":3,""insertion_rate"":0.010752688172043012},""Novelty"":{""attempts"":267,""discoveries"":0,""improvements"":0,""insertions"":0,""insertion_rate"":0.0}}","{""Morphology"":196,""Novelty"":27}",0,0.9302325581395349,false,134000
41,214,215000,8.668214566,0.045508119,0.034366472,0.003742378,0.007399269,10.55920641,80.06086,43.36018,7736.039573132992,184,0.9583333,59,5.064005829099655,4,0.021739130434782608,"{""10"":42,""11"":11,""12"":8,""13"":2,""3"":4,""4"":19,""5"":3,""6"":5,""7"":16,""8"":41,""9"":33}","{""10"":3,""11"":5,""12"":4,""13"":28,""14"":32,""15"":13,""16"":38,""17"":6,""18"":8,""19"":7,""20"":3,""21"":3,""22"":5,""23"":1,""24"":1,""26"":1,""3"":4,""4"":11,""5"":9,""7"":1,""8"":1}",194,5.951751858760486,65,0.065,"{""10"":211,""11"":82,""12"":29,""13"":24,""3"":65,""4"":143,""5"":104,""6"":15,""7"":88,""8"":170,""9"":69}","{""10"":1,""11"":15,""12"":8,""13"":127,""14"":52,""15"":110,""16"":188,""17"":36,""18"":37,""19"":34,""20"":13,""21"":16,""22"":17,""23"":13,""24"":6,""25"":4,""26"":6,""28"":3,""3"":65,""4"":62,""5"":117,""6"":49,""7"":19,""8"":1,""9"":1}","{""Diagonal CMA-ES"":{""attempts"":302,""discoveries"":0,""improvements"":0,""insertions"":0,""insertion_rate"":0.0},""Immigrant"":{""attempts"":159,""discoveries"":0,""improvements"":0,""insertions"":0,""insertion_rate"":0.0},""Morphology"":{""attempts"":303,""discoveries"":0,""improvements"":2,""insertions"":2,""insertion_rate"":0.006600660066006601},""Novelty"":{""attempts"":236,""discoveries"":0,""improvements"":0,""insertions"":0,""insertion_rate"":0.0}}","{""Morphology"":201,""Novelty"":32}",0,0.9302325581395349,false,135000
41,215,216000,8.707775487,0.039560921,0.029066354,0.002914827,0.00757974,10.607970114,80.06086,43.36018,7736.039573132992,184,0.9583333,59,5.064005829099656,4,0.021739130434782608,"{""10"":42,""11"":11,""12"":8,""13"":2,""3"":4,""4"":19,""5"":3,""6"":5,""7"":16,""8"":41,""9"":33}","{""10"":3,""11"":5,""12"":4,""13"":28,""14"":32,""15"":13,""16"":38,""17"":6,""18"":8,""19"":7,""20"":3,""21"":3,""22"":5,""23"":1,""24"":1,""26"":1,""3"":4,""4"":11,""5"":9,""7"":1,""8"":1}",196,6.308564501788095,67,0.067,"{""10"":189,""11"":101,""12"":37,""13"":34,""3"":67,""4"":116,""5"":95,""6"":25,""7"":84,""8"":160,""9"":92}","{""10"":1,""11"":26,""12"":12,""13"":89,""14"":79,""15"":99,""16"":150,""17"":49,""18"":57,""19"":44,""20"":18,""21"":23,""22"":24,""23"":25,""24"":11,""25"":3,""26"":9,""28"":1,""3"":67,""4"":71,""5"":85,""6"":43,""7"":12,""8"":2}","{""Diagonal CMA-ES"":{""attempts"":305,""discoveries"":0,""improvements"":0,""insertions"":0,""insertion_rate"":0.0},""Immigrant"":{""attempts"":166,""discoveries"":0,""improvements"":0,""insertions"":0,""insertion_rate"":0.0},""Morphology"":{""attempts"":300,""discoveries"":0,""improvements"":0,""insertions"":0,""insertion_rate"":0.0},""Novelty"":{""attempts"":229,""discoveries"":0,""improvements"":0,""insertions"":0,""insertion_rate"":0.0}}","{""Morphology"":202,""Novelty"":35}",0,0.9302325581395349,false,136000
41,216,217000,8.752378881999999,0.044603395,0.033966351,0.003343444,0.0072936,10.662970717,80.06086,43.36018,7736.925589978695,184,0.9583333,59,5.064005829099657,4,0.021739130434782608,"{""10"":42,""11"":11,""12"":8,""13"":2,""3"":4,""4"":19,""5"":3,""6"":5,""7"":16,""8"":41,""9"":33}","{""10"":3,""11"":5,""12"":4,""13"":28,""14"":32,""15"":13,""16"":38,""17"":6,""18"":8,""19"":7,""20"":3,""21"":3,""22"":5,""23"":1,""24"":1,""26"":1,""3"":4,""4"":11,""5"":9,""7"":1,""8"":1}",192,6.313020229411846,74,0.074,"{""10"":183,""11"":112,""12"":40,""13"":25,""14"":1,""3"":74,""4"":117,""5"":90,""6"":34,""7"":63,""8"":158,""9"":103}","{""10"":1,""11"":31,""12"":16,""13"":77,""14"":92,""15"":83,""16"":138,""17"":51,""18"":66,""19"":55,""20"":20,""21"":29,""22"":19,""23"":14,""24"":12,""25"":3,""26"":8,""28"":1,""3"":74,""4"":63,""5"":102,""6"":33,""7"":7,""8"":5}","{""Diagonal CMA-ES"":{""attempts"":315,""discoveries"":0,""improvements"":0,""insertions"":0,""insertion_rate"":0.0},""Immigrant"":{""attempts"":153,""discoveries"":0,""improvements"":0,""insertions"":0,""insertion_rate"":0.0},""Morphology"":{""attempts"":295,""discoveries"":0,""improvements"":1,""insertions"":1,""insertion_rate"":0.003389830508474576},""Novelty"":{""attempts"":237,""discoveries"":0,""improvements"":0,""insertions"":0,""insertion_rate"":0.0}}","{""Morphology"":198,""Novelty"":34}",0,0.9302325581395349,false,137000
41,217,218000,8.796934785999998,0.04455590399999999,0.034320168,0.002848339,0.007387397,10.71762819,80.06086,43.36018,7751.791783750057,184,0.9583333,58,5.055541648362843,4,0.021739130434782608,"{""10"":42,""11"":11,""12"":8,""13"":3,""3"":4,""4"":19,""5"":3,""6"":5,""7"":16,""8"":40,""9"":33}","{""10"":3,""11"":5,""12"":4,""13"":27,""14"":32,""15"":13,""16"":39,""17"":6,""18"":7,""19"":7,""20"":3,""21"":3,""22"":5,""23"":1,""24"":1,""26"":2,""3"":4,""4"":11,""5"":9,""7"":1,""8"":1}",182,4.880415200623082,56,0.056,"{""10"":157,""11"":69,""12"":11,""13"":25,""3"":56,""4"":59,""5"":86,""6"":2,""7"":103,""8"":359,""9"":73}","{""11"":4,""12"":8,""13"":333,""14"":51,""15"":146,""16"":133,""17"":46,""18"":23,""19"":10,""20"":4,""21"":8,""22"":10,""23"":11,""24"":5,""25"":2,""26"":4,""28"":1,""3"":56,""4"":41,""5"":48,""6"":44,""7"":8,""8"":3,""9"":1}","{""Diagonal CMA-ES"":{""attempts"":310,""discoveries"":0,""improvements"":0,""insertions"":0,""insertion_rate"":0.0},""Immigrant"":{""attempts"":141,""discoveries"":0,""improvements"":0,""insertions"":0,""insertion_rate"":0.0},""Morphology"":{""attempts"":310,""discoveries"":0,""improvements"":3,""insertions"":3,""insertion_rate"":0.00967741935483871},""Novelty"":{""attempts"":239,""discoveries"":0,""improvements"":0,""insertions"":0,""insertion_rate"":0.0}}","{""Morphology"":197,""Novelty"":35}",0,0.9302325581395349,false,138000
41,218,219000,8.842114022999997,0.045179237000000004,0.03477253,0.002883958,0.007522749,10.773579823,80.06086,43.36018,7751.791783750057,184,0.9583333,58,5.0555416483628415,4,0.021739130434782608,"{""10"":42,""11"":11,""12"":8,""13"":3,""3"":4,""4"":19,""5"":3,""6"":5,""7"":16,""8"":40,""9"":33}","{""10"":3,""11"":5,""12"":4,""13"":27,""14"":32,""15"":13,""16"":39,""17"":6,""18"":7,""19"":7,""20"":3,""21"":3,""22"":5,""23"":1,""24"":1,""26"":2,""3"":4,""4"":11,""5"":9,""7"":1,""8"":1}",175,5.578525167628223,62,0.062,"{""10"":138,""11"":91,""12"":27,""13"":22,""14"":1,""3"":62,""4"":77,""5"":93,""6"":17,""7"":93,""8"":293,""9"":86}","{""11"":17,""12"":30,""13"":246,""14"":68,""15"":91,""16"":114,""17"":49,""18"":41,""19"":28,""20"":14,""21"":19,""22"":19,""23"":14,""24"":7,""25"":1,""26"":6,""28"":2,""3"":62,""32"":1,""4"":51,""5"":71,""6"":37,""7"":10,""8"":2}","{""Diagonal CMA-ES"":{""attempts"":288,""discoveries"":0,""improvements"":0,""insertions"":0,""insertion_rate"":0.0},""Immigrant"":{""attempts"":138,""discoveries"":0,""improvements"":0,""insertions"":0,""insertion_rate"":0.0},""Morphology"":{""attempts"":302,""discoveries"":0,""improvements"":0,""insertions"":0,""insertion_rate"":0.0},""Novelty"":{""attempts"":272,""discoveries"":0,""improvements"":0,""insertions"":0,""insertion_rate"":0.0}}","{""Morphology"":198,""Novelty"":30}",0,0.9302325581395349,false,139000
41,219,220000,8.885312839999997,0.043198817,0.032798046,0.003225901,0.00717487,10.827038121,80.06086,43.36018,7751.791783750057,184,0.9583333,58,5.055541648362839,4,0.021739130434782608,"{""10"":42,""11"":11,""12"":8,""13"":3,""3"":4,""4"":19,""5"":3,""6"":5,""7"":16,""8"":40,""9"":33}","{""10"":3,""11"":5,""12"":4,""13"":27,""14"":32,""15"":13,""16"":39,""17"":6,""18"":7,""19"":7,""20"":3,""21"":3,""22"":5,""23"":1,""24"":1,""26"":2,""3"":4,""4"":11,""5"":9,""7"":1,""8"":1}",180,6.244905048118233,64,0.064,"{""10"":169,""11"":116,""12"":38,""13"":32,""14"":2,""3"":64,""4"":111,""5"":96,""6"":26,""7"":82,""8"":167,""9"":97}","{""11"":27,""12"":23,""13"":99,""14"":82,""15"":78,""16"":148,""17"":60,""18"":47,""19"":47,""20"":21,""21"":32,""22"":21,""23"":15,""24"":11,""25"":1,""26"":13,""27"":1,""28"":2,""3"":64,""4"":64,""5"":100,""6"":38,""7"":5,""8"":1}","{""Diagonal CMA-ES"":{""attempts"":295,""discoveries"":0,""improvements"":0,""insertions"":0,""insertion_rate"":0.0},""Immigrant"":{""attempts"":142,""discoveries"":0,""improvements"":0,""insertions"":0,""insertion_rate"":0.0},""Morphology"":{""attempts"":321,""discoveries"":0,""improvements"":0,""insertions"":0,""insertion_rate"":0.0},""Novelty"":{""attempts"":242,""discoveries"":0,""improvements"":0,""insertions"":0,""insertion_rate"":0.0}}","{""Morphology"":211,""Novelty"":33}",0,0.9302325581395349,false,140000
41,220,221000,8.930962247999997,0.045649407999999995,0.033896301,0.00338025,0.008372857,10.882713112,80.06086,43.662655,7754.398862302303,184,0.9583333,59,5.073178129329347,4,0.021739130434782608,"{""10"":41,""11"":12,""12"":8,""13"":3,""3"":4,""4"":19,""5"":3,""6"":5,""7"":16,""8"":40,""9"":33}","{""10"":3,""11"":5,""12"":4,""13"":27,""14"":32,""15"":12,""16"":40,""17"":6,""18"":7,""19"":7,""20"":3,""21"":3,""22"":5,""23"":1,""24"":1,""26"":2,""3"":4,""4"":11,""5"":9,""7"":1,""8"":1}",177,6.178359639005366,73,0.073,"{""10"":176,""11"":99,""12"":47,""13"":24,""14"":3,""3"":73,""4"":116,""5"":100,""6"":29,""7"":77,""8"":175,""9"":81}","{""10"":1,""11"":31,""12"":18,""13"":102,""14"":65,""15"":76,""16"":153,""17"":51,""18"":44,""19"":47,""20"":22,""21"":34,""22"":26,""23"":15,""24"":13,""25"":2,""26"":7,""29"":1,""3"":73,""4"":72,""5"":92,""6"":41,""7"":11,""8"":3}","{""Diagonal CMA-ES"":{""attempts"":294,""discoveries"":0,""improvements"":0,""insertions"":0,""insertion_rate"":0.0},""Immigrant"":{""attempts"":161,""discoveries"":0,""improvements"":0,""insertions"":0,""insertion_rate"":0.0},""Morphology"":{""attempts"":275,""discoveries"":0,""improvements"":2,""insertions"":2,""insertion_rate"":0.007272727272727273},""Novelty"":{""attempts"":270,""discoveries"":0,""improvements"":0,""insertions"":0,""insertion_rate"":0.0}}","{""Morphology"":195,""Novelty"":23}",1,0.9302325581395349,false,141000
41,221,222000,8.981586454999997,0.050624207,0.039348394,0.003425368,0.007850445,10.944104965,80.06086,43.662655,7754.576329648495,184,0.9583333,59,5.073178129329343,4,0.021739130434782608,"{""10"":41,""11"":12,""12"":8,""13"":3,""3"":4,""4"":19,""5"":3,""6"":5,""7"":16,""8"":40,""9"":33}","{""10"":3,""11"":5,""12"":4,""13"":27,""14"":32,""15"":12,""16"":40,""17"":6,""18"":7,""19"":7,""20"":3,""21"":3,""22"":5,""23"":1,""24"":1,""26"":2,""3"":4,""4"":11,""5"":9,""7"":1,""8"":1}",184,6.1496051649807235,66,0.066,"{""10"":164,""11"":186,""12"":53,""13"":25,""14"":2,""3"":66,""4"":109,""5"":74,""6"":27,""7"":59,""8"":157,""9"":78}","{""10"":1,""11"":28,""12"":14,""13"":82,""14"":68,""15"":64,""16"":236,""17"":51,""18"":48,""19"":45,""20"":16,""21"":32,""22"":29,""23"":10,""24"":9,""25"":2,""26"":10,""27"":3,""3"":66,""31"":1,""4"":69,""5"":73,""6"":37,""7"":4,""8"":1,""9"":1}","{""Diagonal CMA-ES"":{""attempts"":314,""discoveries"":0,""improvements"":0,""insertions"":0,""insertion_rate"":0.0},""Immigrant"":{""attempts"":137,""discoveries"":0,""improvements"":0,""insertions"":0,""insertion_rate"":0.0},""Morphology"":{""attempts"":289,""discoveries"":0,""improvements"":1,""insertions"":1,""insertion_rate"":0.0034602076124567475},""Novelty"":{""attempts"":260,""discoveries"":0,""improvements"":0,""insertions"":0,""insertion_rate"":0.0}}","{""Morphology"":186,""Novelty"":41}",0,0.9302325581395349,false,142000
41,222,223000,9.028243883999997,0.04665742899999999,0.035363807,0.003593965,0.007699657,11.000916205,80.06086,43.662655,7762.7401956915855,184,0.9583333,59,5.122027118988835,4,0.021739130434782608,"{""10"":41,""11"":13,""12"":8,""13"":4,""3"":4,""4"":19,""5"":3,""6"":5,""7"":15,""8"":39,""9"":33}","{""10"":3,""11"":5,""12"":4,""13"":26,""14"":32,""15"":12,""16"":39,""17"":7,""18"":7,""19"":7,""20"":3,""21"":3,""22"":6,""23"":1,""24"":1,""26"":2,""3"":4,""4"":11,""5"":9,""7"":1,""8"":1}",205,6.354698021327336,66,0.066,"{""10"":164,""11"":154,""12"":45,""13"":31,""14"":2,""3"":66,""4"":102,""5"":76,""6"":32,""7"":71,""8"":150,""9"":107}","{""10"":1,""11"":27,""12"":18,""13"":79,""14"":95,""15"":63,""16"":201,""17"":54,""18"":51,""19"":46,""20"":22,""21"":29,""22"":24,""23"":15,""24"":11,""25"":4,""26"":10,""29"":3,""3"":66,""4"":61,""5"":78,""6"":24,""7"":16,""8"":2}","{""Diagonal CMA-ES"":{""attempts"":307,""discoveries"":0,""improvements"":0,""insertions"":0,""insertion_rate"":0.0},""Immigrant"":{""attempts"":134,""discoveries"":0,""improvements"":0,""insertions"":0,""insertion_rate"":0.0},""Morphology"":{""attempts"":302,""discoveries"":0,""improvements"":5,""insertions"":5,""insertion_rate"":0.016556291390728478},""Novelty"":{""attempts"":257,""discoveries"":0,""improvements"":0,""insertions"":0,""insertion_rate"":0.0}}","{""Morphology"":199,""Novelty"":29}",0,0.9302325581395349,false,143000
41,223,224000,9.070697073999996,0.042453189999999995,0.031785277,0.00309411,0.007573803,11.054775811,80.06086,43.662655,7765.2488912940025,184,0.9583333,60,5.132896684206225,4,0.021739130434782608,"{""10"":41,""11"":13,""12"":8,""13"":3,""14"":1,""3"":4,""4"":19,""5"":3,""6"":5,""7"":15,""8"":39,""9"":33}","{""10"":3,""11"":5,""12"":4,""13"":26,""14"":32,""15"":12,""16"":39,""17"":7,""18"":7,""19"":7,""20"":3,""21"":3,""22"":6,""23"":1,""24"":1,""26"":1,""27"":1,""3"":4,""4"":11,""5"":9,""7"":1,""8"":1}",177,5.246569437632518,51,0.051,"{""10"":418,""11"":87,""12"":11,""13"":18,""14"":1,""3"":51,""4"":76,""5"":84,""6"":10,""7"":88,""8"":92,""9"":64}","{""10"":1,""11"":8,""12"":44,""13"":74,""14"":43,""15"":122,""16"":353,""17"":35,""18"":42,""19"":10,""20"":11,""21"":4,""22"":13,""23"":12,""24"":4,""25"":3,""26"":4,""27"":1,""3"":51,""4"":50,""5"":59,""6"":38,""7"":11,""8"":6,""9"":1}","{""Diagonal CMA-ES"":{""attempts"":285,""discoveries"":0,""improvements"":0,""insertions"":0,""insertion_rate"":0.0},""Immigrant"":{""attempts"":151,""discoveries"":0,""improvements"":0,""insertions"":0,""insertion_rate"":0.0},""Morphology"":{""attempts"":332,""discoveries"":0,""improvements"":1,""insertions"":1,""insertion_rate"":0.0030120481927710845},""Novelty"":{""attempts"":232,""discoveries"":0,""improvements"":0,""insertions"":0,""insertion_rate"":0.0}}","{""Morphology"":212,""Novelty"":27}",1,0.9305555555555556,false,144000
41,224,225000,9.117512413999997,0.04681534,0.035938462,0.002930262,0.007946616,11.111885064,80.06086,43.662655,7767.403893887997,184,0.9583333,60,5.132896684206226,4,0.021739130434782608,"{""10"":41,""11"":13,""12"":8,""13"":3,""14"":1,""3"":4,""4"":19,""5"":3,""6"":5,""7"":15,""8"":39,""9"":33}","{""10"":3,""11"":5,""12"":4,""13"":26,""14"":32,""15"":12,""16"":39,""17"":7,""18"":7,""19"":7,""20"":3,""21"":3,""22"":6,""23"":1,""24"":1,""26"":1,""27"":1,""3"":4,""4"":11,""5"":9,""7"":1,""8"":1}",187,5.535035334958782,64,0.064,"{""10"":350,""11"":93,""12"":23,""13"":17,""14"":3,""3"":64,""4"":101,""5"":93,""6"":9,""7"":64,""8"":130,""9"":53}","{""10"":1,""11"":10,""12"":49,""13"":95,""14"":34,""15"":61,""16"":327,""17"":44,""18"":40,""19"":17,""20"":12,""21"":11,""22"":11,""23"":10,""24"":8,""25"":1,""26"":5,""27"":2,""28"":2,""3"":64,""33"":1,""4"":70,""5"":62,""6"":49,""7"":11,""8"":3}","{""Diagonal CMA-ES"":{""attempts"":311,""discoveries"":0,""improvements"":0,""insertions"":0,""insertion_rate"":0.0},""Immigrant"":{""attempts"":174,""discoveries"":0,""improvements"":0,""insertions"":0,""insertion_rate"":0.0},""Morphology"":{""attempts"":283,""discoveries"":0,""improvements"":2,""insertions"":2,""insertion_rate"":0.007067137809187279},""Novelty"":{""attempts"":232,""discoveries"":0,""improvements"":0,""insertions"":0,""insertion_rate"":0.0}}","{""Morphology"":195,""Novelty"":33}",0,0.9305555555555556,false,145000
41,225,226000,9.167775679999997,0.050263266,0.038605143,0.003438428,0.008219695,11.172257024,80.06086,43.662655,7768.781722486019,184,0.9583333,61,5.150533165172729,4,0.021739130434782608,"{""10"":41,""11"":13,""12"":8,""13"":3,""14"":1,""3"":4,""4"":19,""5"":3,""6"":5,""7"":15,""8"":38,""9"":34}","{""10"":3,""11"":5,""12"":4,""13"":26,""14"":32,""15"":11,""16"":40,""17"":7,""18"":7,""19"":7,""20"":3,""21"":3,""22"":6,""23"":1,""24"":1,""26"":1,""27"":1,""3"":4,""4"":11,""5"":9,""7"":1,""8"":1}",191,6.290247889662777,67,0.067,"{""10"":170,""11"":110,""12"":47,""13"":29,""14"":10,""3"":67,""4"":119,""5"":86,""6"":32,""7"":79,""8"":166,""9"":85}","{""10"":3,""11"":30,""12"":16,""13"":88,""14"":75,""15"":82,""16"":158,""17"":49,""18"":43,""19"":52,""20"":31,""21"":23,""22"":29,""23"":19,""24"":12,""25"":2,""26"":2,""27"":9,""28"":2,""3"":67,""33"":1,""4"":65,""5"":95,""6"":32,""7"":12,""8"":3}","{""Diagonal CMA-ES"":{""attempts"":304,""discoveries"":0,""improvements"":0,""insertions"":0,""insertion_rate"":0.0},""Immigrant"":{""attempts"":136,""discoveries"":0,""improvements"":0,""insertions"":0,""insertion_rate"":0.0},""Morphology"":{""attempts"":291,""discoveries"":0,""improvements"":1,""insertions"":1,""insertion_rate"":0.003436426116838488},""Novelty"":{""attempts"":269,""discoveries"":0,""improvements"":0,""insertions"":0,""insertion_rate"":0.0}}","{""Morphology"":199,""Novelty"":23}",1,0.9305555555555556,false,146000
41,226,227000,9.215956417999996,0.048180738,0.037100831,0.003555971,0.007523936,11.231230342,80.06086,43.662655,7769.3613037467,184,0.9583333,62,5.170150776446841,4,0.021739130434782608,"{""10"":41,""11"":13,""12"":8,""13"":3,""14"":1,""3"":4,""4"":19,""5"":3,""6"":5,""7"":14,""8"":39,""9"":34}","{""10"":3,""11"":5,""12"":4,""13"":26,""14"":32,""15"":11,""16"":39,""17"":8,""18"":7,""19"":7,""20"":3,""21"":3,""22"":6,""23"":1,""24"":1,""26"":1,""27"":1,""3"":4,""4"":11,""5"":9,""7"":1,""8"":1}",187,6.342809119731045,61,0.061,"{""10"":182,""11"":111,""12"":38,""13"":32,""14"":9,""15"":1,""3"":61,""4"":115,""5"":86,""6"":29,""7"":73,""8"":153,""9"":110}","{""10"":1,""11"":28,""12"":15,""13"":82,""14"":88,""15"":89,""16"":166,""17"":45,""18"":53,""19"":55,""20"":17,""21"":20,""22"":38,""23"":12,""24"":10,""25"":2,""26"":4,""27"":8,""3"":61,""30"":2,""33"":1,""4"":64,""5"":91,""6"":36,""7"":9,""8"":3}","{""Diagonal CMA-ES"":{""attempts"":315,""discoveries"":0,""improvements"":0,""insertions"":0,""insertion_rate"":0.0},""Immigrant"":{""attempts"":143,""discoveries"":0,""improvements"":0,""insertions"":0,""insertion_rate"":0.0},""Morphology"":{""attempts"":293,""discoveries"":0,""improvements"":1,""insertions"":1,""insertion_rate"":0.0034129692832764505},""Novelty"":{""attempts"":249,""discoveries"":0,""improvements"":0,""insertions"":0,""insertion_rate"":0.0}}","{""Morphology"":192,""Novelty"":33}",1,0.9308755760368663,false,147000
41,227,228000,9.260039774999996,0.044083357000000004,0.035094289,0.003064428,0.00592464,11.285214615,80.06086,43.662655,7769.3613037467,184,0.9583333,62,5.170150776446844,4,0.021739130434782608,"{""10"":41,""11"":13,""12"":8,""13"":3,""14"":1,""3"":4,""4"":19,""5"":3,""6"":5,""7"":14,""8"":39,""9"":34}","{""10"":3,""11"":5,""12"":4,""13"":26,""14"":32,""15"":11,""16"":39,""17"":8,""18"":7,""19"":7,""20"":3,""21"":3,""22"":6,""23"":1,""24"":1,""26"":1,""27"":1,""3"":4,""4"":11,""5"":9,""7"":1,""8"":1}",193,6.390902592753456,63,0.063,"{""10"":188,""11"":109,""12"":47,""13"":28,""14"":13,""3"":63,""4"":110,""5"":100,""6"":32,""7"":64,""8"":151,""9"":95}","{""10"":1,""11"":32,""12"":14,""13"":81,""14"":80,""15"":78,""16"":165,""17"":53,""18"":47,""19"":48,""20"":18,""21"":28,""22"":31,""23"":14,""24"":10,""25"":3,""26"":5,""27"":9,""28"":5,""3"":63,""30"":1,""31"":1,""32"":1,""4"":56,""5"":99,""6"":41,""7"":13,""8"":2,""9"":1}","{""Diagonal CMA-ES"":{""attempts"":299,""discoveries"":0,""improvements"":0,""insertions"":0,""insertion_rate"":0.0},""Immigrant"":{""attempts"":143,""discoveries"":0,""improvements"":0,""insertions"":0,""insertion_rate"":0.0},""Morphology"":{""attempts"":302,""discoveries"":0,""improvements"":0,""insertions"":0,""insertion_rate"":0.0},""Novelty"":{""attempts"":256,""discoveries"":0,""improvements"":0,""insertions"":0,""insertion_rate"":0.0}}","{""Morphology"":199,""Novelty"":29}",0,0.9308755760368663,false,148000
41,228,229000,9.307642295999996,0.047602521,0.036641344,0.00342893,0.007532247,11.33990652,80.06086,43.662655,7771.607317388058,184,0.9583333,62,5.170150776446841,4,0.021739130434782608,"{""10"":41,""11"":13,""12"":8,""13"":3,""14"":1,""3"":4,""4"":19,""5"":3,""6"":5,""7"":14,""8"":39,""9"":34}","{""10"":3,""11"":5,""12"":4,""13"":26,""14"":32,""15"":11,""16"":39,""17"":8,""18"":7,""19"":7,""20"":3,""21"":3,""22"":6,""23"":1,""24"":1,""26"":1,""27"":1,""3"":4,""4"":11,""5"":9,""7"":1,""8"":1}",218,6.492537111299733,64,0.064,"{""10"":183,""11"":118,""12"":45,""13"":31,""14"":9,""3"":64,""4"":114,""5"":87,""6"":30,""7"":67,""8"":147,""9"":105}","{""10"":3,""11"":24,""12"":13,""13"":82,""14"":81,""15"":85,""16"":162,""17"":46,""18"":57,""19"":54,""20"":25,""21"":24,""22"":29,""23"":18,""24"":11,""25"":4,""26"":2,""27"":7,""29"":2,""3"":64,""33"":1,""4"":72,""5"":82,""6"":31,""7"":12,""8"":8,""9"":1}","{""Diagonal CMA-ES"":{""attempts"":281,""discoveries"":0,""improvements"":0,""insertions"":0,""insertion_rate"":0.0},""Immigrant"":{""attempts"":133,""discoveries"":0,""improvements"":0,""insertions"":0,""insertion_rate"":0.0},""Morphology"":{""attempts"":339,""discoveries"":0,""improvements"":1,""insertions"":1,""insertion_rate"":0.0029498525073746312},""Novelty"":{""attempts"":247,""discoveries"":0,""improvements"":0,""insertions"":0,""insertion_rate"":0.0}}","{""Morphology"":233,""Novelty"":37}",0,0.9311926605504587,false,149000
41,229,230000,9.350797180999995,0.043154885000000004,0.03308656,0.002543202,0.007525123,11.392946887,80.06086,43.662655,7771.607317388058,184,0.9583333,62,5.1701507764468415,4,0.021739130434782608,"{""10"":41,""11"":13,""12"":8,""13"":3,""14"":1,""3"":4,""4"":19,""5"":3,""6"":5,""7"":14,""8"":39,""9"":34}","{""10"":3,""11"":5,""12"":4,""13"":26,""14"":32,""15"":11,""16"":39,""17"":8,""18"":7,""19"":7,""20"":3,""21"":3,""22"":6,""23"":1,""24"":1,""26"":1,""27"":1,""3"":4,""4"":11,""5"":9,""7"":1,""8"":1}",185,6.237947966345126,75,0.075,"{""10"":182,""11"":107,""12"":45,""13"":30,""14"":10,""3"":75,""4"":116,""5"":86,""6"":28,""7"":69,""8"":162,""9"":90}","{""10"":1,""11"":28,""12"":15,""13"":91,""14"":75,""15"":74,""16"":166,""17"":53,""18"":48,""19"":50,""20"":21,""21"":25,""22"":31,""23"":16,""24"":8,""25"":2,""26"":5,""27"":10,""29"":1,""3"":75,""4"":67,""5"":88,""6"":41,""7"":6,""8"":3}","{""Diagonal CMA-ES"":{""attempts"":312,""discoveries"":0,""improvements"":0,""insertions"":0,""insertion_rate"":0.0},""Immigrant"":{""attempts"":141,""discoveries"":0,""improvements"":0,""insertions"":0,""insertion_rate"":0.0},""Morphology"":{""attempts"":285,""discoveries"":0,""improvements"":0,""insertions"":0,""insertion_rate"":0.0},""Novelty"":{""attempts"":262,""discoveries"":0,""improvements"":0,""insertions"":0,""insertion_rate"":0.0}}","{""Morphology"":183,""Novelty"":30}",0,0.9315068493150684,false,150000
41,230,231000,9.397407117999995,0.046609937,0.034492326,0.003376689,0.008740922,11.451206636,80.06086,43.662655,7771.607317388058,184,0.9583333,62,5.170150776446841,4,0.021739130434782608,"{""10"":41,""11"":13,""12"":8,""13"":3,""14"":1,""3"":4,""4"":19,""5"":3,""6"":5,""7"":14,""8"":39,""9"":34}","{""10"":3,""11"":5,""12"":4,""13"":26,""14"":32,""15"":11,""16"":39,""17"":8,""18"":7,""19"":7,""20"":3,""21"":3,""22"":6,""23"":1,""24"":1,""26"":1,""27"":1,""3"":4,""4"":11,""5"":9,""7"":1,""8"":1}",197,6.395386975045549,55,0.055,"{""10"":167,""11"":115,""12"":47,""13"":30,""14"":9,""3"":55,""4"":134,""5"":87,""6"":31,""7"":66,""8"":162,""9"":97}","{""10"":1,""11"":32,""12"":19,""13"":81,""14"":82,""15"":78,""16"":154,""17"":51,""18"":54,""19"":51,""20"":22,""21"":20,""22"":30,""23"":13,""24"":11,""25"":1,""26"":9,""27"":9,""28"":2,""3"":55,""4"":85,""5"":89,""6"":32,""7"":11,""8"":5,""9"":3}","{""Diagonal CMA-ES"":{""attempts"":280,""discoveries"":0,""improvements"":0,""insertions"":0,""insertion_rate"":0.0},""Immigrant"":{""attempts"":147,""discoveries"":0,""improvements"":0,""insertions"":0,""insertion_rate"":0.0},""Morphology"":{""attempts"":300,""discoveries"":0,""improvements"":0,""insertions"":0,""insertion_rate"":0.0},""Novelty"":{""attempts"":273,""discoveries"":0,""improvements"":0,""insertions"":0,""insertion_rate"":0.0}}","{""Morphology"":208,""Novelty"":30}",0,0.9315068493150684,false,151000
41,231,232000,9.443196627999995,0.04578951,0.0366081,0.002152579,0.007028831,11.505035372,80.06086,43.662655,7771.607317388058,184,0.9583333,62,5.1701507764468415,4,0.021739130434782608,"{""10"":41,""11"":13,""12"":8,""13"":3,""14"":1,""3"":4,""4"":19,""5"":3,""6"":5,""7"":14,""8"":39,""9"":34}","{""10"":3,""11"":5,""12"":4,""13"":26,""14"":32,""15"":11,""16"":39,""17"":8,""18"":7,""19"":7,""20"":3,""21"":3,""22"":6,""23"":1,""24"":1,""26"":1,""27"":1,""3"":4,""4"":11,""5"":9,""7"":1,""8"":1}",206,6.373134583763335,65,0.065,"{""10"":189,""11"":121,""12"":47,""13"":33,""14"":9,""15"":1,""3"":65,""4"":116,""5"":78,""6"":28,""7"":66,""8"":153,""9"":94}","{""10"":2,""11"":29,""12"":13,""13"":82,""14"":74,""15"":86,""16"":173,""17"":55,""18"":57,""19"":50,""20"":17,""21"":22,""22"":32,""23"":16,""24"":11,""25"":2,""26"":9,""27"":8,""28"":1,""3"":65,""30"":1,""33"":1,""4"":69,""5"":90,""6"":25,""7"":9,""8"":1}","{""Diagonal CMA-ES"":{""attempts"":289,""discoveries"":0,""improvements"":0,""insertions"":0,""insertion_rate"":0.0},""Immigrant"":{""attempts"":129,""discoveries"":0,""improvements"":0,""insertions"":0,""insertion_rate"":0.0},""Morphology"":{""attempts"":318,""discoveries"":0,""improvements"":0,""insertions"":0,""insertion_rate"":0.0},""Novelty"":{""attempts"":264,""discoveries"":0,""improvements"":0,""insertions"":0,""insertion_rate"":0.0}}","{""Morphology"":208,""Novelty"":29}",0,0.9315068493150684,false,152000
41,232,233000,9.488804479999995,0.045607852000000004,0.034664485,0.002169201,0.008774166,11.558104234,80.06086,43.662655,7771.607317388058,184,0.9583333,62,5.170150776446843,4,0.021739130434782608,"{""10"":41,""11"":13,""12"":8,""13"":3,""14"":1,""3"":4,""4"":19,""5"":3,""6"":5,""7"":14,""8"":39,""9"":34}","{""10"":3,""11"":5,""12"":4,""13"":26,""14"":32,""15"":11,""16"":39,""17"":8,""18"":7,""19"":7,""20"":3,""21"":3,""22"":6,""23"":1,""24"":1,""26"":1,""27"":1,""3"":4,""4"":11,""5"":9,""7"":1,""8"":1}",194,6.070087129036459,74,0.074,"{""10"":191,""11"":102,""12"":32,""13"":27,""14"":7,""3"":74,""4"":107,""5"":86,""6"":20,""7"":95,""8"":170,""9"":89}","{""10"":3,""11"":19,""12"":62,""13"":125,""14"":70,""15"":67,""16"":165,""17"":55,""18"":37,""19"":33,""20"":19,""21"":16,""22"":21,""23"":10,""24"":12,""25"":1,""26"":9,""27"":5,""28"":2,""29"":1,""3"":74,""4"":61,""5"":87,""6"":29,""7"":11,""8"":6}","{""Diagonal CMA-ES"":{""attempts"":327,""discoveries"":0,""improvements"":0,""insertions"":0,""insertion_rate"":0.0},""Immigrant"":{""attempts"":167,""discoveries"":0,""improvements"":0,""insertions"":0,""insertion_rate"":0.0},""Morphology"":{""attempts"":274,""discoveries"":0,""improvements"":0,""insertions"":0,""insertion_rate"":0.0},""Novelty"":{""attempts"":232,""discoveries"":0,""improvements"":0,""insertions"":0,""insertion_rate"":0.0}}","{""Morphology"":182,""Novelty"":32}",0,0.9315068493150684,false,153000
41,233,234000,9.535999756999995,0.047195276999999994,0.035395864,0.003276955,0.008522458,11.615950802,80.06086,43.662655,7785.431194245815,185,0.9635417,63,5.185861842492235,4,0.021621621621621623,"{""10"":42,""11"":13,""12"":8,""13"":3,""14"":2,""3"":4,""4"":19,""5"":3,""6"":5,""7"":14,""8"":39,""9"":33}","{""10"":3,""11"":5,""12"":4,""13"":26,""14"":31,""15"":11,""16"":40,""17"":8,""18"":7,""19"":7,""20"":3,""21"":3,""22"":6,""23"":1,""24"":1,""26"":1,""27"":1,""3"":4,""30"":1,""4"":11,""5"":9,""7"":1,""8"":1}",194,5.791109085003591,68,0.068,"{""10"":213,""11"":95,""12"":29,""13"":11,""14"":11,""3"":68,""4"":95,""5"":78,""6"":18,""7"":114,""8"":181,""9"":87}","{""10"":1,""11"":14,""12"":89,""13"":147,""14"":59,""15"":61,""16"":194,""17"":44,""18"":45,""19"":27,""20"":13,""21"":18,""22"":14,""23"":9,""24"":9,""25"":2,""27"":5,""28"":2,""3"":68,""30"":1,""31"":1,""4"":58,""5"":69,""6"":35,""7"":8,""8"":5,""9"":2}","{""Diagonal CMA-ES"":{""attempts"":292,""discoveries"":0,""improvements"":0,""insertions"":0,""insertion_rate"":0.0},""Immigrant"":{""attempts"":160,""discoveries"":0,""improvements"":0,""insertions"":0,""insertion_rate"":0.0},""Morphology"":{""attempts"":291,""discoveries"":1,""improvements"":1,""insertions"":2,""insertion_rate"":0.006872852233676976},""Novelty"":{""attempts"":257,""discoveries"":0,""improvements"":0,""insertions"":0,""insertion_rate"":0.0}}","{""Morphology"":204,""Novelty"":30}",1,0.9315068493150684,false,154000
41,234,235000,9.590356843999995,0.054357087,0.042475749,0.003227089,0.008654249,11.684670686,80.43041,43.662655,7802.148811280727,185,0.9635417,63,5.192592180318377,4,0.021621621621621623,"{""10"":42,""11"":13,""12"":7,""13"":4,""14"":2,""3"":4,""4"":19,""5"":3,""6"":5,""7"":14,""8"":39,""9"":33}","{""10"":3,""11"":5,""12"":4,""13"":26,""14"":31,""15"":11,""16"":40,""17"":8,""18"":7,""19"":7,""20"":3,""21"":3,""22"":5,""23"":1,""24"":1,""26"":2,""27"":1,""3"":4,""30"":1,""4"":11,""5"":9,""7"":1,""8"":1}",169,4.512016131571768,50,0.05,"{""10"":341,""11"":81,""12"":19,""13"":18,""14"":255,""15"":18,""3"":50,""4"":64,""5"":81,""6"":7,""7"":6,""8"":19,""9"":41}","{""10"":1,""11"":7,""12"":2,""13"":5,""14"":31,""15"":40,""16"":309,""17"":43,""18"":35,""19"":13,""20"":9,""21"":9,""22"":4,""23"":10,""24"":2,""25"":4,""26"":5,""27"":1,""28"":2,""3"":50,""30"":254,""31"":12,""32"":1,""34"":2,""36"":3,""4"":40,""5"":63,""6"":34,""7"":5,""8"":4}","{""Diagonal CMA-ES"":{""attempts"":290,""discoveries"":0,""improvements"":0,""insertions"":0,""insertion_rate"":0.0},""Immigrant"":{""attempts"":165,""discoveries"":0,""improvements"":0,""insertions"":0,""insertion_rate"":0.0},""Morphology"":{""attempts"":292,""discoveries"":0,""improvements"":3,""insertions"":3,""insertion_rate"":0.010273972602739725},""Novelty"":{""attempts"":253,""discoveries"":0,""improvements"":0,""insertions"":0,""insertion_rate"":0.0}}","{""Morphology"":192,""Novelty"":30}",0,0.9315068493150684,true,155000
41,235,236000,9.644723427999995,0.054366584,0.041948586,0.003091736,0.009326262,11.752720932,80.43041,43.662655,7802.148811280727,185,0.9635417,63,5.192592180318378,4,0.021621621621621623,"{""10"":42,""11"":13,""12"":7,""13"":4,""14"":2,""3"":4,""4"":19,""5"":3,""6"":5,""7"":14,""8"":39,""9"":33}","{""10"":3,""11"":5,""12"":4,""13"":26,""14"":31,""15"":11,""16"":40,""17"":8,""18"":7,""19"":7,""20"":3,""21"":3,""22"":5,""23"":1,""24"":1,""26"":2,""27"":1,""3"":4,""30"":1,""4"":11,""5"":9,""7"":1,""8"":1}",152,4.147026134225255,50,0.05,"{""10"":360,""11"":64,""12"":18,""13"":11,""14"":278,""15"":13,""3"":50,""4"":62,""5"":71,""6"":7,""7"":9,""8"":16,""9"":41}","{""10"":5,""11"":4,""12"":5,""13"":6,""14"":27,""15"":38,""16"":329,""17"":30,""18"":31,""19"":8,""20"":2,""21"":10,""22"":10,""23"":8,""24"":5,""25"":2,""26"":3,""27"":1,""3"":50,""30"":277,""31"":5,""32"":1,""34"":2,""36"":4,""38"":1,""4"":45,""5"":53,""6"":26,""7"":7,""8"":4,""9"":1}","{""Diagonal CMA-ES"":{""attempts"":325,""discoveries"":0,""improvements"":0,""insertions"":0,""insertion_rate"":0.0},""Immigrant"":{""attempts"":150,""discoveries"":0,""improvements"":0,""insertions"":0,""insertion_rate"":0.0},""Morphology"":{""attempts"":270,""discoveries"":0,""improvements"":0,""insertions"":0,""insertion_rate"":0.0},""Novelty"":{""attempts"":255,""discoveries"":0,""improvements"":0,""insertions"":0,""insertion_rate"":0.0}}","{""Morphology"":165,""Novelty"":21}",0,0.9315068493150684,false,1000
41,236,237000,9.696980174999995,0.052256747,0.039825689,0.004048702,0.008382356,11.817250826,80.43041,43.662655,7808.175575196743,185,0.9635417,63,5.176131550705171,4,0.021621621621621623,"{""10"":42,""11"":13,""12"":7,""13"":4,""14"":2,""3"":4,""4"":19,""5"":3,""6"":5,""7"":14,""8"":39,""9"":33}","{""10"":3,""11"":5,""12"":4,""13"":26,""14"":31,""15"":11,""16"":40,""17"":8,""18"":7,""19"":7,""20"":3,""21"":3,""22"":5,""23"":1,""24"":1,""26"":2,""27"":1,""3"":4,""30"":1,""4"":11,""5"":9,""7"":1,""8"":1}",181,5.575766260394414,57,0.057,"{""10"":131,""11"":99,""12"":19,""13"":24,""14"":251,""15"":17,""3"":57,""4"":103,""5"":87,""6"":13,""7"":36,""8"":95,""9"":68}","{""11"":12,""12"":15,""13"":52,""14"":53,""15"":40,""16"":121,""17"":49,""18"":38,""19"":27,""20"":11,""21"":22,""22"":15,""23"":13,""24"":7,""26"":7,""27"":3,""28"":2,""3"":57,""30"":246,""31"":9,""32"":1,""33"":2,""34"":3,""36"":3,""4"":59,""5"":88,""6"":29,""7"":6,""8"":10}","{""Diagonal CMA-ES"":{""attempts"":304,""discoveries"":0,""improvements"":0,""insertions"":0,""insertion_rate"":0.0},""Immigrant"":{""attempts"":161,""discoveries"":0,""improvements"":0,""insertions"":0,""insertion_rate"":0.0},""Morphology"":{""attempts"":293,""discoveries"":0,""improvements"":1,""insertions"":1,""insertion_rate"":0.0034129692832764505},""Novelty"":{""attempts"":242,""discoveries"":0,""improvements"":0,""insertions"":0,""insertion_rate"":0.0}}","{""Morphology"":190,""Novelty"":27}",0,0.9318181818181818,false,2000
41,237,238000,9.744182574999995,0.047202400000000005,0.035870784,0.003566657,0.007764959,11.876638513,80.43041,43.662655,7833.518408238888,185,0.9635417,63,5.176131550705172,4,0.021621621621621623,"{""10"":42,""11"":13,""12"":7,""13"":4,""14"":2,""3"":4,""4"":19,""5"":3,""6"":5,""7"":14,""8"":39,""9"":33}","{""10"":3,""11"":5,""12"":4,""13"":26,""14"":31,""15"":11,""16"":40,""17"":8,""18"":7,""19"":7,""20"":3,""21"":3,""22"":5,""23"":1,""24"":1,""26"":2,""27"":1,""3"":4,""33"":1,""4"":11,""5"":9,""7"":1,""8"":1}",208,6.2919724604946214,55,0.055,"{""10"":165,""11"":126,""12"":32,""13"":26,""14"":113,""15"":6,""3"":55,""4"":108,""5"":78,""6"":25,""7"":54,""8"":139,""9"":73}","{""10"":2,""11"":24,""12"":14,""13"":76,""14"":61,""15"":76,""16"":137,""17"":54,""18"":59,""19"":49,""20"":13,""21"":23,""22"":17,""23"":13,""24"":12,""25"":2,""26"":6,""27"":6,""29"":1,""3"":55,""30"":104,""31"":3,""33"":4,""4"":68,""5"":85,""6"":25,""7"":6,""8"":4,""9"":1}","{""Diagonal CMA-ES"":{""attempts"":312,""discoveries"":0,""improvements"":0,""insertions"":0,""insertion_rate"":0.0},""Immigrant"":{""attempts"":118,""discoveries"":0,""improvements"":0,""insertions"":0,""insertion_rate"":0.0},""Morphology"":{""attempts"":328,""discoveries"":0,""improvements"":1,""insertions"":1,""insertion_rate"":0.003048780487804878},""Novelty"":{""attempts"":242,""discoveries"":0,""improvements"":0,""insertions"":0,""insertion_rate"":0.0}}","{""Morphology"":231,""Novelty"":29}",1,0.9318181818181818,false,3000
41,238,239000,9.792495102999995,0.048312527999999993,0.036758887,0.00356072,0.007992921,11.935679507,80.43041,43.662655,7837.35211032629,185,0.9635417,64,5.193672699342126,4,0.021621621621621623,"{""10"":41,""11"":14,""12"":7,""13"":4,""14"":2,""3"":4,""4"":19,""5"":3,""6"":5,""7"":14,""8"":39,""9"":33}","{""10"":3,""11"":5,""12"":4,""13"":26,""14"":31,""15"":11,""16"":39,""17"":9,""18"":7,""19"":7,""20"":3,""21"":3,""22"":5,""23"":1,""24"":1,""26"":2,""27"":1,""3"":4,""33"":1,""4"":11,""5"":9,""7"":1,""8"":1}",211,6.459410741223385,67,0.067,"{""10"":187,""11"":125,""12"":33,""13"":35,""14"":18,""3"":67,""4"":126,""5"":90,""6"":27,""7"":60,""8"":135,""9"":97}","{""11"":25,""12"":12,""13"":73,""14"":79,""15"":75,""16"":168,""17"":51,""18"":61,""19"":45,""20"":17,""21"":26,""22"":21,""23"":19,""24"":14,""25"":3,""26"":11,""27"":7,""3"":67,""30"":1,""31"":1,""33"":6,""4"":75,""5"":90,""6"":37,""7"":12,""8"":4}","{""Diagonal CMA-ES"":{""attempts"":292,""discoveries"":0,""improvements"":0,""insertions"":0,""insertion_rate"":0.0},""Immigrant"":{""attempts"":148,""discoveries"":0,""improvements"":0,""insertions"":0,""insertion_rate"":0.0},""Morphology"":{""attempts"":300,""discoveries"":0,""improvements"":3,""insertions"":3,""insertion_rate"":0.01},""Novelty"":{""attempts"":260,""discoveries"":0,""improvements"":0,""insertions"":0,""insertion_rate"":0.0}}","{""Morphology"":194,""Novelty"":39}",1,0.9318181818181818,false,4000
41,239,240000,9.841671986999994,0.049176884,0.037612557,0.003138041,0.008426286,11.994776304,80.43041,43.662655,7848.8559212088585,185,0.9635417,64,5.1946914831010105,4,0.021621621621621623,"{""10"":42,""11"":14,""12"":7,""13"":4,""14"":2,""3"":4,""4"":19,""5"":3,""6"":5,""7"":14,""8"":38,""9"":33}","{""10"":3,""11"":5,""12"":4,""13"":25,""14"":31,""15"":11,""16"":40,""17"":9,""18"":7,""19"":7,""20"":3,""21"":3,""22"":5,""23"":1,""24"":1,""26"":2,""27"":1,""3"":4,""33"":1,""4"":11,""5"":9,""7"":1,""8"":1}",190,5.50748241011932,63,0.063,"{""10"":279,""11"":110,""12"":22,""13"":24,""14"":4,""3"":63,""4"":94,""5"":71,""6"":11,""7"":193,""8"":64,""9"":65}","{""10"":1,""11"":10,""12"":176,""13"":32,""14"":46,""15"":221,""16"":84,""17"":58,""18"":46,""19"":24,""20"":14,""21"":12,""22"":15,""23"":9,""24"":12,""25"":3,""26"":4,""27"":2,""28"":1,""3"":63,""33"":2,""4"":61,""5"":61,""6"":29,""7"":13,""8"":1}","{""Diagonal CMA-ES"":{""attempts"":292,""discoveries"":0,""improvements"":0,""insertions"":0,""insertion_rate"":0.0},""Immigrant"":{""attempts"":160,""discoveries"":0,""improvements"":0,""insertions"":0,""insertion_rate"":0.0},""Morphology"":{""attempts"":300,""discoveries"":0,""improvements"":2,""insertions"":2,""insertion_rate"":0.006666666666666667},""Novelty"":{""attempts"":248,""discoveries"":0,""improvements"":0,""insertions"":0,""insertion_rate"":0.0}}","{""Morphology"":208,""Novelty"":26}",0,0.9318181818181818,false,5000
41,240,241000,9.892158464999994,0.050486477999999994,0.038427047,0.003447926,0.008611505,12.055499706,80.43041,43.662655,7849.044214129448,185,0.9635417,64,5.1946914831010105,4,0.021621621621621623,"{""10"":42,""11"":14,""12"":7,""13"":4,""14"":2,""3"":4,""4"":19,""5"":3,""6"":5,""7"":14,""8"":38,""9"":33}","{""10"":3,""11"":5,""12"":4,""13"":25,""14"":31,""15"":11,""16"":40,""17"":9,""18"":7,""19"":7,""20"":3,""21"":3,""22"":5,""23"":1,""24"":1,""26"":2,""27"":1,""3"":4,""33"":1,""4"":11,""5"":9,""7"":1,""8"":1}",185,6.2895814797914955,72,0.072,"{""10"":186,""11"":123,""12"":38,""13"":35,""14"":20,""3"":72,""4"":108,""5"":83,""6"":30,""7"":65,""8"":155,""9"":85}","{""10"":1,""11"":30,""12"":20,""13"":82,""14"":71,""15"":81,""16"":165,""17"":53,""18"":57,""19"":52,""20"":17,""21"":22,""22"":22,""23"":15,""24"":13,""25"":3,""26"":9,""27"":10,""28"":1,""3"":72,""30"":1,""31"":1,""33"":7,""4"":52,""5"":105,""6"":26,""7"":8,""8"":3,""9"":1}","{""Diagonal CMA-ES"":{""attempts"":304,""discoveries"":0,""improvements"":1,""insertions"":1,""insertion_rate"":0.003289473684210526},""Immigrant"":{""attempts"":157,""discoveries"":0,""improvements"":0,""insertions"":0,""insertion_rate"":0.0},""Morphology"":{""attempts"":286,""discoveries"":0,""improvements"":0,""insertions"":0,""insertion_rate"":0.0},""Novelty"":{""attempts"":253,""discoveries"":0,""improvements"":0,""insertions"":0,""insertion_rate"":0.0}}","{""Morphology"":185,""Novelty"":28}",0,0.9321266968325792,false,6000
41,241,242000,9.938884755999995,0.046726291,0.034631241,0.003141602,0.008953448,12.112870165,80.43041,43.662655,7849.287972331047,185,0.9635417,63,5.183880672290201,4,0.021621621621621623,"{""10"":41,""11"":14,""12"":7,""13"":4,""14"":2,""3"":4,""4"":19,""5"":3,""6"":5,""7"":14,""8"":39,""9"":33}","{""10"":3,""11"":5,""12"":4,""13"":25,""14"":31,""15"":11,""16"":40,""17"":9,""18"":6,""19"":7,""20"":4,""21"":3,""22"":5,""23"":1,""24"":1,""26"":2,""27"":1,""3"":4,""33"":1,""4"":11,""5"":9,""7"":1,""8"":1}",202,6.166329983581088,52,0.052,"{""10"":237,""11"":109,""12"":58,""13"":24,""14"":10,""3"":52,""4"":133,""5"":78,""6"":16,""7"":31,""8"":119,""9"":133}","{""10"":3,""11"":15,""12"":11,""13"":62,""14"":110,""15"":81,""16"":198,""17"":80,""18"":41,""19"":30,""20"":17,""21"":18,""22"":28,""23"":16,""24"":7,""25"":4,""26"":5,""27"":3,""28"":1,""29"":1,""3"":52,""31"":1,""33"":3,""4"":101,""5"":66,""6"":31,""7"":12,""8"":2,""9"":1}","{""Diagonal CMA-ES"":{""attempts"":291,""discoveries"":0,""improvements"":0,""insertions"":0,""insertion_rate"":0.0},""Immigrant"":{""attempts"":136,""discoveries"":0,""improvements"":0,""insertions"":0,""insertion_rate"":0.0},""Morphology"":{""attempts"":318,""discoveries"":0,""improvements"":0,""insertions"":0,""insertion_rate"":0.0},""Novelty"":{""attempts"":255,""discoveries"":0,""improvements"":1,""insertions"":1,""insertion_rate"":0.00392156862745098}}","{""Morphology"":206,""Novelty"":22}",0,0.9324324324324325,false,7000
41,242,243000,9.982596485999995,0.04371173,0.037345414,0.001808262,0.004558054,12.165796551,80.43041,43.662655,7855.861340403557,185,0.9635417,62,5.156071980542695,4,0.021621621621621623,"{""10"":41,""11"":14,""12"":7,""13"":4,""14"":2,""3"":4,""4"":19,""5"":3,""6"":5,""7"":14,""8"":39,""9"":33}","{""10"":3,""11"":5,""12"":4,""13"":25,""14"":31,""15"":11,""16"":41,""17"":9,""18"":6,""19"":7,""20"":4,""21"":2,""22"":5,""23"":1,""24"":1,""26"":2,""27"":1,""3"":4,""33"":1,""4"":11,""5"":9,""7"":1,""8"":1}",187,6.0574504925473125,53,0.053,"{""10"":248,""11"":107,""12"":34,""13"":28,""14"":9,""15"":1,""3"":53,""4"":117,""5"":81,""6"":15,""7"":43,""8"":128,""9"":136}","{""10"":8,""11"":14,""12"":13,""13"":65,""14"":107,""15"":80,""16"":218,""17"":75,""18"":31,""19"":32,""20"":18,""21"":17,""22"":24,""23"":9,""24"":10,""25"":1,""26"":13,""27"":5,""28"":3,""3"":53,""30"":1,""33"":3,""4"":83,""5"":66,""6"":41,""7"":8,""8"":2}","{""Diagonal CMA-ES"":{""attempts"":301,""discoveries"":0,""improvements"":0,""insertions"":0,""insertion_rate"":0.0},""Immigrant"":{""attempts"":148,""discoveries"":0,""improvements"":0,""insertions"":0,""insertion_rate"":0.0},""Morphology"":{""attempts"":280,""discoveries"":0,""improvements"":2,""insertions"":2,""insertion_rate"":0.007142857142857143},""Novelty"":{""attempts"":271,""discoveries"":0,""improvements"":0,""insertions"":0,""insertion_rate"":0.0}}","{""Morphology"":184,""Novelty"":31}",0,0.9324324324324325,false,8000
41,243,244000,10.031787617999996,0.049191132,0.038486412,0.003174847,0.007529873,12.224363812,80.43041,43.662655,7864.903790354729,185,0.9635417,62,5.156071980542697,4,0.021621621621621623,"{""10"":41,""11"":14,""12"":7,""13"":4,""14"":2,""3"":4,""4"":19,""5"":3,""6"":5,""7"":14,""8"":39,""9"":33}","{""10"":3,""11"":5,""12"":4,""13"":25,""14"":31,""15"":11,""16"":41,""17"":9,""18"":6,""19"":7,""20"":4,""21"":2,""22"":5,""23"":1,""24"":1,""26"":2,""27"":1,""3"":4,""33"":1,""4"":11,""5"":9,""7"":1,""8"":1}",210,6.333655147668512,63,0.063,"{""10"":219,""11"":126,""12"":41,""13"":30,""14"":8,""15"":1,""3"":63,""4"":111,""5"":86,""6"":18,""7"":34,""8"":114,""9"":149}","{""10"":6,""11"":16,""12"":10,""13"":58,""14"":112,""15"":74,""16"":191,""17"":93,""18"":48,""19"":24,""20"":19,""21"":15,""22"":29,""23"":11,""24"":7,""25"":3,""26"":9,""27"":3,""28"":3,""3"":63,""31"":2,""33"":3,""36"":1,""4"":71,""5"":72,""6"":34,""7"":16,""8"":7}","{""Diagonal CMA-ES"":{""attempts"":286,""discoveries"":0,""improvements"":0,""insertions"":0,""insertion_rate"":0.0},""Immigrant"":{""attempts"":146,""discoveries"":0,""improvements"":0,""insertions"":0,""insertion_rate"":0.0},""Morphology"":{""attempts"":295,""discoveries"":0,""improvements"":1,""insertions"":1,""insertion_rate"":0.003389830508474576},""Novelty"":{""attempts"":273,""discoveries"":0,""improvements"":0,""insertions"":0,""insertion_rate"":0.0}}","{""Morphology"":215,""Novelty"":38}",0,0.9324324324324325,false,9000
41,244,245000,10.080535885999996,0.048748268000000004,0.03828932,0.003362441,0.007096507,12.283885663,80.43041,43.662655,7865.9556740522385,185,0.9635417,63,5.170963264338175,4,0.021621621621621623,"{""10"":41,""11"":14,""12"":7,""13"":4,""14"":2,""3"":4,""4"":19,""5"":3,""6"":5,""7"":13,""8"":40,""9"":33}","{""10"":2,""11"":5,""12"":5,""13"":25,""14"":31,""15"":11,""16"":41,""17"":9,""18"":6,""19"":7,""20"":4,""21"":2,""22"":5,""23"":1,""24"":1,""26"":2,""27"":1,""3"":4,""33"":1,""4"":11,""5"":9,""7"":1,""8"":1}",189,6.124949532481566,55,0.055,"{""10"":201,""11"":118,""12"":52,""13"":20,""14"":11,""15"":1,""3"":55,""4"":125,""5"":90,""6"":15,""7"":37,""8"":118,""9"":157}","{""10"":4,""11"":13,""12"":13,""13"":60,""14"":137,""15"":70,""16"":179,""17"":72,""18"":41,""19"":30,""20"":23,""21"":16,""22"":29,""23"":7,""24"":11,""25"":1,""26"":8,""27"":5,""28"":2,""3"":55,""30"":2,""33"":3,""4"":85,""5"":76,""6"":46,""7"":8,""8"":3,""9"":1}","{""Diagonal CMA-ES"":{""attempts"":290,""discoveries"":0,""improvements"":0,""insertions"":0,""insertion_rate"":0.0},""Immigrant"":{""attempts"":141,""discoveries"":0,""improvements"":0,""insertions"":0,""insertion_rate"":0.0},""Morphology"":{""attempts"":307,""discoveries"":0,""improvements"":1,""insertions"":1,""insertion_rate"":0.003257328990228013},""Novelty"":{""attempts"":262,""discoveries"":0,""improvements"":0,""insertions"":0,""insertion_rate"":0.0}}","{""Morphology"":199,""Novelty"":31}",1,0.9324324324324325,false,10000
41,245,246000,10.129172546999996,0.048636661,0.03708302,0.0036842,0.007869441,12.341975628,80.43041,43.662655,7869.528544306755,185,0.9635417,63,5.170963264338175,4,0.021621621621621623,"{""10"":41,""11"":14,""12"":7,""13"":4,""14"":2,""3"":4,""4"":19,""5"":3,""6"":5,""7"":13,""8"":40,""9"":33}","{""10"":2,""11"":5,""12"":5,""13"":25,""14"":31,""15"":11,""16"":41,""17"":9,""18"":6,""19"":7,""20"":4,""21"":2,""22"":5,""23"":1,""24"":1,""26"":2,""29"":1,""3"":4,""33"":1,""4"":11,""5"":9,""7"":1,""8"":1}",195,6.111011116536393,69,0.069,"{""10"":194,""11"":120,""12"":53,""13"":21,""14"":10,""15"":1,""3"":69,""4"":131,""5"":81,""6"":12,""7"":39,""8"":114,""9"":155}","{""10"":9,""11"":12,""12"":9,""13"":64,""14"":132,""15"":71,""16"":168,""17"":80,""18"":36,""19"":27,""20"":17,""21"":17,""22"":38,""23"":5,""24"":7,""25"":4,""26"":6,""27"":3,""28"":4,""29"":4,""3"":69,""31"":1,""32"":1,""33"":3,""4"":97,""5"":59,""6"":38,""7"":14,""8"":5}","{""Diagonal CMA-ES"":{""attempts"":308,""discoveries"":0,""improvements"":0,""insertions"":0,""insertion_rate"":0.0},""Immigrant"":{""attempts"":155,""discoveries"":0,""improvements"":0,""insertions"":0,""insertion_rate"":0.0},""Morphology"":{""attempts"":292,""discoveries"":0,""improvements"":1,""insertions"":1,""insertion_rate"":0.003424657534246575},""Novelty"":{""attempts"":245,""discoveries"":0,""improvements"":1,""insertions"":1,""insertion_rate"":0.004081632653061225}}","{""Morphology"":205,""Novelty"":26}",1,0.9324324324324325,false,11000
41,246,247000,10.171916626999996,0.042744080000000004,0.03479034,0.002021976,0.005931764,12.392648514,80.43041,43.662655,7882.526621699333,185,0.9635417,64,5.185854548133653,4,0.021621621621621623,"{""10"":41,""11"":14,""12"":7,""13"":5,""14"":2,""3"":4,""4"":19,""5"":3,""6"":5,""7"":13,""8"":39,""9"":33}","{""10"":2,""11"":5,""12"":5,""13"":24,""14"":31,""15"":10,""16"":42,""17"":9,""18"":6,""19"":7,""20"":4,""21"":2,""22"":5,""23"":1,""24"":1,""26"":2,""29"":1,""3"":4,""30"":1,""33"":1,""4"":11,""5"":9,""7"":1,""8"":1}",200,6.429051891528526,66,0.066,"{""10"":180,""11"":111,""12"":34,""13"":32,""14"":18,""3"":66,""4"":108,""5"":90,""6"":30,""7"":58,""8"":158,""9"":115}","{""10"":2,""11"":32,""12"":17,""13"":78,""14"":84,""15"":75,""16"":165,""17"":58,""18"":51,""19"":54,""20"":22,""21"":25,""22"":17,""23"":11,""24"":12,""25"":2,""26"":11,""27"":2,""29"":8,""3"":66,""30"":1,""33"":7,""4"":62,""5"":92,""6"":35,""7"":5,""8"":6}","{""Diagonal CMA-ES"":{""attempts"":289,""discoveries"":0,""improvements"":0,""insertions"":0,""insertion_rate"":0.0},""Immigrant"":{""attempts"":146,""discoveries"":0,""improvements"":0,""insertions"":0,""insertion_rate"":0.0},""Morphology"":{""attempts"":307,""discoveries"":0,""improvements"":3,""insertions"":3,""insertion_rate"":0.009771986970684038},""Novelty"":{""attempts"":258,""discoveries"":0,""improvements"":0,""insertions"":0,""insertion_rate"":0.0}}","{""Morphology"":215,""Novelty"":41}",1,0.9324324324324325,false,12000
41,247,248000,10.224833514999997,0.052916887999999995,0.041091354,0.003427743,0.008397791,12.45615614,80.43041,43.662655,7889.646072626114,185,0.9635417,64,5.185854548133653,4,0.021621621621621623,"{""10"":41,""11"":14,""12"":7,""13"":5,""14"":2,""3"":4,""4"":19,""5"":3,""6"":5,""7"":13,""8"":39,""9"":33}","{""10"":2,""11"":5,""12"":5,""13"":24,""14"":31,""15"":10,""16"":42,""17"":9,""18"":6,""19"":7,""20"":4,""21"":2,""22"":5,""23"":1,""24"":1,""26"":2,""29"":1,""3"":4,""30"":1,""33"":1,""4"":11,""5"":9,""7"":1,""8"":1}",193,6.275432359575431,54,0.054,"{""10"":167,""11"":114,""12"":26,""13"":41,""14"":14,""3"":54,""4"":113,""5"":74,""6"":21,""7"":90,""8"":127,""9"":159}","{""10"":2,""11"":22,""12"":15,""13"":72,""14"":136,""15"":90,""16"":169,""17"":47,""18"":39,""19"":43,""20"":24,""21"":15,""22"":19,""23"":16,""24"":13,""25"":5,""26"":10,""27"":3,""28"":1,""29"":5,""3"":54,""30"":6,""32"":1,""33"":6,""4"":61,""5"":85,""6"":32,""7"":7,""8"":2}","{""Diagonal CMA-ES"":{""attempts"":281,""discoveries"":0,""improvements"":1,""insertions"":1,""insertion_rate"":0.0035587188612099642},""Immigrant"":{""attempts"":129,""discoveries"":0,""improvements"":0,""insertions"":0,""insertion_rate"":0.0},""Morphology"":{""attempts"":316,""discoveries"":0,""improvements"":2,""insertions"":2,""insertion_rate"":0.006329113924050633},""Novelty"":{""attempts"":274,""discoveries"":0,""improvements"":0,""insertions"":0,""insertion_rate"":0.0}}","{""Morphology"":206,""Novelty"":27}",0,0.9327354260089686,false,13000
41,248,249000,10.271980111999996,0.047146597000000005,0.040831335,0.001777392,0.00453787,12.510681823,80.43041,43.662655,7890.488472223282,185,0.9635417,64,5.185854548133653,4,0.021621621621621623,"{""10"":41,""11"":14,""12"":7,""13"":5,""14"":2,""3"":4,""4"":19,""5"":3,""6"":5,""7"":13,""8"":39,""9"":33}","{""10"":2,""11"":5,""12"":5,""13"":24,""14"":31,""15"":10,""16"":42,""17"":9,""18"":6,""19"":7,""20"":4,""21"":2,""22"":5,""23"":1,""24"":1,""26"":2,""29"":1,""3"":4,""30"":1,""33"":1,""4"":11,""5"":9,""7"":1,""8"":1}",181,5.99185711460508,57,0.057,"{""10"":223,""11"":99,""12"":49,""13"":31,""14"":6,""15"":2,""3"":57,""4"":116,""5"":90,""6"":11,""7"":28,""8"":96,""9"":192}","{""10"":7,""11"":11,""12"":8,""13"":43,""14"":158,""15"":68,""16"":203,""17"":66,""18"":37,""19"":20,""20"":18,""21"":11,""22"":39,""23"":13,""24"":9,""25"":2,""26"":12,""27"":1,""28"":2,""29"":2,""3"":57,""30"":4,""33"":2,""34"":1,""4"":83,""5"":67,""6"":35,""7"":15,""8"":6}","{""Diagonal CMA-ES"":{""attempts"":288,""discoveries"":0,""improvements"":0,""insertions"":0,""insertion_rate"":0.0},""Immigrant"":{""attempts"":159,""discoveries"":0,""improvements"":0,""insertions"":0,""insertion_rate"":0.0},""Morphology"":{""attempts"":283,""discoveries"":0,""improvements"":1,""insertions"":1,""insertion_rate"":0.0035335689045936395},""Novelty"":{""attempts"":270,""discoveries"":0,""improvements"":0,""insertions"":0,""insertion_rate"":0.0}}","{""Morphology"":182,""Novelty"":34}",1,0.9330357142857143,false,14000
41,249,250000,10.320679700999996,0.048699589,0.037339478,0.004131813,0.007228298,12.571743606,80.43041,43.662655,7908.352422952652,185,0.9635417,64,5.169823184870715,4,0.021621621621621623,"{""10"":41,""11"":14,""12"":7,""13"":5,""14"":2,""3"":4,""4"":20,""5"":3,""6"":5,""7"":12,""8"":39,""9"":33}","{""10"":2,""11"":5,""12"":4,""13"":24,""14"":31,""15"":10,""16"":42,""17"":9,""18"":6,""19"":7,""20"":4,""21"":2,""22"":5,""23"":1,""24"":1,""26"":2,""29"":1,""3"":4,""30"":1,""33"":1,""4"":12,""5"":9,""7"":1,""8"":1}",202,6.165121495287098,50,0.05,"{""10"":233,""11"":127,""12"":49,""13"":28,""14"":13,""3"":50,""4"":131,""5"":65,""6"":18,""7"":29,""8"":109,""9"":148}","{""10"":6,""11"":16,""12"":5,""13"":56,""14"":129,""15"":85,""16"":182,""17"":85,""18"":54,""19"":26,""20"":15,""21"":13,""22"":30,""23"":12,""24"":11,""25"":1,""26"":12,""27"":5,""29"":3,""3"":50,""30"":2,""31"":1,""33"":3,""4"":93,""5"":66,""6"":31,""7"":5,""8"":3}","{""Diagonal CMA-ES"":{""attempts"":308,""discoveries"":0,""improvements"":0,""insertions"":0,""insertion_rate"":0.0},""Immigrant"":{""attempts"":141,""discoveries"":0,""improvements"":0,""insertions"":0,""insertion_rate"":0.0},""Morphology"":{""attempts"":313,""discoveries"":0,""improvements"":3,""insertions"":3,""insertion_rate"":0.009584664536741214},""Novelty"":{""attempts"":238,""discoveries"":0,""improvements"":0,""insertions"":0,""insertion_rate"":0.0}}","{""Morphology"":217,""Novelty"":31}",0,0.9333333333333333,false,15000
41,250,251000,10.368499497999997,0.047819797,0.03736916,0.003488295,0.006962342,12.630440282,80.43041,43.662655,7910.4161512851715,185,0.9635417,64,5.169823184870714,4,0.021621621621621623,"{""10"":42,""11"":13,""12"":7,""13"":5,""14"":2,""3"":4,""4"":20,""5"":3,""6"":5,""7"":12,""8"":39,""9"":33}","{""10"":2,""11"":5,""12"":4,""13"":24,""14"":31,""15"":11,""16"":42,""17"":8,""18"":6,""19"":7,""20"":4,""21"":2,""22"":5,""23"":1,""24"":1,""26"":2,""29"":1,""3"":4,""30"":1,""33"":1,""4"":12,""5"":9,""7"":1,""8"":1}",196,6.1717795898911385,58,0.058,"{""10"":198,""11"":125,""12"":52,""13"":28,""14"":7,""15"":2,""3"":58,""4"":146,""5"":77,""6"":13,""7"":25,""8"":123,""9"":146}","{""10"":1,""11"":18,""12"":5,""13"":56,""14"":121,""15"":72,""16"":171,""17"":74,""18"":52,""19"":26,""20"":22,""21"":16,""22"":40,""23"":7,""24"":13,""25"":1,""26"":10,""27"":2,""28"":1,""29"":2,""3"":58,""30"":5,""31"":1,""33"":2,""34"":1,""4"":107,""5"":66,""6"":31,""7"":14,""8"":4,""9"":1}","{""Diagonal CMA-ES"":{""attempts"":291,""discoveries"":0,""improvements"":0,""insertions"":0,""insertion_rate"":0.0},""Immigrant"":{""attempts"":153,""discoveries"":0,""improvements"":0,""insertions"":0,""insertion_rate"":0.0},""Morphology"":{""attempts"":315,""discoveries"":0,""improvements"":1,""insertions"":1,""insertion_rate"":0.0031746031746031746},""Novelty"":{""attempts"":241,""discoveries"":0,""improvements"":0,""insertions"":0,""insertion_rate"":0.0}}","{""Morphology"":199,""Novelty"":31}",1,0.9333333333333333,false,16000
41,251,252000,10.417918591999996,0.049419094,0.039166736,0.003147539,0.007104819,12.690585468,80.43041,43.662655,7910.951273202896,185,0.9635417,63,5.1436909315943,4,0.021621621621621623,"{""10"":42,""11"":13,""12"":7,""13"":5,""14"":2,""3"":4,""4"":20,""5"":3,""6"":5,""7"":12,""8"":39,""9"":33}","{""10"":2,""11"":5,""12"":4,""13"":24,""14"":31,""15"":11,""16"":42,""17"":8,""18"":6,""19"":7,""20"":4,""21"":2,""22"":5,""23"":1,""24"":1,""26"":2,""29"":1,""3"":4,""30"":1,""33"":1,""4"":12,""5"":9,""7"":1,""8"":1}",205,6.248162690294973,68,0.068,"{""10"":199,""11"":116,""12"":49,""13"":29,""14"":9,""3"":68,""4"":136,""5"":91,""6"":12,""7"":33,""8"":109,""9"":149}","{""10"":5,""11"":12,""12"":4,""13"":57,""14"":123,""15"":80,""16"":164,""17"":75,""18"":39,""19"":27,""20"":21,""21"":12,""22"":35,""23"":13,""24"":12,""25"":3,""26"":8,""27"":3,""28"":1,""29"":4,""3"":68,""30"":3,""31"":1,""33"":3,""4"":92,""5"":83,""6"":40,""7"":8,""8"":4}","{""Diagonal CMA-ES"":{""attempts"":282,""discoveries"":0,""improvements"":0,""insertions"":0,""insertion_rate"":0.0},""Immigrant"":{""attempts"":161,""discoveries"":0,""improvements"":0,""insertions"":0,""insertion_rate"":0.0},""Morphology"":{""attempts"":301,""discoveries"":0,""improvements"":1,""insertions"":1,""insertion_rate"":0.0033222591362126247},""Novelty"":{""attempts"":256,""discoveries"":0,""improvements"":0,""insertions"":0,""insertion_rate"":0.0}}","{""Morphology"":203,""Novelty"":29}",0,0.9336283185840708,false,17000
41,252,253000,10.467594143999996,0.049675552,0.037828647,0.003368377,0.008478528,12.752042623,80.43041,43.662655,7913.251978158951,185,0.9635417,63,5.135431581788466,4,0.021621621621621623,"{""10"":43,""11"":13,""12"":7,""13"":5,""14"":2,""3"":4,""4"":20,""5"":3,""6"":5,""7"":12,""8"":39,""9"":32}","{""10"":2,""11"":5,""12"":4,""13"":24,""14"":30,""15"":11,""16"":43,""17"":8,""18"":6,""19"":7,""20"":4,""21"":2,""22"":5,""23"":1,""24"":1,""26"":2,""29"":1,""3"":4,""30"":1,""33"":1,""4"":12,""5"":9,""7"":1,""8"":1}",200,6.198581006525218,75,0.075,"{""10"":217,""11"":113,""12"":49,""13"":33,""14"":8,""15"":2,""3"":75,""4"":124,""5"":83,""6"":13,""7"":26,""8"":116,""9"":141}","{""10"":3,""11"":13,""12"":8,""13"":51,""14"":112,""15"":77,""16"":184,""17"":75,""18"":41,""19"":37,""20"":25,""21"":15,""22"":27,""23"":15,""24"":7,""25"":1,""26"":14,""27"":1,""29"":4,""3"":75,""30"":4,""33"":3,""34"":1,""4"":84,""5"":67,""6"":40,""7"":13,""8"":3}","{""Diagonal CMA-ES"":{""attempts"":274,""discoveries"":0,""improvements"":0,""insertions"":0,""insertion_rate"":0.0},""Immigrant"":{""attempts"":168,""discoveries"":0,""improvements"":0,""insertions"":0,""insertion_rate"":0.0},""Morphology"":{""attempts"":314,""discoveries"":0,""improvements"":1,""insertions"":1,""insertion_rate"":0.0031847133757961785},""Novelty"":{""attempts"":244,""discoveries"":0,""improvements"":0,""insertions"":0,""insertion_rate"":0.0}}","{""Morphology"":221,""Novelty"":35}",0,0.9336283185840708,false,18000
41,253,254000,10.514769235999996,0.047175091999999995,0.036776697,0.003445552,0.006952843,12.810112403,80.43041,43.662655,7916.856281518936,185,0.9635417,63,5.160322998861104,4,0.021621621621621623,"{""10"":42,""11"":14,""12"":7,""13"":5,""14"":2,""3"":4,""4"":20,""5"":3,""6"":5,""7"":12,""8"":38,""9"":33}","{""10"":2,""11"":5,""12"":4,""13"":23,""14"":31,""15"":11,""16"":42,""17"":8,""18"":7,""19"":7,""20"":4,""21"":2,""22"":5,""23"":1,""24"":1,""26"":2,""29"":1,""3"":4,""30"":1,""33"":1,""4"":12,""5"":9,""7"":1,""8"":1}",181,6.2717853665095395,73,0.073,"{""10"":161,""11"":111,""12"":47,""13"":38,""14"":21,""15"":1,""3"":73,""4"":125,""5"":81,""6"":29,""7"":53,""8"":157,""9"":103}","{""11"":28,""12"":9,""13"":77,""14"":81,""15"":65,""16"":156,""17"":45,""18"":48,""19"":50,""20"":28,""21"":25,""22"":33,""23"":20,""24"":16,""25"":3,""26"":6,""27"":4,""28"":1,""29"":8,""3"":73,""30"":6,""31"":1,""32"":1,""33"":7,""34"":1,""4"":73,""5"":88,""6"":35,""7"":8,""8"":3,""9"":1}","{""Diagonal CMA-ES"":{""attempts"":300,""discoveries"":0,""improvements"":0,""insertions"":0,""insertion_rate"":0.0},""Immigrant"":{""attempts"":158,""discoveries"":0,""improvements"":0,""insertions"":0,""insertion_rate"":0.0},""Morphology"":{""attempts"":294,""discoveries"":0,""improvements"":4,""insertions"":4,""insertion_rate"":0.013605442176870748},""Novelty"":{""attempts"":248,""discoveries"":0,""improvements"":0,""insertions"":0,""insertion_rate"":0.0}}","{""Morphology"":182,""Novelty"":29}",0,0.933920704845815,false,19000
41,254,255000,10.557341156999996,0.042571921,0.032036985,0.002984879,0.007550057,12.86264223,80.43041,43.662655,7919.866016626358,185,0.9635417,64,5.175214282656582,4,0.021621621621621623,"{""10"":41,""11"":14,""12"":8,""13"":5,""14"":2,""3"":4,""4"":20,""5"":3,""6"":5,""7"":12,""8"":38,""9"":33}","{""10"":2,""11"":5,""12"":4,""13"":23,""14"":31,""15"":11,""16"":41,""17"":8,""18"":8,""19"":7,""20"":4,""21"":2,""22"":5,""23"":1,""24"":1,""26"":2,""29"":1,""3"":4,""30"":1,""33"":1,""4"":12,""5"":9,""7"":1,""8"":1}",154,4.363404236991188,50,0.05,"{""10"":109,""11"":60,""12"":22,""13"":7,""14"":3,""3"":50,""4"":79,""5"":76,""6"":1,""7"":5,""8"":271,""9"":317}","{""10"":4,""11"":3,""12"":2,""13"":261,""14"":293,""15"":49,""16"":72,""17"":43,""18"":20,""19"":7,""20"":2,""21"":12,""22"":10,""23"":4,""24"":6,""25"":1,""26"":2,""27"":1,""3"":50,""30"":1,""32"":1,""33"":1,""4"":57,""5"":57,""6"":29,""7"":8,""8"":4}","{""Diagonal CMA-ES"":{""attempts"":299,""discoveries"":0,""improvements"":0,""insertions"":0,""insertion_rate"":0.0},""Immigrant"":{""attempts"":167,""discoveries"":0,""improvements"":0,""insertions"":0,""insertion_rate"":0.0},""Morphology"":{""attempts"":296,""discoveries"":0,""improvements"":2,""insertions"":2,""insertion_rate"":0.006756756756756757},""Novelty"":{""attempts"":238,""discoveries"":0,""improvements"":0,""insertions"":0,""insertion_rate"":0.0}}","{""Morphology"":182,""Novelty"":23}",1,0.933920704845815,false,20000
41,255,256000,10.603444116999997,0.04610296,0.035414861,0.002939762,0.007748337,12.918245983,80.43041,43.662655,7920.772915124893,185,0.9635417,64,5.184125955534419,4,0.021621621621621623,"{""10"":40,""11"":14,""12"":8,""13"":5,""14"":2,""3"":4,""4"":20,""5"":3,""6"":5,""7"":12,""8"":38,""9"":34}","{""10"":2,""11"":5,""12"":4,""13"":23,""14"":32,""15"":11,""16"":40,""17"":8,""18"":8,""19"":7,""20"":4,""21"":2,""22"":5,""23"":1,""24"":1,""26"":2,""29"":1,""3"":4,""30"":1,""33"":1,""4"":12,""5"":9,""7"":1,""8"":1}",140,4.230783443905277,51,0.051,"{""10"":87,""11"":64,""12"":18,""13"":14,""14"":3,""3"":51,""4"":62,""5"":79,""6"":1,""7"":1,""8"":283,""9"":337}","{""11"":2,""13"":272,""14"":305,""15"":43,""16"":65,""17"":44,""18"":29,""19"":4,""20"":9,""21"":4,""22"":8,""23"":7,""24"":1,""25"":2,""26"":7,""27"":1,""28"":1,""29"":1,""3"":51,""30"":1,""33"":1,""4"":41,""5"":52,""6"":40,""7"":6,""8"":3}","{""Diagonal CMA-ES"":{""attempts"":292,""discoveries"":0,""improvements"":0,""insertions"":0,""insertion_rate"":0.0},""Immigrant"":{""attempts"":154,""discoveries"":0,""improvements"":0,""insertions"":0,""insertion_rate"":0.0},""Morphology"":{""attempts"":279,""discoveries"":0,""improvements"":1,""insertions"":1,""insertion_rate"":0.0035842293906810036},""Novelty"":{""attempts"":275,""discoveries"":0,""improvements"":0,""insertions"":0,""insertion_rate"":0.0}}","{""Morphology"":182,""Novelty"":28}",0,0.933920704845815,false,21000
41,256,257000,10.651111939999996,0.047667823,0.036317211,0.003329196,0.008021416,12.976586469,80.43041,43.821503,7932.909969568253,185,0.9635417,64,5.184125955534419,4,0.021621621621621623,"{""10"":40,""11"":14,""12"":8,""13"":6,""14"":1,""3"":4,""4"":20,""5"":3,""6"":5,""7"":12,""8"":38,""9"":34}","{""10"":2,""11"":5,""12"":4,""13"":23,""14"":32,""15"":11,""16"":40,""17"":8,""18"":8,""19"":7,""20"":4,""21"":2,""22"":5,""23"":2,""24"":1,""26"":2,""29"":1,""3"":4,""30"":1,""4"":12,""5"":9,""7"":1,""8"":1}",194,5.66315796282614,70,0.07,"{""10"":189,""11"":80,""12"":19,""13"":31,""14"":13,""3"":70,""4"":79,""5"":77,""6"":13,""7"":25,""8"":180,""9"":224}","{""10"":4,""11"":16,""12"":4,""13"":143,""14"":201,""15"":99,""16"":124,""17"":37,""18"":36,""19"":21,""20"":13,""21"":14,""22"":15,""23"":14,""24"":10,""25"":3,""26"":2,""27"":6,""28"":2,""29"":3,""3"":70,""30"":4,""33"":3,""4"":47,""5"":62,""6"":37,""7"":8,""8"":2}","{""Diagonal CMA-ES"":{""attempts"":286,""discoveries"":0,""improvements"":0,""insertions"":0,""insertion_rate"":0.0},""Immigrant"":{""attempts"":152,""discoveries"":0,""improvements"":0,""insertions"":0,""insertion_rate"":0.0},""Morphology"":{""attempts"":307,""discoveries"":0,""improvements"":2,""insertions"":2,""insertion_rate"":0.006514657980456026},""Novelty"":{""attempts"":255,""discoveries"":0,""improvements"":0,""insertions"":0,""insertion_rate"":0.0}}","{""Morphology"":197,""Novelty"":43}",1,0.933920704845815,false,22000
41,257,258000,10.697359749999997,0.04624781,0.034903134,0.003387374,0.007957302,13.033016585,80.43041,43.821503,7943.795585870743,185,0.9635417,63,5.164878940197479,4,0.021621621621621623,"{""10"":38,""11"":14,""12"":8,""13"":6,""14"":1,""3"":4,""4"":20,""5"":3,""6"":5,""7"":13,""8"":38,""9"":35}","{""10"":3,""11"":5,""12"":4,""13"":23,""14"":33,""15"":11,""16"":38,""17"":8,""18"":8,""19"":7,""20"":4,""21"":2,""22"":5,""23"":2,""24"":1,""26"":2,""29"":1,""3"":4,""30"":1,""4"":12,""5"":9,""7"":1,""8"":1}",194,6.2497416329233415,70,0.07,"{""10"":186,""11"":111,""12"":33,""13"":49,""14"":9,""15"":1,""3"":70,""4"":107,""5"":82,""6"":24,""7"":54,""8"":167,""9"":107}","{""10"":3,""11"":28,""12"":9,""13"":84,""14"":87,""15"":67,""16"":185,""17"":42,""18"":54,""19"":55,""20"":27,""21"":24,""22"":17,""23"":22,""24"":12,""25"":2,""26"":7,""29"":5,""3"":70,""30"":9,""31"":1,""33"":1,""4"":50,""5"":95,""6"":31,""7"":11,""8"":2}","{""Diagonal CMA-ES"":{""attempts"":307,""discoveries"":0,""improvements"":0,""insertions"":0,""insertion_rate"":0.0},""Immigrant"":{""attempts"":144,""discoveries"":0,""improvements"":0,""insertions"":0,""insertion_rate"":0.0},""Morphology"":{""attempts"":294,""discoveries"":0,""improvements"":3,""insertions"":3,""insertion_rate"":0.01020408163265306},""Novelty"":{""attempts"":255,""discoveries"":0,""improvements"":0,""insertions"":0,""insertion_rate"":0.0}}","{""Morphology"":204,""Novelty"":28}",0,0.9342105263157895,false,23000
41,258,259000,10.742524738999997,0.045164989,0.033683773,0.003479984,0.008001232,13.087087531,80.43041,43.821503,7948.587673425674,185,0.9635417,62,5.132800943552665,4,0.021621621621621623,"{""10"":39,""11"":13,""12"":8,""13"":6,""14"":1,""3"":4,""4"":20,""5"":3,""6"":5,""7"":13,""8"":38,""9"":35}","{""10"":3,""11"":5,""12"":4,""13"":23,""14"":33,""15"":11,""16"":39,""17"":8,""18"":7,""19"":7,""20"":4,""21"":2,""22"":5,""23"":2,""24"":1,""26"":2,""29"":1,""3"":4,""30"":1,""4"":12,""5"":9,""7"":1,""8"":1}",189,6.265977849021895,69,0.069,"{""10"":196,""11"":106,""12"":39,""13"":44,""14"":12,""15"":1,""3"":69,""4"":131,""5"":92,""6"":24,""7"":49,""8"":144,""9"":93}","{""10"":4,""11"":28,""12"":11,""13"":74,""14"":80,""15"":85,""16"":166,""17"":53,""18"":39,""19"":45,""20"":21,""21"":20,""22"":18,""23"":24,""24"":11,""25"":6,""26"":9,""28"":1,""29"":5,""3"":69,""30"":8,""4"":75,""5"":101,""6"":38,""7"":8,""8"":1}","{""Diagonal CMA-ES"":{""attempts"":291,""discoveries"":0,""improvements"":0,""insertions"":0,""insertion_rate"":0.0},""Immigrant"":{""attempts"":171,""discoveries"":0,""improvements"":0,""insertions"":0,""insertion_rate"":0.0},""Morphology"":{""attempts"":312,""discoveries"":0,""improvements"":1,""insertions"":1,""insertion_rate"":0.003205128205128205},""Novelty"":{""attempts"":226,""discoveries"":0,""improvements"":0,""insertions"":0,""insertion_rate"":0.0}}","{""Morphology"":212,""Novelty"":16}",0,0.9342105263157895,false,24000
41,259,260000,10.791141217999996,0.048616479000000004,0.036693586,0.003692511,0.008230382,13.147596031,80.43041,43.821503,7948.587673425674,185,0.9635417,62,5.132800943552665,4,0.021621621621621623,"{""10"":39,""11"":13,""12"":8,""13"":6,""14"":1,""3"":4,""4"":20,""5"":3,""6"":5,""7"":13,""8"":38,""9"":35}","{""10"":3,""11"":5,""12"":4,""13"":23,""14"":33,""15"":11,""16"":39,""17"":8,""18"":7,""19"":7,""20"":4,""21"":2,""22"":5,""23"":2,""24"":1,""26"":2,""29"":1,""3"":4,""30"":1,""4"":12,""5"":9,""7"":1,""8"":1}",191,6.342069989463222,74,0.074,"{""10"":172,""11"":110,""12"":39,""13"":41,""14"":12,""3"":74,""4"":101,""5"":97,""6"":24,""7"":58,""8"":169,""9"":103}","{""10"":12,""11"":22,""12"":16,""13"":80,""14"":87,""15"":79,""16"":145,""17"":55,""18"":48,""19"":48,""20"":25,""21"":24,""22"":23,""23"":20,""24"":11,""25"":2,""26"":11,""27"":1,""28"":3,""29"":8,""3"":74,""30"":7,""4"":57,""5"":88,""6"":42,""7"":8,""8"":3,""9"":1}","{""Diagonal CMA-ES"":{""attempts"":289,""discoveries"":0,""improvements"":0,""insertions"":0,""insertion_rate"":0.0},""Immigrant"":{""attempts"":151,""discoveries"":0,""improvements"":0,""insertions"":0,""insertion_rate"":0.0},""Morphology"":{""attempts"":299,""discoveries"":0,""improvements"":0,""insertions"":0,""insertion_rate"":0.0},""Novelty"":{""attempts"":261,""discoveries"":0,""improvements"":0,""insertions"":0,""insertion_rate"":0.0}}","{""Morphology"":202,""Novelty"":36}",0,0.9344978165938864,false,25000
41,260,261000,10.838890965999996,0.047749748,0.03681944,0.003088174,0.007842134,13.205003297,80.43041,43.821503,7966.609927415848,185,0.9635417,63,5.149984045151442,4,0.021621621621621623,"{""10"":39,""11"":13,""12"":8,""13"":6,""14"":1,""3"":4,""4"":20,""5"":3,""6"":5,""7"":13,""8"":36,""9"":37}","{""10"":3,""11"":5,""12"":4,""13"":22,""14"":34,""15"":11,""16"":39,""17"":8,""18"":7,""19"":7,""20"":4,""21"":1,""22"":6,""23"":2,""24"":1,""26"":2,""29"":1,""3"":4,""30"":1,""4"":12,""5"":9,""7"":1,""8"":1}",193,6.361486509432993,71,0.071,"{""10"":169,""11"":107,""12"":41,""13"":37,""14"":12,""3"":71,""4"":121,""5"":92,""6"":24,""7"":53,""8"":150,""9"":123}","{""10"":6,""11"":26,""12"":14,""13"":71,""14"":99,""15"":77,""16"":144,""17"":45,""18"":53,""19"":48,""20"":24,""21"":26,""22"":18,""23"":17,""24"":17,""25"":4,""26"":8,""27"":2,""28"":2,""29"":6,""3"":71,""30"":7,""4"":73,""5"":91,""6"":42,""7"":6,""8"":3}","{""Diagonal CMA-ES"":{""attempts"":271,""discoveries"":0,""improvements"":1,""insertions"":1,""insertion_rate"":0.0036900369003690036},""Immigrant"":{""attempts"":166,""discoveries"":0,""improvements"":0,""insertions"":0,""insertion_rate"":0.0},""Morphology"":{""attempts"":314,""discoveries"":0,""improvements"":5,""insertions"":5,""insertion_rate"":0.01592356687898089},""Novelty"":{""attempts"":249,""discoveries"":0,""improvements"":0,""insertions"":0,""insertion_rate"":0.0}}","{""Morphology"":215,""Novelty"":31}",1,0.9344978165938864,false,26000
41,261,262000,10.885218324999995,0.046327359,0.036152176,0.003179596,0.006995587,13.261829971,80.43041,43.821503,7970.518756151199,185,0.9635417,64,5.181335958560126,4,0.021621621621621623,"{""10"":40,""11"":13,""12"":8,""13"":6,""14"":1,""3"":4,""4"":20,""5"":3,""6"":5,""7"":13,""8"":35,""9"":37}","{""10"":3,""11"":5,""12"":4,""13"":21,""14"":34,""15"":11,""16"":39,""17"":8,""18"":7,""19"":7,""20"":4,""21"":2,""22"":6,""23"":2,""24"":1,""26"":2,""29"":1,""3"":4,""30"":1,""4"":12,""5"":9,""7"":1,""8"":1}",194,6.016184825062049,61,0.061,"{""10"":232,""11"":109,""12"":48,""13"":26,""14"":6,""15"":1,""3"":61,""4"":124,""5"":77,""6"":10,""7"":32,""8"":116,""9"":158}","{""10"":8,""11"":14,""12"":8,""13"":60,""14"":133,""15"":70,""16"":207,""17"":68,""18"":44,""19"":26,""20"":13,""21"":16,""22"":29,""23"":19,""24"":8,""25"":2,""26"":5,""27"":1,""28"":1,""29"":1,""3"":61,""30"":3,""31"":1,""4"":91,""5"":62,""6"":44,""7"":5}","{""Diagonal CMA-ES"":{""attempts"":288,""discoveries"":0,""improvements"":0,""insertions"":0,""insertion_rate"":0.0},""Immigrant"":{""attempts"":155,""discoveries"":0,""improvements"":0,""insertions"":0,""insertion_rate"":0.0},""Morphology"":{""attempts"":305,""discoveries"":0,""improvements"":1,""insertions"":1,""insertion_rate"":0.003278688524590164},""Novelty"":{""attempts"":252,""discoveries"":0,""improvements"":0,""insertions"":0,""insertion_rate"":0.0}}","{""Morphology"":200,""Novelty"":36}",1,0.9344978165938864,false,27000
41,262,263000,10.931714279999994,0.046495955,0.036330271,0.003174847,0.006990837,13.318556913,80.43041,43.821503,7971.393222093582,185,0.9635417,64,5.181335958560127,4,0.021621621621621623,"{""10"":40,""11"":13,""12"":8,""13"":6,""14"":1,""3"":4,""4"":20,""5"":3,""6"":5,""7"":13,""8"":35,""9"":37}","{""10"":3,""11"":5,""12"":4,""13"":21,""14"":34,""15"":11,""16"":39,""17"":8,""18"":7,""19"":7,""20"":4,""21"":2,""22"":6,""23"":2,""24"":1,""26"":2,""29"":1,""3"":4,""30"":1,""4"":12,""5"":9,""7"":1,""8"":1}",194,6.089261932825627,62,0.062,"{""10"":178,""11"":95,""12"":51,""13"":29,""14"":9,""3"":62,""4"":146,""5"":81,""6"":14,""7"":31,""8"":124,""9"":180}","{""10"":9,""11"":14,""12"":13,""13"":62,""14"":138,""15"":69,""16"":153,""17"":66,""18"":47,""19"":27,""20"":26,""21"":16,""22"":27,""23"":13,""24"":9,""25"":2,""26"":10,""28"":1,""29"":4,""3"":62,""30"":4,""33"":1,""4"":107,""5"":77,""6"":36,""7"":5,""8"":2}","{""Diagonal CMA-ES"":{""attempts"":303,""discoveries"":0,""improvements"":0,""insertions"":0,""insertion_rate"":0.0},""Immigrant"":{""attempts"":148,""discoveries"":0,""improvements"":0,""insertions"":0,""insertion_rate"":0.0},""Morphology"":{""attempts"":289,""discoveries"":0,""improvements"":1,""insertions"":1,""insertion_rate"":0.0034602076124567475},""Novelty"":{""attempts"":260,""discoveries"":0,""improvements"":0,""insertions"":0,""insertion_rate"":0.0}}","{""Morphology"":190,""Novelty"":31}",0,0.9344978165938864,false,28000
41,263,264000,10.979591067999994,0.047876788,0.037675485,0.003343444,0.006857859,13.37714317,80.43041,43.821503,7979.47869515419,185,0.9635417,64,5.171384316239351,4,0.021621621621621623,"{""10"":40,""11"":13,""12"":8,""13"":6,""14"":1,""3"":4,""4"":21,""5"":3,""6"":4,""7"":13,""8"":35,""9"":37}","{""10"":3,""11"":4,""12"":4,""13"":21,""14"":34,""15"":11,""16"":39,""17"":8,""18"":7,""19"":7,""20"":4,""21"":2,""22"":6,""23"":2,""24"":1,""26"":2,""29"":1,""3"":4,""30"":1,""4"":13,""5"":9,""7"":1,""8"":1}",179,6.020947802368701,66,0.066,"{""10"":236,""11"":85,""12"":53,""13"":28,""14"":7,""3"":66,""4"":123,""5"":79,""6"":11,""7"":40,""8"":109,""9"":163}","{""10"":11,""11"":14,""12"":6,""13"":51,""14"":134,""15"":87,""16"":193,""17"":56,""18"":35,""19"":21,""20"":24,""21"":14,""22"":38,""23"":15,""24"":13,""25"":2,""26"":9,""27"":1,""29"":4,""3"":66,""30"":3,""33"":1,""4"":88,""5"":78,""6"":26,""7"":10}","{""Diagonal CMA-ES"":{""attempts"":309,""discoveries"":0,""improvements"":0,""insertions"":0,""insertion_rate"":0.0},""Immigrant"":{""attempts"":165,""discoveries"":0,""improvements"":0,""insertions"":0,""insertion_rate"":0.0},""Morphology"":{""attempts"":276,""discoveries"":0,""improvements"":3,""insertions"":3,""insertion_rate"":0.010869565217391304},""Novelty"":{""attempts"":250,""discoveries"":0,""improvements"":0,""insertions"":0,""insertion_rate"":0.0}}","{""Morphology"":179,""Novelty"":26}",0,0.9347826086956522,false,29000
41,264,265000,11.027984332999994,0.048393265,0.038225206,0.003241336,0.006926723,13.43553471,80.43041,43.821503,7979.719951868057,185,0.9635417,64,5.171384316239351,4,0.021621621621621623,"{""10"":40,""11"":13,""12"":8,""13"":6,""14"":1,""3"":4,""4"":21,""5"":3,""6"":4,""7"":13,""8"":35,""9"":37}","{""10"":3,""11"":4,""12"":4,""13"":21,""14"":34,""15"":11,""16"":39,""17"":8,""18"":7,""19"":7,""20"":4,""21"":2,""22"":6,""23"":2,""24"":1,""26"":2,""29"":1,""3"":4,""30"":1,""4"":13,""5"":9,""7"":1,""8"":1}",201,6.160968012186205,56,0.056,"{""10"":184,""11"":96,""12"":54,""13"":30,""14"":6,""15"":1,""3"":56,""4"":157,""5"":74,""6"":9,""7"":42,""8"":116,""9"":175}","{""10"":15,""11"":12,""12"":9,""13"":61,""14"":132,""15"":81,""16"":154,""17"":67,""18"":42,""19"":27,""20"":24,""21"":11,""22"":29,""23"":16,""24"":14,""25"":3,""26"":7,""27"":2,""28"":1,""29"":2,""3"":56,""30"":4,""4"":111,""5"":77,""6"":30,""7"":9,""8"":4}","{""Diagonal CMA-ES"":{""attempts"":282,""discoveries"":0,""improvements"":0,""insertions"":0,""insertion_rate"":0.0},""Immigrant"":{""attempts"":164,""discoveries"":0,""improvements"":0,""insertions"":0,""insertion_rate"":0.0},""Morphology"":{""attempts"":300,""discoveries"":0,""improvements"":1,""insertions"":1,""insertion_rate"":0.0033333333333333335},""Novelty"":{""attempts"":254,""discoveries"":0,""improvements"":0,""insertions"":0,""insertion_rate"":0.0}}","{""Morphology"":204,""Novelty"":38}",0,0.935064935064935,false,30000
41,265,266000,11.078140741999993,0.050156409,0.039246286,0.003159412,0.007750711,13.496007591,80.43041,43.821503,7979.719951868057,185,0.9635417,64,5.171384316239349,4,0.021621621621621623,"{""10"":40,""11"":13,""12"":8,""13"":6,""14"":1,""3"":4,""4"":21,""5"":3,""6"":4,""7"":13,""8"":35,""9"":37}","{""10"":3,""11"":4,""12"":4,""13"":21,""14"":34,""15"":11,""16"":39,""17"":8,""18"":7,""19"":7,""20"":4,""21"":2,""22"":6,""23"":2,""24"":1,""26"":2,""29"":1,""3"":4,""30"":1,""4"":13,""5"":9,""7"":1,""8"":1}",186,6.073339906266228,54,0.054,"{""10"":228,""11"":114,""12"":38,""13"":28,""14"":7,""15"":1,""3"":54,""4"":130,""5"":83,""6"":13,""7"":40,""8"":107,""9"":157}","{""10"":11,""11"":15,""12"":7,""13"":55,""14"":131,""15"":81,""16"":193,""17"":72,""18"":42,""19"":25,""20"":15,""21"":16,""22"":26,""23"":18,""24"":12,""26"":5,""28"":1,""29"":3,""3"":54,""30"":3,""4"":90,""41"":2,""5"":76,""6"":36,""7"":5,""8"":6}","{""Diagonal CMA-ES"":{""attempts"":290,""discoveries"":0,""improvements"":0,""insertions"":0,""insertion_rate"":0.0},""Immigrant"":{""attempts"":131,""discoveries"":0,""improvements"":0,""insertions"":0,""insertion_rate"":0.0},""Morphology"":{""attempts"":294,""discoveries"":0,""improvements"":0,""insertions"":0,""insertion_rate"":0.0},""Novelty"":{""attempts"":285,""discoveries"":0,""improvements"":0,""insertions"":0,""insertion_rate"":0.0}}","{""Morphology"":190,""Novelty"":36}",0,0.935064935064935,false,31000
41,266,267000,11.125188792999994,0.047048051,0.036267344,0.003320886,0.007459821,13.553217764,80.43041,43.821503,7987.782862186432,185,0.9635417,64,5.187415679502289,4,0.021621621621621623,"{""10"":41,""11"":13,""12"":8,""13"":6,""14"":1,""3"":4,""4"":21,""5"":3,""6"":4,""7"":13,""8"":35,""9"":36}","{""10"":3,""11"":4,""12"":4,""13"":21,""14"":33,""15"":12,""16"":39,""17"":8,""18"":7,""19"":7,""20"":4,""21"":2,""22"":6,""23"":2,""24"":1,""26"":2,""29"":1,""3"":4,""30"":1,""4"":13,""5"":9,""7"":1,""8"":1}",187,6.304853459877025,71,0.071,"{""10"":166,""11"":105,""12"":46,""13"":42,""14"":9,""3"":71,""4"":118,""5"":84,""6"":25,""7"":58,""8"":160,""9"":116}","{""10"":8,""11"":32,""12"":13,""13"":82,""14"":95,""15"":79,""16"":142,""17"":45,""18"":52,""19"":44,""20"":28,""21"":22,""22"":27,""23"":12,""24"":17,""25"":4,""26"":7,""28"":4,""29"":7,""3"":71,""30"":6,""32"":1,""4"":56,""5"":98,""6"":35,""7"":4,""8"":9}","{""Diagonal CMA-ES"":{""attempts"":281,""discoveries"":0,""improvements"":1,""insertions"":1,""insertion_rate"":0.0035587188612099642},""Immigrant"":{""attempts"":150,""discoveries"":0,""improvements"":0,""insertions"":0,""insertion_rate"":0.0},""Morphology"":{""attempts"":324,""discoveries"":0,""improvements"":4,""insertions"":4,""insertion_rate"":0.012345679012345678},""Novelty"":{""attempts"":245,""discoveries"":0,""improvements"":0,""insertions"":0,""insertion_rate"":0.0}}","{""Morphology"":202,""Novelty"":31}",0,0.935064935064935,false,32000
41,267,268000,11.171630131999994,0.046441339,0.035336499,0.003015748,0.008089092,13.609336807,80.43041,43.821503,7987.782862186432,185,0.9635417,64,5.187415679502288,4,0.021621621621621623,"{""10"":41,""11"":13,""12"":8,""13"":6,""14"":1,""3"":4,""4"":21,""5"":3,""6"":4,""7"":13,""8"":35,""9"":36}","{""10"":3,""11"":4,""12"":4,""13"":21,""14"":33,""15"":12,""16"":39,""17"":8,""18"":7,""19"":7,""20"":4,""21"":2,""22"":6,""23"":2,""24"":1,""26"":2,""29"":1,""3"":4,""30"":1,""4"":13,""5"":9,""7"":1,""8"":1}",183,6.099677043053425,61,0.061,"{""10"":218,""11"":115,""12"":40,""13"":40,""14"":4,""15"":1,""3"":61,""4"":112,""5"":98,""6"":10,""7"":34,""8"":106,""9"":161}","{""10"":13,""11"":11,""12"":7,""13"":44,""14"":130,""15"":83,""16"":181,""17"":72,""18"":57,""19"":19,""20"":20,""21"":13,""22"":30,""23"":18,""24"":9,""25"":3,""26"":12,""29"":2,""3"":61,""30"":2,""31"":1,""33"":1,""4"":74,""5"":80,""6"":37,""7"":15,""8"":4,""9"":1}","{""Diagonal CMA-ES"":{""attempts"":321,""discoveries"":0,""improvements"":0,""insertions"":0,""insertion_rate"":0.0},""Immigrant"":{""attempts"":148,""discoveries"":0,""improvements"":0,""insertions"":0,""insertion_rate"":0.0},""Morphology"":{""attempts"":304,""discoveries"":0,""improvements"":0,""insertions"":0,""insertion_rate"":0.0},""Novelty"":{""attempts"":227,""discoveries"":0,""improvements"":0,""insertions"":0,""insertion_rate"":0.0}}","{""Morphology"":222,""Novelty"":21}",0,0.935064935064935,false,33000
41,268,269000,11.221830470999993,0.050200339000000004,0.03985181,0.003174847,0.007173682,13.670434209,80.43041,44.081017,8013.07461977005,185,0.9635417,64,5.178714920181009,4,0.021621621621621623,"{""10"":41,""11"":13,""12"":10,""13"":5,""14"":1,""3"":4,""4"":21,""5"":3,""6"":4,""7"":13,""8"":35,""9"":35}","{""10"":3,""11"":4,""12"":4,""13"":21,""14"":33,""15"":12,""16"":39,""17"":7,""18"":7,""19"":7,""20"":4,""21"":2,""22"":8,""23"":2,""24"":1,""26"":1,""29"":1,""3"":4,""30"":1,""4"":13,""5"":9,""7"":1,""8"":1}",208,6.1770024738770966,44,0.044,"{""10"":221,""11"":96,""12"":60,""13"":43,""14"":11,""3"":44,""4"":113,""5"":75,""6"":14,""7"":38,""8"":113,""9"":172}","{""10"":16,""11"":19,""12"":10,""13"":49,""14"":147,""15"":76,""16"":186,""17"":58,""18"":45,""19"":25,""20"":24,""21"":13,""22"":44,""23"":22,""24"":13,""25"":2,""26"":8,""27"":1,""28"":1,""29"":5,""3"":44,""30"":2,""31"":1,""33"":1,""4"":71,""5"":73,""6"":27,""7"":13,""8"":4}","{""Diagonal CMA-ES"":{""attempts"":288,""discoveries"":0,""improvements"":0,""insertions"":0,""insertion_rate"":0.0},""Immigrant"":{""attempts"":119,""discoveries"":0,""improvements"":0,""insertions"":0,""insertion_rate"":0.0},""Morphology"":{""attempts"":329,""discoveries"":0,""improvements"":2,""insertions"":2,""insertion_rate"":0.0060790273556231},""Novelty"":{""attempts"":264,""discoveries"":0,""improvements"":0,""insertions"":0,""insertion_rate"":0.0}}","{""Morphology"":204,""Novelty"":37}",0,0.935064935064935,false,34000
41,269,270000,11.268776413999994,0.046945943000000004,0.036768385,0.003114295,0.007063263,13.72790084,80.43041,44.081017,8014.324834346771,185,0.9635417,63,5.147363006772323,4,0.021621621621621623,"{""10"":41,""11"":12,""12"":10,""13"":5,""14"":1,""3"":4,""4"":21,""5"":3,""6"":4,""7"":13,""8"":36,""9"":35}","{""10"":3,""11"":4,""12"":4,""13"":22,""14"":33,""15"":12,""16"":39,""17"":7,""18"":6,""19"":7,""20"":4,""21"":2,""22"":8,""23"":2,""24"":1,""26"":1,""29"":1,""3"":4,""30"":1,""4"":13,""5"":9,""7"":1,""8"":1}",200,6.162269036805988,57,0.057,"{""10"":203,""11"":111,""12"":40,""13"":36,""14"":5,""3"":57,""4"":121,""5"":81,""6"":16,""7"":43,""8"":120,""9"":167}","{""10"":16,""11"":17,""12"":9,""13"":56,""14"":140,""15"":84,""16"":177,""17"":58,""18"":51,""19"":24,""20"":22,""21"":10,""22"":30,""23"":21,""24"":9,""25"":5,""26"":1,""27"":4,""28"":1,""3"":57,""30"":3,""4"":93,""5"":63,""6"":35,""7"":7,""8"":5,""9"":2}","{""Diagonal CMA-ES"":{""attempts"":290,""discoveries"":0,""improvements"":0,""insertions"":0,""insertion_rate"":0.0},""Immigrant"":{""attempts"":131,""discoveries"":0,""improvements"":0,""insertions"":0,""insertion_rate"":0.0},""Morphology"":{""attempts"":320,""discoveries"":0,""improvements"":2,""insertions"":2,""insertion_rate"":0.00625},""Novelty"":{""attempts"":259,""discoveries"":0,""improvements"":0,""insertions"":0,""insertion_rate"":0.0}}","{""Morphology"":221,""Novelty"":35}",0,0.935064935064935,false,35000
41,270,271000,11.314485186999994,0.045708773,0.03520827,0.003412307,0.007088196,13.786449104,80.43041,44.081017,8021.511056423187,185,0.9635417,62,5.132136011656482,4,0.021621621621621623,"{""10"":43,""11"":10,""12"":10,""13"":5,""14"":1,""3"":4,""4"":21,""5"":3,""6"":4,""7"":13,""8"":36,""9"":35}","{""10"":3,""11"":4,""12"":4,""13"":22,""14"":32,""15"":12,""16"":41,""17"":7,""18"":5,""19"":7,""20"":4,""21"":2,""22"":9,""23"":2,""26"":1,""29"":1,""3"":4,""30"":1,""4"":13,""5"":9,""7"":1,""8"":1}",190,6.008570112117479,60,0.06,"{""10"":217,""11"":94,""12"":53,""13"":28,""14"":6,""3"":60,""4"":147,""5"":83,""6"":18,""7"":38,""8"":98,""9"":158}","{""10"":16,""11"":18,""12"":6,""13"":46,""14"":136,""15"":81,""16"":175,""17"":57,""18"":36,""19"":24,""20"":17,""21"":13,""22"":39,""23"":15,""24"":11,""25"":1,""26"":11,""27"":2,""28"":1,""3"":60,""30"":3,""4"":104,""5"":78,""6"":31,""7"":12,""8"":6,""9"":1}","{""Diagonal CMA-ES"":{""attempts"":307,""discoveries"":0,""improvements"":0,""insertions"":0,""insertion_rate"":0.0},""Immigrant"":{""attempts"":146,""discoveries"":0,""improvements"":0,""insertions"":0,""insertion_rate"":0.0},""Morphology"":{""attempts"":313,""discoveries"":0,""improvements"":2,""insertions"":2,""insertion_rate"":0.006389776357827476},""Novelty"":{""attempts"":234,""discoveries"":0,""improvements"":1,""insertions"":1,""insertion_rate"":0.004273504273504274}}","{""Morphology"":202,""Novelty"":27}",0,0.935064935064935,false,36000
41,271,272000,11.367859186999993,0.053374,0.038693003,0.003764937,0.01091606,13.852559296999999,80.43041,44.081017,8024.965119838715,185,0.9635417,62,5.132136011656482,4,0.021621621621621623,"{""10"":43,""11"":10,""12"":10,""13"":5,""14"":1,""3"":4,""4"":21,""5"":3,""6"":4,""7"":13,""8"":36,""9"":35}","{""10"":3,""11"":4,""12"":4,""13"":22,""14"":32,""15"":12,""16"":41,""17"":7,""18"":5,""19"":7,""20"":4,""21"":2,""22"":9,""23"":2,""26"":1,""29"":1,""3"":4,""30"":1,""4"":13,""5"":9,""7"":1,""8"":1}",173,5.674814116665589,56,0.056,"{""10"":360,""11"":108,""12"":30,""13"":18,""14"":4,""3"":56,""4"":87,""5"":92,""6"":4,""7"":22,""8"":79,""9"":140}","{""10"":14,""11"":7,""12"":4,""13"":19,""14"":111,""15"":60,""16"":335,""17"":73,""18"":42,""19"":30,""20"":8,""21"":8,""22"":17,""23"":12,""24"":16,""25"":2,""26"":3,""28"":1,""3"":56,""30"":2,""4"":66,""5"":62,""6"":41,""7"":7,""8"":2,""9"":2}","{""Diagonal CMA-ES"":{""attempts"":299,""discoveries"":0,""improvements"":0,""insertions"":0,""insertion_rate"":0.0},""Immigrant"":{""attempts"":149,""discoveries"":0,""improvements"":0,""insertions"":0,""insertion_rate"":0.0},""Morphology"":{""attempts"":292,""discoveries"":0,""improvements"":1,""insertions"":1,""insertion_rate"":0.003424657534246575},""Novelty"":{""attempts"":260,""discoveries"":0,""improvements"":0,""insertions"":0,""insertion_rate"":0.0}}","{""Morphology"":200,""Novelty"":38}",0,0.935064935064935,false,37000
41,272,273000,11.414397885999993,0.046538698999999996,0.034784403,0.004412017,0.007342279,13.90950589,80.43041,44.081017,8024.965119838715,185,0.9635417,62,5.132136011656482,4,0.021621621621621623,"{""10"":43,""11"":10,""12"":10,""13"":5,""14"":1,""3"":4,""4"":21,""5"":3,""6"":4,""7"":13,""8"":36,""9"":35}","{""10"":3,""11"":4,""12"":4,""13"":22,""14"":32,""15"":12,""16"":41,""17"":7,""18"":5,""19"":7,""20"":4,""21"":2,""22"":9,""23"":2,""26"":1,""29"":1,""3"":4,""30"":1,""4"":13,""5"":9,""7"":1,""8"":1}",189,5.951838181329883,57,0.057,"{""10"":325,""11"":114,""12"":41,""13"":26,""3"":57,""4"":88,""5"":100,""6"":20,""7"":34,""8"":116,""9"":79}","{""10"":6,""11"":20,""12"":13,""13"":56,""14"":61,""15"":71,""16"":280,""17"":55,""18"":52,""19"":45,""20"":24,""21"":10,""22"":30,""23"":14,""24"":7,""25"":1,""26"":2,""27"":2,""28"":1,""3"":57,""30"":4,""4"":51,""5"":71,""6"":50,""7"":10,""8"":7}","{""Diagonal CMA-ES"":{""attempts"":282,""discoveries"":0,""improvements"":0,""insertions"":0,""insertion_rate"":0.0},""Immigrant"":{""attempts"":135,""discoveries"":0,""improvements"":0,""insertions"":0,""insertion_rate"":0.0},""Morphology"":{""attempts"":329,""discoveries"":0,""improvements"":0,""insertions"":0,""insertion_rate"":0.0},""Novelty"":{""attempts"":254,""discoveries"":0,""improvements"":0,""insertions"":0,""insertion_rate"":0.0}}","{""Morphology"":226,""Novelty"":32}",0,0.935064935064935,false,38000
41,273,274000,11.462198686999992,0.047800801,0.036815877,0.003470486,0.007514438,13.967820255,80.43041,44.081017,8024.965119838715,185,0.9635417,62,5.132136011656481,4,0.021621621621621623,"{""10"":43,""11"":10,""12"":10,""13"":5,""14"":1,""3"":4,""4"":21,""5"":3,""6"":4,""7"":13,""8"":36,""9"":35}","{""10"":3,""11"":4,""12"":4,""13"":22,""14"":32,""15"":12,""16"":41,""17"":7,""18"":5,""19"":7,""20"":4,""21"":2,""22"":9,""23"":2,""26"":1,""29"":1,""3"":4,""30"":1,""4"":13,""5"":9,""7"":1,""8"":1}",189,6.3253812094305495,79,0.079,"{""10"":174,""11"":104,""12"":51,""13"":33,""14"":7,""3"":79,""4"":127,""5"":88,""6"":32,""7"":58,""8"":144,""9"":103}","{""10"":9,""11"":26,""12"":14,""13"":76,""14"":80,""15"":83,""16"":141,""17"":52,""18"":51,""19"":47,""20"":27,""21"":14,""22"":39,""23"":15,""24"":8,""25"":3,""26"":4,""27"":2,""3"":79,""30"":5,""31"":1,""33"":2,""4"":70,""5"":91,""6"":34,""7"":11,""8"":14,""9"":2}","{""Diagonal CMA-ES"":{""attempts"":303,""discoveries"":0,""improvements"":0,""insertions"":0,""insertion_rate"":0.0},""Immigrant"":{""attempts"":169,""discoveries"":0,""improvements"":0,""insertions"":0,""insertion_rate"":0.0},""Morphology"":{""attempts"":290,""discoveries"":0,""improvements"":0,""insertions"":0,""insertion_rate"":0.0},""Novelty"":{""attempts"":238,""discoveries"":0,""improvements"":0,""insertions"":0,""insertion_rate"":0.0}}","{""Morphology"":209,""Novelty"":37}",0,0.935064935064935,false,39000
41,274,275000,11.507503776999991,0.04530508999999999,0.034546942,0.003538161,0.007219987,14.02536406,80.43041,44.081017,8024.965119838715,185,0.9635417,62,5.132136011656482,4,0.021621621621621623,"{""10"":43,""11"":10,""12"":10,""13"":5,""14"":1,""3"":4,""4"":21,""5"":3,""6"":4,""7"":13,""8"":36,""9"":35}","{""10"":3,""11"":4,""12"":4,""13"":22,""14"":32,""15"":12,""16"":41,""17"":7,""18"":5,""19"":7,""20"":4,""21"":2,""22"":9,""23"":2,""26"":1,""29"":1,""3"":4,""30"":1,""4"":13,""5"":9,""7"":1,""8"":1}",195,6.403825044015285,56,0.056,"{""10"":183,""11"":98,""12"":41,""13"":41,""14"":4,""3"":56,""4"":116,""5"":100,""6"":28,""7"":62,""8"":156,""9"":115}","{""10"":7,""11"":27,""12"":18,""13"":82,""14"":83,""15"":100,""16"":151,""17"":45,""18"":44,""19"":43,""20"":27,""21"":22,""22"":33,""23"":16,""24"":5,""25"":2,""26"":9,""27"":3,""29"":1,""3"":56,""30"":6,""31"":1,""4"":64,""5"":93,""6"":33,""7"":13,""8"":15,""9"":1}","{""Diagonal CMA-ES"":{""attempts"":305,""discoveries"":0,""improvements"":0,""insertions"":0,""insertion_rate"":0.0},""Immigrant"":{""attempts"":138,""discoveries"":0,""improvements"":0,""insertions"":0,""insertion_rate"":0.0},""Morphology"":{""attempts"":294,""discoveries"":0,""improvements"":0,""insertions"":0,""insertion_rate"":0.0},""Novelty"":{""attempts"":263,""discoveries"":0,""improvements"":0,""insertions"":0,""insertion_rate"":0.0}}","{""Morphology"":209,""Novelty"":33}",0,0.935064935064935,false,40000
41,275,276000,11.549198280999992,0.041694504,0.032578395,0.003092923,0.006023186,14.076731518,80.43041,44.081017,8026.126824855804,185,0.9635417,62,5.1228993133783005,4,0.021621621621621623,"{""10"":44,""11"":10,""12"":10,""13"":5,""14"":1,""3"":4,""4"":21,""5"":3,""6"":4,""7"":13,""8"":36,""9"":34}","{""10"":3,""11"":4,""12"":4,""13"":22,""14"":31,""15"":12,""16"":42,""17"":7,""18"":5,""19"":7,""20"":4,""21"":2,""22"":9,""23"":2,""26"":1,""29"":1,""3"":4,""30"":1,""4"":13,""5"":9,""7"":1,""8"":1}",196,6.279832356437713,78,0.078,"{""10"":183,""11"":95,""12"":41,""13"":39,""14"":4,""3"":78,""4"":138,""5"":88,""6"":26,""7"":54,""8"":160,""9"":94}","{""10"":8,""11"":29,""12"":17,""13"":83,""14"":74,""15"":89,""16"":148,""17"":51,""18"":46,""19"":36,""20"":24,""21"":16,""22"":33,""23"":17,""24"":8,""25"":1,""26"":8,""3"":78,""30"":7,""4"":77,""5"":98,""6"":29,""7"":14,""8"":9}","{""Diagonal CMA-ES"":{""attempts"":280,""discoveries"":0,""improvements"":0,""insertions"":0,""insertion_rate"":0.0},""Immigrant"":{""attempts"":183,""discoveries"":0,""improvements"":0,""insertions"":0,""insertion_rate"":0.0},""Morphology"":{""attempts"":295,""discoveries"":0,""improvements"":2,""insertions"":2,""insertion_rate"":0.006779661016949152},""Novelty"":{""attempts"":242,""discoveries"":0,""improvements"":0,""insertions"":0,""insertion_rate"":0.0}}","{""Morphology"":192,""Novelty"":28}",0,0.935064935064935,false,41000
41,276,277000,11.590396490999991,0.04119821,0.033277716,0.002683303,0.005237191,14.125497596,80.43041,44.081017,8028.7031989097595,185,0.9635417,62,5.1228993133783005,4,0.021621621621621623,"{""10"":44,""11"":10,""12"":10,""13"":5,""14"":1,""3"":4,""4"":21,""5"":3,""6"":4,""7"":13,""8"":36,""9"":34}","{""10"":3,""11"":4,""12"":4,""13"":22,""14"":31,""15"":12,""16"":42,""17"":7,""18"":5,""19"":7,""20"":4,""21"":2,""22"":9,""23"":2,""26"":1,""29"":1,""3"":4,""30"":1,""4"":13,""5"":9,""7"":1,""8"":1}",166,4.54639315087404,296,0.296,"{""10"":91,""11"":67,""12"":15,""13"":17,""14"":3,""3"":296,""4"":76,""5"":82,""6"":7,""7"":6,""8"":264,""9"":76}","{""10"":3,""11"":6,""12"":6,""13"":242,""14"":47,""15"":54,""16"":54,""17"":42,""18"":29,""19"":9,""20"":4,""21"":10,""22"":9,""23"":10,""24"":8,""25"":3,""26"":2,""28"":2,""3"":296,""4"":49,""5"":62,""6"":39,""7"":8,""8"":6}","{""Diagonal CMA-ES"":{""attempts"":275,""discoveries"":0,""improvements"":0,""insertions"":0,""insertion_rate"":0.0},""Immigrant"":{""attempts"":158,""discoveries"":0,""improvements"":0,""insertions"":0,""insertion_rate"":0.0},""Morphology"":{""attempts"":329,""discoveries"":0,""improvements"":1,""insertions"":1,""insertion_rate"":0.00303951367781155},""Novelty"":{""attempts"":238,""discoveries"":0,""improvements"":0,""insertions"":0,""insertion_rate"":0.0}}","{""Morphology"":218,""Novelty"":26}",0,0.935064935064935,false,42000
41,277,278000,11.627849950999991,0.03745346,0.030298774,0.001772643,0.005382043,14.170020254,80.43041,44.081017,8028.7031989097595,185,0.9635417,62,5.1228993133783,4,0.021621621621621623,"{""10"":44,""11"":10,""12"":10,""13"":5,""14"":1,""3"":4,""4"":21,""5"":3,""6"":4,""7"":13,""8"":36,""9"":34}","{""10"":3,""11"":4,""12"":4,""13"":22,""14"":31,""15"":12,""16"":42,""17"":7,""18"":5,""19"":7,""20"":4,""21"":2,""22"":9,""23"":2,""26"":1,""29"":1,""3"":4,""30"":1,""4"":13,""5"":9,""7"":1,""8"":1}",152,4.118716431123214,313,0.313,"{""10"":75,""11"":61,""12"":17,""13"":18,""14"":2,""3"":313,""4"":87,""5"":69,""6"":2,""7"":4,""8"":295,""9"":57}","{""10"":3,""11"":3,""12"":3,""13"":282,""14"":35,""15"":39,""16"":48,""17"":42,""18"":22,""19"":4,""20"":7,""21"":4,""22"":12,""23"":13,""24"":3,""25"":4,""26"":2,""27"":1,""28"":1,""3"":313,""30"":1,""4"":50,""5"":66,""6"":31,""7"":7,""8"":4}","{""Diagonal CMA-ES"":{""attempts"":296,""discoveries"":0,""improvements"":0,""insertions"":0,""insertion_rate"":0.0},""Immigrant"":{""attempts"":141,""discoveries"":0,""improvements"":0,""insertions"":0,""insertion_rate"":0.0},""Morphology"":{""attempts"":278,""discoveries"":0,""improvements"":0,""insertions"":0,""insertion_rate"":0.0},""Novelty"":{""attempts"":285,""discoveries"":0,""improvements"":0,""insertions"":0,""insertion_rate"":0.0}}","{""Morphology"":176,""Novelty"":34}",0,0.935064935064935,false,43000
41,278,279000,11.664833237999991,0.036983287000000004,0.03047212,0.001609982,0.004901185,14.212639667,80.43041,44.081017,8029.833028793335,185,0.9635417,61,5.097423402447506,5,0.02702702702702703,"{""10"":44,""11"":10,""12"":10,""13"":5,""14"":1,""3"":5,""4"":21,""5"":3,""6"":4,""7"":13,""8"":34,""9"":35}","{""10"":3,""11"":4,""12"":3,""13"":22,""14"":32,""15"":12,""16"":42,""17"":7,""18"":5,""19"":6,""20"":4,""21"":2,""22"":9,""23"":2,""26"":1,""29"":1,""3"":5,""30"":1,""4"":13,""5"":9,""7"":1,""8"":1}",145,4.069406986302651,330,0.33,"{""10"":68,""11"":72,""12"":17,""13"":21,""14"":3,""3"":330,""4"":72,""5"":75,""6"":2,""7"":3,""8"":288,""9"":49}","{""10"":2,""11"":1,""12"":4,""13"":276,""14"":28,""15"":37,""16"":51,""17"":42,""18"":25,""19"":6,""20"":10,""21"":4,""22"":6,""23"":16,""24"":5,""25"":4,""26"":3,""28"":1,""3"":330,""4"":49,""5"":63,""6"":27,""7"":7,""8"":2,""9"":1}","{""Diagonal CMA-ES"":{""attempts"":317,""discoveries"":0,""improvements"":1,""insertions"":1,""insertion_rate"":0.0031545741324921135},""Immigrant"":{""attempts"":148,""discoveries"":0,""improvements"":0,""insertions"":0,""insertion_rate"":0.0},""Morphology"":{""attempts"":276,""discoveries"":0,""improvements"":1,""insertions"":1,""insertion_rate"":0.0036231884057971015},""Novelty"":{""attempts"":259,""discoveries"":0,""improvements"":0,""insertions"":0,""insertion_rate"":0.0}}","{""Morphology"":192,""Novelty"":28}",0,0.935064935064935,false,44000
41,279,280000,11.709332149999991,0.044498912,0.034489952,0.003250834,0.006758126,14.267482359,80.43041,44.081017,8030.391729354858,185,0.9635417,61,5.097423402447506,5,0.02702702702702703,"{""10"":44,""11"":10,""12"":10,""13"":5,""14"":1,""3"":5,""4"":21,""5"":3,""6"":4,""7"":13,""8"":34,""9"":35}","{""10"":3,""11"":4,""12"":3,""13"":22,""14"":32,""15"":12,""16"":42,""17"":7,""18"":5,""19"":6,""20"":4,""21"":2,""22"":9,""23"":2,""26"":1,""29"":1,""3"":5,""30"":1,""4"":13,""5"":9,""7"":1,""8"":1}",182,5.5465938386922575,136,0.136,"{""10"":174,""11"":83,""12"":56,""13"":30,""14"":3,""3"":136,""4"":126,""5"":86,""6"":5,""7"":14,""8"":150,""9"":137}","{""10"":9,""11"":9,""12"":2,""13"":102,""14"":95,""15"":47,""16"":153,""17"":54,""18"":35,""19"":30,""20"":19,""21"":13,""22"":39,""23"":18,""24"":11,""25"":8,""26"":3,""28"":1,""3"":136,""30"":1,""4"":91,""5"":75,""6"":31,""7"":14,""8"":3,""9"":1}","{""Diagonal CMA-ES"":{""attempts"":302,""discoveries"":0,""improvements"":0,""insertions"":0,""insertion_rate"":0.0},""Immigrant"":{""attempts"":149,""discoveries"":0,""improvements"":0,""insertions"":0,""insertion_rate"":0.0},""Morphology"":{""attempts"":303,""discoveries"":0,""improvements"":1,""insertions"":1,""insertion_rate"":0.0033003300330033004},""Novelty"":{""attempts"":246,""discoveries"":0,""improvements"":0,""insertions"":0,""insertion_rate"":0.0}}","{""Morphology"":211,""Novelty"":28}",0,0.935064935064935,false,45000
41,280,281000,11.75280760799999,0.043475458,0.03317917,0.003218777,0.007077511,14.320909787,80.43041,44.081017,8044.592692375183,185,0.9635417,60,5.069330145296305,5,0.02702702702702703,"{""10"":44,""11"":10,""12"":10,""13"":5,""14"":1,""3"":5,""4"":22,""5"":3,""6"":4,""7"":12,""8"":34,""9"":35}","{""10"":3,""11"":4,""12"":2,""13"":22,""14"":32,""15"":12,""16"":42,""17"":7,""18"":5,""19"":6,""20"":4,""21"":2,""22"":9,""23"":2,""26"":1,""29"":1,""3"":5,""30"":1,""4"":14,""5"":9,""7"":1,""8"":1}",180,5.922995179713212,92,0.092,"{""10"":193,""11"":94,""12"":49,""13"":31,""14"":4,""3"":92,""4"":161,""5"":94,""6"":17,""7"":24,""8"":82,""9"":159}","{""10"":7,""11"":13,""12"":6,""13"":30,""14"":135,""15"":70,""16"":167,""17"":70,""18"":35,""19"":15,""20"":14,""21"":10,""22"":40,""23"":14,""24"":5,""25"":2,""26"":5,""28"":2,""29"":2,""3"":92,""30"":4,""4"":88,""5"":107,""6"":30,""7"":22,""8"":10,""9"":5}","{""Diagonal CMA-ES"":{""attempts"":315,""discoveries"":0,""improvements"":0,""insertions"":0,""insertion_rate"":0.0},""Immigrant"":{""attempts"":135,""discoveries"":0,""improvements"":0,""insertions"":0,""insertion_rate"":0.0},""Morphology"":{""attempts"":305,""discoveries"":0,""improvements"":1,""insertions"":1,""insertion_rate"":0.003278688524590164},""Novelty"":{""attempts"":245,""discoveries"":0,""improvements"":0,""insertions"":0,""insertion_rate"":0.0}}","{""Morphology"":190,""Novelty"":23}",0,0.935064935064935,false,46000
41,281,282000,11.796915898999991,0.044108291,0.032122471,0.004482068,0.007503752,14.374812134999999,80.43041,44.081017,8044.865078926086,185,0.9635417,60,5.069330145296305,5,0.02702702702702703,"{""10"":44,""11"":10,""12"":10,""13"":5,""14"":1,""3"":5,""4"":22,""5"":3,""6"":4,""7"":12,""8"":34,""9"":35}","{""10"":3,""11"":4,""12"":2,""13"":22,""14"":32,""15"":12,""16"":42,""17"":7,""18"":5,""19"":6,""20"":4,""21"":2,""22"":9,""23"":2,""26"":1,""29"":1,""3"":5,""30"":1,""4"":14,""5"":9,""7"":1,""8"":1}",187,6.045812750731787,59,0.059,"{""10"":211,""11"":88,""12"":48,""13"":36,""14"":3,""3"":59,""4"":148,""5"":89,""6"":18,""7"":38,""8"":110,""9"":152}","{""10"":13,""11"":16,""12"":9,""13"":49,""14"":124,""15"":68,""16"":195,""17"":62,""18"":36,""19"":24,""20"":20,""21"":11,""22"":37,""23"":12,""24"":9,""25"":1,""26"":9,""27"":1,""29"":2,""3"":59,""30"":3,""4"":100,""5"":86,""6"":36,""7"":14,""8"":3,""9"":1}","{""Diagonal CMA-ES"":{""attempts"":318,""discoveries"":0,""improvements"":0,""insertions"":0,""insertion_rate"":0.0},""Immigrant"":{""attempts"":149,""discoveries"":0,""improvements"":0,""insertions"":0,""insertion_rate"":0.0},""Morphology"":{""attempts"":264,""discoveries"":0,""improvements"":1,""insertions"":1,""insertion_rate"":0.003787878787878788},""Novelty"":{""attempts"":269,""discoveries"":0,""improvements"":0,""insertions"":0,""insertion_rate"":0.0}}","{""Morphology"":183,""Novelty"":36}",0,0.935064935064935,false,47000
41,282,283000,11.843223073999992,0.046307175,0.035544277,0.003288829,0.007474069,14.431394226,80.43041,44.081017,8049.223176002502,185,0.9635417,59,5.051788996659351,5,0.02702702702702703,"{""10"":44,""11"":9,""12"":10,""13"":5,""14"":1,""3"":5,""4"":22,""5"":3,""6"":4,""7"":13,""8"":34,""9"":35}","{""10"":4,""11"":4,""12"":2,""13"":22,""14"":32,""15"":12,""16"":42,""17"":6,""18"":5,""19"":6,""20"":4,""21"":2,""22"":9,""23"":2,""26"":1,""29"":1,""3"":5,""30"":1,""4"":14,""5"":9,""7"":1,""8"":1}",199,6.16361349811073,61,0.061,"{""10"":219,""11"":84,""12"":40,""13"":31,""14"":4,""3"":61,""4"":174,""5"":104,""6"":9,""7"":39,""8"":91,""9"":144}","{""10"":18,""11"":14,""12"":6,""13"":40,""14"":110,""15"":74,""16"":175,""17"":60,""18"":36,""19"":24,""20"":19,""21"":21,""22"":28,""23"":19,""24"":6,""25"":1,""26"":5,""29"":1,""3"":61,""30"":3,""31"":1,""4"":103,""5"":113,""6"":38,""7"":16,""8"":8}","{""Diagonal CMA-ES"":{""attempts"":282,""discoveries"":0,""improvements"":0,""insertions"":0,""insertion_rate"":0.0},""Immigrant"":{""attempts"":163,""discoveries"":0,""improvements"":0,""insertions"":0,""insertion_rate"":0.0},""Morphology"":{""attempts"":315,""discoveries"":0,""improvements"":1,""insertions"":1,""insertion_rate"":0.0031746031746031746},""Novelty"":{""attempts"":240,""discoveries"":0,""improvements"":0,""insertions"":0,""insertion_rate"":0.0}}","{""Morphology"":216,""Novelty"":30}",0,0.935064935064935,false,48000
41,283,284000,11.890921766999991,0.047698693,0.037378659,0.003193844,0.00712619,14.488306387,80.43041,44.081017,8049.223176002502,185,0.9635417,59,5.051788996659351,5,0.02702702702702703,"{""10"":44,""11"":9,""12"":10,""13"":5,""14"":1,""3"":5,""4"":22,""5"":3,""6"":4,""7"":13,""8"":34,""9"":35}","{""10"":4,""11"":4,""12"":2,""13"":22,""14"":32,""15"":12,""16"":42,""17"":6,""18"":5,""19"":6,""20"":4,""21"":2,""22"":9,""23"":2,""26"":1,""29"":1,""3"":5,""30"":1,""4"":14,""5"":9,""7"":1,""8"":1}",185,5.980210612623751,62,0.062,"{""10"":214,""11"":82,""12"":49,""13"":27,""14"":5,""3"":62,""4"":176,""5"":95,""6"":13,""7"":38,""8"":96,""9"":143}","{""10"":19,""11"":14,""12"":10,""13"":41,""14"":114,""15"":71,""16"":184,""17"":63,""18"":30,""19"":17,""20"":18,""21"":12,""22"":36,""23"":13,""24"":8,""25"":2,""26"":5,""27"":2,""28"":1,""3"":62,""30"":2,""32"":1,""4"":102,""5"":104,""6"":39,""7"":23,""8"":6,""9"":1}","{""Diagonal CMA-ES"":{""attempts"":322,""discoveries"":0,""improvements"":0,""insertions"":0,""insertion_rate"":0.0},""Immigrant"":{""attempts"":167,""discoveries"":0,""improvements"":0,""insertions"":0,""insertion_rate"":0.0},""Morphology"":{""attempts"":301,""discoveries"":0,""improvements"":0,""insertions"":0,""insertion_rate"":0.0},""Novelty"":{""attempts"":210,""discoveries"":0,""improvements"":0,""insertions"":0,""insertion_rate"":0.0}}","{""Morphology"":189,""Novelty"":30}",0,0.935064935064935,false,49000
41,284,285000,11.93641088899999,0.045489122,0.035280696,0.003836174,0.006372252,14.543327174,80.43041,44.081017,8049.223176002502,185,0.9635417,59,5.05178899665935,5,0.02702702702702703,"{""10"":44,""11"":9,""12"":10,""13"":5,""14"":1,""3"":5,""4"":22,""5"":3,""6"":4,""7"":13,""8"":34,""9"":35}","{""10"":4,""11"":4,""12"":2,""13"":22,""14"":32,""15"":12,""16"":42,""17"":6,""18"":5,""19"":6,""20"":4,""21"":2,""22"":9,""23"":2,""26"":1,""29"":1,""3"":5,""30"":1,""4"":14,""5"":9,""7"":1,""8"":1}",188,6.128242218948442,88,0.088,"{""10"":145,""11"":86,""12"":36,""13"":40,""14"":4,""3"":88,""4"":211,""5"":98,""6"":22,""7"":50,""8"":123,""9"":97}","{""10"":8,""11"":22,""12"":12,""13"":64,""14"":69,""15"":66,""16"":122,""17"":36,""18"":48,""19"":34,""20"":21,""21"":18,""22"":32,""23"":23,""24"":8,""25"":3,""26"":8,""3"":88,""30"":5,""31"":1,""4"":58,""5"":189,""6"":34,""7"":19,""8"":11,""9"":1}","{""Diagonal CMA-ES"":{""attempts"":283,""discoveries"":0,""improvements"":0,""insertions"":0,""insertion_rate"":0.0},""Immigrant"":{""attempts"":162,""discoveries"":0,""improvements"":0,""insertions"":0,""insertion_rate"":0.0},""Morphology"":{""attempts"":297,""discoveries"":0,""improvements"":0,""insertions"":0,""insertion_rate"":0.0},""Novelty"":{""attempts"":258,""discoveries"":0,""improvements"":0,""insertions"":0,""insertion_rate"":0.0}}","{""Morphology"":197,""Novelty"":35}",0,0.935064935064935,false,50000
41,285,286000,11.983125306999991,0.046714418,0.036232912,0.003248459,0.007233047,14.59887275,80.43041,44.305035,8052.234574317932,185,0.9635417,59,5.051788996659351,5,0.02702702702702703,"{""10"":44,""11"":9,""12"":10,""13"":5,""14"":1,""3"":5,""4"":22,""5"":3,""6"":4,""7"":13,""8"":34,""9"":35}","{""10"":4,""11"":4,""12"":2,""13"":22,""14"":32,""15"":12,""16"":42,""17"":6,""18"":5,""19"":6,""20"":4,""21"":2,""22"":9,""23"":2,""26"":1,""29"":1,""3"":5,""30"":1,""4"":14,""5"":9,""7"":1,""8"":1}",189,6.184216660513634,76,0.076,"{""10"":144,""11"":105,""12"":49,""13"":39,""14"":4,""3"":76,""4"":197,""5"":86,""6"":26,""7"":45,""8"":126,""9"":103}","{""10"":4,""11"":27,""12"":12,""13"":66,""14"":84,""15"":68,""16"":121,""17"":49,""18"":46,""19"":43,""20"":19,""21"":16,""22"":40,""23"":13,""24"":8,""25"":3,""26"":6,""27"":1,""28"":5,""3"":76,""30"":5,""4"":55,""5"":176,""6"":33,""7"":12,""8"":11,""9"":1}","{""Diagonal CMA-ES"":{""attempts"":301,""discoveries"":0,""improvements"":0,""insertions"":0,""insertion_rate"":0.0},""Immigrant"":{""attempts"":143,""discoveries"":0,""improvements"":0,""insertions"":0,""insertion_rate"":0.0},""Morphology"":{""attempts"":315,""discoveries"":0,""improvements"":1,""insertions"":1,""insertion_rate"":0.0031746031746031746},""Novelty"":{""attempts"":241,""discoveries"":0,""improvements"":0,""insertions"":0,""insertion_rate"":0.0}}","{""Morphology"":208,""Novelty"":29}",0,0.935064935064935,false,51000
41,286,287000,12.024595409999991,0.041470102999999994,0.032367055,0.003796993,0.005306055,14.648325088,80.43041,44.305035,8052.234574317932,185,0.9635417,59,5.05178899665935,5,0.02702702702702703,"{""10"":44,""11"":9,""12"":10,""13"":5,""14"":1,""3"":5,""4"":22,""5"":3,""6"":4,""7"":13,""8"":34,""9"":35}","{""10"":4,""11"":4,""12"":2,""13"":22,""14"":32,""15"":12,""16"":42,""17"":6,""18"":5,""19"":6,""20"":4,""21"":2,""22"":9,""23"":2,""26"":1,""29"":1,""3"":5,""30"":1,""4"":14,""5"":9,""7"":1,""8"":1}",190,5.515282804638682,51,0.051,"{""10"":124,""11"":81,""12"":21,""13"":32,""14"":1,""3"":51,""4"":274,""5"":91,""6"":11,""7"":29,""8"":62,""9"":223}","{""10"":9,""11"":9,""12"":7,""13"":34,""14"":51,""15"":50,""16"":83,""17"":192,""18"":45,""19"":19,""20"":15,""21"":13,""22"":20,""23"":15,""24"":5,""25"":3,""26"":6,""27"":1,""28"":1,""29"":1,""3"":51,""30"":3,""4"":58,""5"":256,""6"":37,""7"":9,""8"":6,""9"":1}","{""Diagonal CMA-ES"":{""attempts"":288,""discoveries"":0,""improvements"":0,""insertions"":0,""insertion_rate"":0.0},""Immigrant"":{""attempts"":149,""discoveries"":0,""improvements"":0,""insertions"":0,""insertion_rate"":0.0},""Morphology"":{""attempts"":297,""discoveries"":0,""improvements"":0,""insertions"":0,""insertion_rate"":0.0},""Novelty"":{""attempts"":266,""discoveries"":0,""improvements"":0,""insertions"":0,""insertion_rate"":0.0}}","{""Morphology"":191,""Novelty"":28}",0,0.935064935064935,false,52000
41,287,288000,12.068072054999991,0.043476645,0.032874033,0.003339882,0.00726273,14.700745683,80.43041,44.305035,8052.234574317932,185,0.9635417,59,5.051788996659351,5,0.02702702702702703,"{""10"":44,""11"":9,""12"":10,""13"":5,""14"":1,""3"":5,""4"":22,""5"":3,""6"":4,""7"":13,""8"":34,""9"":35}","{""10"":4,""11"":4,""12"":2,""13"":22,""14"":32,""15"":12,""16"":42,""17"":6,""18"":5,""19"":6,""20"":4,""21"":2,""22"":9,""23"":2,""26"":1,""29"":1,""3"":5,""30"":1,""4"":14,""5"":9,""7"":1,""8"":1}",169,6.133109728642143,85,0.085,"{""10"":170,""11"":81,""12"":35,""13"":31,""14"":1,""3"":85,""4"":183,""5"":104,""6"":26,""7"":48,""8"":141,""9"":95}","{""10"":7,""11"":28,""12"":15,""13"":73,""14"":69,""15"":81,""16"":132,""17"":40,""18"":32,""19"":35,""20"":23,""21"":22,""22"":33,""23"":13,""24"":5,""25"":1,""26"":7,""27"":1,""28"":2,""3"":85,""30"":5,""4"":66,""5"":162,""6"":36,""7"":15,""8"":10,""9"":2}","{""Diagonal CMA-ES"":{""attempts"":297,""discoveries"":0,""improvements"":0,""insertions"":0,""insertion_rate"":0.0},""Immigrant"":{""attempts"":159,""discoveries"":0,""improvements"":0,""insertions"":0,""insertion_rate"":0.0},""Morphology"":{""attempts"":295,""discoveries"":0,""improvements"":0,""insertions"":0,""insertion_rate"":0.0},""Novelty"":{""attempts"":249,""discoveries"":0,""improvements"":0,""insertions"":0,""insertion_rate"":0.0}}","{""Morphology"":185,""Novelty"":30}",0,0.935064935064935,false,53000
41,288,289000,12.112125729999992,0.044053675,0.033732453,0.003401622,0.0069196,14.755778344,80.43041,44.305035,8064.288884162903,185,0.9635417,59,5.0455984721851515,5,0.02702702702702703,"{""10"":44,""11"":9,""12"":11,""13"":5,""14"":1,""3"":5,""4"":22,""5"":3,""6"":4,""7"":13,""8"":34,""9"":34}","{""10"":4,""11"":4,""12"":2,""13"":22,""14"":32,""15"":12,""16"":42,""17"":5,""18"":5,""19"":6,""20"":4,""21"":2,""22"":10,""23"":2,""26"":1,""29"":1,""3"":5,""30"":1,""4"":14,""5"":9,""7"":1,""8"":1}",181,6.199095887555764,80,0.08,"{""10"":150,""11"":82,""12"":49,""13"":41,""14"":1,""3"":80,""4"":181,""5"":101,""6"":27,""7"":52,""8"":135,""9"":101}","{""10"":7,""11"":31,""12"":13,""13"":67,""14"":76,""15"":71,""16"":121,""17"":43,""18"":41,""19"":48,""20"":20,""21"":22,""22"":35,""23"":16,""24"":6,""25"":4,""26"":8,""27"":1,""3"":80,""30"":7,""4"":63,""5"":164,""6"":36,""7"":8,""8"":12}","{""Diagonal CMA-ES"":{""attempts"":309,""discoveries"":0,""improvements"":0,""insertions"":0,""insertion_rate"":0.0},""Immigrant"":{""attempts"":152,""discoveries"":0,""improvements"":0,""insertions"":0,""insertion_rate"":0.0},""Morphology"":{""attempts"":286,""discoveries"":0,""improvements"":1,""insertions"":1,""insertion_rate"":0.0034965034965034965},""Novelty"":{""attempts"":253,""discoveries"":0,""improvements"":0,""insertions"":0,""insertion_rate"":0.0}}","{""Morphology"":193,""Novelty"":32}",0,0.935064935064935,false,54000
41,289,290000,12.162852044999992,0.050726315,0.040034655,0.00350373,0.00718793,14.81731861,80.43041,44.305035,8064.288884162903,185,0.9635417,59,5.045598472185153,5,0.02702702702702703,"{""10"":44,""11"":9,""12"":11,""13"":5,""14"":1,""3"":5,""4"":22,""5"":3,""6"":4,""7"":13,""8"":34,""9"":34}","{""10"":4,""11"":4,""12"":2,""13"":22,""14"":32,""15"":12,""16"":42,""17"":5,""18"":5,""19"":6,""20"":4,""21"":2,""22"":10,""23"":2,""26"":1,""29"":1,""3"":5,""30"":1,""4"":14,""5"":9,""7"":1,""8"":1}",190,6.141689872482719,87,0.087,"{""10"":140,""11"":98,""12"":34,""13"":32,""14"":4,""3"":87,""4"":208,""5"":110,""6"":18,""7"":49,""8"":110,""9"":110}","{""10"":10,""11"":21,""12"":15,""13"":54,""14"":77,""15"":68,""16"":121,""17"":34,""18"":62,""19"":31,""20"":23,""21"":14,""22"":28,""23"":16,""24"":3,""25"":3,""26"":6,""28"":2,""3"":87,""30"":3,""31"":1,""4"":50,""41"":1,""5"":207,""6"":39,""7"":12,""8"":10,""9"":2}","{""Diagonal CMA-ES"":{""attempts"":276,""discoveries"":0,""improvements"":0,""insertions"":0,""insertion_rate"":0.0},""Immigrant"":{""attempts"":164,""discoveries"":0,""improvements"":0,""insertions"":0,""insertion_rate"":0.0},""Morphology"":{""attempts"":328,""discoveries"":0,""improvements"":0,""insertions"":0,""insertion_rate"":0.0},""Novelty"":{""attempts"":232,""discoveries"":0,""improvements"":0,""insertions"":0,""insertion_rate"":0.0}}","{""Morphology"":223,""Novelty"":30}",0,0.935064935064935,false,55000
41,290,291000,12.209020304999992,0.046168259999999996,0.035095476,0.003484733,0.007588051,14.875234042,80.43041,44.305035,8064.288884162903,185,0.9635417,59,5.045598472185152,5,0.02702702702702703,"{""10"":44,""11"":9,""12"":11,""13"":5,""14"":1,""3"":5,""4"":22,""5"":3,""6"":4,""7"":13,""8"":34,""9"":34}","{""10"":4,""11"":4,""12"":2,""13"":22,""14"":32,""15"":12,""16"":42,""17"":5,""18"":5,""19"":6,""20"":4,""21"":2,""22"":10,""23"":2,""26"":1,""29"":1,""3"":5,""30"":1,""4"":14,""5"":9,""7"":1,""8"":1}",191,6.160373927068399,69,0.069,"{""10"":140,""11"":99,""12"":40,""13"":42,""14"":2,""3"":69,""4"":227,""5"":93,""6"":24,""7"":46,""8"":126,""9"":92}","{""10"":8,""11"":26,""12"":14,""13"":65,""14"":73,""15"":64,""16"":117,""17"":48,""18"":45,""19"":35,""20"":22,""21"":20,""22"":34,""23"":16,""24"":5,""25"":1,""26"":8,""28"":1,""3"":69,""30"":6,""4"":65,""5"":201,""6"":40,""7"":7,""8"":8,""9"":2}","{""Diagonal CMA-ES"":{""attempts"":291,""discoveries"":0,""improvements"":0,""insertions"":0,""insertion_rate"":0.0},""Immigrant"":{""attempts"":144,""discoveries"":0,""improvements"":0,""insertions"":0,""insertion_rate"":0.0},""Morphology"":{""attempts"":316,""discoveries"":0,""improvements"":0,""insertions"":0,""insertion_rate"":0.0},""Novelty"":{""attempts"":249,""discoveries"":0,""improvements"":0,""insertions"":0,""insertion_rate"":0.0}}","{""Morphology"":219,""Novelty"":23}",0,0.935064935064935,false,56000
41,291,292000,12.258830022999993,0.049809718,0.038730997,0.003071552,0.008007169,14.934841379,80.43041,44.305035,8072.908989191055,185,0.9635417,59,5.042261787547061,5,0.02702702702702703,"{""10"":44,""11"":9,""12"":11,""13"":5,""14"":1,""3"":5,""4"":22,""5"":3,""6"":4,""7"":13,""8"":34,""9"":34}","{""10"":4,""11"":4,""12"":2,""13"":22,""14"":32,""15"":12,""16"":42,""17"":5,""18"":5,""19"":6,""20"":4,""21"":2,""22"":10,""23"":2,""26"":1,""29"":1,""3"":5,""30"":1,""4"":14,""5"":9,""7"":1,""8"":1}",170,6.134692974150473,79,0.079,"{""10"":166,""11"":93,""12"":38,""13"":43,""14"":4,""3"":79,""4"":160,""5"":81,""6"":30,""7"":59,""8"":144,""9"":103}","{""10"":9,""11"":27,""12"":18,""13"":77,""14"":86,""15"":75,""16"":142,""17"":32,""18"":48,""19"":40,""20"":22,""21"":20,""22"":36,""23"":17,""24"":5,""25"":4,""26"":7,""27"":2,""3"":79,""30"":5,""4"":52,""41"":1,""5"":151,""6"":24,""7"":9,""8"":9,""9"":3}","{""Diagonal CMA-ES"":{""attempts"":325,""discoveries"":0,""improvements"":0,""insertions"":0,""insertion_rate"":0.0},""Immigrant"":{""attempts"":136,""discoveries"":0,""improvements"":0,""insertions"":0,""insertion_rate"":0.0},""Morphology"":{""attempts"":307,""discoveries"":0,""improvements"":1,""insertions"":1,""insertion_rate"":0.003257328990228013},""Novelty"":{""attempts"":232,""discoveries"":0,""improvements"":1,""insertions"":1,""insertion_rate"":0.004310344827586207}}","{""Morphology"":206,""Novelty"":20}",0,0.935064935064935,false,57000
41,292,293000,12.307515362999993,0.04868534,0.037573377,0.003645018,0.007466945,14.994467713,80.43041,44.305035,8073.736290216446,185,0.9635417,59,5.04226178754706,5,0.02702702702702703,"{""10"":44,""11"":9,""12"":11,""13"":5,""14"":1,""3"":5,""4"":22,""5"":3,""6"":4,""7"":13,""8"":34,""9"":34}","{""10"":4,""11"":4,""12"":2,""13"":22,""14"":32,""15"":12,""16"":42,""17"":5,""18"":5,""19"":6,""20"":4,""21"":2,""22"":10,""23"":2,""26"":1,""29"":1,""3"":5,""30"":1,""4"":14,""5"":9,""7"":1,""8"":1}",194,6.319132297415031,90,0.09,"{""10"":161,""11"":103,""12"":47,""13"":50,""14"":1,""3"":90,""4"":121,""5"":90,""6"":25,""7"":59,""8"":138,""9"":115}","{""10"":8,""11"":27,""12"":16,""13"":70,""14"":90,""15"":73,""16"":143,""17"":41,""18"":43,""19"":47,""20"":32,""21"":16,""22"":42,""23"":21,""24"":6,""25"":2,""26"":8,""27"":1,""28"":1,""3"":90,""30"":8,""31"":1,""4"":61,""5"":95,""6"":39,""7"":9,""8"":9,""9"":1}","{""Diagonal CMA-ES"":{""attempts"":297,""discoveries"":0,""improvements"":0,""insertions"":0,""insertion_rate"":0.0},""Immigrant"":{""attempts"":146,""discoveries"":0,""improvements"":0,""insertions"":0,""insertion_rate"":0.0},""Morphology"":{""attempts"":317,""discoveries"":0,""improvements"":2,""insertions"":2,""insertion_rate"":0.006309148264984227},""Novelty"":{""attempts"":240,""discoveries"":0,""improvements"":0,""insertions"":0,""insertion_rate"":0.0}}","{""Morphology"":213,""Novelty"":31}",0,0.935064935064935,false,58000
41,293,294000,12.353729926999993,0.04621456399999999,0.03604888,0.002536078,0.007629606,15.051040305,80.43041,44.305035,8084.354688882828,185,0.9635417,59,5.030684979708811,5,0.02702702702702703,"{""10"":44,""11"":9,""12"":12,""13"":5,""14"":1,""3"":5,""4"":22,""5"":3,""6"":4,""7"":13,""8"":34,""9"":33}","{""10"":4,""11"":4,""12"":2,""13"":22,""14"":32,""15"":12,""16"":42,""17"":4,""18"":5,""19"":6,""20"":4,""21"":2,""22"":11,""23"":2,""26"":1,""29"":1,""3"":5,""30"":1,""4"":14,""5"":9,""7"":1,""8"":1}",178,6.167352560421391,90,0.09,"{""10"":150,""11"":96,""12"":46,""13"":47,""14"":1,""3"":90,""4"":128,""5"":81,""6"":29,""7"":59,""8"":158,""9"":115}","{""10"":8,""11"":32,""12"":19,""13"":80,""14"":98,""15"":70,""16"":143,""17"":42,""18"":39,""19"":42,""20"":26,""21"":15,""22"":40,""23"":14,""24"":7,""25"":4,""26"":13,""3"":90,""30"":6,""31"":1,""4"":71,""5"":99,""6"":28,""7"":4,""8"":9}","{""Diagonal CMA-ES"":{""attempts"":300,""discoveries"":0,""improvements"":0,""insertions"":0,""insertion_rate"":0.0},""Immigrant"":{""attempts"":152,""discoveries"":0,""improvements"":0,""insertions"":0,""insertion_rate"":0.0},""Morphology"":{""attempts"":288,""discoveries"":0,""improvements"":1,""insertions"":1,""insertion_rate"":0.003472222222222222},""Novelty"":{""attempts"":260,""discoveries"":0,""improvements"":0,""insertions"":0,""insertion_rate"":0.0}}","{""Morphology"":189,""Novelty"":28}",0,0.935064935064935,false,59000
41,294,295000,12.402636105999992,0.048906178999999994,0.037519948,0.003095297,0.008290934,15.10929768,80.43041,44.305035,8084.354688882828,185,0.9635417,59,5.03068497970881,5,0.02702702702702703,"{""10"":44,""11"":9,""12"":12,""13"":5,""14"":1,""3"":5,""4"":22,""5"":3,""6"":4,""7"":13,""8"":34,""9"":33}","{""10"":4,""11"":4,""12"":2,""13"":22,""14"":32,""15"":12,""16"":42,""17"":4,""18"":5,""19"":6,""20"":4,""21"":2,""22"":11,""23"":2,""26"":1,""29"":1,""3"":5,""30"":1,""4"":14,""5"":9,""7"":1,""8"":1}",179,6.212040293026414,81,0.081,"{""10"":157,""11"":86,""12"":56,""13"":33,""14"":2,""3"":81,""4"":122,""5"":92,""6"":27,""7"":63,""8"":159,""9"":122}","{""10"":11,""11"":28,""12"":17,""13"":83,""14"":100,""15"":78,""16"":136,""17"":36,""18"":42,""19"":50,""20"":19,""21"":19,""22"":40,""23"":15,""24"":11,""25"":2,""26"":10,""3"":81,""30"":5,""31"":1,""4"":59,""5"":101,""6"":31,""7"":14,""8"":11}","{""Diagonal CMA-ES"":{""attempts"":304,""discoveries"":0,""improvements"":0,""insertions"":0,""insertion_rate"":0.0},""Immigrant"":{""attempts"":153,""discoveries"":0,""improvements"":0,""insertions"":0,""insertion_rate"":0.0},""Morphology"":{""attempts"":283,""discoveries"":0,""improvements"":0,""insertions"":0,""insertion_rate"":0.0},""Novelty"":{""attempts"":260,""discoveries"":0,""improvements"":0,""insertions"":0,""insertion_rate"":0.0}}","{""Morphology"":176,""Novelty"":29}",0,0.935064935064935,false,60000
41,295,296000,12.448940906999992,0.04630480100000001,0.035486099,0.003431305,0.007387397,15.167678534,80.43041,44.305035,8087.736379861832,185,0.9635417,59,5.030684979708811,5,0.02702702702702703,"{""10"":44,""11"":9,""12"":12,""13"":5,""14"":1,""3"":5,""4"":22,""5"":3,""6"":4,""7"":13,""8"":34,""9"":33}","{""10"":4,""11"":4,""12"":2,""13"":22,""14"":32,""15"":12,""16"":42,""17"":4,""18"":5,""19"":6,""20"":4,""21"":2,""22"":11,""23"":2,""26"":1,""29"":1,""3"":5,""30"":1,""4"":14,""5"":9,""7"":1,""8"":1}",184,6.214384942559648,88,0.088,"{""10"":148,""11"":106,""12"":46,""13"":44,""14"":4,""3"":88,""4"":134,""5"":106,""6"":22,""7"":56,""8"":151,""9"":95}","{""10"":7,""11"":24,""12"":13,""13"":84,""14"":79,""15"":67,""16"":140,""17"":43,""18"":41,""19"":41,""20"":28,""21"":12,""22"":36,""23"":23,""24"":9,""25"":3,""26"":11,""27"":1,""28"":3,""3"":88,""30"":7,""4"":68,""5"":111,""6"":38,""7"":12,""8"":11}","{""Diagonal CMA-ES"":{""attempts"":287,""discoveries"":0,""improvements"":0,""insertions"":0,""insertion_rate"":0.0},""Immigrant"":{""attempts"":171,""discoveries"":0,""improvements"":0,""insertions"":0,""insertion_rate"":0.0},""Morphology"":{""attempts"":287,""discoveries"":0,""improvements"":1,""insertions"":1,""insertion_rate"":0.003484320557491289},""Novelty"":{""attempts"":255,""discoveries"":0,""improvements"":0,""insertions"":0,""insertion_rate"":0.0}}","{""Morphology"":187,""Novelty"":29}",0,0.935064935064935,false,61000
41,296,297000,12.495863102999992,0.046922196,0.035915902,0.003502542,0.007503752,15.226508188,80.43041,44.305035,8096.45801949501,185,0.9635417,59,5.036685779950508,5,0.02702702702702703,"{""10"":44,""11"":9,""12"":12,""13"":5,""14"":1,""3"":5,""4"":22,""5"":3,""6"":4,""7"":13,""8"":33,""9"":34}","{""10"":4,""11"":4,""12"":2,""13"":21,""14"":33,""15"":12,""16"":42,""17"":4,""18"":5,""19"":6,""20"":4,""21"":2,""22"":11,""23"":2,""26"":1,""29"":1,""3"":5,""30"":1,""4"":14,""5"":9,""7"":1,""8"":1}",172,6.191989675200113,68,0.068,"{""10"":166,""11"":110,""12"":39,""13"":32,""14"":2,""3"":68,""4"":122,""5"":97,""6"":26,""7"":51,""8"":173,""9"":114}","{""10"":10,""11"":30,""12"":17,""13"":99,""14"":87,""15"":102,""16"":121,""17"":42,""18"":58,""19"":37,""20"":25,""21"":13,""22"":30,""23"":17,""24"":6,""25"":1,""26"":7,""28"":1,""29"":1,""3"":68,""30"":5,""4"":67,""5"":102,""6"":33,""7"":7,""8"":14}","{""Diagonal CMA-ES"":{""attempts"":284,""discoveries"":0,""improvements"":0,""insertions"":0,""insertion_rate"":0.0},""Immigrant"":{""attempts"":151,""discoveries"":0,""improvements"":0,""insertions"":0,""insertion_rate"":0.0},""Morphology"":{""attempts"":328,""discoveries"":0,""improvements"":1,""insertions"":1,""insertion_rate"":0.003048780487804878},""Novelty"":{""attempts"":237,""discoveries"":0,""improvements"":1,""insertions"":1,""insertion_rate"":0.004219409282700422}}","{""Morphology"":224,""Novelty"":23}",0,0.935064935064935,false,62000
41,297,298000,12.541009094999993,0.045145991999999996,0.036833687,0.002255875,0.00605643,15.280234816,80.43041,44.305035,8098.629051446915,185,0.9635417,59,5.0329411453231545,5,0.02702702702702703,"{""10"":44,""11"":9,""12"":12,""13"":5,""14"":1,""3"":5,""4"":22,""5"":3,""6"":4,""7"":13,""8"":33,""9"":34}","{""10"":4,""11"":4,""12"":2,""13"":21,""14"":33,""15"":12,""16"":42,""17"":4,""18"":5,""19"":6,""20"":4,""21"":2,""22"":11,""23"":2,""26"":1,""29"":1,""3"":5,""30"":1,""4"":14,""5"":9,""7"":1,""8"":1}",181,5.654108837655503,66,0.066,"{""10"":121,""11"":88,""12"":37,""13"":32,""14"":2,""3"":66,""4"":102,""5"":74,""6"":23,""7"":38,""8"":304,""9"":113}","{""10"":9,""11"":23,""12"":13,""13"":246,""14"":85,""15"":63,""16"":108,""17"":39,""18"":43,""19"":29,""20"":19,""21"":12,""22"":27,""23"":15,""24"":7,""25"":2,""26"":8,""28"":1,""3"":66,""30"":4,""4"":67,""5"":73,""6"":21,""7"":8,""8"":12}","{""Diagonal CMA-ES"":{""attempts"":307,""discoveries"":0,""improvements"":0,""insertions"":0,""insertion_rate"":0.0},""Immigrant"":{""attempts"":130,""discoveries"":0,""improvements"":0,""insertions"":0,""insertion_rate"":0.0},""Morphology"":{""attempts"":310,""discoveries"":0,""improvements"":2,""insertions"":2,""insertion_rate"":0.0064516129032258064},""Novelty"":{""attempts"":253,""discoveries"":0,""improvements"":0,""insertions"":0,""insertion_rate"":0.0}}","{""Morphology"":198,""Novelty"":34}",0,0.935064935064935,false,63000
41,298,299000,12.588350408999993,0.047341313999999995,0.035717622,0.003033558,0.008590134,15.337024684,80.43041,44.305035,8101.833488702774,185,0.9635417,59,5.030848773512445,5,0.02702702702702703,"{""10"":45,""11"":9,""12"":12,""13"":5,""14"":1,""3"":5,""4"":22,""5"":3,""6"":4,""7"":13,""8"":32,""9"":34}","{""10"":4,""11"":4,""12"":2,""13"":20,""14"":33,""15"":12,""16"":43,""17"":4,""18"":5,""19"":6,""20"":4,""21"":2,""22"":11,""23"":2,""26"":1,""29"":1,""3"":5,""30"":1,""4"":14,""5"":9,""7"":1,""8"":1}",175,4.46193502058562,51,0.051,"{""10"":112,""11"":61,""12"":22,""13"":18,""3"":51,""4"":82,""5"":82,""6"":6,""7"":10,""8"":46,""9"":510}","{""10"":1,""11"":8,""12"":5,""13"":20,""14"":483,""15"":44,""16"":85,""17"":36,""18"":22,""19"":9,""20"":8,""21"":17,""22"":17,""23"":9,""24"":5,""25"":3,""26"":5,""27"":1,""28"":2,""3"":51,""30"":1,""4"":54,""5"":69,""6"":23,""7"":11,""8"":9,""9"":2}","{""Diagonal CMA-ES"":{""attempts"":335,""discoveries"":0,""improvements"":0,""insertions"":0,""insertion_rate"":0.0},""Immigrant"":{""attempts"":159,""discoveries"":0,""improvements"":0,""insertions"":0,""insertion_rate"":0.0},""Morphology"":{""attempts"":293,""discoveries"":0,""improvements"":2,""insertions"":2,""insertion_rate"":0.006825938566552901},""Novelty"":{""attempts"":213,""discoveries"":0,""improvements"":0,""insertions"":0,""insertion_rate"":0.0}}","{""Morphology"":194,""Novelty"":25}",0,0.935064935064935,false,64000
41,299,300000,12.634632650999993,0.046282242,0.034658549,0.003456238,0.008167455,15.395734421,80.43041,44.754173,8113.4678728580475,185,0.9635417,58,5.020037962701634,5,0.02702702702702703,"{""10"":45,""11"":9,""12"":12,""13"":6,""3"":5,""4"":22,""5"":3,""6"":4,""7"":13,""8"":32,""9"":34}","{""10"":4,""11"":4,""12"":2,""13"":20,""14"":33,""15"":12,""16"":43,""17"":4,""18"":5,""19"":6,""20"":4,""21"":2,""22"":11,""23"":3,""26"":1,""3"":5,""30"":1,""4"":14,""5"":9,""7"":1,""8"":1}",187,6.206979229822978,71,0.071,"{""10"":147,""11"":89,""12"":56,""13"":45,""3"":71,""4"":117,""5"":91,""6"":25,""7"":53,""8"":137,""9"":169}","{""10"":10,""11"":24,""12"":16,""13"":73,""14"":147,""15"":67,""16"":129,""17"":27,""18"":44,""19"":44,""20"":22,""21"":19,""22"":48,""23"":17,""24"":9,""25"":4,""26"":11,""27"":1,""3"":71,""30"":6,""4"":65,""5"":86,""6"":40,""7"":9,""8"":10,""9"":1}","{""Diagonal CMA-ES"":{""attempts"":289,""discoveries"":0,""improvements"":0,""insertions"":0,""insertion_rate"":0.0},""Immigrant"":{""attempts"":151,""discoveries"":0,""improvements"":0,""insertions"":0,""insertion_rate"":0.0},""Morphology"":{""attempts"":293,""discoveries"":0,""improvements"":3,""insertions"":3,""insertion_rate"":0.010238907849829351},""Novelty"":{""attempts"":267,""discoveries"":0,""improvements"":0,""insertions"":0,""insertion_rate"":0.0}}","{""Morphology"":187,""Novelty"":27}",0,0.935064935064935,false,65000
