seed,generation,evaluations,search_wall_seconds,generation_search_seconds,gpu_evaluation_seconds,archive_seconds,offspring_seconds,benchmark_wall_seconds,best_distance_m,median_elite_distance_m,qd_score,archive_cells,archive_coverage,archive_unique_topologies,archive_topology_entropy_bits,archive_triangle_like_count,archive_triangle_like_fraction,archive_node_counts_json,archive_muscle_counts_json,population_unique_topologies,population_topology_entropy_bits,population_triangle_like_count,population_triangle_like_fraction,population_node_counts_json,population_muscle_counts_json,emitter_statistics_json,topology_change_candidates_json,archived_innovations_this_generation,innovation_survival_3gen_fraction,new_all_time_record,evaluations_since_previous_record
38,0,1000,0.01429631,0.01429631,0.013054392,0.000062927,0.001178991,0.038231142,0.687931,0.261321,2.6422692760825157,10,0.052083332,6,2.4464393446710155,2,0.2,"{""3"":2,""4"":6,""5"":2}","{""3"":2,""4"":3,""5"":4,""8"":1}",26,2.9973854574120926,327,0.327,"{""3"":327,""4"":347,""5"":326}","{""3"":327,""4"":233,""5"":257,""6"":133,""7"":42,""8"":8}","{""Initial population"":{""attempts"":1000,""discoveries"":10,""improvements"":12,""insertions"":22,""insertion_rate"":0.022}}",{},0,0.0,true,1000
38,1,2000,0.026838975,0.012542665,0.011102466,0.000293264,0.001146935,0.052844462,3.2913342,0.27267346,45.408991599455476,83,0.43229166,8,2.1592428651258864,5,0.060240963855421686,"{""3"":5,""4"":37,""5"":40,""6"":1}","{""11"":1,""3"":5,""4"":8,""5"":29,""6"":1,""7"":2,""8"":37}",45,3.5855530465659617,208,0.208,"{""3"":208,""4"":303,""5"":402,""6"":87}","{""11"":31,""12"":9,""3"":208,""4"":84,""5"":245,""6"":59,""7"":25,""8"":292,""9"":47}","{""Diagonal CMA-ES"":{""attempts"":326,""discoveries"":64,""improvements"":41,""insertions"":105,""insertion_rate"":0.3220858895705521},""Immigrant"":{""attempts"":60,""discoveries"":0,""improvements"":0,""insertions"":0,""insertion_rate"":0.0},""Morphology"":{""attempts"":309,""discoveries"":3,""improvements"":14,""insertions"":17,""insertion_rate"":0.05501618122977346},""Novelty"":{""attempts"":305,""discoveries"":6,""improvements"":12,""insertions"":18,""insertion_rate"":0.05901639344262295}}","{""Morphology"":208,""Novelty"":31}",3,0.0,true,1000
38,2,3000,0.043921884,0.017082909,0.015424248,0.000508165,0.001150496,0.07222124,11.055391,0.5075366,159.7328573334962,127,0.6614583,16,2.637833975720946,7,0.05511811023622047,"{""3"":7,""4"":52,""5"":58,""6"":10}","{""11"":6,""12"":1,""3"":7,""4"":5,""5"":47,""6"":6,""7"":3,""8"":49,""9"":3}",52,3.8081595929255694,70,0.07,"{""3"":70,""4"":349,""5"":467,""6"":110,""7"":4}","{""11"":48,""12"":15,""15"":1,""3"":70,""4"":61,""5"":319,""6"":96,""7"":47,""8"":293,""9"":50}","{""Diagonal CMA-ES"":{""attempts"":296,""discoveries"":19,""improvements"":26,""insertions"":45,""insertion_rate"":0.15202702702702703},""Immigrant"":{""attempts"":134,""discoveries"":0,""improvements"":1,""insertions"":1,""insertion_rate"":0.007462686567164179},""Morphology"":{""attempts"":321,""discoveries"":13,""improvements"":15,""insertions"":28,""insertion_rate"":0.08722741433021806},""Novelty"":{""attempts"":249,""discoveries"":12,""improvements"":21,""insertions"":33,""insertion_rate"":0.13253012048192772}}","{""Morphology"":226,""Novelty"":34}",9,0.0,true,1000
38,3,4000,0.058860524,0.01493864,0.013249109,0.000539035,0.001150496,0.089529737,13.448901,0.6972958,229.87864753045142,147,0.765625,23,2.9540121911308184,4,0.027210884353741496,"{""3"":4,""4"":63,""5"":65,""6"":14,""7"":1}","{""11"":8,""12"":1,""16"":1,""3"":4,""4"":7,""5"":56,""6"":10,""7"":3,""8"":52,""9"":5}",70,4.060670935742899,63,0.063,"{""3"":63,""4"":354,""5"":413,""6"":153,""7"":17}","{""10"":4,""11"":62,""12"":16,""14"":2,""15"":2,""16"":3,""3"":63,""4"":51,""5"":329,""6"":102,""7"":47,""8"":246,""9"":73}","{""Diagonal CMA-ES"":{""attempts"":329,""discoveries"":10,""improvements"":19,""insertions"":29,""insertion_rate"":0.08814589665653495},""Immigrant"":{""attempts"":128,""discoveries"":0,""improvements"":0,""insertions"":0,""insertion_rate"":0.0},""Morphology"":{""attempts"":300,""discoveries"":4,""improvements"":17,""insertions"":21,""insertion_rate"":0.07},""Novelty"":{""attempts"":243,""discoveries"":6,""improvements"":13,""insertions"":19,""insertion_rate"":0.07818930041152264}}","{""Morphology"":208,""Novelty"":24}",7,0.0,true,1000
38,4,5000,0.078535314,0.019674789999999998,0.017987634,0.000617397,0.001069759,0.110829945,13.448901,1.0627196,315.3413689378649,155,0.8072917,24,2.9942802509283006,4,0.025806451612903226,"{""3"":4,""4"":68,""5"":63,""6"":18,""7"":2}","{""11"":11,""12"":1,""14"":1,""16"":1,""3"":4,""4"":6,""5"":62,""6"":10,""7"":2,""8"":51,""9"":6}",69,4.0491130094748895,73,0.073,"{""3"":73,""4"":368,""5"":416,""6"":119,""7"":24}","{""11"":56,""12"":19,""14"":4,""15"":1,""16"":10,""3"":73,""4"":83,""5"":307,""6"":103,""7"":39,""8"":259,""9"":46}","{""Diagonal CMA-ES"":{""attempts"":328,""discoveries"":6,""improvements"":15,""insertions"":21,""insertion_rate"":0.06402439024390244},""Immigrant"":{""attempts"":133,""discoveries"":0,""improvements"":0,""insertions"":0,""insertion_rate"":0.0},""Morphology"":{""attempts"":275,""discoveries"":0,""improvements"":14,""insertions"":14,""insertion_rate"":0.05090909090909091},""Novelty"":{""attempts"":264,""discoveries"":2,""improvements"":13,""insertions"":15,""insertion_rate"":0.056818181818181816}}","{""Morphology"":178,""Novelty"":21}",2,0.6666666666666666,false,1000
38,5,6000,0.096568065,0.018032751,0.016222115,0.000637581,0.001173055,0.130805123,16.17225,1.6904868,458.40545182395726,158,0.8229167,27,3.173234100045056,5,0.03164556962025317,"{""3"":5,""4"":70,""5"":68,""6"":13,""7"":2}","{""11"":9,""14"":1,""16"":1,""3"":5,""4"":4,""5"":67,""6"":14,""7"":4,""8"":49,""9"":4}",64,3.930580401763969,70,0.07,"{""3"":70,""4"":397,""5"":409,""6"":107,""7"":14,""8"":3}","{""11"":58,""12"":9,""14"":5,""15"":4,""16"":2,""17"":2,""3"":70,""4"":54,""5"":373,""6"":120,""7"":43,""8"":222,""9"":38}","{""Diagonal CMA-ES"":{""attempts"":300,""discoveries"":3,""improvements"":16,""insertions"":19,""insertion_rate"":0.06333333333333334},""Immigrant"":{""attempts"":153,""discoveries"":0,""improvements"":0,""insertions"":0,""insertion_rate"":0.0},""Morphology"":{""attempts"":271,""discoveries"":0,""improvements"":26,""insertions"":26,""insertion_rate"":0.0959409594095941},""Novelty"":{""attempts"":276,""discoveries"":0,""improvements"":24,""insertions"":24,""insertion_rate"":0.08695652173913043}}","{""Morphology"":173,""Novelty"":27}",6,0.6666666666666666,true,2000
38,6,7000,0.11452957799999999,0.017961513000000002,0.016317099,0.000624521,0.001019893,0.150370682,16.17225,2.1717086,566.5578746339306,162,0.84375,30,3.4079148657235,6,0.037037037037037035,"{""3"":6,""4"":68,""5"":68,""6"":16,""7"":4}","{""11"":9,""12"":1,""14"":2,""16"":1,""3"":6,""4"":4,""5"":65,""6"":17,""7"":6,""8"":45,""9"":6}",82,4.208846221811869,83,0.083,"{""3"":83,""4"":394,""5"":382,""6"":127,""7"":13,""8"":1}","{""11"":54,""12"":9,""14"":5,""15"":1,""16"":3,""17"":1,""3"":83,""4"":44,""5"":385,""6"":120,""7"":71,""8"":180,""9"":44}","{""Diagonal CMA-ES"":{""attempts"":301,""discoveries"":3,""improvements"":14,""insertions"":17,""insertion_rate"":0.05647840531561462},""Immigrant"":{""attempts"":134,""discoveries"":0,""improvements"":0,""insertions"":0,""insertion_rate"":0.0},""Morphology"":{""attempts"":297,""discoveries"":1,""improvements"":21,""insertions"":22,""insertion_rate"":0.07407407407407407},""Novelty"":{""attempts"":268,""discoveries"":0,""improvements"":10,""insertions"":10,""insertion_rate"":0.03731343283582089}}","{""Morphology"":191,""Novelty"":29}",4,0.7894736842105263,false,1000
38,7,8000,0.130057121,0.015527543,0.01379883,0.000630458,0.001098255,0.167604378,16.17225,2.592179,642.3704668125138,164,0.8541667,32,3.6091888906934,8,0.04878048780487805,"{""3"":8,""4"":60,""5"":73,""6"":19,""7"":4}","{""11"":9,""12"":1,""14"":2,""16"":1,""3"":8,""4"":4,""5"":58,""6"":20,""7"":6,""8"":47,""9"":8}",86,4.240657967191098,85,0.085,"{""3"":85,""4"":378,""5"":389,""6"":138,""7"":10}","{""10"":2,""11"":39,""12"":10,""14"":3,""16"":1,""3"":85,""4"":80,""5"":326,""6"":141,""7"":72,""8"":181,""9"":60}","{""Diagonal CMA-ES"":{""attempts"":302,""discoveries"":1,""improvements"":11,""insertions"":12,""insertion_rate"":0.039735099337748346},""Immigrant"":{""attempts"":143,""discoveries"":0,""improvements"":0,""insertions"":0,""insertion_rate"":0.0},""Morphology"":{""attempts"":300,""discoveries"":1,""improvements"":12,""insertions"":13,""insertion_rate"":0.043333333333333335},""Novelty"":{""attempts"":255,""discoveries"":0,""improvements"":11,""insertions"":11,""insertion_rate"":0.043137254901960784}}","{""Morphology"":216,""Novelty"":35}",2,0.8095238095238095,false,2000
38,8,9000,0.144467411,0.01441029,0.012686327,0.000657765,0.001066198,0.184309725,16.17225,3.4873204,752.7086031055078,166,0.8645833,31,3.447789351873815,8,0.04819277108433735,"{""3"":8,""4"":61,""5"":70,""6"":21,""7"":5,""8"":1}","{""11"":11,""12"":1,""13"":1,""14"":2,""15"":1,""16"":1,""3"":8,""4"":4,""5"":59,""6"":18,""7"":5,""8"":47,""9"":8}",71,4.244492556571672,87,0.087,"{""3"":87,""4"":310,""5"":413,""6"":175,""7"":12,""8"":3}","{""10"":2,""11"":71,""12"":12,""13"":1,""14"":6,""15"":4,""3"":87,""4"":47,""5"":286,""6"":131,""7"":67,""8"":211,""9"":75}","{""Diagonal CMA-ES"":{""attempts"":295,""discoveries"":1,""improvements"":10,""insertions"":11,""insertion_rate"":0.03728813559322034},""Immigrant"":{""attempts"":152,""discoveries"":0,""improvements"":0,""insertions"":0,""insertion_rate"":0.0},""Morphology"":{""attempts"":333,""discoveries"":1,""improvements"":30,""insertions"":31,""insertion_rate"":0.09309309309309309},""Novelty"":{""attempts"":220,""discoveries"":0,""improvements"":6,""insertions"":6,""insertion_rate"":0.02727272727272727}}","{""Morphology"":221,""Novelty"":31}",3,0.8148148148148148,false,3000
38,9,10000,0.16139715799999999,0.016929747000000002,0.015103676,0.000686261,0.00113981,0.202900509,21.194517,4.835102,829.1398035390303,167,0.8697917,31,3.3559055928580848,6,0.03592814371257485,"{""3"":6,""4"":58,""5"":74,""6"":24,""7"":4,""8"":1}","{""11"":13,""12"":1,""13"":1,""14"":1,""15"":1,""16"":1,""3"":6,""4"":2,""5"":58,""6"":20,""7"":5,""8"":49,""9"":9}",70,4.11931200297912,73,0.073,"{""3"":73,""4"":306,""5"":458,""6"":137,""7"":13,""8"":13}","{""10"":2,""11"":57,""12"":12,""13"":14,""14"":3,""15"":2,""16"":2,""3"":73,""4"":56,""5"":283,""6"":133,""7"":57,""8"":248,""9"":58}","{""Diagonal CMA-ES"":{""attempts"":318,""discoveries"":0,""improvements"":6,""insertions"":6,""insertion_rate"":0.018867924528301886},""Immigrant"":{""attempts"":142,""discoveries"":0,""improvements"":0,""insertions"":0,""insertion_rate"":0.0},""Morphology"":{""attempts"":306,""discoveries"":0,""improvements"":18,""insertions"":18,""insertion_rate"":0.058823529411764705},""Novelty"":{""attempts"":234,""discoveries"":1,""improvements"":5,""insertions"":6,""insertion_rate"":0.02564102564102564}}","{""Morphology"":209,""Novelty"":22}",2,0.8387096774193549,true,4000
38,10,11000,0.17464745599999998,0.013250298,0.011503775,0.000660141,0.001086382,0.218134788,23.53069,5.182526,925.1138850226998,167,0.8697917,30,3.345209643243963,4,0.023952095808383235,"{""3"":4,""4"":58,""5"":74,""6"":26,""7"":4,""8"":1}","{""11"":13,""12"":1,""13"":1,""14"":1,""15"":1,""16"":1,""3"":4,""4"":2,""5"":58,""6"":18,""7"":6,""8"":50,""9"":11}",70,3.959211614638793,68,0.068,"{""3"":68,""4"":330,""5"":439,""6"":140,""7"":21,""8"":2}","{""10"":1,""11"":63,""12"":15,""14"":2,""15"":6,""16"":1,""19"":2,""3"":68,""4"":48,""5"":301,""6"":113,""7"":58,""8"":262,""9"":60}","{""Diagonal CMA-ES"":{""attempts"":313,""discoveries"":0,""improvements"":5,""insertions"":5,""insertion_rate"":0.01597444089456869},""Immigrant"":{""attempts"":142,""discoveries"":0,""improvements"":0,""insertions"":0,""insertion_rate"":0.0},""Morphology"":{""attempts"":294,""discoveries"":0,""improvements"":16,""insertions"":16,""insertion_rate"":0.05442176870748299},""Novelty"":{""attempts"":251,""discoveries"":0,""improvements"":6,""insertions"":6,""insertion_rate"":0.02390438247011952}}","{""Morphology"":184,""Novelty"":29}",1,0.8181818181818182,true,1000
38,11,12000,0.188998381,0.014350925,0.012555724,0.000662515,0.001132686,0.234121817,23.53069,5.5585566,1002.3630348518491,169,0.8802083,30,3.298955524784629,3,0.01775147928994083,"{""3"":3,""4"":58,""5"":78,""6"":25,""7"":4,""8"":1}","{""11"":13,""12"":1,""13"":1,""14"":1,""15"":1,""3"":3,""4"":1,""5"":59,""6"":17,""7"":9,""8"":52,""9"":11}",83,4.158000097926686,72,0.072,"{""3"":72,""4"":288,""5"":443,""6"":163,""7"":25,""8"":9}","{""10"":4,""11"":67,""12"":11,""13"":8,""14"":3,""15"":4,""16"":3,""3"":72,""4"":41,""5"":283,""6"":92,""7"":86,""8"":262,""9"":64}","{""Diagonal CMA-ES"":{""attempts"":294,""discoveries"":0,""improvements"":3,""insertions"":3,""insertion_rate"":0.01020408163265306},""Immigrant"":{""attempts"":132,""discoveries"":0,""improvements"":0,""insertions"":0,""insertion_rate"":0.0},""Morphology"":{""attempts"":318,""discoveries"":1,""improvements"":13,""insertions"":14,""insertion_rate"":0.0440251572327044},""Novelty"":{""attempts"":256,""discoveries"":1,""improvements"":7,""insertions"":8,""insertion_rate"":0.03125}}","{""Morphology"":197,""Novelty"":31}",1,0.8333333333333334,false,1000
38,12,13000,0.205045964,0.016047583,0.014150272,0.00066489,0.001232421,0.252432397,23.53069,6.3709216,1110.9132571443915,169,0.8802083,30,3.267847515164258,2,0.011834319526627219,"{""3"":2,""4"":57,""5"":78,""6"":28,""7"":4}","{""11"":13,""12"":1,""14"":1,""15"":1,""3"":2,""4"":1,""5"":57,""6"":12,""7"":15,""8"":54,""9"":12}",75,4.1211916238959665,62,0.062,"{""3"":62,""4"":293,""5"":434,""6"":187,""7"":18,""8"":6}","{""10"":4,""11"":62,""12"":7,""13"":3,""15"":5,""16"":5,""19"":1,""3"":62,""4"":37,""5"":278,""6"":71,""7"":117,""8"":267,""9"":81}","{""Diagonal CMA-ES"":{""attempts"":300,""discoveries"":0,""improvements"":1,""insertions"":1,""insertion_rate"":0.0033333333333333335},""Immigrant"":{""attempts"":135,""discoveries"":0,""improvements"":0,""insertions"":0,""insertion_rate"":0.0},""Morphology"":{""attempts"":316,""discoveries"":0,""improvements"":22,""insertions"":22,""insertion_rate"":0.06962025316455696},""Novelty"":{""attempts"":249,""discoveries"":0,""improvements"":5,""insertions"":5,""insertion_rate"":0.020080321285140562}}","{""Morphology"":217,""Novelty"":35}",3,0.8421052631578947,false,2000
38,13,14000,0.220118771,0.015072807,0.013195681,0.000713569,0.001163557,0.269692214,23.53069,6.382642,1173.8317230269313,170,0.8854167,30,3.289228103334151,3,0.01764705882352941,"{""3"":3,""4"":54,""5"":78,""6"":27,""7"":8}","{""11"":14,""12"":5,""14"":1,""15"":1,""3"":3,""4"":1,""5"":54,""6"":9,""7"":16,""8"":56,""9"":10}",85,4.346975410998805,54,0.054,"{""3"":54,""4"":253,""5"":442,""6"":192,""7"":55,""8"":4}","{""10"":7,""11"":63,""12"":36,""13"":3,""14"":3,""15"":3,""16"":2,""3"":54,""4"":35,""5"":248,""6"":75,""7"":88,""8"":293,""9"":90}","{""Diagonal CMA-ES"":{""attempts"":293,""discoveries"":1,""improvements"":4,""insertions"":5,""insertion_rate"":0.017064846416382253},""Immigrant"":{""attempts"":143,""discoveries"":0,""improvements"":0,""insertions"":0,""insertion_rate"":0.0},""Morphology"":{""attempts"":302,""discoveries"":0,""improvements"":11,""insertions"":11,""insertion_rate"":0.03642384105960265},""Novelty"":{""attempts"":262,""discoveries"":0,""improvements"":10,""insertions"":10,""insertion_rate"":0.03816793893129771}}","{""Morphology"":206,""Novelty"":31}",2,0.8461538461538461,false,3000
38,14,15000,0.23234561299999998,0.012226842,0.010448263,0.000662515,0.001116064,0.28413575,23.53069,6.7228336,1204.8006992265582,171,0.890625,30,3.3777268664968183,2,0.011695906432748537,"{""3"":2,""4"":52,""5"":77,""6"":32,""7"":8}","{""11"":14,""12"":7,""14"":1,""15"":1,""3"":2,""5"":53,""6"":10,""7"":17,""8"":54,""9"":12}",93,4.487697129200793,86,0.086,"{""3"":86,""4"":227,""5"":410,""6"":216,""7"":57,""8"":4}","{""10"":6,""11"":79,""12"":50,""14"":3,""15"":3,""16"":2,""3"":86,""4"":37,""5"":227,""6"":57,""7"":130,""8"":222,""9"":98}","{""Diagonal CMA-ES"":{""attempts"":303,""discoveries"":1,""improvements"":3,""insertions"":4,""insertion_rate"":0.013201320132013201},""Immigrant"":{""attempts"":149,""discoveries"":0,""improvements"":0,""insertions"":0,""insertion_rate"":0.0},""Morphology"":{""attempts"":291,""discoveries"":0,""improvements"":8,""insertions"":8,""insertion_rate"":0.027491408934707903},""Novelty"":{""attempts"":257,""discoveries"":0,""improvements"":6,""insertions"":6,""insertion_rate"":0.023346303501945526}}","{""Morphology"":202,""Novelty"":34}",2,0.825,false,4000
38,15,16000,0.24764756799999998,0.015301955,0.013410582,0.000755124,0.001136249,0.30230979,23.53069,6.7248716,1231.7146215215325,172,0.8958333,28,3.2949179021520116,2,0.011627906976744186,"{""3"":2,""4"":52,""5"":78,""6"":32,""7"":8}","{""11"":15,""12"":7,""14"":1,""15"":1,""3"":2,""5"":52,""6"":10,""7"":20,""8"":51,""9"":13}",92,4.507558502434059,64,0.064,"{""3"":64,""4"":217,""5"":429,""6"":232,""7"":55,""8"":3}","{""10"":14,""11"":87,""12"":47,""13"":2,""14"":1,""15"":3,""17"":1,""3"":64,""4"":41,""5"":204,""6"":73,""7"":87,""8"":283,""9"":93}","{""Diagonal CMA-ES"":{""attempts"":297,""discoveries"":1,""improvements"":4,""insertions"":5,""insertion_rate"":0.016835016835016835},""Immigrant"":{""attempts"":162,""discoveries"":0,""improvements"":0,""insertions"":0,""insertion_rate"":0.0},""Morphology"":{""attempts"":303,""discoveries"":0,""improvements"":10,""insertions"":10,""insertion_rate"":0.033003300330033},""Novelty"":{""attempts"":238,""discoveries"":0,""improvements"":2,""insertions"":2,""insertion_rate"":0.008403361344537815}}","{""Morphology"":205,""Novelty"":28}",0,0.8372093023255814,false,5000
38,16,17000,0.260649719,0.013002151,0.011208136,0.000672014,0.001122001,0.317432463,23.53069,6.9231124,1282.1250694319606,172,0.8958333,29,3.368572353109987,2,0.011627906976744186,"{""3"":2,""4"":52,""5"":80,""6"":31,""7"":6,""8"":1}","{""11"":15,""12"":5,""13"":1,""14"":1,""15"":1,""3"":2,""5"":52,""6"":11,""7"":22,""8"":50,""9"":12}",92,4.427015598166663,58,0.058,"{""3"":58,""4"":260,""5"":436,""6"":190,""7"":49,""8"":7}","{""10"":9,""11"":67,""12"":38,""13"":2,""14"":3,""15"":4,""16"":4,""3"":58,""4"":30,""5"":256,""6"":77,""7"":120,""8"":254,""9"":78}","{""Diagonal CMA-ES"":{""attempts"":315,""discoveries"":0,""improvements"":4,""insertions"":4,""insertion_rate"":0.012698412698412698},""Immigrant"":{""attempts"":147,""discoveries"":0,""improvements"":0,""insertions"":0,""insertion_rate"":0.0},""Morphology"":{""attempts"":310,""discoveries"":0,""improvements"":14,""insertions"":14,""insertion_rate"":0.04516129032258064},""Novelty"":{""attempts"":228,""discoveries"":0,""improvements"":5,""insertions"":5,""insertion_rate"":0.021929824561403508}}","{""Morphology"":218,""Novelty"":18}",2,0.8222222222222222,false,6000
38,17,18000,0.275444696,0.014794977,0.01283949,0.000732566,0.001222921,0.334047575,23.53069,7.195406,1314.2409606166184,173,0.9010417,27,3.3742019636307026,2,0.011560693641618497,"{""3"":2,""4"":47,""5"":86,""6"":31,""7"":6,""8"":1}","{""11"":14,""12"":5,""13"":1,""14"":1,""15"":1,""3"":2,""5"":47,""6"":13,""7"":22,""8"":55,""9"":12}",93,4.377449025320446,41,0.041,"{""3"":41,""4"":246,""5"":475,""6"":196,""7"":39,""8"":3}","{""10"":8,""11"":78,""12"":35,""13"":3,""14"":4,""15"":2,""16"":1,""3"":41,""4"":43,""5"":231,""6"":66,""7"":118,""8"":289,""9"":81}","{""Diagonal CMA-ES"":{""attempts"":292,""discoveries"":1,""improvements"":5,""insertions"":6,""insertion_rate"":0.02054794520547945},""Immigrant"":{""attempts"":144,""discoveries"":0,""improvements"":0,""insertions"":0,""insertion_rate"":0.0},""Morphology"":{""attempts"":312,""discoveries"":0,""improvements"":11,""insertions"":11,""insertion_rate"":0.035256410256410256},""Novelty"":{""attempts"":252,""discoveries"":0,""improvements"":4,""insertions"":4,""insertion_rate"":0.015873015873015872}}","{""Morphology"":213,""Novelty"":36}",0,0.8297872340425532,false,7000
38,18,19000,0.28743764,0.011992944,0.010153812,0.00067795,0.001161182,0.347695618,23.53069,7.329292,1347.722721952945,173,0.9010417,27,3.4002978129989825,2,0.011560693641618497,"{""3"":2,""4"":45,""5"":87,""6"":32,""7"":6,""8"":1}","{""11"":14,""12"":4,""13"":1,""14"":1,""15"":1,""3"":2,""5"":45,""6"":11,""7"":23,""8"":58,""9"":13}",82,4.464669222579536,55,0.055,"{""3"":55,""4"":232,""5"":474,""6"":197,""7"":37,""8"":5}","{""10"":5,""11"":71,""12"":22,""13"":5,""14"":3,""15"":5,""16"":2,""3"":55,""4"":41,""5"":209,""6"":125,""7"":92,""8"":267,""9"":98}","{""Diagonal CMA-ES"":{""attempts"":305,""discoveries"":0,""improvements"":3,""insertions"":3,""insertion_rate"":0.009836065573770493},""Immigrant"":{""attempts"":157,""discoveries"":0,""improvements"":0,""insertions"":0,""insertion_rate"":0.0},""Morphology"":{""attempts"":308,""discoveries"":0,""improvements"":12,""insertions"":12,""insertion_rate"":0.03896103896103896},""Novelty"":{""attempts"":230,""discoveries"":0,""improvements"":3,""insertions"":3,""insertion_rate"":0.013043478260869565}}","{""Morphology"":209,""Novelty"":23}",1,0.8297872340425532,false,8000
38,19,20000,0.301662712,0.014225071999999998,0.012377629,0.000711195,0.001136248,0.364327352,23.53069,7.7498584,1372.5466377474368,173,0.9010417,27,3.3991411949952868,2,0.011560693641618497,"{""3"":2,""4"":48,""5"":83,""6"":31,""7"":8,""8"":1}","{""11"":15,""12"":2,""13"":1,""14"":1,""15"":2,""3"":2,""5"":48,""6"":11,""7"":24,""8"":53,""9"":14}",89,4.598685130527601,46,0.046,"{""3"":46,""4"":209,""5"":448,""6"":242,""7"":49,""8"":6}","{""10"":8,""11"":88,""12"":31,""13"":5,""14"":2,""15"":6,""16"":1,""3"":46,""4"":30,""5"":209,""6"":81,""7"":113,""8"":252,""9"":128}","{""Diagonal CMA-ES"":{""attempts"":271,""discoveries"":0,""improvements"":5,""insertions"":5,""insertion_rate"":0.01845018450184502},""Immigrant"":{""attempts"":148,""discoveries"":0,""improvements"":0,""insertions"":0,""insertion_rate"":0.0},""Morphology"":{""attempts"":298,""discoveries"":0,""improvements"":10,""insertions"":10,""insertion_rate"":0.03355704697986577},""Novelty"":{""attempts"":283,""discoveries"":0,""improvements"":4,""insertions"":4,""insertion_rate"":0.014134275618374558}}","{""Morphology"":189,""Novelty"":38}",2,0.8367346938775511,false,9000
38,20,21000,0.328916055,0.027253343,0.025334662,0.000696947,0.001221734,0.393624042,23.53069,7.8649964,1409.9097847379744,174,0.90625,28,3.455009549303982,2,0.011494252873563218,"{""3"":2,""4"":46,""5"":85,""6"":31,""7"":9,""8"":1}","{""10"":1,""11"":15,""12"":2,""13"":1,""14"":1,""15"":2,""3"":2,""5"":46,""6"":12,""7"":25,""8"":52,""9"":15}",99,4.559834656908118,43,0.043,"{""3"":43,""4"":213,""5"":478,""6"":206,""7"":51,""8"":8,""9"":1}","{""10"":16,""11"":79,""12"":18,""13"":6,""14"":2,""15"":6,""16"":3,""21"":1,""3"":43,""4"":47,""5"":200,""6"":82,""7"":121,""8"":277,""9"":99}","{""Diagonal CMA-ES"":{""attempts"":294,""discoveries"":0,""improvements"":1,""insertions"":1,""insertion_rate"":0.003401360544217687},""Immigrant"":{""attempts"":154,""discoveries"":0,""improvements"":0,""insertions"":0,""insertion_rate"":0.0},""Morphology"":{""attempts"":312,""discoveries"":0,""improvements"":9,""insertions"":9,""insertion_rate"":0.028846153846153848},""Novelty"":{""attempts"":240,""discoveries"":1,""improvements"":4,""insertions"":5,""insertion_rate"":0.020833333333333332}}","{""Morphology"":185,""Novelty"":28}",1,0.8367346938775511,false,10000
38,21,22000,0.353256945,0.02434089,0.02246139,0.000744439,0.001135061,0.420371594,23.53069,7.865207,1436.5391891039908,174,0.90625,29,3.5372374812502363,2,0.011494252873563218,"{""3"":2,""4"":48,""5"":83,""6"":30,""7"":10,""8"":1}","{""10"":2,""11"":13,""12"":2,""13"":1,""14"":1,""15"":2,""3"":2,""5"":48,""6"":13,""7"":25,""8"":49,""9"":16}",109,4.7361406781249515,64,0.064,"{""3"":64,""4"":197,""5"":428,""6"":244,""7"":59,""8"":7,""9"":1}","{""10"":14,""11"":118,""12"":26,""13"":4,""14"":3,""15"":13,""16"":2,""17"":1,""3"":64,""4"":31,""5"":183,""6"":75,""7"":124,""8"":254,""9"":88}","{""Diagonal CMA-ES"":{""attempts"":275,""discoveries"":0,""improvements"":4,""insertions"":4,""insertion_rate"":0.014545454545454545},""Immigrant"":{""attempts"":161,""discoveries"":0,""improvements"":0,""insertions"":0,""insertion_rate"":0.0},""Morphology"":{""attempts"":308,""discoveries"":0,""improvements"":10,""insertions"":10,""insertion_rate"":0.032467532467532464},""Novelty"":{""attempts"":256,""discoveries"":0,""improvements"":4,""insertions"":4,""insertion_rate"":0.015625}}","{""Morphology"":190,""Novelty"":32}",1,0.84,false,11000
38,22,23000,0.37876614,0.025509195,0.023621384,0.000692197,0.001195614,0.448339693,24.170042,7.93653,1458.9595045782626,174,0.90625,29,3.4991196639067637,2,0.011494252873563218,"{""3"":2,""4"":49,""5"":83,""6"":31,""7"":8,""8"":1}","{""10"":2,""11"":12,""12"":2,""13"":1,""15"":2,""3"":2,""5"":49,""6"":13,""7"":24,""8"":51,""9"":16}",118,4.90302933854318,49,0.049,"{""3"":49,""4"":204,""5"":442,""6"":229,""7"":63,""8"":12,""9"":1}","{""10"":15,""11"":75,""12"":25,""13"":10,""14"":5,""15"":8,""16"":2,""19"":1,""3"":49,""4"":30,""5"":199,""6"":104,""7"":135,""8"":241,""9"":101}","{""Diagonal CMA-ES"":{""attempts"":291,""discoveries"":0,""improvements"":1,""insertions"":1,""insertion_rate"":0.003436426116838488},""Immigrant"":{""attempts"":148,""discoveries"":0,""improvements"":0,""insertions"":0,""insertion_rate"":0.0},""Morphology"":{""attempts"":308,""discoveries"":0,""improvements"":9,""insertions"":9,""insertion_rate"":0.02922077922077922},""Novelty"":{""attempts"":253,""discoveries"":0,""improvements"":4,""insertions"":4,""insertion_rate"":0.015810276679841896}}","{""Morphology"":208,""Novelty"":32}",2,0.8461538461538461,true,12000
38,23,24000,0.403178267,0.024412127000000002,0.022472075,0.000724254,0.001215798,0.474513778,24.170042,8.2058325,1522.53812501207,175,0.9114583,30,3.4995572712675025,2,0.011428571428571429,"{""3"":2,""4"":51,""5"":78,""6"":35,""7"":8,""8"":1}","{""10"":3,""11"":11,""12"":3,""13"":1,""15"":1,""3"":2,""5"":51,""6"":10,""7"":26,""8"":48,""9"":19}",111,4.648975865556296,58,0.058,"{""3"":58,""4"":183,""5"":466,""6"":224,""7"":61,""8"":6,""9"":2}","{""10"":21,""11"":69,""12"":24,""13"":4,""14"":5,""15"":4,""16"":1,""3"":58,""4"":34,""5"":174,""6"":77,""7"":130,""8"":299,""9"":100}","{""Diagonal CMA-ES"":{""attempts"":293,""discoveries"":1,""improvements"":3,""insertions"":4,""insertion_rate"":0.013651877133105802},""Immigrant"":{""attempts"":145,""discoveries"":0,""improvements"":0,""insertions"":0,""insertion_rate"":0.0},""Morphology"":{""attempts"":313,""discoveries"":0,""improvements"":13,""insertions"":13,""insertion_rate"":0.04153354632587859},""Novelty"":{""attempts"":249,""discoveries"":0,""improvements"":6,""insertions"":6,""insertion_rate"":0.024096385542168676}}","{""Morphology"":196,""Novelty"":31}",2,0.8490566037735849,false,1000
38,24,25000,0.416173293,0.012995026,0.011167768,0.000698134,0.001129124,0.49012562,24.170042,8.288745,1563.381591130048,176,0.9166667,33,3.5530145739094094,1,0.005681818181818182,"{""3"":1,""4"":49,""5"":79,""6"":37,""7"":9,""8"":1}","{""10"":2,""11"":12,""12"":3,""13"":1,""14"":1,""15"":1,""3"":1,""5"":49,""6"":10,""7"":25,""8"":51,""9"":20}",120,4.990200753548144,65,0.065,"{""3"":65,""4"":173,""5"":383,""6"":284,""7"":89,""8"":6}","{""10"":37,""11"":69,""12"":40,""13"":4,""14"":3,""15"":1,""16"":4,""3"":65,""4"":36,""5"":157,""6"":79,""7"":137,""8"":264,""9"":104}","{""Diagonal CMA-ES"":{""attempts"":274,""discoveries"":1,""improvements"":2,""insertions"":3,""insertion_rate"":0.010948905109489052},""Immigrant"":{""attempts"":163,""discoveries"":0,""improvements"":0,""insertions"":0,""insertion_rate"":0.0},""Morphology"":{""attempts"":316,""discoveries"":0,""improvements"":10,""insertions"":10,""insertion_rate"":0.03164556962025317},""Novelty"":{""attempts"":247,""discoveries"":0,""improvements"":1,""insertions"":1,""insertion_rate"":0.004048582995951417}}","{""Morphology"":216,""Novelty"":28}",4,0.8333333333333334,false,2000
38,25,26000,0.439792303,0.02361901,0.021676583,0.000730191,0.001212236,0.515498275,24.170042,8.41539,1593.9777080006897,176,0.9166667,32,3.5880179663707685,1,0.005681818181818182,"{""3"":1,""4"":47,""5"":79,""6"":38,""7"":10,""8"":1}","{""10"":4,""11"":12,""12"":3,""13"":1,""14"":1,""15"":1,""3"":1,""5"":47,""6"":10,""7"":24,""8"":51,""9"":21}",104,4.804355094731394,45,0.045,"{""3"":45,""4"":203,""5"":439,""6"":253,""7"":51,""8"":8,""9"":1}","{""10"":22,""11"":65,""12"":25,""13"":6,""14"":3,""15"":3,""3"":45,""4"":41,""5"":188,""6"":136,""7"":151,""8"":207,""9"":108}","{""Diagonal CMA-ES"":{""attempts"":303,""discoveries"":0,""improvements"":3,""insertions"":3,""insertion_rate"":0.009900990099009901},""Immigrant"":{""attempts"":158,""discoveries"":0,""improvements"":0,""insertions"":0,""insertion_rate"":0.0},""Morphology"":{""attempts"":294,""discoveries"":0,""improvements"":10,""insertions"":10,""insertion_rate"":0.034013605442176874},""Novelty"":{""attempts"":245,""discoveries"":0,""improvements"":0,""insertions"":0,""insertion_rate"":0.0}}","{""Morphology"":199,""Novelty"":26}",2,0.8392857142857143,false,3000
38,26,27000,0.45279564099999997,0.013003338,0.0110526,0.000712381,0.001238357,0.531054313,26.17012,8.492392,1651.6212648786604,176,0.9166667,32,3.5608954363966854,1,0.005681818181818182,"{""3"":1,""4"":40,""5"":86,""6"":37,""7"":11,""8"":1}","{""10"":5,""11"":12,""12"":3,""13"":1,""14"":1,""15"":1,""3"":1,""5"":40,""6"":9,""7"":28,""8"":55,""9"":20}",112,4.913576185543739,51,0.051,"{""3"":51,""4"":186,""5"":411,""6"":263,""7"":80,""8"":9}","{""10"":33,""11"":80,""12"":31,""13"":7,""14"":5,""15"":7,""16"":1,""17"":1,""3"":51,""4"":31,""5"":184,""6"":62,""7"":160,""8"":226,""9"":121}","{""Diagonal CMA-ES"":{""attempts"":292,""discoveries"":0,""improvements"":4,""insertions"":4,""insertion_rate"":0.0136986301369863},""Immigrant"":{""attempts"":153,""discoveries"":0,""improvements"":0,""insertions"":0,""insertion_rate"":0.0},""Morphology"":{""attempts"":322,""discoveries"":0,""improvements"":13,""insertions"":13,""insertion_rate"":0.040372670807453416},""Novelty"":{""attempts"":233,""discoveries"":0,""improvements"":1,""insertions"":1,""insertion_rate"":0.004291845493562232}}","{""Morphology"":221,""Novelty"":28}",1,0.8448275862068966,true,4000
38,27,28000,0.480237765,0.027442124,0.025517506,0.000733753,0.001190865,0.560381874,26.17012,8.638971,1701.622349474579,176,0.9166667,31,3.5677609922392897,1,0.005681818181818182,"{""3"":1,""4"":39,""5"":85,""6"":38,""7"":11,""8"":2}","{""10"":5,""11"":12,""12"":1,""13"":2,""14"":1,""15"":2,""3"":1,""5"":39,""6"":8,""7"":29,""8"":55,""9"":21}",103,4.883659149957556,58,0.058,"{""3"":58,""4"":154,""5"":450,""6"":265,""7"":68,""8"":4,""9"":1}","{""10"":20,""11"":79,""12"":31,""13"":3,""14"":4,""15"":5,""16"":2,""19"":1,""3"":58,""4"":39,""5"":138,""6"":90,""7"":166,""8"":235,""9"":129}","{""Diagonal CMA-ES"":{""attempts"":293,""discoveries"":0,""improvements"":0,""insertions"":0,""insertion_rate"":0.0},""Immigrant"":{""attempts"":169,""discoveries"":0,""improvements"":0,""insertions"":0,""insertion_rate"":0.0},""Morphology"":{""attempts"":296,""discoveries"":0,""improvements"":11,""insertions"":11,""insertion_rate"":0.037162162162162164},""Novelty"":{""attempts"":242,""discoveries"":0,""improvements"":5,""insertions"":5,""insertion_rate"":0.02066115702479339}}","{""Morphology"":189,""Novelty"":39}",2,0.8387096774193549,false,1000
38,28,29000,0.504413619,0.024175854,0.022222742,0.000731378,0.001221734,0.586504905,30.074448,9.278749,1778.3280238248408,176,0.9166667,31,3.6856487693239695,1,0.005681818181818182,"{""3"":1,""4"":35,""5"":84,""6"":42,""7"":12,""8"":2}","{""10"":5,""11"":13,""12"":2,""13"":2,""14"":1,""15"":2,""3"":1,""5"":35,""6"":8,""7"":30,""8"":53,""9"":24}",108,4.863966165055314,60,0.06,"{""3"":60,""4"":138,""5"":411,""6"":309,""7"":73,""8"":8,""9"":1}","{""10"":26,""11"":64,""12"":32,""13"":7,""14"":8,""15"":2,""19"":2,""3"":60,""4"":28,""5"":134,""6"":79,""7"":157,""8"":224,""9"":177}","{""Diagonal CMA-ES"":{""attempts"":314,""discoveries"":0,""improvements"":1,""insertions"":1,""insertion_rate"":0.0031847133757961785},""Immigrant"":{""attempts"":153,""discoveries"":0,""improvements"":0,""insertions"":0,""insertion_rate"":0.0},""Morphology"":{""attempts"":286,""discoveries"":0,""improvements"":14,""insertions"":14,""insertion_rate"":0.04895104895104895},""Novelty"":{""attempts"":247,""discoveries"":0,""improvements"":4,""insertions"":4,""insertion_rate"":0.016194331983805668}}","{""Morphology"":192,""Novelty"":22}",3,0.84375,true,2000
38,29,30000,0.5283733850000001,0.023959766,0.022048209,0.000731378,0.001180179,0.612904577,43.24528,9.60172,1838.7477387525141,177,0.921875,32,3.669152589085391,1,0.005649717514124294,"{""3"":1,""4"":34,""5"":84,""6"":43,""7"":13,""8"":2}","{""10"":5,""11"":12,""12"":3,""13"":2,""14"":1,""15"":2,""3"":1,""5"":34,""6"":6,""7"":32,""8"":54,""9"":25}",113,4.863446775907464,52,0.052,"{""3"":52,""4"":155,""5"":417,""6"":277,""7"":82,""8"":16,""9"":1}","{""10"":30,""11"":61,""12"":33,""13"":13,""14"":11,""15"":4,""19"":1,""3"":52,""4"":27,""5"":151,""6"":35,""7"":170,""8"":250,""9"":162}","{""Diagonal CMA-ES"":{""attempts"":304,""discoveries"":1,""improvements"":0,""insertions"":1,""insertion_rate"":0.003289473684210526},""Immigrant"":{""attempts"":154,""discoveries"":0,""improvements"":0,""insertions"":0,""insertion_rate"":0.0},""Morphology"":{""attempts"":307,""discoveries"":0,""improvements"":9,""insertions"":9,""insertion_rate"":0.029315960912052116},""Novelty"":{""attempts"":235,""discoveries"":0,""improvements"":3,""insertions"":3,""insertion_rate"":0.01276595744680851}}","{""Morphology"":211,""Novelty"":21}",2,0.8461538461538461,true,1000
38,30,31000,0.5407023350000001,0.012328949999999998,0.010350903,0.000734941,0.001243106,0.62710709,43.24528,10.451359,1917.450060222298,177,0.921875,32,3.711996262829877,0,0.0,"{""4"":33,""5"":81,""6"":47,""7"":14,""8"":2}","{""10"":5,""11"":12,""12"":5,""13"":2,""14"":1,""15"":1,""5"":33,""6"":6,""7"":32,""8"":51,""9"":29}",107,4.870615070121994,56,0.056,"{""3"":56,""4"":129,""5"":379,""6"":327,""7"":99,""8"":10}","{""10"":37,""11"":64,""12"":39,""13"":10,""14"":4,""15"":10,""16"":1,""3"":56,""4"":33,""5"":112,""6"":60,""7"":174,""8"":189,""9"":211}","{""Diagonal CMA-ES"":{""attempts"":300,""discoveries"":0,""improvements"":2,""insertions"":2,""insertion_rate"":0.006666666666666667},""Immigrant"":{""attempts"":175,""discoveries"":0,""improvements"":0,""insertions"":0,""insertion_rate"":0.0},""Morphology"":{""attempts"":280,""discoveries"":0,""improvements"":13,""insertions"":13,""insertion_rate"":0.04642857142857143},""Novelty"":{""attempts"":245,""discoveries"":0,""improvements"":5,""insertions"":5,""insertion_rate"":0.02040816326530612}}","{""Morphology"":197,""Novelty"":27}",2,0.835820895522388,false,1000
38,31,32000,0.5675674300000001,0.026865095000000002,0.024907233,0.000719506,0.001238356,0.655822003,43.24528,10.543689,1955.1406593956053,177,0.921875,30,3.6892584322986033,0,0.0,"{""4"":29,""5"":81,""6"":51,""7"":15,""8"":1}","{""10"":5,""11"":11,""12"":6,""13"":1,""14"":1,""15"":1,""5"":29,""6"":6,""7"":35,""8"":48,""9"":34}",129,5.108932367525508,37,0.037,"{""3"":37,""4"":123,""5"":399,""6"":320,""7"":99,""8"":20,""9"":2}","{""10"":30,""11"":65,""12"":43,""13"":14,""14"":11,""15"":4,""16"":3,""17"":2,""19"":1,""3"":37,""4"":28,""5"":117,""6"":49,""7"":189,""8"":224,""9"":183}","{""Diagonal CMA-ES"":{""attempts"":322,""discoveries"":0,""improvements"":1,""insertions"":1,""insertion_rate"":0.003105590062111801},""Immigrant"":{""attempts"":135,""discoveries"":0,""improvements"":0,""insertions"":0,""insertion_rate"":0.0},""Morphology"":{""attempts"":286,""discoveries"":0,""improvements"":9,""insertions"":9,""insertion_rate"":0.03146853146853147},""Novelty"":{""attempts"":257,""discoveries"":0,""improvements"":2,""insertions"":2,""insertion_rate"":0.007782101167315175}}","{""Morphology"":188,""Novelty"":47}",0,0.8428571428571429,false,2000
38,32,33000,0.5838714690000001,0.016304039000000003,0.01430106,0.000746813,0.001256166,0.674368856,43.24528,10.58186,1974.9780836440623,177,0.921875,31,3.7537345843206835,0,0.0,"{""4"":27,""5"":79,""6"":51,""7"":18,""8"":2}","{""10"":5,""11"":12,""12"":8,""13"":1,""14"":1,""15"":2,""5"":27,""6"":5,""7"":36,""8"":46,""9"":34}",110,4.895235155548823,54,0.054,"{""3"":54,""4"":140,""5"":386,""6"":300,""7"":105,""8"":15}","{""10"":42,""11"":70,""12"":32,""13"":10,""14"":6,""15"":12,""17"":1,""20"":1,""21"":1,""3"":54,""4"":32,""5"":129,""6"":54,""7"":166,""8"":194,""9"":196}","{""Diagonal CMA-ES"":{""attempts"":308,""discoveries"":0,""improvements"":2,""insertions"":2,""insertion_rate"":0.006493506493506494},""Immigrant"":{""attempts"":151,""discoveries"":0,""improvements"":0,""insertions"":0,""insertion_rate"":0.0},""Morphology"":{""attempts"":286,""discoveries"":0,""improvements"":11,""insertions"":11,""insertion_rate"":0.038461538461538464},""Novelty"":{""attempts"":255,""discoveries"":0,""improvements"":1,""insertions"":1,""insertion_rate"":0.00392156862745098}}","{""Morphology"":190,""Novelty"":38}",2,0.8472222222222222,false,3000
38,33,34000,0.5987756770000001,0.014904207999999999,0.012763502,0.000756311,0.001384395,0.691322349,43.24528,10.58186,2026.8362745679915,177,0.921875,32,3.794458153628611,0,0.0,"{""4"":27,""5"":78,""6"":49,""7"":20,""8"":3}","{""10"":4,""11"":13,""12"":9,""13"":2,""14"":3,""15"":2,""5"":27,""6"":5,""7"":34,""8"":46,""9"":32}",107,4.958736813585401,56,0.056,"{""3"":56,""4"":122,""5"":374,""6"":301,""7"":126,""8"":21}","{""10"":40,""11"":75,""12"":56,""13"":12,""14"":12,""15"":6,""16"":4,""17"":2,""21"":1,""3"":56,""4"":27,""5"":111,""6"":47,""7"":182,""8"":197,""9"":172}","{""Diagonal CMA-ES"":{""attempts"":300,""discoveries"":0,""improvements"":1,""insertions"":1,""insertion_rate"":0.0033333333333333335},""Immigrant"":{""attempts"":150,""discoveries"":0,""improvements"":0,""insertions"":0,""insertion_rate"":0.0},""Morphology"":{""attempts"":300,""discoveries"":0,""improvements"":12,""insertions"":12,""insertion_rate"":0.04},""Novelty"":{""attempts"":250,""discoveries"":0,""improvements"":0,""insertions"":0,""insertion_rate"":0.0}}","{""Morphology"":195,""Novelty"":33}",2,0.8378378378378378,false,4000
38,34,35000,0.6255006690000001,0.026724992000000003,0.024556978,0.000757499,0.001410515,0.720186862,43.24528,10.9117775,2060.696256611496,177,0.921875,36,3.92160608819341,0,0.0,"{""4"":26,""5"":76,""6"":49,""7"":20,""8"":6}","{""10"":6,""11"":12,""12"":7,""13"":3,""14"":3,""15"":2,""16"":1,""17"":1,""5"":26,""6"":4,""7"":33,""8"":46,""9"":33}",124,5.148971645441356,36,0.036,"{""3"":36,""4"":129,""5"":360,""6"":283,""7"":146,""8"":41,""9"":5}","{""10"":42,""11"":69,""12"":62,""13"":25,""14"":23,""15"":20,""16"":4,""17"":3,""19"":2,""3"":36,""4"":39,""5"":114,""6"":42,""7"":140,""8"":198,""9"":181}","{""Diagonal CMA-ES"":{""attempts"":282,""discoveries"":0,""improvements"":0,""insertions"":0,""insertion_rate"":0.0},""Immigrant"":{""attempts"":152,""discoveries"":0,""improvements"":0,""insertions"":0,""insertion_rate"":0.0},""Morphology"":{""attempts"":293,""discoveries"":0,""improvements"":14,""insertions"":14,""insertion_rate"":0.04778156996587031},""Novelty"":{""attempts"":273,""discoveries"":0,""improvements"":1,""insertions"":1,""insertion_rate"":0.003663003663003663}}","{""Morphology"":205,""Novelty"":22}",6,0.8378378378378378,false,5000
38,35,36000,0.6559668530000001,0.030466184,0.028308855,0.000768185,0.001389144,0.752685707,43.24528,11.021551,2081.548888299614,177,0.921875,37,3.9052886899335055,0,0.0,"{""4"":24,""5"":77,""6"":48,""7"":22,""8"":6}","{""10"":7,""11"":13,""12"":9,""13"":3,""14"":3,""15"":1,""16"":1,""17"":1,""5"":24,""6"":2,""7"":34,""8"":47,""9"":32}",131,5.264352339345179,48,0.048,"{""3"":48,""4"":94,""5"":340,""6"":320,""7"":147,""8"":42,""9"":9}","{""10"":41,""11"":123,""12"":71,""13"":9,""14"":27,""15"":18,""16"":2,""17"":12,""18"":5,""19"":2,""22"":2,""3"":48,""4"":38,""5"":90,""6"":38,""7"":130,""8"":190,""9"":154}","{""Diagonal CMA-ES"":{""attempts"":299,""discoveries"":0,""improvements"":2,""insertions"":2,""insertion_rate"":0.006688963210702341},""Immigrant"":{""attempts"":162,""discoveries"":0,""improvements"":0,""insertions"":0,""insertion_rate"":0.0},""Morphology"":{""attempts"":282,""discoveries"":0,""improvements"":8,""insertions"":8,""insertion_rate"":0.028368794326241134},""Novelty"":{""attempts"":257,""discoveries"":0,""improvements"":2,""insertions"":2,""insertion_rate"":0.007782101167315175}}","{""Morphology"":186,""Novelty"":34}",2,0.8421052631578947,false,6000
38,36,37000,0.6854511370000002,0.029484284,0.027227222,0.000776496,0.001480566,0.784802241,43.24528,11.021551,2109.378361020237,178,0.9270833,35,3.846095029184427,0,0.0,"{""4"":23,""5"":79,""6"":50,""7"":20,""8"":6}","{""10"":7,""11"":12,""12"":8,""13"":3,""14"":4,""15"":1,""16"":1,""17"":1,""5"":23,""6"":2,""7"":36,""8"":48,""9"":32}",124,5.20986897080175,58,0.058,"{""3"":58,""4"":86,""5"":284,""6"":343,""7"":189,""8"":36,""9"":4}","{""10"":75,""11"":128,""12"":70,""13"":16,""14"":27,""15"":14,""16"":3,""17"":6,""18"":2,""19"":1,""20"":1,""3"":58,""4"":33,""5"":73,""6"":28,""7"":125,""8"":164,""9"":176}","{""Diagonal CMA-ES"":{""attempts"":291,""discoveries"":1,""improvements"":0,""insertions"":1,""insertion_rate"":0.003436426116838488},""Immigrant"":{""attempts"":149,""discoveries"":0,""improvements"":0,""insertions"":0,""insertion_rate"":0.0},""Morphology"":{""attempts"":299,""discoveries"":0,""improvements"":11,""insertions"":11,""insertion_rate"":0.03678929765886288},""Novelty"":{""attempts"":261,""discoveries"":0,""improvements"":0,""insertions"":0,""insertion_rate"":0.0}}","{""Morphology"":213,""Novelty"":29}",0,0.8461538461538461,false,7000
38,37,38000,0.7139986390000002,0.028547502000000002,0.026225139,0.000826362,0.001496001,0.815543879,43.24528,11.055391,2148.164458487183,178,0.9270833,34,3.8383073694303063,0,0.0,"{""4"":23,""5"":79,""6"":50,""7"":19,""8"":7}","{""10"":7,""11"":12,""12"":8,""13"":4,""14"":3,""15"":1,""16"":1,""17"":1,""5"":23,""6"":2,""7"":37,""8"":47,""9"":32}",124,4.886404988693988,38,0.038,"{""3"":38,""4"":75,""5"":427,""6"":282,""7"":140,""8"":37,""9"":1}","{""10"":33,""11"":78,""12"":66,""13"":14,""14"":18,""15"":19,""16"":6,""17"":5,""18"":1,""20"":1,""3"":38,""4"":30,""5"":70,""6"":29,""7"":273,""8"":170,""9"":149}","{""Diagonal CMA-ES"":{""attempts"":310,""discoveries"":0,""improvements"":1,""insertions"":1,""insertion_rate"":0.0032258064516129032},""Immigrant"":{""attempts"":122,""discoveries"":0,""improvements"":0,""insertions"":0,""insertion_rate"":0.0},""Morphology"":{""attempts"":319,""discoveries"":0,""improvements"":4,""insertions"":4,""insertion_rate"":0.012539184952978056},""Novelty"":{""attempts"":249,""discoveries"":0,""improvements"":0,""insertions"":0,""insertion_rate"":0.0}}","{""Morphology"":229,""Novelty"":25}",0,0.8571428571428571,false,8000
38,38,39000,0.7412068650000001,0.027208226,0.024686395,0.000951029,0.001570802,0.845461529,43.24528,11.336162,2159.6029129065573,179,0.9322917,34,3.7982565866945803,0,0.0,"{""4"":23,""5"":78,""6"":54,""7"":15,""8"":9}","{""10"":4,""11"":14,""12"":7,""13"":4,""14"":3,""15"":1,""16"":1,""17"":1,""5"":23,""6"":2,""7"":36,""8"":47,""9"":36}",123,5.160426192603174,44,0.044,"{""3"":44,""4"":109,""5"":371,""6"":289,""7"":141,""8"":45,""9"":1}","{""10"":41,""11"":68,""12"":72,""13"":16,""14"":23,""15"":18,""16"":3,""17"":5,""18"":1,""19"":2,""3"":44,""4"":40,""5"":89,""6"":44,""7"":162,""8"":204,""9"":168}","{""Diagonal CMA-ES"":{""attempts"":303,""discoveries"":0,""improvements"":2,""insertions"":2,""insertion_rate"":0.006600660066006601},""Immigrant"":{""attempts"":150,""discoveries"":0,""improvements"":0,""insertions"":0,""insertion_rate"":0.0},""Morphology"":{""attempts"":294,""discoveries"":0,""improvements"":4,""insertions"":4,""insertion_rate"":0.013605442176870748},""Novelty"":{""attempts"":253,""discoveries"":1,""improvements"":0,""insertions"":1,""insertion_rate"":0.003952569169960474}}","{""Morphology"":207,""Novelty"":26}",2,0.8488372093023255,false,9000
38,39,40000,0.7693934270000001,0.028186562000000002,0.02568729,0.00087623,0.001623042,0.875939586,43.24528,11.216829,2179.8137656487525,180,0.9375,34,3.857648412845691,0,0.0,"{""4"":24,""5"":73,""6"":57,""7"":16,""8"":10}","{""10"":3,""11"":16,""12"":9,""13"":4,""14"":3,""15"":1,""16"":1,""17"":1,""5"":24,""6"":2,""7"":36,""8"":42,""9"":38}",129,5.221124444468456,38,0.038,"{""3"":38,""4"":89,""5"":274,""6"":288,""7"":150,""8"":145,""9"":16}","{""10"":38,""11"":188,""12"":74,""13"":19,""14"":36,""15"":12,""17"":6,""18"":1,""19"":2,""20"":2,""3"":38,""4"":27,""5"":73,""6"":27,""7"":139,""8"":148,""9"":170}","{""Diagonal CMA-ES"":{""attempts"":290,""discoveries"":0,""improvements"":0,""insertions"":0,""insertion_rate"":0.0},""Immigrant"":{""attempts"":125,""discoveries"":0,""improvements"":0,""insertions"":0,""insertion_rate"":0.0},""Morphology"":{""attempts"":330,""discoveries"":0,""improvements"":10,""insertions"":10,""insertion_rate"":0.030303030303030304},""Novelty"":{""attempts"":255,""discoveries"":1,""improvements"":1,""insertions"":2,""insertion_rate"":0.00784313725490196}}","{""Morphology"":211,""Novelty"":26}",1,0.8488372093023255,false,10000
38,40,41000,0.7956636840000001,0.026270257,0.023678375,0.000960528,0.001631354,0.904905019,43.24528,11.336162,2203.931135106832,180,0.9375,34,3.8995357659226126,0,0.0,"{""4"":24,""5"":71,""6"":56,""7"":19,""8"":10}","{""10"":3,""11"":18,""12"":10,""13"":4,""14"":3,""15"":1,""16"":1,""17"":1,""5"":24,""6"":2,""7"":35,""8"":40,""9"":38}",122,5.0498913831594106,44,0.044,"{""3"":44,""4"":72,""5"":265,""6"":299,""7"":162,""8"":135,""9"":23}","{""10"":21,""11"":171,""12"":99,""13"":13,""14"":37,""15"":11,""16"":7,""17"":11,""19"":1,""3"":44,""4"":38,""5"":68,""6"":29,""7"":120,""8"":131,""9"":199}","{""Diagonal CMA-ES"":{""attempts"":307,""discoveries"":0,""improvements"":2,""insertions"":2,""insertion_rate"":0.006514657980456026},""Immigrant"":{""attempts"":151,""discoveries"":0,""improvements"":0,""insertions"":0,""insertion_rate"":0.0},""Morphology"":{""attempts"":297,""discoveries"":0,""improvements"":10,""insertions"":10,""insertion_rate"":0.03367003367003367},""Novelty"":{""attempts"":245,""discoveries"":0,""improvements"":0,""insertions"":0,""insertion_rate"":0.0}}","{""Morphology"":186,""Novelty"":32}",2,0.8488372093023255,false,11000
38,41,42000,0.8263625780000001,0.030698894,0.02809514,0.000926096,0.001677658,0.937980893,43.24528,11.531859,2223.5392987020314,180,0.9375,35,3.9149872302761373,0,0.0,"{""4"":23,""5"":69,""6"":57,""7"":19,""8"":12}","{""10"":3,""11"":16,""12"":11,""13"":4,""14"":3,""15"":3,""16"":1,""17"":1,""5"":23,""6"":1,""7"":35,""8"":39,""9"":40}",136,5.306265329417563,47,0.047,"{""3"":47,""4"":123,""5"":293,""6"":315,""7"":149,""8"":63,""9"":10}","{""10"":26,""11"":108,""12"":86,""13"":20,""14"":22,""15"":27,""16"":6,""17"":9,""18"":2,""21"":2,""22"":1,""3"":47,""4"":28,""5"":110,""6"":35,""7"":148,""8"":136,""9"":187}","{""Diagonal CMA-ES"":{""attempts"":275,""discoveries"":0,""improvements"":1,""insertions"":1,""insertion_rate"":0.0036363636363636364},""Immigrant"":{""attempts"":142,""discoveries"":0,""improvements"":0,""insertions"":0,""insertion_rate"":0.0},""Morphology"":{""attempts"":286,""discoveries"":0,""improvements"":6,""insertions"":6,""insertion_rate"":0.02097902097902098},""Novelty"":{""attempts"":297,""discoveries"":0,""improvements"":1,""insertions"":1,""insertion_rate"":0.003367003367003367}}","{""Morphology"":200,""Novelty"":37}",3,0.8522727272727273,false,12000
38,42,43000,0.8542641890000001,0.027901611,0.02486449,0.0010567,0.001980421,0.968373464,43.24528,11.5605755,2240.9235197789967,180,0.9375,36,3.9756904198404923,0,0.0,"{""4"":23,""5"":67,""6"":57,""7"":20,""8"":13}","{""10"":4,""11"":17,""12"":11,""13"":5,""14"":3,""15"":3,""16"":1,""17"":1,""5"":23,""6"":1,""7"":35,""8"":37,""9"":39}",136,5.182303361060742,48,0.048,"{""3"":48,""4"":95,""5"":261,""6"":349,""7"":165,""8"":68,""9"":14}","{""10"":44,""11"":110,""12"":88,""13"":25,""14"":27,""15"":26,""16"":8,""17"":4,""18"":1,""20"":3,""21"":4,""3"":48,""4"":24,""5"":87,""6"":26,""7"":128,""8"":125,""9"":222}","{""Diagonal CMA-ES"":{""attempts"":291,""discoveries"":0,""improvements"":0,""insertions"":0,""insertion_rate"":0.0},""Immigrant"":{""attempts"":135,""discoveries"":0,""improvements"":0,""insertions"":0,""insertion_rate"":0.0},""Morphology"":{""attempts"":315,""discoveries"":0,""improvements"":5,""insertions"":5,""insertion_rate"":0.015873015873015872},""Novelty"":{""attempts"":259,""discoveries"":0,""improvements"":1,""insertions"":1,""insertion_rate"":0.003861003861003861}}","{""Morphology"":211,""Novelty"":27}",1,0.8539325842696629,false,13000
38,43,44000,0.8848158570000001,0.030551668,0.027755571,0.001015143,0.001780954,1.001540761,43.24528,11.5605755,2264.185741890222,180,0.9375,36,4.024810427314644,0,0.0,"{""4"":23,""5"":64,""6"":59,""7"":21,""8"":13}","{""10"":4,""11"":19,""12"":11,""13"":5,""14"":4,""15"":3,""16"":1,""17"":1,""5"":23,""6"":1,""7"":31,""8"":38,""9"":39}",140,5.351492237908835,33,0.033,"{""3"":33,""4"":107,""5"":286,""6"":314,""7"":172,""8"":74,""9"":14}","{""10"":52,""11"":135,""12"":91,""13"":19,""14"":25,""15"":29,""16"":8,""17"":11,""18"":3,""20"":1,""21"":3,""3"":33,""4"":39,""5"":86,""6"":25,""7"":137,""8"":137,""9"":166}","{""Diagonal CMA-ES"":{""attempts"":324,""discoveries"":0,""improvements"":1,""insertions"":1,""insertion_rate"":0.0030864197530864196},""Immigrant"":{""attempts"":133,""discoveries"":0,""improvements"":0,""insertions"":0,""insertion_rate"":0.0},""Morphology"":{""attempts"":282,""discoveries"":0,""improvements"":6,""insertions"":6,""insertion_rate"":0.02127659574468085},""Novelty"":{""attempts"":261,""discoveries"":0,""improvements"":1,""insertions"":1,""insertion_rate"":0.0038314176245210726}}","{""Morphology"":198,""Novelty"":30}",0,0.8571428571428571,false,14000
38,44,45000,0.9134120390000001,0.028596182,0.025588744,0.001046014,0.001961424,1.033489886,43.24528,11.5605755,2290.8793911524117,180,0.9375,37,4.089604633623724,0,0.0,"{""4"":22,""5"":61,""6"":56,""7"":25,""8"":16}","{""10"":5,""11"":19,""12"":13,""13"":7,""14"":4,""15"":3,""16"":1,""17"":1,""5"":22,""6"":1,""7"":31,""8"":35,""9"":38}",126,5.255163438346052,48,0.048,"{""3"":48,""4"":116,""5"":307,""6"":271,""7"":173,""8"":72,""9"":13}","{""10"":36,""11"":113,""12"":79,""13"":20,""14"":47,""15"":27,""16"":5,""17"":11,""18"":5,""19"":2,""20"":2,""21"":2,""3"":48,""4"":37,""5"":102,""6"":25,""7"":124,""8"":163,""9"":152}","{""Diagonal CMA-ES"":{""attempts"":302,""discoveries"":0,""improvements"":0,""insertions"":0,""insertion_rate"":0.0},""Immigrant"":{""attempts"":157,""discoveries"":0,""improvements"":0,""insertions"":0,""insertion_rate"":0.0},""Morphology"":{""attempts"":291,""discoveries"":0,""improvements"":11,""insertions"":11,""insertion_rate"":0.037800687285223365},""Novelty"":{""attempts"":250,""discoveries"":0,""improvements"":3,""insertions"":3,""insertion_rate"":0.012}}","{""Morphology"":194,""Novelty"":31}",2,0.8617021276595744,false,15000
38,45,46000,0.9416817140000001,0.028269675,0.025155379,0.001111316,0.00200298,1.065168305,43.24528,11.867229,2327.252179581672,181,0.9427083,35,4.004668267859878,0,0.0,"{""4"":22,""5"":63,""6"":56,""7"":23,""8"":17}","{""10"":4,""11"":18,""12"":12,""13"":8,""14"":4,""15"":4,""16"":1,""17"":1,""5"":22,""6"":1,""7"":33,""8"":34,""9"":39}",129,5.215995528710164,53,0.053,"{""3"":53,""4"":125,""5"":296,""6"":277,""7"":145,""8"":86,""9"":18}","{""10"":32,""11"":100,""12"":73,""13"":29,""14"":29,""15"":32,""16"":12,""17"":12,""18"":2,""19"":2,""21"":2,""3"":53,""4"":33,""5"":116,""6"":19,""7"":135,""8"":143,""9"":176}","{""Diagonal CMA-ES"":{""attempts"":300,""discoveries"":0,""improvements"":0,""insertions"":0,""insertion_rate"":0.0},""Immigrant"":{""attempts"":146,""discoveries"":0,""improvements"":0,""insertions"":0,""insertion_rate"":0.0},""Morphology"":{""attempts"":312,""discoveries"":0,""improvements"":11,""insertions"":11,""insertion_rate"":0.035256410256410256},""Novelty"":{""attempts"":242,""discoveries"":1,""improvements"":0,""insertions"":1,""insertion_rate"":0.004132231404958678}}","{""Morphology"":211,""Novelty"":23}",0,0.8526315789473684,false,16000
38,46,47000,0.9723948560000001,0.030713142,0.027562041,0.001170681,0.00198042,1.099075292,43.24528,11.867229,2345.1457922048867,181,0.9427083,35,4.021785180294999,0,0.0,"{""4"":20,""5"":65,""6"":54,""7"":25,""8"":17}","{""10"":4,""11"":20,""12"":13,""13"":8,""14"":4,""15"":4,""16"":1,""17"":1,""5"":20,""6"":1,""7"":34,""8"":34,""9"":37}",127,4.865532940773381,54,0.054,"{""3"":54,""4"":76,""5"":413,""6"":247,""7"":130,""8"":63,""9"":17}","{""10"":28,""11"":66,""12"":74,""13"":22,""14"":25,""15"":35,""16"":12,""17"":5,""18"":3,""20"":1,""21"":1,""3"":54,""4"":26,""5"":80,""6"":23,""7"":265,""8"":131,""9"":149}","{""Diagonal CMA-ES"":{""attempts"":286,""discoveries"":0,""improvements"":0,""insertions"":0,""insertion_rate"":0.0},""Immigrant"":{""attempts"":155,""discoveries"":0,""improvements"":0,""insertions"":0,""insertion_rate"":0.0},""Morphology"":{""attempts"":298,""discoveries"":0,""improvements"":7,""insertions"":7,""insertion_rate"":0.02348993288590604},""Novelty"":{""attempts"":261,""discoveries"":0,""improvements"":2,""insertions"":2,""insertion_rate"":0.007662835249042145}}","{""Morphology"":196,""Novelty"":24}",1,0.8526315789473684,false,17000
38,47,48000,1.002065546,0.02967069,0.025788211,0.00128941,0.002593069,1.132262773,43.24528,11.867229,2353.0590831823647,181,0.9427083,33,4.007627418343982,0,0.0,"{""4"":19,""5"":66,""6"":53,""7"":26,""8"":17}","{""10"":4,""11"":22,""12"":13,""13"":8,""14"":4,""15"":4,""16"":1,""17"":1,""5"":19,""6"":1,""7"":33,""8"":35,""9"":36}",111,5.08941688177855,56,0.056,"{""3"":56,""4"":116,""5"":314,""6"":313,""7"":130,""8"":64,""9"":7}","{""10"":27,""11"":107,""12"":52,""13"":22,""14"":26,""15"":36,""16"":5,""17"":2,""18"":3,""19"":1,""20"":1,""3"":56,""4"":43,""5"":95,""6"":27,""7"":171,""8"":159,""9"":167}","{""Diagonal CMA-ES"":{""attempts"":289,""discoveries"":0,""improvements"":0,""insertions"":0,""insertion_rate"":0.0},""Immigrant"":{""attempts"":168,""discoveries"":0,""improvements"":0,""insertions"":0,""insertion_rate"":0.0},""Morphology"":{""attempts"":315,""discoveries"":0,""improvements"":6,""insertions"":6,""insertion_rate"":0.01904761904761905},""Novelty"":{""attempts"":228,""discoveries"":0,""improvements"":2,""insertions"":2,""insertion_rate"":0.008771929824561403}}","{""Morphology"":199,""Novelty"":15}",0,0.8556701030927835,false,18000
38,48,49000,1.03314319,0.031077644,0.027166669,0.001450884,0.002460091,1.167848605,43.24528,11.874217,2378.851198190823,181,0.9427083,34,4.040655115475903,0,0.0,"{""4"":18,""5"":66,""6"":54,""7"":27,""8"":16}","{""10"":4,""11"":24,""12"":14,""13"":7,""14"":4,""15"":4,""16"":1,""17"":1,""5"":18,""6"":1,""7"":32,""8"":36,""9"":35}",136,5.418605502132951,44,0.044,"{""3"":44,""4"":105,""5"":297,""6"":293,""7"":158,""8"":86,""9"":17}","{""10"":32,""11"":116,""12"":64,""13"":30,""14"":37,""15"":48,""16"":14,""17"":6,""18"":1,""20"":1,""3"":44,""4"":35,""5"":88,""6"":25,""7"":141,""8"":177,""9"":141}","{""Diagonal CMA-ES"":{""attempts"":284,""discoveries"":0,""improvements"":1,""insertions"":1,""insertion_rate"":0.0035211267605633804},""Immigrant"":{""attempts"":149,""discoveries"":0,""improvements"":0,""insertions"":0,""insertion_rate"":0.0},""Morphology"":{""attempts"":300,""discoveries"":0,""improvements"":4,""insertions"":4,""insertion_rate"":0.013333333333333334},""Novelty"":{""attempts"":267,""discoveries"":0,""improvements"":0,""insertions"":0,""insertion_rate"":0.0}}","{""Morphology"":208,""Novelty"":34}",1,0.8556701030927835,false,19000
38,49,50000,1.064433363,0.031290173,0.026518403,0.001802326,0.002969444,1.203638653,43.24528,12.257314,2419.079083913937,181,0.9427083,34,4.078873304756539,0,0.0,"{""4"":18,""5"":65,""6"":53,""7"":28,""8"":17}","{""10"":4,""11"":24,""12"":14,""13"":8,""14"":5,""15"":4,""16"":1,""17"":1,""5"":18,""6"":1,""7"":32,""8"":35,""9"":34}",130,5.256378923581751,55,0.055,"{""3"":55,""4"":76,""5"":330,""6"":291,""7"":159,""8"":74,""9"":15}","{""10"":40,""11"":125,""12"":65,""13"":25,""14"":31,""15"":36,""16"":19,""17"":3,""18"":2,""19"":2,""20"":2,""3"":55,""4"":29,""5"":56,""6"":25,""7"":139,""8"":201,""9"":145}","{""Diagonal CMA-ES"":{""attempts"":293,""discoveries"":0,""improvements"":0,""insertions"":0,""insertion_rate"":0.0},""Immigrant"":{""attempts"":141,""discoveries"":0,""improvements"":0,""insertions"":0,""insertion_rate"":0.0},""Morphology"":{""attempts"":310,""discoveries"":0,""improvements"":7,""insertions"":7,""insertion_rate"":0.02258064516129032},""Novelty"":{""attempts"":256,""discoveries"":0,""improvements"":1,""insertions"":1,""insertion_rate"":0.00390625}}","{""Morphology"":201,""Novelty"":36}",0,0.8571428571428571,false,20000
38,50,51000,1.096481034,0.032047671,0.027185667,0.001583862,0.003278142,1.239840696,43.24528,12.269979,2422.6520438138396,181,0.9427083,35,4.089923028513445,0,0.0,"{""4"":18,""5"":65,""6"":53,""7"":27,""8"":17,""9"":1}","{""10"":3,""11"":24,""12"":14,""13"":8,""14"":5,""15"":4,""16"":2,""17"":1,""5"":18,""6"":1,""7"":32,""8"":35,""9"":34}",142,5.383232869636633,55,0.055,"{""3"":55,""4"":112,""5"":292,""6"":281,""7"":162,""8"":77,""9"":21}","{""10"":41,""11"":125,""12"":63,""13"":30,""14"":39,""15"":36,""16"":12,""17"":7,""18"":2,""19"":1,""21"":3,""3"":55,""4"":48,""5"":82,""6"":17,""7"":143,""8"":175,""9"":121}","{""Diagonal CMA-ES"":{""attempts"":293,""discoveries"":0,""improvements"":0,""insertions"":0,""insertion_rate"":0.0},""Immigrant"":{""attempts"":162,""discoveries"":0,""improvements"":0,""insertions"":0,""insertion_rate"":0.0},""Morphology"":{""attempts"":315,""discoveries"":0,""improvements"":3,""insertions"":3,""insertion_rate"":0.009523809523809525},""Novelty"":{""attempts"":230,""discoveries"":0,""improvements"":0,""insertions"":0,""insertion_rate"":0.0}}","{""Morphology"":205,""Novelty"":26}",1,0.8571428571428571,false,21000
38,51,52000,1.130105443,0.033624409,0.027550169,0.002626314,0.003447926,1.280382329,43.24528,12.559363,2451.3813843671232,182,0.9479167,34,4.06810051905046,0,0.0,"{""4"":17,""5"":66,""6"":53,""7"":28,""8"":16,""9"":2}","{""10"":3,""11"":25,""12"":15,""13"":5,""14"":5,""15"":5,""16"":2,""17"":1,""18"":1,""5"":17,""6"":1,""7"":33,""8"":35,""9"":34}",145,5.417395391415576,41,0.041,"{""3"":41,""4"":97,""5"":304,""6"":274,""7"":186,""8"":75,""9"":23}","{""10"":40,""11"":139,""12"":90,""13"":23,""14"":38,""15"":35,""16"":15,""17"":4,""18"":3,""19"":2,""20"":4,""3"":41,""4"":32,""5"":88,""6"":29,""7"":134,""8"":150,""9"":133}","{""Diagonal CMA-ES"":{""attempts"":290,""discoveries"":0,""improvements"":0,""insertions"":0,""insertion_rate"":0.0},""Immigrant"":{""attempts"":138,""discoveries"":0,""improvements"":0,""insertions"":0,""insertion_rate"":0.0},""Morphology"":{""attempts"":321,""discoveries"":0,""improvements"":11,""insertions"":11,""insertion_rate"":0.03426791277258567},""Novelty"":{""attempts"":251,""discoveries"":1,""improvements"":1,""insertions"":2,""insertion_rate"":0.00796812749003984}}","{""Morphology"":214,""Novelty"":27}",1,0.8585858585858586,false,22000
38,52,53000,1.1664214659999999,0.036316022999999996,0.03002332,0.002182262,0.004110441,1.322285798,43.24528,12.559363,2455.993296140805,182,0.9479167,34,4.081196481981754,0,0.0,"{""4"":16,""5"":66,""6"":54,""7"":28,""8"":16,""9"":2}","{""10"":3,""11"":25,""12"":15,""13"":5,""14"":5,""15"":5,""16"":2,""17"":1,""18"":1,""5"":16,""6"":1,""7"":33,""8"":35,""9"":35}",143,5.3707911463518005,50,0.05,"{""10"":1,""3"":50,""4"":95,""5"":281,""6"":218,""7"":147,""8"":179,""9"":29}","{""10"":27,""11"":220,""12"":70,""13"":26,""14"":23,""15"":37,""16"":31,""17"":10,""18"":1,""19"":2,""20"":1,""21"":1,""3"":50,""4"":36,""5"":86,""6"":26,""7"":139,""8"":107,""9"":107}","{""Diagonal CMA-ES"":{""attempts"":298,""discoveries"":0,""improvements"":1,""insertions"":1,""insertion_rate"":0.003355704697986577},""Immigrant"":{""attempts"":156,""discoveries"":0,""improvements"":0,""insertions"":0,""insertion_rate"":0.0},""Morphology"":{""attempts"":291,""discoveries"":0,""improvements"":3,""insertions"":3,""insertion_rate"":0.010309278350515464},""Novelty"":{""attempts"":255,""discoveries"":0,""improvements"":0,""insertions"":0,""insertion_rate"":0.0}}","{""Morphology"":206,""Novelty"":26}",0,0.8585858585858586,false,23000
38,53,54000,1.2022756289999998,0.035854163,0.028145007,0.002689241,0.005019915,1.364702182,43.24528,12.530749,2456.170803779736,184,0.9583333,34,4.093395435405869,0,0.0,"{""4"":16,""5"":66,""6"":54,""7"":28,""8"":18,""9"":2}","{""10"":3,""11"":27,""12"":15,""13"":5,""14"":5,""15"":5,""16"":2,""17"":1,""18"":1,""5"":16,""6"":1,""7"":33,""8"":35,""9"":35}",153,5.462612146703499,61,0.061,"{""10"":2,""3"":61,""4"":89,""5"":295,""6"":264,""7"":144,""8"":109,""9"":36}","{""10"":35,""11"":159,""12"":63,""13"":24,""14"":38,""15"":24,""16"":20,""17"":5,""18"":3,""19"":2,""20"":1,""21"":2,""3"":61,""4"":37,""5"":81,""6"":27,""7"":154,""8"":110,""9"":154}","{""Diagonal CMA-ES"":{""attempts"":271,""discoveries"":0,""improvements"":0,""insertions"":0,""insertion_rate"":0.0},""Immigrant"":{""attempts"":178,""discoveries"":0,""improvements"":0,""insertions"":0,""insertion_rate"":0.0},""Morphology"":{""attempts"":298,""discoveries"":0,""improvements"":0,""insertions"":0,""insertion_rate"":0.0},""Novelty"":{""attempts"":253,""discoveries"":2,""improvements"":1,""insertions"":3,""insertion_rate"":0.011857707509881422}}","{""Morphology"":200,""Novelty"":38}",0,0.86,false,24000
38,54,55000,1.240727609,0.03845198,0.030244158,0.003051367,0.005156455,1.411731236,43.24528,12.5675955,2485.9636619035155,184,0.9583333,36,4.126072408670096,0,0.0,"{""4"":15,""5"":65,""6"":55,""7"":28,""8"":18,""9"":3}","{""10"":3,""11"":27,""12"":15,""13"":5,""14"":5,""15"":5,""16"":2,""17"":1,""18"":1,""20"":1,""5"":15,""6"":1,""7"":33,""8"":33,""9"":37}",147,5.529095588266414,40,0.04,"{""10"":2,""3"":40,""4"":90,""5"":291,""6"":256,""7"":167,""8"":132,""9"":22}","{""10"":36,""11"":162,""12"":67,""13"":17,""14"":36,""15"":51,""16"":17,""17"":6,""18"":2,""19"":3,""20"":2,""3"":40,""4"":34,""5"":73,""6"":35,""7"":132,""8"":140,""9"":147}","{""Diagonal CMA-ES"":{""attempts"":297,""discoveries"":0,""improvements"":0,""insertions"":0,""insertion_rate"":0.0},""Immigrant"":{""attempts"":141,""discoveries"":0,""improvements"":0,""insertions"":0,""insertion_rate"":0.0},""Morphology"":{""attempts"":298,""discoveries"":0,""improvements"":7,""insertions"":7,""insertion_rate"":0.02348993288590604},""Novelty"":{""attempts"":264,""discoveries"":0,""improvements"":0,""insertions"":0,""insertion_rate"":0.0}}","{""Morphology"":199,""Novelty"":33}",2,0.8613861386138614,false,25000
38,55,56000,1.274876805,0.034149196,0.026916149,0.002005354,0.005227693,1.452483022,43.24528,12.5675955,2488.6072018984705,184,0.9583333,36,4.129389985243075,0,0.0,"{""4"":14,""5"":65,""6"":56,""7"":28,""8"":18,""9"":3}","{""10"":3,""11"":27,""12"":15,""13"":5,""14"":5,""15"":5,""16"":2,""17"":1,""18"":1,""20"":1,""5"":14,""6"":1,""7"":33,""8"":33,""9"":38}",137,5.445689300735192,53,0.053,"{""10"":2,""3"":53,""4"":85,""5"":272,""6"":297,""7"":170,""8"":85,""9"":36}","{""10"":45,""11"":125,""12"":67,""13"":34,""14"":33,""15"":33,""16"":13,""17"":4,""18"":3,""19"":2,""20"":21,""21"":2,""3"":53,""4"":32,""5"":76,""6"":26,""7"":127,""8"":120,""9"":184}","{""Diagonal CMA-ES"":{""attempts"":317,""discoveries"":0,""improvements"":1,""insertions"":1,""insertion_rate"":0.0031545741324921135},""Immigrant"":{""attempts"":147,""discoveries"":0,""improvements"":0,""insertions"":0,""insertion_rate"":0.0},""Morphology"":{""attempts"":292,""discoveries"":0,""improvements"":2,""insertions"":2,""insertion_rate"":0.00684931506849315},""Novelty"":{""attempts"":244,""discoveries"":0,""improvements"":1,""insertions"":1,""insertion_rate"":0.004098360655737705}}","{""Morphology"":198,""Novelty"":24}",0,0.8613861386138614,false,26000
38,56,57000,1.312142669,0.037265864,0.029126906,0.002761665,0.005377293,1.496942753,43.24528,12.5675955,2495.295469129458,184,0.9583333,36,4.126498306027646,0,0.0,"{""4"":14,""5"":65,""6"":57,""7"":27,""8"":18,""9"":3}","{""10"":4,""11"":28,""12"":14,""13"":5,""14"":4,""15"":5,""16"":2,""17"":1,""18"":1,""20"":1,""5"":14,""6"":1,""7"":33,""8"":33,""9"":38}",144,5.452294248709874,57,0.057,"{""10"":1,""3"":57,""4"":75,""5"":260,""6"":322,""7"":183,""8"":79,""9"":23}","{""10"":49,""11"":123,""12"":83,""13"":25,""14"":28,""15"":36,""16"":16,""17"":8,""18"":3,""19"":3,""20"":5,""21"":1,""22"":1,""3"":57,""4"":21,""5"":73,""6"":28,""7"":135,""8"":105,""9"":200}","{""Diagonal CMA-ES"":{""attempts"":317,""discoveries"":0,""improvements"":0,""insertions"":0,""insertion_rate"":0.0},""Immigrant"":{""attempts"":140,""discoveries"":0,""improvements"":0,""insertions"":0,""insertion_rate"":0.0},""Morphology"":{""attempts"":316,""discoveries"":0,""improvements"":5,""insertions"":5,""insertion_rate"":0.015822784810126583},""Novelty"":{""attempts"":227,""discoveries"":0,""improvements"":0,""insertions"":0,""insertion_rate"":0.0}}","{""Morphology"":201,""Novelty"":25}",1,0.8613861386138614,false,27000
38,57,58000,1.350896225,0.038753556,0.030675149,0.002970631,0.005107776,1.5444265449999999,43.24528,12.625762,2506.7744822446257,184,0.9583333,36,4.135359931477058,0,0.0,"{""4"":14,""5"":64,""6"":58,""7"":27,""8"":18,""9"":3}","{""10"":4,""11"":28,""12"":14,""13"":5,""14"":4,""15"":4,""16"":3,""17"":1,""18"":1,""20"":1,""5"":14,""6"":1,""7"":32,""8"":33,""9"":39}",136,5.3649669719637805,48,0.048,"{""10"":3,""3"":48,""4"":85,""5"":274,""6"":325,""7"":170,""8"":76,""9"":19}","{""10"":49,""11"":140,""12"":71,""13"":23,""14"":29,""15"":36,""16"":11,""17"":5,""18"":2,""19"":1,""20"":6,""21"":1,""22"":1,""24"":1,""3"":48,""4"":29,""5"":83,""6"":22,""7"":137,""8"":121,""9"":184}","{""Diagonal CMA-ES"":{""attempts"":313,""discoveries"":0,""improvements"":0,""insertions"":0,""insertion_rate"":0.0},""Immigrant"":{""attempts"":136,""discoveries"":0,""improvements"":0,""insertions"":0,""insertion_rate"":0.0},""Morphology"":{""attempts"":298,""discoveries"":0,""improvements"":6,""insertions"":6,""insertion_rate"":0.020134228187919462},""Novelty"":{""attempts"":253,""discoveries"":0,""improvements"":1,""insertions"":1,""insertion_rate"":0.003952569169960474}}","{""Morphology"":189,""Novelty"":28}",0,0.8640776699029126,false,28000
38,58,59000,1.386682712,0.035786487000000006,0.027667712,0.002923139,0.005195636,1.5877488400000002,43.24528,12.625762,2517.3249986115843,184,0.9583333,36,4.155300179149741,0,0.0,"{""4"":14,""5"":63,""6"":59,""7"":27,""8"":18,""9"":3}","{""10"":4,""11"":28,""12"":14,""13"":5,""14"":4,""15"":4,""16"":3,""17"":1,""18"":1,""20"":1,""5"":14,""6"":1,""7"":31,""8"":33,""9"":40}",141,5.386717677922665,53,0.053,"{""10"":2,""3"":53,""4"":85,""5"":270,""6"":310,""7"":182,""8"":79,""9"":19}","{""10"":44,""11"":103,""12"":69,""13"":24,""14"":44,""15"":41,""16"":13,""17"":9,""18"":4,""19"":3,""20"":3,""21"":2,""3"":53,""4"":24,""5"":74,""6"":26,""7"":131,""8"":132,""9"":201}","{""Diagonal CMA-ES"":{""attempts"":311,""discoveries"":0,""improvements"":0,""insertions"":0,""insertion_rate"":0.0},""Immigrant"":{""attempts"":141,""discoveries"":0,""improvements"":0,""insertions"":0,""insertion_rate"":0.0},""Morphology"":{""attempts"":291,""discoveries"":0,""improvements"":1,""insertions"":1,""insertion_rate"":0.003436426116838488},""Novelty"":{""attempts"":257,""discoveries"":0,""improvements"":1,""insertions"":1,""insertion_rate"":0.0038910505836575876}}","{""Morphology"":204,""Novelty"":29}",0,0.8640776699029126,false,29000
38,59,60000,1.426238884,0.039556172,0.030761822,0.00315585,0.0056385,1.634622358,43.24528,12.66848,2537.6562601272017,184,0.9583333,37,4.181392799702377,0,0.0,"{""4"":13,""5"":63,""6"":60,""7"":27,""8"":18,""9"":3}","{""10"":4,""11"":28,""12"":14,""13"":5,""14"":4,""15"":4,""16"":3,""17"":1,""18"":1,""20"":1,""5"":13,""6"":1,""7"":31,""8"":33,""9"":41}",136,5.447268596505601,51,0.051,"{""10"":2,""3"":51,""4"":73,""5"":274,""6"":322,""7"":180,""8"":78,""9"":20}","{""10"":55,""11"":120,""12"":58,""13"":31,""14"":41,""15"":35,""16"":13,""17"":7,""19"":3,""20"":11,""21"":1,""3"":51,""4"":32,""5"":62,""6"":26,""7"":120,""8"":141,""9"":193}","{""Diagonal CMA-ES"":{""attempts"":313,""discoveries"":0,""improvements"":0,""insertions"":0,""insertion_rate"":0.0},""Immigrant"":{""attempts"":145,""discoveries"":0,""improvements"":0,""insertions"":0,""insertion_rate"":0.0},""Morphology"":{""attempts"":318,""discoveries"":0,""improvements"":6,""insertions"":6,""insertion_rate"":0.018867924528301886},""Novelty"":{""attempts"":224,""discoveries"":0,""improvements"":1,""insertions"":1,""insertion_rate"":0.004464285714285714}}","{""Morphology"":223,""Novelty"":34}",1,0.8653846153846154,false,30000
38,60,61000,1.466023018,0.039784134,0.031767467,0.002769977,0.00524669,1.6820016660000001,43.24528,12.66848,2554.201296681538,184,0.9583333,36,4.15888350921283,0,0.0,"{""4"":13,""5"":64,""6"":59,""7"":27,""8"":18,""9"":3}","{""10"":4,""11"":28,""12"":14,""13"":5,""14"":4,""15"":4,""16"":3,""17"":1,""18"":1,""20"":1,""5"":13,""6"":1,""7"":31,""8"":33,""9"":41}",143,5.424242821607483,49,0.049,"{""10"":1,""3"":49,""4"":66,""5"":283,""6"":317,""7"":186,""8"":72,""9"":26}","{""10"":52,""11"":111,""12"":86,""13"":22,""14"":29,""15"":38,""16"":11,""17"":7,""18"":4,""19"":2,""20"":10,""21"":1,""3"":49,""4"":25,""5"":64,""6"":31,""7"":141,""8"":113,""9"":204}","{""Diagonal CMA-ES"":{""attempts"":307,""discoveries"":0,""improvements"":0,""insertions"":0,""insertion_rate"":0.0},""Immigrant"":{""attempts"":143,""discoveries"":0,""improvements"":0,""insertions"":0,""insertion_rate"":0.0},""Morphology"":{""attempts"":280,""discoveries"":0,""improvements"":4,""insertions"":4,""insertion_rate"":0.014285714285714285},""Novelty"":{""attempts"":270,""discoveries"":0,""improvements"":0,""insertions"":0,""insertion_rate"":0.0}}","{""Morphology"":180,""Novelty"":35}",0,0.8653846153846154,false,31000
38,61,62000,1.502268989,0.036245971,0.028331413,0.002056408,0.00585815,1.725870121,43.24528,12.830177,2570.3938845340163,184,0.9583333,37,4.184555012888014,0,0.0,"{""4"":12,""5"":65,""6"":58,""7"":28,""8"":18,""9"":3}","{""10"":4,""11"":29,""12"":14,""13"":5,""14"":4,""15"":3,""16"":3,""17"":2,""18"":1,""20"":1,""5"":12,""6"":1,""7"":32,""8"":33,""9"":40}",145,5.573910758406882,53,0.053,"{""10"":1,""3"":53,""4"":112,""5"":258,""6"":262,""7"":186,""8"":99,""9"":29}","{""10"":51,""11"":129,""12"":66,""13"":37,""14"":29,""15"":38,""16"":18,""17"":8,""18"":1,""19"":3,""20"":12,""21"":1,""3"":53,""4"":32,""5"":96,""6"":21,""7"":124,""8"":117,""9"":164}","{""Diagonal CMA-ES"":{""attempts"":310,""discoveries"":0,""improvements"":0,""insertions"":0,""insertion_rate"":0.0},""Immigrant"":{""attempts"":158,""discoveries"":0,""improvements"":0,""insertions"":0,""insertion_rate"":0.0},""Morphology"":{""attempts"":301,""discoveries"":0,""improvements"":4,""insertions"":4,""insertion_rate"":0.013289036544850499},""Novelty"":{""attempts"":231,""discoveries"":0,""improvements"":1,""insertions"":1,""insertion_rate"":0.004329004329004329}}","{""Morphology"":215,""Novelty"":18}",1,0.8653846153846154,false,32000
38,62,63000,1.540119008,0.037850019,0.030146799,0.003192657,0.004510563,1.7710790410000001,43.24528,12.830177,2581.8456567469984,184,0.9583333,37,4.253367687634494,0,0.0,"{""4"":11,""5"":64,""6"":59,""7"":28,""8"":19,""9"":3}","{""10"":4,""11"":31,""12"":13,""13"":5,""14"":5,""15"":4,""16"":3,""17"":2,""18"":1,""20"":1,""5"":11,""6"":1,""7"":30,""8"":34,""9"":39}",149,5.540686185421701,48,0.048,"{""10"":1,""3"":48,""4"":98,""5"":237,""6"":317,""7"":166,""8"":103,""9"":30}","{""10"":49,""11"":186,""12"":52,""13"":37,""14"":25,""15"":35,""16"":20,""17"":12,""18"":2,""19"":3,""20"":8,""21"":3,""22"":2,""3"":48,""4"":25,""5"":94,""6"":18,""7"":112,""8"":105,""9"":164}","{""Diagonal CMA-ES"":{""attempts"":315,""discoveries"":0,""improvements"":1,""insertions"":1,""insertion_rate"":0.0031746031746031746},""Immigrant"":{""attempts"":137,""discoveries"":0,""improvements"":0,""insertions"":0,""insertion_rate"":0.0},""Morphology"":{""attempts"":288,""discoveries"":0,""improvements"":4,""insertions"":4,""insertion_rate"":0.013888888888888888},""Novelty"":{""attempts"":260,""discoveries"":0,""improvements"":2,""insertions"":2,""insertion_rate"":0.007692307692307693}}","{""Morphology"":197,""Novelty"":29}",0,0.8666666666666667,false,33000
38,63,64000,1.57860542,0.038486412000000005,0.02892744,0.003672326,0.005886646,1.8178860700000001,43.24528,12.830177,2594.0463679973036,184,0.9583333,38,4.283603784373583,0,0.0,"{""4"":10,""5"":65,""6"":59,""7"":28,""8"":19,""9"":3}","{""10"":5,""11"":32,""12"":13,""13"":5,""14"":4,""15"":4,""16"":3,""17"":2,""18"":1,""20"":1,""5"":10,""6"":1,""7"":30,""8"":35,""9"":38}",150,5.5423555605833705,42,0.042,"{""10"":3,""3"":42,""4"":134,""5"":228,""6"":268,""7"":224,""8"":78,""9"":23}","{""10"":29,""11"":120,""12"":117,""13"":25,""14"":50,""15"":30,""16"":11,""17"":21,""18"":7,""19"":4,""20"":11,""21"":2,""3"":42,""4"":33,""5"":124,""6"":27,""7"":95,""8"":101,""9"":151}","{""Diagonal CMA-ES"":{""attempts"":294,""discoveries"":0,""improvements"":1,""insertions"":1,""insertion_rate"":0.003401360544217687},""Immigrant"":{""attempts"":145,""discoveries"":0,""improvements"":0,""insertions"":0,""insertion_rate"":0.0},""Morphology"":{""attempts"":296,""discoveries"":0,""improvements"":3,""insertions"":3,""insertion_rate"":0.010135135135135136},""Novelty"":{""attempts"":265,""discoveries"":0,""improvements"":0,""insertions"":0,""insertion_rate"":0.0}}","{""Morphology"":204,""Novelty"":33}",1,0.8666666666666667,false,34000
38,64,65000,1.615061546,0.036456126,0.028137884,0.002978942,0.0053393,1.861848321,43.24528,12.870827,2610.2236691657454,184,0.9583333,37,4.267750422872076,0,0.0,"{""4"":9,""5"":64,""6"":63,""7"":27,""8"":18,""9"":3}","{""10"":5,""11"":33,""12"":12,""13"":5,""14"":4,""15"":4,""16"":2,""17"":2,""18"":1,""20"":1,""5"":9,""6"":1,""7"":29,""8"":35,""9"":41}",150,5.643280527273911,51,0.051,"{""3"":51,""4"":72,""5"":245,""6"":328,""7"":196,""8"":85,""9"":23}","{""10"":47,""11"":142,""12"":84,""13"":22,""14"":51,""15"":26,""16"":15,""17"":15,""18"":5,""19"":5,""20"":3,""21"":1,""22"":3,""3"":51,""4"":25,""5"":74,""6"":21,""7"":110,""8"":117,""9"":183}","{""Diagonal CMA-ES"":{""attempts"":315,""discoveries"":0,""improvements"":1,""insertions"":1,""insertion_rate"":0.0031746031746031746},""Immigrant"":{""attempts"":155,""discoveries"":0,""improvements"":0,""insertions"":0,""insertion_rate"":0.0},""Morphology"":{""attempts"":310,""discoveries"":0,""improvements"":6,""insertions"":6,""insertion_rate"":0.01935483870967742},""Novelty"":{""attempts"":220,""discoveries"":0,""improvements"":0,""insertions"":0,""insertion_rate"":0.0}}","{""Morphology"":213,""Novelty"":27}",0,0.8679245283018868,false,35000
38,65,66000,1.653004175,0.037942629,0.029342996,0.003100047,0.005499586,1.9077280669999999,43.24528,12.870827,2617.555564785376,184,0.9583333,36,4.262232489038618,0,0.0,"{""4"":9,""5"":63,""6"":64,""7"":27,""8"":18,""9"":3}","{""10"":4,""11"":34,""12"":12,""13"":5,""14"":5,""15"":4,""16"":2,""17"":2,""18"":1,""20"":1,""5"":9,""6"":1,""7"":29,""8"":34,""9"":41}",144,5.435518398162815,46,0.046,"{""10"":1,""3"":46,""4"":65,""5"":231,""6"":378,""7"":188,""8"":68,""9"":23}","{""10"":33,""11"":166,""12"":92,""13"":20,""14"":36,""15"":27,""16"":13,""17"":18,""18"":5,""19"":4,""20"":4,""21"":2,""22"":3,""3"":46,""4"":28,""5"":53,""6"":14,""7"":114,""8"":105,""9"":217}","{""Diagonal CMA-ES"":{""attempts"":306,""discoveries"":0,""improvements"":0,""insertions"":0,""insertion_rate"":0.0},""Immigrant"":{""attempts"":133,""discoveries"":0,""improvements"":0,""insertions"":0,""insertion_rate"":0.0},""Morphology"":{""attempts"":305,""discoveries"":0,""improvements"":4,""insertions"":4,""insertion_rate"":0.013114754098360656},""Novelty"":{""attempts"":256,""discoveries"":0,""improvements"":1,""insertions"":1,""insertion_rate"":0.00390625}}","{""Morphology"":208,""Novelty"":22}",0,0.8679245283018868,false,36000
38,66,67000,1.691156956,0.038152781000000004,0.028976119,0.003040682,0.00613598,1.95502189,43.24528,13.0120535,2635.2929442767054,184,0.9583333,34,4.234732329553185,0,0.0,"{""10"":1,""4"":8,""5"":63,""6"":65,""7"":27,""8"":19,""9"":1}","{""10"":4,""11"":35,""12"":12,""13"":6,""14"":5,""15"":4,""16"":1,""17"":2,""20"":1,""21"":1,""5"":8,""7"":29,""8"":35,""9"":41}",156,5.494390005184587,42,0.042,"{""10"":1,""3"":42,""4"":63,""5"":277,""6"":343,""7"":182,""8"":70,""9"":22}","{""10"":39,""11"":132,""12"":73,""13"":20,""14"":47,""15"":35,""16"":9,""17"":16,""18"":8,""19"":2,""20"":4,""21"":3,""22"":1,""3"":42,""4"":26,""5"":57,""6"":22,""7"":101,""8"":153,""9"":210}","{""Diagonal CMA-ES"":{""attempts"":285,""discoveries"":0,""improvements"":0,""insertions"":0,""insertion_rate"":0.0},""Immigrant"":{""attempts"":131,""discoveries"":0,""improvements"":0,""insertions"":0,""insertion_rate"":0.0},""Morphology"":{""attempts"":311,""discoveries"":0,""improvements"":3,""insertions"":3,""insertion_rate"":0.00964630225080386},""Novelty"":{""attempts"":273,""discoveries"":0,""improvements"":2,""insertions"":2,""insertion_rate"":0.007326007326007326}}","{""Morphology"":209,""Novelty"":39}",1,0.8691588785046729,false,37000
38,67,68000,1.728507121,0.037350165000000005,0.028688792,0.003073927,0.005587446,2.000223685,43.24528,13.195899,2651.457805717364,184,0.9583333,35,4.299880646258226,0,0.0,"{""10"":1,""4"":8,""5"":60,""6"":66,""7"":28,""8"":20,""9"":1}","{""10"":4,""11"":37,""12"":12,""13"":7,""14"":6,""15"":4,""16"":1,""17"":2,""20"":1,""21"":1,""5"":8,""7"":28,""8"":33,""9"":40}",147,5.5155044955382335,50,0.05,"{""10"":3,""3"":50,""4"":70,""5"":274,""6"":302,""7"":204,""8"":80,""9"":17}","{""10"":43,""11"":134,""12"":85,""13"":23,""14"":61,""15"":36,""16"":4,""17"":16,""18"":2,""19"":1,""20"":8,""21"":5,""22"":2,""3"":50,""4"":38,""5"":47,""6"":24,""7"":148,""8"":104,""9"":169}","{""Diagonal CMA-ES"":{""attempts"":293,""discoveries"":0,""improvements"":0,""insertions"":0,""insertion_rate"":0.0},""Immigrant"":{""attempts"":153,""discoveries"":0,""improvements"":0,""insertions"":0,""insertion_rate"":0.0},""Morphology"":{""attempts"":302,""discoveries"":0,""improvements"":4,""insertions"":4,""insertion_rate"":0.013245033112582781},""Novelty"":{""attempts"":252,""discoveries"":0,""improvements"":2,""insertions"":2,""insertion_rate"":0.007936507936507936}}","{""Morphology"":201,""Novelty"":32}",1,0.8691588785046729,false,38000
38,68,69000,1.766100682,0.037593561,0.027865991,0.003130917,0.006596653,2.045405297,43.24528,13.195899,2657.8865357059985,185,0.9635417,36,4.324498195741913,0,0.0,"{""10"":1,""4"":8,""5"":59,""6"":66,""7"":29,""8"":21,""9"":1}","{""10"":4,""11"":38,""12"":12,""13"":7,""14"":7,""15"":4,""16"":1,""17"":2,""20"":1,""21"":1,""5"":8,""7"":28,""8"":32,""9"":40}",145,5.416276943304922,45,0.045,"{""10"":3,""11"":1,""3"":45,""4"":69,""5"":303,""6"":319,""7"":181,""8"":63,""9"":16}","{""10"":30,""11"":135,""12"":76,""13"":22,""14"":58,""15"":30,""16"":10,""17"":12,""18"":3,""19"":1,""20"":3,""21"":4,""22"":2,""3"":45,""4"":34,""5"":60,""6"":19,""7"":136,""8"":135,""9"":185}","{""Diagonal CMA-ES"":{""attempts"":321,""discoveries"":1,""improvements"":0,""insertions"":1,""insertion_rate"":0.003115264797507788},""Immigrant"":{""attempts"":151,""discoveries"":0,""improvements"":0,""insertions"":0,""insertion_rate"":0.0},""Morphology"":{""attempts"":285,""discoveries"":0,""improvements"":2,""insertions"":2,""insertion_rate"":0.007017543859649123},""Novelty"":{""attempts"":243,""discoveries"":0,""improvements"":2,""insertions"":2,""insertion_rate"":0.00823045267489712}}","{""Morphology"":189,""Novelty"":33}",1,0.8691588785046729,false,39000
38,69,70000,1.8030293530000001,0.036928671,0.028235242,0.003028809,0.00566462,2.090374381,43.24528,13.399437,2688.484651150182,185,0.9635417,37,4.348152311167471,0,0.0,"{""10"":1,""4"":7,""5"":58,""6"":68,""7"":30,""8"":20,""9"":1}","{""10"":4,""11"":40,""12"":13,""13"":7,""14"":7,""15"":3,""16"":1,""17"":2,""20"":1,""21"":1,""5"":7,""7"":27,""8"":32,""9"":40}",154,5.552926578652588,47,0.047,"{""10"":1,""3"":47,""4"":51,""5"":205,""6"":321,""7"":170,""8"":167,""9"":38}","{""10"":31,""11"":218,""12"":74,""13"":31,""14"":58,""15"":31,""16"":6,""17"":17,""18"":1,""19"":5,""20"":7,""21"":2,""22"":2,""3"":47,""4"":30,""5"":41,""6"":12,""7"":95,""8"":99,""9"":193}","{""Diagonal CMA-ES"":{""attempts"":301,""discoveries"":0,""improvements"":0,""insertions"":0,""insertion_rate"":0.0},""Immigrant"":{""attempts"":125,""discoveries"":0,""improvements"":0,""insertions"":0,""insertion_rate"":0.0},""Morphology"":{""attempts"":341,""discoveries"":0,""improvements"":9,""insertions"":9,""insertion_rate"":0.026392961876832845},""Novelty"":{""attempts"":233,""discoveries"":0,""improvements"":0,""insertions"":0,""insertion_rate"":0.0}}","{""Morphology"":228,""Novelty"":31}",1,0.8703703703703703,false,40000
38,70,71000,1.8459598380000002,0.042930485000000004,0.033435627,0.004093819,0.005401039,2.140699387,43.24528,13.399437,2696.9766589868814,185,0.9635417,39,4.3985025367053385,0,0.0,"{""10"":1,""4"":7,""5"":58,""6"":67,""7"":31,""8"":19,""9"":2}","{""10"":4,""11"":39,""12"":13,""13"":8,""14"":8,""15"":3,""16"":1,""17"":2,""20"":1,""21"":1,""5"":7,""7"":27,""8"":32,""9"":39}",171,5.601589888410466,49,0.049,"{""11"":1,""3"":49,""4"":51,""5"":236,""6"":299,""7"":169,""8"":162,""9"":33}","{""10"":30,""11"":222,""12"":84,""13"":31,""14"":45,""15"":29,""16"":9,""17"":21,""18"":1,""20"":4,""21"":3,""22"":1,""24"":1,""3"":49,""4"":27,""5"":48,""6"":25,""7"":90,""8"":118,""9"":162}","{""Diagonal CMA-ES"":{""attempts"":293,""discoveries"":0,""improvements"":0,""insertions"":0,""insertion_rate"":0.0},""Immigrant"":{""attempts"":150,""discoveries"":0,""improvements"":0,""insertions"":0,""insertion_rate"":0.0},""Morphology"":{""attempts"":304,""discoveries"":0,""improvements"":5,""insertions"":5,""insertion_rate"":0.01644736842105263},""Novelty"":{""attempts"":253,""discoveries"":0,""improvements"":0,""insertions"":0,""insertion_rate"":0.0}}","{""Morphology"":202,""Novelty"":35}",2,0.8715596330275229,false,41000
38,71,72000,1.8868647860000003,0.040904948,0.031814959,0.003180784,0.005909205,2.189818094,43.24528,13.458466,2705.7406486738473,185,0.9635417,39,4.3985025367053385,0,0.0,"{""10"":1,""4"":7,""5"":58,""6"":67,""7"":31,""8"":19,""9"":2}","{""10"":4,""11"":39,""12"":13,""13"":8,""14"":8,""15"":3,""16"":1,""17"":2,""20"":1,""21"":1,""5"":7,""7"":27,""8"":32,""9"":39}",154,5.6023853988127845,49,0.049,"{""10"":1,""11"":1,""3"":49,""4"":53,""5"":214,""6"":363,""7"":220,""8"":77,""9"":22}","{""10"":37,""11"":174,""12"":91,""13"":34,""14"":65,""15"":29,""16"":5,""17"":18,""18"":8,""19"":1,""20"":4,""21"":2,""22"":1,""24"":1,""3"":49,""4"":30,""5"":44,""6"":14,""7"":104,""8"":95,""9"":194}","{""Diagonal CMA-ES"":{""attempts"":307,""discoveries"":0,""improvements"":0,""insertions"":0,""insertion_rate"":0.0},""Immigrant"":{""attempts"":133,""discoveries"":0,""improvements"":0,""insertions"":0,""insertion_rate"":0.0},""Morphology"":{""attempts"":306,""discoveries"":0,""improvements"":4,""insertions"":4,""insertion_rate"":0.013071895424836602},""Novelty"":{""attempts"":254,""discoveries"":0,""improvements"":0,""insertions"":0,""insertion_rate"":0.0}}","{""Morphology"":205,""Novelty"":31}",0,0.8727272727272727,false,42000
38,72,73000,1.9253274520000003,0.038462666000000006,0.029937834,0.002994377,0.005530455,2.236126456,43.24528,13.458466,2718.864598678425,185,0.9635417,40,4.405912317877822,0,0.0,"{""10"":1,""4"":7,""5"":58,""6"":67,""7"":31,""8"":19,""9"":2}","{""10"":4,""11"":38,""12"":13,""13"":8,""14"":8,""15"":3,""16"":1,""17"":1,""20"":2,""21"":1,""5"":7,""7"":27,""8"":32,""9"":40}",150,5.571648571779177,43,0.043,"{""10"":2,""3"":43,""4"":75,""5"":256,""6"":319,""7"":204,""8"":81,""9"":20}","{""10"":26,""11"":173,""12"":65,""13"":38,""14"":82,""15"":32,""16"":10,""17"":12,""18"":2,""19"":5,""20"":5,""21"":1,""25"":1,""3"":43,""4"":36,""5"":58,""6"":24,""7"":117,""8"":118,""9"":152}","{""Diagonal CMA-ES"":{""attempts"":303,""discoveries"":0,""improvements"":0,""insertions"":0,""insertion_rate"":0.0},""Immigrant"":{""attempts"":156,""discoveries"":0,""improvements"":0,""insertions"":0,""insertion_rate"":0.0},""Morphology"":{""attempts"":286,""discoveries"":0,""improvements"":7,""insertions"":7,""insertion_rate"":0.024475524475524476},""Novelty"":{""attempts"":255,""discoveries"":0,""improvements"":2,""insertions"":2,""insertion_rate"":0.00784313725490196}}","{""Morphology"":183,""Novelty"":27}",1,0.8738738738738738,false,43000
38,73,74000,1.9605618430000002,0.035234391,0.026957705,0.002739107,0.005537579,2.278920402,43.24528,13.458466,2737.0496191252023,185,0.9635417,39,4.392755127056263,0,0.0,"{""10"":1,""4"":7,""5"":59,""6"":65,""7"":31,""8"":20,""9"":2}","{""10"":4,""11"":38,""12"":13,""13"":8,""14"":8,""15"":4,""16"":1,""17"":1,""20"":2,""21"":1,""5"":7,""7"":28,""8"":32,""9"":38}",158,5.588395623784562,50,0.05,"{""10"":4,""3"":50,""4"":65,""5"":210,""6"":344,""7"":207,""8"":101,""9"":19}","{""10"":38,""11"":178,""12"":85,""13"":37,""14"":65,""15"":27,""16"":12,""17"":25,""18"":4,""19"":6,""20"":6,""21"":4,""22"":1,""24"":1,""3"":50,""4"":25,""5"":61,""6"":11,""7"":107,""8"":91,""9"":166}","{""Diagonal CMA-ES"":{""attempts"":329,""discoveries"":0,""improvements"":0,""insertions"":0,""insertion_rate"":0.0},""Immigrant"":{""attempts"":132,""discoveries"":0,""improvements"":0,""insertions"":0,""insertion_rate"":0.0},""Morphology"":{""attempts"":288,""discoveries"":0,""improvements"":5,""insertions"":5,""insertion_rate"":0.017361111111111112},""Novelty"":{""attempts"":251,""discoveries"":0,""improvements"":0,""insertions"":0,""insertion_rate"":0.0}}","{""Morphology"":186,""Novelty"":34}",0,0.8761061946902655,false,44000
38,74,75000,1.9989722680000002,0.038410425,0.029570958,0.003554784,0.005284683,2.325352243,43.24528,13.5936,2749.1653343904763,185,0.9635417,41,4.4311893790872,0,0.0,"{""10"":1,""4"":6,""5"":59,""6"":63,""7"":34,""8"":20,""9"":2}","{""10"":5,""11"":37,""12"":14,""13"":8,""14"":9,""15"":4,""16"":1,""17"":1,""20"":2,""21"":1,""5"":6,""7"":28,""8"":32,""9"":37}",149,5.676639235466621,51,0.051,"{""10"":1,""11"":1,""3"":51,""4"":84,""5"":264,""6"":285,""7"":202,""8"":91,""9"":21}","{""10"":48,""11"":177,""12"":68,""13"":32,""14"":39,""15"":31,""16"":8,""17"":9,""18"":4,""19"":3,""20"":14,""21"":1,""22"":2,""3"":51,""4"":29,""5"":72,""6"":21,""7"":124,""8"":127,""9"":140}","{""Diagonal CMA-ES"":{""attempts"":279,""discoveries"":0,""improvements"":1,""insertions"":1,""insertion_rate"":0.0035842293906810036},""Immigrant"":{""attempts"":145,""discoveries"":0,""improvements"":0,""insertions"":0,""insertion_rate"":0.0},""Morphology"":{""attempts"":304,""discoveries"":0,""improvements"":6,""insertions"":6,""insertion_rate"":0.019736842105263157},""Novelty"":{""attempts"":272,""discoveries"":0,""improvements"":0,""insertions"":0,""insertion_rate"":0.0}}","{""Morphology"":203,""Novelty"":35}",2,0.8761061946902655,false,45000
38,75,76000,2.038143754,0.039171486,0.030493492,0.00305493,0.005623064,2.37308418,43.24528,13.852566,2766.8765975702554,185,0.9635417,43,4.479113361430626,0,0.0,"{""10"":1,""4"":6,""5"":59,""6"":61,""7"":35,""8"":21,""9"":2}","{""10"":5,""11"":35,""12"":14,""13"":8,""14"":9,""15"":5,""16"":1,""17"":2,""20"":2,""21"":1,""5"":6,""7"":28,""8"":32,""9"":37}",150,5.630155688283902,45,0.045,"{""10"":4,""3"":45,""4"":76,""5"":244,""6"":307,""7"":210,""8"":96,""9"":18}","{""10"":34,""11"":159,""12"":83,""13"":31,""14"":56,""15"":32,""16"":11,""17"":28,""18"":5,""19"":4,""20"":5,""21"":3,""22"":1,""24"":2,""25"":1,""3"":45,""4"":40,""5"":56,""6"":21,""7"":118,""8"":110,""9"":155}","{""Diagonal CMA-ES"":{""attempts"":296,""discoveries"":0,""improvements"":0,""insertions"":0,""insertion_rate"":0.0},""Immigrant"":{""attempts"":148,""discoveries"":0,""improvements"":0,""insertions"":0,""insertion_rate"":0.0},""Morphology"":{""attempts"":319,""discoveries"":0,""improvements"":8,""insertions"":8,""insertion_rate"":0.025078369905956112},""Novelty"":{""attempts"":237,""discoveries"":0,""improvements"":2,""insertions"":2,""insertion_rate"":0.008438818565400843}}","{""Morphology"":220,""Novelty"":28}",2,0.8771929824561403,false,46000
38,76,77000,2.081959968,0.043816214,0.034404467,0.003326822,0.006084925,2.425169956,43.24528,13.852566,2770.542907850817,185,0.9635417,43,4.503869535867099,0,0.0,"{""10"":1,""4"":6,""5"":58,""6"":62,""7"":35,""8"":20,""9"":3}","{""10"":5,""11"":35,""12"":14,""13"":9,""14"":9,""15"":5,""16"":1,""17"":2,""20"":2,""21"":1,""5"":6,""7"":26,""8"":33,""9"":37}",147,5.555879206282149,45,0.045,"{""10"":3,""3"":45,""4"":64,""5"":262,""6"":315,""7"":185,""8"":102,""9"":24}","{""10"":34,""11"":164,""12"":61,""13"":37,""14"":57,""15"":38,""16"":11,""17"":24,""18"":5,""19"":3,""20"":8,""21"":2,""22"":2,""26"":1,""3"":45,""4"":33,""5"":50,""6"":26,""7"":109,""8"":124,""9"":166}","{""Diagonal CMA-ES"":{""attempts"":308,""discoveries"":0,""improvements"":0,""insertions"":0,""insertion_rate"":0.0},""Immigrant"":{""attempts"":140,""discoveries"":0,""improvements"":0,""insertions"":0,""insertion_rate"":0.0},""Morphology"":{""attempts"":292,""discoveries"":0,""improvements"":6,""insertions"":6,""insertion_rate"":0.02054794520547945},""Novelty"":{""attempts"":260,""discoveries"":0,""improvements"":0,""insertions"":0,""insertion_rate"":0.0}}","{""Morphology"":194,""Novelty"":29}",0,0.8771929824561403,false,47000
38,77,78000,2.119534533,0.037574565000000004,0.029175586,0.002994377,0.005404602,2.470484546,43.24528,13.896763,2790.106837766245,185,0.9635417,43,4.51315009962784,0,0.0,"{""10"":1,""4"":6,""5"":57,""6"":62,""7"":37,""8"":19,""9"":3}","{""10"":5,""11"":35,""12"":15,""13"":7,""14"":9,""15"":7,""16"":1,""17"":2,""20"":2,""21"":1,""5"":6,""7"":26,""8"":32,""9"":37}",149,5.66552586153849,59,0.059,"{""3"":59,""4"":67,""5"":229,""6"":305,""7"":217,""8"":103,""9"":20}","{""10"":45,""11"":175,""12"":71,""13"":29,""14"":55,""15"":46,""16"":14,""17"":22,""18"":5,""19"":3,""20"":8,""21"":3,""3"":59,""4"":37,""5"":47,""6"":16,""7"":96,""8"":120,""9"":149}","{""Diagonal CMA-ES"":{""attempts"":278,""discoveries"":0,""improvements"":0,""insertions"":0,""insertion_rate"":0.0},""Immigrant"":{""attempts"":148,""discoveries"":0,""improvements"":0,""insertions"":0,""insertion_rate"":0.0},""Morphology"":{""attempts"":325,""discoveries"":0,""improvements"":3,""insertions"":3,""insertion_rate"":0.009230769230769232},""Novelty"":{""attempts"":249,""discoveries"":0,""improvements"":0,""insertions"":0,""insertion_rate"":0.0}}","{""Morphology"":218,""Novelty"":32}",1,0.8793103448275862,false,48000
38,78,79000,2.1551037429999997,0.03556921,0.026920898,0.003016936,0.005631376,2.51419034,43.24528,14.0904455,2843.830779807642,185,0.9635417,44,4.538463042643473,0,0.0,"{""10"":1,""4"":6,""5"":55,""6"":62,""7"":37,""8"":19,""9"":5}","{""10"":5,""11"":34,""12"":14,""13"":7,""14"":10,""15"":7,""16"":1,""17"":2,""18"":2,""20"":2,""21"":1,""5"":6,""7"":25,""8"":31,""9"":38}",161,5.70589982423856,47,0.047,"{""11"":1,""3"":47,""4"":62,""5"":222,""6"":318,""7"":205,""8"":127,""9"":18}","{""10"":34,""11"":179,""12"":81,""13"":33,""14"":52,""15"":70,""16"":10,""17"":19,""18"":6,""19"":3,""20"":4,""21"":3,""23"":1,""3"":47,""4"":36,""5"":47,""6"":25,""7"":80,""8"":115,""9"":155}","{""Diagonal CMA-ES"":{""attempts"":299,""discoveries"":0,""improvements"":0,""insertions"":0,""insertion_rate"":0.0},""Immigrant"":{""attempts"":146,""discoveries"":0,""improvements"":0,""insertions"":0,""insertion_rate"":0.0},""Morphology"":{""attempts"":309,""discoveries"":0,""improvements"":10,""insertions"":10,""insertion_rate"":0.032362459546925564},""Novelty"":{""attempts"":246,""discoveries"":0,""improvements"":2,""insertions"":2,""insertion_rate"":0.008130081300813009}}","{""Morphology"":204,""Novelty"":34}",1,0.8813559322033898,false,49000
38,79,80000,2.1940674509999996,0.038963708,0.028594995,0.003040681,0.007328032,2.560898823,43.24528,14.18416,2869.7166078258306,185,0.9635417,45,4.569880860268058,0,0.0,"{""10"":2,""4"":6,""5"":54,""6"":60,""7"":39,""8"":18,""9"":6}","{""10"":5,""11"":33,""12"":14,""13"":6,""14"":11,""15"":7,""16"":1,""17"":2,""18"":3,""20"":2,""21"":2,""5"":6,""7"":25,""8"":30,""9"":38}",149,5.514233238259633,43,0.043,"{""10"":11,""3"":43,""4"":63,""5"":263,""6"":320,""7"":190,""8"":90,""9"":20}","{""10"":29,""11"":136,""12"":81,""13"":24,""14"":61,""15"":35,""16"":6,""17"":20,""18"":11,""19"":7,""20"":6,""21"":8,""22"":1,""23"":1,""24"":1,""3"":43,""4"":27,""5"":58,""6"":14,""7"":98,""8"":149,""9"":184}","{""Diagonal CMA-ES"":{""attempts"":301,""discoveries"":0,""improvements"":0,""insertions"":0,""insertion_rate"":0.0},""Immigrant"":{""attempts"":130,""discoveries"":0,""improvements"":0,""insertions"":0,""insertion_rate"":0.0},""Morphology"":{""attempts"":320,""discoveries"":0,""improvements"":5,""insertions"":5,""insertion_rate"":0.015625},""Novelty"":{""attempts"":249,""discoveries"":0,""improvements"":1,""insertions"":1,""insertion_rate"":0.004016064257028112}}","{""Morphology"":199,""Novelty"":25}",1,0.8813559322033898,false,50000
38,80,81000,2.2338539599999994,0.039786509000000005,0.030878177,0.00309886,0.005809472,2.6094405,43.24528,14.0904455,2888.571002230048,186,0.96875,45,4.576073088960478,0,0.0,"{""10"":2,""4"":6,""5"":55,""6"":58,""7"":39,""8"":20,""9"":6}","{""10"":5,""11"":32,""12"":14,""13"":6,""14"":11,""15"":7,""16"":1,""17"":3,""18"":3,""20"":1,""21"":3,""5"":6,""7"":25,""8"":31,""9"":38}",165,5.844464496570842,50,0.05,"{""10"":13,""11"":1,""3"":50,""4"":84,""5"":241,""6"":276,""7"":194,""8"":104,""9"":37}","{""10"":57,""11"":165,""12"":61,""13"":23,""14"":28,""15"":36,""16"":11,""17"":19,""18"":7,""19"":6,""20"":20,""21"":9,""22"":2,""23"":1,""24"":3,""25"":2,""26"":3,""3"":50,""4"":34,""5"":68,""6"":17,""7"":100,""8"":118,""9"":160}","{""Diagonal CMA-ES"":{""attempts"":290,""discoveries"":0,""improvements"":1,""insertions"":1,""insertion_rate"":0.0034482758620689655},""Immigrant"":{""attempts"":141,""discoveries"":0,""improvements"":0,""insertions"":0,""insertion_rate"":0.0},""Morphology"":{""attempts"":330,""discoveries"":0,""improvements"":5,""insertions"":5,""insertion_rate"":0.015151515151515152},""Novelty"":{""attempts"":239,""discoveries"":1,""improvements"":0,""insertions"":1,""insertion_rate"":0.0041841004184100415}}","{""Morphology"":215,""Novelty"":27}",1,0.8823529411764706,false,51000
38,81,82000,2.2697425539999996,0.035888594,0.028839579,0.003314948,0.003734067,2.652463596,43.24528,14.0904455,2911.0997721999884,186,0.96875,45,4.557688029387833,0,0.0,"{""10"":2,""11"":1,""4"":5,""5"":57,""6"":58,""7"":37,""8"":20,""9"":6}","{""10"":5,""11"":31,""12"":13,""13"":6,""14"":11,""15"":8,""16"":1,""17"":3,""18"":3,""21"":3,""24"":1,""5"":5,""7"":27,""8"":31,""9"":38}",169,5.621638900794759,44,0.044,"{""10"":11,""11"":2,""3"":44,""4"":66,""5"":255,""6"":231,""7"":175,""8"":161,""9"":55}","{""10"":25,""11"":222,""12"":73,""13"":20,""14"":58,""15"":36,""16"":12,""17"":18,""18"":20,""19"":8,""20"":2,""21"":12,""22"":2,""24"":2,""25"":1,""3"":44,""4"":41,""5"":45,""6"":25,""7"":95,""8"":127,""9"":112}","{""Diagonal CMA-ES"":{""attempts"":291,""discoveries"":0,""improvements"":2,""insertions"":2,""insertion_rate"":0.006872852233676976},""Immigrant"":{""attempts"":163,""discoveries"":0,""improvements"":0,""insertions"":0,""insertion_rate"":0.0},""Morphology"":{""attempts"":306,""discoveries"":0,""improvements"":4,""insertions"":4,""insertion_rate"":0.013071895424836602},""Novelty"":{""attempts"":240,""discoveries"":0,""improvements"":0,""insertions"":0,""insertion_rate"":0.0}}","{""Morphology"":198,""Novelty"":29}",2,0.8833333333333333,false,52000
38,82,83000,2.3075106489999997,0.037768095,0.031024216,0.001712091,0.005031788,2.695466507,43.24528,14.0904455,2917.073375850916,186,0.96875,46,4.564194365914701,0,0.0,"{""10"":3,""11"":1,""4"":5,""5"":57,""6"":58,""7"":38,""8"":18,""9"":6}","{""10"":5,""11"":30,""12"":13,""13"":7,""14"":12,""15"":8,""16"":1,""17"":2,""18"":2,""21"":4,""24"":1,""5"":5,""7"":27,""8"":31,""9"":38}",154,5.526236061826543,57,0.057,"{""10"":12,""11"":3,""3"":57,""4"":64,""5"":211,""6"":278,""7"":175,""8"":165,""9"":35}","{""10"":30,""11"":231,""12"":81,""13"":25,""14"":54,""15"":26,""16"":7,""17"":13,""18"":15,""19"":15,""20"":1,""21"":7,""22"":2,""23"":1,""24"":3,""25"":2,""3"":57,""4"":43,""5"":32,""6"":24,""7"":92,""8"":100,""9"":139}","{""Diagonal CMA-ES"":{""attempts"":315,""discoveries"":0,""improvements"":0,""insertions"":0,""insertion_rate"":0.0},""Immigrant"":{""attempts"":153,""discoveries"":0,""improvements"":0,""insertions"":0,""insertion_rate"":0.0},""Morphology"":{""attempts"":281,""discoveries"":0,""improvements"":4,""insertions"":4,""insertion_rate"":0.014234875444839857},""Novelty"":{""attempts"":251,""discoveries"":0,""improvements"":2,""insertions"":2,""insertion_rate"":0.00796812749003984}}","{""Morphology"":189,""Novelty"":20}",1,0.8842975206611571,false,53000
38,83,84000,2.3451077729999996,0.037597124,0.029885593,0.003070365,0.004641166,2.740043782,43.24528,14.323255,2943.1844205856323,186,0.96875,47,4.592453388730492,0,0.0,"{""10"":3,""11"":1,""4"":5,""5"":55,""6"":60,""7"":38,""8"":17,""9"":7}","{""10"":5,""11"":29,""12"":13,""13"":7,""14"":14,""15"":8,""16"":1,""17"":2,""18"":2,""21"":4,""24"":1,""5"":5,""7"":26,""8"":30,""9"":39}",166,5.653835385000678,45,0.045,"{""10"":75,""11"":9,""12"":1,""3"":45,""4"":66,""5"":225,""6"":265,""7"":152,""8"":126,""9"":36}","{""10"":29,""11"":165,""12"":67,""13"":22,""14"":50,""15"":29,""16"":10,""17"":18,""18"":12,""19"":5,""20"":2,""21"":74,""22"":10,""23"":1,""24"":2,""25"":3,""26"":1,""3"":45,""4"":42,""5"":43,""6"":17,""7"":97,""8"":112,""9"":144}","{""Diagonal CMA-ES"":{""attempts"":287,""discoveries"":0,""improvements"":0,""insertions"":0,""insertion_rate"":0.0},""Immigrant"":{""attempts"":145,""discoveries"":0,""improvements"":0,""insertions"":0,""insertion_rate"":0.0},""Morphology"":{""attempts"":296,""discoveries"":0,""improvements"":5,""insertions"":5,""insertion_rate"":0.016891891891891893},""Novelty"":{""attempts"":272,""discoveries"":0,""improvements"":0,""insertions"":0,""insertion_rate"":0.0}}","{""Morphology"":193,""Novelty"":33}",1,0.8852459016393442,false,54000
38,84,85000,2.3854736839999995,0.040365911,0.031063396,0.003297139,0.006005376,2.789231352,43.24528,14.559792,2973.688559502363,186,0.96875,49,4.627739481305777,0,0.0,"{""10"":4,""11"":3,""4"":5,""5"":53,""6"":61,""7"":38,""8"":15,""9"":7}","{""10"":5,""11"":29,""12"":13,""13"":6,""14"":14,""15"":7,""16"":1,""17"":2,""18"":2,""21"":5,""22"":1,""24"":2,""5"":5,""7"":26,""8"":28,""9"":40}",163,5.674488038441896,46,0.046,"{""10"":26,""11"":10,""3"":46,""4"":54,""5"":242,""6"":296,""7"":158,""8"":68,""9"":100}","{""10"":21,""11"":120,""12"":78,""13"":35,""14"":107,""15"":27,""16"":12,""17"":21,""18"":8,""19"":9,""20"":2,""21"":19,""22"":5,""24"":6,""25"":1,""26"":1,""28"":1,""3"":46,""4"":30,""5"":43,""6"":17,""7"":111,""8"":124,""9"":156}","{""Diagonal CMA-ES"":{""attempts"":315,""discoveries"":0,""improvements"":1,""insertions"":1,""insertion_rate"":0.0031746031746031746},""Immigrant"":{""attempts"":134,""discoveries"":0,""improvements"":0,""insertions"":0,""insertion_rate"":0.0},""Morphology"":{""attempts"":303,""discoveries"":0,""improvements"":5,""insertions"":5,""insertion_rate"":0.0165016501650165},""Novelty"":{""attempts"":248,""discoveries"":0,""improvements"":1,""insertions"":1,""insertion_rate"":0.004032258064516129}}","{""Morphology"":208,""Novelty"":28}",3,0.8870967741935484,false,55000
38,85,86000,2.4242343619999995,0.038760678,0.031942,0.002038598,0.00478008,2.833987909,43.24528,14.559792,2995.369590252638,186,0.96875,48,4.630173799414923,0,0.0,"{""10"":6,""11"":3,""4"":5,""5"":52,""6"":62,""7"":36,""8"":15,""9"":7}","{""10"":5,""11"":29,""12"":12,""13"":4,""14"":13,""15"":8,""16"":1,""17"":3,""18"":2,""21"":7,""22"":1,""24"":2,""5"":5,""7"":26,""8"":27,""9"":41}",158,5.736202765069587,50,0.05,"{""10"":37,""11"":53,""12"":13,""3"":50,""4"":55,""5"":231,""6"":287,""7"":183,""8"":73,""9"":18}","{""10"":27,""11"":138,""12"":76,""13"":19,""14"":39,""15"":42,""16"":10,""17"":16,""18"":7,""19"":7,""21"":38,""22"":49,""23"":7,""24"":6,""25"":2,""26"":1,""29"":2,""3"":50,""30"":4,""4"":33,""5"":43,""6"":17,""7"":101,""8"":110,""9"":156}","{""Diagonal CMA-ES"":{""attempts"":280,""discoveries"":0,""improvements"":0,""insertions"":0,""insertion_rate"":0.0},""Immigrant"":{""attempts"":138,""discoveries"":0,""improvements"":0,""insertions"":0,""insertion_rate"":0.0},""Morphology"":{""attempts"":300,""discoveries"":0,""improvements"":7,""insertions"":7,""insertion_rate"":0.023333333333333334},""Novelty"":{""attempts"":282,""discoveries"":0,""improvements"":0,""insertions"":0,""insertion_rate"":0.0}}","{""Morphology"":209,""Novelty"":33}",0,0.888,false,56000
38,86,87000,2.4675245999999995,0.043290237999999995,0.0331483,0.003029996,0.007111942,2.888005426,43.24528,14.559792,3001.3483843505383,186,0.96875,48,4.626855053941554,0,0.0,"{""10"":5,""11"":5,""4"":5,""5"":52,""6"":63,""7"":34,""8"":15,""9"":7}","{""10"":5,""11"":30,""12"":11,""13"":4,""14"":12,""15"":8,""16"":1,""17"":3,""18"":2,""21"":6,""22"":2,""24"":3,""5"":5,""7"":26,""8"":27,""9"":41}",168,5.796075672641468,50,0.05,"{""10"":50,""11"":22,""12"":3,""3"":50,""4"":61,""5"":223,""6"":278,""7"":195,""8"":68,""9"":50}","{""10"":30,""11"":127,""12"":82,""13"":14,""14"":68,""15"":20,""16"":6,""17"":23,""18"":31,""19"":4,""20"":4,""21"":49,""22"":15,""23"":4,""24"":10,""25"":5,""27"":3,""29"":1,""3"":50,""4"":35,""5"":47,""6"":21,""7"":101,""8"":99,""9"":151}","{""Diagonal CMA-ES"":{""attempts"":300,""discoveries"":0,""improvements"":0,""insertions"":0,""insertion_rate"":0.0},""Immigrant"":{""attempts"":150,""discoveries"":0,""improvements"":0,""insertions"":0,""insertion_rate"":0.0},""Morphology"":{""attempts"":309,""discoveries"":0,""improvements"":3,""insertions"":3,""insertion_rate"":0.009708737864077669},""Novelty"":{""attempts"":241,""discoveries"":0,""improvements"":0,""insertions"":0,""insertion_rate"":0.0}}","{""Morphology"":201,""Novelty"":31}",2,0.8888888888888888,false,57000
38,87,88000,2.5130612149999996,0.045536614999999996,0.035712873,0.00335413,0.006469612,2.942572665,43.24528,14.640808,3026.215548723936,186,0.96875,48,4.646385414432928,0,0.0,"{""10"":4,""11"":6,""4"":5,""5"":52,""6"":63,""7"":34,""8"":15,""9"":7}","{""10"":5,""11"":31,""12"":12,""13"":4,""14"":11,""15"":8,""16"":1,""17"":3,""18"":2,""21"":5,""22"":3,""24"":3,""5"":5,""7"":26,""8"":27,""9"":40}",154,5.723241016227683,51,0.051,"{""10"":34,""11"":21,""12"":6,""3"":51,""4"":81,""5"":226,""6"":299,""7"":193,""8"":65,""9"":24}","{""10"":43,""11"":145,""12"":83,""13"":17,""14"":50,""15"":24,""16"":7,""17"":21,""18"":12,""19"":1,""20"":1,""21"":39,""22"":13,""24"":13,""25"":3,""27"":1,""28"":1,""3"":51,""31"":1,""4"":43,""5"":59,""6"":19,""7"":97,""8"":108,""9"":148}","{""Diagonal CMA-ES"":{""attempts"":299,""discoveries"":0,""improvements"":0,""insertions"":0,""insertion_rate"":0.0},""Immigrant"":{""attempts"":160,""discoveries"":0,""improvements"":0,""insertions"":0,""insertion_rate"":0.0},""Morphology"":{""attempts"":300,""discoveries"":0,""improvements"":4,""insertions"":4,""insertion_rate"":0.013333333333333334},""Novelty"":{""attempts"":241,""discoveries"":0,""improvements"":0,""insertions"":0,""insertion_rate"":0.0}}","{""Morphology"":211,""Novelty"":33}",1,0.8914728682170543,false,58000
38,88,89000,2.5561116179999996,0.043050402999999994,0.035936086,0.002108649,0.005005668,2.9934652010000002,43.24528,14.734593,3055.587972074747,186,0.96875,50,4.674584943991192,0,0.0,"{""10"":4,""11"":7,""12"":2,""4"":5,""5"":52,""6"":63,""7"":33,""8"":13,""9"":7}","{""10"":5,""11"":30,""12"":12,""13"":4,""14"":11,""15"":6,""16"":1,""17"":3,""18"":2,""21"":5,""22"":3,""23"":1,""24"":5,""5"":5,""7"":26,""8"":27,""9"":40}",161,5.790652660056099,49,0.049,"{""10"":19,""11"":49,""12"":14,""3"":49,""4"":66,""5"":238,""6"":283,""7"":185,""8"":77,""9"":20}","{""10"":39,""11"":139,""12"":64,""13"":18,""14"":48,""15"":23,""16"":13,""17"":28,""18"":2,""19"":7,""20"":2,""21"":27,""22"":42,""23"":5,""24"":10,""25"":9,""28"":1,""29"":1,""3"":49,""33"":1,""4"":28,""5"":56,""6"":23,""7"":115,""8"":99,""9"":151}","{""Diagonal CMA-ES"":{""attempts"":310,""discoveries"":0,""improvements"":0,""insertions"":0,""insertion_rate"":0.0},""Immigrant"":{""attempts"":151,""discoveries"":0,""improvements"":0,""insertions"":0,""insertion_rate"":0.0},""Morphology"":{""attempts"":280,""discoveries"":0,""improvements"":4,""insertions"":4,""insertion_rate"":0.014285714285714285},""Novelty"":{""attempts"":259,""discoveries"":0,""improvements"":0,""insertions"":0,""insertion_rate"":0.0}}","{""Morphology"":193,""Novelty"":27}",3,0.8914728682170543,false,59000
38,89,90000,2.5993151839999995,0.043203566,0.034339165,0.002994377,0.005870024,3.045136609,43.24528,14.770517,3068.6211613714695,186,0.96875,50,4.66498139384863,0,0.0,"{""10"":4,""11"":8,""12"":2,""4"":5,""5"":51,""6"":64,""7"":33,""8"":13,""9"":6}","{""10"":5,""11"":30,""12"":12,""13"":4,""14"":11,""15"":6,""16"":1,""17"":3,""18"":1,""21"":5,""22"":4,""23"":1,""24"":5,""5"":5,""7"":26,""8"":26,""9"":41}",163,5.681690149625804,51,0.051,"{""10"":17,""11"":37,""12"":16,""13"":1,""3"":51,""4"":57,""5"":245,""6"":302,""7"":183,""8"":78,""9"":13}","{""10"":32,""11"":148,""12"":73,""13"":19,""14"":51,""15"":29,""16"":5,""17"":31,""18"":4,""20"":3,""21"":18,""22"":36,""23"":7,""24"":7,""25"":7,""26"":1,""3"":51,""4"":36,""5"":42,""6"":25,""7"":118,""8"":95,""9"":162}","{""Diagonal CMA-ES"":{""attempts"":305,""discoveries"":0,""improvements"":0,""insertions"":0,""insertion_rate"":0.0},""Immigrant"":{""attempts"":148,""discoveries"":0,""improvements"":0,""insertions"":0,""insertion_rate"":0.0},""Morphology"":{""attempts"":299,""discoveries"":0,""improvements"":3,""insertions"":3,""insertion_rate"":0.010033444816053512},""Novelty"":{""attempts"":248,""discoveries"":0,""improvements"":1,""insertions"":1,""insertion_rate"":0.004032258064516129}}","{""Morphology"":203,""Novelty"":30}",0,0.8931297709923665,false,60000
38,90,91000,2.6414418669999993,0.042126683,0.032240014,0.003192657,0.006694012,3.095209907,43.24528,14.770517,3073.7097271978855,186,0.96875,50,4.675476770596673,0,0.0,"{""10"":5,""11"":7,""12"":2,""4"":5,""5"":50,""6"":64,""7"":34,""8"":13,""9"":6}","{""10"":6,""11"":30,""12"":12,""13"":4,""14"":11,""15"":6,""16"":1,""17"":3,""18"":1,""21"":6,""22"":3,""23"":1,""24"":5,""5"":5,""7"":26,""8"":25,""9"":41}",165,5.517675159940689,43,0.043,"{""10"":12,""11"":39,""12"":16,""13"":1,""3"":43,""4"":74,""5"":222,""6"":338,""7"":169,""8"":68,""9"":18}","{""10"":39,""11"":114,""12"":60,""13"":19,""14"":26,""15"":28,""16"":7,""17"":9,""18"":8,""19"":2,""20"":1,""21"":13,""22"":34,""23"":7,""24"":13,""25"":4,""26"":2,""27"":3,""3"":43,""30"":1,""4"":36,""5"":68,""6"":17,""7"":86,""8"":107,""9"":253}","{""Diagonal CMA-ES"":{""attempts"":326,""discoveries"":0,""improvements"":0,""insertions"":0,""insertion_rate"":0.0},""Immigrant"":{""attempts"":148,""discoveries"":0,""improvements"":0,""insertions"":0,""insertion_rate"":0.0},""Morphology"":{""attempts"":287,""discoveries"":0,""improvements"":3,""insertions"":3,""insertion_rate"":0.010452961672473868},""Novelty"":{""attempts"":239,""discoveries"":0,""improvements"":0,""insertions"":0,""insertion_rate"":0.0}}","{""Morphology"":204,""Novelty"":25}",1,0.8939393939393939,false,61000
38,91,92000,2.6806703439999993,0.039228477000000005,0.033272967,0.002058783,0.003896727,3.139713569,43.24528,14.776619,3110.784061536193,186,0.96875,48,4.652459660575235,0,0.0,"{""10"":5,""11"":7,""12"":3,""4"":5,""5"":50,""6"":65,""7"":33,""8"":14,""9"":4}","{""10"":6,""11"":32,""12"":12,""13"":2,""14"":9,""15"":6,""16"":1,""17"":4,""18"":1,""21"":6,""22"":3,""23"":1,""24"":6,""5"":5,""7"":26,""8"":25,""9"":41}",162,5.797554286151664,51,0.051,"{""10"":14,""11"":15,""12"":17,""13"":1,""3"":51,""4"":82,""5"":256,""6"":268,""7"":202,""8"":73,""9"":21}","{""10"":42,""11"":158,""12"":71,""13"":20,""14"":29,""15"":37,""16"":14,""17"":11,""18"":6,""19"":1,""20"":5,""21"":15,""22"":12,""23"":7,""24"":13,""25"":3,""26"":1,""27"":1,""28"":1,""3"":51,""4"":39,""5"":66,""6"":27,""7"":108,""8"":109,""9"":153}","{""Diagonal CMA-ES"":{""attempts"":293,""discoveries"":0,""improvements"":2,""insertions"":2,""insertion_rate"":0.006825938566552901},""Immigrant"":{""attempts"":161,""discoveries"":0,""improvements"":0,""insertions"":0,""insertion_rate"":0.0},""Morphology"":{""attempts"":305,""discoveries"":0,""improvements"":5,""insertions"":5,""insertion_rate"":0.01639344262295082},""Novelty"":{""attempts"":241,""discoveries"":0,""improvements"":2,""insertions"":2,""insertion_rate"":0.008298755186721992}}","{""Morphology"":206,""Novelty"":35}",0,0.8962962962962963,false,62000
38,92,93000,2.724433129999999,0.043762786,0.036465623,0.002127647,0.005169516,3.190012454,43.24528,14.781687,3125.5472146123648,186,0.96875,47,4.652541179162281,0,0.0,"{""10"":5,""11"":8,""12"":4,""4"":5,""5"":49,""6"":65,""7"":34,""8"":13,""9"":3}","{""10"":6,""11"":33,""12"":12,""13"":2,""14"":9,""15"":6,""16"":1,""17"":3,""21"":6,""22"":4,""23"":1,""24"":6,""27"":1,""5"":5,""7"":25,""8"":25,""9"":41}",174,5.731266810196673,37,0.037,"{""10"":20,""11"":36,""12"":13,""13"":1,""3"":37,""4"":56,""5"":154,""6"":259,""7"":267,""8"":77,""9"":80}","{""10"":48,""11"":102,""12"":75,""13"":70,""14"":133,""15"":30,""16"":5,""17"":36,""18"":10,""19"":6,""20"":5,""21"":20,""22"":28,""23"":4,""24"":9,""25"":7,""27"":3,""28"":1,""3"":37,""30"":1,""4"":36,""5"":38,""6"":22,""7"":75,""8"":65,""9"":134}","{""Diagonal CMA-ES"":{""attempts"":281,""discoveries"":0,""improvements"":0,""insertions"":0,""insertion_rate"":0.0},""Immigrant"":{""attempts"":139,""discoveries"":0,""improvements"":0,""insertions"":0,""insertion_rate"":0.0},""Morphology"":{""attempts"":313,""discoveries"":0,""improvements"":7,""insertions"":7,""insertion_rate"":0.022364217252396165},""Novelty"":{""attempts"":267,""discoveries"":0,""improvements"":0,""insertions"":0,""insertion_rate"":0.0}}","{""Morphology"":224,""Novelty"":31}",1,0.8962962962962963,false,63000
38,93,94000,2.766544377999999,0.042111248000000004,0.032598579,0.002996752,0.006515917,3.242069735,43.24528,14.781687,3135.5661088079214,186,0.96875,47,4.655176797418586,0,0.0,"{""10"":5,""11"":8,""12"":5,""4"":5,""5"":49,""6"":65,""7"":34,""8"":12,""9"":3}","{""10"":6,""11"":33,""12"":12,""13"":2,""14"":9,""15"":5,""16"":1,""17"":3,""21"":6,""22"":3,""23"":1,""24"":7,""27"":2,""5"":5,""7"":25,""8"":25,""9"":41}",177,5.7997365398960765,47,0.047,"{""10"":25,""11"":54,""12"":33,""13"":3,""3"":47,""4"":67,""5"":206,""6"":287,""7"":187,""8"":75,""9"":16}","{""10"":30,""11"":131,""12"":73,""13"":16,""14"":69,""15"":22,""16"":7,""17"":28,""18"":7,""19"":2,""20"":1,""21"":24,""22"":49,""23"":8,""24"":9,""25"":13,""27"":13,""28"":1,""29"":4,""3"":47,""4"":38,""5"":57,""6"":24,""7"":95,""8"":75,""9"":157}","{""Diagonal CMA-ES"":{""attempts"":310,""discoveries"":0,""improvements"":0,""insertions"":0,""insertion_rate"":0.0},""Immigrant"":{""attempts"":161,""discoveries"":0,""improvements"":0,""insertions"":0,""insertion_rate"":0.0},""Morphology"":{""attempts"":295,""discoveries"":0,""improvements"":4,""insertions"":4,""insertion_rate"":0.013559322033898305},""Novelty"":{""attempts"":234,""discoveries"":0,""improvements"":0,""insertions"":0,""insertion_rate"":0.0}}","{""Morphology"":204,""Novelty"":27}",1,0.8970588235294118,false,64000
38,94,95000,2.809869048999999,0.043324670999999995,0.033221913,0.003254397,0.006848361,3.294599562,43.24528,15.060003,3160.694754227996,186,0.96875,47,4.655742198773022,0,0.0,"{""10"":4,""11"":7,""12"":7,""4"":5,""5"":47,""6"":66,""7"":34,""8"":13,""9"":3}","{""10"":6,""11"":34,""12"":12,""13"":2,""14"":9,""15"":5,""16"":1,""17"":4,""21"":5,""22"":2,""23"":1,""24"":7,""27"":4,""5"":5,""7"":24,""8"":24,""9"":41}",162,5.598303450982411,63,0.063,"{""10"":18,""11"":42,""12"":26,""13"":13,""3"":63,""4"":66,""5"":160,""6"":241,""7"":281,""8"":71,""9"":19}","{""10"":18,""11"":106,""12"":218,""13"":28,""14"":34,""15"":23,""16"":9,""17"":22,""18"":11,""19"":3,""20"":5,""21"":19,""22"":30,""23"":1,""24"":15,""25"":5,""26"":1,""27"":18,""28"":9,""3"":63,""30"":4,""31"":1,""4"":41,""5"":49,""6"":17,""7"":74,""8"":61,""9"":115}","{""Diagonal CMA-ES"":{""attempts"":295,""discoveries"":0,""improvements"":0,""insertions"":0,""insertion_rate"":0.0},""Immigrant"":{""attempts"":175,""discoveries"":0,""improvements"":0,""insertions"":0,""insertion_rate"":0.0},""Morphology"":{""attempts"":274,""discoveries"":0,""improvements"":6,""insertions"":6,""insertion_rate"":0.021897810218978103},""Novelty"":{""attempts"":256,""discoveries"":0,""improvements"":0,""insertions"":0,""insertion_rate"":0.0}}","{""Morphology"":188,""Novelty"":28}",0,0.8970588235294118,false,65000
38,95,96000,2.854912932999999,0.045043884,0.034000783,0.003316136,0.007726965,3.348681193,43.24528,15.076847,3187.5906435102224,186,0.96875,46,4.633387532269804,0,0.0,"{""10"":3,""11"":6,""12"":8,""13"":1,""4"":5,""5"":46,""6"":67,""7"":33,""8"":14,""9"":3}","{""10"":6,""11"":35,""12"":12,""13"":2,""14"":9,""15"":4,""16"":1,""17"":5,""21"":4,""22"":1,""23"":1,""24"":7,""27"":5,""28"":1,""5"":5,""7"":23,""8"":24,""9"":41}",158,5.507999782669046,47,0.047,"{""10"":14,""11"":18,""12"":39,""13"":19,""3"":47,""4"":54,""5"":177,""6"":351,""7"":172,""8"":83,""9"":26}","{""10"":30,""11"":139,""12"":97,""13"":12,""14"":22,""15"":23,""16"":7,""17"":55,""18"":5,""19"":3,""20"":9,""21"":15,""22"":4,""23"":3,""24"":16,""25"":5,""26"":2,""27"":36,""28"":10,""29"":1,""3"":47,""30"":3,""32"":2,""4"":32,""5"":44,""6"":21,""7"":81,""8"":68,""9"":208}","{""Diagonal CMA-ES"":{""attempts"":311,""discoveries"":0,""improvements"":0,""insertions"":0,""insertion_rate"":0.0},""Immigrant"":{""attempts"":146,""discoveries"":0,""improvements"":0,""insertions"":0,""insertion_rate"":0.0},""Morphology"":{""attempts"":289,""discoveries"":0,""improvements"":4,""insertions"":4,""insertion_rate"":0.01384083044982699},""Novelty"":{""attempts"":254,""discoveries"":0,""improvements"":0,""insertions"":0,""insertion_rate"":0.0}}","{""Morphology"":190,""Novelty"":33}",1,0.8978102189781022,false,66000
38,96,97000,2.8981817999999993,0.043268867,0.034290485,0.003065615,0.005912767,3.401656259,43.24528,15.320539,3236.399804741144,186,0.96875,45,4.616981263211301,0,0.0,"{""10"":3,""11"":5,""12"":10,""13"":1,""4"":5,""5"":44,""6"":68,""7"":34,""8"":14,""9"":2}","{""10"":6,""11"":37,""12"":12,""13"":1,""14"":9,""15"":4,""16"":1,""17"":5,""21"":4,""22"":1,""23"":1,""24"":7,""27"":6,""28"":1,""5"":5,""7"":22,""8"":23,""9"":41}",165,5.744031476677071,35,0.035,"{""10"":12,""11"":38,""12"":47,""13"":18,""3"":35,""4"":56,""5"":184,""6"":357,""7"":179,""8"":56,""9"":18}","{""10"":41,""11"":151,""12"":74,""13"":13,""14"":45,""15"":18,""16"":5,""17"":28,""18"":5,""19"":2,""20"":1,""21"":18,""22"":2,""23"":2,""24"":41,""25"":5,""26"":1,""27"":38,""28"":12,""29"":2,""3"":35,""30"":3,""34"":1,""35"":1,""4"":28,""5"":49,""6"":18,""7"":88,""8"":75,""9"":198}","{""Diagonal CMA-ES"":{""attempts"":308,""discoveries"":0,""improvements"":0,""insertions"":0,""insertion_rate"":0.0},""Immigrant"":{""attempts"":131,""discoveries"":0,""improvements"":0,""insertions"":0,""insertion_rate"":0.0},""Morphology"":{""attempts"":313,""discoveries"":0,""improvements"":5,""insertions"":5,""insertion_rate"":0.01597444089456869},""Novelty"":{""attempts"":248,""discoveries"":0,""improvements"":2,""insertions"":2,""insertion_rate"":0.008064516129032258}}","{""Morphology"":194,""Novelty"":40}",0,0.8985507246376812,false,67000
38,97,98000,2.940759656999999,0.042577857,0.033528237,0.002496897,0.006552723,3.45211543,43.24528,15.320539,3268.136502414942,186,0.96875,44,4.5800259392910405,0,0.0,"{""10"":2,""11"":5,""12"":11,""13"":1,""4"":5,""5"":44,""6"":69,""7"":33,""8"":14,""9"":2}","{""10"":5,""11"":38,""12"":12,""13"":1,""14"":9,""15"":4,""16"":1,""17"":5,""21"":3,""22"":1,""23"":1,""24"":7,""27"":7,""28"":1,""5"":5,""7"":22,""8"":23,""9"":41}",176,5.884563473277685,50,0.05,"{""10"":16,""11"":15,""12"":53,""13"":31,""3"":50,""4"":69,""5"":204,""6"":205,""7"":185,""8"":78,""9"":94}","{""10"":38,""11"":131,""12"":72,""13"":83,""14"":29,""15"":25,""16"":9,""17"":24,""18"":9,""19"":2,""20"":7,""21"":11,""22"":2,""23"":2,""24"":55,""25"":4,""26"":1,""27"":13,""28"":10,""3"":50,""30"":9,""31"":2,""32"":2,""34"":2,""35"":1,""4"":36,""5"":61,""6"":20,""7"":78,""8"":103,""9"":109}","{""Diagonal CMA-ES"":{""attempts"":285,""discoveries"":0,""improvements"":0,""insertions"":0,""insertion_rate"":0.0},""Immigrant"":{""attempts"":156,""discoveries"":0,""improvements"":0,""insertions"":0,""insertion_rate"":0.0},""Morphology"":{""attempts"":317,""discoveries"":0,""improvements"":8,""insertions"":8,""insertion_rate"":0.025236593059936908},""Novelty"":{""attempts"":242,""discoveries"":0,""improvements"":0,""insertions"":0,""insertion_rate"":0.0}}","{""Morphology"":214,""Novelty"":36}",0,0.8985507246376812,false,68000
38,98,99000,2.9886779999999993,0.047918342999999995,0.038117161,0.002933824,0.006867358,3.509361223,43.24528,15.4624,3309.143135637045,186,0.96875,42,4.509133221685715,0,0.0,"{""10"":1,""11"":5,""12"":13,""13"":1,""4"":5,""5"":43,""6"":71,""7"":31,""8"":14,""9"":2}","{""10"":4,""11"":38,""12"":12,""13"":1,""14"":9,""15"":4,""16"":1,""17"":5,""21"":2,""23"":1,""24"":8,""27"":9,""28"":1,""5"":5,""7"":21,""8"":23,""9"":42}",168,5.778372383615444,47,0.047,"{""10"":3,""11"":11,""12"":20,""13"":24,""3"":47,""4"":54,""5"":181,""6"":197,""7"":319,""8"":124,""9"":20}","{""10"":160,""11"":195,""12"":63,""13"":16,""14"":41,""15"":27,""16"":10,""17"":14,""18"":4,""19"":2,""20"":6,""21"":2,""22"":4,""23"":3,""24"":15,""25"":2,""26"":1,""27"":13,""28"":11,""3"":47,""30"":5,""34"":3,""35"":1,""37"":2,""4"":28,""5"":56,""6"":19,""7"":69,""8"":78,""9"":103}","{""Diagonal CMA-ES"":{""attempts"":284,""discoveries"":0,""improvements"":1,""insertions"":1,""insertion_rate"":0.0035211267605633804},""Immigrant"":{""attempts"":138,""discoveries"":0,""improvements"":0,""insertions"":0,""insertion_rate"":0.0},""Morphology"":{""attempts"":308,""discoveries"":0,""improvements"":5,""insertions"":5,""insertion_rate"":0.016233766233766232},""Novelty"":{""attempts"":270,""discoveries"":0,""improvements"":1,""insertions"":1,""insertion_rate"":0.003703703703703704}}","{""Morphology"":207,""Novelty"":32}",0,0.8992805755395683,false,69000
38,99,100000,3.0344176439999995,0.045739644,0.035912341,0.003225901,0.006601402,3.56464203,43.24528,15.4624,3321.372393220663,186,0.96875,42,4.501987582370301,0,0.0,"{""10"":1,""11"":5,""12"":13,""13"":1,""4"":5,""5"":44,""6"":69,""7"":32,""8"":14,""9"":2}","{""10"":4,""11"":37,""12"":12,""13"":1,""14"":10,""15"":4,""16"":1,""17"":5,""21"":2,""23"":1,""24"":8,""27"":9,""28"":1,""5"":5,""7"":21,""8"":24,""9"":41}",159,5.650844546243926,62,0.062,"{""10"":3,""11"":24,""12"":52,""13"":17,""3"":62,""4"":68,""5"":206,""6"":303,""7"":177,""8"":63,""9"":25}","{""10"":40,""11"":160,""12"":66,""13"":18,""14"":41,""15"":18,""16"":5,""17"":30,""18"":9,""19"":1,""20"":6,""21"":3,""22"":2,""23"":2,""24"":35,""25"":4,""27"":40,""28"":5,""3"":62,""30"":4,""31"":3,""32"":1,""34"":1,""35"":1,""4"":37,""5"":36,""6"":31,""7"":111,""8"":69,""9"":159}","{""Diagonal CMA-ES"":{""attempts"":315,""discoveries"":0,""improvements"":1,""insertions"":1,""insertion_rate"":0.0031746031746031746},""Immigrant"":{""attempts"":163,""discoveries"":0,""improvements"":0,""insertions"":0,""insertion_rate"":0.0},""Morphology"":{""attempts"":266,""discoveries"":0,""improvements"":1,""insertions"":1,""insertion_rate"":0.0037593984962406013},""Novelty"":{""attempts"":256,""discoveries"":0,""improvements"":1,""insertions"":1,""insertion_rate"":0.00390625}}","{""Morphology"":182,""Novelty"":25}",0,0.8992805755395683,false,70000
38,100,101000,3.0752739119999997,0.040856267999999994,0.034282174,0.001994668,0.004579426,3.612572247,43.24528,15.4624,3334.6424103677273,186,0.96875,44,4.586728722648981,0,0.0,"{""11"":6,""12"":12,""13"":2,""4"":5,""5"":42,""6"":69,""7"":33,""8"":15,""9"":2}","{""10"":4,""11"":37,""12"":14,""13"":1,""14"":9,""15"":4,""16"":1,""17"":6,""21"":1,""23"":1,""24"":9,""27"":8,""28"":2,""5"":5,""7"":21,""8"":22,""9"":41}",149,5.701945662154035,50,0.05,"{""10"":4,""11"":21,""12"":58,""13"":9,""3"":50,""4"":63,""5"":206,""6"":300,""7"":197,""8"":60,""9"":32}","{""10"":36,""11"":169,""12"":69,""13"":14,""14"":51,""15"":16,""16"":16,""17"":37,""18"":7,""19"":1,""20"":10,""21"":7,""22"":4,""24"":32,""25"":7,""27"":39,""28"":4,""29"":1,""3"":50,""30"":2,""31"":1,""33"":1,""35"":2,""4"":32,""5"":56,""6"":21,""7"":85,""8"":84,""9"":146}","{""Diagonal CMA-ES"":{""attempts"":301,""discoveries"":0,""improvements"":1,""insertions"":1,""insertion_rate"":0.0033222591362126247},""Immigrant"":{""attempts"":153,""discoveries"":0,""improvements"":0,""insertions"":0,""insertion_rate"":0.0},""Morphology"":{""attempts"":298,""discoveries"":0,""improvements"":7,""insertions"":7,""insertion_rate"":0.02348993288590604},""Novelty"":{""attempts"":248,""discoveries"":0,""improvements"":0,""insertions"":0,""insertion_rate"":0.0}}","{""Morphology"":196,""Novelty"":32}",3,0.8992805755395683,false,71000
38,101,102000,3.1204947049999996,0.045220793,0.035050359,0.003777997,0.006392437,3.666284627,43.24528,16.002453,3382.405565351248,186,0.96875,43,4.549751423236595,0,0.0,"{""11"":8,""12"":11,""13"":2,""4"":5,""5"":42,""6"":70,""7"":32,""8"":14,""9"":2}","{""10"":4,""11"":35,""12"":13,""13"":1,""14"":9,""15"":3,""16"":2,""17"":6,""21"":1,""23"":1,""24"":12,""27"":6,""28"":2,""5"":5,""7"":21,""8"":22,""9"":43}",145,5.580302698355927,41,0.041,"{""10"":2,""11"":45,""12"":40,""13"":11,""3"":41,""4"":61,""5"":225,""6"":327,""7"":167,""8"":55,""9"":26}","{""10"":19,""11"":186,""12"":63,""13"":14,""14"":53,""15"":16,""16"":6,""17"":32,""18"":8,""19"":3,""20"":9,""21"":4,""22"":1,""24"":54,""25"":8,""26"":1,""27"":25,""28"":9,""3"":41,""30"":1,""32"":1,""4"":42,""5"":40,""6"":26,""7"":76,""8"":113,""9"":149}","{""Diagonal CMA-ES"":{""attempts"":316,""discoveries"":0,""improvements"":0,""insertions"":0,""insertion_rate"":0.0},""Immigrant"":{""attempts"":149,""discoveries"":0,""improvements"":0,""insertions"":0,""insertion_rate"":0.0},""Morphology"":{""attempts"":287,""discoveries"":0,""improvements"":12,""insertions"":12,""insertion_rate"":0.041811846689895474},""Novelty"":{""attempts"":248,""discoveries"":0,""improvements"":0,""insertions"":0,""insertion_rate"":0.0}}","{""Morphology"":178,""Novelty"":27}",1,0.8992805755395683,false,72000
38,102,103000,3.1638027529999997,0.043308047999999995,0.033980599,0.00309411,0.006233339,3.718138879,43.24528,16.002453,3399.1035443246365,186,0.96875,43,4.531316847929858,0,0.0,"{""11"":9,""12"":10,""13"":2,""4"":5,""5"":42,""6"":70,""7"":33,""8"":13,""9"":2}","{""10"":4,""11"":35,""12"":13,""13"":1,""14"":10,""15"":3,""16"":2,""17"":5,""21"":1,""23"":1,""24"":13,""27"":5,""28"":2,""5"":5,""7"":21,""8"":22,""9"":43}",152,5.655112639349452,51,0.051,"{""10"":1,""11"":38,""12"":42,""13"":8,""3"":51,""4"":83,""5"":210,""6"":283,""7"":173,""8"":79,""9"":32}","{""10"":35,""11"":153,""12"":46,""13"":12,""14"":48,""15"":22,""16"":16,""17"":46,""18"":10,""19"":1,""20"":6,""21"":7,""22"":2,""23"":4,""24"":51,""25"":6,""27"":22,""28"":2,""3"":51,""30"":2,""31"":2,""32"":3,""4"":33,""5"":72,""6"":19,""7"":80,""8"":100,""9"":149}","{""Diagonal CMA-ES"":{""attempts"":279,""discoveries"":0,""improvements"":0,""insertions"":0,""insertion_rate"":0.0},""Immigrant"":{""attempts"":152,""discoveries"":0,""improvements"":0,""insertions"":0,""insertion_rate"":0.0},""Morphology"":{""attempts"":313,""discoveries"":0,""improvements"":4,""insertions"":4,""insertion_rate"":0.012779552715654952},""Novelty"":{""attempts"":256,""discoveries"":0,""improvements"":0,""insertions"":0,""insertion_rate"":0.0}}","{""Morphology"":201,""Novelty"":22}",1,0.8992805755395683,false,73000
38,103,104000,3.2111357579999997,0.047333005,0.03858021,0.002996752,0.005756043,3.7746817889999997,43.24528,16.002453,3413.0660439431667,186,0.96875,41,4.456601216356212,0,0.0,"{""11"":10,""12"":9,""13"":2,""4"":5,""5"":43,""6"":71,""7"":32,""8"":12,""9"":2}","{""10"":4,""11"":35,""12"":12,""13"":1,""14"":10,""15"":2,""16"":2,""17"":5,""21"":1,""23"":1,""24"":14,""27"":4,""28"":2,""5"":5,""7"":21,""8"":23,""9"":44}",171,5.923073706759949,50,0.05,"{""10"":2,""11"":39,""12"":41,""13"":11,""3"":50,""4"":69,""5"":199,""6"":284,""7"":196,""8"":83,""9"":26}","{""10"":41,""11"":161,""12"":72,""13"":8,""14"":39,""15"":28,""16"":19,""17"":34,""18"":8,""19"":1,""20"":15,""21"":11,""22"":1,""23"":1,""24"":50,""25"":15,""26"":1,""27"":17,""28"":1,""3"":50,""30"":3,""31"":2,""33"":1,""37"":1,""4"":31,""5"":63,""6"":23,""7"":81,""8"":86,""9"":136}","{""Diagonal CMA-ES"":{""attempts"":283,""discoveries"":0,""improvements"":0,""insertions"":0,""insertion_rate"":0.0},""Immigrant"":{""attempts"":151,""discoveries"":0,""improvements"":0,""insertions"":0,""insertion_rate"":0.0},""Morphology"":{""attempts"":327,""discoveries"":0,""improvements"":4,""insertions"":4,""insertion_rate"":0.012232415902140673},""Novelty"":{""attempts"":239,""discoveries"":0,""improvements"":0,""insertions"":0,""insertion_rate"":0.0}}","{""Morphology"":220,""Novelty"":25}",0,0.8943661971830986,false,74000
38,104,105000,3.261339659,0.050203901,0.040779093,0.003216402,0.006208406,3.8343164339999998,43.24528,16.160824,3457.4084747731686,186,0.96875,41,4.466702499439089,0,0.0,"{""11"":10,""12"":9,""13"":2,""4"":5,""5"":42,""6"":69,""7"":31,""8"":16,""9"":2}","{""10"":4,""11"":36,""12"":12,""13"":1,""14"":9,""15"":2,""16"":2,""17"":9,""21"":1,""23"":1,""24"":14,""27"":4,""28"":2,""5"":5,""7"":19,""8"":24,""9"":41}",168,5.726565652936795,53,0.053,"{""10"":2,""11"":32,""12"":35,""13"":12,""3"":53,""4"":75,""5"":168,""6"":295,""7"":185,""8"":110,""9"":33}","{""10"":35,""11"":192,""12"":77,""13"":14,""14"":49,""15"":17,""16"":11,""17"":38,""18"":13,""20"":4,""21"":5,""22"":1,""23"":1,""24"":40,""25"":14,""26"":1,""27"":17,""28"":6,""3"":53,""31"":1,""34"":1,""35"":1,""4"":43,""5"":56,""6"":21,""7"":69,""8"":71,""9"":149}","{""Diagonal CMA-ES"":{""attempts"":277,""discoveries"":0,""improvements"":0,""insertions"":0,""insertion_rate"":0.0},""Immigrant"":{""attempts"":166,""discoveries"":0,""improvements"":0,""insertions"":0,""insertion_rate"":0.0},""Morphology"":{""attempts"":284,""discoveries"":0,""improvements"":9,""insertions"":9,""insertion_rate"":0.03169014084507042},""Novelty"":{""attempts"":273,""discoveries"":0,""improvements"":1,""insertions"":1,""insertion_rate"":0.003663003663003663}}","{""Morphology"":182,""Novelty"":30}",0,0.8951048951048951,false,75000
38,105,106000,3.306995004,0.045655345,0.035952709,0.003181971,0.006520665,3.890695496,49.287453,16.80537,3511.9801014363766,186,0.96875,40,4.44991843360289,0,0.0,"{""11"":10,""12"":9,""13"":2,""4"":5,""5"":42,""6"":69,""7"":30,""8"":17,""9"":2}","{""10"":4,""11"":37,""12"":10,""13"":1,""14"":9,""15"":3,""16"":2,""17"":9,""20"":1,""23"":1,""24"":15,""27"":3,""28"":2,""5"":5,""7"":18,""8"":25,""9"":41}",146,5.440607545725908,62,0.062,"{""10"":2,""11"":45,""12"":36,""13"":2,""14"":1,""3"":62,""4"":71,""5"":156,""6"":300,""7"":171,""8"":112,""9"":42}","{""10"":28,""11"":197,""12"":51,""13"":7,""14"":45,""15"":18,""16"":15,""17"":89,""18"":16,""19"":1,""20"":12,""21"":11,""22"":1,""23"":5,""24"":60,""25"":8,""27"":13,""28"":1,""3"":62,""32"":2,""33"":1,""36"":1,""4"":40,""5"":54,""6"":12,""7"":59,""8"":73,""9"":118}","{""Diagonal CMA-ES"":{""attempts"":312,""discoveries"":0,""improvements"":0,""insertions"":0,""insertion_rate"":0.0},""Immigrant"":{""attempts"":163,""discoveries"":0,""improvements"":0,""insertions"":0,""insertion_rate"":0.0},""Morphology"":{""attempts"":281,""discoveries"":0,""improvements"":8,""insertions"":8,""insertion_rate"":0.028469750889679714},""Novelty"":{""attempts"":244,""discoveries"":0,""improvements"":1,""insertions"":1,""insertion_rate"":0.004098360655737705}}","{""Morphology"":181,""Novelty"":27}",1,0.8958333333333334,true,76000
38,106,107000,3.35291393,0.045918926000000006,0.036039382,0.003152288,0.006727256,3.948007778,49.287453,16.89485,3521.5853470265865,186,0.96875,40,4.449918433602891,0,0.0,"{""11"":10,""12"":9,""13"":2,""4"":5,""5"":42,""6"":69,""7"":30,""8"":17,""9"":2}","{""10"":4,""11"":37,""12"":10,""13"":1,""14"":9,""15"":3,""16"":2,""17"":9,""20"":1,""23"":1,""24"":15,""27"":3,""28"":2,""5"":5,""7"":18,""8"":25,""9"":41}",161,5.667157618270922,49,0.049,"{""10"":3,""11"":7,""12"":21,""13"":10,""3"":49,""4"":71,""5"":234,""6"":219,""7"":169,""8"":130,""9"":87}","{""10"":37,""11"":140,""12"":50,""13"":11,""14"":32,""15"":20,""16"":11,""17"":88,""18"":22,""19"":3,""20"":50,""21"":5,""23"":5,""24"":18,""25"":7,""27"":9,""28"":5,""3"":49,""30"":1,""32"":2,""34"":1,""4"":29,""5"":61,""6"":17,""7"":72,""8"":134,""9"":121}","{""Diagonal CMA-ES"":{""attempts"":282,""discoveries"":0,""improvements"":0,""insertions"":0,""insertion_rate"":0.0},""Immigrant"":{""attempts"":148,""discoveries"":0,""improvements"":0,""insertions"":0,""insertion_rate"":0.0},""Morphology"":{""attempts"":313,""discoveries"":0,""improvements"":3,""insertions"":3,""insertion_rate"":0.009584664536741214},""Novelty"":{""attempts"":257,""discoveries"":0,""improvements"":0,""insertions"":0,""insertion_rate"":0.0}}","{""Morphology"":213,""Novelty"":18}",0,0.8958333333333334,false,1000
38,107,108000,3.3936075380000004,0.040693608000000006,0.034215685,0.002447031,0.004030892,3.99632743,49.287453,17.000315,3545.270090907812,186,0.96875,41,4.473297549439434,0,0.0,"{""11"":9,""12"":10,""13"":2,""4"":5,""5"":41,""6"":69,""7"":30,""8"":18,""9"":2}","{""10"":4,""11"":37,""12"":10,""13"":1,""14"":9,""15"":3,""16"":2,""17"":10,""20"":1,""23"":1,""24"":14,""27"":4,""28"":2,""5"":5,""7"":18,""8"":24,""9"":41}",163,5.707097273481125,55,0.055,"{""10"":8,""11"":10,""12"":22,""13"":7,""3"":55,""4"":82,""5"":222,""6"":238,""7"":205,""8"":104,""9"":47}","{""10"":67,""11"":149,""12"":44,""13"":14,""14"":33,""15"":25,""16"":7,""17"":56,""18"":18,""19"":1,""20"":16,""21"":9,""23"":3,""24"":14,""25"":10,""27"":8,""28"":3,""3"":55,""30"":2,""31"":1,""32"":4,""33"":1,""4"":35,""5"":65,""6"":17,""7"":77,""8"":119,""9"":147}","{""Diagonal CMA-ES"":{""attempts"":286,""discoveries"":0,""improvements"":0,""insertions"":0,""insertion_rate"":0.0},""Immigrant"":{""attempts"":150,""discoveries"":0,""improvements"":0,""insertions"":0,""insertion_rate"":0.0},""Morphology"":{""attempts"":307,""discoveries"":0,""improvements"":7,""insertions"":7,""insertion_rate"":0.02280130293159609},""Novelty"":{""attempts"":257,""discoveries"":0,""improvements"":0,""insertions"":0,""insertion_rate"":0.0}}","{""Morphology"":208,""Novelty"":28}",1,0.8958333333333334,false,2000
38,108,109000,3.441201749,0.047594211,0.03685031,0.003154663,0.007589238,4.052928518,49.287453,17.000315,3568.1792386472225,186,0.96875,40,4.445069434156406,0,0.0,"{""11"":10,""12"":10,""13"":1,""4"":5,""5"":41,""6"":68,""7"":30,""8"":19,""9"":2}","{""10"":4,""11"":37,""12"":10,""13"":1,""14"":9,""15"":3,""16"":2,""17"":11,""20"":1,""24"":15,""25"":1,""27"":4,""28"":1,""5"":5,""7"":19,""8"":22,""9"":41}",147,5.501018207828165,51,0.051,"{""10"":8,""11"":13,""12"":20,""13"":7,""14"":2,""3"":51,""4"":67,""5"":258,""6"":229,""7"":182,""8"":136,""9"":27}","{""10"":45,""11"":161,""12"":47,""13"":13,""14"":33,""15"":16,""16"":9,""17"":67,""18"":8,""19"":2,""20"":10,""21"":7,""23"":4,""24"":15,""25"":9,""27"":11,""28"":3,""29"":1,""3"":51,""30"":2,""31"":1,""32"":1,""38"":1,""4"":28,""5"":63,""6"":20,""7"":54,""8"":168,""9"":150}","{""Diagonal CMA-ES"":{""attempts"":320,""discoveries"":0,""improvements"":0,""insertions"":0,""insertion_rate"":0.0},""Immigrant"":{""attempts"":139,""discoveries"":0,""improvements"":0,""insertions"":0,""insertion_rate"":0.0},""Morphology"":{""attempts"":282,""discoveries"":0,""improvements"":9,""insertions"":9,""insertion_rate"":0.031914893617021274},""Novelty"":{""attempts"":259,""discoveries"":0,""improvements"":1,""insertions"":1,""insertion_rate"":0.003861003861003861}}","{""Morphology"":198,""Novelty"":31}",2,0.896551724137931,false,3000
38,109,110000,3.4902468420000003,0.049045093000000005,0.039461187,0.003191469,0.006392437,4.111894712,49.287453,17.000315,3587.1612962186337,186,0.96875,42,4.507674981929443,0,0.0,"{""11"":10,""12"":10,""13"":1,""4"":5,""5"":40,""6"":69,""7"":30,""8"":18,""9"":3}","{""10"":4,""11"":37,""12"":10,""13"":1,""14"":9,""15"":2,""16"":3,""17"":10,""20"":2,""24"":15,""25"":2,""27"":3,""28"":1,""5"":5,""7"":19,""8"":21,""9"":42}",172,5.797633332406385,44,0.044,"{""10"":5,""11"":6,""12"":103,""13"":11,""14"":1,""3"":44,""4"":85,""5"":182,""6"":201,""7"":168,""8"":158,""9"":36}","{""10"":40,""11"":189,""12"":44,""13"":14,""14"":31,""15"":24,""16"":13,""17"":36,""18"":14,""19"":3,""20"":13,""21"":4,""23"":5,""24"":9,""25"":88,""26"":2,""27"":11,""28"":3,""29"":1,""3"":44,""30"":2,""32"":1,""33"":3,""34"":1,""37"":1,""4"":42,""5"":65,""6"":16,""7"":71,""8"":81,""9"":129}","{""Diagonal CMA-ES"":{""attempts"":282,""discoveries"":0,""improvements"":0,""insertions"":0,""insertion_rate"":0.0},""Immigrant"":{""attempts"":158,""discoveries"":0,""improvements"":0,""insertions"":0,""insertion_rate"":0.0},""Morphology"":{""attempts"":308,""discoveries"":0,""improvements"":8,""insertions"":8,""insertion_rate"":0.025974025974025976},""Novelty"":{""attempts"":252,""discoveries"":0,""improvements"":0,""insertions"":0,""insertion_rate"":0.0}}","{""Morphology"":224,""Novelty"":28}",2,0.896551724137931,false,4000
38,110,111000,3.5365278950000003,0.046281053,0.03567488,0.004086695,0.006519478,4.168619279,49.287453,17.221388,3639.9876216351986,186,0.96875,42,4.526583441796926,0,0.0,"{""11"":10,""12"":11,""13"":1,""4"":5,""5"":40,""6"":69,""7"":28,""8"":19,""9"":3}","{""10"":4,""11"":36,""12"":8,""13"":1,""14"":9,""15"":2,""16"":3,""17"":11,""20"":2,""24"":15,""25"":2,""27"":3,""28"":1,""31"":1,""5"":5,""7"":19,""8"":21,""9"":43}",158,5.590029108417542,50,0.05,"{""10"":5,""11"":6,""12"":25,""13"":12,""3"":50,""4"":73,""5"":199,""6"":274,""7"":182,""8"":129,""9"":45}","{""10"":50,""11"":188,""12"":41,""13"":14,""14"":31,""15"":19,""16"":10,""17"":44,""18"":15,""19"":3,""20"":16,""21"":7,""23"":3,""24"":9,""25"":17,""27"":6,""28"":6,""3"":50,""30"":3,""31"":1,""32"":1,""34"":1,""4"":28,""5"":64,""6"":16,""7"":79,""8"":97,""9"":181}","{""Diagonal CMA-ES"":{""attempts"":306,""discoveries"":0,""improvements"":2,""insertions"":2,""insertion_rate"":0.006535947712418301},""Immigrant"":{""attempts"":133,""discoveries"":0,""improvements"":0,""insertions"":0,""insertion_rate"":0.0},""Morphology"":{""attempts"":284,""discoveries"":0,""improvements"":8,""insertions"":8,""insertion_rate"":0.028169014084507043},""Novelty"":{""attempts"":277,""discoveries"":0,""improvements"":0,""insertions"":0,""insertion_rate"":0.0}}","{""Morphology"":179,""Novelty"":37}",1,0.8972602739726028,false,5000
38,111,112000,3.5825952340000002,0.046067339,0.036240036,0.002983691,0.006843612,4.225868634,49.287453,17.329565,3664.118446677923,186,0.96875,42,4.529995691304497,0,0.0,"{""11"":9,""12"":12,""13"":1,""4"":5,""5"":41,""6"":69,""7"":27,""8"":19,""9"":3}","{""10"":4,""11"":36,""12"":7,""13"":1,""14"":9,""15"":2,""16"":3,""17"":11,""20"":2,""24"":14,""25"":2,""27"":4,""28"":1,""31"":1,""5"":5,""7"":19,""8"":22,""9"":43}",177,5.826426001568326,44,0.044,"{""10"":3,""11"":40,""12"":50,""13"":8,""3"":44,""4"":61,""5"":179,""6"":278,""7"":176,""8"":114,""9"":47}","{""10"":25,""11"":146,""12"":53,""13"":12,""14"":39,""15"":22,""16"":21,""17"":71,""18"":17,""19"":2,""20"":21,""21"":4,""22"":1,""23"":5,""24"":46,""25"":20,""26"":1,""27"":21,""3"":44,""30"":1,""31"":4,""32"":4,""33"":1,""35"":1,""38"":1,""4"":37,""5"":47,""6"":19,""7"":68,""8"":80,""9"":166}","{""Diagonal CMA-ES"":{""attempts"":299,""discoveries"":0,""improvements"":0,""insertions"":0,""insertion_rate"":0.0},""Immigrant"":{""attempts"":141,""discoveries"":0,""improvements"":0,""insertions"":0,""insertion_rate"":0.0},""Morphology"":{""attempts"":309,""discoveries"":0,""improvements"":4,""insertions"":4,""insertion_rate"":0.012944983818770227},""Novelty"":{""attempts"":251,""discoveries"":0,""improvements"":0,""insertions"":0,""insertion_rate"":0.0}}","{""Morphology"":211,""Novelty"":29}",0,0.8986486486486487,false,6000
38,112,113000,3.6291861740000004,0.046590940000000004,0.035273572,0.003412307,0.007905061,4.282171708,49.287453,17.395596,3717.238767951727,186,0.96875,43,4.544739370990224,0,0.0,"{""11"":8,""12"":11,""13"":3,""4"":5,""5"":42,""6"":68,""7"":27,""8"":19,""9"":3}","{""10"":4,""11"":35,""12"":7,""13"":1,""14"":9,""15"":2,""16"":3,""17"":11,""20"":2,""24"":12,""25"":1,""27"":5,""28"":1,""30"":1,""31"":1,""35"":1,""5"":5,""7"":19,""8"":23,""9"":43}",168,5.783624646868017,39,0.039,"{""10"":12,""11"":41,""12"":66,""13"":29,""14"":1,""3"":39,""4"":56,""5"":180,""6"":254,""7"":159,""8"":109,""9"":54}","{""10"":26,""11"":131,""12"":59,""13"":12,""14"":36,""15"":16,""16"":17,""17"":80,""18"":19,""20"":25,""21"":9,""23"":10,""24"":45,""25"":8,""26"":1,""27"":50,""28"":13,""3"":39,""30"":7,""31"":5,""32"":2,""35"":4,""36"":1,""4"":32,""40"":1,""5"":52,""6"":24,""7"":65,""8"":73,""9"":138}","{""Diagonal CMA-ES"":{""attempts"":338,""discoveries"":0,""improvements"":0,""insertions"":0,""insertion_rate"":0.0},""Immigrant"":{""attempts"":142,""discoveries"":0,""improvements"":0,""insertions"":0,""insertion_rate"":0.0},""Morphology"":{""attempts"":303,""discoveries"":0,""improvements"":8,""insertions"":8,""insertion_rate"":0.026402640264026403},""Novelty"":{""attempts"":217,""discoveries"":0,""improvements"":0,""insertions"":0,""insertion_rate"":0.0}}","{""Morphology"":194,""Novelty"":32}",3,0.9,false,7000
38,113,114000,3.6770439660000003,0.047857791999999996,0.041592396,0.002063532,0.004201864,4.338299062,49.287453,17.500372,3741.2872842252254,186,0.96875,42,4.5548838121813295,0,0.0,"{""11"":8,""12"":11,""13"":3,""4"":5,""5"":41,""6"":69,""7"":27,""8"":19,""9"":3}","{""10"":4,""11"":36,""12"":6,""13"":1,""14"":10,""15"":2,""16"":3,""17"":11,""20"":2,""24"":11,""25"":1,""27"":6,""28"":1,""30"":1,""31"":1,""35"":1,""5"":5,""7"":19,""8"":22,""9"":43}",168,5.83710110889025,53,0.053,"{""10"":4,""11"":24,""12"":36,""13"":24,""14"":2,""3"":53,""4"":60,""5"":200,""6"":257,""7"":169,""8"":116,""9"":55}","{""10"":41,""11"":135,""12"":39,""13"":10,""14"":47,""15"":22,""16"":16,""17"":75,""18"":21,""20"":25,""21"":2,""23"":4,""24"":28,""25"":9,""26"":2,""27"":21,""28"":7,""3"":53,""30"":9,""31"":6,""32"":5,""35"":3,""4"":32,""43"":1,""5"":48,""6"":23,""7"":76,""8"":98,""9"":142}","{""Diagonal CMA-ES"":{""attempts"":287,""discoveries"":0,""improvements"":0,""insertions"":0,""insertion_rate"":0.0},""Immigrant"":{""attempts"":148,""discoveries"":0,""improvements"":0,""insertions"":0,""insertion_rate"":0.0},""Morphology"":{""attempts"":307,""discoveries"":0,""improvements"":7,""insertions"":7,""insertion_rate"":0.02280130293159609},""Novelty"":{""attempts"":258,""discoveries"":0,""improvements"":0,""insertions"":0,""insertion_rate"":0.0}}","{""Morphology"":203,""Novelty"":39}",0,0.9006622516556292,false,8000
38,114,115000,3.719682375,0.042638408999999995,0.035354308,0.002500459,0.004783642,4.389328139,49.287453,18.703175,3759.900186866522,186,0.96875,43,4.568612789735346,0,0.0,"{""11"":8,""12"":10,""13"":4,""4"":4,""5"":41,""6"":69,""7"":28,""8"":19,""9"":3}","{""10"":4,""11"":37,""12"":6,""13"":1,""14"":11,""15"":2,""16"":3,""17"":11,""20"":2,""24"":10,""25"":1,""26"":1,""27"":6,""28"":1,""30"":1,""31"":1,""35"":1,""5"":4,""7"":19,""8"":22,""9"":42}",169,5.786248699550863,53,0.053,"{""10"":10,""11"":33,""12"":62,""13"":24,""14"":2,""3"":53,""4"":68,""5"":161,""6"":260,""7"":159,""8"":101,""9"":67}","{""10"":25,""11"":132,""12"":46,""13"":8,""14"":40,""15"":17,""16"":20,""17"":69,""18"":19,""19"":4,""20"":36,""21"":4,""23"":9,""24"":36,""25"":5,""26"":4,""27"":55,""28"":10,""3"":53,""30"":10,""31"":3,""33"":1,""35"":1,""36"":1,""4"":43,""5"":37,""6"":19,""7"":68,""8"":77,""9"":148}","{""Diagonal CMA-ES"":{""attempts"":304,""discoveries"":0,""improvements"":0,""insertions"":0,""insertion_rate"":0.0},""Immigrant"":{""attempts"":154,""discoveries"":0,""improvements"":0,""insertions"":0,""insertion_rate"":0.0},""Morphology"":{""attempts"":291,""discoveries"":0,""improvements"":5,""insertions"":5,""insertion_rate"":0.01718213058419244},""Novelty"":{""attempts"":251,""discoveries"":0,""improvements"":0,""insertions"":0,""insertion_rate"":0.0}}","{""Morphology"":206,""Novelty"":39}",1,0.9006622516556292,false,9000
38,115,116000,3.7683083500000003,0.048625975,0.039142991,0.003307824,0.00617516,4.447875215,49.287453,18.703175,3777.1468193233013,186,0.96875,42,4.521622253636095,0,0.0,"{""11"":9,""12"":8,""13"":4,""4"":4,""5"":41,""6"":71,""7"":27,""8"":19,""9"":3}","{""10"":4,""11"":37,""12"":5,""13"":1,""14"":11,""15"":2,""16"":2,""17"":12,""20"":2,""24"":11,""26"":1,""27"":5,""28"":1,""30"":1,""31"":1,""35"":1,""5"":4,""7"":19,""8"":22,""9"":44}",165,5.828669269205079,48,0.048,"{""10"":8,""11"":26,""12"":62,""13"":65,""14"":6,""3"":48,""4"":65,""5"":183,""6"":244,""7"":144,""8"":103,""9"":46}","{""10"":26,""11"":149,""12"":28,""13"":7,""14"":44,""15"":14,""16"":23,""17"":66,""18"":13,""19"":3,""20"":24,""21"":8,""23"":8,""24"":27,""25"":30,""26"":44,""27"":31,""28"":8,""3"":48,""30"":8,""31"":5,""34"":1,""35"":5,""38"":1,""4"":34,""5"":57,""6"":19,""7"":68,""8"":87,""9"":114}","{""Diagonal CMA-ES"":{""attempts"":293,""discoveries"":0,""improvements"":1,""insertions"":1,""insertion_rate"":0.0034129692832764505},""Immigrant"":{""attempts"":157,""discoveries"":0,""improvements"":0,""insertions"":0,""insertion_rate"":0.0},""Morphology"":{""attempts"":293,""discoveries"":0,""improvements"":5,""insertions"":5,""insertion_rate"":0.017064846416382253},""Novelty"":{""attempts"":257,""discoveries"":0,""improvements"":1,""insertions"":1,""insertion_rate"":0.0038910505836575876}}","{""Morphology"":195,""Novelty"":36}",0,0.9025974025974026,false,10000
38,116,117000,3.8163477990000003,0.048039449,0.037603059,0.003276955,0.007159435,4.508063144,49.287453,18.808212,3790.0472862422466,186,0.96875,42,4.520758646523664,0,0.0,"{""11"":10,""12"":8,""13"":4,""4"":4,""5"":41,""6"":71,""7"":26,""8"":19,""9"":3}","{""10"":4,""11"":37,""12"":5,""13"":1,""14"":10,""15"":2,""16"":2,""17"":12,""20"":2,""24"":12,""26"":1,""27"":5,""28"":1,""30"":1,""31"":1,""35"":1,""5"":4,""7"":19,""8"":22,""9"":44}",175,5.835279119200386,51,0.051,"{""10"":10,""11"":37,""12"":35,""13"":28,""14"":5,""3"":51,""4"":67,""5"":191,""6"":242,""7"":160,""8"":128,""9"":46}","{""10"":31,""11"":154,""12"":55,""13"":11,""14"":41,""15"":17,""16"":15,""17"":83,""18"":12,""19"":3,""20"":27,""21"":7,""23"":4,""24"":40,""25"":4,""26"":5,""27"":26,""28"":8,""3"":51,""30"":6,""31"":8,""32"":2,""33"":2,""34"":1,""35"":5,""37"":2,""38"":1,""39"":1,""4"":38,""5"":50,""6"":29,""7"":67,""8"":81,""9"":113}","{""Diagonal CMA-ES"":{""attempts"":295,""discoveries"":0,""improvements"":0,""insertions"":0,""insertion_rate"":0.0},""Immigrant"":{""attempts"":167,""discoveries"":0,""improvements"":0,""insertions"":0,""insertion_rate"":0.0},""Morphology"":{""attempts"":301,""discoveries"":0,""improvements"":5,""insertions"":5,""insertion_rate"":0.016611295681063124},""Novelty"":{""attempts"":237,""discoveries"":0,""improvements"":0,""insertions"":0,""insertion_rate"":0.0}}","{""Morphology"":198,""Novelty"":37}",0,0.9025974025974026,false,11000
38,117,118000,3.8594825000000004,0.043134701000000004,0.033251595,0.003190282,0.006692824,4.560587034,49.287453,18.832676,3810.1523983180523,186,0.96875,42,4.516351017123481,0,0.0,"{""11"":9,""12"":9,""13"":4,""4"":4,""5"":41,""6"":72,""7"":26,""8"":18,""9"":3}","{""10"":4,""11"":37,""12"":5,""13"":1,""14"":10,""15"":1,""16"":2,""17"":12,""20"":2,""24"":11,""25"":1,""26"":1,""27"":5,""28"":1,""30"":1,""31"":1,""35"":1,""5"":4,""7"":19,""8"":22,""9"":45}",170,5.837329461201798,46,0.046,"{""10"":9,""11"":19,""12"":53,""13"":17,""14"":3,""3"":46,""4"":49,""5"":190,""6"":275,""7"":163,""8"":129,""9"":47}","{""10"":28,""11"":155,""12"":43,""13"":11,""14"":41,""15"":17,""16"":18,""17"":89,""18"":14,""19"":3,""20"":22,""21"":6,""23"":7,""24"":22,""25"":11,""26"":3,""27"":30,""28"":5,""3"":46,""30"":6,""31"":15,""32"":1,""35"":3,""4"":26,""5"":46,""6"":23,""7"":69,""8"":90,""9"":150}","{""Diagonal CMA-ES"":{""attempts"":279,""discoveries"":0,""improvements"":0,""insertions"":0,""insertion_rate"":0.0},""Immigrant"":{""attempts"":140,""discoveries"":0,""improvements"":0,""insertions"":0,""insertion_rate"":0.0},""Morphology"":{""attempts"":323,""discoveries"":0,""improvements"":6,""insertions"":6,""insertion_rate"":0.018575851393188854},""Novelty"":{""attempts"":258,""discoveries"":0,""improvements"":2,""insertions"":2,""insertion_rate"":0.007751937984496124}}","{""Morphology"":213,""Novelty"":30}",1,0.9032258064516129,false,12000
38,118,119000,3.9079375060000006,0.048455006,0.039013575,0.003124981,0.00631645,4.618710243,49.287453,18.832676,3819.8840243518353,186,0.96875,42,4.523255385484472,0,0.0,"{""11"":8,""12"":10,""13"":4,""4"":4,""5"":41,""6"":72,""7"":26,""8"":18,""9"":3}","{""10"":4,""11"":37,""12"":5,""13"":1,""14"":10,""15"":1,""16"":2,""17"":12,""20"":2,""24"":10,""25"":1,""26"":1,""27"":6,""28"":1,""30"":1,""31"":1,""35"":1,""5"":4,""7"":19,""8"":22,""9"":45}",167,5.65570715494891,48,0.048,"{""10"":9,""11"":19,""12"":43,""13"":22,""14"":5,""3"":48,""4"":48,""5"":153,""6"":297,""7"":177,""8"":120,""9"":59}","{""10"":30,""11"":117,""12"":77,""13"":8,""14"":28,""15"":20,""16"":11,""17"":99,""18"":23,""20"":33,""21"":7,""23"":4,""24"":22,""25"":12,""26"":1,""27"":31,""28"":5,""3"":48,""30"":10,""31"":7,""33"":1,""35"":3,""36"":1,""37"":1,""4"":24,""5"":53,""6"":18,""7"":61,""8"":60,""9"":185}","{""Diagonal CMA-ES"":{""attempts"":308,""discoveries"":0,""improvements"":1,""insertions"":1,""insertion_rate"":0.003246753246753247},""Immigrant"":{""attempts"":149,""discoveries"":0,""improvements"":0,""insertions"":0,""insertion_rate"":0.0},""Morphology"":{""attempts"":308,""discoveries"":0,""improvements"":3,""insertions"":3,""insertion_rate"":0.00974025974025974},""Novelty"":{""attempts"":235,""discoveries"":0,""improvements"":0,""insertions"":0,""insertion_rate"":0.0}}","{""Morphology"":224,""Novelty"":34}",0,0.9032258064516129,false,13000
38,119,120000,3.9548715780000006,0.046934072,0.037591187,0.003309013,0.006033872,4.675028753,49.287453,18.832676,3839.0008265674114,186,0.96875,41,4.487038689840855,0,0.0,"{""11"":10,""12"":9,""13"":3,""4"":4,""5"":42,""6"":72,""7"":26,""8"":17,""9"":3}","{""10"":4,""11"":37,""12"":5,""13"":1,""14"":10,""15"":1,""16"":2,""17"":11,""20"":2,""24"":12,""25"":1,""26"":1,""27"":5,""28"":1,""31"":1,""35"":1,""5"":4,""7"":20,""8"":22,""9"":45}",159,5.510182701074079,56,0.056,"{""10"":8,""11"":21,""12"":47,""13"":19,""14"":1,""3"":56,""4"":57,""5"":162,""6"":342,""7"":158,""8"":88,""9"":41}","{""10"":30,""11"":104,""12"":43,""13"":9,""14"":31,""15"":13,""16"":23,""17"":72,""18"":17,""19"":1,""20"":21,""21"":2,""23"":6,""24"":21,""25"":12,""26"":1,""27"":31,""28"":4,""3"":56,""30"":5,""31"":5,""32"":2,""33"":1,""35"":2,""36"":4,""37"":1,""4"":31,""5"":46,""6"":27,""7"":57,""8"":67,""9"":255}","{""Diagonal CMA-ES"":{""attempts"":328,""discoveries"":0,""improvements"":0,""insertions"":0,""insertion_rate"":0.0},""Immigrant"":{""attempts"":153,""discoveries"":0,""improvements"":0,""insertions"":0,""insertion_rate"":0.0},""Morphology"":{""attempts"":282,""discoveries"":0,""improvements"":5,""insertions"":5,""insertion_rate"":0.01773049645390071},""Novelty"":{""attempts"":237,""discoveries"":0,""improvements"":1,""insertions"":1,""insertion_rate"":0.004219409282700422}}","{""Morphology"":192,""Novelty"":33}",0,0.9032258064516129,false,14000
38,120,121000,3.9990344830000004,0.044162905,0.034276238,0.003016935,0.006869732,4.7280216280000005,49.287453,19.714472,3866.930397719145,186,0.96875,42,4.518482972158801,0,0.0,"{""11"":9,""12"":9,""13"":4,""4"":4,""5"":41,""6"":73,""7"":26,""8"":17,""9"":3}","{""10"":4,""11"":37,""12"":5,""13"":1,""14"":10,""15"":1,""16"":2,""17"":11,""20"":2,""24"":11,""25"":2,""26"":1,""27"":4,""28"":1,""30"":1,""31"":1,""35"":1,""5"":4,""7"":20,""8"":21,""9"":46}",157,5.7063545346973195,50,0.05,"{""10"":6,""11"":24,""12"":39,""13"":14,""14"":2,""3"":50,""4"":85,""5"":191,""6"":297,""7"":159,""8"":91,""9"":42}","{""10"":35,""11"":149,""12"":44,""13"":8,""14"":28,""15"":17,""16"":16,""17"":61,""18"":11,""19"":1,""20"":25,""21"":3,""23"":5,""24"":26,""25"":13,""26"":2,""27"":22,""28"":4,""29"":1,""3"":50,""30"":4,""31"":4,""32"":1,""33"":2,""35"":3,""36"":2,""4"":47,""5"":64,""6"":21,""7"":60,""8"":103,""9"":168}","{""Diagonal CMA-ES"":{""attempts"":267,""discoveries"":0,""improvements"":0,""insertions"":0,""insertion_rate"":0.0},""Immigrant"":{""attempts"":168,""discoveries"":0,""improvements"":0,""insertions"":0,""insertion_rate"":0.0},""Morphology"":{""attempts"":325,""discoveries"":0,""improvements"":7,""insertions"":7,""insertion_rate"":0.021538461538461538},""Novelty"":{""attempts"":240,""discoveries"":0,""improvements"":1,""insertions"":1,""insertion_rate"":0.004166666666666667}}","{""Morphology"":216,""Novelty"":27}",2,0.9038461538461539,false,15000
38,121,122000,4.0470121930000005,0.04797771,0.038991016,0.00298013,0.006006564,4.785443142,49.287453,19.868317,3903.2136275470257,186,0.96875,40,4.454764900346814,0,0.0,"{""11"":8,""12"":10,""13"":4,""4"":4,""5"":42,""6"":73,""7"":25,""8"":17,""9"":3}","{""10"":4,""11"":36,""12"":4,""13"":1,""14"":10,""15"":1,""16"":2,""17"":11,""20"":2,""24"":10,""25"":2,""26"":1,""27"":5,""28"":1,""30"":1,""31"":1,""35"":1,""5"":4,""7"":20,""8"":22,""9"":47}",166,5.656239415345354,54,0.054,"{""10"":7,""11"":26,""12"":33,""13"":21,""3"":54,""4"":65,""5"":181,""6"":290,""7"":166,""8"":119,""9"":38}","{""10"":30,""11"":174,""12"":44,""13"":8,""14"":33,""15"":17,""16"":22,""17"":84,""18"":11,""19"":3,""20"":21,""21"":5,""23"":5,""24"":27,""25"":13,""26"":7,""27"":16,""28"":3,""3"":54,""30"":1,""31"":2,""32"":2,""33"":2,""34"":1,""35"":3,""36"":3,""37"":1,""4"":33,""5"":44,""6"":14,""7"":87,""8"":78,""9"":152}","{""Diagonal CMA-ES"":{""attempts"":308,""discoveries"":0,""improvements"":0,""insertions"":0,""insertion_rate"":0.0},""Immigrant"":{""attempts"":129,""discoveries"":0,""improvements"":0,""insertions"":0,""insertion_rate"":0.0},""Morphology"":{""attempts"":319,""discoveries"":0,""improvements"":7,""insertions"":7,""insertion_rate"":0.0219435736677116},""Novelty"":{""attempts"":244,""discoveries"":0,""improvements"":1,""insertions"":1,""insertion_rate"":0.004098360655737705}}","{""Morphology"":216,""Novelty"":21}",0,0.9038461538461539,false,16000
38,122,123000,4.093644687,0.046632494,0.03672208,0.003151101,0.006759313,4.841265359,49.287453,19.868317,3905.9461638629436,186,0.96875,39,4.424809084622588,0,0.0,"{""11"":8,""12"":10,""13"":4,""4"":4,""5"":42,""6"":74,""7"":24,""8"":17,""9"":3}","{""10"":4,""11"":37,""12"":4,""13"":1,""14"":10,""15"":1,""16"":2,""17"":11,""20"":2,""24"":10,""25"":2,""26"":1,""27"":5,""28"":1,""30"":1,""31"":1,""35"":1,""5"":4,""7"":20,""8"":22,""9"":46}",159,5.624841912353598,35,0.035,"{""10"":6,""11"":18,""12"":33,""13"":13,""14"":2,""3"":35,""4"":82,""5"":211,""6"":282,""7"":171,""8"":106,""9"":41}","{""10"":32,""11"":166,""12"":44,""13"":11,""14"":41,""15"":15,""16"":16,""17"":69,""18"":9,""19"":1,""20"":26,""21"":4,""23"":5,""24"":19,""25"":14,""26"":2,""27"":18,""28"":7,""29"":1,""3"":35,""30"":2,""31"":3,""32"":1,""35"":1,""4"":45,""5"":59,""6"":24,""7"":81,""8"":92,""9"":157}","{""Diagonal CMA-ES"":{""attempts"":299,""discoveries"":0,""improvements"":0,""insertions"":0,""insertion_rate"":0.0},""Immigrant"":{""attempts"":146,""discoveries"":0,""improvements"":0,""insertions"":0,""insertion_rate"":0.0},""Morphology"":{""attempts"":294,""discoveries"":0,""improvements"":3,""insertions"":3,""insertion_rate"":0.01020408163265306},""Novelty"":{""attempts"":261,""discoveries"":0,""improvements"":0,""insertions"":0,""insertion_rate"":0.0}}","{""Morphology"":185,""Novelty"":32}",0,0.9038461538461539,false,17000
38,123,124000,4.137269745,0.043625057999999994,0.033134053,0.003326821,0.007164184,4.893801122,49.287453,19.980679,3938.645133703947,186,0.96875,40,4.448188200459131,0,0.0,"{""11"":7,""12"":10,""13"":5,""4"":4,""5"":42,""6"":74,""7"":24,""8"":17,""9"":3}","{""10"":4,""11"":37,""12"":4,""13"":1,""14"":10,""15"":1,""16"":2,""17"":11,""20"":2,""24"":9,""25"":2,""26"":1,""27"":5,""28"":2,""30"":1,""31"":1,""35"":1,""5"":4,""7"":20,""8"":22,""9"":46}",157,5.60659657194818,58,0.058,"{""10"":5,""11"":16,""12"":35,""13"":15,""3"":58,""4"":75,""5"":190,""6"":287,""7"":212,""8"":68,""9"":39}","{""10"":20,""11"":152,""12"":114,""13"":8,""14"":39,""15"":16,""16"":16,""17"":43,""18"":11,""20"":23,""21"":1,""23"":3,""24"":18,""25"":10,""26"":3,""27"":20,""28"":6,""3"":58,""30"":4,""31"":3,""32"":2,""34"":1,""35"":1,""36"":1,""4"":40,""5"":56,""6"":27,""7"":67,""8"":87,""9"":150}","{""Diagonal CMA-ES"":{""attempts"":297,""discoveries"":0,""improvements"":0,""insertions"":0,""insertion_rate"":0.0},""Immigrant"":{""attempts"":168,""discoveries"":0,""improvements"":0,""insertions"":0,""insertion_rate"":0.0},""Morphology"":{""attempts"":291,""discoveries"":0,""improvements"":3,""insertions"":3,""insertion_rate"":0.010309278350515464},""Novelty"":{""attempts"":244,""discoveries"":0,""improvements"":0,""insertions"":0,""insertion_rate"":0.0}}","{""Morphology"":199,""Novelty"":27}",1,0.9050632911392406,false,18000
38,124,125000,4.180397324,0.043127579,0.033182732,0.003223527,0.00672132,4.946310765,49.287453,20.090826,3947.475883215666,186,0.96875,40,4.459879393725428,0,0.0,"{""11"":8,""12"":10,""13"":5,""4"":4,""5"":42,""6"":74,""7"":25,""8"":15,""9"":3}","{""10"":4,""11"":37,""12"":4,""13"":1,""14"":11,""15"":1,""16"":2,""17"":9,""20"":2,""24"":10,""25"":2,""26"":1,""27"":5,""28"":3,""31"":1,""35"":1,""5"":4,""7"":20,""8"":22,""9"":46}",151,5.642798148120827,53,0.053,"{""10"":6,""11"":10,""12"":20,""13"":24,""14"":4,""3"":53,""4"":79,""5"":199,""6"":307,""7"":169,""8"":100,""9"":29}","{""10"":50,""11"":147,""12"":42,""13"":17,""14"":39,""15"":15,""16"":4,""17"":48,""18"":11,""20"":13,""21"":4,""23"":2,""24"":10,""25"":5,""26"":8,""27"":14,""28"":8,""29"":2,""3"":53,""30"":8,""31"":1,""32"":1,""33"":2,""4"":44,""5"":57,""6"":21,""7"":81,""8"":95,""9"":198}","{""Diagonal CMA-ES"":{""attempts"":286,""discoveries"":0,""improvements"":0,""insertions"":0,""insertion_rate"":0.0},""Immigrant"":{""attempts"":152,""discoveries"":0,""improvements"":0,""insertions"":0,""insertion_rate"":0.0},""Morphology"":{""attempts"":311,""discoveries"":0,""improvements"":5,""insertions"":5,""insertion_rate"":0.01607717041800643},""Novelty"":{""attempts"":251,""discoveries"":0,""improvements"":0,""insertions"":0,""insertion_rate"":0.0}}","{""Morphology"":210,""Novelty"":27}",1,0.9050632911392406,false,19000
38,125,126000,4.228346537,0.047949213,0.038670444,0.003238961,0.006039808,5.004824597,49.287453,20.090826,3956.538417547941,186,0.96875,41,4.472398313393701,0,0.0,"{""11"":9,""12"":8,""13"":5,""14"":1,""4"":4,""5"":43,""6"":72,""7"":26,""8"":15,""9"":3}","{""10"":4,""11"":36,""12"":4,""13"":1,""14"":11,""15"":2,""16"":2,""17"":9,""20"":2,""24"":10,""25"":1,""26"":1,""27"":5,""28"":3,""29"":1,""31"":1,""35"":1,""5"":4,""7"":21,""8"":22,""9"":45}",148,5.570537253197865,45,0.045,"{""10"":8,""11"":7,""12"":23,""13"":19,""14"":5,""3"":45,""4"":78,""5"":187,""6"":351,""7"":159,""8"":86,""9"":32}","{""10"":45,""11"":173,""12"":41,""13"":10,""14"":34,""15"":14,""16"":10,""17"":24,""18"":9,""20"":10,""21"":6,""23"":6,""24"":9,""25"":8,""26"":7,""27"":14,""28"":6,""29"":2,""3"":45,""30"":6,""31"":3,""32"":1,""35"":2,""38"":1,""4"":37,""5"":64,""6"":27,""7"":83,""8"":73,""9"":230}","{""Diagonal CMA-ES"":{""attempts"":290,""discoveries"":0,""improvements"":0,""insertions"":0,""insertion_rate"":0.0},""Immigrant"":{""attempts"":157,""discoveries"":0,""improvements"":0,""insertions"":0,""insertion_rate"":0.0},""Morphology"":{""attempts"":299,""discoveries"":0,""improvements"":5,""insertions"":5,""insertion_rate"":0.016722408026755852},""Novelty"":{""attempts"":254,""discoveries"":0,""improvements"":0,""insertions"":0,""insertion_rate"":0.0}}","{""Morphology"":191,""Novelty"":29}",2,0.9050632911392406,false,20000
38,126,127000,4.2771743550000005,0.048827818,0.039262908,0.003136854,0.006428056,5.063363362,49.287453,20.090826,3956.538417547941,186,0.96875,41,4.4723983133936995,0,0.0,"{""11"":9,""12"":8,""13"":5,""14"":1,""4"":4,""5"":43,""6"":72,""7"":26,""8"":15,""9"":3}","{""10"":4,""11"":36,""12"":4,""13"":1,""14"":11,""15"":2,""16"":2,""17"":9,""20"":2,""24"":10,""25"":1,""26"":1,""27"":5,""28"":3,""29"":1,""31"":1,""35"":1,""5"":4,""7"":21,""8"":22,""9"":45}",145,5.409290589114579,52,0.052,"{""10"":13,""11"":4,""12"":19,""13"":10,""14"":3,""3"":52,""4"":66,""5"":272,""6"":219,""7"":249,""8"":60,""9"":33}","{""10"":31,""11"":107,""12"":38,""13"":6,""14"":102,""15"":69,""16"":7,""17"":23,""18"":14,""19"":2,""20"":9,""21"":7,""23"":11,""24"":5,""25"":3,""26"":4,""27"":17,""28"":4,""29"":1,""3"":52,""30"":3,""31"":1,""35"":1,""37"":1,""4"":37,""5"":49,""6"":24,""7"":58,""8"":184,""9"":130}","{""Diagonal CMA-ES"":{""attempts"":305,""discoveries"":0,""improvements"":0,""insertions"":0,""insertion_rate"":0.0},""Immigrant"":{""attempts"":153,""discoveries"":0,""improvements"":0,""insertions"":0,""insertion_rate"":0.0},""Morphology"":{""attempts"":271,""discoveries"":0,""improvements"":0,""insertions"":0,""insertion_rate"":0.0},""Novelty"":{""attempts"":271,""discoveries"":0,""improvements"":0,""insertions"":0,""insertion_rate"":0.0}}","{""Morphology"":168,""Novelty"":35}",0,0.9056603773584906,false,21000
38,127,128000,4.32411436,0.046940005,0.03762443,0.002999126,0.006316449,5.119499027,49.287453,20.689459,3974.637748450041,186,0.96875,41,4.4882838957392455,0,0.0,"{""11"":8,""12"":9,""13"":5,""14"":1,""4"":4,""5"":43,""6"":72,""7"":26,""8"":15,""9"":3}","{""10"":4,""11"":37,""12"":4,""13"":1,""14"":11,""15"":2,""16"":2,""17"":9,""20"":2,""24"":9,""25"":2,""26"":1,""27"":5,""28"":3,""29"":1,""31"":1,""35"":1,""5"":4,""7"":21,""8"":22,""9"":44}",167,5.780310974975952,51,0.051,"{""10"":4,""11"":9,""12"":33,""13"":24,""14"":9,""3"":51,""4"":86,""5"":207,""6"":286,""7"":186,""8"":75,""9"":30}","{""10"":50,""11"":152,""12"":39,""13"":16,""14"":43,""15"":18,""16"":9,""17"":32,""18"":9,""19"":1,""20"":9,""21"":3,""23"":5,""24"":10,""25"":14,""26"":8,""27"":16,""28"":11,""29"":4,""3"":51,""30"":3,""31"":5,""33"":1,""35"":2,""37"":2,""38"":1,""4"":43,""5"":61,""6"":22,""7"":86,""8"":100,""9"":174}","{""Diagonal CMA-ES"":{""attempts"":295,""discoveries"":0,""improvements"":0,""insertions"":0,""insertion_rate"":0.0},""Immigrant"":{""attempts"":163,""discoveries"":0,""improvements"":0,""insertions"":0,""insertion_rate"":0.0},""Morphology"":{""attempts"":308,""discoveries"":0,""improvements"":7,""insertions"":7,""insertion_rate"":0.022727272727272728},""Novelty"":{""attempts"":234,""discoveries"":0,""improvements"":0,""insertions"":0,""insertion_rate"":0.0}}","{""Morphology"":211,""Novelty"":30}",0,0.90625,false,22000
38,128,129000,4.37056876,0.04645440000000001,0.036470373,0.003244898,0.006739129,5.175507651,49.287453,20.793312,4000.941982001066,186,0.96875,40,4.481855568545292,0,0.0,"{""11"":8,""12"":9,""13"":5,""14"":1,""4"":4,""5"":44,""6"":70,""7"":27,""8"":15,""9"":3}","{""10"":5,""11"":36,""12"":4,""13"":1,""14"":10,""15"":2,""16"":2,""17"":9,""20"":2,""24"":9,""25"":2,""26"":1,""27"":5,""28"":3,""29"":1,""31"":1,""35"":1,""5"":4,""7"":21,""8"":23,""9"":44}",145,5.528434817695914,58,0.058,"{""10"":9,""11"":4,""12"":23,""13"":17,""14"":8,""3"":58,""4"":98,""5"":200,""6"":303,""7"":184,""8"":68,""9"":28}","{""10"":39,""11"":149,""12"":41,""13"":12,""14"":50,""15"":20,""16"":7,""17"":32,""18"":8,""19"":2,""20"":9,""21"":6,""23"":3,""24"":6,""25"":9,""26"":9,""27"":16,""28"":5,""29"":5,""3"":58,""30"":3,""31"":2,""38"":1,""4"":50,""5"":61,""6"":22,""7"":85,""8"":95,""9"":195}","{""Diagonal CMA-ES"":{""attempts"":314,""discoveries"":0,""improvements"":0,""insertions"":0,""insertion_rate"":0.0},""Immigrant"":{""attempts"":178,""discoveries"":0,""improvements"":0,""insertions"":0,""insertion_rate"":0.0},""Morphology"":{""attempts"":271,""discoveries"":0,""improvements"":6,""insertions"":6,""insertion_rate"":0.02214022140221402},""Novelty"":{""attempts"":237,""discoveries"":0,""improvements"":1,""insertions"":1,""insertion_rate"":0.004219409282700422}}","{""Morphology"":175,""Novelty"":28}",0,0.9074074074074074,false,23000
38,129,130000,4.420659868,0.050091107999999995,0.039537175,0.002889895,0.007664038,5.233803019,49.287453,20.793312,4003.396930426359,186,0.96875,39,4.451899752821064,0,0.0,"{""11"":8,""12"":9,""13"":5,""14"":1,""4"":4,""5"":44,""6"":71,""7"":26,""8"":15,""9"":3}","{""10"":5,""11"":37,""12"":4,""13"":1,""14"":10,""15"":1,""16"":2,""17"":9,""20"":2,""24"":9,""25"":2,""26"":1,""27"":5,""28"":3,""29"":1,""31"":1,""35"":1,""5"":4,""7"":21,""8"":23,""9"":44}",160,5.125077230374549,38,0.038,"{""10"":8,""11"":9,""12"":24,""13"":10,""14"":3,""3"":38,""4"":66,""5"":140,""6"":451,""7"":154,""8"":68,""9"":29}","{""10"":42,""11"":147,""12"":42,""13"":7,""14"":29,""15"":36,""16"":9,""17"":22,""18"":12,""19"":1,""20"":10,""21"":5,""23"":7,""24"":9,""25"":10,""26"":3,""27"":15,""28"":6,""29"":2,""3"":38,""30"":1,""33"":1,""37"":1,""38"":1,""4"":38,""5"":52,""6"":22,""7"":47,""8"":58,""9"":327}","{""Diagonal CMA-ES"":{""attempts"":319,""discoveries"":0,""improvements"":0,""insertions"":0,""insertion_rate"":0.0},""Immigrant"":{""attempts"":145,""discoveries"":0,""improvements"":0,""insertions"":0,""insertion_rate"":0.0},""Morphology"":{""attempts"":293,""discoveries"":0,""improvements"":2,""insertions"":2,""insertion_rate"":0.006825938566552901},""Novelty"":{""attempts"":243,""discoveries"":0,""improvements"":0,""insertions"":0,""insertion_rate"":0.0}}","{""Morphology"":190,""Novelty"":40}",0,0.9074074074074074,false,24000
38,130,131000,4.470506390000001,0.049846522,0.039905238,0.003241336,0.006699948,5.294046751,49.287453,20.793312,4017.453443259001,186,0.96875,38,4.439435181253858,0,0.0,"{""11"":9,""12"":9,""13"":5,""14"":1,""4"":4,""5"":44,""6"":69,""7"":27,""8"":15,""9"":3}","{""10"":5,""11"":37,""12"":2,""13"":1,""14"":11,""15"":1,""16"":3,""17"":9,""20"":2,""24"":10,""25"":1,""26"":1,""27"":5,""28"":3,""29"":1,""31"":1,""32"":1,""35"":1,""5"":4,""7"":21,""8"":23,""9"":43}",158,5.7548192561701725,46,0.046,"{""10"":8,""11"":38,""12"":33,""13"":57,""14"":10,""3"":46,""4"":70,""5"":219,""6"":255,""7"":152,""8"":83,""9"":29}","{""10"":34,""11"":149,""12"":46,""13"":11,""14"":29,""15"":16,""16"":7,""17"":38,""18"":10,""19"":2,""20"":11,""21"":4,""23"":4,""24"":38,""25"":12,""26"":6,""27"":17,""28"":5,""29"":3,""3"":46,""30"":2,""31"":4,""32"":1,""33"":2,""35"":44,""36"":3,""39"":1,""4"":32,""43"":1,""5"":66,""6"":22,""7"":95,""8"":88,""9"":151}","{""Diagonal CMA-ES"":{""attempts"":314,""discoveries"":0,""improvements"":0,""insertions"":0,""insertion_rate"":0.0},""Immigrant"":{""attempts"":159,""discoveries"":0,""improvements"":0,""insertions"":0,""insertion_rate"":0.0},""Morphology"":{""attempts"":280,""discoveries"":0,""improvements"":6,""insertions"":6,""insertion_rate"":0.02142857142857143},""Novelty"":{""attempts"":247,""discoveries"":0,""improvements"":0,""insertions"":0,""insertion_rate"":0.0}}","{""Morphology"":186,""Novelty"":32}",1,0.9074074074074074,false,25000
38,131,132000,4.517409590000001,0.0469032,0.037763345,0.003395685,0.00574417,5.349905774,49.287453,20.793312,4021.5119645297527,186,0.96875,37,4.428682493081815,0,0.0,"{""11"":9,""12"":10,""13"":4,""14"":1,""4"":4,""5"":44,""6"":69,""7"":27,""8"":15,""9"":3}","{""10"":5,""11"":37,""12"":2,""13"":1,""14"":11,""15"":1,""16"":3,""17"":9,""20"":2,""24"":10,""25"":1,""26"":1,""27"":5,""28"":3,""29"":1,""31"":2,""32"":1,""5"":4,""7"":21,""8"":23,""9"":43}",157,5.685874506219882,40,0.04,"{""10"":8,""11"":18,""12"":26,""13"":22,""14"":5,""15"":1,""3"":40,""4"":70,""5"":207,""6"":256,""7"":170,""8"":146,""9"":31}","{""10"":38,""11"":131,""12"":47,""13"":8,""14"":47,""15"":20,""16"":66,""17"":42,""18"":10,""19"":2,""20"":10,""21"":9,""23"":7,""24"":18,""25"":4,""26"":8,""27"":18,""28"":4,""29"":2,""3"":40,""30"":4,""31"":3,""33"":3,""35"":7,""38"":1,""4"":38,""5"":44,""6"":22,""7"":88,""8"":99,""9"":160}","{""Diagonal CMA-ES"":{""attempts"":300,""discoveries"":0,""improvements"":0,""insertions"":0,""insertion_rate"":0.0},""Immigrant"":{""attempts"":131,""discoveries"":0,""improvements"":0,""insertions"":0,""insertion_rate"":0.0},""Morphology"":{""attempts"":295,""discoveries"":0,""improvements"":2,""insertions"":2,""insertion_rate"":0.006779661016949152},""Novelty"":{""attempts"":274,""discoveries"":0,""improvements"":0,""insertions"":0,""insertion_rate"":0.0}}","{""Morphology"":187,""Novelty"":27}",0,0.9074074074074074,false,26000
38,132,133000,4.5643792780000005,0.046969688,0.036729204,0.003972714,0.00626777,5.408018298,49.287453,20.97946,4051.200683325529,186,0.96875,37,4.416957710999104,0,0.0,"{""11"":9,""12"":10,""13"":4,""14"":1,""4"":4,""5"":46,""6"":67,""7"":27,""8"":15,""9"":3}","{""10"":5,""11"":37,""12"":2,""13"":1,""14"":11,""15"":1,""16"":3,""17"":9,""20"":2,""24"":10,""25"":1,""26"":1,""27"":5,""28"":3,""29"":1,""31"":2,""32"":1,""5"":4,""7"":21,""8"":25,""9"":41}",159,5.65366769158914,60,0.06,"{""10"":5,""11"":15,""12"":33,""13"":16,""14"":5,""3"":60,""4"":65,""5"":221,""6"":279,""7"":186,""8"":89,""9"":26}","{""10"":36,""11"":166,""12"":58,""13"":9,""14"":42,""15"":20,""16"":9,""17"":37,""18"":6,""19"":2,""20"":10,""21"":6,""23"":1,""24"":17,""25"":11,""26"":6,""27"":12,""28"":8,""29"":1,""3"":60,""30"":2,""31"":13,""32"":1,""36"":1,""4"":29,""5"":59,""6"":18,""7"":91,""8"":104,""9"":165}","{""Diagonal CMA-ES"":{""attempts"":289,""discoveries"":0,""improvements"":0,""insertions"":0,""insertion_rate"":0.0},""Immigrant"":{""attempts"":145,""discoveries"":0,""improvements"":0,""insertions"":0,""insertion_rate"":0.0},""Morphology"":{""attempts"":315,""discoveries"":0,""improvements"":3,""insertions"":3,""insertion_rate"":0.009523809523809525},""Novelty"":{""attempts"":251,""discoveries"":0,""improvements"":0,""insertions"":0,""insertion_rate"":0.0}}","{""Morphology"":213,""Novelty"":31}",0,0.9074074074074074,false,27000
38,133,134000,4.610592656000001,0.04621337799999999,0.036107058,0.003243711,0.006862609,5.465270027,49.287453,21.00096,4083.2975335121155,186,0.96875,39,4.448024499929495,0,0.0,"{""11"":10,""12"":10,""13"":4,""14"":1,""4"":4,""5"":45,""6"":68,""7"":26,""8"":15,""9"":3}","{""10"":4,""11"":39,""12"":2,""13"":1,""14"":11,""15"":1,""16"":3,""17"":9,""20"":2,""24"":11,""25"":1,""26"":1,""27"":5,""28"":2,""29"":1,""30"":1,""31"":2,""32"":1,""5"":4,""7"":21,""8"":24,""9"":40}",147,5.620160215562428,56,0.056,"{""10"":8,""11"":18,""12"":32,""13"":19,""14"":4,""3"":56,""4"":76,""5"":210,""6"":306,""7"":162,""8"":79,""9"":30}","{""10"":38,""11"":151,""12"":46,""13"":11,""14"":30,""15"":18,""16"":7,""17"":39,""18"":13,""19"":3,""20"":10,""21"":3,""23"":7,""24"":19,""25"":8,""26"":9,""27"":16,""28"":9,""29"":2,""3"":56,""30"":1,""31"":8,""33"":1,""38"":1,""4"":38,""5"":60,""6"":20,""7"":78,""8"":108,""9"":190}","{""Diagonal CMA-ES"":{""attempts"":290,""discoveries"":0,""improvements"":0,""insertions"":0,""insertion_rate"":0.0},""Immigrant"":{""attempts"":154,""discoveries"":0,""improvements"":0,""insertions"":0,""insertion_rate"":0.0},""Morphology"":{""attempts"":293,""discoveries"":0,""improvements"":6,""insertions"":6,""insertion_rate"":0.020477815699658702},""Novelty"":{""attempts"":263,""discoveries"":0,""improvements"":1,""insertions"":1,""insertion_rate"":0.0038022813688212928}}","{""Morphology"":187,""Novelty"":30}",2,0.9079754601226994,false,28000
38,134,135000,4.657491108,0.046898452,0.037313358,0.003177222,0.006407872,5.521808188,49.287453,21.00096,4103.574686706066,186,0.96875,40,4.4586496255169,0,0.0,"{""11"":10,""12"":9,""13"":4,""14"":1,""4"":4,""5"":45,""6"":67,""7"":27,""8"":16,""9"":3}","{""10"":4,""11"":40,""12"":2,""13"":1,""14"":12,""15"":1,""16"":3,""17"":9,""20"":2,""24"":11,""25"":1,""26"":1,""27"":5,""28"":2,""29"":1,""30"":1,""31"":1,""32"":1,""5"":4,""7"":21,""8"":24,""9"":39}",166,5.796232054294647,47,0.047,"{""10"":9,""11"":5,""12"":29,""13"":16,""14"":3,""15"":2,""3"":47,""4"":78,""5"":217,""6"":253,""7"":187,""8"":129,""9"":25}","{""10"":35,""11"":203,""12"":53,""13"":12,""14"":51,""15"":18,""16"":8,""17"":35,""18"":7,""20"":8,""21"":9,""23"":3,""24"":5,""25"":6,""26"":7,""27"":17,""28"":5,""3"":47,""30"":6,""31"":7,""32"":1,""33"":2,""37"":1,""4"":34,""5"":71,""6"":34,""7"":79,""8"":89,""9"":147}","{""Diagonal CMA-ES"":{""attempts"":302,""discoveries"":0,""improvements"":0,""insertions"":0,""insertion_rate"":0.0},""Immigrant"":{""attempts"":169,""discoveries"":0,""improvements"":0,""insertions"":0,""insertion_rate"":0.0},""Morphology"":{""attempts"":302,""discoveries"":0,""improvements"":4,""insertions"":4,""insertion_rate"":0.013245033112582781},""Novelty"":{""attempts"":227,""discoveries"":0,""improvements"":1,""insertions"":1,""insertion_rate"":0.004405286343612335}}","{""Morphology"":203,""Novelty"":26}",1,0.9079754601226994,false,29000
38,135,136000,4.7054664420000005,0.047975333999999994,0.037426151,0.003501355,0.007047828,5.578765466,49.287453,21.00096,4104.387247741222,186,0.96875,40,4.457677531606233,0,0.0,"{""11"":10,""12"":9,""13"":4,""14"":1,""4"":4,""5"":45,""6"":66,""7"":28,""8"":16,""9"":3}","{""10"":4,""11"":39,""12"":2,""13"":1,""14"":13,""15"":1,""16"":3,""17"":9,""20"":2,""24"":11,""25"":1,""26"":1,""27"":5,""28"":2,""29"":1,""30"":1,""31"":1,""32"":1,""5"":4,""7"":21,""8"":24,""9"":39}",163,5.770429563994355,47,0.047,"{""10"":10,""11"":9,""12"":26,""13"":17,""14"":1,""15"":1,""3"":47,""4"":68,""5"":225,""6"":272,""7"":192,""8"":104,""9"":28}","{""10"":32,""11"":175,""12"":58,""13"":15,""14"":50,""15"":20,""16"":10,""17"":37,""18"":9,""19"":4,""20"":8,""21"":7,""23"":5,""24"":12,""25"":2,""26"":7,""27"":24,""28"":6,""29"":1,""3"":47,""30"":4,""39"":1,""4"":35,""5"":52,""6"":22,""7"":95,""8"":101,""9"":161}","{""Diagonal CMA-ES"":{""attempts"":287,""discoveries"":0,""improvements"":0,""insertions"":0,""insertion_rate"":0.0},""Immigrant"":{""attempts"":141,""discoveries"":0,""improvements"":0,""insertions"":0,""insertion_rate"":0.0},""Morphology"":{""attempts"":332,""discoveries"":0,""improvements"":1,""insertions"":1,""insertion_rate"":0.0030120481927710845},""Novelty"":{""attempts"":240,""discoveries"":0,""improvements"":0,""insertions"":0,""insertion_rate"":0.0}}","{""Morphology"":225,""Novelty"":28}",0,0.9079754601226994,false,30000
38,136,137000,4.754674196000001,0.049207754,0.039296152,0.003009812,0.00690179,5.63767467,49.287453,21.00096,4117.49052208662,186,0.96875,40,4.455271289251208,0,0.0,"{""11"":10,""12"":9,""13"":4,""14"":1,""4"":4,""5"":44,""6"":67,""7"":28,""8"":16,""9"":3}","{""10"":3,""11"":39,""12"":2,""13"":2,""14"":13,""15"":1,""16"":3,""17"":9,""20"":2,""24"":11,""25"":1,""26"":1,""27"":5,""28"":2,""29"":1,""30"":1,""31"":1,""32"":1,""5"":4,""7"":21,""8"":23,""9"":40}",158,5.740242810241397,39,0.039,"{""10"":3,""11"":2,""12"":29,""13"":17,""14"":3,""15"":1,""3"":39,""4"":76,""5"":231,""6"":263,""7"":200,""8"":106,""9"":30}","{""10"":36,""11"":175,""12"":52,""13"":13,""14"":57,""15"":33,""16"":5,""17"":34,""18"":8,""19"":3,""20"":14,""21"":6,""23"":3,""24"":2,""25"":8,""26"":7,""27"":18,""28"":9,""29"":2,""3"":39,""30"":2,""31"":2,""32"":1,""33"":1,""4"":32,""41"":1,""5"":73,""6"":28,""7"":87,""8"":99,""9"":150}","{""Diagonal CMA-ES"":{""attempts"":310,""discoveries"":0,""improvements"":0,""insertions"":0,""insertion_rate"":0.0},""Immigrant"":{""attempts"":148,""discoveries"":0,""improvements"":0,""insertions"":0,""insertion_rate"":0.0},""Morphology"":{""attempts"":326,""discoveries"":0,""improvements"":5,""insertions"":5,""insertion_rate"":0.015337423312883436},""Novelty"":{""attempts"":216,""discoveries"":0,""improvements"":0,""insertions"":0,""insertion_rate"":0.0}}","{""Morphology"":210,""Novelty"":24}",1,0.9090909090909091,false,31000
38,137,138000,4.802182921000001,0.047508725,0.037652926,0.003510854,0.006344945,5.697119347,49.287453,21.13834,4129.070277869701,186,0.96875,40,4.464187388877714,0,0.0,"{""11"":10,""12"":9,""13"":4,""14"":1,""4"":4,""5"":42,""6"":68,""7"":29,""8"":16,""9"":3}","{""10"":3,""11"":40,""12"":2,""13"":2,""14"":13,""15"":1,""16"":3,""17"":9,""20"":2,""24"":11,""25"":1,""26"":1,""27"":5,""28"":2,""29"":1,""30"":1,""31"":1,""32"":1,""5"":4,""7"":20,""8"":22,""9"":41}",152,5.420509072893066,56,0.056,"{""10"":9,""11"":3,""12"":21,""13"":20,""14"":2,""15"":2,""3"":56,""4"":63,""5"":204,""6"":372,""7"":146,""8"":82,""9"":20}","{""10"":24,""11"":181,""12"":37,""13"":9,""14"":43,""15"":30,""16"":6,""17"":26,""18"":5,""19"":4,""20"":8,""21"":7,""23"":5,""24"":4,""25"":7,""26"":4,""27"":15,""28"":9,""29"":1,""3"":56,""30"":9,""31"":1,""32"":1,""4"":38,""5"":47,""6"":28,""7"":58,""8"":114,""9"":223}","{""Diagonal CMA-ES"":{""attempts"":291,""discoveries"":0,""improvements"":0,""insertions"":0,""insertion_rate"":0.0},""Immigrant"":{""attempts"":156,""discoveries"":0,""improvements"":0,""insertions"":0,""insertion_rate"":0.0},""Morphology"":{""attempts"":318,""discoveries"":0,""improvements"":2,""insertions"":2,""insertion_rate"":0.006289308176100629},""Novelty"":{""attempts"":235,""discoveries"":0,""improvements"":0,""insertions"":0,""insertion_rate"":0.0}}","{""Morphology"":209,""Novelty"":23}",0,0.9096385542168675,false,32000
38,138,139000,4.850050211000001,0.04786729,0.03741784,0.004390645,0.006058805,5.754800879,49.287453,22.161633,4167.111732184887,186,0.96875,40,4.4569553520434155,0,0.0,"{""11"":10,""12"":8,""13"":5,""14"":1,""4"":4,""5"":43,""6"":67,""7"":29,""8"":16,""9"":3}","{""10"":3,""11"":40,""12"":2,""13"":2,""14"":13,""15"":1,""16"":3,""17"":9,""20"":2,""24"":11,""25"":1,""26"":1,""27"":5,""28"":2,""29"":1,""30"":1,""31"":1,""35"":1,""5"":4,""7"":20,""8"":23,""9"":40}",148,5.551826071762573,53,0.053,"{""10"":8,""11"":13,""12"":17,""13"":21,""14"":1,""15"":3,""3"":53,""4"":60,""5"":213,""6"":300,""7"":186,""8"":105,""9"":20}","{""10"":32,""11"":190,""12"":44,""13"":15,""14"":44,""15"":25,""16"":11,""17"":42,""18"":5,""20"":6,""21"":7,""23"":1,""24"":13,""25"":4,""26"":8,""27"":11,""28"":7,""29"":1,""3"":53,""30"":6,""32"":3,""33"":1,""35"":2,""4"":24,""5"":58,""6"":21,""7"":80,""8"":97,""9"":189}","{""Diagonal CMA-ES"":{""attempts"":308,""discoveries"":0,""improvements"":0,""insertions"":0,""insertion_rate"":0.0},""Immigrant"":{""attempts"":135,""discoveries"":0,""improvements"":0,""insertions"":0,""insertion_rate"":0.0},""Morphology"":{""attempts"":298,""discoveries"":0,""improvements"":6,""insertions"":6,""insertion_rate"":0.020134228187919462},""Novelty"":{""attempts"":259,""discoveries"":0,""improvements"":0,""insertions"":0,""insertion_rate"":0.0}}","{""Morphology"":176,""Novelty"":28}",1,0.9096385542168675,false,33000
38,139,140000,4.895040666000001,0.044990455,0.036912049,0.002012477,0.006065929,5.806176648,49.287453,22.161633,4178.271141707897,186,0.96875,39,4.432482178891198,0,0.0,"{""11"":11,""12"":8,""13"":4,""14"":1,""4"":4,""5"":43,""6"":67,""7"":29,""8"":16,""9"":3}","{""10"":3,""11"":41,""12"":2,""13"":2,""14"":13,""15"":1,""16"":3,""17"":9,""20"":2,""24"":12,""25"":1,""26"":1,""27"":5,""28"":1,""29"":1,""30"":1,""31"":1,""35"":1,""5"":4,""7"":20,""8"":23,""9"":39}",152,5.546886143942559,57,0.057,"{""10"":7,""11"":9,""12"":31,""13"":21,""14"":3,""15"":1,""3"":57,""4"":64,""5"":186,""6"":349,""7"":170,""8"":84,""9"":18}","{""10"":38,""11"":160,""12"":39,""13"":6,""14"":40,""15"":23,""16"":8,""17"":30,""18"":5,""19"":3,""20"":8,""21"":2,""23"":4,""24"":9,""25"":12,""26"":8,""27"":16,""28"":9,""29"":2,""3"":57,""30"":5,""31"":1,""32"":1,""33"":2,""35"":1,""37"":1,""4"":33,""5"":55,""6"":20,""7"":71,""8"":87,""9"":244}","{""Diagonal CMA-ES"":{""attempts"":318,""discoveries"":0,""improvements"":0,""insertions"":0,""insertion_rate"":0.0},""Immigrant"":{""attempts"":152,""discoveries"":0,""improvements"":0,""insertions"":0,""insertion_rate"":0.0},""Morphology"":{""attempts"":285,""discoveries"":0,""improvements"":3,""insertions"":3,""insertion_rate"":0.010526315789473684},""Novelty"":{""attempts"":245,""discoveries"":0,""improvements"":0,""insertions"":0,""insertion_rate"":0.0}}","{""Morphology"":188,""Novelty"":29}",0,0.9101796407185628,false,34000
38,140,141000,4.938676410000001,0.043635744,0.035454042,0.003177222,0.00500448,5.859418857,49.287453,22.161633,4186.559478580952,186,0.96875,39,4.424157751262915,0,0.0,"{""11"":11,""12"":8,""13"":4,""14"":1,""4"":4,""5"":41,""6"":68,""7"":30,""8"":16,""9"":3}","{""10"":3,""11"":43,""12"":2,""13"":2,""14"":13,""15"":1,""16"":3,""17"":9,""20"":2,""24"":12,""25"":1,""26"":1,""27"":5,""28"":1,""29"":1,""30"":1,""31"":1,""35"":1,""5"":4,""7"":19,""8"":22,""9"":39}",146,5.140339315067983,53,0.053,"{""10"":6,""11"":11,""12"":21,""13"":15,""14"":2,""15"":2,""3"":53,""4"":70,""5"":150,""6"":415,""7"":171,""8"":64,""9"":20}","{""10"":34,""11"":129,""12"":48,""13"":7,""14"":36,""15"":20,""16"":10,""17"":24,""18"":5,""19"":1,""20"":8,""21"":5,""23"":6,""24"":12,""25"":9,""26"":5,""27"":11,""28"":4,""3"":53,""30"":8,""31"":1,""33"":2,""35"":1,""4"":38,""5"":49,""6"":18,""7"":53,""8"":72,""9"":331}","{""Diagonal CMA-ES"":{""attempts"":313,""discoveries"":0,""improvements"":1,""insertions"":1,""insertion_rate"":0.003194888178913738},""Immigrant"":{""attempts"":157,""discoveries"":0,""improvements"":0,""insertions"":0,""insertion_rate"":0.0},""Morphology"":{""attempts"":291,""discoveries"":0,""improvements"":4,""insertions"":4,""insertion_rate"":0.013745704467353952},""Novelty"":{""attempts"":239,""discoveries"":0,""improvements"":1,""insertions"":1,""insertion_rate"":0.0041841004184100415}}","{""Morphology"":191,""Novelty"":28}",0,0.9101796407185628,false,35000
38,141,142000,4.9870851100000015,0.0484087,0.039313962,0.002506396,0.006588342,5.915755176,49.287453,22.161633,4202.00655156374,186,0.96875,39,4.43171551158952,0,0.0,"{""11"":11,""12"":7,""13"":4,""14"":1,""15"":1,""4"":4,""5"":41,""6"":67,""7"":31,""8"":16,""9"":3}","{""10"":3,""11"":44,""12"":2,""13"":2,""14"":13,""15"":1,""16"":3,""17"":9,""20"":2,""24"":12,""25"":2,""26"":1,""27"":3,""28"":1,""29"":1,""30"":1,""31"":1,""32"":1,""35"":1,""5"":4,""7"":19,""8"":22,""9"":38}",145,5.325832709711721,46,0.046,"{""10"":1,""11"":35,""12"":39,""13"":9,""14"":20,""15"":2,""3"":46,""4"":57,""5"":158,""6"":385,""7"":146,""8"":63,""9"":39}","{""10"":20,""11"":189,""12"":33,""13"":7,""14"":50,""15"":16,""16"":15,""17"":38,""18"":12,""20"":23,""21"":1,""23"":5,""24"":37,""25"":15,""26"":2,""27"":20,""28"":3,""29"":19,""3"":46,""30"":2,""31"":2,""32"":3,""33"":3,""37"":1,""4"":31,""5"":47,""6"":28,""7"":53,""8"":65,""9"":214}","{""Diagonal CMA-ES"":{""attempts"":315,""discoveries"":0,""improvements"":0,""insertions"":0,""insertion_rate"":0.0},""Immigrant"":{""attempts"":143,""discoveries"":0,""improvements"":0,""insertions"":0,""insertion_rate"":0.0},""Morphology"":{""attempts"":267,""discoveries"":0,""improvements"":5,""insertions"":5,""insertion_rate"":0.018726591760299626},""Novelty"":{""attempts"":275,""discoveries"":0,""improvements"":0,""insertions"":0,""insertion_rate"":0.0}}","{""Morphology"":176,""Novelty"":31}",1,0.9107142857142857,false,36000
38,142,143000,5.032752328000002,0.045667218,0.034918568,0.003149914,0.007598736,5.970359221,49.287453,22.161633,4225.563008844852,187,0.9739583,40,4.447659836948666,0,0.0,"{""11"":11,""12"":6,""13"":4,""14"":1,""15"":1,""4"":4,""5"":42,""6"":66,""7"":32,""8"":17,""9"":3}","{""10"":3,""11"":45,""12"":2,""13"":2,""14"":13,""15"":1,""16"":3,""17"":10,""20"":2,""24"":12,""25"":2,""26"":1,""27"":2,""28"":1,""29"":1,""30"":1,""31"":1,""32"":1,""35"":1,""5"":4,""7"":19,""8"":23,""9"":37}",154,5.5655417126302025,44,0.044,"{""10"":4,""11"":33,""12"":40,""13"":19,""14"":3,""16"":1,""3"":44,""4"":64,""5"":165,""6"":325,""7"":195,""8"":77,""9"":30}","{""10"":29,""11"":167,""12"":36,""13"":6,""14"":53,""15"":18,""16"":30,""17"":46,""18"":4,""19"":1,""20"":19,""21"":5,""23"":3,""24"":36,""25"":15,""26"":5,""27"":23,""28"":6,""29"":3,""3"":44,""30"":4,""31"":1,""32"":2,""33"":1,""35"":2,""36"":1,""37"":1,""4"":33,""5"":54,""6"":19,""7"":60,""8"":76,""9"":197}","{""Diagonal CMA-ES"":{""attempts"":306,""discoveries"":1,""improvements"":0,""insertions"":1,""insertion_rate"":0.0032679738562091504},""Immigrant"":{""attempts"":140,""discoveries"":0,""improvements"":0,""insertions"":0,""insertion_rate"":0.0},""Morphology"":{""attempts"":291,""discoveries"":0,""improvements"":6,""insertions"":6,""insertion_rate"":0.020618556701030927},""Novelty"":{""attempts"":263,""discoveries"":0,""improvements"":0,""insertions"":0,""insertion_rate"":0.0}}","{""Morphology"":198,""Novelty"":30}",1,0.9107142857142857,false,37000
38,143,144000,5.077694104000002,0.044941775999999996,0.037202938,0.003104796,0.004634042,6.024799417,49.287453,21.471998,4233.552466094494,188,0.9791667,40,4.453043380660768,0,0.0,"{""11"":11,""12"":6,""13"":4,""14"":1,""15"":1,""4"":4,""5"":43,""6"":65,""7"":33,""8"":17,""9"":3}","{""10"":3,""11"":44,""12"":2,""13"":2,""14"":14,""15"":1,""16"":3,""17"":10,""20"":2,""24"":12,""25"":2,""26"":1,""27"":2,""28"":1,""29"":1,""30"":1,""31"":1,""32"":1,""35"":1,""5"":4,""7"":19,""8"":24,""9"":37}",143,5.122924265157588,44,0.044,"{""10"":6,""11"":26,""12"":30,""13"":9,""3"":44,""4"":59,""5"":261,""6"":198,""7"":153,""8"":176,""9"":38}","{""10"":15,""11"":132,""12"":43,""13"":3,""14"":49,""15"":11,""16"":21,""17"":157,""18"":13,""19"":5,""20"":16,""21"":4,""23"":9,""24"":29,""25"":15,""26"":4,""27"":14,""3"":44,""30"":2,""31"":2,""34"":1,""36"":1,""37"":1,""4"":36,""5"":40,""6"":26,""7"":57,""8"":173,""9"":77}","{""Diagonal CMA-ES"":{""attempts"":292,""discoveries"":0,""improvements"":0,""insertions"":0,""insertion_rate"":0.0},""Immigrant"":{""attempts"":138,""discoveries"":0,""improvements"":0,""insertions"":0,""insertion_rate"":0.0},""Morphology"":{""attempts"":311,""discoveries"":0,""improvements"":4,""insertions"":4,""insertion_rate"":0.012861736334405145},""Novelty"":{""attempts"":259,""discoveries"":1,""improvements"":0,""insertions"":1,""insertion_rate"":0.003861003861003861}}","{""Morphology"":203,""Novelty"":39}",0,0.9107142857142857,false,38000
38,144,145000,5.124194808000001,0.04650070399999999,0.039752077,0.00213002,0.004618607,6.079401087,49.287453,21.471998,4251.732255160809,188,0.9791667,39,4.422575619265453,0,0.0,"{""11"":11,""12"":5,""13"":4,""14"":1,""15"":2,""4"":4,""5"":43,""6"":66,""7"":32,""8"":17,""9"":3}","{""10"":2,""11"":45,""12"":2,""13"":2,""14"":14,""15"":1,""16"":3,""17"":10,""20"":2,""24"":11,""25"":2,""26"":1,""27"":2,""28"":1,""29"":1,""30"":1,""31"":1,""32"":2,""35"":1,""5"":4,""7"":19,""8"":24,""9"":37}",154,5.135916464852776,53,0.053,"{""10"":9,""11"":35,""12"":40,""13"":18,""14"":1,""15"":1,""3"":53,""4"":63,""5"":362,""6"":198,""7"":115,""8"":72,""9"":33}","{""10"":14,""11"":121,""12"":32,""13"":2,""14"":38,""15"":12,""16"":21,""17"":45,""18"":6,""19"":2,""20"":27,""21"":6,""23"":4,""24"":37,""25"":21,""26"":1,""27"":18,""28"":12,""3"":53,""30"":1,""31"":1,""32"":3,""33"":1,""35"":2,""36"":1,""37"":1,""4"":31,""5"":60,""6"":19,""7"":62,""8"":261,""9"":85}","{""Diagonal CMA-ES"":{""attempts"":324,""discoveries"":0,""improvements"":0,""insertions"":0,""insertion_rate"":0.0},""Immigrant"":{""attempts"":154,""discoveries"":0,""improvements"":0,""insertions"":0,""insertion_rate"":0.0},""Morphology"":{""attempts"":289,""discoveries"":0,""improvements"":5,""insertions"":5,""insertion_rate"":0.01730103806228374},""Novelty"":{""attempts"":233,""discoveries"":0,""improvements"":0,""insertions"":0,""insertion_rate"":0.0}}","{""Morphology"":191,""Novelty"":27}",1,0.9112426035502958,false,39000
38,145,146000,5.164001500000001,0.039806692,0.033999596,0.002016039,0.003791057,6.127000047,49.287453,21.471998,4258.371622741222,188,0.9791667,39,4.439907816870489,0,0.0,"{""11"":10,""12"":6,""13"":4,""14"":1,""15"":2,""4"":4,""5"":43,""6"":66,""7"":32,""8"":17,""9"":3}","{""10"":2,""11"":45,""12"":2,""13"":2,""14"":14,""15"":1,""16"":3,""17"":10,""20"":2,""24"":10,""25"":2,""26"":1,""27"":3,""28"":1,""29"":1,""30"":1,""31"":1,""32"":2,""35"":1,""5"":4,""7"":19,""8"":24,""9"":37}",143,5.107720745013933,46,0.046,"{""10"":7,""11"":38,""12"":40,""13"":12,""3"":46,""4"":53,""5"":359,""6"":201,""7"":144,""8"":73,""9"":27}","{""10"":17,""11"":128,""12"":39,""13"":4,""14"":47,""15"":14,""16"":28,""17"":44,""18"":6,""19"":3,""20"":19,""21"":5,""23"":7,""24"":38,""25"":12,""26"":2,""27"":26,""28"":6,""3"":46,""30"":3,""31"":1,""32"":1,""33"":2,""4"":26,""5"":39,""6"":29,""7"":45,""8"":282,""9"":81}","{""Diagonal CMA-ES"":{""attempts"":319,""discoveries"":0,""improvements"":1,""insertions"":1,""insertion_rate"":0.003134796238244514},""Immigrant"":{""attempts"":143,""discoveries"":0,""improvements"":0,""insertions"":0,""insertion_rate"":0.0},""Morphology"":{""attempts"":278,""discoveries"":0,""improvements"":2,""insertions"":2,""insertion_rate"":0.007194244604316547},""Novelty"":{""attempts"":260,""discoveries"":0,""improvements"":0,""insertions"":0,""insertion_rate"":0.0}}","{""Morphology"":193,""Novelty"":36}",0,0.9117647058823529,false,40000
38,146,147000,5.211599273000001,0.047597773,0.039494433,0.002112211,0.005991129,6.183850468,49.287453,21.471998,4267.016627013683,188,0.9791667,39,4.439907816870488,0,0.0,"{""11"":10,""12"":6,""13"":4,""14"":1,""15"":2,""4"":4,""5"":43,""6"":66,""7"":32,""8"":17,""9"":3}","{""10"":2,""11"":45,""12"":2,""13"":2,""14"":14,""15"":1,""16"":3,""17"":10,""20"":2,""24"":10,""25"":2,""26"":1,""27"":3,""28"":1,""29"":1,""30"":1,""31"":1,""32"":2,""35"":1,""5"":4,""7"":19,""8"":24,""9"":37}",134,5.103543669075087,37,0.037,"{""10"":14,""11"":15,""12"":59,""13"":22,""3"":37,""4"":58,""5"":364,""6"":209,""7"":130,""8"":69,""9"":23}","{""10"":8,""11"":122,""12"":34,""13"":3,""14"":44,""15"":19,""16"":19,""17"":47,""18"":5,""19"":1,""20"":19,""21"":7,""23"":6,""24"":15,""25"":20,""26"":2,""27"":38,""28"":11,""3"":37,""30"":4,""31"":3,""32"":3,""33"":1,""35"":2,""37"":1,""4"":30,""5"":58,""6"":24,""7"":47,""8"":277,""9"":93}","{""Diagonal CMA-ES"":{""attempts"":316,""discoveries"":0,""improvements"":0,""insertions"":0,""insertion_rate"":0.0},""Immigrant"":{""attempts"":139,""discoveries"":0,""improvements"":0,""insertions"":0,""insertion_rate"":0.0},""Morphology"":{""attempts"":293,""discoveries"":0,""improvements"":2,""insertions"":2,""insertion_rate"":0.006825938566552901},""Novelty"":{""attempts"":252,""discoveries"":0,""improvements"":0,""insertions"":0,""insertion_rate"":0.0}}","{""Morphology"":204,""Novelty"":34}",1,0.9117647058823529,false,41000
38,147,148000,5.260803464000001,0.049204191,0.037381033,0.004168619,0.007654539,6.245496404,49.287453,21.471998,4278.727195441723,188,0.9791667,39,4.456155071724178,0,0.0,"{""11"":9,""12"":7,""13"":4,""14"":1,""15"":2,""4"":4,""5"":42,""6"":66,""7"":33,""8"":17,""9"":3}","{""10"":2,""11"":46,""12"":2,""13"":2,""14"":14,""15"":1,""16"":3,""17"":10,""20"":2,""24"":9,""25"":2,""26"":1,""27"":4,""28"":1,""29"":1,""30"":1,""31"":1,""32"":2,""35"":1,""5"":4,""7"":19,""8"":23,""9"":37}",139,5.214886204220554,39,0.039,"{""10"":10,""11"":14,""12"":46,""13"":25,""15"":1,""3"":39,""4"":88,""5"":275,""6"":236,""7"":140,""8"":94,""9"":32}","{""10"":14,""11"":172,""12"":40,""13"":8,""14"":41,""15"":11,""16"":24,""17"":67,""18"":11,""19"":3,""20"":23,""21"":7,""23"":6,""24"":15,""25"":19,""26"":2,""27"":27,""28"":11,""3"":39,""30"":8,""32"":2,""33"":1,""34"":1,""35"":1,""37"":2,""4"":57,""5"":55,""6"":23,""7"":50,""8"":185,""9"":75}","{""Diagonal CMA-ES"":{""attempts"":289,""discoveries"":0,""improvements"":0,""insertions"":0,""insertion_rate"":0.0},""Immigrant"":{""attempts"":171,""discoveries"":0,""improvements"":0,""insertions"":0,""insertion_rate"":0.0},""Morphology"":{""attempts"":274,""discoveries"":0,""improvements"":3,""insertions"":3,""insertion_rate"":0.010948905109489052},""Novelty"":{""attempts"":266,""discoveries"":0,""improvements"":0,""insertions"":0,""insertion_rate"":0.0}}","{""Morphology"":193,""Novelty"":27}",0,0.9122807017543859,false,42000
38,148,149000,5.313126701000002,0.052323237,0.042714397,0.003355318,0.006253522,6.309854139,49.287453,22.161633,4292.5674359202385,188,0.9791667,39,4.458762651488395,0,0.0,"{""11"":9,""12"":7,""13"":4,""14"":1,""15"":2,""4"":4,""5"":41,""6"":66,""7"":34,""8"":17,""9"":3}","{""10"":2,""11"":48,""12"":2,""13"":2,""14"":14,""15"":1,""16"":3,""17"":10,""20"":2,""24"":9,""25"":2,""26"":1,""27"":4,""28"":1,""29"":1,""30"":1,""31"":1,""32"":2,""35"":1,""5"":4,""7"":19,""8"":22,""9"":36}",151,5.347358836690599,54,0.054,"{""10"":8,""11"":11,""12"":46,""13"":23,""15"":93,""16"":13,""3"":54,""4"":66,""5"":139,""6"":193,""7"":134,""8"":175,""9"":45}","{""10"":11,""11"":122,""12"":25,""13"":7,""14"":54,""15"":14,""16"":17,""17"":150,""18"":10,""19"":1,""20"":31,""21"":3,""23"":7,""24"":14,""25"":22,""26"":3,""27"":24,""28"":11,""3"":54,""30"":6,""31"":1,""32"":93,""33"":7,""34"":1,""35"":5,""36"":1,""37"":1,""39"":1,""4"":37,""42"":1,""5"":46,""6"":24,""7"":45,""8"":63,""9"":88}","{""Diagonal CMA-ES"":{""attempts"":316,""discoveries"":0,""improvements"":0,""insertions"":0,""insertion_rate"":0.0},""Immigrant"":{""attempts"":146,""discoveries"":0,""improvements"":0,""insertions"":0,""insertion_rate"":0.0},""Morphology"":{""attempts"":275,""discoveries"":0,""improvements"":4,""insertions"":4,""insertion_rate"":0.014545454545454545},""Novelty"":{""attempts"":263,""discoveries"":0,""improvements"":0,""insertions"":0,""insertion_rate"":0.0}}","{""Morphology"":181,""Novelty"":35}",0,0.9122807017543859,false,43000
38,149,150000,5.357608992000001,0.04448229099999999,0.0348782,0.003255584,0.006348507,6.365144445,49.287453,22.161633,4317.943597495556,189,0.984375,40,4.4856970318942935,0,0.0,"{""11"":9,""12"":7,""13"":5,""14"":1,""15"":2,""4"":4,""5"":41,""6"":66,""7"":34,""8"":17,""9"":3}","{""10"":2,""11"":48,""12"":2,""13"":2,""14"":14,""15"":1,""16"":3,""17"":10,""20"":2,""24"":9,""25"":2,""26"":1,""27"":4,""28"":1,""29"":1,""30"":1,""31"":1,""32"":3,""35"":1,""5"":4,""7"":19,""8"":22,""9"":36}",165,5.753421979661852,57,0.057,"{""10"":9,""11"":10,""12"":61,""13"":26,""15"":4,""16"":3,""3"":57,""4"":60,""5"":198,""6"":248,""7"":179,""8"":106,""9"":39}","{""10"":18,""11"":166,""12"":36,""13"":10,""14"":65,""15"":18,""16"":18,""17"":63,""18"":9,""19"":5,""20"":19,""21"":5,""23"":6,""24"":11,""25"":23,""26"":7,""27"":35,""28"":8,""3"":57,""30"":6,""31"":4,""32"":6,""33"":2,""35"":3,""37"":1,""4"":26,""5"":61,""6"":29,""7"":69,""8"":90,""9"":124}","{""Diagonal CMA-ES"":{""attempts"":285,""discoveries"":0,""improvements"":0,""insertions"":0,""insertion_rate"":0.0},""Immigrant"":{""attempts"":152,""discoveries"":0,""improvements"":0,""insertions"":0,""insertion_rate"":0.0},""Morphology"":{""attempts"":308,""discoveries"":1,""improvements"":5,""insertions"":6,""insertion_rate"":0.01948051948051948},""Novelty"":{""attempts"":255,""discoveries"":0,""improvements"":0,""insertions"":0,""insertion_rate"":0.0}}","{""Morphology"":204,""Novelty"":36}",1,0.9127906976744186,false,44000
38,150,151000,5.402372674000001,0.044763682,0.034753534,0.003347006,0.006663142,6.420058375,49.287453,22.197447,4336.4873368144035,189,0.984375,40,4.482355173429427,0,0.0,"{""11"":9,""12"":7,""13"":5,""14"":1,""15"":2,""4"":4,""5"":39,""6"":67,""7"":35,""8"":17,""9"":3}","{""10"":1,""11"":48,""12"":3,""13"":2,""14"":15,""15"":1,""16"":3,""17"":10,""20"":2,""24"":9,""25"":2,""26"":1,""27"":4,""28"":1,""29"":1,""30"":1,""31"":1,""32"":3,""35"":1,""5"":4,""7"":18,""8"":21,""9"":37}",146,5.406427538598738,53,0.053,"{""10"":4,""11"":7,""12"":61,""13"":27,""14"":5,""15"":1,""16"":1,""3"":53,""4"":64,""5"":148,""6"":347,""7"":182,""8"":68,""9"":32}","{""10"":20,""11"":212,""12"":52,""13"":7,""14"":48,""15"":12,""16"":18,""17"":37,""18"":7,""19"":3,""20"":25,""21"":4,""23"":2,""24"":7,""25"":21,""26"":3,""27"":39,""28"":9,""3"":53,""30"":5,""31"":2,""32"":10,""33"":5,""34"":1,""4"":37,""5"":53,""6"":21,""7"":54,""8"":56,""9"":177}","{""Diagonal CMA-ES"":{""attempts"":309,""discoveries"":0,""improvements"":0,""insertions"":0,""insertion_rate"":0.0},""Immigrant"":{""attempts"":148,""discoveries"":0,""improvements"":0,""insertions"":0,""insertion_rate"":0.0},""Morphology"":{""attempts"":284,""discoveries"":0,""improvements"":3,""insertions"":3,""insertion_rate"":0.01056338028169014},""Novelty"":{""attempts"":259,""discoveries"":0,""improvements"":2,""insertions"":2,""insertion_rate"":0.007722007722007722}}","{""Morphology"":171,""Novelty"":36}",1,0.9127906976744186,false,45000
38,151,152000,5.446853776000001,0.044481102,0.034761844,0.003285266,0.006433992,6.47401534,49.287453,22.197447,4352.718139231205,189,0.984375,40,4.504833464480687,0,0.0,"{""11"":9,""12"":7,""13"":5,""14"":1,""15"":3,""4"":4,""5"":38,""6"":68,""7"":36,""8"":15,""9"":3}","{""10"":2,""11"":49,""12"":3,""13"":2,""14"":15,""16"":3,""17"":9,""20"":2,""24"":9,""25"":2,""26"":1,""27"":4,""28"":1,""29"":1,""30"":1,""31"":1,""32"":4,""35"":1,""5"":4,""7"":17,""8"":21,""9"":37}",167,5.684587044070541,47,0.047,"{""10"":11,""11"":2,""12"":19,""13"":33,""14"":1,""15"":7,""3"":47,""4"":73,""5"":164,""6"":305,""7"":201,""8"":105,""9"":32}","{""10"":28,""11"":227,""12"":55,""13"":13,""14"":42,""15"":25,""16"":11,""17"":33,""18"":10,""19"":3,""20"":14,""21"":10,""23"":5,""24"":3,""25"":8,""26"":11,""27"":10,""28"":12,""29"":1,""3"":47,""30"":6,""31"":1,""32"":9,""35"":1,""36"":1,""37"":1,""4"":29,""5"":62,""6"":17,""7"":73,""8"":64,""9"":168}","{""Diagonal CMA-ES"":{""attempts"":313,""discoveries"":0,""improvements"":0,""insertions"":0,""insertion_rate"":0.0},""Immigrant"":{""attempts"":133,""discoveries"":0,""improvements"":0,""insertions"":0,""insertion_rate"":0.0},""Morphology"":{""attempts"":325,""discoveries"":0,""improvements"":4,""insertions"":4,""insertion_rate"":0.012307692307692308},""Novelty"":{""attempts"":229,""discoveries"":0,""improvements"":2,""insertions"":2,""insertion_rate"":0.008733624454148471}}","{""Morphology"":210,""Novelty"":25}",1,0.9127906976744186,false,46000
38,152,153000,5.495232793000001,0.048379017,0.037783529,0.003637895,0.006957593,6.531668378,49.287453,22.197447,4364.104778826237,189,0.984375,41,4.535386043903003,0,0.0,"{""11"":8,""12"":6,""13"":7,""14"":1,""15"":3,""4"":4,""5"":38,""6"":68,""7"":36,""8"":15,""9"":3}","{""10"":2,""11"":49,""12"":3,""13"":2,""14"":15,""16"":3,""17"":9,""20"":2,""24"":8,""25"":2,""26"":1,""27"":3,""28"":2,""29"":1,""30"":2,""31"":1,""32"":4,""35"":1,""5"":4,""7"":17,""8"":21,""9"":37}",164,5.671090228990212,41,0.041,"{""10"":5,""11"":2,""12"":15,""13"":40,""15"":13,""3"":41,""4"":68,""5"":180,""6"":314,""7"":201,""8"":99,""9"":22}","{""10"":31,""11"":258,""12"":49,""13"":14,""14"":41,""15"":20,""16"":20,""17"":31,""18"":10,""19"":2,""20"":2,""21"":5,""23"":3,""24"":3,""25"":9,""26"":13,""27"":7,""28"":12,""3"":41,""30"":11,""32"":14,""35"":1,""37"":1,""38"":1,""4"":32,""5"":56,""6"":23,""7"":58,""8"":93,""9"":139}","{""Diagonal CMA-ES"":{""attempts"":304,""discoveries"":0,""improvements"":1,""insertions"":1,""insertion_rate"":0.003289473684210526},""Immigrant"":{""attempts"":136,""discoveries"":0,""improvements"":0,""insertions"":0,""insertion_rate"":0.0},""Morphology"":{""attempts"":302,""discoveries"":0,""improvements"":4,""insertions"":4,""insertion_rate"":0.013245033112582781},""Novelty"":{""attempts"":258,""discoveries"":0,""improvements"":0,""insertions"":0,""insertion_rate"":0.0}}","{""Morphology"":221,""Novelty"":33}",1,0.9132947976878613,false,47000
38,153,154000,5.546141952000001,0.050909158999999995,0.041382243,0.003370752,0.006156164,6.59330719,49.287453,22.197447,4371.987304747105,189,0.984375,41,4.536150651946622,0,0.0,"{""11"":8,""12"":6,""13"":7,""14"":1,""15"":3,""4"":4,""5"":38,""6"":67,""7"":36,""8"":16,""9"":3}","{""10"":2,""11"":49,""12"":3,""13"":2,""14"":15,""16"":3,""17"":10,""20"":2,""24"":8,""25"":2,""26"":1,""27"":3,""28"":2,""29"":1,""30"":2,""31"":1,""32"":4,""35"":1,""5"":4,""7"":17,""8"":21,""9"":36}",163,5.768744668033853,59,0.059,"{""10"":8,""11"":11,""12"":31,""13"":31,""14"":11,""15"":4,""16"":2,""3"":59,""4"":69,""5"":182,""6"":271,""7"":180,""8"":103,""9"":38}","{""10"":19,""11"":208,""12"":56,""13"":12,""14"":42,""15"":22,""16"":18,""17"":47,""18"":15,""19"":4,""20"":17,""21"":6,""23"":5,""24"":11,""25"":5,""26"":5,""27"":23,""28"":15,""29"":6,""3"":59,""30"":11,""31"":6,""32"":4,""33"":1,""35"":1,""37"":1,""4"":37,""43"":1,""5"":54,""6"":23,""7"":76,""8"":70,""9"":120}","{""Diagonal CMA-ES"":{""attempts"":293,""discoveries"":0,""improvements"":1,""insertions"":1,""insertion_rate"":0.0034129692832764505},""Immigrant"":{""attempts"":159,""discoveries"":0,""improvements"":0,""insertions"":0,""insertion_rate"":0.0},""Morphology"":{""attempts"":297,""discoveries"":0,""improvements"":1,""insertions"":1,""insertion_rate"":0.003367003367003367},""Novelty"":{""attempts"":251,""discoveries"":0,""improvements"":0,""insertions"":0,""insertion_rate"":0.0}}","{""Morphology"":202,""Novelty"":37}",0,0.9137931034482759,false,48000
38,154,155000,5.590841519000001,0.044699567,0.034725038,0.003544098,0.006430431,6.647234472,49.287453,22.197447,4388.5807982087135,189,0.984375,41,4.556896346786521,0,0.0,"{""11"":7,""12"":6,""13"":8,""14"":1,""15"":3,""4"":4,""5"":38,""6"":67,""7"":36,""8"":16,""9"":3}","{""10"":1,""11"":50,""12"":3,""13"":2,""14"":16,""16"":4,""17"":9,""20"":2,""24"":7,""25"":2,""26"":1,""27"":3,""28"":3,""29"":1,""30"":2,""31"":1,""32"":4,""35"":1,""5"":4,""7"":17,""8"":21,""9"":35}",152,5.538331048525525,51,0.051,"{""10"":2,""11"":8,""12"":35,""13"":24,""14"":7,""15"":8,""3"":51,""4"":72,""5"":193,""6"":261,""7"":199,""8"":105,""9"":35}","{""10"":22,""11"":203,""12"":48,""13"":8,""14"":53,""15"":19,""16"":13,""17"":69,""18"":11,""19"":1,""20"":19,""21"":1,""23"":4,""24"":8,""25"":8,""26"":5,""27"":26,""28"":12,""29"":1,""3"":51,""30"":7,""31"":5,""32"":8,""35"":2,""37"":1,""4"":35,""5"":56,""6"":10,""7"":78,""8"":96,""9"":120}","{""Diagonal CMA-ES"":{""attempts"":298,""discoveries"":0,""improvements"":0,""insertions"":0,""insertion_rate"":0.0},""Immigrant"":{""attempts"":137,""discoveries"":0,""improvements"":0,""insertions"":0,""insertion_rate"":0.0},""Morphology"":{""attempts"":317,""discoveries"":0,""improvements"":6,""insertions"":6,""insertion_rate"":0.01892744479495268},""Novelty"":{""attempts"":248,""discoveries"":0,""improvements"":0,""insertions"":0,""insertion_rate"":0.0}}","{""Morphology"":205,""Novelty"":22}",1,0.9085714285714286,false,49000
38,155,156000,5.636495676000002,0.045654157,0.035956271,0.003196218,0.006501668,6.702130593,49.287453,22.197447,4397.21155077219,189,0.984375,41,4.574031402964294,0,0.0,"{""11"":7,""12"":5,""13"":9,""14"":1,""15"":3,""4"":4,""5"":37,""6"":69,""7"":35,""8"":16,""9"":3}","{""10"":1,""11"":52,""12"":3,""13"":2,""14"":15,""16"":4,""17"":9,""20"":2,""24"":7,""25"":1,""26"":1,""27"":3,""28"":4,""29"":1,""30"":2,""31"":1,""32"":4,""35"":1,""5"":4,""7"":17,""8"":20,""9"":35}",164,5.814090650816522,49,0.049,"{""10"":3,""11"":7,""12"":33,""13"":40,""14"":12,""15"":4,""16"":2,""3"":49,""4"":70,""5"":165,""6"":269,""7"":198,""8"":106,""9"":42}","{""10"":29,""11"":189,""12"":47,""13"":15,""14"":50,""15"":22,""16"":32,""17"":49,""18"":10,""19"":2,""20"":24,""21"":3,""23"":4,""24"":7,""25"":8,""26"":4,""27"":24,""28"":27,""29"":4,""3"":49,""30"":8,""31"":6,""32"":4,""33"":1,""34"":1,""35"":1,""36"":2,""37"":1,""4"":34,""5"":61,""6"":20,""7"":65,""8"":63,""9"":134}","{""Diagonal CMA-ES"":{""attempts"":274,""discoveries"":0,""improvements"":0,""insertions"":0,""insertion_rate"":0.0},""Immigrant"":{""attempts"":151,""discoveries"":0,""improvements"":0,""insertions"":0,""insertion_rate"":0.0},""Morphology"":{""attempts"":308,""discoveries"":0,""improvements"":3,""insertions"":3,""insertion_rate"":0.00974025974025974},""Novelty"":{""attempts"":267,""discoveries"":0,""improvements"":0,""insertions"":0,""insertion_rate"":0.0}}","{""Morphology"":210,""Novelty"":32}",0,0.9090909090909091,false,50000
38,156,157000,5.681161998000002,0.044666321999999994,0.034822396,0.003330384,0.006513542,6.757768778,49.287453,22.410229,4409.760180532932,189,0.984375,41,4.578775302182493,0,0.0,"{""11"":6,""12"":5,""13"":10,""14"":1,""15"":3,""4"":4,""5"":37,""6"":69,""7"":35,""8"":16,""9"":3}","{""10"":1,""11"":52,""12"":3,""13"":2,""14"":15,""16"":4,""17"":9,""20"":2,""24"":6,""25"":1,""26"":1,""27"":3,""28"":5,""29"":1,""30"":2,""31"":1,""32"":4,""35"":1,""5"":4,""7"":17,""8"":20,""9"":35}",153,5.72507995730767,37,0.037,"{""10"":10,""11"":14,""12"":36,""13"":32,""14"":10,""15"":5,""16"":1,""3"":37,""4"":63,""5"":186,""6"":264,""7"":198,""8"":122,""9"":22}","{""10"":25,""11"":184,""12"":41,""13"":10,""14"":62,""15"":17,""16"":41,""17"":55,""18"":6,""19"":2,""20"":11,""21"":9,""23"":2,""24"":16,""25"":3,""26"":3,""27"":28,""28"":20,""29"":5,""3"":37,""30"":7,""31"":9,""32"":8,""33"":1,""35"":1,""4"":29,""5"":54,""6"":28,""7"":60,""8"":92,""9"":134}","{""Diagonal CMA-ES"":{""attempts"":288,""discoveries"":0,""improvements"":0,""insertions"":0,""insertion_rate"":0.0},""Immigrant"":{""attempts"":130,""discoveries"":0,""improvements"":0,""insertions"":0,""insertion_rate"":0.0},""Morphology"":{""attempts"":309,""discoveries"":0,""improvements"":7,""insertions"":7,""insertion_rate"":0.022653721682847898},""Novelty"":{""attempts"":273,""discoveries"":0,""improvements"":0,""insertions"":0,""insertion_rate"":0.0}}","{""Morphology"":199,""Novelty"":26}",0,0.9090909090909091,false,51000
38,157,158000,5.728379834000002,0.047217836,0.037079459,0.003002688,0.007135689,6.814023173,49.287453,22.410229,4413.863676130772,189,0.984375,41,4.57410955726814,0,0.0,"{""11"":6,""12"":5,""13"":10,""14"":1,""15"":3,""4"":4,""5"":37,""6"":69,""7"":35,""8"":16,""9"":3}","{""10"":1,""11"":52,""12"":3,""13"":2,""14"":15,""16"":4,""17"":9,""20"":2,""24"":6,""25"":1,""26"":1,""27"":3,""28"":5,""29"":1,""30"":2,""31"":1,""32"":4,""35"":1,""5"":4,""7"":17,""8"":20,""9"":35}",155,5.689643237773359,57,0.057,"{""10"":8,""11"":13,""12"":35,""13"":27,""14"":16,""15"":9,""3"":57,""4"":67,""5"":171,""6"":263,""7"":205,""8"":99,""9"":30}","{""10"":25,""11"":205,""12"":46,""13"":14,""14"":49,""15"":14,""16"":23,""17"":56,""18"":10,""19"":1,""20"":20,""21"":3,""23"":7,""24"":13,""25"":5,""26"":2,""27"":27,""28"":20,""29"":7,""3"":57,""30"":4,""31"":12,""32"":10,""37"":1,""4"":32,""5"":58,""6"":19,""7"":60,""8"":75,""9"":125}","{""Diagonal CMA-ES"":{""attempts"":294,""discoveries"":0,""improvements"":0,""insertions"":0,""insertion_rate"":0.0},""Immigrant"":{""attempts"":157,""discoveries"":0,""improvements"":0,""insertions"":0,""insertion_rate"":0.0},""Morphology"":{""attempts"":297,""discoveries"":0,""improvements"":2,""insertions"":2,""insertion_rate"":0.006734006734006734},""Novelty"":{""attempts"":252,""discoveries"":0,""improvements"":0,""insertions"":0,""insertion_rate"":0.0}}","{""Morphology"":193,""Novelty"":30}",0,0.9096045197740112,false,52000
38,158,159000,5.771956212000002,0.043576378000000006,0.037119827,0.002057595,0.004398956,6.864158211,49.287453,22.553402,4424.935688555241,189,0.984375,41,4.602494120956782,0,0.0,"{""11"":6,""12"":6,""13"":9,""14"":1,""15"":3,""4"":4,""5"":35,""6"":67,""7"":38,""8"":17,""9"":3}","{""10"":1,""11"":51,""12"":3,""13"":2,""14"":17,""16"":4,""17"":10,""20"":2,""24"":6,""25"":1,""26"":1,""27"":4,""28"":5,""29"":1,""30"":2,""31"":1,""32"":4,""5"":4,""7"":16,""8"":19,""9"":35}",164,5.73015698055015,42,0.042,"{""10"":7,""11"":15,""12"":29,""13"":33,""14"":15,""15"":4,""16"":1,""3"":42,""4"":80,""5"":172,""6"":249,""7"":203,""8"":111,""9"":39}","{""10"":18,""11"":185,""12"":37,""13"":13,""14"":79,""15"":18,""16"":41,""17"":45,""18"":13,""19"":1,""20"":24,""21"":6,""23"":5,""24"":15,""25"":4,""26"":1,""27"":22,""28"":24,""29"":7,""3"":42,""30"":10,""31"":8,""32"":4,""35"":1,""4"":50,""40"":2,""5"":55,""6"":26,""7"":62,""8"":69,""9"":113}","{""Diagonal CMA-ES"":{""attempts"":294,""discoveries"":0,""improvements"":0,""insertions"":0,""insertion_rate"":0.0},""Immigrant"":{""attempts"":161,""discoveries"":0,""improvements"":0,""insertions"":0,""insertion_rate"":0.0},""Morphology"":{""attempts"":312,""discoveries"":0,""improvements"":6,""insertions"":6,""insertion_rate"":0.019230769230769232},""Novelty"":{""attempts"":233,""discoveries"":0,""improvements"":1,""insertions"":1,""insertion_rate"":0.004291845493562232}}","{""Morphology"":209,""Novelty"":26}",1,0.9096045197740112,false,53000
38,159,160000,5.820527572000002,0.04857136000000001,0.036823001,0.003208092,0.008540267,6.922848951,49.287453,22.996317,4435.964908182621,189,0.984375,42,4.632200182556486,0,0.0,"{""11"":6,""12"":6,""13"":8,""14"":2,""15"":3,""4"":4,""5"":34,""6"":68,""7"":38,""8"":17,""9"":3}","{""10"":1,""11"":53,""12"":3,""13"":2,""14"":17,""16"":4,""17"":10,""20"":2,""24"":6,""25"":1,""26"":1,""27"":4,""28"":4,""29"":1,""30"":2,""31"":2,""32"":4,""5"":4,""7"":16,""8"":18,""9"":34}",157,5.28557087916961,50,0.05,"{""10"":8,""11"":5,""12"":11,""13"":23,""14"":10,""15"":4,""16"":1,""3"":50,""4"":68,""5"":94,""6"":202,""7"":241,""8"":248,""9"":35}","{""10"":23,""11"":154,""12"":38,""13"":15,""14"":133,""15"":21,""16"":184,""17"":36,""18"":10,""19"":5,""20"":11,""21"":3,""22"":1,""23"":9,""24"":5,""25"":3,""26"":2,""27"":8,""28"":14,""29"":3,""3"":50,""30"":6,""31"":3,""32"":5,""33"":1,""35"":2,""36"":2,""37"":1,""4"":44,""5"":46,""6"":16,""7"":26,""8"":36,""9"":84}","{""Diagonal CMA-ES"":{""attempts"":290,""discoveries"":0,""improvements"":0,""insertions"":0,""insertion_rate"":0.0},""Immigrant"":{""attempts"":145,""discoveries"":0,""improvements"":0,""insertions"":0,""insertion_rate"":0.0},""Morphology"":{""attempts"":317,""discoveries"":0,""improvements"":6,""insertions"":6,""insertion_rate"":0.01892744479495268},""Novelty"":{""attempts"":248,""discoveries"":0,""improvements"":0,""insertions"":0,""insertion_rate"":0.0}}","{""Morphology"":216,""Novelty"":29}",1,0.9096045197740112,false,54000
38,160,161000,5.867028277000002,0.046500705,0.035163153,0.002967069,0.008370483,6.978769714,49.287453,22.996317,4448.282603800297,189,0.984375,44,4.667411939339837,0,0.0,"{""11"":5,""12"":6,""13"":7,""14"":3,""15"":4,""4"":4,""5"":34,""6"":68,""7"":38,""8"":17,""9"":3}","{""10"":1,""11"":53,""12"":3,""13"":2,""14"":17,""16"":4,""17"":10,""20"":2,""24"":5,""25"":1,""26"":1,""27"":4,""28"":3,""29"":1,""30"":2,""31"":3,""32"":5,""5"":4,""7"":16,""8"":18,""9"":34}",157,5.5710301947094365,56,0.056,"{""10"":5,""11"":2,""12"":4,""13"":116,""14"":18,""15"":12,""3"":56,""4"":67,""5"":139,""6"":185,""7"":179,""8"":186,""9"":31}","{""10"":22,""11"":163,""12"":39,""13"":12,""14"":42,""15"":23,""16"":120,""17"":26,""18"":8,""19"":3,""20"":14,""21"":2,""22"":1,""23"":7,""24"":2,""26"":4,""27"":4,""28"":107,""29"":6,""3"":56,""30"":5,""31"":10,""32"":11,""34"":2,""4"":41,""40"":1,""5"":56,""6"":14,""7"":54,""8"":51,""9"":94}","{""Diagonal CMA-ES"":{""attempts"":323,""discoveries"":0,""improvements"":0,""insertions"":0,""insertion_rate"":0.0},""Immigrant"":{""attempts"":163,""discoveries"":0,""improvements"":0,""insertions"":0,""insertion_rate"":0.0},""Morphology"":{""attempts"":289,""discoveries"":0,""improvements"":3,""insertions"":3,""insertion_rate"":0.010380622837370242},""Novelty"":{""attempts"":225,""discoveries"":0,""improvements"":0,""insertions"":0,""insertion_rate"":0.0}}","{""Morphology"":200,""Novelty"":24}",2,0.9096045197740112,false,55000
38,161,162000,5.9171241330000015,0.050095855999999994,0.040133201,0.003316136,0.006646519,7.040254177,49.287453,23.041328,4482.560866892338,189,0.984375,44,4.655018070497505,0,0.0,"{""11"":5,""12"":5,""13"":7,""14"":3,""15"":4,""4"":4,""5"":36,""6"":66,""7"":37,""8"":18,""9"":4}","{""10"":1,""11"":51,""12"":3,""13"":2,""14"":17,""16"":3,""17"":11,""20"":3,""24"":5,""25"":1,""26"":1,""27"":3,""28"":3,""29"":1,""30"":2,""31"":3,""32"":5,""5"":4,""7"":17,""8"":19,""9"":34}",174,5.793895946922766,44,0.044,"{""10"":7,""12"":11,""13"":162,""14"":33,""15"":14,""16"":1,""3"":44,""4"":78,""5"":148,""6"":183,""7"":200,""8"":94,""9"":25}","{""10"":17,""11"":159,""12"":39,""13"":13,""14"":61,""15"":11,""16"":19,""17"":46,""18"":7,""19"":3,""20"":8,""21"":2,""23"":6,""25"":2,""26"":6,""27"":9,""28"":138,""29"":18,""3"":44,""30"":13,""31"":9,""32"":13,""33"":4,""34"":3,""35"":2,""36"":3,""37"":1,""38"":1,""4"":36,""40"":1,""41"":1,""5"":57,""6"":28,""7"":61,""8"":52,""9"":107}","{""Diagonal CMA-ES"":{""attempts"":306,""discoveries"":0,""improvements"":0,""insertions"":0,""insertion_rate"":0.0},""Immigrant"":{""attempts"":158,""discoveries"":0,""improvements"":0,""insertions"":0,""insertion_rate"":0.0},""Morphology"":{""attempts"":293,""discoveries"":0,""improvements"":8,""insertions"":8,""insertion_rate"":0.027303754266211604},""Novelty"":{""attempts"":243,""discoveries"":0,""improvements"":0,""insertions"":0,""insertion_rate"":0.0}}","{""Morphology"":191,""Novelty"":27}",0,0.9101123595505618,false,56000
38,162,163000,5.962300994000001,0.045176861,0.037121014,0.003095297,0.00496055,7.094886717,49.287453,23.041328,4496.977331697941,189,0.984375,43,4.636879488737641,0,0.0,"{""11"":4,""12"":6,""13"":7,""14"":3,""15"":4,""4"":4,""5"":36,""6"":67,""7"":36,""8"":18,""9"":4}","{""10"":1,""11"":52,""12"":3,""13"":2,""14"":16,""16"":3,""17"":11,""20"":3,""24"":4,""25"":1,""26"":1,""27"":4,""28"":3,""29"":1,""30"":2,""31"":3,""32"":5,""5"":4,""7"":17,""8"":19,""9"":34}",176,5.911822438678638,54,0.054,"{""10"":11,""11"":1,""12"":7,""13"":42,""14"":20,""15"":15,""16"":1,""3"":54,""4"":77,""5"":156,""6"":270,""7"":212,""8"":103,""9"":31}","{""10"":29,""11"":206,""12"":49,""13"":23,""14"":54,""15"":22,""16"":5,""17"":37,""18"":8,""19"":1,""20"":14,""21"":11,""23"":3,""24"":3,""25"":1,""26"":7,""27"":8,""28"":27,""29"":6,""3"":54,""30"":8,""31"":8,""32"":16,""33"":2,""36"":3,""37"":1,""4"":38,""5"":61,""6"":15,""7"":69,""8"":64,""9"":147}","{""Diagonal CMA-ES"":{""attempts"":296,""discoveries"":0,""improvements"":0,""insertions"":0,""insertion_rate"":0.0},""Immigrant"":{""attempts"":152,""discoveries"":0,""improvements"":0,""insertions"":0,""insertion_rate"":0.0},""Morphology"":{""attempts"":318,""discoveries"":0,""improvements"":4,""insertions"":4,""insertion_rate"":0.012578616352201259},""Novelty"":{""attempts"":234,""discoveries"":0,""improvements"":0,""insertions"":0,""insertion_rate"":0.0}}","{""Morphology"":221,""Novelty"":38}",0,0.9050279329608939,false,57000
38,163,164000,6.008729273000001,0.046428279,0.039843499,0.00216564,0.00441914,7.148098056,49.287453,23.041328,4501.482838213444,189,0.984375,43,4.636430211364889,0,0.0,"{""11"":4,""12"":6,""13"":7,""14"":3,""15"":4,""4"":4,""5"":36,""6"":67,""7"":36,""8"":18,""9"":4}","{""10"":1,""11"":52,""12"":3,""13"":2,""14"":16,""16"":3,""17"":11,""20"":3,""24"":4,""25"":1,""26"":1,""27"":4,""28"":3,""29"":1,""30"":2,""31"":3,""32"":5,""5"":4,""7"":18,""8"":18,""9"":34}",157,5.705811885587633,41,0.041,"{""10"":11,""11"":1,""12"":7,""13"":32,""14"":16,""15"":49,""16"":3,""3"":41,""4"":68,""5"":152,""6"":245,""7"":181,""8"":163,""9"":31}","{""10"":14,""11"":175,""12"":43,""13"":14,""14"":42,""15"":21,""16"":29,""17"":93,""18"":6,""20"":18,""21"":2,""23"":10,""24"":3,""25"":2,""26"":6,""27"":5,""28"":16,""29"":6,""3"":41,""30"":6,""31"":6,""32"":52,""33"":3,""34"":2,""36"":1,""38"":1,""4"":33,""40"":1,""42"":1,""5"":69,""6"":15,""7"":58,""8"":53,""9"":153}","{""Diagonal CMA-ES"":{""attempts"":332,""discoveries"":0,""improvements"":1,""insertions"":1,""insertion_rate"":0.0030120481927710845},""Immigrant"":{""attempts"":147,""discoveries"":0,""improvements"":0,""insertions"":0,""insertion_rate"":0.0},""Morphology"":{""attempts"":285,""discoveries"":0,""improvements"":2,""insertions"":2,""insertion_rate"":0.007017543859649123},""Novelty"":{""attempts"":236,""discoveries"":0,""improvements"":0,""insertions"":0,""insertion_rate"":0.0}}","{""Morphology"":191,""Novelty"":27}",0,0.9060773480662984,false,58000
38,164,165000,6.058160240000001,0.049430967,0.040276864,0.002014853,0.00713925,7.205575372,49.287453,23.041328,4505.647751390934,189,0.984375,43,4.636430211364889,0,0.0,"{""11"":4,""12"":6,""13"":7,""14"":3,""15"":4,""4"":4,""5"":36,""6"":67,""7"":36,""8"":18,""9"":4}","{""10"":1,""11"":52,""12"":3,""13"":2,""14"":16,""16"":3,""17"":11,""20"":3,""24"":4,""25"":1,""26"":1,""27"":4,""28"":3,""29"":1,""30"":2,""31"":3,""32"":5,""5"":4,""7"":18,""8"":18,""9"":34}",164,5.824173292876234,55,0.055,"{""10"":6,""11"":3,""12"":21,""13"":33,""14"":29,""15"":18,""16"":3,""3"":55,""4"":75,""5"":186,""6"":251,""7"":176,""8"":109,""9"":35}","{""10"":18,""11"":185,""12"":42,""13"":9,""14"":47,""15"":21,""16"":15,""17"":64,""18"":4,""19"":2,""20"":26,""21"":3,""23"":3,""24"":4,""25"":3,""26"":3,""27"":19,""28"":25,""29"":7,""3"":55,""30"":5,""31"":17,""32"":12,""33"":4,""34"":7,""39"":1,""4"":37,""41"":1,""5"":63,""6"":34,""7"":57,""8"":83,""9"":124}","{""Diagonal CMA-ES"":{""attempts"":291,""discoveries"":0,""improvements"":0,""insertions"":0,""insertion_rate"":0.0},""Immigrant"":{""attempts"":174,""discoveries"":0,""improvements"":0,""insertions"":0,""insertion_rate"":0.0},""Morphology"":{""attempts"":283,""discoveries"":0,""improvements"":2,""insertions"":2,""insertion_rate"":0.007067137809187279},""Novelty"":{""attempts"":252,""discoveries"":0,""improvements"":0,""insertions"":0,""insertion_rate"":0.0}}","{""Morphology"":197,""Novelty"":24}",0,0.9060773480662984,false,59000
38,165,166000,6.107259951000001,0.049099711000000004,0.039033759,0.003373127,0.006692825,7.265181523,49.287453,23.317175,4510.681150972843,189,0.984375,43,4.63643021136489,0,0.0,"{""11"":4,""12"":6,""13"":6,""14"":3,""15"":4,""16"":1,""4"":4,""5"":36,""6"":67,""7"":36,""8"":18,""9"":4}","{""10"":1,""11"":52,""12"":3,""13"":2,""14"":16,""16"":3,""17"":11,""20"":3,""24"":4,""25"":1,""26"":1,""27"":4,""28"":2,""29"":1,""30"":2,""31"":3,""32"":5,""33"":1,""5"":4,""7"":18,""8"":18,""9"":34}",169,5.801255639128088,48,0.048,"{""10"":16,""11"":3,""12"":40,""13"":37,""14"":22,""15"":15,""16"":3,""3"":48,""4"":84,""5"":161,""6"":254,""7"":183,""8"":87,""9"":47}","{""10"":18,""11"":198,""12"":36,""13"":13,""14"":51,""15"":16,""16"":14,""17"":47,""18"":12,""19"":4,""20"":28,""21"":8,""23"":7,""24"":3,""25"":3,""26"":3,""27"":39,""28"":30,""29"":3,""3"":48,""30"":4,""31"":17,""32"":14,""33"":2,""34"":1,""35"":3,""36"":1,""4"":42,""40"":1,""5"":73,""6"":22,""7"":64,""8"":55,""9"":120}","{""Diagonal CMA-ES"":{""attempts"":304,""discoveries"":0,""improvements"":0,""insertions"":0,""insertion_rate"":0.0},""Immigrant"":{""attempts"":173,""discoveries"":0,""improvements"":0,""insertions"":0,""insertion_rate"":0.0},""Morphology"":{""attempts"":293,""discoveries"":0,""improvements"":2,""insertions"":2,""insertion_rate"":0.006825938566552901},""Novelty"":{""attempts"":230,""discoveries"":0,""improvements"":0,""insertions"":0,""insertion_rate"":0.0}}","{""Morphology"":191,""Novelty"":30}",1,0.9060773480662984,false,60000
38,166,167000,6.173688341000002,0.06642839,0.057046326,0.003000313,0.006381751,7.341555947,49.287453,23.317175,4511.350424349308,189,0.984375,43,4.636430211364889,0,0.0,"{""11"":4,""12"":6,""13"":6,""14"":3,""15"":4,""16"":1,""4"":4,""5"":36,""6"":67,""7"":36,""8"":18,""9"":4}","{""10"":1,""11"":52,""12"":3,""13"":2,""14"":16,""16"":3,""17"":11,""20"":3,""24"":4,""25"":1,""26"":1,""27"":4,""28"":2,""29"":1,""30"":2,""31"":3,""32"":5,""33"":1,""5"":4,""7"":18,""8"":18,""9"":34}",166,5.78140913404384,49,0.049,"{""10"":16,""11"":4,""12"":28,""13"":29,""14"":21,""15"":12,""16"":2,""17"":1,""3"":49,""4"":63,""5"":173,""6"":274,""7"":171,""8"":113,""9"":44}","{""10"":23,""11"":192,""12"":44,""13"":15,""14"":36,""15"":15,""16"":15,""17"":66,""18"":9,""19"":1,""20"":31,""21"":9,""23"":4,""24"":4,""25"":5,""26"":3,""27"":25,""28"":18,""29"":4,""3"":49,""30"":8,""31"":18,""32"":12,""33"":2,""34"":1,""36"":1,""4"":38,""5"":49,""6"":20,""7"":66,""8"":68,""9"":149}","{""Diagonal CMA-ES"":{""attempts"":309,""discoveries"":0,""improvements"":0,""insertions"":0,""insertion_rate"":0.0},""Immigrant"":{""attempts"":144,""discoveries"":0,""improvements"":0,""insertions"":0,""insertion_rate"":0.0},""Morphology"":{""attempts"":290,""discoveries"":0,""improvements"":2,""insertions"":2,""insertion_rate"":0.006896551724137931},""Novelty"":{""attempts"":257,""discoveries"":0,""improvements"":0,""insertions"":0,""insertion_rate"":0.0}}","{""Morphology"":200,""Novelty"":20}",0,0.9060773480662984,false,61000
38,167,168000,6.242573261000002,0.06888492,0.058625438,0.003291203,0.006968279,7.420409459,49.287453,23.51056,4531.226045191288,189,0.984375,43,4.6419458553422706,0,0.0,"{""11"":4,""12"":6,""13"":6,""14"":3,""15"":4,""16"":1,""4"":4,""5"":35,""6"":69,""7"":35,""8"":18,""9"":4}","{""10"":1,""11"":51,""12"":3,""13"":2,""14"":16,""16"":3,""17"":11,""20"":3,""24"":4,""25"":1,""26"":1,""27"":4,""28"":2,""29"":1,""30"":2,""31"":3,""32"":5,""33"":1,""5"":4,""7"":17,""8"":18,""9"":36}",164,5.858781536154216,63,0.063,"{""10"":12,""11"":6,""12"":41,""13"":31,""14"":16,""15"":15,""16"":4,""17"":1,""3"":63,""4"":83,""5"":167,""6"":240,""7"":183,""8"":102,""9"":36}","{""10"":16,""11"":186,""12"":52,""13"":10,""14"":46,""15"":17,""16"":15,""17"":48,""18"":10,""19"":7,""20"":25,""21"":7,""23"":5,""24"":6,""25"":5,""26"":3,""27"":39,""28"":18,""3"":63,""30"":8,""31"":15,""32"":11,""33"":5,""34"":4,""36"":2,""38"":1,""4"":32,""5"":75,""6"":26,""7"":61,""8"":64,""9"":118}","{""Diagonal CMA-ES"":{""attempts"":272,""discoveries"":0,""improvements"":0,""insertions"":0,""insertion_rate"":0.0},""Immigrant"":{""attempts"":181,""discoveries"":0,""improvements"":0,""insertions"":0,""insertion_rate"":0.0},""Morphology"":{""attempts"":289,""discoveries"":0,""improvements"":4,""insertions"":4,""insertion_rate"":0.01384083044982699},""Novelty"":{""attempts"":258,""discoveries"":0,""improvements"":1,""insertions"":1,""insertion_rate"":0.003875968992248062}}","{""Morphology"":202,""Novelty"":28}",0,0.9060773480662984,false,62000
38,168,169000,6.3131548360000025,0.07058157500000001,0.061206634,0.002141894,0.007233047,7.499248723,49.287453,23.51056,4532.613229334354,189,0.984375,43,4.641945855342271,0,0.0,"{""11"":4,""12"":6,""13"":6,""14"":3,""15"":4,""16"":1,""4"":4,""5"":35,""6"":69,""7"":35,""8"":18,""9"":4}","{""10"":1,""11"":51,""12"":3,""13"":2,""14"":16,""16"":3,""17"":11,""20"":3,""24"":4,""25"":1,""26"":1,""27"":4,""28"":2,""29"":1,""30"":2,""31"":3,""32"":5,""33"":1,""5"":4,""7"":17,""8"":18,""9"":36}",192,5.825056067762944,46,0.046,"{""10"":9,""11"":3,""12"":34,""13"":29,""14"":24,""15"":12,""16"":4,""17"":1,""3"":46,""4"":64,""5"":140,""6"":307,""7"":183,""8"":95,""9"":49}","{""10"":22,""11"":219,""12"":54,""13"":7,""14"":47,""15"":23,""16"":16,""17"":49,""18"":10,""20"":36,""21"":7,""23"":3,""24"":4,""25"":6,""26"":4,""27"":28,""28"":16,""29"":5,""3"":46,""30"":8,""31"":16,""32"":11,""33"":3,""34"":2,""35"":1,""36"":1,""37"":2,""4"":24,""40"":1,""41"":1,""5"":59,""6"":19,""7"":55,""8"":56,""9"":139}","{""Diagonal CMA-ES"":{""attempts"":302,""discoveries"":0,""improvements"":0,""insertions"":0,""insertion_rate"":0.0},""Immigrant"":{""attempts"":126,""discoveries"":0,""improvements"":0,""insertions"":0,""insertion_rate"":0.0},""Morphology"":{""attempts"":293,""discoveries"":0,""improvements"":1,""insertions"":1,""insertion_rate"":0.0034129692832764505},""Novelty"":{""attempts"":279,""discoveries"":0,""improvements"":0,""insertions"":0,""insertion_rate"":0.0}}","{""Morphology"":202,""Novelty"":41}",0,0.9065934065934066,false,63000
38,169,170000,6.3824386900000025,0.06928385399999999,0.058691928,0.003065615,0.007526311,7.5777911620000005,49.287453,23.51056,4535.737175524235,189,0.984375,42,4.610214770538056,0,0.0,"{""11"":4,""12"":6,""13"":6,""14"":3,""15"":5,""4"":4,""5"":35,""6"":70,""7"":34,""8"":18,""9"":4}","{""10"":1,""11"":52,""12"":2,""13"":2,""14"":16,""16"":3,""17"":11,""20"":3,""24"":4,""25"":1,""26"":1,""27"":4,""28"":2,""29"":1,""30"":3,""31"":3,""32"":5,""5"":4,""7"":17,""8"":18,""9"":36}",166,5.808359649664882,40,0.04,"{""10"":11,""11"":2,""12"":16,""13"":14,""14"":16,""15"":19,""16"":7,""17"":2,""3"":40,""4"":69,""5"":183,""6"":270,""7"":210,""8"":109,""9"":32}","{""10"":20,""11"":204,""12"":56,""13"":15,""14"":45,""15"":16,""16"":12,""17"":49,""18"":11,""19"":5,""20"":13,""21"":4,""23"":5,""24"":4,""25"":5,""26"":6,""27"":13,""28"":6,""29"":5,""3"":40,""30"":4,""31"":8,""32"":16,""33"":9,""34"":4,""35"":1,""4"":33,""5"":64,""6"":23,""7"":82,""8"":62,""9"":160}","{""Diagonal CMA-ES"":{""attempts"":301,""discoveries"":0,""improvements"":0,""insertions"":0,""insertion_rate"":0.0},""Immigrant"":{""attempts"":148,""discoveries"":0,""improvements"":0,""insertions"":0,""insertion_rate"":0.0},""Morphology"":{""attempts"":296,""discoveries"":0,""improvements"":2,""insertions"":2,""insertion_rate"":0.006756756756756757},""Novelty"":{""attempts"":255,""discoveries"":0,""improvements"":0,""insertions"":0,""insertion_rate"":0.0}}","{""Morphology"":198,""Novelty"":27}",1,0.9065934065934066,false,64000
38,170,171000,6.429732512000003,0.047293822,0.036264969,0.003509666,0.007519187,7.634307951,49.287453,23.647009,4567.372494280338,189,0.984375,43,4.607443941519291,0,0.0,"{""11"":3,""12"":6,""13"":4,""14"":3,""15"":7,""4"":4,""5"":36,""6"":70,""7"":33,""8"":19,""9"":4}","{""10"":1,""11"":52,""12"":2,""13"":2,""14"":15,""16"":3,""17"":12,""20"":3,""24"":3,""25"":1,""27"":4,""28"":2,""29"":1,""30"":2,""31"":3,""32"":7,""5"":4,""7"":17,""8"":19,""9"":36}",169,5.708584737480786,45,0.045,"{""10"":14,""11"":1,""12"":6,""13"":30,""14"":9,""15"":26,""16"":3,""3"":45,""4"":74,""5"":173,""6"":291,""7"":185,""8"":109,""9"":34}","{""10"":31,""11"":209,""12"":43,""13"":21,""14"":38,""15"":13,""16"":7,""17"":53,""18"":9,""19"":1,""20"":14,""21"":10,""23"":5,""24"":3,""25"":1,""26"":8,""27"":6,""28"":13,""29"":2,""3"":45,""30"":14,""31"":7,""32"":17,""33"":3,""34"":4,""4"":37,""5"":59,""6"":16,""7"":76,""8"":67,""9"":168}","{""Diagonal CMA-ES"":{""attempts"":313,""discoveries"":0,""improvements"":1,""insertions"":1,""insertion_rate"":0.003194888178913738},""Immigrant"":{""attempts"":145,""discoveries"":0,""improvements"":0,""insertions"":0,""insertion_rate"":0.0},""Morphology"":{""attempts"":295,""discoveries"":0,""improvements"":5,""insertions"":5,""insertion_rate"":0.01694915254237288},""Novelty"":{""attempts"":247,""discoveries"":0,""improvements"":1,""insertions"":1,""insertion_rate"":0.004048582995951417}}","{""Morphology"":184,""Novelty"":30}",2,0.9065934065934066,false,65000
38,171,172000,6.477416958000003,0.047684446000000005,0.037210062,0.003177222,0.007297162,7.691774582,49.287453,23.647009,4577.234699785709,189,0.984375,44,4.603121749865628,0,0.0,"{""11"":2,""12"":6,""13"":3,""14"":4,""15"":8,""4"":4,""5"":37,""6"":69,""7"":33,""8"":19,""9"":4}","{""10"":1,""11"":51,""12"":2,""13"":2,""14"":15,""16"":3,""17"":12,""20"":3,""24"":2,""25"":1,""27"":4,""28"":1,""29"":1,""30"":2,""31"":4,""32"":8,""5"":4,""7"":17,""8"":20,""9"":36}",159,5.612077288942465,47,0.047,"{""10"":12,""11"":9,""12"":24,""13"":33,""14"":33,""15"":15,""16"":4,""3"":47,""4"":75,""5"":135,""6"":267,""7"":211,""8"":88,""9"":47}","{""10"":15,""11"":130,""12"":50,""13"":4,""14"":100,""15"":21,""16"":34,""17"":43,""18"":6,""19"":5,""20"":35,""21"":5,""23"":8,""24"":9,""25"":3,""26"":2,""27"":25,""28"":18,""29"":6,""3"":47,""30"":13,""31"":26,""32"":14,""33"":4,""34"":1,""35"":1,""4"":36,""5"":68,""6"":25,""7"":33,""8"":57,""9"":156}","{""Diagonal CMA-ES"":{""attempts"":305,""discoveries"":0,""improvements"":0,""insertions"":0,""insertion_rate"":0.0},""Immigrant"":{""attempts"":162,""discoveries"":0,""improvements"":0,""insertions"":0,""insertion_rate"":0.0},""Morphology"":{""attempts"":301,""discoveries"":0,""improvements"":5,""insertions"":5,""insertion_rate"":0.016611295681063124},""Novelty"":{""attempts"":232,""discoveries"":0,""improvements"":0,""insertions"":0,""insertion_rate"":0.0}}","{""Morphology"":193,""Novelty"":28}",1,0.9065934065934066,false,66000
38,172,173000,6.527635107000003,0.050218149,0.039993099,0.003488295,0.006736755,7.752144168,49.287453,23.647009,4589.4090257287025,189,0.984375,43,4.60699466414654,0,0.0,"{""11"":2,""12"":6,""13"":3,""14"":4,""15"":8,""4"":4,""5"":36,""6"":69,""7"":34,""8"":19,""9"":4}","{""10"":1,""11"":51,""12"":2,""13"":2,""14"":15,""16"":4,""17"":12,""20"":3,""24"":2,""25"":1,""27"":4,""28"":1,""29"":1,""30"":2,""31"":4,""32"":8,""5"":4,""7"":16,""8"":20,""9"":36}",164,5.732780562046367,45,0.045,"{""10"":13,""11"":3,""12"":18,""13"":16,""14"":23,""15"":27,""16"":6,""3"":45,""4"":67,""5"":178,""6"":230,""7"":225,""8"":89,""9"":60}","{""10"":21,""11"":159,""12"":44,""13"":7,""14"":108,""15"":19,""16"":25,""17"":55,""18"":18,""19"":4,""20"":34,""21"":7,""23"":11,""24"":5,""25"":1,""27"":18,""28"":10,""29"":2,""3"":45,""30"":9,""31"":19,""32"":21,""33"":7,""34"":2,""35"":2,""4"":39,""40"":1,""5"":53,""6"":24,""7"":53,""8"":85,""9"":92}","{""Diagonal CMA-ES"":{""attempts"":305,""discoveries"":0,""improvements"":1,""insertions"":1,""insertion_rate"":0.003278688524590164},""Immigrant"":{""attempts"":140,""discoveries"":0,""improvements"":0,""insertions"":0,""insertion_rate"":0.0},""Morphology"":{""attempts"":324,""discoveries"":0,""improvements"":2,""insertions"":2,""insertion_rate"":0.006172839506172839},""Novelty"":{""attempts"":231,""discoveries"":0,""improvements"":1,""insertions"":1,""insertion_rate"":0.004329004329004329}}","{""Morphology"":222,""Novelty"":21}",0,0.907103825136612,false,67000
38,173,174000,6.577708406000003,0.050073299,0.038846165,0.003465737,0.007761397,7.814362384,49.287453,23.647009,4612.108026087284,189,0.984375,43,4.596061293342641,0,0.0,"{""11"":1,""12"":7,""13"":3,""14"":5,""15"":7,""4"":4,""5"":35,""6"":71,""7"":32,""8"":19,""9"":5}","{""10"":1,""11"":52,""12"":2,""13"":2,""14"":13,""16"":4,""17"":12,""20"":4,""24"":1,""25"":1,""27"":5,""28"":1,""29"":2,""30"":2,""31"":4,""32"":7,""5"":4,""7"":15,""8"":20,""9"":37}",170,5.7713973014200235,44,0.044,"{""10"":14,""11"":4,""12"":15,""13"":17,""14"":23,""15"":17,""16"":8,""3"":44,""4"":52,""5"":184,""6"":273,""7"":203,""8"":105,""9"":41}","{""10"":28,""11"":200,""12"":41,""13"":11,""14"":54,""15"":9,""16"":33,""17"":59,""18"":9,""19"":2,""20"":29,""21"":13,""23"":4,""24"":5,""25"":1,""27"":15,""28"":7,""29"":2,""3"":44,""30"":10,""31"":22,""32"":12,""34"":5,""35"":1,""36"":2,""4"":27,""40"":1,""41"":1,""43"":2,""5"":40,""6"":25,""7"":70,""8"":82,""9"":134}","{""Diagonal CMA-ES"":{""attempts"":311,""discoveries"":0,""improvements"":0,""insertions"":0,""insertion_rate"":0.0},""Immigrant"":{""attempts"":130,""discoveries"":0,""improvements"":0,""insertions"":0,""insertion_rate"":0.0},""Morphology"":{""attempts"":297,""discoveries"":0,""improvements"":6,""insertions"":6,""insertion_rate"":0.020202020202020204},""Novelty"":{""attempts"":262,""discoveries"":0,""improvements"":0,""insertions"":0,""insertion_rate"":0.0}}","{""Morphology"":202,""Novelty"":30}",1,0.9027027027027027,false,68000
38,174,175000,6.623892101000003,0.046183695,0.036275655,0.003331571,0.006576469,7.87152744,49.287453,23.849607,4623.215600550175,189,0.984375,41,4.555211083259007,0,0.0,"{""11"":1,""12"":7,""13"":3,""14"":4,""15"":7,""16"":1,""4"":4,""5"":35,""6"":72,""7"":32,""8"":18,""9"":5}","{""10"":1,""11"":52,""12"":2,""13"":2,""14"":12,""16"":4,""17"":12,""20"":4,""24"":1,""25"":1,""27"":5,""28"":1,""29"":1,""30"":1,""31"":4,""32"":8,""33"":1,""5"":4,""7"":15,""8"":20,""9"":38}",163,5.680962219026824,55,0.055,"{""10"":22,""12"":16,""13"":22,""14"":25,""15"":19,""16"":4,""3"":55,""4"":59,""5"":155,""6"":265,""7"":196,""8"":84,""9"":78}","{""10"":23,""11"":189,""12"":44,""13"":10,""14"":50,""15"":15,""16"":31,""17"":48,""18"":6,""19"":1,""20"":70,""21"":13,""23"":4,""25"":3,""27"":14,""28"":15,""3"":55,""30"":12,""31"":25,""32"":14,""33"":2,""34"":3,""35"":1,""36"":1,""4"":27,""5"":56,""6"":18,""7"":49,""8"":67,""9"":134}","{""Diagonal CMA-ES"":{""attempts"":301,""discoveries"":0,""improvements"":0,""insertions"":0,""insertion_rate"":0.0},""Immigrant"":{""attempts"":145,""discoveries"":0,""improvements"":0,""insertions"":0,""insertion_rate"":0.0},""Morphology"":{""attempts"":286,""discoveries"":0,""improvements"":4,""insertions"":4,""insertion_rate"":0.013986013986013986},""Novelty"":{""attempts"":268,""discoveries"":0,""improvements"":0,""insertions"":0,""insertion_rate"":0.0}}","{""Morphology"":189,""Novelty"":33}",1,0.9032258064516129,false,69000
38,175,176000,6.695782084000003,0.07188998299999999,0.060079884,0.003392124,0.008417975,7.953615164,49.287453,23.999325,4629.060164988041,189,0.984375,40,4.538041175863046,0,0.0,"{""11"":1,""12"":7,""13"":2,""14"":4,""15"":8,""16"":1,""4"":4,""5"":35,""6"":72,""7"":32,""8"":18,""9"":5}","{""10"":1,""11"":52,""12"":2,""13"":2,""14"":12,""16"":4,""17"":12,""20"":4,""24"":1,""25"":1,""27"":5,""28"":1,""29"":1,""30"":1,""31"":4,""32"":8,""33"":1,""5"":4,""7"":15,""8"":20,""9"":38}",157,5.632190914482704,60,0.06,"{""10"":21,""12"":21,""13"":24,""14"":24,""15"":21,""16"":5,""17"":1,""3"":60,""4"":57,""5"":157,""6"":267,""7"":160,""8"":100,""9"":82}","{""10"":17,""11"":192,""12"":37,""13"":11,""14"":42,""15"":13,""16"":27,""17"":63,""18"":8,""19"":1,""20"":67,""21"":14,""23"":7,""24"":2,""27"":22,""28"":10,""29"":2,""3"":60,""30"":15,""31"":21,""32"":16,""33"":7,""34"":4,""35"":1,""36"":1,""4"":31,""5"":48,""6"":23,""7"":54,""8"":68,""9"":116}","{""Diagonal CMA-ES"":{""attempts"":302,""discoveries"":0,""improvements"":0,""insertions"":0,""insertion_rate"":0.0},""Immigrant"":{""attempts"":152,""discoveries"":0,""improvements"":0,""insertions"":0,""insertion_rate"":0.0},""Morphology"":{""attempts"":304,""discoveries"":0,""improvements"":1,""insertions"":1,""insertion_rate"":0.003289473684210526},""Novelty"":{""attempts"":242,""discoveries"":0,""improvements"":0,""insertions"":0,""insertion_rate"":0.0}}","{""Morphology"":201,""Novelty"":26}",0,0.9032258064516129,false,70000
38,176,177000,6.751637545000003,0.055855460999999995,0.043281927,0.004165057,0.008408477,8.021431512,49.287453,23.999325,4638.572297632694,189,0.984375,40,4.539578181447454,0,0.0,"{""11"":1,""12"":7,""13"":2,""14"":3,""15"":9,""16"":1,""4"":4,""5"":35,""6"":71,""7"":32,""8"":18,""9"":6}","{""10"":1,""11"":51,""12"":2,""13"":2,""14"":12,""16"":4,""17"":12,""20"":5,""24"":1,""25"":1,""27"":5,""28"":1,""30"":1,""31"":4,""32"":9,""33"":1,""5"":4,""7"":15,""8"":20,""9"":38}",163,5.468111517736283,47,0.047,"{""10"":32,""12"":22,""13"":22,""14"":19,""15"":122,""16"":23,""3"":47,""4"":56,""5"":116,""6"":198,""7"":134,""8"":62,""9"":147}","{""10"":24,""11"":130,""12"":45,""13"":5,""14"":28,""15"":8,""16"":20,""17"":44,""18"":10,""19"":2,""20"":134,""21"":20,""23"":13,""24"":4,""27"":23,""28"":8,""3"":47,""30"":12,""31"":18,""32"":120,""33"":13,""34"":2,""35"":10,""4"":32,""40"":1,""42"":1,""43"":1,""5"":48,""6"":16,""7"":35,""8"":50,""9"":76}","{""Diagonal CMA-ES"":{""attempts"":280,""discoveries"":0,""improvements"":0,""insertions"":0,""insertion_rate"":0.0},""Immigrant"":{""attempts"":135,""discoveries"":0,""improvements"":0,""insertions"":0,""insertion_rate"":0.0},""Morphology"":{""attempts"":326,""discoveries"":0,""improvements"":3,""insertions"":3,""insertion_rate"":0.009202453987730062},""Novelty"":{""attempts"":259,""discoveries"":0,""improvements"":0,""insertions"":0,""insertion_rate"":0.0}}","{""Morphology"":222,""Novelty"":37}",1,0.8983957219251337,false,71000
38,177,178000,6.801228798000003,0.049591252999999995,0.037908196,0.003127355,0.008555702,8.082014812,49.287453,23.999325,4653.278541147709,189,0.984375,41,4.556748088843417,0,0.0,"{""11"":1,""12"":7,""13"":2,""14"":3,""15"":8,""16"":2,""4"":4,""5"":35,""6"":71,""7"":32,""8"":18,""9"":6}","{""10"":1,""11"":51,""12"":2,""13"":2,""14"":12,""16"":4,""17"":12,""20"":5,""24"":1,""25"":1,""27"":5,""28"":1,""30"":1,""31"":4,""32"":8,""33"":1,""35"":1,""5"":4,""7"":15,""8"":20,""9"":38}",154,5.4930296334784,51,0.051,"{""10"":22,""12"":14,""13"":8,""14"":15,""15"":110,""16"":22,""3"":51,""4"":71,""5"":132,""6"":216,""7"":142,""8"":72,""9"":125}","{""10"":23,""11"":162,""12"":24,""13"":5,""14"":31,""15"":16,""16"":22,""17"":45,""18"":14,""19"":1,""20"":109,""21"":14,""23"":10,""24"":1,""27"":15,""28"":6,""3"":51,""30"":2,""31"":15,""32"":109,""33"":18,""34"":1,""35"":4,""4"":40,""5"":52,""6"":21,""7"":50,""8"":44,""9"":95}","{""Diagonal CMA-ES"":{""attempts"":312,""discoveries"":0,""improvements"":0,""insertions"":0,""insertion_rate"":0.0},""Immigrant"":{""attempts"":150,""discoveries"":0,""improvements"":0,""insertions"":0,""insertion_rate"":0.0},""Morphology"":{""attempts"":269,""discoveries"":0,""improvements"":2,""insertions"":2,""insertion_rate"":0.007434944237918215},""Novelty"":{""attempts"":269,""discoveries"":0,""improvements"":0,""insertions"":0,""insertion_rate"":0.0}}","{""Morphology"":186,""Novelty"":39}",1,0.898936170212766,false,72000
38,178,179000,6.871444683000003,0.07021588499999999,0.059304575,0.003390936,0.007520374,8.16367392,49.287453,23.999325,4655.49829441309,189,0.984375,41,4.565852267181018,0,0.0,"{""11"":1,""12"":7,""13"":2,""14"":3,""15"":8,""16"":2,""4"":4,""5"":35,""6"":70,""7"":33,""8"":18,""9"":6}","{""10"":1,""11"":52,""12"":2,""13"":2,""14"":12,""16"":4,""17"":12,""20"":5,""24"":1,""25"":1,""27"":5,""28"":1,""30"":1,""31"":4,""32"":8,""33"":1,""35"":1,""5"":4,""7"":15,""8"":20,""9"":37}",157,5.665588117520414,56,0.056,"{""10"":15,""12"":7,""13"":7,""14"":4,""15"":129,""16"":11,""17"":3,""3"":56,""4"":66,""5"":159,""6"":231,""7"":167,""8"":101,""9"":44}","{""10"":18,""11"":175,""12"":37,""13"":19,""14"":39,""15"":11,""16"":21,""17"":40,""18"":12,""19"":3,""20"":23,""21"":11,""23"":5,""24"":3,""27"":7,""28"":5,""3"":56,""30"":3,""31"":3,""32"":129,""33"":3,""34"":1,""35"":9,""36"":3,""39"":1,""4"":33,""5"":51,""6"":28,""7"":57,""8"":67,""9"":127}","{""Diagonal CMA-ES"":{""attempts"":294,""discoveries"":0,""improvements"":0,""insertions"":0,""insertion_rate"":0.0},""Immigrant"":{""attempts"":153,""discoveries"":0,""improvements"":0,""insertions"":0,""insertion_rate"":0.0},""Morphology"":{""attempts"":306,""discoveries"":0,""improvements"":1,""insertions"":1,""insertion_rate"":0.0032679738562091504},""Novelty"":{""attempts"":247,""discoveries"":0,""improvements"":0,""insertions"":0,""insertion_rate"":0.0}}","{""Morphology"":198,""Novelty"":31}",0,0.898936170212766,false,73000
38,179,180000,6.944895969000003,0.073451286,0.062036558,0.004059388,0.00735534,8.247429804,49.287453,24.91528,4668.555071413517,189,0.984375,40,4.536703862915209,0,0.0,"{""11"":1,""12"":6,""13"":2,""14"":3,""15"":9,""16"":2,""4"":4,""5"":34,""6"":72,""7"":33,""8"":17,""9"":6}","{""10"":1,""11"":53,""12"":2,""13"":2,""14"":12,""16"":4,""17"":11,""20"":5,""24"":1,""27"":5,""28"":1,""30"":1,""31"":4,""32"":8,""33"":2,""35"":1,""5"":4,""7"":15,""8"":19,""9"":38}",159,5.674674429261532,54,0.054,"{""10"":18,""12"":3,""13"":6,""14"":7,""15"":106,""16"":11,""17"":2,""3"":54,""4"":83,""5"":158,""6"":233,""7"":190,""8"":91,""9"":38}","{""10"":27,""11"":173,""12"":44,""13"":19,""14"":40,""15"":19,""16"":19,""17"":34,""18"":11,""19"":1,""20"":19,""21"":12,""23"":4,""24"":2,""27"":4,""28"":4,""29"":1,""3"":54,""30"":3,""31"":6,""32"":104,""33"":5,""34"":2,""35"":5,""36"":2,""4"":48,""41"":1,""5"":60,""6"":23,""7"":61,""8"":55,""9"":138}","{""Diagonal CMA-ES"":{""attempts"":303,""discoveries"":0,""improvements"":0,""insertions"":0,""insertion_rate"":0.0},""Immigrant"":{""attempts"":164,""discoveries"":0,""improvements"":0,""insertions"":0,""insertion_rate"":0.0},""Morphology"":{""attempts"":286,""discoveries"":0,""improvements"":3,""insertions"":3,""insertion_rate"":0.01048951048951049},""Novelty"":{""attempts"":247,""discoveries"":0,""improvements"":0,""insertions"":0,""insertion_rate"":0.0}}","{""Morphology"":190,""Novelty"":36}",1,0.8994708994708994,false,74000
38,180,181000,7.0163442760000025,0.071448307,0.06009057,0.003014562,0.008343175,8.328761217,49.287453,24.91528,4671.90283447504,189,0.984375,39,4.5195339555192495,0,0.0,"{""11"":1,""12"":6,""13"":2,""14"":3,""15"":9,""16"":2,""4"":4,""5"":34,""6"":72,""7"":33,""8"":17,""9"":6}","{""10"":1,""11"":53,""12"":2,""13"":2,""14"":12,""16"":4,""17"":11,""20"":5,""24"":1,""27"":5,""28"":1,""30"":1,""31"":4,""32"":8,""33"":2,""35"":1,""5"":4,""7"":15,""8"":19,""9"":38}",162,5.658548390812584,54,0.054,"{""10"":18,""12"":4,""13"":11,""14"":10,""15"":130,""16"":9,""17"":1,""3"":54,""4"":61,""5"":147,""6"":246,""7"":188,""8"":87,""9"":34}","{""10"":21,""11"":164,""12"":41,""13"":17,""14"":60,""15"":11,""16"":14,""17"":34,""18"":7,""19"":1,""20"":18,""21"":17,""23"":3,""24"":2,""27"":7,""28"":6,""29"":2,""3"":54,""30"":6,""31"":6,""32"":125,""33"":7,""34"":4,""35"":4,""36"":1,""4"":27,""42"":1,""5"":57,""6"":26,""7"":50,""8"":54,""9"":153}","{""Diagonal CMA-ES"":{""attempts"":312,""discoveries"":0,""improvements"":0,""insertions"":0,""insertion_rate"":0.0},""Immigrant"":{""attempts"":151,""discoveries"":0,""improvements"":0,""insertions"":0,""insertion_rate"":0.0},""Morphology"":{""attempts"":280,""discoveries"":0,""improvements"":2,""insertions"":2,""insertion_rate"":0.007142857142857143},""Novelty"":{""attempts"":257,""discoveries"":0,""improvements"":0,""insertions"":0,""insertion_rate"":0.0}}","{""Morphology"":184,""Novelty"":28}",0,0.9,false,75000
38,181,182000,7.065758621000002,0.049414345,0.039752077,0.003096485,0.006565783,8.388015926,49.287453,25.230906,4684.144767343998,189,0.984375,38,4.478199589258988,0,0.0,"{""11"":1,""12"":6,""13"":2,""14"":3,""15"":9,""16"":2,""4"":4,""5"":34,""6"":74,""7"":31,""8"":17,""9"":6}","{""10"":1,""11"":53,""12"":2,""13"":1,""14"":12,""16"":4,""17"":11,""20"":5,""24"":1,""27"":5,""28"":1,""30"":1,""31"":4,""32"":8,""33"":2,""35"":1,""5"":4,""7"":15,""8"":19,""9"":39}",169,5.827903144694669,51,0.051,"{""10"":13,""12"":6,""13"":16,""14"":6,""15"":114,""16"":17,""3"":51,""4"":77,""5"":129,""6"":265,""7"":181,""8"":90,""9"":35}","{""10"":31,""11"":192,""12"":34,""13"":19,""14"":35,""15"":19,""16"":17,""17"":24,""18"":4,""19"":3,""20"":21,""21"":9,""23"":7,""24"":1,""27"":9,""28"":9,""3"":51,""30"":7,""31"":6,""32"":109,""33"":6,""34"":5,""35"":8,""36"":2,""4"":40,""40"":1,""43"":1,""44"":1,""5"":56,""6"":24,""7"":48,""8"":44,""9"":157}","{""Diagonal CMA-ES"":{""attempts"":272,""discoveries"":0,""improvements"":0,""insertions"":0,""insertion_rate"":0.0},""Immigrant"":{""attempts"":153,""discoveries"":0,""improvements"":0,""insertions"":0,""insertion_rate"":0.0},""Morphology"":{""attempts"":309,""discoveries"":0,""improvements"":3,""insertions"":3,""insertion_rate"":0.009708737864077669},""Novelty"":{""attempts"":266,""discoveries"":0,""improvements"":0,""insertions"":0,""insertion_rate"":0.0}}","{""Morphology"":214,""Novelty"":38}",0,0.9,false,76000
38,182,183000,7.116215418000002,0.050456797,0.040794529,0.003276955,0.006385313,8.448113619,49.287453,25.522757,4697.84661346674,189,0.984375,39,4.484115854926644,0,0.0,"{""11"":1,""12"":6,""13"":2,""14"":3,""15"":9,""16"":2,""4"":4,""5"":35,""6"":72,""7"":32,""8"":17,""9"":6}","{""10"":1,""11"":52,""12"":3,""13"":1,""14"":12,""16"":4,""17"":11,""20"":5,""24"":1,""27"":5,""28"":1,""30"":1,""31"":4,""32"":8,""33"":2,""35"":1,""5"":4,""7"":15,""8"":20,""9"":38}",152,5.608183225520353,52,0.052,"{""10"":14,""12"":6,""13"":9,""14"":4,""15"":34,""16"":10,""3"":52,""4"":69,""5"":161,""6"":297,""7"":216,""8"":92,""9"":36}","{""10"":28,""11"":232,""12"":43,""13"":11,""14"":50,""15"":10,""16"":22,""17"":35,""18"":10,""20"":22,""21"":7,""23"":7,""27"":8,""28"":4,""3"":52,""30"":2,""31"":3,""32"":29,""33"":3,""34"":4,""35"":10,""37"":2,""4"":33,""42"":1,""5"":58,""6"":19,""7"":61,""8"":68,""9"":166}","{""Diagonal CMA-ES"":{""attempts"":308,""discoveries"":0,""improvements"":0,""insertions"":0,""insertion_rate"":0.0},""Immigrant"":{""attempts"":148,""discoveries"":0,""improvements"":0,""insertions"":0,""insertion_rate"":0.0},""Morphology"":{""attempts"":305,""discoveries"":0,""improvements"":8,""insertions"":8,""insertion_rate"":0.02622950819672131},""Novelty"":{""attempts"":239,""discoveries"":0,""improvements"":0,""insertions"":0,""insertion_rate"":0.0}}","{""Morphology"":194,""Novelty"":22}",1,0.900523560209424,false,77000
38,183,184000,7.185832903000002,0.06961748499999999,0.059452988,0.003680638,0.006483859,8.527316198,49.287453,25.661331,4706.305258333683,189,0.984375,40,4.498691979276717,0,0.0,"{""11"":1,""12"":6,""13"":2,""14"":3,""15"":9,""16"":2,""4"":4,""5"":35,""6"":72,""7"":31,""8"":18,""9"":6}","{""10"":1,""11"":51,""12"":3,""13"":2,""14"":12,""16"":4,""17"":11,""20"":5,""24"":1,""27"":5,""28"":1,""30"":1,""31"":4,""32"":8,""33"":2,""35"":1,""5"":4,""7"":15,""8"":20,""9"":38}",157,5.473800727419903,50,0.05,"{""10"":19,""12"":3,""13"":9,""14"":8,""15"":23,""16"":5,""17"":1,""3"":50,""4"":69,""5"":154,""6"":367,""7"":171,""8"":75,""9"":46}","{""10"":31,""11"":173,""12"":38,""13"":14,""14"":31,""15"":17,""16"":16,""17"":22,""18"":10,""19"":1,""20"":27,""21"":13,""23"":10,""27"":4,""28"":7,""29"":2,""3"":50,""31"":6,""32"":20,""33"":1,""34"":3,""35"":4,""36"":2,""4"":40,""45"":1,""5"":47,""6"":19,""7"":69,""8"":54,""9"":268}","{""Diagonal CMA-ES"":{""attempts"":304,""discoveries"":0,""improvements"":0,""insertions"":0,""insertion_rate"":0.0},""Immigrant"":{""attempts"":146,""discoveries"":0,""improvements"":0,""insertions"":0,""insertion_rate"":0.0},""Morphology"":{""attempts"":286,""discoveries"":0,""improvements"":6,""insertions"":6,""insertion_rate"":0.02097902097902098},""Novelty"":{""attempts"":264,""discoveries"":0,""improvements"":0,""insertions"":0,""insertion_rate"":0.0}}","{""Morphology"":201,""Novelty"":35}",1,0.900523560209424,false,78000
38,184,185000,7.234126435000002,0.048293532,0.038031676,0.003073926,0.00718793,8.586808367,49.287453,25.661331,4706.814743578434,189,0.984375,40,4.498691979276717,0,0.0,"{""11"":1,""12"":6,""13"":2,""14"":3,""15"":9,""16"":2,""4"":4,""5"":35,""6"":72,""7"":31,""8"":18,""9"":6}","{""10"":1,""11"":51,""12"":3,""13"":2,""14"":12,""16"":4,""17"":11,""20"":5,""24"":1,""27"":5,""28"":1,""30"":1,""31"":4,""32"":8,""33"":2,""35"":1,""5"":4,""7"":15,""8"":20,""9"":38}",158,5.732885253559877,44,0.044,"{""10"":14,""12"":5,""13"":14,""14"":9,""15"":18,""16"":11,""3"":44,""4"":72,""5"":173,""6"":309,""7"":204,""8"":89,""9"":38}","{""10"":35,""11"":231,""12"":45,""13"":19,""14"":34,""15"":14,""16"":20,""17"":31,""18"":8,""19"":1,""20"":25,""21"":8,""23"":6,""27"":8,""28"":7,""3"":44,""30"":5,""31"":8,""32"":15,""33"":3,""34"":3,""35"":7,""37"":2,""4"":34,""41"":1,""42"":1,""5"":61,""6"":20,""7"":69,""8"":70,""9"":165}","{""Diagonal CMA-ES"":{""attempts"":264,""discoveries"":0,""improvements"":0,""insertions"":0,""insertion_rate"":0.0},""Immigrant"":{""attempts"":147,""discoveries"":0,""improvements"":0,""insertions"":0,""insertion_rate"":0.0},""Morphology"":{""attempts"":323,""discoveries"":0,""improvements"":1,""insertions"":1,""insertion_rate"":0.0030959752321981426},""Novelty"":{""attempts"":266,""discoveries"":0,""improvements"":0,""insertions"":0,""insertion_rate"":0.0}}","{""Morphology"":210,""Novelty"":26}",0,0.900523560209424,false,79000
38,185,186000,7.2811851720000025,0.047058737,0.035969331,0.004533121,0.006556285,8.642998648,49.287453,25.699965,4711.864824831486,189,0.984375,40,4.505279876090666,0,0.0,"{""11"":1,""12"":6,""13"":3,""14"":3,""15"":8,""16"":2,""4"":4,""5"":35,""6"":72,""7"":31,""8"":18,""9"":6}","{""10"":1,""11"":51,""12"":3,""13"":2,""14"":12,""16"":4,""17"":11,""20"":5,""24"":1,""27"":5,""28"":2,""30"":1,""31"":4,""32"":7,""33"":2,""35"":1,""5"":4,""7"":15,""8"":20,""9"":38}",148,5.598326952209286,45,0.045,"{""10"":12,""12"":3,""13"":15,""14"":15,""15"":12,""16"":8,""3"":45,""4"":75,""5"":161,""6"":338,""7"":194,""8"":83,""9"":39}","{""10"":24,""11"":181,""12"":58,""13"":17,""14"":41,""15"":11,""16"":22,""17"":26,""18"":4,""19"":4,""20"":24,""21"":9,""23"":5,""24"":2,""27"":5,""28"":7,""29"":2,""3"":45,""30"":7,""31"":11,""32"":11,""33"":3,""34"":2,""35"":5,""37"":1,""39"":1,""4"":41,""5"":53,""6"":22,""7"":64,""8"":62,""9"":230}","{""Diagonal CMA-ES"":{""attempts"":281,""discoveries"":0,""improvements"":0,""insertions"":0,""insertion_rate"":0.0},""Immigrant"":{""attempts"":151,""discoveries"":0,""improvements"":0,""insertions"":0,""insertion_rate"":0.0},""Morphology"":{""attempts"":307,""discoveries"":0,""improvements"":2,""insertions"":2,""insertion_rate"":0.006514657980456026},""Novelty"":{""attempts"":261,""discoveries"":0,""improvements"":0,""insertions"":0,""insertion_rate"":0.0}}","{""Morphology"":207,""Novelty"":27}",0,0.9010416666666666,false,80000
38,186,187000,7.354622210000002,0.073437038,0.063574115,0.003348193,0.00651473,8.72693144,49.287453,25.783623,4729.19450622797,189,0.984375,39,4.478654939110391,0,0.0,"{""11"":1,""12"":5,""13"":3,""14"":4,""15"":7,""16"":2,""17"":1,""4"":4,""5"":35,""6"":73,""7"":30,""8"":18,""9"":6}","{""10"":1,""11"":51,""12"":2,""13"":2,""14"":12,""16"":4,""17"":11,""20"":5,""24"":1,""27"":4,""28"":2,""30"":1,""31"":5,""32"":6,""33"":2,""35"":1,""38"":1,""5"":4,""7"":15,""8"":20,""9"":39}",150,5.739318857117055,65,0.065,"{""10"":13,""12"":3,""13"":10,""14"":15,""15"":51,""16"":11,""17"":1,""3"":65,""4"":57,""5"":185,""6"":272,""7"":211,""8"":73,""9"":33}","{""10"":30,""11"":185,""12"":46,""13"":20,""14"":50,""15"":9,""16"":24,""17"":23,""18"":7,""20"":15,""21"":11,""23"":5,""24"":1,""27"":4,""28"":8,""29"":2,""3"":65,""30"":3,""31"":10,""32"":50,""33"":2,""34"":2,""35"":9,""37"":1,""38"":1,""4"":28,""43"":1,""5"":52,""6"":30,""7"":72,""8"":67,""9"":167}","{""Diagonal CMA-ES"":{""attempts"":284,""discoveries"":0,""improvements"":0,""insertions"":0,""insertion_rate"":0.0},""Immigrant"":{""attempts"":166,""discoveries"":0,""improvements"":0,""insertions"":0,""insertion_rate"":0.0},""Morphology"":{""attempts"":287,""discoveries"":0,""improvements"":7,""insertions"":7,""insertion_rate"":0.024390243902439025},""Novelty"":{""attempts"":263,""discoveries"":0,""improvements"":0,""insertions"":0,""insertion_rate"":0.0}}","{""Morphology"":193,""Novelty"":26}",1,0.9015544041450777,false,81000
38,187,188000,7.426655856000003,0.07203364599999999,0.06222059,0.003109546,0.00670351,8.807904288,49.287453,25.783623,4734.775696337223,189,0.984375,39,4.478654939110392,0,0.0,"{""11"":1,""12"":5,""13"":3,""14"":4,""15"":7,""16"":2,""17"":1,""4"":4,""5"":35,""6"":73,""7"":30,""8"":18,""9"":6}","{""10"":1,""11"":51,""12"":2,""13"":2,""14"":12,""16"":4,""17"":11,""20"":5,""24"":1,""27"":4,""28"":2,""30"":1,""31"":5,""32"":6,""33"":2,""35"":1,""38"":1,""5"":4,""7"":15,""8"":20,""9"":39}",169,5.834149776480425,46,0.046,"{""10"":16,""12"":2,""13"":5,""14"":7,""15"":29,""16"":7,""17"":4,""18"":1,""3"":46,""4"":62,""5"":175,""6"":294,""7"":214,""8"":102,""9"":36}","{""10"":36,""11"":207,""12"":44,""13"":21,""14"":47,""15"":18,""16"":23,""17"":36,""18"":6,""19"":2,""20"":20,""21"":11,""23"":6,""24"":2,""27"":3,""28"":4,""3"":46,""30"":3,""31"":7,""32"":22,""33"":2,""34"":6,""35"":5,""36"":1,""38"":3,""39"":1,""4"":29,""41"":1,""5"":53,""6"":19,""7"":63,""8"":87,""9"":166}","{""Diagonal CMA-ES"":{""attempts"":277,""discoveries"":0,""improvements"":0,""insertions"":0,""insertion_rate"":0.0},""Immigrant"":{""attempts"":140,""discoveries"":0,""improvements"":0,""insertions"":0,""insertion_rate"":0.0},""Morphology"":{""attempts"":317,""discoveries"":0,""improvements"":4,""insertions"":4,""insertion_rate"":0.012618296529968454},""Novelty"":{""attempts"":266,""discoveries"":0,""improvements"":0,""insertions"":0,""insertion_rate"":0.0}}","{""Morphology"":208,""Novelty"":33}",0,0.9015544041450777,false,82000
38,188,189000,7.498916277000003,0.072260421,0.061920203,0.003143977,0.007196241,8.889306938,49.287453,25.812248,4760.984906256199,189,0.984375,40,4.489780304018699,0,0.0,"{""11"":1,""12"":5,""13"":2,""14"":4,""15"":6,""16"":2,""17"":3,""4"":4,""5"":34,""6"":74,""7"":30,""8"":18,""9"":6}","{""10"":1,""11"":52,""12"":2,""13"":2,""14"":12,""16"":4,""17"":11,""20"":5,""24"":1,""27"":4,""28"":1,""30"":1,""31"":5,""32"":5,""33"":2,""35"":1,""36"":1,""38"":2,""5"":4,""7"":15,""8"":19,""9"":39}",149,5.637867223162041,48,0.048,"{""10"":21,""13"":3,""14"":8,""15"":25,""16"":5,""17"":8,""18"":1,""3"":48,""4"":72,""5"":188,""6"":292,""7"":200,""8"":88,""9"":41}","{""10"":23,""11"":212,""12"":42,""13"":19,""14"":46,""15"":13,""16"":20,""17"":32,""18"":10,""20"":23,""21"":18,""23"":10,""24"":1,""29"":1,""3"":48,""30"":3,""31"":5,""32"":22,""33"":2,""34"":2,""35"":5,""36"":1,""38"":7,""4"":31,""41"":2,""5"":67,""6"":17,""7"":77,""8"":74,""9"":167}","{""Diagonal CMA-ES"":{""attempts"":326,""discoveries"":0,""improvements"":0,""insertions"":0,""insertion_rate"":0.0},""Immigrant"":{""attempts"":154,""discoveries"":0,""improvements"":0,""insertions"":0,""insertion_rate"":0.0},""Morphology"":{""attempts"":286,""discoveries"":0,""improvements"":5,""insertions"":5,""insertion_rate"":0.017482517482517484},""Novelty"":{""attempts"":234,""discoveries"":0,""improvements"":0,""insertions"":0,""insertion_rate"":0.0}}","{""Morphology"":192,""Novelty"":21}",1,0.9015544041450777,false,83000
38,189,190000,7.576022079000003,0.077105802,0.066606486,0.003577342,0.006921974,8.976497689,49.287453,25.812248,4766.169840872288,189,0.984375,41,4.520927743497774,0,0.0,"{""11"":1,""12"":5,""13"":2,""14"":3,""15"":6,""16"":2,""17"":4,""4"":4,""5"":34,""6"":73,""7"":31,""8"":18,""9"":6}","{""10"":2,""11"":52,""12"":2,""13"":2,""14"":12,""16"":4,""17"":11,""20"":5,""24"":1,""27"":4,""28"":1,""30"":1,""31"":4,""32"":5,""33"":2,""35"":1,""36"":1,""38"":3,""5"":4,""7"":15,""8"":19,""9"":38}",151,5.6313135823547515,42,0.042,"{""10"":19,""12"":1,""13"":6,""14"":5,""15"":15,""16"":2,""17"":63,""18"":6,""3"":42,""4"":67,""5"":167,""6"":292,""7"":182,""8"":104,""9"":29}","{""10"":25,""11"":223,""12"":39,""13"":16,""14"":44,""15"":10,""16"":23,""17"":38,""18"":5,""19"":1,""20"":21,""21"":11,""23"":8,""24"":1,""27"":2,""28"":3,""29"":2,""3"":42,""30"":5,""31"":3,""32"":8,""33"":1,""34"":5,""35"":2,""36"":4,""38"":58,""39"":4,""4"":34,""41"":2,""47"":1,""5"":56,""51"":1,""6"":27,""7"":58,""8"":70,""9"":147}","{""Diagonal CMA-ES"":{""attempts"":301,""discoveries"":0,""improvements"":0,""insertions"":0,""insertion_rate"":0.0},""Immigrant"":{""attempts"":144,""discoveries"":0,""improvements"":0,""insertions"":0,""insertion_rate"":0.0},""Morphology"":{""attempts"":290,""discoveries"":0,""improvements"":3,""insertions"":3,""insertion_rate"":0.010344827586206896},""Novelty"":{""attempts"":265,""discoveries"":0,""improvements"":0,""insertions"":0,""insertion_rate"":0.0}}","{""Morphology"":201,""Novelty"":27}",1,0.9020618556701031,false,84000
38,190,191000,7.646541914000003,0.07051983499999999,0.059577655,0.003193844,0.007748336,9.056956434,49.287453,25.812248,4767.135584890842,189,0.984375,40,4.503757836101814,0,0.0,"{""11"":1,""12"":5,""13"":1,""14"":3,""15"":6,""16"":2,""17"":5,""4"":4,""5"":34,""6"":73,""7"":31,""8"":18,""9"":6}","{""10"":2,""11"":52,""12"":2,""13"":2,""14"":12,""16"":4,""17"":11,""20"":5,""24"":1,""27"":4,""30"":1,""31"":4,""32"":5,""33"":2,""35"":1,""36"":1,""38"":4,""5"":4,""7"":15,""8"":19,""9"":38}",160,5.75155171750061,59,0.059,"{""10"":12,""12"":2,""13"":9,""14"":9,""15"":11,""16"":3,""17"":39,""18"":9,""3"":59,""4"":61,""5"":161,""6"":262,""7"":244,""8"":82,""9"":37}","{""10"":34,""11"":194,""12"":86,""13"":15,""14"":45,""15"":19,""16"":15,""17"":31,""18"":8,""19"":1,""20"":23,""21"":10,""23"":5,""27"":3,""28"":3,""29"":1,""3"":59,""30"":5,""31"":5,""32"":7,""33"":2,""34"":3,""35"":2,""37"":1,""38"":40,""39"":2,""4"":29,""40"":1,""41"":8,""5"":56,""6"":17,""7"":58,""8"":72,""9"":140}","{""Diagonal CMA-ES"":{""attempts"":298,""discoveries"":0,""improvements"":0,""insertions"":0,""insertion_rate"":0.0},""Immigrant"":{""attempts"":151,""discoveries"":0,""improvements"":0,""insertions"":0,""insertion_rate"":0.0},""Morphology"":{""attempts"":309,""discoveries"":0,""improvements"":3,""insertions"":3,""insertion_rate"":0.009708737864077669},""Novelty"":{""attempts"":242,""discoveries"":0,""improvements"":0,""insertions"":0,""insertion_rate"":0.0}}","{""Morphology"":205,""Novelty"":34}",0,0.9020618556701031,false,85000
38,191,192000,7.716373114000003,0.0698312,0.060323281,0.004409642,0.005098277,9.137320195,49.287453,25.812248,4772.865820944309,189,0.984375,40,4.503757836101814,0,0.0,"{""11"":1,""12"":5,""13"":1,""14"":3,""15"":6,""16"":2,""17"":5,""4"":4,""5"":34,""6"":73,""7"":31,""8"":18,""9"":6}","{""10"":2,""11"":52,""12"":2,""13"":2,""14"":12,""16"":4,""17"":11,""20"":5,""24"":1,""27"":4,""30"":1,""31"":4,""32"":5,""33"":2,""35"":1,""36"":1,""38"":4,""5"":4,""7"":15,""8"":19,""9"":38}",157,5.5916269883225596,44,0.044,"{""10"":21,""12"":3,""13"":10,""14"":8,""15"":12,""16"":4,""17"":120,""18"":12,""3"":44,""4"":72,""5"":138,""6"":198,""7"":258,""8"":66,""9"":34}","{""10"":22,""11"":137,""12"":150,""13"":13,""14"":34,""15"":17,""16"":12,""17"":19,""18"":7,""19"":2,""20"":19,""21"":12,""23"":7,""24"":2,""27"":7,""28"":4,""3"":44,""30"":5,""31"":6,""32"":8,""33"":2,""34"":4,""35"":5,""38"":120,""39"":8,""4"":42,""41"":4,""5"":52,""6"":26,""7"":50,""8"":49,""9"":111}","{""Diagonal CMA-ES"":{""attempts"":294,""discoveries"":0,""improvements"":0,""insertions"":0,""insertion_rate"":0.0},""Immigrant"":{""attempts"":161,""discoveries"":0,""improvements"":0,""insertions"":0,""insertion_rate"":0.0},""Morphology"":{""attempts"":292,""discoveries"":0,""improvements"":2,""insertions"":2,""insertion_rate"":0.00684931506849315},""Novelty"":{""attempts"":253,""discoveries"":0,""improvements"":0,""insertions"":0,""insertion_rate"":0.0}}","{""Morphology"":204,""Novelty"":20}",0,0.9025641025641026,false,86000
38,192,193000,7.784354497000003,0.067981383,0.060862316,0.002111024,0.005008043,9.213181704,49.287453,25.812248,4784.296362936497,189,0.984375,40,4.504235228881621,0,0.0,"{""11"":1,""12"":5,""13"":1,""14"":3,""15"":5,""16"":2,""17"":5,""18"":1,""4"":4,""5"":34,""6"":73,""7"":31,""8"":18,""9"":6}","{""10"":2,""11"":52,""12"":2,""13"":2,""14"":12,""16"":4,""17"":11,""20"":5,""24"":1,""27"":4,""30"":1,""31"":4,""32"":5,""33"":1,""35"":1,""36"":1,""38"":4,""40"":1,""5"":4,""7"":16,""8"":18,""9"":38}",160,5.84352234580725,45,0.045,"{""10"":22,""12"":2,""13"":2,""14"":2,""15"":11,""16"":7,""17"":16,""18"":8,""3"":45,""4"":76,""5"":171,""6"":279,""7"":225,""8"":91,""9"":43}","{""10"":32,""11"":213,""12"":73,""13"":19,""14"":49,""15"":10,""16"":14,""17"":30,""18"":11,""19"":1,""20"":19,""21"":14,""23"":10,""27"":4,""28"":4,""3"":45,""31"":2,""32"":9,""34"":2,""35"":8,""36"":1,""38"":16,""39"":4,""4"":42,""40"":2,""41"":2,""5"":51,""6"":30,""7"":65,""8"":71,""9"":147}","{""Diagonal CMA-ES"":{""attempts"":256,""discoveries"":0,""improvements"":1,""insertions"":1,""insertion_rate"":0.00390625},""Immigrant"":{""attempts"":159,""discoveries"":0,""improvements"":0,""insertions"":0,""insertion_rate"":0.0},""Morphology"":{""attempts"":342,""discoveries"":0,""improvements"":3,""insertions"":3,""insertion_rate"":0.008771929824561403},""Novelty"":{""attempts"":243,""discoveries"":0,""improvements"":0,""insertions"":0,""insertion_rate"":0.0}}","{""Morphology"":234,""Novelty"":22}",1,0.9030612244897959,false,87000
38,193,194000,7.864572219000004,0.080217722,0.07018739,0.003035932,0.0069944,9.304091086,49.287453,25.812248,4785.082259237766,189,0.984375,40,4.504235228881621,0,0.0,"{""11"":1,""12"":5,""13"":1,""14"":3,""15"":5,""16"":2,""17"":5,""18"":1,""4"":4,""5"":34,""6"":73,""7"":31,""8"":18,""9"":6}","{""10"":2,""11"":52,""12"":2,""13"":2,""14"":12,""16"":4,""17"":11,""20"":5,""24"":1,""27"":4,""30"":1,""31"":4,""32"":5,""33"":1,""35"":1,""36"":1,""38"":4,""40"":1,""5"":4,""7"":16,""8"":18,""9"":38}",137,5.441789484420977,45,0.045,"{""10"":12,""12"":11,""13"":14,""14"":24,""15"":10,""17"":34,""18"":92,""19"":3,""3"":45,""4"":57,""5"":146,""6"":262,""7"":142,""8"":93,""9"":55}","{""10"":16,""11"":202,""12"":40,""13"":6,""14"":42,""15"":12,""16"":18,""17"":44,""18"":2,""19"":1,""20"":41,""21"":7,""23"":9,""24"":1,""27"":12,""28"":2,""3"":45,""30"":10,""31"":24,""32"":7,""34"":2,""35"":2,""36"":2,""38"":33,""4"":37,""40"":87,""41"":6,""43"":1,""5"":46,""51"":1,""53"":1,""6"":25,""7"":40,""8"":57,""9"":119}","{""Diagonal CMA-ES"":{""attempts"":328,""discoveries"":0,""improvements"":0,""insertions"":0,""insertion_rate"":0.0},""Immigrant"":{""attempts"":148,""discoveries"":0,""improvements"":0,""insertions"":0,""insertion_rate"":0.0},""Morphology"":{""attempts"":295,""discoveries"":0,""improvements"":1,""insertions"":1,""insertion_rate"":0.003389830508474576},""Novelty"":{""attempts"":229,""discoveries"":0,""improvements"":0,""insertions"":0,""insertion_rate"":0.0}}","{""Morphology"":175,""Novelty"":16}",0,0.9030612244897959,false,88000
38,194,195000,7.942506758000004,0.077934539,0.066329844,0.003260333,0.008344362,9.392597368,49.287453,25.83521,4800.3832522034645,189,0.984375,40,4.530323379088915,0,0.0,"{""11"":1,""12"":5,""13"":1,""14"":3,""15"":5,""16"":2,""17"":5,""18"":1,""4"":4,""5"":33,""6"":73,""7"":32,""8"":18,""9"":6}","{""10"":2,""11"":53,""12"":2,""13"":2,""14"":12,""16"":4,""17"":11,""20"":5,""24"":1,""27"":4,""30"":1,""31"":4,""32"":5,""33"":1,""35"":1,""36"":1,""38"":4,""40"":1,""5"":4,""7"":16,""8"":17,""9"":38}",173,5.760493923286611,40,0.04,"{""10"":14,""12"":5,""13"":7,""14"":17,""15"":12,""16"":3,""17"":14,""18"":75,""19"":9,""3"":40,""4"":60,""5"":154,""6"":287,""7"":172,""8"":79,""9"":52}","{""10"":17,""11"":192,""12"":51,""13"":8,""14"":42,""15"":12,""16"":26,""17"":41,""18"":8,""19"":1,""20"":39,""21"":10,""23"":5,""24"":1,""27"":8,""28"":3,""3"":40,""30"":5,""31"":16,""32"":9,""33"":1,""34"":2,""35"":3,""38"":14,""39"":9,""4"":36,""40"":62,""41"":8,""42"":2,""43"":2,""44"":1,""5"":43,""50"":1,""6"":28,""7"":54,""8"":62,""9"":138}","{""Diagonal CMA-ES"":{""attempts"":268,""discoveries"":0,""improvements"":0,""insertions"":0,""insertion_rate"":0.0},""Immigrant"":{""attempts"":146,""discoveries"":0,""improvements"":0,""insertions"":0,""insertion_rate"":0.0},""Morphology"":{""attempts"":305,""discoveries"":0,""improvements"":4,""insertions"":4,""insertion_rate"":0.013114754098360656},""Novelty"":{""attempts"":281,""discoveries"":0,""improvements"":0,""insertions"":0,""insertion_rate"":0.0}}","{""Morphology"":200,""Novelty"":37}",0,0.9030612244897959,false,89000
38,195,196000,8.016475707000003,0.07396894899999999,0.067644189,0.001855754,0.004469006,9.475370166,49.287453,26.071722,4812.413115561008,189,0.984375,40,4.53381943666785,0,0.0,"{""11"":1,""12"":5,""13"":1,""14"":3,""15"":4,""16"":2,""17"":6,""18"":1,""4"":4,""5"":33,""6"":73,""7"":32,""8"":18,""9"":6}","{""10"":2,""11"":53,""12"":2,""13"":2,""14"":12,""16"":4,""17"":11,""20"":5,""24"":1,""27"":4,""30"":1,""31"":4,""32"":4,""33"":1,""35"":1,""36"":1,""38"":5,""40"":1,""5"":4,""7"":16,""8"":17,""9"":38}",158,5.430077118495712,56,0.056,"{""10"":11,""12"":7,""13"":3,""14"":25,""15"":7,""16"":1,""17"":17,""18"":120,""19"":13,""3"":56,""4"":52,""5"":100,""6"":315,""7"":153,""8"":65,""9"":55}","{""10"":19,""11"":142,""12"":44,""13"":6,""14"":26,""15"":9,""16"":29,""17"":44,""18"":13,""19"":2,""20"":44,""21"":10,""23"":5,""24"":2,""27"":8,""3"":56,""30"":2,""31"":24,""32"":4,""33"":1,""34"":2,""35"":2,""38"":17,""39"":4,""4"":37,""40"":114,""41"":10,""43"":4,""5"":34,""51"":1,""53"":1,""6"":19,""7"":31,""8"":38,""9"":196}","{""Diagonal CMA-ES"":{""attempts"":303,""discoveries"":0,""improvements"":0,""insertions"":0,""insertion_rate"":0.0},""Immigrant"":{""attempts"":153,""discoveries"":0,""improvements"":0,""insertions"":0,""insertion_rate"":0.0},""Morphology"":{""attempts"":283,""discoveries"":0,""improvements"":4,""insertions"":4,""insertion_rate"":0.014134275618374558},""Novelty"":{""attempts"":261,""discoveries"":0,""improvements"":0,""insertions"":0,""insertion_rate"":0.0}}","{""Morphology"":184,""Novelty"":30}",0,0.9035532994923858,false,90000
38,196,197000,8.093170704000004,0.07669499700000001,0.068097739,0.003335133,0.005262125,9.562094307,49.287453,26.071722,4813.473895132542,189,0.984375,40,4.533819436667848,0,0.0,"{""11"":1,""12"":5,""13"":1,""14"":3,""15"":4,""16"":2,""17"":6,""18"":1,""4"":4,""5"":33,""6"":73,""7"":32,""8"":18,""9"":6}","{""10"":2,""11"":53,""12"":2,""13"":2,""14"":12,""16"":4,""17"":11,""20"":5,""24"":1,""27"":4,""30"":1,""31"":4,""32"":4,""33"":1,""35"":1,""36"":1,""38"":5,""40"":1,""5"":4,""7"":16,""8"":17,""9"":38}",154,5.681822701767444,46,0.046,"{""10"":24,""12"":13,""13"":12,""14"":16,""15"":10,""16"":3,""17"":42,""18"":73,""19"":9,""3"":46,""4"":60,""5"":149,""6"":236,""7"":163,""8"":95,""9"":49}","{""10"":11,""11"":175,""12"":44,""13"":10,""14"":37,""15"":15,""16"":19,""17"":63,""18"":11,""19"":3,""20"":27,""21"":11,""23"":13,""24"":5,""27"":16,""28"":4,""3"":46,""30"":10,""31"":16,""32"":6,""34"":3,""35"":2,""38"":42,""39"":7,""4"":32,""40"":62,""41"":8,""42"":1,""43"":2,""44"":2,""5"":49,""53"":2,""6"":23,""7"":46,""8"":63,""9"":114}","{""Diagonal CMA-ES"":{""attempts"":306,""discoveries"":0,""improvements"":0,""insertions"":0,""insertion_rate"":0.0},""Immigrant"":{""attempts"":143,""discoveries"":0,""improvements"":0,""insertions"":0,""insertion_rate"":0.0},""Morphology"":{""attempts"":298,""discoveries"":0,""improvements"":2,""insertions"":2,""insertion_rate"":0.006711409395973154},""Novelty"":{""attempts"":253,""discoveries"":0,""improvements"":0,""insertions"":0,""insertion_rate"":0.0}}","{""Morphology"":204,""Novelty"":33}",0,0.9035532994923858,false,91000
38,197,198000,8.164190394000004,0.07101969,0.059925535,0.003509666,0.007584489,9.645802699,49.287453,26.071722,4828.167759954929,189,0.984375,38,4.490689655884591,0,0.0,"{""11"":1,""12"":4,""13"":1,""14"":3,""15"":4,""16"":2,""17"":6,""18"":1,""4"":4,""5"":33,""6"":75,""7"":32,""8"":17,""9"":6}","{""10"":2,""11"":54,""12"":2,""13"":1,""14"":12,""16"":4,""17"":11,""20"":5,""24"":1,""27"":4,""30"":1,""31"":3,""32"":4,""33"":1,""35"":1,""36"":1,""38"":5,""40"":1,""5"":4,""7"":16,""8"":17,""9"":39}",161,5.8164080960354445,50,0.05,"{""10"":18,""12"":12,""13"":6,""14"":28,""15"":7,""16"":4,""17"":30,""18"":57,""19"":10,""3"":50,""4"":60,""5"":129,""6"":269,""7"":185,""8"":87,""9"":48}","{""10"":28,""11"":192,""12"":44,""13"":13,""14"":33,""15"":16,""16"":33,""17"":43,""18"":6,""19"":1,""20"":42,""21"":13,""23"":6,""27"":14,""28"":1,""3"":50,""30"":5,""31"":27,""32"":6,""33"":1,""34"":2,""35"":3,""36"":1,""38"":29,""39"":7,""4"":33,""40"":47,""41"":6,""42"":1,""43"":4,""44"":1,""5"":48,""53"":1,""6"":18,""7"":53,""8"":45,""9"":127}","{""Diagonal CMA-ES"":{""attempts"":287,""discoveries"":0,""improvements"":0,""insertions"":0,""insertion_rate"":0.0},""Immigrant"":{""attempts"":148,""discoveries"":0,""improvements"":0,""insertions"":0,""insertion_rate"":0.0},""Morphology"":{""attempts"":306,""discoveries"":0,""improvements"":4,""insertions"":4,""insertion_rate"":0.013071895424836602},""Novelty"":{""attempts"":259,""discoveries"":0,""improvements"":0,""insertions"":0,""insertion_rate"":0.0}}","{""Morphology"":201,""Novelty"":32}",0,0.9035532994923858,false,92000
38,198,199000,8.234973811000003,0.070783417,0.060525123,0.003303075,0.006955219,9.724419938,49.287453,26.071722,4831.380124151707,189,0.984375,37,4.470054023451309,0,0.0,"{""11"":1,""12"":4,""13"":1,""14"":3,""15"":3,""16"":2,""17"":7,""18"":1,""4"":4,""5"":33,""6"":75,""7"":32,""8"":17,""9"":6}","{""10"":2,""11"":54,""12"":2,""13"":1,""14"":12,""16"":4,""17"":11,""20"":5,""24"":1,""27"":4,""30"":1,""31"":3,""32"":3,""33"":1,""35"":1,""36"":1,""38"":6,""40"":1,""5"":4,""7"":16,""8"":17,""9"":39}",173,5.946243593588219,42,0.042,"{""10"":17,""12"":3,""13"":6,""14"":7,""15"":19,""16"":3,""17"":13,""18"":47,""19"":2,""3"":42,""4"":75,""5"":164,""6"":268,""7"":204,""8"":83,""9"":47}","{""10"":34,""11"":190,""12"":67,""13"":15,""14"":32,""15"":10,""16"":20,""17"":27,""18"":9,""20"":25,""21"":8,""23"":9,""24"":2,""25"":1,""27"":7,""28"":2,""3"":42,""30"":3,""31"":6,""32"":13,""33"":1,""34"":5,""35"":3,""37"":1,""38"":13,""39"":6,""4"":44,""40"":39,""41"":3,""42"":1,""43"":1,""5"":56,""6"":29,""7"":67,""8"":48,""9"":161}","{""Diagonal CMA-ES"":{""attempts"":282,""discoveries"":0,""improvements"":0,""insertions"":0,""insertion_rate"":0.0},""Immigrant"":{""attempts"":166,""discoveries"":0,""improvements"":0,""insertions"":0,""insertion_rate"":0.0},""Morphology"":{""attempts"":304,""discoveries"":0,""improvements"":2,""insertions"":2,""insertion_rate"":0.006578947368421052},""Novelty"":{""attempts"":248,""discoveries"":0,""improvements"":0,""insertions"":0,""insertion_rate"":0.0}}","{""Morphology"":198,""Novelty"":32}",0,0.9035532994923858,false,93000
38,199,200000,8.316726717000003,0.08175290600000001,0.069767086,0.004085509,0.007900311,9.815564406,49.287453,26.071722,4833.51739603281,189,0.984375,37,4.480928507723716,0,0.0,"{""11"":1,""12"":4,""13"":1,""14"":3,""15"":3,""16"":2,""17"":7,""18"":1,""4"":4,""5"":32,""6"":76,""7"":32,""8"":17,""9"":6}","{""10"":2,""11"":55,""12"":2,""13"":1,""14"":12,""16"":4,""17"":11,""20"":5,""24"":1,""27"":4,""30"":1,""31"":3,""32"":3,""33"":1,""35"":1,""36"":1,""38"":6,""40"":1,""5"":4,""7"":16,""8"":16,""9"":39}",151,5.662333319680844,59,0.059,"{""10"":13,""12"":34,""13"":7,""14"":4,""15"":10,""17"":12,""18"":16,""3"":59,""4"":67,""5"":161,""6"":280,""7"":220,""8"":68,""9"":49}","{""10"":34,""11"":200,""12"":51,""13"":14,""14"":53,""15"":15,""16"":20,""17"":19,""18"":11,""19"":1,""20"":25,""21"":9,""23"":5,""27"":36,""28"":4,""3"":59,""30"":2,""31"":2,""32"":7,""33"":2,""34"":1,""37"":2,""38"":12,""39"":5,""4"":37,""40"":7,""41"":1,""42"":2,""5"":52,""50"":1,""51"":2,""6"":15,""7"":78,""8"":56,""9"":160}","{""Diagonal CMA-ES"":{""attempts"":303,""discoveries"":0,""improvements"":0,""insertions"":0,""insertion_rate"":0.0},""Immigrant"":{""attempts"":150,""discoveries"":0,""improvements"":0,""insertions"":0,""insertion_rate"":0.0},""Morphology"":{""attempts"":277,""discoveries"":0,""improvements"":1,""insertions"":1,""insertion_rate"":0.0036101083032490976},""Novelty"":{""attempts"":270,""discoveries"":0,""improvements"":0,""insertions"":0,""insertion_rate"":0.0}}","{""Morphology"":186,""Novelty"":32}",0,0.9035532994923858,false,94000
38,200,201000,8.392617909000004,0.075891192,0.064554827,0.002828155,0.00850821,9.900004176,49.287453,26.071722,4838.269848883152,189,0.984375,37,4.474340610909766,0,0.0,"{""11"":1,""12"":4,""13"":1,""14"":4,""15"":2,""16"":2,""17"":7,""18"":1,""4"":4,""5"":32,""6"":76,""7"":32,""8"":17,""9"":6}","{""10"":2,""11"":55,""12"":2,""13"":1,""14"":12,""16"":4,""17"":11,""20"":5,""24"":1,""27"":4,""30"":1,""31"":4,""32"":2,""33"":1,""35"":1,""36"":1,""38"":6,""40"":1,""5"":4,""7"":16,""8"":16,""9"":39}",172,5.328912153350248,57,0.057,"{""10"":20,""12"":164,""13"":18,""14"":8,""15"":15,""16"":1,""17"":9,""18"":11,""19"":1,""3"":57,""4"":60,""5"":94,""6"":325,""7"":134,""8"":50,""9"":33}","{""10"":20,""11"":272,""12"":44,""13"":5,""14"":26,""15"":12,""16"":14,""17"":20,""18"":12,""19"":2,""20"":21,""21"":11,""23"":7,""27"":166,""28"":15,""3"":57,""30"":5,""31"":7,""32"":9,""33"":2,""34"":3,""35"":1,""36"":1,""38"":8,""39"":7,""4"":33,""40"":2,""41"":5,""5"":44,""6"":23,""7"":32,""8"":31,""9"":83}","{""Diagonal CMA-ES"":{""attempts"":275,""discoveries"":0,""improvements"":0,""insertions"":0,""insertion_rate"":0.0},""Immigrant"":{""attempts"":154,""discoveries"":0,""improvements"":0,""insertions"":0,""insertion_rate"":0.0},""Morphology"":{""attempts"":331,""discoveries"":0,""improvements"":3,""insertions"":3,""insertion_rate"":0.00906344410876133},""Novelty"":{""attempts"":240,""discoveries"":0,""improvements"":0,""insertions"":0,""insertion_rate"":0.0}}","{""Morphology"":217,""Novelty"":25}",0,0.9035532994923858,false,95000
38,201,202000,8.471445300000005,0.078827391,0.068532291,0.003301888,0.006993212,9.989837862,49.287453,26.071722,4842.353515684605,189,0.984375,37,4.465931328590718,0,0.0,"{""11"":1,""12"":4,""13"":1,""14"":4,""15"":2,""16"":2,""17"":6,""18"":2,""4"":4,""5"":32,""6"":76,""7"":32,""8"":17,""9"":6}","{""10"":2,""11"":56,""12"":2,""13"":1,""14"":11,""16"":4,""17"":11,""20"":5,""24"":1,""27"":4,""30"":1,""31"":4,""32"":2,""33"":1,""35"":1,""38"":6,""39"":1,""40"":1,""5"":4,""7"":16,""8"":16,""9"":39}",180,5.874115342767758,48,0.048,"{""10"":12,""12"":110,""13"":14,""14"":4,""15"":16,""16"":3,""17"":27,""18"":9,""3"":48,""4"":65,""5"":146,""6"":228,""7"":186,""8"":79,""9"":53}","{""10"":26,""11"":163,""12"":52,""13"":12,""14"":40,""15"":13,""16"":17,""17"":26,""18"":18,""19"":1,""20"":26,""21"":13,""23"":3,""24"":5,""27"":111,""28"":7,""3"":48,""30"":7,""31"":3,""32"":12,""33"":1,""34"":4,""35"":3,""38"":27,""39"":4,""4"":36,""40"":1,""41"":3,""43"":1,""49"":1,""5"":49,""6"":22,""7"":65,""8"":46,""9"":134}","{""Diagonal CMA-ES"":{""attempts"":278,""discoveries"":0,""improvements"":0,""insertions"":0,""insertion_rate"":0.0},""Immigrant"":{""attempts"":153,""discoveries"":0,""improvements"":0,""insertions"":0,""insertion_rate"":0.0},""Morphology"":{""attempts"":322,""discoveries"":0,""improvements"":2,""insertions"":2,""insertion_rate"":0.006211180124223602},""Novelty"":{""attempts"":247,""discoveries"":0,""improvements"":1,""insertions"":1,""insertion_rate"":0.004048582995951417}}","{""Morphology"":221,""Novelty"":33}",1,0.9035532994923858,false,96000
38,202,203000,8.550824787000005,0.07937948700000001,0.069213803,0.003328009,0.006837675,10.07997906,49.287453,26.071722,4844.909066259861,189,0.984375,37,4.46078171317393,0,0.0,"{""11"":1,""12"":4,""13"":1,""14"":4,""15"":2,""16"":2,""17"":6,""18"":2,""4"":4,""5"":32,""6"":76,""7"":32,""8"":17,""9"":6}","{""10"":2,""11"":57,""12"":2,""13"":1,""14"":11,""16"":4,""17"":11,""20"":5,""24"":1,""27"":4,""30"":1,""31"":4,""32"":2,""33"":1,""35"":1,""38"":6,""39"":1,""40"":1,""5"":4,""7"":16,""8"":16,""9"":38}",161,5.772038799112428,47,0.047,"{""10"":18,""12"":47,""14"":8,""15"":12,""16"":1,""17"":17,""18"":7,""19"":3,""3"":47,""4"":66,""5"":155,""6"":259,""7"":228,""8"":88,""9"":44}","{""10"":21,""11"":226,""12"":58,""13"":13,""14"":35,""15"":21,""16"":23,""17"":25,""18"":13,""19"":1,""20"":20,""21"":13,""23"":11,""24"":1,""27"":49,""3"":47,""31"":5,""32"":8,""33"":2,""34"":2,""35"":1,""36"":1,""38"":16,""39"":4,""4"":37,""40"":2,""41"":4,""42"":1,""43"":1,""5"":57,""51"":1,""6"":18,""7"":68,""8"":50,""9"":145}","{""Diagonal CMA-ES"":{""attempts"":290,""discoveries"":0,""improvements"":0,""insertions"":0,""insertion_rate"":0.0},""Immigrant"":{""attempts"":154,""discoveries"":0,""improvements"":0,""insertions"":0,""insertion_rate"":0.0},""Morphology"":{""attempts"":322,""discoveries"":0,""improvements"":1,""insertions"":1,""insertion_rate"":0.003105590062111801},""Novelty"":{""attempts"":234,""discoveries"":0,""improvements"":0,""insertions"":0,""insertion_rate"":0.0}}","{""Morphology"":210,""Novelty"":23}",0,0.9035532994923858,false,97000
38,203,204000,8.626812150000005,0.075987363,0.068901542,0.003007437,0.004078384,10.163987839,49.287453,26.071722,4849.143139898777,189,0.984375,37,4.460781713173929,0,0.0,"{""11"":1,""12"":4,""13"":1,""14"":4,""15"":2,""16"":2,""17"":6,""18"":2,""4"":4,""5"":32,""6"":76,""7"":32,""8"":17,""9"":6}","{""10"":2,""11"":57,""12"":2,""13"":1,""14"":11,""16"":4,""17"":11,""20"":5,""24"":1,""27"":4,""30"":1,""31"":4,""32"":2,""33"":1,""35"":1,""38"":6,""39"":1,""40"":1,""5"":4,""7"":16,""8"":16,""9"":38}",175,5.879565338001725,54,0.054,"{""10"":20,""12"":6,""13"":6,""14"":5,""15"":19,""16"":14,""17"":11,""18"":15,""19"":3,""3"":54,""4"":69,""5"":161,""6"":268,""7"":204,""8"":109,""9"":36}","{""10"":35,""11"":205,""12"":47,""13"":21,""14"":35,""15"":17,""16"":21,""17"":37,""18"":6,""19"":2,""20"":21,""21"":6,""23"":12,""24"":1,""27"":7,""28"":7,""3"":54,""30"":2,""31"":5,""32"":13,""33"":1,""34"":4,""35"":13,""38"":11,""39"":7,""4"":37,""41"":8,""42"":2,""43"":1,""5"":50,""50"":1,""53"":1,""6"":20,""7"":75,""8"":54,""9"":161}","{""Diagonal CMA-ES"":{""attempts"":287,""discoveries"":0,""improvements"":0,""insertions"":0,""insertion_rate"":0.0},""Immigrant"":{""attempts"":151,""discoveries"":0,""improvements"":0,""insertions"":0,""insertion_rate"":0.0},""Morphology"":{""attempts"":309,""discoveries"":0,""improvements"":1,""insertions"":1,""insertion_rate"":0.003236245954692557},""Novelty"":{""attempts"":253,""discoveries"":0,""improvements"":0,""insertions"":0,""insertion_rate"":0.0}}","{""Morphology"":204,""Novelty"":40}",0,0.9035532994923858,false,98000
38,204,205000,8.700716985000005,0.073904835,0.064355361,0.003110733,0.006438741,10.247378035,49.287453,26.071722,4861.37506967783,189,0.984375,38,4.48141734560721,0,0.0,"{""11"":1,""12"":4,""13"":1,""14"":4,""15"":2,""16"":2,""17"":5,""18"":3,""4"":4,""5"":32,""6"":76,""7"":32,""8"":17,""9"":6}","{""10"":2,""11"":57,""12"":2,""13"":1,""14"":11,""16"":4,""17"":11,""20"":5,""24"":1,""27"":4,""30"":1,""31"":4,""32"":2,""33"":1,""35"":1,""38"":5,""39"":2,""40"":1,""5"":4,""7"":16,""8"":16,""9"":38}",159,5.699415957968356,48,0.048,"{""10"":15,""12"":8,""13"":2,""14"":6,""15"":11,""16"":1,""17"":15,""18"":11,""19"":1,""3"":48,""4"":72,""5"":172,""6"":293,""7"":204,""8"":101,""9"":40}","{""10"":34,""11"":218,""12"":65,""13"":9,""14"":36,""15"":12,""16"":21,""17"":29,""18"":9,""19"":1,""20"":23,""21"":5,""23"":10,""24"":3,""27"":9,""28"":1,""3"":48,""30"":2,""31"":3,""32"":10,""33"":2,""34"":2,""38"":15,""39"":4,""4"":35,""40"":2,""41"":5,""43"":1,""5"":57,""51"":1,""6"":22,""7"":80,""8"":55,""9"":171}","{""Diagonal CMA-ES"":{""attempts"":308,""discoveries"":0,""improvements"":0,""insertions"":0,""insertion_rate"":0.0},""Immigrant"":{""attempts"":147,""discoveries"":0,""improvements"":0,""insertions"":0,""insertion_rate"":0.0},""Morphology"":{""attempts"":279,""discoveries"":0,""improvements"":3,""insertions"":3,""insertion_rate"":0.010752688172043012},""Novelty"":{""attempts"":266,""discoveries"":0,""improvements"":0,""insertions"":0,""insertion_rate"":0.0}}","{""Morphology"":174,""Novelty"":35}",1,0.9040404040404041,false,99000
38,205,206000,8.780675877000006,0.079958892,0.068749568,0.003376689,0.007832635,10.337376756,49.287453,26.733616,4875.027360320091,189,0.984375,38,4.4676055250282225,0,0.0,"{""11"":1,""12"":4,""13"":1,""14"":4,""15"":2,""16"":2,""17"":5,""18"":3,""4"":4,""5"":33,""6"":76,""7"":33,""8"":16,""9"":5}","{""10"":2,""11"":56,""12"":2,""13"":1,""14"":12,""16"":4,""17"":11,""20"":4,""24"":1,""27"":4,""30"":1,""31"":4,""32"":2,""33"":1,""35"":1,""38"":5,""39"":2,""40"":1,""5"":4,""7"":16,""8"":17,""9"":38}",158,5.835564440683378,46,0.046,"{""10"":12,""12"":8,""13"":1,""14"":3,""15"":18,""16"":1,""17"":11,""18"":12,""19"":3,""3"":46,""4"":78,""5"":171,""6"":286,""7"":221,""8"":85,""9"":44}","{""10"":28,""11"":195,""12"":76,""13"":12,""14"":44,""15"":11,""16"":22,""17"":24,""18"":10,""19"":1,""20"":21,""21"":6,""23"":10,""27"":8,""28"":3,""3"":46,""30"":1,""31"":2,""32"":9,""33"":2,""34"":8,""38"":11,""39"":5,""4"":42,""40"":6,""41"":2,""42"":1,""43"":1,""49"":1,""5"":59,""6"":33,""7"":71,""8"":55,""9"":174}","{""Diagonal CMA-ES"":{""attempts"":268,""discoveries"":0,""improvements"":1,""insertions"":1,""insertion_rate"":0.0037313432835820895},""Immigrant"":{""attempts"":164,""discoveries"":0,""improvements"":0,""insertions"":0,""insertion_rate"":0.0},""Morphology"":{""attempts"":312,""discoveries"":0,""improvements"":3,""insertions"":3,""insertion_rate"":0.009615384615384616},""Novelty"":{""attempts"":256,""discoveries"":0,""improvements"":0,""insertions"":0,""insertion_rate"":0.0}}","{""Morphology"":205,""Novelty"":29}",0,0.9040404040404041,false,100000
38,206,207000,8.855754954000005,0.07507907700000001,0.065370504,0.003070364,0.006638209,10.423010953,49.287453,26.733616,4887.943597197533,189,0.984375,38,4.46196707172794,0,0.0,"{""11"":1,""12"":4,""13"":1,""14"":4,""15"":2,""16"":2,""17"":5,""18"":3,""4"":4,""5"":33,""6"":75,""7"":33,""8"":17,""9"":5}","{""10"":2,""11"":55,""12"":2,""13"":1,""14"":12,""16"":4,""17"":12,""20"":4,""24"":1,""27"":4,""30"":1,""31"":4,""32"":2,""33"":1,""35"":1,""38"":5,""39"":2,""40"":1,""5"":4,""7"":16,""8"":17,""9"":38}",141,5.3113109000638605,56,0.056,"{""10"":12,""12"":8,""13"":11,""14"":72,""15"":15,""16"":17,""17"":21,""18"":19,""19"":5,""3"":56,""4"":66,""5"":153,""6"":179,""7"":122,""8"":169,""9"":75}","{""10"":13,""11"":130,""12"":39,""13"":5,""14"":33,""15"":10,""16"":12,""17"":145,""18"":21,""19"":1,""20"":52,""21"":6,""23"":12,""27"":8,""28"":1,""3"":56,""30"":10,""31"":71,""32"":9,""33"":1,""34"":5,""35"":17,""38"":20,""39"":9,""4"":44,""40"":9,""41"":1,""42"":3,""43"":1,""47"":1,""49"":1,""5"":39,""50"":1,""6"":25,""7"":50,""8"":67,""9"":72}","{""Diagonal CMA-ES"":{""attempts"":315,""discoveries"":0,""improvements"":0,""insertions"":0,""insertion_rate"":0.0},""Immigrant"":{""attempts"":163,""discoveries"":0,""improvements"":0,""insertions"":0,""insertion_rate"":0.0},""Morphology"":{""attempts"":280,""discoveries"":0,""improvements"":2,""insertions"":2,""insertion_rate"":0.007142857142857143},""Novelty"":{""attempts"":242,""discoveries"":0,""improvements"":0,""insertions"":0,""insertion_rate"":0.0}}","{""Morphology"":175,""Novelty"":33}",0,0.9040404040404041,false,101000
38,207,208000,8.929053077000006,0.07329812299999999,0.06294247,0.0038338,0.006521853,10.506639795,49.287453,26.733616,4891.600203871727,189,0.984375,38,4.45902082138826,0,0.0,"{""11"":1,""12"":4,""13"":1,""14"":4,""15"":2,""16"":2,""17"":5,""18"":3,""4"":4,""5"":33,""6"":75,""7"":32,""8"":18,""9"":5}","{""10"":2,""11"":55,""12"":2,""13"":1,""14"":11,""16"":4,""17"":13,""20"":4,""24"":1,""27"":4,""30"":1,""31"":4,""32"":2,""33"":1,""35"":1,""38"":5,""39"":2,""40"":1,""5"":4,""7"":16,""8"":17,""9"":38}",166,5.746093963589219,51,0.051,"{""10"":11,""12"":6,""13"":8,""14"":22,""15"":11,""16"":1,""17"":20,""18"":20,""19"":2,""3"":51,""4"":72,""5"":156,""6"":249,""7"":175,""8"":137,""9"":59}","{""10"":22,""11"":181,""12"":44,""13"":12,""14"":40,""15"":16,""16"":27,""17"":94,""18"":12,""19"":2,""20"":45,""21"":4,""23"":8,""27"":7,""28"":1,""3"":51,""30"":8,""31"":20,""32"":6,""33"":1,""34"":5,""35"":1,""36"":1,""38"":19,""39"":13,""4"":42,""40"":3,""41"":5,""49"":1,""5"":43,""51"":1,""6"":24,""7"":64,""8"":69,""9"":108}","{""Diagonal CMA-ES"":{""attempts"":297,""discoveries"":0,""improvements"":0,""insertions"":0,""insertion_rate"":0.0},""Immigrant"":{""attempts"":156,""discoveries"":0,""improvements"":0,""insertions"":0,""insertion_rate"":0.0},""Morphology"":{""attempts"":302,""discoveries"":0,""improvements"":2,""insertions"":2,""insertion_rate"":0.006622516556291391},""Novelty"":{""attempts"":245,""discoveries"":0,""improvements"":0,""insertions"":0,""insertion_rate"":0.0}}","{""Morphology"":208,""Novelty"":27}",0,0.9045226130653267,false,102000
38,208,209000,8.999054062000006,0.070000985,0.060275789,0.003263895,0.006461301,10.585678527,49.287453,26.733616,4891.600203871727,189,0.984375,38,4.459020821388261,0,0.0,"{""11"":1,""12"":4,""13"":1,""14"":4,""15"":2,""16"":2,""17"":5,""18"":3,""4"":4,""5"":33,""6"":75,""7"":32,""8"":18,""9"":5}","{""10"":2,""11"":55,""12"":2,""13"":1,""14"":11,""16"":4,""17"":13,""20"":4,""24"":1,""27"":4,""30"":1,""31"":4,""32"":2,""33"":1,""35"":1,""38"":5,""39"":2,""40"":1,""5"":4,""7"":16,""8"":17,""9"":38}",176,5.82302877154802,47,0.047,"{""10"":13,""12"":6,""13"":10,""14"":24,""15"":18,""16"":3,""17"":17,""18"":13,""19"":5,""3"":47,""4"":62,""5"":172,""6"":273,""7"":173,""8"":110,""9"":54}","{""10"":26,""11"":194,""12"":41,""13"":9,""14"":42,""15"":13,""16"":22,""17"":67,""18"":12,""20"":38,""21"":12,""23"":6,""24"":1,""27"":6,""28"":4,""3"":47,""30"":6,""31"":22,""32"":11,""33"":3,""34"":7,""35"":2,""36"":1,""38"":16,""39"":7,""4"":34,""40"":5,""41"":3,""42"":3,""5"":45,""6"":25,""7"":52,""8"":96,""9"":122}","{""Diagonal CMA-ES"":{""attempts"":294,""discoveries"":0,""improvements"":0,""insertions"":0,""insertion_rate"":0.0},""Immigrant"":{""attempts"":144,""discoveries"":0,""improvements"":0,""insertions"":0,""insertion_rate"":0.0},""Morphology"":{""attempts"":286,""discoveries"":0,""improvements"":0,""insertions"":0,""insertion_rate"":0.0},""Novelty"":{""attempts"":276,""discoveries"":0,""improvements"":0,""insertions"":0,""insertion_rate"":0.0}}","{""Morphology"":180,""Novelty"":47}",0,0.9045226130653267,false,103000
38,209,210000,9.066978455000006,0.067924393,0.058374918,0.002945698,0.006603777,10.662494628,49.287453,26.733616,4891.758303999901,189,0.984375,38,4.459020821388261,0,0.0,"{""11"":1,""12"":4,""13"":1,""14"":4,""15"":2,""16"":2,""17"":5,""18"":3,""4"":4,""5"":33,""6"":75,""7"":32,""8"":18,""9"":5}","{""10"":2,""11"":55,""12"":2,""13"":1,""14"":11,""16"":4,""17"":13,""20"":4,""24"":1,""27"":4,""30"":1,""31"":4,""32"":2,""33"":1,""35"":1,""38"":5,""39"":2,""40"":1,""5"":4,""7"":16,""8"":17,""9"":38}",168,5.815378637630354,44,0.044,"{""10"":15,""12"":12,""13"":8,""14"":21,""15"":13,""16"":3,""17"":20,""18"":9,""19"":2,""3"":44,""4"":82,""5"":149,""6"":284,""7"":205,""8"":86,""9"":47}","{""10"":26,""11"":191,""12"":49,""13"":8,""14"":50,""15"":11,""16"":26,""17"":53,""18"":14,""19"":1,""20"":27,""21"":6,""23"":5,""24"":1,""27"":15,""28"":2,""3"":44,""30"":7,""31"":19,""32"":8,""34"":5,""35"":2,""38"":20,""39"":5,""4"":42,""40"":6,""41"":1,""42"":2,""5"":54,""6"":25,""7"":53,""8"":67,""9"":155}","{""Diagonal CMA-ES"":{""attempts"":294,""discoveries"":0,""improvements"":0,""insertions"":0,""insertion_rate"":0.0},""Immigrant"":{""attempts"":160,""discoveries"":0,""improvements"":0,""insertions"":0,""insertion_rate"":0.0},""Morphology"":{""attempts"":282,""discoveries"":0,""improvements"":1,""insertions"":1,""insertion_rate"":0.0035460992907801418},""Novelty"":{""attempts"":264,""discoveries"":0,""improvements"":0,""insertions"":0,""insertion_rate"":0.0}}","{""Morphology"":193,""Novelty"":28}",0,0.9045226130653267,false,104000
38,210,211000,9.136928385000006,0.06994993,0.060057326,0.003255583,0.006637021,10.74214007,49.287453,26.733616,4898.6512368917465,189,0.984375,38,4.45902082138826,0,0.0,"{""11"":1,""12"":4,""13"":1,""14"":4,""15"":2,""16"":2,""17"":5,""18"":3,""4"":4,""5"":33,""6"":75,""7"":32,""8"":18,""9"":5}","{""10"":2,""11"":55,""12"":2,""13"":1,""14"":11,""16"":4,""17"":13,""20"":4,""24"":1,""27"":4,""30"":1,""31"":4,""32"":2,""33"":1,""35"":1,""38"":5,""39"":2,""40"":1,""5"":4,""7"":16,""8"":17,""9"":38}",154,5.699677747453252,53,0.053,"{""10"":11,""12"":10,""13"":9,""14"":21,""15"":14,""16"":3,""17"":24,""18"":15,""19"":3,""3"":53,""4"":60,""5"":152,""6"":286,""7"":183,""8"":98,""9"":58}","{""10"":32,""11"":184,""12"":42,""13"":9,""14"":43,""15"":21,""16"":16,""17"":54,""18"":10,""19"":1,""20"":42,""21"":7,""23"":5,""24"":1,""27"":13,""28"":1,""3"":53,""30"":9,""31"":21,""32"":8,""34"":5,""35"":2,""36"":2,""38"":22,""39"":9,""4"":35,""40"":5,""41"":5,""42"":1,""5"":46,""6"":19,""7"":59,""8"":58,""9"":160}","{""Diagonal CMA-ES"":{""attempts"":291,""discoveries"":0,""improvements"":0,""insertions"":0,""insertion_rate"":0.0},""Immigrant"":{""attempts"":145,""discoveries"":0,""improvements"":0,""insertions"":0,""insertion_rate"":0.0},""Morphology"":{""attempts"":294,""discoveries"":0,""improvements"":2,""insertions"":2,""insertion_rate"":0.006802721088435374},""Novelty"":{""attempts"":270,""discoveries"":0,""improvements"":0,""insertions"":0,""insertion_rate"":0.0}}","{""Morphology"":196,""Novelty"":19}",0,0.9045226130653267,false,105000
38,211,212000,9.212889629000006,0.075961244,0.066066264,0.003336321,0.006558659,10.826927721,49.287453,26.733616,4900.836623549461,189,0.984375,37,4.442418657726785,0,0.0,"{""11"":1,""12"":4,""13"":1,""14"":4,""15"":1,""16"":2,""17"":5,""18"":4,""4"":4,""5"":33,""6"":75,""7"":32,""8"":18,""9"":5}","{""10"":2,""11"":56,""12"":2,""13"":1,""14"":11,""16"":4,""17"":13,""20"":4,""24"":1,""27"":4,""30"":1,""31"":4,""32"":1,""33"":1,""35"":1,""38"":5,""39"":2,""40"":2,""5"":4,""7"":16,""8"":17,""9"":37}",168,5.785574702858043,59,0.059,"{""10"":11,""12"":10,""13"":3,""14"":7,""15"":12,""16"":5,""17"":8,""18"":10,""19"":7,""3"":59,""4"":79,""5"":183,""6"":261,""7"":216,""8"":88,""9"":41}","{""10"":34,""11"":194,""12"":54,""13"":20,""14"":42,""15"":11,""16"":19,""17"":31,""18"":13,""20"":19,""21"":7,""23"":3,""24"":1,""27"":11,""28"":2,""3"":59,""30"":1,""31"":4,""32"":8,""33"":4,""34"":3,""35"":4,""37"":2,""38"":8,""39"":5,""4"":38,""40"":5,""41"":5,""44"":1,""5"":60,""51"":2,""6"":22,""7"":82,""8"":68,""9"":158}","{""Diagonal CMA-ES"":{""attempts"":287,""discoveries"":0,""improvements"":0,""insertions"":0,""insertion_rate"":0.0},""Immigrant"":{""attempts"":167,""discoveries"":0,""improvements"":0,""insertions"":0,""insertion_rate"":0.0},""Morphology"":{""attempts"":290,""discoveries"":0,""improvements"":2,""insertions"":2,""insertion_rate"":0.006896551724137931},""Novelty"":{""attempts"":256,""discoveries"":0,""improvements"":0,""insertions"":0,""insertion_rate"":0.0}}","{""Morphology"":179,""Novelty"":41}",0,0.9045226130653267,false,106000
38,212,213000,9.287718186000006,0.07482855699999999,0.064111964,0.004081946,0.006634647,10.911071853,49.287453,26.733616,4903.61641061306,189,0.984375,38,4.469545540745354,0,0.0,"{""10"":1,""11"":1,""12"":4,""13"":1,""14"":4,""15"":1,""16"":2,""17"":5,""18"":4,""4"":4,""5"":32,""6"":76,""7"":32,""8"":17,""9"":5}","{""10"":2,""11"":58,""12"":2,""13"":1,""14"":11,""16"":4,""17"":12,""20"":4,""23"":1,""24"":1,""27"":4,""30"":1,""31"":4,""32"":1,""33"":1,""35"":1,""38"":5,""39"":2,""40"":2,""5"":4,""7"":15,""8"":17,""9"":36}",155,5.520327949480571,44,0.044,"{""10"":17,""12"":6,""13"":2,""14"":7,""15"":7,""16"":3,""17"":26,""18"":12,""19"":4,""3"":44,""4"":51,""5"":166,""6"":359,""7"":185,""8"":77,""9"":34}","{""10"":29,""11"":301,""12"":53,""13"":13,""14"":32,""15"":12,""16"":16,""17"":30,""18"":10,""19"":2,""20"":16,""21"":11,""23"":11,""24"":3,""27"":6,""28"":1,""3"":44,""30"":1,""31"":6,""32"":7,""33"":1,""35"":3,""36"":1,""37"":1,""38"":24,""39"":10,""4"":27,""41"":2,""42"":1,""5"":45,""51"":1,""52"":2,""6"":28,""7"":69,""8"":55,""9"":126}","{""Diagonal CMA-ES"":{""attempts"":304,""discoveries"":0,""improvements"":0,""insertions"":0,""insertion_rate"":0.0},""Immigrant"":{""attempts"":137,""discoveries"":0,""improvements"":0,""insertions"":0,""insertion_rate"":0.0},""Morphology"":{""attempts"":309,""discoveries"":0,""improvements"":4,""insertions"":4,""insertion_rate"":0.012944983818770227},""Novelty"":{""attempts"":250,""discoveries"":0,""improvements"":0,""insertions"":0,""insertion_rate"":0.0}}","{""Morphology"":195,""Novelty"":22}",1,0.9045226130653267,false,107000
38,213,214000,9.365200365000007,0.077482179,0.067734424,0.00324846,0.006499295,10.997898101,49.287453,27.210583,4920.325957655907,189,0.984375,38,4.458505261349458,0,0.0,"{""10"":1,""11"":1,""12"":4,""13"":1,""14"":4,""15"":1,""16"":2,""17"":5,""18"":4,""4"":4,""5"":30,""6"":78,""7"":32,""8"":17,""9"":5}","{""10"":2,""11"":59,""12"":2,""13"":1,""14"":11,""16"":4,""17"":12,""20"":4,""23"":1,""24"":1,""27"":4,""30"":1,""31"":4,""32"":1,""33"":1,""35"":1,""38"":5,""39"":2,""40"":2,""5"":4,""7"":15,""8"":15,""9"":37}",163,5.460320450152476,48,0.048,"{""10"":13,""12"":5,""13"":5,""14"":3,""15"":12,""16"":3,""17"":11,""18"":12,""19"":6,""3"":48,""4"":66,""5"":140,""6"":365,""7"":187,""8"":87,""9"":37}","{""10"":31,""11"":299,""12"":44,""13"":10,""14"":31,""15"":27,""16"":19,""17"":37,""18"":9,""19"":3,""20"":20,""21"":9,""23"":4,""24"":6,""27"":8,""28"":2,""3"":48,""30"":4,""31"":2,""32"":7,""33"":1,""34"":4,""35"":3,""38"":10,""39"":6,""4"":35,""40"":1,""41"":6,""42"":4,""43"":1,""47"":1,""5"":59,""51"":1,""6"":14,""7"":52,""8"":54,""9"":128}","{""Diagonal CMA-ES"":{""attempts"":289,""discoveries"":0,""improvements"":0,""insertions"":0,""insertion_rate"":0.0},""Immigrant"":{""attempts"":147,""discoveries"":0,""improvements"":0,""insertions"":0,""insertion_rate"":0.0},""Morphology"":{""attempts"":313,""discoveries"":0,""improvements"":3,""insertions"":3,""insertion_rate"":0.009584664536741214},""Novelty"":{""attempts"":251,""discoveries"":0,""improvements"":0,""insertions"":0,""insertion_rate"":0.0}}","{""Morphology"":210,""Novelty"":26}",0,0.9045226130653267,false,108000
38,214,215000,9.440987074000008,0.075786709,0.065365755,0.003843298,0.006577656,11.082075478,49.287453,27.210583,4929.086413741112,189,0.984375,38,4.448451639498187,0,0.0,"{""10"":1,""11"":1,""12"":4,""13"":1,""14"":4,""15"":1,""16"":2,""17"":6,""18"":3,""4"":4,""5"":30,""6"":78,""7"":32,""8"":17,""9"":5}","{""10"":2,""11"":59,""12"":2,""13"":1,""14"":11,""16"":4,""17"":12,""20"":4,""23"":1,""24"":1,""27"":4,""30"":1,""31"":4,""32"":1,""33"":1,""35"":1,""38"":6,""39"":2,""40"":1,""5"":4,""7"":15,""8"":15,""9"":37}",157,5.734899458702987,47,0.047,"{""10"":13,""12"":7,""14"":3,""15"":12,""16"":2,""17"":15,""18"":10,""19"":4,""3"":47,""4"":67,""5"":188,""6"":283,""7"":237,""8"":76,""9"":36}","{""10"":35,""11"":222,""12"":54,""13"":13,""14"":49,""15"":23,""16"":16,""17"":28,""18"":10,""20"":16,""21"":5,""23"":10,""24"":2,""27"":8,""3"":47,""31"":3,""32"":10,""33"":1,""34"":1,""35"":1,""38"":15,""39"":6,""4"":32,""40"":2,""41"":3,""42"":3,""5"":57,""50"":1,""6"":28,""7"":87,""8"":56,""9"":156}","{""Diagonal CMA-ES"":{""attempts"":293,""discoveries"":0,""improvements"":0,""insertions"":0,""insertion_rate"":0.0},""Immigrant"":{""attempts"":154,""discoveries"":0,""improvements"":0,""insertions"":0,""insertion_rate"":0.0},""Morphology"":{""attempts"":299,""discoveries"":0,""improvements"":2,""insertions"":2,""insertion_rate"":0.006688963210702341},""Novelty"":{""attempts"":254,""discoveries"":0,""improvements"":0,""insertions"":0,""insertion_rate"":0.0}}","{""Morphology"":210,""Novelty"":29}",0,0.9045226130653267,false,109000
38,215,216000,9.515927236000008,0.074940162,0.066274041,0.003231837,0.005434284,11.165439553,49.287453,27.210583,4944.811750769615,189,0.984375,38,4.441282658336122,0,0.0,"{""10"":1,""11"":1,""12"":4,""13"":1,""14"":4,""15"":1,""16"":2,""17"":6,""18"":3,""4"":4,""5"":30,""6"":77,""7"":32,""8"":18,""9"":5}","{""10"":2,""11"":60,""12"":2,""13"":1,""14"":10,""16"":4,""17"":13,""20"":4,""23"":1,""24"":1,""27"":4,""30"":1,""31"":4,""32"":1,""33"":1,""35"":1,""38"":6,""39"":2,""40"":1,""5"":4,""7"":15,""8"":15,""9"":36}",152,5.346119846479339,61,0.061,"{""10"":13,""12"":4,""13"":2,""14"":2,""15"":17,""16"":11,""17"":11,""18"":7,""19"":2,""3"":61,""4"":70,""5"":127,""6"":377,""7"":192,""8"":70,""9"":34}","{""10"":28,""11"":325,""12"":53,""13"":10,""14"":34,""15"":14,""16"":20,""17"":30,""18"":9,""19"":1,""20"":15,""21"":7,""23"":7,""24"":4,""27"":6,""28"":3,""3"":61,""31"":1,""32"":10,""33"":1,""34"":6,""35"":11,""38"":11,""39"":4,""4"":40,""40"":1,""41"":2,""42"":1,""43"":1,""5"":50,""51"":1,""6"":18,""7"":47,""8"":47,""9"":121}","{""Diagonal CMA-ES"":{""attempts"":302,""discoveries"":0,""improvements"":0,""insertions"":0,""insertion_rate"":0.0},""Immigrant"":{""attempts"":155,""discoveries"":0,""improvements"":0,""insertions"":0,""insertion_rate"":0.0},""Morphology"":{""attempts"":294,""discoveries"":0,""improvements"":5,""insertions"":5,""insertion_rate"":0.017006802721088437},""Novelty"":{""attempts"":249,""discoveries"":0,""improvements"":1,""insertions"":1,""insertion_rate"":0.004016064257028112}}","{""Morphology"":189,""Novelty"":29}",0,0.905,false,110000
38,216,217000,9.590175201000008,0.074247965,0.06414402,0.003376688,0.006727257,11.24952432,49.287453,27.700745,4953.364996314049,189,0.984375,37,4.414371725388077,0,0.0,"{""10"":1,""11"":1,""12"":4,""13"":1,""14"":4,""15"":1,""16"":2,""17"":6,""18"":3,""4"":4,""5"":30,""6"":77,""7"":32,""8"":18,""9"":5}","{""10"":2,""11"":60,""12"":2,""13"":1,""14"":10,""16"":4,""17"":13,""20"":4,""23"":1,""24"":1,""27"":4,""30"":1,""31"":4,""32"":1,""33"":1,""35"":1,""38"":6,""39"":2,""40"":1,""5"":4,""7"":15,""8"":15,""9"":36}",149,5.448382416154535,48,0.048,"{""10"":8,""12"":5,""13"":4,""14"":6,""15"":7,""16"":5,""17"":11,""18"":11,""19"":6,""3"":48,""4"":71,""5"":164,""6"":333,""7"":219,""8"":64,""9"":38}","{""10"":29,""11"":302,""12"":49,""13"":11,""14"":44,""15"":12,""16"":18,""17"":25,""18"":10,""19"":1,""20"":21,""21"":7,""23"":7,""27"":6,""28"":3,""3"":48,""30"":1,""31"":6,""32"":6,""34"":1,""35"":5,""38"":11,""39"":4,""4"":40,""40"":3,""41"":5,""43"":1,""49"":2,""5"":49,""52"":1,""53"":1,""6"":23,""7"":54,""8"":81,""9"":113}","{""Diagonal CMA-ES"":{""attempts"":290,""discoveries"":0,""improvements"":0,""insertions"":0,""insertion_rate"":0.0},""Immigrant"":{""attempts"":145,""discoveries"":0,""improvements"":0,""insertions"":0,""insertion_rate"":0.0},""Morphology"":{""attempts"":309,""discoveries"":0,""improvements"":2,""insertions"":2,""insertion_rate"":0.006472491909385114},""Novelty"":{""attempts"":256,""discoveries"":0,""improvements"":0,""insertions"":0,""insertion_rate"":0.0}}","{""Morphology"":200,""Novelty"":23}",0,0.905,false,111000
38,217,218000,9.665787378000008,0.075612177,0.065344384,0.003374314,0.006893479,11.33459811,49.287453,27.700745,4957.259581923485,189,0.984375,36,4.392386841802921,0,0.0,"{""10"":1,""11"":1,""12"":4,""13"":1,""14"":4,""15"":1,""16"":2,""17"":6,""18"":3,""4"":4,""5"":31,""6"":76,""7"":32,""8"":18,""9"":5}","{""10"":1,""11"":60,""12"":2,""13"":1,""14"":10,""16"":4,""17"":13,""20"":4,""23"":1,""24"":1,""27"":4,""30"":1,""31"":4,""32"":1,""33"":1,""35"":1,""38"":6,""39"":2,""40"":1,""5"":4,""7"":15,""8"":16,""9"":36}",163,5.760415726140366,52,0.052,"{""10"":11,""12"":8,""13"":4,""14"":10,""15"":17,""16"":5,""17"":15,""18"":10,""19"":3,""3"":52,""4"":56,""5"":177,""6"":288,""7"":235,""8"":69,""9"":40}","{""10"":40,""11"":215,""12"":52,""13"":15,""14"":36,""15"":9,""16"":20,""17"":33,""18"":17,""19"":1,""20"":8,""21"":10,""23"":4,""24"":1,""27"":10,""28"":1,""3"":52,""30"":3,""31"":10,""32"":10,""33"":1,""34"":5,""35"":5,""36"":1,""38"":13,""39"":7,""4"":25,""41"":2,""42"":2,""44"":1,""45"":1,""5"":53,""51"":2,""6"":19,""7"":72,""8"":79,""9"":165}","{""Diagonal CMA-ES"":{""attempts"":288,""discoveries"":0,""improvements"":0,""insertions"":0,""insertion_rate"":0.0},""Immigrant"":{""attempts"":138,""discoveries"":0,""improvements"":0,""insertions"":0,""insertion_rate"":0.0},""Morphology"":{""attempts"":308,""discoveries"":0,""improvements"":5,""insertions"":5,""insertion_rate"":0.016233766233766232},""Novelty"":{""attempts"":266,""discoveries"":0,""improvements"":0,""insertions"":0,""insertion_rate"":0.0}}","{""Morphology"":202,""Novelty"":23}",0,0.905,false,112000
38,218,219000,9.742901490000008,0.077114112,0.064567887,0.002799659,0.009746566,11.420176503,49.287453,27.700745,4967.20184648037,189,0.984375,35,4.382350532026989,0,0.0,"{""10"":1,""11"":1,""12"":4,""13"":1,""14"":4,""15"":1,""16"":1,""17"":6,""18"":4,""4"":4,""5"":30,""6"":76,""7"":32,""8"":19,""9"":5}","{""10"":1,""11"":60,""12"":2,""13"":1,""14"":10,""16"":4,""17"":14,""20"":4,""23"":1,""24"":1,""27"":4,""30"":1,""31"":4,""32"":1,""33"":1,""38"":6,""39"":2,""40"":1,""41"":1,""5"":4,""7"":14,""8"":16,""9"":36}",171,5.754888285534214,44,0.044,"{""10"":15,""12"":7,""13"":4,""14"":2,""15"":15,""16"":5,""17"":13,""18"":9,""19"":2,""3"":44,""4"":72,""5"":166,""6"":283,""7"":231,""8"":103,""9"":29}","{""10"":42,""11"":247,""12"":51,""13"":12,""14"":33,""15"":18,""16"":16,""17"":49,""18"":10,""20"":12,""21"":10,""23"":11,""27"":7,""28"":3,""3"":44,""30"":2,""31"":2,""32"":8,""33"":1,""34"":5,""35"":4,""38"":13,""39"":5,""4"":35,""40"":2,""41"":3,""42"":1,""43"":1,""5"":58,""51"":1,""6"":17,""7"":77,""8"":55,""9"":145}","{""Diagonal CMA-ES"":{""attempts"":283,""discoveries"":0,""improvements"":0,""insertions"":0,""insertion_rate"":0.0},""Immigrant"":{""attempts"":141,""discoveries"":0,""improvements"":0,""insertions"":0,""insertion_rate"":0.0},""Morphology"":{""attempts"":317,""discoveries"":0,""improvements"":5,""insertions"":5,""insertion_rate"":0.015772870662460567},""Novelty"":{""attempts"":259,""discoveries"":0,""improvements"":0,""insertions"":0,""insertion_rate"":0.0}}","{""Morphology"":211,""Novelty"":37}",1,0.905,false,113000
38,219,220000,9.820697116000009,0.077795626,0.067146709,0.00321759,0.007431327,11.510542101,49.287453,27.700745,4967.345088362694,189,0.984375,35,4.38235053202699,0,0.0,"{""10"":1,""11"":1,""12"":4,""13"":1,""14"":4,""15"":1,""16"":1,""17"":6,""18"":4,""4"":4,""5"":30,""6"":76,""7"":32,""8"":19,""9"":5}","{""10"":1,""11"":60,""12"":2,""13"":1,""14"":10,""16"":4,""17"":14,""20"":4,""23"":1,""24"":1,""27"":4,""30"":1,""31"":4,""32"":1,""33"":1,""38"":6,""39"":2,""40"":1,""41"":1,""5"":4,""7"":14,""8"":16,""9"":36}",152,5.656007179628121,58,0.058,"{""10"":15,""12"":5,""13"":2,""14"":73,""15"":21,""17"":26,""18"":10,""19"":5,""3"":58,""4"":63,""5"":143,""6"":282,""7"":191,""8"":64,""9"":42}","{""10"":33,""11"":213,""12"":41,""13"":13,""14"":35,""15"":14,""16"":19,""17"":25,""18"":15,""19"":2,""20"":17,""21"":9,""23"":7,""24"":1,""27"":7,""28"":1,""3"":58,""30"":1,""31"":73,""32"":13,""33"":2,""34"":5,""38"":26,""39"":7,""4"":30,""40"":1,""41"":7,""5"":51,""50"":1,""6"":22,""7"":50,""8"":67,""9"":134}","{""Diagonal CMA-ES"":{""attempts"":277,""discoveries"":0,""improvements"":0,""insertions"":0,""insertion_rate"":0.0},""Immigrant"":{""attempts"":151,""discoveries"":0,""improvements"":0,""insertions"":0,""insertion_rate"":0.0},""Morphology"":{""attempts"":315,""discoveries"":0,""improvements"":1,""insertions"":1,""insertion_rate"":0.0031746031746031746},""Novelty"":{""attempts"":257,""discoveries"":0,""improvements"":0,""insertions"":0,""insertion_rate"":0.0}}","{""Morphology"":202,""Novelty"":37}",0,0.905,false,114000
38,220,221000,9.897100035000008,0.076402919,0.065068929,0.003602276,0.007731714,11.59753101,49.287453,27.700745,4980.592758536339,189,0.984375,36,4.3981337535869445,0,0.0,"{""10"":1,""11"":1,""12"":4,""13"":1,""14"":4,""15"":1,""16"":1,""17"":6,""18"":4,""4"":4,""5"":31,""6"":75,""7"":31,""8"":20,""9"":5}","{""10"":1,""11"":60,""12"":2,""13"":1,""14"":9,""15"":1,""16"":4,""17"":14,""20"":4,""23"":1,""24"":1,""27"":4,""30"":1,""31"":4,""32"":1,""33"":1,""38"":6,""39"":2,""40"":1,""41"":1,""5"":4,""7"":15,""8"":16,""9"":35}",148,5.673096425429588,42,0.042,"{""10"":11,""12"":6,""13"":2,""14"":60,""15"":11,""17"":10,""18"":20,""19"":3,""3"":42,""4"":51,""5"":177,""6"":261,""7"":231,""8"":83,""9"":32}","{""10"":31,""11"":217,""12"":54,""13"":9,""14"":50,""15"":12,""16"":17,""17"":36,""18"":9,""19"":2,""20"":17,""21"":3,""23"":9,""24"":1,""27"":8,""3"":42,""30"":2,""31"":59,""32"":8,""34"":3,""38"":10,""39"":3,""4"":26,""40"":7,""41"":12,""43"":1,""49"":1,""5"":53,""6"":25,""7"":61,""8"":70,""9"":142}","{""Diagonal CMA-ES"":{""attempts"":325,""discoveries"":0,""improvements"":0,""insertions"":0,""insertion_rate"":0.0},""Immigrant"":{""attempts"":133,""discoveries"":0,""improvements"":0,""insertions"":0,""insertion_rate"":0.0},""Morphology"":{""attempts"":320,""discoveries"":0,""improvements"":3,""insertions"":3,""insertion_rate"":0.009375},""Novelty"":{""attempts"":222,""discoveries"":0,""improvements"":1,""insertions"":1,""insertion_rate"":0.0045045045045045045}}","{""Morphology"":200,""Novelty"":22}",1,0.905,false,115000
38,221,222000,9.970445650000007,0.073345615,0.06296028,0.002587132,0.007798203,11.679987985,49.287453,27.700745,4980.592758536339,189,0.984375,36,4.398133753586944,0,0.0,"{""10"":1,""11"":1,""12"":4,""13"":1,""14"":4,""15"":1,""16"":1,""17"":6,""18"":4,""4"":4,""5"":31,""6"":75,""7"":31,""8"":20,""9"":5}","{""10"":1,""11"":60,""12"":2,""13"":1,""14"":9,""15"":1,""16"":4,""17"":14,""20"":4,""23"":1,""24"":1,""27"":4,""30"":1,""31"":4,""32"":1,""33"":1,""38"":6,""39"":2,""40"":1,""41"":1,""5"":4,""7"":15,""8"":16,""9"":35}",161,5.561234049031531,39,0.039,"{""10"":6,""12"":5,""13"":3,""14"":129,""15"":17,""17"":8,""18"":13,""19"":8,""3"":39,""4"":65,""5"":142,""6"":205,""7"":266,""8"":62,""9"":32}","{""10"":29,""11"":153,""12"":43,""13"":9,""14"":121,""15"":21,""16"":16,""17"":22,""18"":10,""19"":2,""20"":15,""21"":6,""23"":2,""24"":1,""27"":6,""28"":2,""3"":39,""30"":1,""31"":129,""32"":10,""34"":4,""38"":8,""39"":10,""4"":34,""40"":2,""41"":3,""42"":5,""43"":2,""44"":1,""49"":1,""5"":54,""6"":25,""7"":53,""8"":51,""9"":110}","{""Diagonal CMA-ES"":{""attempts"":305,""discoveries"":0,""improvements"":0,""insertions"":0,""insertion_rate"":0.0},""Immigrant"":{""attempts"":148,""discoveries"":0,""improvements"":0,""insertions"":0,""insertion_rate"":0.0},""Morphology"":{""attempts"":286,""discoveries"":0,""improvements"":0,""insertions"":0,""insertion_rate"":0.0},""Novelty"":{""attempts"":261,""discoveries"":0,""improvements"":0,""insertions"":0,""insertion_rate"":0.0}}","{""Morphology"":195,""Novelty"":30}",0,0.9054726368159204,false,116000
38,222,223000,10.046804639000007,0.07635898899999999,0.066228924,0.003381437,0.006748628,11.767780698,49.287453,27.700745,4989.27149617672,189,0.984375,35,4.3875517430049324,0,0.0,"{""10"":1,""11"":1,""12"":4,""13"":1,""14"":4,""15"":1,""17"":6,""18"":5,""4"":4,""5"":31,""6"":75,""7"":31,""8"":20,""9"":5}","{""10"":1,""11"":60,""12"":2,""13"":1,""14"":9,""15"":1,""16"":4,""17"":14,""20"":4,""23"":1,""24"":1,""27"":4,""30"":1,""31"":4,""32"":1,""38"":6,""39"":2,""40"":2,""41"":1,""5"":4,""7"":15,""8"":16,""9"":35}",166,5.734605145192138,49,0.049,"{""10"":9,""12"":4,""13"":5,""14"":106,""15"":18,""17"":11,""18"":52,""19"":6,""3"":49,""4"":69,""5"":146,""6"":215,""7"":204,""8"":69,""9"":37}","{""10"":30,""11"":159,""12"":50,""13"":10,""14"":54,""15"":18,""16"":19,""17"":24,""18"":17,""19"":1,""20"":14,""21"":7,""23"":5,""24"":1,""27"":4,""28"":3,""3"":49,""30"":2,""31"":105,""32"":12,""33"":2,""34"":3,""38"":11,""39"":45,""4"":40,""40"":4,""41"":6,""42"":4,""5"":56,""53"":1,""6"":23,""7"":48,""8"":58,""9"":115}","{""Diagonal CMA-ES"":{""attempts"":291,""discoveries"":0,""improvements"":0,""insertions"":0,""insertion_rate"":0.0},""Immigrant"":{""attempts"":155,""discoveries"":0,""improvements"":0,""insertions"":0,""insertion_rate"":0.0},""Morphology"":{""attempts"":307,""discoveries"":0,""improvements"":4,""insertions"":4,""insertion_rate"":0.013029315960912053},""Novelty"":{""attempts"":247,""discoveries"":0,""improvements"":0,""insertions"":0,""insertion_rate"":0.0}}","{""Morphology"":192,""Novelty"":33}",0,0.9054726368159204,false,117000
38,223,224000,10.117491884000007,0.07068724500000001,0.059189407,0.004377585,0.007120253,11.850724468,49.287453,27.700745,4994.755491614342,189,0.984375,35,4.380688684575927,0,0.0,"{""10"":1,""11"":1,""12"":4,""13"":1,""14"":4,""15"":1,""17"":6,""18"":5,""4"":4,""5"":31,""6"":74,""7"":32,""8"":20,""9"":5}","{""10"":1,""11"":61,""12"":2,""13"":1,""14"":9,""15"":1,""16"":4,""17"":14,""20"":4,""23"":1,""24"":1,""27"":4,""30"":1,""31"":4,""32"":1,""38"":6,""39"":2,""40"":2,""41"":1,""5"":4,""7"":15,""8"":16,""9"":34}",163,5.648163050160378,56,0.056,"{""10"":7,""12"":5,""13"":6,""14"":16,""15"":13,""16"":1,""17"":11,""18"":13,""19"":6,""3"":56,""4"":62,""5"":158,""6"":281,""7"":266,""8"":61,""9"":38}","{""10"":23,""11"":198,""12"":62,""13"":10,""14"":74,""15"":14,""16"":14,""17"":19,""18"":18,""19"":2,""20"":10,""21"":6,""23"":8,""27"":5,""28"":1,""3"":56,""30"":5,""31"":16,""32"":9,""33"":1,""34"":3,""38"":11,""39"":9,""4"":33,""41"":9,""42"":2,""5"":50,""6"":25,""7"":65,""8"":59,""9"":183}","{""Diagonal CMA-ES"":{""attempts"":312,""discoveries"":0,""improvements"":0,""insertions"":0,""insertion_rate"":0.0},""Immigrant"":{""attempts"":159,""discoveries"":0,""improvements"":0,""insertions"":0,""insertion_rate"":0.0},""Morphology"":{""attempts"":308,""discoveries"":0,""improvements"":1,""insertions"":1,""insertion_rate"":0.003246753246753247},""Novelty"":{""attempts"":221,""discoveries"":0,""improvements"":1,""insertions"":1,""insertion_rate"":0.004524886877828055}}","{""Morphology"":218,""Novelty"":21}",0,0.905940594059406,false,118000
38,224,225000,10.190401760000007,0.07290987600000001,0.061900019,0.003846861,0.007162996,11.935583356,49.287453,27.700745,5002.6527198553085,189,0.984375,35,4.3875517430049324,0,0.0,"{""10"":1,""11"":1,""12"":4,""13"":1,""14"":4,""15"":1,""17"":6,""18"":5,""4"":4,""5"":31,""6"":75,""7"":32,""8"":19,""9"":5}","{""10"":1,""11"":61,""12"":2,""13"":1,""14"":9,""15"":1,""16"":4,""17"":13,""20"":4,""23"":1,""24"":1,""27"":4,""30"":1,""31"":4,""32"":1,""38"":6,""39"":2,""40"":2,""41"":1,""5"":4,""7"":15,""8"":16,""9"":35}",159,5.748559312835437,44,0.044,"{""10"":8,""12"":7,""13"":7,""14"":10,""15"":15,""17"":9,""18"":16,""19"":5,""3"":44,""4"":78,""5"":170,""6"":279,""7"":225,""8"":89,""9"":38}","{""10"":23,""11"":234,""12"":61,""13"":16,""14"":34,""15"":18,""16"":24,""17"":28,""18"":9,""20"":21,""21"":4,""23"":8,""24"":1,""27"":7,""28"":1,""3"":44,""30"":6,""31"":10,""32"":10,""34"":4,""36"":1,""38"":9,""39"":10,""4"":37,""40"":2,""41"":7,""42"":2,""43"":1,""5"":55,""6"":26,""7"":76,""8"":63,""9"":148}","{""Diagonal CMA-ES"":{""attempts"":282,""discoveries"":0,""improvements"":0,""insertions"":0,""insertion_rate"":0.0},""Immigrant"":{""attempts"":146,""discoveries"":0,""improvements"":0,""insertions"":0,""insertion_rate"":0.0},""Morphology"":{""attempts"":305,""discoveries"":0,""improvements"":1,""insertions"":1,""insertion_rate"":0.003278688524590164},""Novelty"":{""attempts"":267,""discoveries"":0,""improvements"":0,""insertions"":0,""insertion_rate"":0.0}}","{""Morphology"":192,""Novelty"":33}",0,0.905940594059406,false,119000
38,225,226000,10.268546452000008,0.078144692,0.068161852,0.003331571,0.006651269,12.022899961,49.287453,28.331762,5006.818880438805,189,0.984375,35,4.387551743004933,0,0.0,"{""10"":1,""11"":1,""12"":4,""13"":1,""14"":4,""15"":1,""17"":6,""18"":5,""4"":4,""5"":30,""6"":75,""7"":33,""8"":19,""9"":5}","{""10"":1,""11"":62,""12"":2,""13"":1,""14"":9,""15"":1,""16"":4,""17"":13,""20"":4,""23"":1,""24"":1,""27"":4,""30"":1,""31"":4,""32"":1,""38"":6,""39"":2,""40"":2,""41"":1,""5"":4,""7"":14,""8"":16,""9"":35}",158,5.718653128778923,42,0.042,"{""10"":5,""12"":10,""13"":6,""14"":10,""15"":14,""16"":1,""17"":11,""18"":13,""19"":6,""3"":42,""4"":83,""5"":183,""6"":272,""7"":229,""8"":88,""9"":27}","{""10"":36,""11"":243,""12"":50,""13"":19,""14"":34,""15"":17,""16"":18,""17"":29,""18"":10,""19"":2,""20"":6,""21"":4,""23"":2,""24"":4,""27"":10,""28"":2,""3"":42,""30"":5,""31"":9,""32"":8,""33"":2,""34"":5,""38"":11,""39"":6,""4"":42,""40"":6,""41"":6,""5"":66,""52"":1,""53"":1,""6"":18,""7"":74,""8"":78,""9"":134}","{""Diagonal CMA-ES"":{""attempts"":275,""discoveries"":0,""improvements"":0,""insertions"":0,""insertion_rate"":0.0},""Immigrant"":{""attempts"":154,""discoveries"":0,""improvements"":0,""insertions"":0,""insertion_rate"":0.0},""Morphology"":{""attempts"":305,""discoveries"":0,""improvements"":3,""insertions"":3,""insertion_rate"":0.009836065573770493},""Novelty"":{""attempts"":266,""discoveries"":0,""improvements"":0,""insertions"":0,""insertion_rate"":0.0}}","{""Morphology"":183,""Novelty"":34}",0,0.905940594059406,false,120000
38,226,227000,10.339985260000008,0.071438808,0.0612565,0.003313762,0.006868546,12.104213564,49.287453,28.331762,5009.526205837727,189,0.984375,36,4.391058330664045,0,0.0,"{""10"":1,""11"":1,""12"":4,""13"":1,""14"":3,""15"":1,""17"":6,""18"":6,""4"":4,""5"":31,""6"":74,""7"":34,""8"":18,""9"":5}","{""10"":1,""11"":62,""12"":2,""13"":1,""14"":9,""15"":1,""16"":4,""17"":13,""20"":4,""23"":1,""24"":1,""27"":4,""30"":1,""31"":3,""32"":1,""38"":6,""39"":3,""40"":2,""41"":1,""5"":4,""7"":14,""8"":17,""9"":34}",163,5.756852203538525,42,0.042,"{""10"":10,""12"":8,""13"":8,""14"":8,""15"":15,""17"":8,""18"":20,""19"":3,""3"":42,""4"":70,""5"":165,""6"":280,""7"":233,""8"":85,""9"":45}","{""10"":26,""11"":219,""12"":69,""13"":12,""14"":43,""15"":15,""16"":17,""17"":25,""18"":11,""19"":1,""20"":18,""21"":6,""23"":9,""24"":3,""27"":8,""28"":4,""3"":42,""30"":5,""31"":8,""32"":12,""34"":3,""38"":8,""39"":12,""4"":36,""40"":5,""41"":5,""5"":54,""50"":1,""6"":19,""7"":64,""8"":75,""9"":165}","{""Diagonal CMA-ES"":{""attempts"":308,""discoveries"":0,""improvements"":2,""insertions"":2,""insertion_rate"":0.006493506493506494},""Immigrant"":{""attempts"":138,""discoveries"":0,""improvements"":0,""insertions"":0,""insertion_rate"":0.0},""Morphology"":{""attempts"":295,""discoveries"":0,""improvements"":2,""insertions"":2,""insertion_rate"":0.006779661016949152},""Novelty"":{""attempts"":259,""discoveries"":0,""improvements"":0,""insertions"":0,""insertion_rate"":0.0}}","{""Morphology"":210,""Novelty"":28}",1,0.905940594059406,false,121000
38,227,228000,10.416239768000008,0.076254508,0.066207553,0.003020498,0.007026457,12.190143399,49.287453,28.331762,5012.086863338947,189,0.984375,36,4.389525972313338,0,0.0,"{""10"":1,""11"":1,""12"":4,""13"":1,""14"":3,""15"":1,""17"":6,""18"":6,""4"":4,""5"":31,""6"":74,""7"":34,""8"":18,""9"":5}","{""10"":1,""11"":62,""12"":2,""13"":1,""14"":9,""15"":1,""16"":4,""17"":13,""20"":4,""23"":1,""24"":1,""27"":4,""30"":1,""31"":3,""32"":1,""38"":6,""39"":3,""40"":2,""41"":1,""5"":4,""7"":13,""8"":18,""9"":34}",164,5.7162334090834825,47,0.047,"{""10"":8,""12"":9,""13"":8,""14"":15,""15"":11,""17"":37,""18"":22,""19"":1,""3"":47,""4"":67,""5"":162,""6"":278,""7"":204,""8"":90,""9"":41}","{""10"":27,""11"":207,""12"":57,""13"":13,""14"":37,""15"":16,""16"":11,""17"":51,""18"":9,""19"":1,""20"":28,""21"":5,""23"":6,""27"":10,""28"":3,""3"":47,""30"":5,""31"":14,""32"":6,""33"":1,""34"":5,""38"":37,""39"":11,""4"":40,""40"":6,""41"":4,""49"":2,""5"":43,""6"":15,""7"":64,""8"":73,""9"":146}","{""Diagonal CMA-ES"":{""attempts"":290,""discoveries"":0,""improvements"":1,""insertions"":1,""insertion_rate"":0.0034482758620689655},""Immigrant"":{""attempts"":144,""discoveries"":0,""improvements"":0,""insertions"":0,""insertion_rate"":0.0},""Morphology"":{""attempts"":289,""discoveries"":0,""improvements"":1,""insertions"":1,""insertion_rate"":0.0034602076124567475},""Novelty"":{""attempts"":277,""discoveries"":0,""improvements"":0,""insertions"":0,""insertion_rate"":0.0}}","{""Morphology"":196,""Novelty"":35}",0,0.905940594059406,false,122000
38,228,229000,10.493346758000008,0.07710699,0.068122672,0.003409933,0.005574385,12.275110332,49.287453,28.331762,5012.086863338947,189,0.984375,36,4.389525972313339,0,0.0,"{""10"":1,""11"":1,""12"":4,""13"":1,""14"":3,""15"":1,""17"":6,""18"":6,""4"":4,""5"":31,""6"":74,""7"":34,""8"":18,""9"":5}","{""10"":1,""11"":62,""12"":2,""13"":1,""14"":9,""15"":1,""16"":4,""17"":13,""20"":4,""23"":1,""24"":1,""27"":4,""30"":1,""31"":3,""32"":1,""38"":6,""39"":3,""40"":2,""41"":1,""5"":4,""7"":13,""8"":18,""9"":34}",162,5.7343321151414655,64,0.064,"{""10"":11,""12"":5,""13"":6,""14"":16,""15"":10,""17"":32,""18"":20,""19"":5,""3"":64,""4"":71,""5"":162,""6"":249,""7"":213,""8"":83,""9"":53}","{""10"":26,""11"":199,""12"":51,""13"":11,""14"":49,""15"":14,""16"":19,""17"":46,""18"":14,""20"":29,""21"":7,""23"":10,""24"":2,""27"":5,""28"":2,""3"":64,""30"":4,""31"":16,""32"":5,""34"":4,""36"":1,""38"":32,""39"":13,""4"":42,""40"":6,""41"":1,""43"":1,""44"":2,""5"":47,""50"":1,""51"":1,""53"":1,""6"":20,""7"":69,""8"":66,""9"":120}","{""Diagonal CMA-ES"":{""attempts"":264,""discoveries"":0,""improvements"":0,""insertions"":0,""insertion_rate"":0.0},""Immigrant"":{""attempts"":169,""discoveries"":0,""improvements"":0,""insertions"":0,""insertion_rate"":0.0},""Morphology"":{""attempts"":308,""discoveries"":0,""improvements"":0,""insertions"":0,""insertion_rate"":0.0},""Novelty"":{""attempts"":259,""discoveries"":0,""improvements"":0,""insertions"":0,""insertion_rate"":0.0}}","{""Morphology"":209,""Novelty"":28}",0,0.905940594059406,false,123000
38,229,230000,10.573359078000008,0.08001232,0.069407333,0.003324447,0.00728054,12.364923834,49.287453,28.331762,5023.022967159748,189,0.984375,36,4.389525972313339,0,0.0,"{""10"":1,""11"":1,""12"":4,""13"":1,""14"":3,""15"":1,""17"":6,""18"":6,""4"":4,""5"":31,""6"":74,""7"":34,""8"":18,""9"":5}","{""10"":1,""11"":62,""12"":2,""13"":1,""14"":9,""15"":1,""16"":4,""17"":13,""20"":4,""23"":1,""24"":1,""27"":4,""30"":1,""31"":3,""32"":1,""38"":6,""39"":3,""40"":2,""41"":1,""5"":4,""7"":13,""8"":18,""9"":34}",149,5.623267369181968,49,0.049,"{""10"":7,""12"":16,""13"":7,""14"":12,""15"":10,""17"":35,""18"":21,""19"":2,""3"":49,""4"":67,""5"":157,""6"":291,""7"":198,""8"":94,""9"":34}","{""10"":21,""11"":218,""12"":48,""13"":18,""14"":31,""15"":16,""16"":23,""17"":47,""18"":4,""19"":2,""20"":27,""21"":4,""23"":6,""24"":1,""27"":17,""28"":2,""3"":49,""30"":4,""31"":12,""32"":6,""34"":4,""37"":1,""38"":35,""39"":13,""4"":40,""40"":4,""41"":4,""5"":42,""51"":1,""53"":1,""6"":19,""7"":58,""8"":79,""9"":143}","{""Diagonal CMA-ES"":{""attempts"":304,""discoveries"":0,""improvements"":0,""insertions"":0,""insertion_rate"":0.0},""Immigrant"":{""attempts"":146,""discoveries"":0,""improvements"":0,""insertions"":0,""insertion_rate"":0.0},""Morphology"":{""attempts"":291,""discoveries"":0,""improvements"":3,""insertions"":3,""insertion_rate"":0.010309278350515464},""Novelty"":{""attempts"":259,""discoveries"":0,""improvements"":0,""insertions"":0,""insertion_rate"":0.0}}","{""Morphology"":185,""Novelty"":28}",0,0.9064039408866995,false,124000
38,230,231000,10.648978377000008,0.075619299,0.06488371,0.003235399,0.00750019,12.450765808,49.287453,28.331762,5025.086767971516,189,0.984375,36,4.371806590312376,0,0.0,"{""10"":1,""11"":1,""12"":4,""13"":1,""14"":2,""15"":1,""17"":7,""18"":6,""4"":4,""5"":32,""6"":73,""7"":34,""8"":18,""9"":5}","{""10"":1,""11"":61,""12"":2,""13"":1,""14"":9,""15"":1,""16"":4,""17"":13,""20"":4,""23"":1,""24"":1,""27"":4,""30"":1,""31"":2,""32"":1,""38"":7,""39"":3,""40"":2,""41"":1,""5"":4,""7"":13,""8"":19,""9"":34}",166,5.772703027153077,52,0.052,"{""10"":13,""12"":10,""13"":9,""14"":21,""15"":13,""17"":22,""18"":28,""19"":3,""3"":52,""4"":69,""5"":161,""6"":278,""7"":173,""8"":105,""9"":43}","{""10"":22,""11"":204,""12"":49,""13"":16,""14"":22,""15"":16,""16"":19,""17"":58,""18"":12,""19"":3,""20"":23,""21"":8,""23"":7,""24"":2,""27"":11,""28"":2,""3"":52,""30"":6,""31"":21,""32"":9,""34"":3,""35"":2,""38"":22,""39"":9,""4"":42,""40"":7,""41"":13,""42"":2,""5"":45,""51"":1,""6"":15,""7"":72,""8"":68,""9"":137}","{""Diagonal CMA-ES"":{""attempts"":293,""discoveries"":0,""improvements"":0,""insertions"":0,""insertion_rate"":0.0},""Immigrant"":{""attempts"":153,""discoveries"":0,""improvements"":0,""insertions"":0,""insertion_rate"":0.0},""Morphology"":{""attempts"":298,""discoveries"":0,""improvements"":2,""insertions"":2,""insertion_rate"":0.006711409395973154},""Novelty"":{""attempts"":256,""discoveries"":0,""improvements"":0,""insertions"":0,""insertion_rate"":0.0}}","{""Morphology"":203,""Novelty"":36}",0,0.9064039408866995,false,125000
38,231,232000,10.723715512000007,0.07473713500000001,0.064801786,0.003179597,0.006755752,12.536232596,49.287453,28.331762,5033.779700100422,189,0.984375,36,4.359380582134616,0,0.0,"{""10"":1,""11"":1,""12"":4,""13"":1,""14"":2,""15"":1,""17"":8,""18"":5,""4"":4,""5"":32,""6"":73,""7"":34,""8"":18,""9"":5}","{""10"":1,""11"":61,""12"":2,""13"":1,""14"":9,""15"":1,""16"":4,""17"":13,""20"":4,""23"":1,""24"":1,""27"":4,""30"":1,""31"":2,""32"":1,""38"":8,""39"":3,""40"":1,""41"":1,""5"":4,""7"":13,""8"":19,""9"":34}",159,5.661902244737745,48,0.048,"{""10"":10,""12"":10,""13"":5,""14"":16,""15"":9,""17"":41,""18"":28,""19"":3,""3"":48,""4"":66,""5"":159,""6"":270,""7"":205,""8"":93,""9"":37}","{""10"":28,""11"":211,""12"":39,""13"":13,""14"":41,""15"":14,""16"":32,""17"":53,""18"":6,""19"":2,""20"":25,""21"":5,""23"":8,""24"":2,""27"":11,""3"":48,""30"":3,""31"":16,""32"":5,""34"":3,""35"":2,""38"":41,""39"":16,""4"":35,""40"":6,""41"":6,""42"":3,""5"":58,""50"":1,""6"":22,""7"":55,""8"":60,""9"":130}","{""Diagonal CMA-ES"":{""attempts"":316,""discoveries"":0,""improvements"":0,""insertions"":0,""insertion_rate"":0.0},""Immigrant"":{""attempts"":160,""discoveries"":0,""improvements"":0,""insertions"":0,""insertion_rate"":0.0},""Morphology"":{""attempts"":303,""discoveries"":0,""improvements"":1,""insertions"":1,""insertion_rate"":0.0033003300330033004},""Novelty"":{""attempts"":221,""discoveries"":0,""improvements"":0,""insertions"":0,""insertion_rate"":0.0}}","{""Morphology"":192,""Novelty"":30}",0,0.9064039408866995,false,126000
38,232,233000,10.793720057000007,0.070004545,0.059924347,0.003352942,0.006727256,12.617154389,49.287453,28.331762,5035.748562633991,189,0.984375,35,4.329475964518392,0,0.0,"{""10"":1,""11"":1,""12"":4,""13"":1,""14"":2,""15"":1,""17"":8,""18"":5,""4"":4,""5"":33,""6"":73,""7"":34,""8"":17,""9"":5}","{""10"":1,""11"":61,""12"":2,""13"":1,""14"":9,""16"":4,""17"":13,""20"":4,""23"":1,""24"":1,""27"":4,""30"":1,""31"":2,""32"":1,""38"":8,""39"":3,""40"":1,""41"":1,""5"":4,""7"":13,""8"":20,""9"":34}",160,5.701552432135236,43,0.043,"{""10"":4,""12"":9,""13"":6,""14"":13,""15"":11,""17"":34,""18"":15,""19"":2,""3"":43,""4"":71,""5"":162,""6"":261,""7"":222,""8"":95,""9"":52}","{""10"":20,""11"":223,""12"":43,""13"":12,""14"":40,""15"":20,""16"":36,""17"":46,""18"":9,""19"":1,""20"":30,""21"":3,""23"":6,""24"":5,""27"":11,""28"":1,""3"":43,""30"":4,""31"":13,""32"":7,""33"":1,""34"":2,""36"":1,""38"":34,""39"":9,""4"":39,""40"":8,""41"":1,""5"":56,""6"":19,""7"":58,""8"":74,""9"":125}","{""Diagonal CMA-ES"":{""attempts"":277,""discoveries"":0,""improvements"":0,""insertions"":0,""insertion_rate"":0.0},""Immigrant"":{""attempts"":151,""discoveries"":0,""improvements"":0,""insertions"":0,""insertion_rate"":0.0},""Morphology"":{""attempts"":290,""discoveries"":0,""improvements"":2,""insertions"":2,""insertion_rate"":0.006896551724137931},""Novelty"":{""attempts"":282,""discoveries"":0,""improvements"":1,""insertions"":1,""insertion_rate"":0.0035460992907801418}}","{""Morphology"":189,""Novelty"":32}",0,0.9064039408866995,false,127000
38,233,234000,10.867639139000007,0.07391908200000001,0.062535225,0.003440803,0.007943054,12.700561206,49.287453,28.331762,5043.474015057087,189,0.984375,35,4.345987026545609,0,0.0,"{""10"":1,""11"":1,""12"":4,""13"":1,""14"":2,""15"":1,""17"":8,""18"":5,""4"":4,""5"":32,""6"":74,""7"":33,""8"":18,""9"":5}","{""10"":1,""11"":62,""12"":2,""13"":1,""14"":8,""16"":4,""17"":14,""20"":4,""23"":1,""24"":1,""27"":4,""30"":1,""31"":2,""32"":1,""38"":8,""39"":3,""40"":1,""41"":1,""5"":4,""7"":13,""8"":19,""9"":34}",154,5.482602945944921,44,0.044,"{""10"":8,""12"":8,""13"":4,""14"":7,""15"":13,""17"":13,""18"":15,""19"":4,""3"":44,""4"":54,""5"":206,""6"":350,""7"":182,""8"":65,""9"":27}","{""10"":26,""11"":272,""12"":46,""13"":16,""14"":35,""15"":10,""16"":13,""17"":24,""18"":13,""19"":1,""20"":9,""21"":5,""23"":7,""24"":1,""27"":8,""3"":44,""30"":3,""31"":6,""32"":10,""33"":1,""34"":3,""36"":1,""38"":13,""39"":8,""4"":32,""40"":1,""41"":10,""5"":49,""6"":23,""7"":38,""8"":133,""9"":139}","{""Diagonal CMA-ES"":{""attempts"":316,""discoveries"":0,""improvements"":0,""insertions"":0,""insertion_rate"":0.0},""Immigrant"":{""attempts"":138,""discoveries"":0,""improvements"":0,""insertions"":0,""insertion_rate"":0.0},""Morphology"":{""attempts"":299,""discoveries"":0,""improvements"":3,""insertions"":3,""insertion_rate"":0.010033444816053512},""Novelty"":{""attempts"":247,""discoveries"":0,""improvements"":0,""insertions"":0,""insertion_rate"":0.0}}","{""Morphology"":202,""Novelty"":30}",0,0.9064039408866995,false,128000
38,234,235000,10.941240025000006,0.07360088599999999,0.063815138,0.003095298,0.00669045,12.783768557,49.287453,28.339859,5060.056835949421,189,0.984375,35,4.354387090559023,0,0.0,"{""10"":1,""11"":1,""12"":4,""13"":1,""14"":2,""15"":1,""17"":8,""18"":5,""4"":4,""5"":32,""6"":74,""7"":33,""8"":17,""9"":6}","{""10"":1,""11"":62,""12"":2,""13"":1,""14"":8,""16"":4,""17"":13,""20"":5,""23"":1,""24"":1,""27"":4,""30"":1,""31"":2,""32"":1,""38"":8,""39"":3,""40"":1,""41"":1,""5"":4,""7"":13,""8"":19,""9"":34}",154,5.689602115880293,46,0.046,"{""10"":8,""12"":6,""13"":12,""14"":8,""15"":13,""17"":9,""18"":19,""19"":3,""3"":46,""4"":65,""5"":177,""6"":279,""7"":229,""8"":83,""9"":43}","{""10"":21,""11"":221,""12"":57,""13"":19,""14"":47,""15"":9,""16"":23,""17"":29,""18"":14,""19"":1,""20"":20,""21"":3,""23"":6,""24"":5,""27"":6,""28"":7,""3"":46,""30"":6,""31"":8,""32"":10,""34"":3,""38"":9,""39"":8,""4"":23,""40"":2,""41"":9,""42"":1,""5"":61,""51"":2,""6"":23,""7"":57,""8"":87,""9"":157}","{""Diagonal CMA-ES"":{""attempts"":321,""discoveries"":0,""improvements"":0,""insertions"":0,""insertion_rate"":0.0},""Immigrant"":{""attempts"":135,""discoveries"":0,""improvements"":0,""insertions"":0,""insertion_rate"":0.0},""Morphology"":{""attempts"":312,""discoveries"":0,""improvements"":2,""insertions"":2,""insertion_rate"":0.00641025641025641},""Novelty"":{""attempts"":232,""discoveries"":0,""improvements"":0,""insertions"":0,""insertion_rate"":0.0}}","{""Morphology"":204,""Novelty"":28}",0,0.9064039408866995,false,129000
38,235,236000,11.014506092000007,0.07326606699999999,0.065920226,0.003285266,0.004060575,12.865155772,49.287453,28.500475,5072.417799770832,189,0.984375,35,4.3654043699723735,0,0.0,"{""10"":1,""11"":1,""12"":4,""13"":1,""14"":2,""15"":1,""17"":8,""18"":5,""4"":4,""5"":32,""6"":74,""7"":33,""8"":17,""9"":6}","{""10"":1,""11"":62,""12"":2,""13"":1,""14"":8,""16"":4,""17"":13,""20"":5,""23"":1,""24"":1,""27"":4,""30"":1,""31"":2,""32"":1,""38"":8,""39"":3,""40"":1,""41"":1,""5"":4,""7"":13,""8"":19,""9"":34}",157,5.455513382053381,54,0.054,"{""10"":12,""12"":8,""13"":13,""14"":7,""15"":10,""17"":7,""18"":18,""19"":7,""3"":54,""4"":59,""5"":131,""6"":403,""7"":180,""8"":65,""9"":26}","{""10"":27,""11"":269,""12"":45,""13"":14,""14"":24,""15"":14,""16"":13,""17"":23,""18"":9,""20"":18,""21"":9,""23"":5,""27"":9,""28"":7,""3"":54,""30"":6,""31"":7,""32"":7,""34"":2,""35"":1,""38"":7,""39"":11,""4"":36,""40"":6,""41"":7,""43"":1,""5"":46,""52"":1,""6"":15,""7"":42,""8"":62,""9"":203}","{""Diagonal CMA-ES"":{""attempts"":283,""discoveries"":0,""improvements"":0,""insertions"":0,""insertion_rate"":0.0},""Immigrant"":{""attempts"":146,""discoveries"":0,""improvements"":0,""insertions"":0,""insertion_rate"":0.0},""Morphology"":{""attempts"":307,""discoveries"":0,""improvements"":1,""insertions"":1,""insertion_rate"":0.003257328990228013},""Novelty"":{""attempts"":264,""discoveries"":0,""improvements"":0,""insertions"":0,""insertion_rate"":0.0}}","{""Morphology"":212,""Novelty"":34}",0,0.9064039408866995,false,130000
38,236,237000,11.087647491000007,0.073141399,0.064069221,0.002950446,0.006121732,12.947630557,49.287453,28.500475,5077.533877193928,189,0.984375,35,4.358052473659871,0,0.0,"{""10"":1,""11"":1,""12"":4,""13"":1,""14"":2,""15"":1,""17"":8,""18"":5,""4"":4,""5"":32,""6"":74,""7"":33,""8"":17,""9"":6}","{""10"":1,""11"":63,""12"":2,""13"":1,""14"":8,""16"":4,""17"":13,""20"":5,""23"":1,""24"":1,""27"":4,""30"":1,""31"":2,""32"":1,""38"":8,""39"":3,""40"":1,""41"":1,""5"":4,""7"":13,""8"":19,""9"":33}",174,4.664157556986525,50,0.05,"{""10"":13,""12"":6,""13"":5,""14"":3,""15"":10,""16"":1,""17"":10,""18"":14,""19"":8,""3"":50,""4"":68,""5"":100,""6"":496,""7"":130,""8"":50,""9"":36}","{""10"":23,""11"":473,""12"":43,""13"":9,""14"":13,""15"":13,""16"":8,""17"":28,""18"":19,""20"":9,""21"":7,""23"":11,""24"":2,""27"":8,""28"":1,""3"":50,""30"":4,""31"":2,""32"":6,""33"":2,""34"":4,""38"":10,""39"":6,""4"":46,""40"":6,""41"":7,""42"":2,""43"":1,""5"":43,""6"":21,""7"":34,""8"":36,""9"":53}","{""Diagonal CMA-ES"":{""attempts"":285,""discoveries"":0,""improvements"":0,""insertions"":0,""insertion_rate"":0.0},""Immigrant"":{""attempts"":169,""discoveries"":0,""improvements"":0,""insertions"":0,""insertion_rate"":0.0},""Morphology"":{""attempts"":300,""discoveries"":0,""improvements"":2,""insertions"":2,""insertion_rate"":0.006666666666666667},""Novelty"":{""attempts"":246,""discoveries"":0,""improvements"":0,""insertions"":0,""insertion_rate"":0.0}}","{""Morphology"":205,""Novelty"":32}",0,0.9064039408866995,false,131000
38,237,238000,11.163620607000007,0.075973116,0.066141064,0.003382625,0.006449427,13.032648544,49.287453,28.500475,5077.533877193928,189,0.984375,35,4.358052473659873,0,0.0,"{""10"":1,""11"":1,""12"":4,""13"":1,""14"":2,""15"":1,""17"":8,""18"":5,""4"":4,""5"":32,""6"":74,""7"":33,""8"":17,""9"":6}","{""10"":1,""11"":63,""12"":2,""13"":1,""14"":8,""16"":4,""17"":13,""20"":5,""23"":1,""24"":1,""27"":4,""30"":1,""31"":2,""32"":1,""38"":8,""39"":3,""40"":1,""41"":1,""5"":4,""7"":13,""8"":19,""9"":33}",160,5.563355642933884,53,0.053,"{""10"":10,""12"":14,""13"":6,""14"":6,""15"":12,""17"":5,""18"":17,""19"":5,""3"":53,""4"":76,""5"":178,""6"":321,""7"":194,""8"":78,""9"":25}","{""10"":31,""11"":288,""12"":48,""13"":11,""14"":19,""15"":6,""16"":21,""17"":33,""18"":8,""20"":11,""21"":10,""23"":4,""24"":1,""27"":16,""28"":2,""3"":53,""30"":4,""31"":6,""32"":8,""34"":4,""38"":5,""39"":9,""4"":36,""40"":4,""41"":7,""5"":58,""51"":2,""6"":23,""7"":57,""8"":91,""9"":124}","{""Diagonal CMA-ES"":{""attempts"":265,""discoveries"":0,""improvements"":0,""insertions"":0,""insertion_rate"":0.0},""Immigrant"":{""attempts"":162,""discoveries"":0,""improvements"":0,""insertions"":0,""insertion_rate"":0.0},""Morphology"":{""attempts"":312,""discoveries"":0,""improvements"":0,""insertions"":0,""insertion_rate"":0.0},""Novelty"":{""attempts"":261,""discoveries"":0,""improvements"":0,""insertions"":0,""insertion_rate"":0.0}}","{""Morphology"":196,""Novelty"":28}",0,0.9064039408866995,false,132000
38,238,239000,11.238609449000007,0.074988842,0.065233964,0.003027622,0.006727256,13.115421342,49.287453,28.500475,5079.8922718167305,189,0.984375,35,4.332342280656846,0,0.0,"{""10"":1,""11"":1,""12"":4,""13"":1,""14"":2,""15"":1,""17"":8,""18"":5,""4"":4,""5"":33,""6"":74,""7"":32,""8"":17,""9"":6}","{""10"":1,""11"":62,""12"":2,""13"":1,""14"":8,""16"":3,""17"":13,""20"":5,""23"":1,""24"":1,""27"":4,""30"":1,""31"":2,""32"":1,""38"":8,""39"":3,""40"":1,""41"":1,""5"":4,""7"":13,""8"":20,""9"":34}",150,5.596075367314067,52,0.052,"{""10"":9,""12"":16,""13"":11,""14"":10,""15"":12,""17"":5,""18"":16,""19"":2,""3"":52,""4"":61,""5"":190,""6"":296,""7"":197,""8"":84,""9"":39}","{""10"":21,""11"":253,""12"":46,""13"":19,""14"":21,""15"":5,""16"":17,""17"":33,""18"":14,""20"":16,""21"":7,""23"":8,""24"":2,""27"":17,""28"":3,""3"":52,""30"":7,""31"":9,""32"":10,""34"":2,""37"":1,""38"":5,""39"":7,""4"":31,""40"":5,""41"":6,""49"":1,""5"":53,""6"":16,""7"":65,""8"":105,""9"":143}","{""Diagonal CMA-ES"":{""attempts"":314,""discoveries"":0,""improvements"":0,""insertions"":0,""insertion_rate"":0.0},""Immigrant"":{""attempts"":138,""discoveries"":0,""improvements"":0,""insertions"":0,""insertion_rate"":0.0},""Morphology"":{""attempts"":292,""discoveries"":0,""improvements"":3,""insertions"":3,""insertion_rate"":0.010273972602739725},""Novelty"":{""attempts"":256,""discoveries"":0,""improvements"":0,""insertions"":0,""insertion_rate"":0.0}}","{""Morphology"":191,""Novelty"":26}",0,0.9064039408866995,false,133000
38,239,240000,11.312396741000008,0.073787292,0.063558681,0.003271018,0.006957593,13.198731987,49.287453,28.500475,5079.8922718167305,189,0.984375,35,4.332342280656846,0,0.0,"{""10"":1,""11"":1,""12"":4,""13"":1,""14"":2,""15"":1,""17"":8,""18"":5,""4"":4,""5"":33,""6"":74,""7"":32,""8"":17,""9"":6}","{""10"":1,""11"":62,""12"":2,""13"":1,""14"":8,""16"":3,""17"":13,""20"":5,""23"":1,""24"":1,""27"":4,""30"":1,""31"":2,""32"":1,""38"":8,""39"":3,""40"":1,""41"":1,""5"":4,""7"":13,""8"":20,""9"":34}",162,5.645351675542061,44,0.044,"{""10"":7,""12"":13,""13"":9,""14"":5,""15"":15,""16"":1,""17"":12,""18"":10,""19"":4,""3"":44,""4"":72,""5"":175,""6"":268,""7"":232,""8"":102,""9"":31}","{""10"":36,""11"":256,""12"":46,""13"":14,""14"":47,""15"":10,""16"":9,""17"":56,""18"":10,""20"":11,""21"":5,""23"":4,""24"":3,""27"":13,""28"":8,""3"":44,""30"":2,""31"":3,""32"":8,""33"":3,""34"":5,""35"":1,""38"":12,""39"":5,""4"":37,""40"":4,""41"":3,""42"":2,""43"":1,""5"":51,""51"":1,""6"":16,""7"":60,""8"":96,""9"":118}","{""Diagonal CMA-ES"":{""attempts"":317,""discoveries"":0,""improvements"":0,""insertions"":0,""insertion_rate"":0.0},""Immigrant"":{""attempts"":135,""discoveries"":0,""improvements"":0,""insertions"":0,""insertion_rate"":0.0},""Morphology"":{""attempts"":301,""discoveries"":0,""improvements"":0,""insertions"":0,""insertion_rate"":0.0},""Novelty"":{""attempts"":247,""discoveries"":0,""improvements"":0,""insertions"":0,""insertion_rate"":0.0}}","{""Morphology"":203,""Novelty"":37}",0,0.9064039408866995,false,134000
38,240,241000,11.385278122000008,0.07288138100000001,0.06303983,0.003255584,0.006585967,13.281571274,49.287453,28.500475,5085.6892946362495,189,0.984375,35,4.332342280656846,0,0.0,"{""10"":1,""11"":1,""12"":4,""13"":1,""14"":2,""15"":1,""17"":8,""18"":5,""4"":4,""5"":33,""6"":74,""7"":32,""8"":17,""9"":6}","{""10"":1,""11"":62,""12"":2,""13"":1,""14"":8,""16"":3,""17"":13,""20"":5,""23"":1,""24"":1,""27"":4,""30"":1,""31"":2,""32"":1,""38"":8,""39"":3,""40"":1,""41"":1,""5"":4,""7"":13,""8"":20,""9"":34}",164,5.7125499824299055,51,0.051,"{""10"":11,""12"":14,""13"":13,""14"":4,""15"":18,""17"":8,""18"":19,""19"":8,""3"":51,""4"":68,""5"":171,""6"":284,""7"":201,""8"":90,""9"":40}","{""10"":28,""11"":263,""12"":44,""13"":18,""14"":21,""15"":6,""16"":13,""17"":46,""18"":13,""19"":3,""20"":16,""21"":8,""23"":8,""24"":1,""27"":14,""28"":2,""3"":51,""30"":11,""31"":4,""32"":17,""34"":1,""38"":8,""39"":13,""4"":38,""40"":4,""41"":3,""42"":4,""43"":2,""5"":44,""51"":1,""6"":23,""7"":54,""8"":92,""9"":126}","{""Diagonal CMA-ES"":{""attempts"":267,""discoveries"":0,""improvements"":0,""insertions"":0,""insertion_rate"":0.0},""Immigrant"":{""attempts"":145,""discoveries"":0,""improvements"":0,""insertions"":0,""insertion_rate"":0.0},""Morphology"":{""attempts"":313,""discoveries"":0,""improvements"":2,""insertions"":2,""insertion_rate"":0.006389776357827476},""Novelty"":{""attempts"":275,""discoveries"":0,""improvements"":0,""insertions"":0,""insertion_rate"":0.0}}","{""Morphology"":208,""Novelty"":38}",0,0.9064039408866995,false,135000
38,241,242000,11.456924707000008,0.071646585,0.061508209,0.003325634,0.006812742,13.362854007,49.287453,28.500475,5085.707488834858,189,0.984375,35,4.338617581171609,0,0.0,"{""10"":1,""11"":1,""12"":4,""13"":1,""14"":2,""15"":1,""17"":8,""18"":5,""4"":4,""5"":33,""6"":74,""7"":33,""8"":16,""9"":6}","{""10"":1,""11"":62,""12"":2,""13"":1,""14"":9,""16"":3,""17"":12,""20"":5,""23"":1,""24"":1,""27"":4,""30"":1,""31"":2,""32"":1,""38"":8,""39"":3,""40"":1,""41"":1,""5"":4,""7"":13,""8"":20,""9"":34}",150,5.5792310813729475,58,0.058,"{""10"":2,""12"":15,""13"":7,""14"":8,""15"":11,""16"":1,""17"":6,""18"":13,""19"":5,""3"":58,""4"":64,""5"":179,""6"":281,""7"":215,""8"":104,""9"":31}","{""10"":24,""11"":259,""12"":50,""13"":18,""14"":33,""15"":11,""16"":9,""17"":48,""18"":7,""19"":1,""20"":15,""21"":4,""23"":7,""27"":15,""3"":58,""30"":7,""31"":7,""32"":8,""33"":2,""34"":3,""38"":6,""39"":8,""4"":29,""40"":5,""41"":4,""49"":1,""5"":57,""6"":13,""7"":68,""8"":91,""9"":132}","{""Diagonal CMA-ES"":{""attempts"":309,""discoveries"":0,""improvements"":0,""insertions"":0,""insertion_rate"":0.0},""Immigrant"":{""attempts"":149,""discoveries"":0,""improvements"":0,""insertions"":0,""insertion_rate"":0.0},""Morphology"":{""attempts"":295,""discoveries"":0,""improvements"":1,""insertions"":1,""insertion_rate"":0.003389830508474576},""Novelty"":{""attempts"":247,""discoveries"":0,""improvements"":0,""insertions"":0,""insertion_rate"":0.0}}","{""Morphology"":203,""Novelty"":30}",0,0.9064039408866995,false,136000
38,242,243000,11.532020406000008,0.07509569899999999,0.064550078,0.00331851,0.007227111,13.446695377,49.287453,28.61833,5097.847984135151,189,0.984375,35,4.337906940436763,0,0.0,"{""10"":1,""11"":1,""12"":4,""13"":1,""14"":2,""15"":1,""17"":7,""18"":6,""4"":4,""5"":34,""6"":73,""7"":33,""8"":16,""9"":6}","{""10"":1,""11"":61,""12"":2,""13"":1,""14"":9,""16"":3,""17"":12,""20"":5,""23"":1,""24"":1,""27"":4,""30"":1,""31"":2,""32"":1,""38"":7,""39"":3,""40"":1,""41"":2,""5"":4,""7"":13,""8"":21,""9"":34}",162,5.583831230129082,70,0.07,"{""10"":10,""12"":14,""13"":8,""14"":5,""15"":12,""16"":3,""17"":5,""18"":14,""19"":2,""3"":70,""4"":70,""5"":190,""6"":263,""7"":215,""8"":92,""9"":27}","{""10"":32,""11"":256,""12"":42,""13"":11,""14"":33,""15"":12,""16"":13,""17"":44,""18"":11,""19"":2,""20"":10,""21"":8,""23"":3,""24"":1,""27"":15,""28"":4,""3"":70,""30"":4,""31"":5,""32"":8,""33"":1,""34"":3,""35"":1,""38"":5,""39"":2,""4"":36,""40"":5,""41"":7,""42"":1,""49"":1,""5"":60,""50"":2,""6"":25,""7"":64,""8"":87,""9"":116}","{""Diagonal CMA-ES"":{""attempts"":300,""discoveries"":0,""improvements"":0,""insertions"":0,""insertion_rate"":0.0},""Immigrant"":{""attempts"":178,""discoveries"":0,""improvements"":0,""insertions"":0,""insertion_rate"":0.0},""Morphology"":{""attempts"":285,""discoveries"":0,""improvements"":4,""insertions"":4,""insertion_rate"":0.014035087719298246},""Novelty"":{""attempts"":237,""discoveries"":0,""improvements"":0,""insertions"":0,""insertion_rate"":0.0}}","{""Morphology"":197,""Novelty"":28}",0,0.9064039408866995,false,137000
38,243,244000,11.603288241000008,0.07126783499999999,0.060588049,0.003339882,0.007339904,13.527148186,49.287453,28.61833,5098.1354358792305,189,0.984375,36,4.367387267022509,0,0.0,"{""10"":1,""11"":1,""12"":4,""13"":1,""14"":2,""15"":1,""17"":7,""18"":6,""4"":4,""5"":34,""6"":72,""7"":34,""8"":16,""9"":6}","{""10"":2,""11"":61,""12"":2,""13"":1,""14"":9,""16"":3,""17"":12,""20"":5,""23"":1,""24"":1,""27"":4,""30"":1,""31"":2,""32"":1,""38"":7,""39"":3,""40"":1,""41"":2,""5"":4,""7"":13,""8"":21,""9"":33}",161,5.687613287366909,49,0.049,"{""10"":7,""12"":14,""13"":9,""14"":6,""15"":16,""17"":4,""18"":11,""19"":8,""3"":49,""4"":57,""5"":190,""6"":274,""7"":225,""8"":91,""9"":39}","{""10"":25,""11"":264,""12"":52,""13"":15,""14"":25,""15"":10,""16"":16,""17"":43,""18"":14,""20"":16,""21"":5,""23"":3,""24"":1,""27"":14,""28"":2,""3"":49,""30"":7,""31"":6,""32"":16,""35"":1,""37"":1,""38"":4,""39"":4,""4"":26,""41"":8,""42"":4,""44"":3,""5"":59,""6"":17,""7"":62,""8"":98,""9"":130}","{""Diagonal CMA-ES"":{""attempts"":315,""discoveries"":0,""improvements"":0,""insertions"":0,""insertion_rate"":0.0},""Immigrant"":{""attempts"":139,""discoveries"":0,""improvements"":0,""insertions"":0,""insertion_rate"":0.0},""Morphology"":{""attempts"":312,""discoveries"":0,""improvements"":2,""insertions"":2,""insertion_rate"":0.00641025641025641},""Novelty"":{""attempts"":234,""discoveries"":0,""improvements"":0,""insertions"":0,""insertion_rate"":0.0}}","{""Morphology"":209,""Novelty"":34}",1,0.9064039408866995,false,138000
38,244,245000,11.679554621000008,0.07626638,0.065744504,0.003536975,0.006984901,13.61442086,49.287453,28.61833,5098.1354358792305,189,0.984375,36,4.367387267022508,0,0.0,"{""10"":1,""11"":1,""12"":4,""13"":1,""14"":2,""15"":1,""17"":7,""18"":6,""4"":4,""5"":34,""6"":72,""7"":34,""8"":16,""9"":6}","{""10"":2,""11"":61,""12"":2,""13"":1,""14"":9,""16"":3,""17"":12,""20"":5,""23"":1,""24"":1,""27"":4,""30"":1,""31"":2,""32"":1,""38"":7,""39"":3,""40"":1,""41"":2,""5"":4,""7"":13,""8"":21,""9"":33}",161,5.649075261690403,50,0.05,"{""10"":6,""12"":13,""13"":10,""14"":3,""15"":11,""17"":10,""18"":17,""19"":8,""3"":50,""4"":68,""5"":182,""6"":270,""7"":223,""8"":93,""9"":36}","{""10"":35,""11"":267,""12"":55,""13"":10,""14"":24,""15"":12,""16"":16,""17"":44,""18"":12,""19"":2,""20"":11,""21"":7,""23"":6,""24"":1,""27"":13,""3"":50,""30"":9,""31"":3,""32"":10,""34"":1,""36"":1,""38"":10,""39"":6,""4"":31,""40"":1,""41"":10,""42"":5,""44"":1,""49"":1,""5"":52,""51"":1,""6"":24,""7"":68,""8"":86,""9"":115}","{""Diagonal CMA-ES"":{""attempts"":320,""discoveries"":0,""improvements"":0,""insertions"":0,""insertion_rate"":0.0},""Immigrant"":{""attempts"":142,""discoveries"":0,""improvements"":0,""insertions"":0,""insertion_rate"":0.0},""Morphology"":{""attempts"":280,""discoveries"":0,""improvements"":0,""insertions"":0,""insertion_rate"":0.0},""Novelty"":{""attempts"":258,""discoveries"":0,""improvements"":0,""insertions"":0,""insertion_rate"":0.0}}","{""Morphology"":183,""Novelty"":32}",0,0.9064039408866995,false,139000
38,245,246000,11.757419110000008,0.07786448900000001,0.070661124,0.003195031,0.004008334,13.701433515,50.342392,28.61833,5111.519228756428,189,0.984375,36,4.3747249492865965,0,0.0,"{""10"":1,""11"":1,""12"":4,""13"":1,""14"":2,""15"":1,""17"":6,""18"":7,""4"":4,""5"":34,""6"":72,""7"":34,""8"":16,""9"":6}","{""10"":2,""11"":61,""12"":2,""13"":1,""14"":9,""16"":3,""17"":12,""20"":5,""23"":1,""24"":1,""27"":4,""30"":1,""31"":2,""32"":1,""38"":6,""39"":3,""40"":1,""41"":3,""5"":4,""7"":13,""8"":21,""9"":33}",161,5.764158076918423,50,0.05,"{""10"":4,""12"":10,""13"":10,""14"":4,""15"":17,""17"":6,""18"":16,""19"":8,""3"":50,""4"":70,""5"":177,""6"":261,""7"":222,""8"":100,""9"":45}","{""10"":39,""11"":251,""12"":53,""13"":14,""14"":22,""15"":9,""16"":14,""17"":48,""18"":15,""19"":3,""20"":18,""21"":1,""23"":7,""24"":5,""27"":10,""28"":4,""3"":50,""30"":7,""31"":4,""32"":10,""34"":4,""38"":6,""39"":7,""4"":32,""40"":3,""41"":7,""42"":4,""43"":3,""49"":1,""5"":54,""51"":1,""55"":1,""6"":28,""7"":57,""8"":90,""9"":118}","{""Diagonal CMA-ES"":{""attempts"":293,""discoveries"":0,""improvements"":0,""insertions"":0,""insertion_rate"":0.0},""Immigrant"":{""attempts"":153,""discoveries"":0,""improvements"":0,""insertions"":0,""insertion_rate"":0.0},""Morphology"":{""attempts"":315,""discoveries"":0,""improvements"":4,""insertions"":4,""insertion_rate"":0.012698412698412698},""Novelty"":{""attempts"":239,""discoveries"":0,""improvements"":0,""insertions"":0,""insertion_rate"":0.0}}","{""Morphology"":208,""Novelty"":28}",0,0.9064039408866995,true,140000
38,246,247000,11.820158551000008,0.06273944099999999,0.057112815,0.001823696,0.00380293,13.770912086,50.342392,28.61833,5113.521231472492,189,0.984375,36,4.374724949286597,0,0.0,"{""10"":1,""11"":1,""12"":4,""13"":1,""14"":2,""15"":1,""17"":6,""18"":7,""4"":4,""5"":34,""6"":72,""7"":34,""8"":16,""9"":6}","{""10"":2,""11"":61,""12"":2,""13"":1,""14"":9,""16"":3,""17"":12,""20"":5,""23"":1,""24"":1,""27"":4,""30"":1,""31"":2,""32"":1,""38"":6,""39"":3,""40"":1,""41"":3,""5"":4,""7"":13,""8"":21,""9"":33}",156,5.6982646275155036,53,0.053,"{""10"":7,""12"":14,""13"":6,""14"":3,""15"":14,""17"":1,""18"":14,""19"":19,""3"":53,""4"":69,""5"":173,""6"":259,""7"":238,""8"":95,""9"":35}","{""10"":32,""11"":258,""12"":66,""13"":16,""14"":38,""15"":9,""16"":16,""17"":37,""18"":9,""19"":2,""20"":13,""21"":5,""23"":7,""24"":1,""27"":14,""3"":53,""30"":6,""31"":3,""32"":9,""34"":5,""38"":1,""39"":6,""4"":28,""40"":2,""41"":7,""42"":5,""43"":5,""44"":8,""5"":61,""6"":20,""7"":59,""8"":87,""9"":112}","{""Diagonal CMA-ES"":{""attempts"":309,""discoveries"":0,""improvements"":0,""insertions"":0,""insertion_rate"":0.0},""Immigrant"":{""attempts"":148,""discoveries"":0,""improvements"":0,""insertions"":0,""insertion_rate"":0.0},""Morphology"":{""attempts"":297,""discoveries"":0,""improvements"":2,""insertions"":2,""insertion_rate"":0.006734006734006734},""Novelty"":{""attempts"":246,""discoveries"":0,""improvements"":0,""insertions"":0,""insertion_rate"":0.0}}","{""Morphology"":221,""Novelty"":29}",0,0.9068627450980392,false,1000
38,247,248000,11.898965758000008,0.07880720699999999,0.06882318,0.003247273,0.006736754,13.857545992,50.342392,28.61833,5113.872752487659,189,0.984375,36,4.3699810500683975,0,0.0,"{""10"":1,""11"":1,""12"":4,""13"":1,""14"":2,""15"":1,""17"":6,""18"":7,""4"":3,""5"":34,""6"":73,""7"":34,""8"":16,""9"":6}","{""10"":2,""11"":61,""12"":2,""13"":1,""14"":9,""16"":3,""17"":12,""20"":5,""23"":1,""24"":1,""27"":4,""30"":1,""31"":2,""32"":1,""38"":6,""39"":3,""40"":1,""41"":3,""5"":3,""7"":13,""8"":21,""9"":34}",149,5.505880657403011,51,0.051,"{""10"":6,""12"":10,""13"":5,""14"":5,""15"":11,""16"":1,""17"":5,""18"":8,""19"":8,""3"":51,""4"":66,""5"":154,""6"":274,""7"":215,""8"":140,""9"":41}","{""10"":31,""11"":211,""12"":55,""13"":18,""14"":34,""15"":3,""16"":14,""17"":95,""18"":13,""19"":1,""20"":17,""21"":6,""23"":8,""24"":2,""27"":10,""28"":1,""3"":51,""30"":4,""31"":4,""32"":9,""33"":1,""34"":2,""38"":5,""39"":4,""4"":42,""41"":4,""42"":6,""44"":1,""5"":44,""51"":1,""53"":1,""6"":16,""7"":56,""8"":69,""9"":161}","{""Diagonal CMA-ES"":{""attempts"":298,""discoveries"":0,""improvements"":1,""insertions"":1,""insertion_rate"":0.003355704697986577},""Immigrant"":{""attempts"":143,""discoveries"":0,""improvements"":0,""insertions"":0,""insertion_rate"":0.0},""Morphology"":{""attempts"":315,""discoveries"":0,""improvements"":0,""insertions"":0,""insertion_rate"":0.0},""Novelty"":{""attempts"":244,""discoveries"":0,""improvements"":0,""insertions"":0,""insertion_rate"":0.0}}","{""Morphology"":201,""Novelty"":26}",0,0.9068627450980392,false,2000
38,248,249000,11.975882779000008,0.07691702099999999,0.070687245,0.002137144,0.004092632,13.942579414,50.342392,28.61833,5113.872752487659,189,0.984375,36,4.369981050068398,0,0.0,"{""10"":1,""11"":1,""12"":4,""13"":1,""14"":2,""15"":1,""17"":6,""18"":7,""4"":3,""5"":34,""6"":73,""7"":34,""8"":16,""9"":6}","{""10"":2,""11"":61,""12"":2,""13"":1,""14"":9,""16"":3,""17"":12,""20"":5,""23"":1,""24"":1,""27"":4,""30"":1,""31"":2,""32"":1,""38"":6,""39"":3,""40"":1,""41"":3,""5"":3,""7"":13,""8"":21,""9"":34}",151,5.566942172572739,63,0.063,"{""10"":6,""12"":7,""13"":4,""14"":17,""15"":14,""17"":4,""18"":29,""19"":9,""3"":63,""4"":50,""5"":177,""6"":288,""7"":170,""8"":119,""9"":43}","{""10"":23,""11"":206,""12"":44,""13"":22,""14"":26,""15"":3,""16"":16,""17"":72,""18"":12,""20"":26,""21"":8,""22"":1,""23"":3,""27"":9,""28"":1,""3"":63,""30"":3,""31"":17,""32"":9,""34"":3,""38"":4,""39"":2,""4"":28,""40"":4,""41"":24,""42"":4,""43"":1,""44"":4,""5"":37,""54"":1,""6"":17,""7"":65,""8"":95,""9"":147}","{""Diagonal CMA-ES"":{""attempts"":284,""discoveries"":0,""improvements"":0,""insertions"":0,""insertion_rate"":0.0},""Immigrant"":{""attempts"":148,""discoveries"":0,""improvements"":0,""insertions"":0,""insertion_rate"":0.0},""Morphology"":{""attempts"":298,""discoveries"":0,""improvements"":0,""insertions"":0,""insertion_rate"":0.0},""Novelty"":{""attempts"":270,""discoveries"":0,""improvements"":0,""insertions"":0,""insertion_rate"":0.0}}","{""Morphology"":200,""Novelty"":34}",0,0.9068627450980392,false,3000
38,249,250000,12.052239394000008,0.076356615,0.066547121,0.003010999,0.006798495,14.028103192,50.342392,28.61833,5115.227479279041,189,0.984375,36,4.3699810500683975,0,0.0,"{""10"":1,""11"":1,""12"":4,""13"":1,""14"":2,""15"":1,""17"":6,""18"":7,""4"":3,""5"":34,""6"":73,""7"":34,""8"":16,""9"":6}","{""10"":2,""11"":61,""12"":2,""13"":1,""14"":9,""16"":3,""17"":12,""20"":5,""23"":1,""24"":1,""27"":4,""30"":1,""31"":2,""32"":1,""38"":6,""39"":3,""40"":1,""41"":3,""5"":3,""7"":13,""8"":21,""9"":34}",156,5.58600810718354,53,0.053,"{""10"":6,""12"":7,""13"":4,""14"":15,""15"":5,""16"":1,""17"":5,""18"":26,""19"":10,""3"":53,""4"":66,""5"":186,""6"":279,""7"":182,""8"":114,""9"":41}","{""10"":28,""11"":192,""12"":46,""13"":9,""14"":31,""15"":8,""16"":26,""17"":74,""18"":13,""19"":1,""20"":27,""21"":4,""22"":1,""23"":4,""27"":9,""28"":2,""3"":53,""30"":2,""31"":15,""32"":3,""33"":1,""34"":2,""38"":5,""39"":2,""4"":37,""40"":1,""41"":24,""42"":4,""43"":1,""44"":3,""5"":55,""54"":1,""6"":20,""7"":73,""8"":76,""9"":147}","{""Diagonal CMA-ES"":{""attempts"":320,""discoveries"":0,""improvements"":0,""insertions"":0,""insertion_rate"":0.0},""Immigrant"":{""attempts"":166,""discoveries"":0,""improvements"":0,""insertions"":0,""insertion_rate"":0.0},""Morphology"":{""attempts"":275,""discoveries"":0,""improvements"":1,""insertions"":1,""insertion_rate"":0.0036363636363636364},""Novelty"":{""attempts"":239,""discoveries"":0,""improvements"":0,""insertions"":0,""insertion_rate"":0.0}}","{""Morphology"":182,""Novelty"":31}",0,0.9068627450980392,false,4000
38,250,251000,12.126788935000008,0.074549541,0.064514459,0.003349381,0.006685701,14.1128386,50.342392,28.61833,5115.227479279041,189,0.984375,36,4.3699810500683975,0,0.0,"{""10"":1,""11"":1,""12"":4,""13"":1,""14"":2,""15"":1,""17"":6,""18"":7,""4"":3,""5"":34,""6"":73,""7"":34,""8"":16,""9"":6}","{""10"":2,""11"":61,""12"":2,""13"":1,""14"":9,""16"":3,""17"":12,""20"":5,""23"":1,""24"":1,""27"":4,""30"":1,""31"":2,""32"":1,""38"":6,""39"":3,""40"":1,""41"":3,""5"":3,""7"":13,""8"":21,""9"":34}",160,5.656676289763767,61,0.061,"{""10"":15,""12"":8,""13"":4,""14"":9,""15"":11,""17"":6,""18"":28,""19"":13,""3"":61,""4"":50,""5"":183,""6"":263,""7"":184,""8"":122,""9"":43}","{""10"":24,""11"":198,""12"":42,""13"":17,""14"":36,""15"":16,""16"":19,""17"":76,""18"":9,""20"":31,""21"":6,""23"":9,""24"":1,""27"":10,""3"":61,""30"":4,""31"":9,""32"":6,""34"":4,""38"":6,""39"":4,""4"":29,""40"":1,""41"":24,""42"":5,""43"":2,""44"":6,""5"":48,""6"":25,""7"":69,""8"":69,""9"":134}","{""Diagonal CMA-ES"":{""attempts"":288,""discoveries"":0,""improvements"":0,""insertions"":0,""insertion_rate"":0.0},""Immigrant"":{""attempts"":166,""discoveries"":0,""improvements"":0,""insertions"":0,""insertion_rate"":0.0},""Morphology"":{""attempts"":296,""discoveries"":0,""improvements"":0,""insertions"":0,""insertion_rate"":0.0},""Novelty"":{""attempts"":250,""discoveries"":0,""improvements"":0,""insertions"":0,""insertion_rate"":0.0}}","{""Morphology"":200,""Novelty"":25}",0,0.9068627450980392,false,5000
38,251,252000,12.202522215000007,0.07573328,0.066189743,0.002930262,0.006613275,14.196197926,50.342392,28.61833,5117.757859528065,189,0.984375,36,4.369981050068397,0,0.0,"{""10"":1,""11"":1,""12"":4,""13"":1,""14"":2,""15"":1,""17"":6,""18"":7,""4"":3,""5"":34,""6"":73,""7"":34,""8"":16,""9"":6}","{""10"":2,""11"":61,""12"":2,""13"":1,""14"":9,""16"":3,""17"":12,""20"":5,""23"":1,""24"":1,""27"":4,""30"":1,""31"":2,""32"":1,""38"":6,""39"":3,""40"":1,""41"":3,""5"":3,""7"":13,""8"":21,""9"":34}",144,5.554990859606464,55,0.055,"{""10"":5,""12"":8,""13"":3,""14"":15,""15"":13,""16"":1,""17"":14,""18"":28,""19"":13,""3"":55,""4"":66,""5"":169,""6"":274,""7"":197,""8"":97,""9"":42}","{""10"":39,""11"":214,""12"":36,""13"":17,""14"":19,""15"":9,""16"":27,""17"":71,""18"":12,""20"":19,""21"":4,""23"":8,""24"":1,""27"":8,""28"":1,""3"":55,""30"":2,""31"":15,""32"":8,""34"":5,""35"":1,""38"":14,""4"":43,""41"":27,""42"":4,""43"":1,""44"":7,""49"":1,""5"":44,""55"":1,""6"":16,""7"":72,""8"":68,""9"":131}","{""Diagonal CMA-ES"":{""attempts"":306,""discoveries"":0,""improvements"":0,""insertions"":0,""insertion_rate"":0.0},""Immigrant"":{""attempts"":154,""discoveries"":0,""improvements"":0,""insertions"":0,""insertion_rate"":0.0},""Morphology"":{""attempts"":303,""discoveries"":0,""improvements"":2,""insertions"":2,""insertion_rate"":0.006600660066006601},""Novelty"":{""attempts"":237,""discoveries"":0,""improvements"":0,""insertions"":0,""insertion_rate"":0.0}}","{""Morphology"":208,""Novelty"":25}",0,0.9068627450980392,false,6000
38,252,253000,12.278748226000006,0.07622601100000001,0.065123545,0.003376688,0.007725778,14.28201378,50.342392,28.61833,5119.256417572498,189,0.984375,36,4.3756195033686796,0,0.0,"{""10"":1,""11"":1,""12"":4,""13"":1,""14"":2,""15"":1,""17"":6,""18"":7,""4"":3,""5"":34,""6"":73,""7"":34,""8"":15,""9"":7}","{""10"":2,""11"":61,""12"":2,""13"":1,""14"":9,""16"":3,""17"":11,""20"":6,""23"":1,""24"":1,""27"":4,""30"":1,""31"":2,""32"":1,""38"":6,""39"":3,""40"":1,""41"":3,""5"":3,""7"":13,""8"":21,""9"":34}",142,5.557641098707158,53,0.053,"{""10"":5,""12"":8,""13"":4,""14"":15,""15"":6,""16"":1,""17"":9,""18"":32,""19"":12,""3"":53,""4"":57,""5"":174,""6"":280,""7"":193,""8"":108,""9"":43}","{""10"":28,""11"":201,""12"":48,""13"":7,""14"":42,""15"":9,""16"":15,""17"":67,""18"":12,""20"":31,""21"":3,""23"":3,""27"":8,""28"":1,""3"":53,""30"":3,""31"":15,""32"":3,""33"":1,""34"":3,""38"":9,""39"":4,""4"":32,""40"":1,""41"":27,""42"":5,""44"":5,""5"":50,""53"":1,""54"":1,""6"":20,""7"":63,""8"":74,""9"":155}","{""Diagonal CMA-ES"":{""attempts"":311,""discoveries"":0,""improvements"":0,""insertions"":0,""insertion_rate"":0.0},""Immigrant"":{""attempts"":149,""discoveries"":0,""improvements"":0,""insertions"":0,""insertion_rate"":0.0},""Morphology"":{""attempts"":299,""discoveries"":0,""improvements"":1,""insertions"":1,""insertion_rate"":0.0033444816053511705},""Novelty"":{""attempts"":241,""discoveries"":0,""improvements"":0,""insertions"":0,""insertion_rate"":0.0}}","{""Morphology"":194,""Novelty"":25}",0,0.9068627450980392,false,7000
38,253,254000,12.355887274000006,0.07713904799999999,0.066639731,0.003646207,0.00685311,14.370070074000001,50.342392,28.61833,5120.141516983509,189,0.984375,36,4.37561950336868,0,0.0,"{""10"":1,""11"":1,""12"":4,""13"":1,""14"":2,""15"":1,""17"":6,""18"":7,""4"":3,""5"":34,""6"":73,""7"":34,""8"":15,""9"":7}","{""10"":2,""11"":61,""12"":2,""13"":1,""14"":9,""16"":3,""17"":11,""20"":6,""23"":1,""24"":1,""27"":4,""30"":1,""31"":2,""32"":1,""38"":6,""39"":3,""40"":1,""41"":3,""5"":3,""7"":13,""8"":21,""9"":34}",150,5.65315836804531,40,0.04,"{""10"":9,""12"":14,""13"":8,""14"":4,""15"":13,""17"":4,""18"":16,""19"":8,""3"":40,""4"":59,""5"":174,""6"":280,""7"":232,""8"":95,""9"":44}","{""10"":34,""11"":254,""12"":47,""13"":21,""14"":36,""15"":9,""16"":18,""17"":39,""18"":11,""20"":25,""21"":7,""23"":5,""24"":1,""27"":15,""28"":1,""3"":40,""30"":7,""31"":4,""32"":11,""34"":1,""38"":4,""39"":2,""4"":31,""40"":1,""41"":11,""42"":1,""43"":1,""44"":5,""49"":2,""5"":41,""50"":1,""55"":1,""6"":18,""7"":65,""8"":90,""9"":140}","{""Diagonal CMA-ES"":{""attempts"":305,""discoveries"":0,""improvements"":0,""insertions"":0,""insertion_rate"":0.0},""Immigrant"":{""attempts"":125,""discoveries"":0,""improvements"":0,""insertions"":0,""insertion_rate"":0.0},""Morphology"":{""attempts"":293,""discoveries"":0,""improvements"":1,""insertions"":1,""insertion_rate"":0.0034129692832764505},""Novelty"":{""attempts"":277,""discoveries"":0,""improvements"":0,""insertions"":0,""insertion_rate"":0.0}}","{""Morphology"":191,""Novelty"":31}",0,0.9068627450980392,false,8000
38,254,255000,12.435943523000006,0.080056249,0.069868006,0.00318197,0.007006273,14.460937901,50.342392,28.61833,5120.141516983509,189,0.984375,36,4.37561950336868,0,0.0,"{""10"":1,""11"":1,""12"":4,""13"":1,""14"":2,""15"":1,""17"":6,""18"":7,""4"":3,""5"":34,""6"":73,""7"":34,""8"":15,""9"":7}","{""10"":2,""11"":61,""12"":2,""13"":1,""14"":9,""16"":3,""17"":11,""20"":6,""23"":1,""24"":1,""27"":4,""30"":1,""31"":2,""32"":1,""38"":6,""39"":3,""40"":1,""41"":3,""5"":3,""7"":13,""8"":21,""9"":34}",154,5.70136184772029,43,0.043,"{""10"":5,""12"":12,""13"":7,""14"":4,""15"":13,""16"":1,""17"":2,""18"":12,""19"":11,""3"":43,""4"":61,""5"":178,""6"":272,""7"":219,""8"":108,""9"":52}","{""10"":29,""11"":241,""12"":62,""13"":27,""14"":36,""15"":11,""16"":11,""17"":46,""18"":16,""19"":2,""20"":22,""21"":5,""23"":5,""24"":1,""27"":12,""3"":43,""30"":6,""31"":4,""32"":8,""33"":2,""34"":3,""36"":1,""38"":2,""39"":1,""4"":36,""40"":1,""41"":11,""42"":4,""43"":2,""44"":4,""5"":48,""55"":1,""6"":25,""7"":60,""8"":78,""9"":134}","{""Diagonal CMA-ES"":{""attempts"":297,""discoveries"":0,""improvements"":0,""insertions"":0,""insertion_rate"":0.0},""Immigrant"":{""attempts"":145,""discoveries"":0,""improvements"":0,""insertions"":0,""insertion_rate"":0.0},""Morphology"":{""attempts"":306,""discoveries"":0,""improvements"":0,""insertions"":0,""insertion_rate"":0.0},""Novelty"":{""attempts"":252,""discoveries"":0,""improvements"":0,""insertions"":0,""insertion_rate"":0.0}}","{""Morphology"":202,""Novelty"":37}",0,0.9068627450980392,false,9000
38,255,256000,12.514474088000005,0.078530565,0.069389523,0.002565761,0.006575281,14.548912271,50.342392,28.61833,5120.141516983509,189,0.984375,36,4.375619503368681,0,0.0,"{""10"":1,""11"":1,""12"":4,""13"":1,""14"":2,""15"":1,""17"":6,""18"":7,""4"":3,""5"":34,""6"":73,""7"":34,""8"":15,""9"":7}","{""10"":2,""11"":61,""12"":2,""13"":1,""14"":9,""16"":3,""17"":11,""20"":6,""23"":1,""24"":1,""27"":4,""30"":1,""31"":2,""32"":1,""38"":6,""39"":3,""40"":1,""41"":3,""5"":3,""7"":13,""8"":21,""9"":34}",152,5.633140572445377,50,0.05,"{""10"":6,""12"":12,""13"":4,""14"":8,""15"":10,""17"":2,""18"":7,""19"":20,""3"":50,""4"":70,""5"":172,""6"":265,""7"":218,""8"":102,""9"":54}","{""10"":22,""11"":248,""12"":50,""13"":17,""14"":26,""15"":13,""16"":16,""17"":57,""18"":10,""20"":29,""21"":6,""23"":4,""24"":5,""27"":12,""28"":1,""3"":50,""30"":4,""31"":6,""32"":7,""33"":2,""34"":2,""38"":2,""39"":1,""4"":42,""41"":6,""42"":10,""43"":2,""44"":5,""5"":48,""53"":1,""54"":2,""55"":1,""6"":20,""7"":62,""8"":80,""9"":131}","{""Diagonal CMA-ES"":{""attempts"":305,""discoveries"":0,""improvements"":0,""insertions"":0,""insertion_rate"":0.0},""Immigrant"":{""attempts"":154,""discoveries"":0,""improvements"":0,""insertions"":0,""insertion_rate"":0.0},""Morphology"":{""attempts"":305,""discoveries"":0,""improvements"":0,""insertions"":0,""insertion_rate"":0.0},""Novelty"":{""attempts"":236,""discoveries"":0,""improvements"":0,""insertions"":0,""insertion_rate"":0.0}}","{""Morphology"":196,""Novelty"":33}",0,0.9068627450980392,false,10000
38,256,257000,12.590113572000005,0.075639484,0.065531977,0.003375501,0.006732006,14.634914531,50.342392,28.61833,5121.454551041126,189,0.984375,36,4.3756195033686796,0,0.0,"{""10"":1,""11"":1,""12"":4,""13"":1,""14"":2,""15"":1,""17"":6,""18"":7,""4"":3,""5"":34,""6"":73,""7"":34,""8"":15,""9"":7}","{""10"":2,""11"":61,""12"":2,""13"":1,""14"":9,""16"":3,""17"":11,""20"":6,""23"":1,""24"":1,""27"":4,""30"":1,""31"":2,""32"":1,""38"":6,""39"":3,""40"":1,""41"":3,""5"":3,""7"":13,""8"":21,""9"":34}",142,5.581484448236525,53,0.053,"{""10"":7,""12"":9,""13"":9,""14"":7,""15"":13,""17"":4,""18"":8,""19"":11,""3"":53,""4"":67,""5"":199,""6"":253,""7"":184,""8"":129,""9"":47}","{""10"":30,""11"":210,""12"":49,""13"":16,""14"":22,""15"":9,""16"":10,""17"":79,""18"":14,""20"":19,""21"":4,""23"":10,""24"":5,""27"":9,""28"":3,""3"":53,""30"":6,""31"":7,""32"":6,""34"":4,""38"":4,""39"":1,""4"":35,""40"":2,""41"":7,""42"":4,""43"":1,""44"":6,""49"":1,""5"":64,""6"":23,""7"":45,""8"":112,""9"":130}","{""Diagonal CMA-ES"":{""attempts"":286,""discoveries"":0,""improvements"":0,""insertions"":0,""insertion_rate"":0.0},""Immigrant"":{""attempts"":167,""discoveries"":0,""improvements"":0,""insertions"":0,""insertion_rate"":0.0},""Morphology"":{""attempts"":298,""discoveries"":0,""improvements"":2,""insertions"":2,""insertion_rate"":0.006711409395973154},""Novelty"":{""attempts"":249,""discoveries"":0,""improvements"":0,""insertions"":0,""insertion_rate"":0.0}}","{""Morphology"":200,""Novelty"":30}",1,0.9068627450980392,false,11000
38,257,258000,12.668354435000005,0.078240863,0.066707407,0.003203342,0.008330114,14.722286939,50.342392,28.630642,5123.944134056568,189,0.984375,36,4.37561950336868,0,0.0,"{""10"":1,""11"":1,""12"":4,""13"":1,""14"":2,""15"":1,""17"":6,""18"":7,""4"":3,""5"":34,""6"":73,""7"":34,""8"":15,""9"":7}","{""10"":2,""11"":61,""12"":2,""13"":1,""14"":9,""16"":3,""17"":11,""20"":6,""23"":1,""24"":1,""27"":4,""30"":1,""31"":2,""32"":1,""38"":6,""39"":3,""40"":1,""41"":3,""5"":3,""7"":13,""8"":21,""9"":34}",162,5.6597894632431975,58,0.058,"{""10"":12,""12"":11,""13"":6,""14"":4,""15"":11,""16"":1,""18"":11,""19"":15,""3"":58,""4"":66,""5"":172,""6"":264,""7"":205,""8"":129,""9"":35}","{""10"":31,""11"":232,""12"":52,""13"":21,""14"":30,""15"":10,""16"":12,""17"":65,""18"":9,""19"":1,""20"":20,""21"":8,""23"":7,""27"":14,""28"":1,""3"":58,""30"":6,""31"":4,""32"":8,""34"":2,""39"":3,""4"":39,""40"":2,""41"":8,""42"":9,""43"":2,""44"":3,""5"":49,""55"":1,""6"":13,""7"":63,""8"":85,""9"":132}","{""Diagonal CMA-ES"":{""attempts"":299,""discoveries"":0,""improvements"":0,""insertions"":0,""insertion_rate"":0.0},""Immigrant"":{""attempts"":161,""discoveries"":0,""improvements"":0,""insertions"":0,""insertion_rate"":0.0},""Morphology"":{""attempts"":280,""discoveries"":0,""improvements"":1,""insertions"":1,""insertion_rate"":0.0035714285714285713},""Novelty"":{""attempts"":260,""discoveries"":0,""improvements"":1,""insertions"":1,""insertion_rate"":0.0038461538461538464}}","{""Morphology"":200,""Novelty"":27}",0,0.9068627450980392,false,12000
38,258,259000,12.745606276000006,0.077251841,0.066018772,0.003098859,0.00813421,14.808387746,50.342392,28.630642,5126.66879683733,189,0.984375,36,4.374341329187802,0,0.0,"{""10"":1,""11"":1,""12"":4,""13"":1,""14"":2,""15"":1,""17"":6,""18"":7,""4"":3,""5"":34,""6"":73,""7"":35,""8"":15,""9"":6}","{""10"":2,""11"":61,""12"":2,""13"":1,""14"":10,""16"":3,""17"":11,""20"":5,""23"":1,""24"":1,""27"":4,""30"":1,""31"":2,""32"":1,""38"":6,""39"":3,""40"":1,""41"":3,""5"":3,""7"":13,""8"":21,""9"":34}",149,5.627344322303406,53,0.053,"{""10"":6,""12"":11,""13"":9,""14"":2,""15"":17,""16"":1,""18"":8,""19"":5,""3"":53,""4"":68,""5"":174,""6"":289,""7"":226,""8"":94,""9"":37}","{""10"":39,""11"":256,""12"":48,""13"":19,""14"":27,""15"":8,""16"":14,""17"":46,""18"":10,""19"":1,""20"":18,""21"":5,""23"":3,""24"":3,""27"":11,""3"":53,""30"":9,""31"":2,""32"":14,""33"":1,""34"":2,""39"":2,""4"":40,""41"":6,""42"":4,""44"":2,""5"":47,""6"":30,""7"":50,""8"":89,""9"":141}","{""Diagonal CMA-ES"":{""attempts"":306,""discoveries"":0,""improvements"":0,""insertions"":0,""insertion_rate"":0.0},""Immigrant"":{""attempts"":157,""discoveries"":0,""improvements"":0,""insertions"":0,""insertion_rate"":0.0},""Morphology"":{""attempts"":283,""discoveries"":0,""improvements"":1,""insertions"":1,""insertion_rate"":0.0035335689045936395},""Novelty"":{""attempts"":254,""discoveries"":0,""improvements"":0,""insertions"":0,""insertion_rate"":0.0}}","{""Morphology"":196,""Novelty"":32}",0,0.9068627450980392,false,13000
38,259,260000,12.821921336000006,0.07631505999999999,0.065626961,0.003361254,0.007326845,14.894572851,50.342392,28.756456,5132.7268469929695,189,0.984375,36,4.374341329187802,0,0.0,"{""10"":1,""11"":1,""12"":4,""13"":1,""14"":2,""15"":1,""17"":6,""18"":7,""4"":3,""5"":34,""6"":73,""7"":35,""8"":15,""9"":6}","{""10"":2,""11"":61,""12"":2,""13"":1,""14"":10,""16"":3,""17"":11,""20"":5,""23"":1,""24"":1,""27"":4,""30"":1,""31"":2,""32"":1,""38"":6,""39"":3,""40"":1,""41"":3,""5"":3,""7"":13,""8"":21,""9"":34}",162,5.801591867303498,41,0.041,"{""10"":8,""12"":9,""13"":7,""14"":3,""15"":15,""17"":20,""18"":8,""19"":13,""3"":41,""4"":58,""5"":178,""6"":286,""7"":210,""8"":106,""9"":38}","{""10"":38,""11"":247,""12"":52,""13"":19,""14"":26,""15"":8,""16"":17,""17"":53,""18"":10,""20"":18,""21"":6,""23"":5,""24"":5,""27"":10,""28"":3,""3"":41,""30"":5,""31"":2,""32"":12,""34"":2,""38"":20,""39"":6,""4"":32,""41"":4,""42"":6,""43"":4,""44"":2,""5"":56,""54"":1,""6"":25,""7"":53,""8"":85,""9"":127}","{""Diagonal CMA-ES"":{""attempts"":301,""discoveries"":0,""improvements"":0,""insertions"":0,""insertion_rate"":0.0},""Immigrant"":{""attempts"":150,""discoveries"":0,""improvements"":0,""insertions"":0,""insertion_rate"":0.0},""Morphology"":{""attempts"":304,""discoveries"":0,""improvements"":2,""insertions"":2,""insertion_rate"":0.006578947368421052},""Novelty"":{""attempts"":245,""discoveries"":0,""improvements"":0,""insertions"":0,""insertion_rate"":0.0}}","{""Morphology"":211,""Novelty"":33}",0,0.9073170731707317,false,14000
38,260,261000,12.898788491000007,0.076867155,0.068211719,0.002388853,0.006266583,14.980643976,50.342392,28.756456,5147.432253181934,189,0.984375,36,4.362168743969225,0,0.0,"{""10"":1,""11"":1,""12"":4,""13"":1,""14"":2,""15"":1,""17"":6,""18"":7,""4"":3,""5"":34,""6"":72,""7"":35,""8"":17,""9"":5}","{""10"":2,""11"":60,""12"":2,""13"":1,""14"":10,""16"":3,""17"":13,""20"":4,""23"":1,""24"":1,""27"":4,""30"":1,""31"":2,""32"":1,""38"":6,""39"":3,""40"":1,""41"":3,""5"":3,""7"":13,""8"":21,""9"":34}",150,5.605829537546888,52,0.052,"{""10"":9,""12"":11,""13"":8,""14"":6,""15"":14,""17"":1,""18"":9,""19"":7,""3"":52,""4"":63,""5"":170,""6"":285,""7"":233,""8"":92,""9"":40}","{""10"":43,""11"":267,""12"":45,""13"":12,""14"":29,""15"":12,""16"":12,""17"":42,""18"":13,""19"":1,""20"":17,""21"":8,""23"":4,""24"":3,""27"":14,""3"":52,""30"":7,""31"":6,""32"":9,""34"":5,""35"":1,""38"":1,""39"":2,""4"":27,""41"":7,""42"":4,""44"":2,""5"":52,""54"":1,""6"":19,""7"":57,""8"":89,""9"":137}","{""Diagonal CMA-ES"":{""attempts"":298,""discoveries"":0,""improvements"":0,""insertions"":0,""insertion_rate"":0.0},""Immigrant"":{""attempts"":142,""discoveries"":0,""improvements"":0,""insertions"":0,""insertion_rate"":0.0},""Morphology"":{""attempts"":303,""discoveries"":0,""improvements"":2,""insertions"":2,""insertion_rate"":0.006600660066006601},""Novelty"":{""attempts"":257,""discoveries"":0,""improvements"":0,""insertions"":0,""insertion_rate"":0.0}}","{""Morphology"":196,""Novelty"":25}",0,0.9073170731707317,false,15000
38,261,262000,12.971549955000006,0.072761464,0.063456573,0.002042161,0.00726273,15.060947184,50.342392,28.756456,5147.432253181934,189,0.984375,36,4.362168743969225,0,0.0,"{""10"":1,""11"":1,""12"":4,""13"":1,""14"":2,""15"":1,""17"":6,""18"":7,""4"":3,""5"":34,""6"":72,""7"":35,""8"":17,""9"":5}","{""10"":2,""11"":60,""12"":2,""13"":1,""14"":10,""16"":3,""17"":13,""20"":4,""23"":1,""24"":1,""27"":4,""30"":1,""31"":2,""32"":1,""38"":6,""39"":3,""40"":1,""41"":3,""5"":3,""7"":13,""8"":21,""9"":34}",154,5.622105496778046,44,0.044,"{""10"":8,""12"":11,""13"":6,""14"":1,""15"":19,""17"":4,""18"":9,""19"":9,""3"":44,""4"":58,""5"":188,""6"":273,""7"":225,""8"":89,""9"":56}","{""10"":32,""11"":244,""12"":60,""13"":12,""14"":33,""15"":10,""16"":9,""17"":41,""18"":11,""20"":37,""21"":6,""23"":8,""24"":2,""27"":11,""3"":44,""30"":6,""31"":1,""32"":13,""34"":6,""38"":4,""39"":1,""4"":30,""41"":8,""42"":5,""43"":1,""44"":2,""5"":63,""51"":1,""6"":15,""7"":59,""8"":98,""9"":127}","{""Diagonal CMA-ES"":{""attempts"":302,""discoveries"":0,""improvements"":0,""insertions"":0,""insertion_rate"":0.0},""Immigrant"":{""attempts"":148,""discoveries"":0,""improvements"":0,""insertions"":0,""insertion_rate"":0.0},""Morphology"":{""attempts"":311,""discoveries"":0,""improvements"":0,""insertions"":0,""insertion_rate"":0.0},""Novelty"":{""attempts"":239,""discoveries"":0,""improvements"":0,""insertions"":0,""insertion_rate"":0.0}}","{""Morphology"":209,""Novelty"":28}",0,0.9073170731707317,false,16000
38,262,263000,13.047867388000006,0.07631743299999999,0.067772417,0.003546472,0.004998544,15.14658613,50.342392,28.756456,5147.432253181934,189,0.984375,36,4.3621687439692245,0,0.0,"{""10"":1,""11"":1,""12"":4,""13"":1,""14"":2,""15"":1,""17"":6,""18"":7,""4"":3,""5"":34,""6"":72,""7"":35,""8"":17,""9"":5}","{""10"":2,""11"":60,""12"":2,""13"":1,""14"":10,""16"":3,""17"":13,""20"":4,""23"":1,""24"":1,""27"":4,""30"":1,""31"":2,""32"":1,""38"":6,""39"":3,""40"":1,""41"":3,""5"":3,""7"":13,""8"":21,""9"":34}",161,5.598689174175859,46,0.046,"{""10"":11,""12"":12,""13"":6,""14"":8,""15"":15,""16"":1,""17"":5,""18"":7,""19"":18,""3"":46,""4"":74,""5"":166,""6"":294,""7"":198,""8"":99,""9"":40}","{""10"":32,""11"":268,""12"":39,""13"":18,""14"":33,""15"":8,""16"":6,""17"":44,""18"":12,""19"":1,""20"":21,""21"":9,""23"":2,""24"":1,""27"":14,""28"":2,""3"":46,""30"":5,""31"":8,""32"":10,""34"":4,""36"":1,""38"":5,""39"":3,""4"":47,""40"":1,""41"":4,""42"":10,""44"":7,""5"":50,""55"":1,""6"":18,""7"":56,""8"":81,""9"":133}","{""Diagonal CMA-ES"":{""attempts"":296,""discoveries"":0,""improvements"":0,""insertions"":0,""insertion_rate"":0.0},""Immigrant"":{""attempts"":157,""discoveries"":0,""improvements"":0,""insertions"":0,""insertion_rate"":0.0},""Morphology"":{""attempts"":298,""discoveries"":0,""improvements"":0,""insertions"":0,""insertion_rate"":0.0},""Novelty"":{""attempts"":249,""discoveries"":0,""improvements"":0,""insertions"":0,""insertion_rate"":0.0}}","{""Morphology"":189,""Novelty"":37}",0,0.9073170731707317,false,17000
38,263,264000,13.129095505000006,0.08122811699999999,0.070757296,0.003426555,0.007044266,15.237218871,50.342392,28.756456,5147.432253181934,189,0.984375,36,4.3621687439692245,0,0.0,"{""10"":1,""11"":1,""12"":4,""13"":1,""14"":2,""15"":1,""17"":6,""18"":7,""4"":3,""5"":34,""6"":72,""7"":35,""8"":17,""9"":5}","{""10"":2,""11"":60,""12"":2,""13"":1,""14"":10,""16"":3,""17"":13,""20"":4,""23"":1,""24"":1,""27"":4,""30"":1,""31"":2,""32"":1,""38"":6,""39"":3,""40"":1,""41"":3,""5"":3,""7"":13,""8"":21,""9"":34}",158,5.741790521319626,44,0.044,"{""10"":9,""12"":13,""13"":5,""14"":3,""15"":18,""17"":2,""18"":11,""19"":13,""3"":44,""4"":75,""5"":181,""6"":258,""7"":222,""8"":111,""9"":35}","{""10"":33,""11"":247,""12"":55,""13"":15,""14"":25,""15"":20,""16"":11,""17"":47,""18"":15,""19"":4,""20"":17,""21"":4,""23"":6,""27"":15,""3"":44,""30"":5,""31"":2,""32"":14,""33"":2,""34"":1,""38"":2,""39"":2,""4"":37,""41"":9,""42"":8,""43"":1,""44"":2,""5"":65,""51"":1,""53"":1,""54"":2,""6"":25,""7"":54,""8"":83,""9"":126}","{""Diagonal CMA-ES"":{""attempts"":320,""discoveries"":0,""improvements"":0,""insertions"":0,""insertion_rate"":0.0},""Immigrant"":{""attempts"":163,""discoveries"":0,""improvements"":0,""insertions"":0,""insertion_rate"":0.0},""Morphology"":{""attempts"":282,""discoveries"":0,""improvements"":0,""insertions"":0,""insertion_rate"":0.0},""Novelty"":{""attempts"":235,""discoveries"":0,""improvements"":0,""insertions"":0,""insertion_rate"":0.0}}","{""Morphology"":212,""Novelty"":28}",0,0.9073170731707317,false,18000
38,264,265000,13.200331284000006,0.071235779,0.061068907,0.002984879,0.007181993,15.31819528,50.342392,28.824871,5165.353452980518,189,0.984375,35,4.3346700531069375,0,0.0,"{""10"":1,""11"":1,""12"":4,""13"":1,""14"":2,""15"":1,""17"":6,""18"":7,""4"":3,""5"":34,""6"":72,""7"":34,""8"":18,""9"":5}","{""10"":2,""11"":60,""12"":1,""13"":1,""14"":10,""16"":3,""17"":14,""20"":4,""23"":1,""24"":1,""27"":4,""30"":1,""31"":2,""32"":1,""38"":6,""39"":3,""40"":1,""41"":3,""5"":3,""7"":13,""8"":21,""9"":34}",169,5.718709711671432,47,0.047,"{""10"":11,""12"":10,""13"":7,""14"":5,""15"":16,""16"":1,""17"":3,""18"":5,""19"":9,""3"":47,""4"":49,""5"":190,""6"":281,""7"":235,""8"":92,""9"":39}","{""10"":38,""11"":260,""12"":46,""13"":14,""14"":30,""15"":13,""16"":17,""17"":49,""18"":13,""20"":16,""21"":5,""23"":7,""24"":1,""27"":11,""28"":2,""3"":47,""30"":6,""31"":3,""32"":12,""33"":2,""34"":2,""38"":3,""39"":2,""4"":30,""40"":1,""41"":4,""42"":6,""43"":1,""44"":3,""5"":41,""6"":32,""7"":59,""8"":88,""9"":136}","{""Diagonal CMA-ES"":{""attempts"":292,""discoveries"":0,""improvements"":0,""insertions"":0,""insertion_rate"":0.0},""Immigrant"":{""attempts"":145,""discoveries"":0,""improvements"":0,""insertions"":0,""insertion_rate"":0.0},""Morphology"":{""attempts"":300,""discoveries"":0,""improvements"":1,""insertions"":1,""insertion_rate"":0.0033333333333333335},""Novelty"":{""attempts"":263,""discoveries"":0,""improvements"":0,""insertions"":0,""insertion_rate"":0.0}}","{""Morphology"":205,""Novelty"":29}",0,0.9073170731707317,false,19000
38,265,266000,13.273737452000006,0.07340616800000001,0.063900624,0.002829342,0.006676202,15.398469993,50.342392,28.824871,5167.092700898647,189,0.984375,35,4.3376445198251155,0,0.0,"{""10"":1,""11"":1,""12"":4,""13"":1,""14"":2,""15"":1,""17"":6,""18"":7,""4"":3,""5"":34,""6"":73,""7"":33,""8"":18,""9"":5}","{""10"":2,""11"":59,""12"":1,""13"":1,""14"":10,""16"":3,""17"":14,""20"":4,""23"":1,""24"":1,""27"":4,""30"":1,""31"":2,""32"":1,""38"":6,""39"":3,""40"":1,""41"":3,""5"":3,""7"":13,""8"":21,""9"":35}",163,5.651642997430125,53,0.053,"{""10"":11,""12"":11,""13"":10,""14"":5,""15"":13,""16"":1,""17"":4,""18"":11,""19"":14,""3"":53,""4"":70,""5"":170,""6"":274,""7"":203,""8"":110,""9"":40}","{""10"":28,""11"":236,""12"":41,""13"":15,""14"":26,""15"":9,""16"":16,""17"":58,""18"":15,""19"":2,""20"":18,""21"":4,""23"":7,""24"":2,""27"":13,""28"":2,""3"":53,""30"":9,""31"":5,""32"":10,""34"":3,""35"":1,""38"":4,""39"":2,""4"":40,""41"":8,""42"":10,""43"":1,""44"":2,""5"":52,""51"":1,""54"":1,""6"":21,""7"":54,""8"":89,""9"":142}","{""Diagonal CMA-ES"":{""attempts"":295,""discoveries"":0,""improvements"":1,""insertions"":1,""insertion_rate"":0.003389830508474576},""Immigrant"":{""attempts"":157,""discoveries"":0,""improvements"":0,""insertions"":0,""insertion_rate"":0.0},""Morphology"":{""attempts"":299,""discoveries"":0,""improvements"":2,""insertions"":2,""insertion_rate"":0.006688963210702341},""Novelty"":{""attempts"":249,""discoveries"":0,""improvements"":0,""insertions"":0,""insertion_rate"":0.0}}","{""Morphology"":191,""Novelty"":39}",0,0.9073170731707317,false,20000
38,266,267000,13.348750041000006,0.075012589,0.06885405,0.001818948,0.004339591,15.481401889,50.342392,28.824871,5167.092700898647,189,0.984375,35,4.3376445198251155,0,0.0,"{""10"":1,""11"":1,""12"":4,""13"":1,""14"":2,""15"":1,""17"":6,""18"":7,""4"":3,""5"":34,""6"":73,""7"":33,""8"":18,""9"":5}","{""10"":2,""11"":59,""12"":1,""13"":1,""14"":10,""16"":3,""17"":14,""20"":4,""23"":1,""24"":1,""27"":4,""30"":1,""31"":2,""32"":1,""38"":6,""39"":3,""40"":1,""41"":3,""5"":3,""7"":13,""8"":21,""9"":35}",177,5.737490416346904,53,0.053,"{""10"":12,""12"":7,""13"":4,""14"":20,""15"":9,""16"":2,""17"":11,""18"":30,""19"":14,""3"":53,""4"":56,""5"":162,""6"":287,""7"":176,""8"":101,""9"":56}","{""10"":30,""11"":209,""12"":41,""13"":8,""14"":29,""15"":14,""16"":17,""17"":62,""18"":18,""19"":2,""20"":31,""21"":7,""23"":7,""24"":3,""27"":9,""28"":1,""3"":53,""30"":3,""31"":20,""32"":7,""34"":1,""35"":2,""38"":11,""39"":1,""4"":34,""40"":2,""41"":27,""42"":6,""43"":2,""44"":3,""5"":43,""51"":1,""54"":1,""55"":2,""6"":20,""7"":48,""8"":85,""9"":140}","{""Diagonal CMA-ES"":{""attempts"":288,""discoveries"":0,""improvements"":0,""insertions"":0,""insertion_rate"":0.0},""Immigrant"":{""attempts"":145,""discoveries"":0,""improvements"":0,""insertions"":0,""insertion_rate"":0.0},""Morphology"":{""attempts"":300,""discoveries"":0,""improvements"":0,""insertions"":0,""insertion_rate"":0.0},""Novelty"":{""attempts"":267,""discoveries"":0,""improvements"":0,""insertions"":0,""insertion_rate"":0.0}}","{""Morphology"":215,""Novelty"":39}",0,0.9073170731707317,false,21000
38,267,268000,13.429366696000006,0.08061665500000001,0.070399917,0.003462174,0.006754564,15.572098744,50.342392,28.824871,5170.241555154324,189,0.984375,35,4.337644519825116,0,0.0,"{""10"":1,""11"":1,""12"":4,""13"":1,""14"":2,""15"":1,""17"":6,""18"":7,""4"":3,""5"":34,""6"":73,""7"":33,""8"":18,""9"":5}","{""10"":2,""11"":59,""12"":1,""13"":1,""14"":10,""16"":3,""17"":14,""20"":4,""23"":1,""24"":1,""27"":4,""30"":1,""31"":2,""32"":1,""38"":6,""39"":3,""40"":1,""41"":3,""5"":3,""7"":13,""8"":21,""9"":35}",157,5.644632387566637,48,0.048,"{""10"":7,""12"":9,""13"":4,""14"":20,""15"":12,""16"":1,""17"":5,""18"":30,""19"":16,""3"":48,""4"":69,""5"":168,""6"":279,""7"":178,""8"":103,""9"":51}","{""10"":22,""11"":210,""12"":38,""13"":13,""14"":34,""15"":7,""16"":23,""17"":65,""18"":23,""19"":2,""20"":24,""21"":4,""23"":6,""24"":1,""27"":9,""3"":48,""30"":4,""31"":20,""32"":7,""33"":1,""34"":4,""38"":5,""4"":39,""40"":2,""41"":28,""42"":11,""43"":1,""44"":4,""5"":51,""55"":1,""6"":23,""7"":58,""8"":77,""9"":135}","{""Diagonal CMA-ES"":{""attempts"":281,""discoveries"":0,""improvements"":0,""insertions"":0,""insertion_rate"":0.0},""Immigrant"":{""attempts"":158,""discoveries"":0,""improvements"":0,""insertions"":0,""insertion_rate"":0.0},""Morphology"":{""attempts"":294,""discoveries"":0,""improvements"":2,""insertions"":2,""insertion_rate"":0.006802721088435374},""Novelty"":{""attempts"":267,""discoveries"":0,""improvements"":0,""insertions"":0,""insertion_rate"":0.0}}","{""Morphology"":201,""Novelty"":25}",0,0.9073170731707317,false,22000
38,268,269000,13.509749453000007,0.080382757,0.070488965,0.003430117,0.006463675,15.662347986,50.342392,28.984425,5188.810461938381,189,0.984375,35,4.336532888994419,0,0.0,"{""10"":1,""11"":1,""12"":4,""13"":1,""14"":2,""15"":1,""17"":6,""18"":7,""4"":3,""5"":36,""6"":72,""7"":32,""8"":18,""9"":5}","{""10"":2,""11"":58,""12"":1,""13"":1,""14"":10,""16"":3,""17"":14,""20"":4,""23"":1,""24"":1,""27"":4,""30"":1,""31"":2,""32"":1,""38"":6,""39"":3,""40"":1,""41"":3,""5"":3,""7"":14,""8"":22,""9"":34}",150,5.672053203810335,42,0.042,"{""10"":7,""12"":7,""13"":3,""14"":23,""15"":14,""17"":7,""18"":24,""19"":16,""3"":42,""4"":50,""5"":174,""6"":274,""7"":194,""8"":111,""9"":54}","{""10"":21,""11"":204,""12"":41,""13"":13,""14"":29,""15"":12,""16"":25,""17"":74,""18"":20,""20"":28,""21"":6,""23"":7,""24"":4,""27"":9,""3"":42,""30"":2,""31"":23,""32"":8,""34"":4,""35"":1,""38"":7,""39"":1,""4"":23,""40"":2,""41"":23,""42"":5,""44"":8,""5"":57,""54"":3,""6"":21,""7"":69,""8"":63,""9"":145}","{""Diagonal CMA-ES"":{""attempts"":318,""discoveries"":0,""improvements"":0,""insertions"":0,""insertion_rate"":0.0},""Immigrant"":{""attempts"":142,""discoveries"":0,""improvements"":0,""insertions"":0,""insertion_rate"":0.0},""Morphology"":{""attempts"":315,""discoveries"":0,""improvements"":5,""insertions"":5,""insertion_rate"":0.015873015873015872},""Novelty"":{""attempts"":225,""discoveries"":0,""improvements"":0,""insertions"":0,""insertion_rate"":0.0}}","{""Morphology"":207,""Novelty"":17}",0,0.9073170731707317,false,23000
38,269,270000,13.582461049000006,0.072711596,0.062067429,0.003837362,0.006806805,15.7454746,50.342392,28.984425,5195.633104741573,189,0.984375,35,4.334017507722037,0,0.0,"{""10"":1,""11"":1,""12"":4,""13"":1,""14"":2,""15"":1,""17"":6,""18"":7,""4"":3,""5"":35,""6"":73,""7"":32,""8"":18,""9"":5}","{""10"":2,""11"":59,""12"":1,""13"":1,""14"":10,""16"":3,""17"":14,""20"":4,""23"":1,""24"":1,""27"":4,""30"":1,""31"":2,""32"":1,""38"":6,""39"":3,""40"":1,""41"":3,""5"":3,""7"":14,""8"":21,""9"":34}",159,5.618189448146042,52,0.052,"{""10"":6,""12"":10,""13"":2,""14"":11,""15"":14,""17"":17,""18"":28,""19"":10,""3"":52,""4"":60,""5"":178,""6"":280,""7"":179,""8"":103,""9"":50}","{""10"":25,""11"":189,""12"":44,""13"":13,""14"":36,""15"":11,""16"":21,""17"":68,""18"":16,""19"":1,""20"":27,""21"":6,""23"":5,""24"":1,""27"":10,""3"":52,""30"":2,""31"":10,""32"":8,""33"":1,""34"":5,""38"":17,""39"":4,""4"":40,""41"":25,""42"":7,""43"":1,""44"":2,""5"":44,""6"":19,""7"":71,""8"":77,""9"":142}","{""Diagonal CMA-ES"":{""attempts"":303,""discoveries"":0,""improvements"":0,""insertions"":0,""insertion_rate"":0.0},""Immigrant"":{""attempts"":152,""discoveries"":0,""improvements"":0,""insertions"":0,""insertion_rate"":0.0},""Morphology"":{""attempts"":289,""discoveries"":0,""improvements"":1,""insertions"":1,""insertion_rate"":0.0034602076124567475},""Novelty"":{""attempts"":256,""discoveries"":0,""improvements"":0,""insertions"":0,""insertion_rate"":0.0}}","{""Morphology"":189,""Novelty"":29}",0,0.9073170731707317,false,24000
38,270,271000,13.653275335000005,0.07081428599999999,0.061371669,0.002153767,0.00728885,15.827024476,50.342392,28.984425,5196.975252568722,189,0.984375,34,4.314918880873166,0,0.0,"{""11"":1,""12"":4,""13"":1,""14"":2,""15"":1,""17"":6,""18"":7,""4"":3,""5"":35,""6"":73,""7"":32,""8"":18,""9"":6}","{""10"":2,""11"":59,""12"":1,""13"":1,""14"":10,""16"":3,""17"":14,""20"":5,""24"":1,""27"":4,""30"":1,""31"":2,""32"":1,""38"":6,""39"":3,""40"":1,""41"":3,""5"":3,""7"":14,""8"":21,""9"":34}",166,5.7562260858335765,52,0.052,"{""10"":10,""12"":7,""13"":5,""14"":19,""15"":20,""17"":11,""18"":28,""19"":12,""3"":52,""4"":57,""5"":162,""6"":275,""7"":178,""8"":107,""9"":57}","{""10"":28,""11"":179,""12"":54,""13"":14,""14"":34,""15"":6,""16"":18,""17"":70,""18"":16,""19"":2,""20"":38,""21"":6,""23"":4,""24"":1,""27"":8,""28"":2,""3"":52,""30"":2,""31"":19,""32"":10,""33"":2,""34"":7,""36"":1,""38"":11,""39"":3,""4"":34,""40"":1,""41"":25,""42"":5,""44"":7,""5"":45,""6"":15,""7"":62,""8"":78,""9"":141}","{""Diagonal CMA-ES"":{""attempts"":303,""discoveries"":0,""improvements"":0,""insertions"":0,""insertion_rate"":0.0},""Immigrant"":{""attempts"":152,""discoveries"":0,""improvements"":0,""insertions"":0,""insertion_rate"":0.0},""Morphology"":{""attempts"":309,""discoveries"":0,""improvements"":1,""insertions"":1,""insertion_rate"":0.003236245954692557},""Novelty"":{""attempts"":236,""discoveries"":0,""improvements"":0,""insertions"":0,""insertion_rate"":0.0}}","{""Morphology"":215,""Novelty"":35}",0,0.9073170731707317,false,25000
38,271,272000,13.731371347000005,0.078096012,0.068000379,0.003407558,0.006688075,15.915307545,50.342392,28.984425,5199.611288487911,189,0.984375,34,4.3059731160536705,0,0.0,"{""11"":1,""12"":4,""13"":1,""14"":2,""15"":1,""17"":6,""18"":7,""4"":3,""5"":35,""6"":73,""7"":32,""8"":19,""9"":5}","{""10"":2,""11"":59,""12"":1,""13"":1,""14"":10,""16"":3,""17"":15,""20"":4,""24"":1,""27"":4,""30"":1,""31"":2,""32"":1,""38"":6,""39"":3,""40"":1,""41"":3,""5"":3,""7"":14,""8"":21,""9"":34}",152,5.628556576539569,46,0.046,"{""10"":3,""12"":11,""13"":5,""14"":7,""15"":18,""16"":1,""18"":10,""19"":13,""3"":46,""4"":58,""5"":181,""6"":311,""7"":201,""8"":99,""9"":36}","{""10"":39,""11"":257,""12"":43,""13"":18,""14"":20,""15"":12,""16"":12,""17"":44,""18"":10,""19"":2,""20"":18,""21"":4,""23"":2,""24"":3,""27"":12,""3"":46,""30"":5,""31"":7,""32"":13,""33"":2,""34"":4,""4"":33,""40"":1,""41"":8,""42"":7,""43"":1,""44"":3,""5"":56,""50"":1,""54"":2,""6"":31,""7"":53,""8"":81,""9"":150}","{""Diagonal CMA-ES"":{""attempts"":305,""discoveries"":0,""improvements"":0,""insertions"":0,""insertion_rate"":0.0},""Immigrant"":{""attempts"":155,""discoveries"":0,""improvements"":0,""insertions"":0,""insertion_rate"":0.0},""Morphology"":{""attempts"":323,""discoveries"":0,""improvements"":2,""insertions"":2,""insertion_rate"":0.006191950464396285},""Novelty"":{""attempts"":217,""discoveries"":0,""improvements"":0,""insertions"":0,""insertion_rate"":0.0}}","{""Morphology"":210,""Novelty"":25}",0,0.9073170731707317,false,26000
38,272,273000,13.810740148000004,0.079368801,0.068947847,0.003507292,0.006913662,16.004655624,50.342392,29.42419,5201.723308980465,189,0.984375,34,4.3059731160536705,0,0.0,"{""11"":1,""12"":4,""13"":1,""14"":2,""15"":1,""17"":6,""18"":7,""4"":3,""5"":35,""6"":73,""7"":32,""8"":19,""9"":5}","{""10"":2,""11"":59,""12"":1,""13"":1,""14"":10,""16"":3,""17"":15,""20"":4,""24"":1,""27"":4,""30"":1,""31"":2,""32"":1,""38"":6,""39"":3,""40"":1,""41"":3,""5"":3,""7"":14,""8"":21,""9"":34}",151,5.629993760640148,52,0.052,"{""10"":12,""12"":13,""13"":5,""14"":4,""15"":15,""17"":3,""18"":7,""19"":9,""3"":52,""4"":79,""5"":152,""6"":302,""7"":200,""8"":99,""9"":48}","{""10"":34,""11"":253,""12"":42,""13"":16,""14"":25,""15"":9,""16"":14,""17"":41,""18"":17,""19"":2,""20"":19,""21"":13,""23"":6,""24"":3,""27"":17,""3"":52,""30"":5,""31"":3,""32"":12,""34"":2,""38"":3,""39"":3,""4"":48,""40"":3,""41"":3,""42"":4,""44"":4,""5"":50,""54"":1,""6"":22,""7"":47,""8"":72,""9"":155}","{""Diagonal CMA-ES"":{""attempts"":301,""discoveries"":0,""improvements"":0,""insertions"":0,""insertion_rate"":0.0},""Immigrant"":{""attempts"":162,""discoveries"":0,""improvements"":0,""insertions"":0,""insertion_rate"":0.0},""Morphology"":{""attempts"":285,""discoveries"":0,""improvements"":2,""insertions"":2,""insertion_rate"":0.007017543859649123},""Novelty"":{""attempts"":252,""discoveries"":0,""improvements"":0,""insertions"":0,""insertion_rate"":0.0}}","{""Morphology"":205,""Novelty"":28}",0,0.9073170731707317,false,27000
38,273,274000,13.888703183000004,0.07796303499999999,0.069727904,0.001826072,0.006409059,16.089647491,50.342392,29.42419,5201.723308980465,189,0.984375,34,4.3059731160536705,0,0.0,"{""11"":1,""12"":4,""13"":1,""14"":2,""15"":1,""17"":6,""18"":7,""4"":3,""5"":35,""6"":73,""7"":32,""8"":19,""9"":5}","{""10"":2,""11"":59,""12"":1,""13"":1,""14"":10,""16"":3,""17"":15,""20"":4,""24"":1,""27"":4,""30"":1,""31"":2,""32"":1,""38"":6,""39"":3,""40"":1,""41"":3,""5"":3,""7"":14,""8"":21,""9"":34}",151,5.047004972404034,52,0.052,"{""10"":4,""12"":7,""13"":6,""14"":5,""15"":10,""17"":1,""18"":12,""19"":12,""3"":52,""4"":57,""5"":120,""6"":457,""7"":164,""8"":69,""9"":24}","{""10"":34,""11"":146,""12"":41,""13"":17,""14"":31,""15"":8,""16"":10,""17"":24,""18"":9,""19"":1,""20"":15,""21"":4,""23"":3,""24"":1,""27"":7,""28"":2,""3"":52,""30"":4,""31"":5,""32"":7,""34"":1,""38"":1,""39"":3,""4"":33,""40"":2,""41"":9,""42"":6,""43"":1,""44"":4,""5"":39,""53"":1,""6"":25,""7"":36,""8"":61,""9"":357}","{""Diagonal CMA-ES"":{""attempts"":285,""discoveries"":0,""improvements"":0,""insertions"":0,""insertion_rate"":0.0},""Immigrant"":{""attempts"":148,""discoveries"":0,""improvements"":0,""insertions"":0,""insertion_rate"":0.0},""Morphology"":{""attempts"":283,""discoveries"":0,""improvements"":0,""insertions"":0,""insertion_rate"":0.0},""Novelty"":{""attempts"":284,""discoveries"":0,""improvements"":0,""insertions"":0,""insertion_rate"":0.0}}","{""Morphology"":188,""Novelty"":39}",0,0.9073170731707317,false,28000
38,274,275000,13.967624371000005,0.078921188,0.069801518,0.002210757,0.006908913,16.177498381,50.342392,29.42419,5203.9547981619835,189,0.984375,34,4.305973116053671,0,0.0,"{""11"":1,""12"":4,""13"":1,""14"":2,""15"":1,""17"":6,""18"":7,""4"":3,""5"":35,""6"":73,""7"":32,""8"":19,""9"":5}","{""10"":2,""11"":59,""12"":1,""13"":1,""14"":10,""16"":3,""17"":15,""20"":4,""24"":1,""27"":4,""30"":1,""31"":2,""32"":1,""38"":6,""39"":3,""40"":1,""41"":3,""5"":3,""7"":14,""8"":21,""9"":34}",156,5.600102288258076,46,0.046,"{""10"":8,""12"":11,""13"":6,""14"":5,""15"":14,""17"":4,""18"":8,""19"":10,""3"":46,""4"":67,""5"":154,""6"":331,""7"":200,""8"":97,""9"":39}","{""10"":31,""11"":240,""12"":48,""13"":14,""14"":27,""15"":12,""16"":21,""17"":39,""18"":13,""19"":2,""20"":22,""21"":3,""23"":7,""27"":12,""28"":1,""3"":46,""30"":5,""31"":4,""32"":10,""33"":2,""34"":2,""38"":4,""39"":2,""4"":38,""40"":1,""41"":5,""42"":6,""44"":3,""5"":42,""50"":1,""55"":1,""6"":20,""7"":54,""8"":80,""9"":182}","{""Diagonal CMA-ES"":{""attempts"":308,""discoveries"":0,""improvements"":0,""insertions"":0,""insertion_rate"":0.0},""Immigrant"":{""attempts"":142,""discoveries"":0,""improvements"":0,""insertions"":0,""insertion_rate"":0.0},""Morphology"":{""attempts"":285,""discoveries"":0,""improvements"":2,""insertions"":2,""insertion_rate"":0.007017543859649123},""Novelty"":{""attempts"":265,""discoveries"":0,""improvements"":0,""insertions"":0,""insertion_rate"":0.0}}","{""Morphology"":197,""Novelty"":28}",0,0.9073170731707317,false,29000
38,275,276000,14.044730173000005,0.07710580199999999,0.066779832,0.003509666,0.006816304,16.264516973,50.342392,29.42419,5205.575914740562,189,0.984375,34,4.30597311605367,0,0.0,"{""11"":1,""12"":4,""13"":1,""14"":2,""15"":1,""17"":6,""18"":7,""4"":3,""5"":35,""6"":73,""7"":32,""8"":19,""9"":5}","{""10"":2,""11"":59,""12"":1,""13"":1,""14"":10,""16"":3,""17"":15,""20"":4,""24"":1,""27"":4,""30"":1,""31"":2,""32"":1,""38"":6,""39"":3,""40"":1,""41"":3,""5"":3,""7"":14,""8"":21,""9"":34}",146,5.514754033417668,56,0.056,"{""10"":2,""12"":11,""13"":7,""14"":5,""15"":18,""18"":11,""19"":12,""3"":56,""4"":54,""5"":174,""6"":320,""7"":199,""8"":95,""9"":36}","{""10"":36,""11"":250,""12"":41,""13"":17,""14"":32,""15"":13,""16"":11,""17"":44,""18"":8,""20"":17,""21"":2,""23"":4,""27"":11,""3"":56,""30"":6,""31"":5,""32"":11,""34"":5,""37"":1,""39"":3,""4"":26,""40"":2,""41"":8,""42"":4,""43"":1,""44"":4,""5"":51,""54"":1,""55"":2,""6"":18,""7"":52,""8"":100,""9"":158}","{""Diagonal CMA-ES"":{""attempts"":304,""discoveries"":0,""improvements"":1,""insertions"":1,""insertion_rate"":0.003289473684210526},""Immigrant"":{""attempts"":144,""discoveries"":0,""improvements"":0,""insertions"":0,""insertion_rate"":0.0},""Morphology"":{""attempts"":293,""discoveries"":0,""improvements"":1,""insertions"":1,""insertion_rate"":0.0034129692832764505},""Novelty"":{""attempts"":259,""discoveries"":0,""improvements"":0,""insertions"":0,""insertion_rate"":0.0}}","{""Morphology"":185,""Novelty"":29}",0,0.9073170731707317,false,30000
38,276,277000,14.120985867000005,0.076255694,0.065720759,0.00367945,0.006855485,16.351575933,50.342392,29.42419,5208.097919821739,189,0.984375,34,4.299333266234645,0,0.0,"{""11"":1,""12"":4,""13"":1,""14"":2,""15"":1,""17"":6,""18"":7,""4"":3,""5"":35,""6"":73,""7"":31,""8"":20,""9"":5}","{""10"":2,""11"":59,""12"":1,""13"":1,""14"":9,""16"":3,""17"":16,""20"":4,""24"":1,""27"":4,""30"":1,""31"":2,""32"":1,""38"":6,""39"":3,""40"":1,""41"":3,""5"":3,""7"":14,""8"":21,""9"":34}",152,5.633625820876176,55,0.055,"{""10"":9,""12"":7,""13"":4,""14"":13,""15"":12,""16"":2,""17"":11,""18"":23,""19"":8,""3"":55,""4"":72,""5"":190,""6"":254,""7"":196,""8"":108,""9"":36}","{""10"":28,""11"":190,""12"":36,""13"":19,""14"":40,""15"":9,""16"":29,""17"":66,""18"":14,""19"":1,""20"":21,""21"":9,""23"":5,""27"":8,""3"":55,""30"":4,""31"":13,""32"":6,""33"":2,""34"":1,""38"":11,""39"":1,""4"":48,""40"":3,""41"":22,""42"":3,""43"":2,""44"":3,""5"":58,""51"":1,""54"":1,""6"":26,""7"":67,""8"":73,""9"":125}","{""Diagonal CMA-ES"":{""attempts"":307,""discoveries"":0,""improvements"":0,""insertions"":0,""insertion_rate"":0.0},""Immigrant"":{""attempts"":192,""discoveries"":0,""improvements"":0,""insertions"":0,""insertion_rate"":0.0},""Morphology"":{""attempts"":280,""discoveries"":0,""improvements"":2,""insertions"":2,""insertion_rate"":0.007142857142857143},""Novelty"":{""attempts"":221,""discoveries"":0,""improvements"":0,""insertions"":0,""insertion_rate"":0.0}}","{""Morphology"":199,""Novelty"":22}",0,0.9073170731707317,false,31000
38,277,278000,14.192846167000006,0.0718603,0.061847778,0.00332326,0.006689262,16.43439741,50.342392,29.42419,5217.742956519127,189,0.984375,33,4.2703022170216505,0,0.0,"{""11"":1,""12"":4,""13"":1,""14"":2,""15"":1,""17"":6,""18"":7,""4"":3,""5"":35,""6"":74,""7"":30,""8"":20,""9"":5}","{""10"":2,""11"":59,""13"":1,""14"":9,""16"":3,""17"":16,""20"":4,""24"":1,""27"":4,""30"":1,""31"":2,""32"":1,""38"":6,""39"":3,""40"":1,""41"":3,""5"":3,""7"":14,""8"":21,""9"":35}",153,5.60635669513132,45,0.045,"{""10"":7,""12"":7,""13"":4,""14"":15,""15"":6,""16"":2,""17"":22,""18"":34,""19"":13,""3"":45,""4"":59,""5"":184,""6"":285,""7"":184,""8"":94,""9"":39}","{""10"":34,""11"":197,""12"":43,""13"":12,""14"":29,""15"":9,""16"":25,""17"":55,""18"":8,""20"":25,""21"":2,""23"":5,""24"":1,""27"":7,""28"":3,""3"":45,""30"":4,""31"":15,""32"":3,""33"":1,""34"":3,""35"":1,""38"":22,""39"":2,""4"":36,""41"":32,""42"":10,""43"":2,""44"":1,""5"":41,""6"":20,""7"":68,""8"":87,""9"":152}","{""Diagonal CMA-ES"":{""attempts"":305,""discoveries"":0,""improvements"":0,""insertions"":0,""insertion_rate"":0.0},""Immigrant"":{""attempts"":141,""discoveries"":0,""improvements"":0,""insertions"":0,""insertion_rate"":0.0},""Morphology"":{""attempts"":291,""discoveries"":0,""improvements"":1,""insertions"":1,""insertion_rate"":0.003436426116838488},""Novelty"":{""attempts"":263,""discoveries"":0,""improvements"":1,""insertions"":1,""insertion_rate"":0.0038022813688212928}}","{""Morphology"":184,""Novelty"":35}",0,0.9073170731707317,false,32000
38,278,279000,14.268058222000006,0.075212055,0.063870941,0.003266269,0.008074845,16.519683727,50.342392,29.42419,5217.994698166847,189,0.984375,33,4.2703022170216505,0,0.0,"{""11"":1,""12"":4,""13"":1,""14"":2,""15"":1,""17"":6,""18"":7,""4"":3,""5"":35,""6"":74,""7"":30,""8"":20,""9"":5}","{""10"":2,""11"":59,""13"":1,""14"":9,""16"":3,""17"":16,""20"":4,""24"":1,""27"":4,""30"":1,""31"":2,""32"":1,""38"":6,""39"":3,""40"":1,""41"":3,""5"":3,""7"":14,""8"":21,""9"":35}",153,5.5813795793170025,58,0.058,"{""10"":12,""12"":8,""13"":3,""14"":21,""15"":9,""16"":1,""17"":4,""18"":24,""19"":13,""3"":58,""4"":55,""5"":181,""6"":277,""7"":179,""8"":107,""9"":48}","{""10"":27,""11"":200,""12"":35,""13"":16,""14"":37,""15"":13,""16"":20,""17"":67,""18"":21,""19"":1,""20"":20,""21"":7,""23"":5,""24"":1,""27"":10,""28"":3,""3"":58,""30"":2,""31"":21,""32"":3,""33"":3,""34"":4,""37"":1,""38"":4,""39"":1,""4"":33,""40"":1,""41"":21,""42"":7,""44"":5,""49"":1,""5"":49,""53"":1,""6"":20,""7"":61,""8"":82,""9"":139}","{""Diagonal CMA-ES"":{""attempts"":302,""discoveries"":0,""improvements"":0,""insertions"":0,""insertion_rate"":0.0},""Immigrant"":{""attempts"":151,""discoveries"":0,""improvements"":0,""insertions"":0,""insertion_rate"":0.0},""Morphology"":{""attempts"":290,""discoveries"":0,""improvements"":1,""insertions"":1,""insertion_rate"":0.0034482758620689655},""Novelty"":{""attempts"":257,""discoveries"":0,""improvements"":1,""insertions"":1,""insertion_rate"":0.0038910505836575876}}","{""Morphology"":193,""Novelty"":24}",0,0.9073170731707317,false,33000
38,279,280000,14.338342970000006,0.07028474800000001,0.060114315,0.003227088,0.006943345,16.600780054,50.342392,29.522293,5225.772831559181,189,0.984375,33,4.2758871012697774,0,0.0,"{""11"":1,""12"":4,""13"":1,""14"":2,""15"":1,""17"":6,""18"":7,""4"":3,""5"":34,""6"":75,""7"":30,""8"":20,""9"":5}","{""10"":2,""11"":60,""13"":1,""14"":9,""16"":3,""17"":16,""20"":4,""24"":1,""27"":4,""30"":1,""31"":2,""32"":1,""38"":6,""39"":3,""40"":1,""41"":3,""5"":3,""7"":13,""8"":21,""9"":35}",153,5.645564502324618,44,0.044,"{""10"":8,""12"":7,""13"":4,""14"":16,""15"":12,""17"":12,""18"":33,""19"":15,""3"":44,""4"":56,""5"":147,""6"":293,""7"":196,""8"":110,""9"":47}","{""10"":24,""11"":215,""12"":44,""13"":13,""14"":30,""15"":12,""16"":30,""17"":71,""18"":18,""20"":22,""21"":5,""23"":5,""24"":5,""27"":9,""28"":1,""3"":44,""30"":3,""31"":16,""32"":5,""33"":1,""34"":6,""38"":12,""39"":1,""4"":37,""40"":2,""41"":30,""42"":10,""43"":2,""44"":3,""5"":39,""6"":18,""7"":50,""8"":74,""9"":143}","{""Diagonal CMA-ES"":{""attempts"":287,""discoveries"":0,""improvements"":0,""insertions"":0,""insertion_rate"":0.0},""Immigrant"":{""attempts"":129,""discoveries"":0,""improvements"":0,""insertions"":0,""insertion_rate"":0.0},""Morphology"":{""attempts"":323,""discoveries"":0,""improvements"":4,""insertions"":4,""insertion_rate"":0.01238390092879257},""Novelty"":{""attempts"":261,""discoveries"":0,""improvements"":0,""insertions"":0,""insertion_rate"":0.0}}","{""Morphology"":223,""Novelty"":25}",0,0.9073170731707317,false,34000
38,280,281000,14.410661569000007,0.072318599,0.061372857,0.003172472,0.00777327,16.683479239,50.342392,29.522293,5231.422520279884,189,0.984375,33,4.264025959452744,0,0.0,"{""11"":1,""12"":4,""13"":1,""14"":2,""15"":1,""17"":6,""18"":7,""4"":3,""5"":34,""6"":75,""7"":30,""8"":21,""9"":4}","{""10"":2,""11"":60,""13"":1,""14"":9,""16"":3,""17"":17,""20"":3,""24"":1,""27"":4,""30"":1,""31"":2,""32"":1,""38"":6,""39"":3,""40"":1,""41"":3,""5"":3,""7"":13,""8"":21,""9"":35}",164,5.708931113032897,56,0.056,"{""10"":4,""12"":5,""13"":4,""14"":19,""15"":13,""17"":9,""18"":36,""19"":14,""3"":56,""4"":45,""5"":158,""6"":260,""7"":221,""8"":114,""9"":42}","{""10"":27,""11"":195,""12"":50,""13"":11,""14"":37,""15"":15,""16"":25,""17"":81,""18"":11,""19"":2,""20"":31,""21"":5,""23"":3,""24"":1,""27"":6,""28"":1,""3"":56,""30"":3,""31"":19,""32"":8,""34"":3,""38"":9,""39"":4,""4"":27,""40"":2,""41"":33,""42"":7,""43"":1,""44"":5,""5"":46,""6"":18,""7"":51,""8"":68,""9"":139}","{""Diagonal CMA-ES"":{""attempts"":298,""discoveries"":0,""improvements"":0,""insertions"":0,""insertion_rate"":0.0},""Immigrant"":{""attempts"":147,""discoveries"":0,""improvements"":0,""insertions"":0,""insertion_rate"":0.0},""Morphology"":{""attempts"":308,""discoveries"":0,""improvements"":1,""insertions"":1,""insertion_rate"":0.003246753246753247},""Novelty"":{""attempts"":247,""discoveries"":0,""improvements"":0,""insertions"":0,""insertion_rate"":0.0}}","{""Morphology"":208,""Novelty"":37}",0,0.9073170731707317,false,35000
38,281,282000,14.485867687000008,0.075206118,0.06772255,0.002267748,0.00521582,16.766123808,50.342392,29.522293,5234.733860611916,189,0.984375,33,4.264025959452744,0,0.0,"{""11"":1,""12"":4,""13"":1,""14"":2,""15"":1,""17"":6,""18"":7,""4"":3,""5"":34,""6"":75,""7"":30,""8"":21,""9"":4}","{""10"":2,""11"":60,""13"":1,""14"":9,""16"":3,""17"":17,""20"":3,""24"":1,""27"":4,""30"":1,""31"":2,""32"":1,""38"":6,""39"":3,""40"":1,""41"":3,""5"":3,""7"":13,""8"":21,""9"":35}",165,5.6587937473447,48,0.048,"{""10"":11,""12"":11,""13"":7,""14"":9,""15"":20,""17"":4,""18"":10,""19"":18,""3"":48,""4"":57,""5"":163,""6"":289,""7"":214,""8"":88,""9"":51}","{""10"":26,""11"":262,""12"":48,""13"":19,""14"":32,""15"":13,""16"":14,""17"":39,""18"":22,""19"":1,""20"":20,""21"":7,""23"":7,""24"":1,""27"":13,""28"":2,""3"":48,""30"":5,""31"":9,""32"":17,""34"":2,""38"":4,""39"":2,""4"":33,""40"":2,""41"":7,""42"":6,""43"":4,""44"":4,""5"":42,""50"":1,""54"":1,""55"":2,""6"":17,""7"":56,""8"":74,""9"":138}","{""Diagonal CMA-ES"":{""attempts"":287,""discoveries"":0,""improvements"":0,""insertions"":0,""insertion_rate"":0.0},""Immigrant"":{""attempts"":131,""discoveries"":0,""improvements"":0,""insertions"":0,""insertion_rate"":0.0},""Morphology"":{""attempts"":315,""discoveries"":0,""improvements"":1,""insertions"":1,""insertion_rate"":0.0031746031746031746},""Novelty"":{""attempts"":267,""discoveries"":0,""improvements"":0,""insertions"":0,""insertion_rate"":0.0}}","{""Morphology"":218,""Novelty"":15}",0,0.9073170731707317,false,36000
38,282,283000,14.566316933000008,0.080449246,0.069540311,0.00418999,0.006718945,16.854828369,50.342392,29.758156,5246.363278031349,189,0.984375,33,4.264025959452746,0,0.0,"{""11"":1,""12"":4,""13"":1,""14"":2,""15"":1,""17"":6,""18"":7,""4"":3,""5"":34,""6"":75,""7"":30,""8"":21,""9"":4}","{""10"":2,""11"":60,""13"":1,""14"":9,""16"":3,""17"":17,""20"":3,""24"":1,""27"":4,""30"":1,""31"":2,""32"":1,""38"":6,""39"":3,""40"":1,""41"":3,""5"":3,""7"":13,""8"":21,""9"":35}",166,5.691487913425841,51,0.051,"{""10"":11,""12"":13,""13"":5,""14"":4,""15"":10,""16"":2,""17"":5,""18"":12,""19"":8,""3"":51,""4"":60,""5"":178,""6"":277,""7"":229,""8"":93,""9"":42}","{""10"":30,""11"":238,""12"":52,""13"":13,""14"":36,""15"":18,""16"":18,""17"":49,""18"":13,""20"":22,""21"":9,""23"":5,""24"":1,""27"":14,""28"":1,""3"":51,""30"":5,""31"":3,""32"":5,""33"":1,""34"":5,""35"":1,""38"":5,""39"":3,""4"":29,""40"":2,""41"":8,""42"":5,""43"":1,""44"":1,""5"":49,""53"":1,""6"":24,""7"":61,""8"":81,""9"":140}","{""Diagonal CMA-ES"":{""attempts"":281,""discoveries"":0,""improvements"":0,""insertions"":0,""insertion_rate"":0.0},""Immigrant"":{""attempts"":147,""discoveries"":0,""improvements"":0,""insertions"":0,""insertion_rate"":0.0},""Morphology"":{""attempts"":326,""discoveries"":0,""improvements"":2,""insertions"":2,""insertion_rate"":0.006134969325153374},""Novelty"":{""attempts"":246,""discoveries"":0,""improvements"":0,""insertions"":0,""insertion_rate"":0.0}}","{""Morphology"":217,""Novelty"":28}",0,0.9073170731707317,false,37000
38,283,284000,14.640661070000009,0.074344137,0.064328052,0.003224714,0.006791371,16.93863412,50.342392,29.758156,5262.193071961403,189,0.984375,33,4.2478071054062045,0,0.0,"{""11"":1,""12"":4,""13"":1,""14"":2,""15"":1,""17"":6,""18"":7,""4"":3,""5"":34,""6"":76,""7"":31,""8"":20,""9"":3}","{""10"":2,""11"":59,""13"":1,""14"":11,""16"":3,""17"":16,""20"":2,""24"":1,""27"":4,""30"":1,""31"":2,""32"":1,""38"":6,""39"":3,""40"":1,""41"":3,""5"":3,""7"":13,""8"":21,""9"":36}",146,5.517598376925601,46,0.046,"{""10"":9,""12"":11,""13"":4,""14"":5,""15"":11,""16"":1,""18"":13,""19"":11,""3"":46,""4"":62,""5"":170,""6"":274,""7"":199,""8"":139,""9"":45}","{""10"":38,""11"":235,""12"":45,""13"":13,""14"":26,""15"":8,""16"":14,""17"":100,""18"":12,""19"":2,""20"":24,""21"":8,""23"":7,""24"":1,""27"":11,""3"":46,""30"":4,""31"":4,""32"":8,""33"":2,""34"":3,""39"":5,""4"":35,""41"":7,""42"":5,""44"":5,""5"":64,""51"":1,""55"":1,""6"":19,""7"":50,""8"":68,""9"":129}","{""Diagonal CMA-ES"":{""attempts"":295,""discoveries"":0,""improvements"":0,""insertions"":0,""insertion_rate"":0.0},""Immigrant"":{""attempts"":161,""discoveries"":0,""improvements"":0,""insertions"":0,""insertion_rate"":0.0},""Morphology"":{""attempts"":284,""discoveries"":0,""improvements"":6,""insertions"":6,""insertion_rate"":0.02112676056338028},""Novelty"":{""attempts"":260,""discoveries"":0,""improvements"":0,""insertions"":0,""insertion_rate"":0.0}}","{""Morphology"":194,""Novelty"":34}",0,0.9073170731707317,false,38000
38,284,285000,14.71252018300001,0.071859113,0.062661079,0.002963508,0.006234526,17.019351697,50.342392,29.791107,5275.386601090431,189,0.984375,33,4.2333521805432826,0,0.0,"{""11"":1,""12"":4,""13"":1,""14"":2,""15"":1,""17"":6,""18"":7,""4"":3,""5"":34,""6"":76,""7"":30,""8"":21,""9"":3}","{""10"":2,""11"":59,""13"":1,""14"":10,""16"":3,""17"":17,""20"":2,""24"":1,""27"":4,""30"":1,""31"":2,""32"":1,""38"":6,""39"":3,""40"":1,""41"":3,""5"":3,""7"":13,""8"":21,""9"":36}",153,5.530808097204421,55,0.055,"{""10"":6,""12"":12,""13"":6,""14"":3,""15"":12,""16"":1,""17"":4,""18"":11,""19"":20,""3"":55,""4"":56,""5"":173,""6"":281,""7"":199,""8"":130,""9"":31}","{""10"":30,""11"":227,""12"":40,""13"":14,""14"":34,""15"":16,""16"":11,""17"":85,""18"":7,""19"":2,""20"":17,""21"":6,""23"":2,""24"":2,""27"":12,""3"":55,""30"":6,""31"":3,""32"":10,""33"":1,""34"":2,""38"":4,""39"":2,""4"":33,""41"":10,""42"":14,""44"":4,""5"":53,""54"":1,""6"":21,""7"":54,""8"":80,""9"":142}","{""Diagonal CMA-ES"":{""attempts"":295,""discoveries"":0,""improvements"":0,""insertions"":0,""insertion_rate"":0.0},""Immigrant"":{""attempts"":158,""discoveries"":0,""improvements"":0,""insertions"":0,""insertion_rate"":0.0},""Morphology"":{""attempts"":309,""discoveries"":0,""improvements"":2,""insertions"":2,""insertion_rate"":0.006472491909385114},""Novelty"":{""attempts"":238,""discoveries"":0,""improvements"":0,""insertions"":0,""insertion_rate"":0.0}}","{""Morphology"":209,""Novelty"":22}",0,0.9073170731707317,false,39000
38,285,286000,14.78655918300001,0.074039,0.064502586,0.003060866,0.006475548,17.10121977,50.342392,29.791107,5275.386601090431,189,0.984375,33,4.2333521805432826,0,0.0,"{""11"":1,""12"":4,""13"":1,""14"":2,""15"":1,""17"":6,""18"":7,""4"":3,""5"":34,""6"":76,""7"":30,""8"":21,""9"":3}","{""10"":2,""11"":59,""13"":1,""14"":10,""16"":3,""17"":17,""20"":2,""24"":1,""27"":4,""30"":1,""31"":2,""32"":1,""38"":6,""39"":3,""40"":1,""41"":3,""5"":3,""7"":13,""8"":21,""9"":36}",149,5.555223596273481,59,0.059,"{""10"":6,""12"":11,""13"":7,""14"":2,""15"":17,""17"":1,""18"":14,""19"":10,""3"":59,""4"":56,""5"":177,""6"":313,""7"":199,""8"":86,""9"":42}","{""10"":31,""11"":250,""12"":41,""13"":14,""14"":29,""15"":11,""16"":18,""17"":43,""18"":16,""19"":1,""20"":20,""21"":7,""23"":5,""24"":2,""27"":11,""28"":2,""3"":59,""30"":6,""31"":2,""32"":12,""33"":1,""34"":3,""38"":1,""39"":6,""4"":33,""41"":9,""42"":4,""43"":1,""44"":5,""5"":45,""6"":25,""7"":55,""8"":87,""9"":145}","{""Diagonal CMA-ES"":{""attempts"":283,""discoveries"":0,""improvements"":0,""insertions"":0,""insertion_rate"":0.0},""Immigrant"":{""attempts"":148,""discoveries"":0,""improvements"":0,""insertions"":0,""insertion_rate"":0.0},""Morphology"":{""attempts"":330,""discoveries"":0,""improvements"":0,""insertions"":0,""insertion_rate"":0.0},""Novelty"":{""attempts"":239,""discoveries"":0,""improvements"":0,""insertions"":0,""insertion_rate"":0.0}}","{""Morphology"":216,""Novelty"":23}",0,0.9073170731707317,false,40000
38,286,287000,14.86113603100001,0.074576848,0.063880439,0.003557158,0.007139251,17.188011587,50.342392,29.791107,5276.262335419655,189,0.984375,33,4.217239924043583,0,0.0,"{""11"":1,""12"":4,""13"":1,""14"":2,""15"":1,""17"":6,""18"":7,""4"":3,""5"":35,""6"":75,""7"":30,""8"":21,""9"":3}","{""10"":2,""11"":58,""13"":1,""14"":10,""16"":3,""17"":17,""20"":2,""24"":1,""27"":4,""30"":1,""31"":2,""32"":1,""38"":6,""39"":3,""40"":1,""41"":3,""5"":3,""7"":13,""8"":22,""9"":36}",162,5.639594939051886,54,0.054,"{""10"":10,""12"":10,""13"":6,""14"":8,""15"":13,""16"":1,""17"":1,""18"":13,""19"":9,""3"":54,""4"":57,""5"":163,""6"":310,""7"":175,""8"":120,""9"":50}","{""10"":34,""11"":253,""12"":44,""13"":13,""14"":27,""15"":11,""16"":11,""17"":47,""18"":13,""20"":21,""21"":8,""23"":9,""24"":2,""27"":10,""28"":1,""3"":54,""30"":5,""31"":8,""32"":9,""33"":2,""34"":2,""38"":1,""39"":4,""4"":32,""41"":9,""42"":6,""44"":2,""5"":50,""51"":1,""54"":1,""6"":21,""7"":52,""8"":74,""9"":163}","{""Diagonal CMA-ES"":{""attempts"":280,""discoveries"":0,""improvements"":0,""insertions"":0,""insertion_rate"":0.0},""Immigrant"":{""attempts"":152,""discoveries"":0,""improvements"":0,""insertions"":0,""insertion_rate"":0.0},""Morphology"":{""attempts"":309,""discoveries"":0,""improvements"":1,""insertions"":1,""insertion_rate"":0.003236245954692557},""Novelty"":{""attempts"":259,""discoveries"":0,""improvements"":0,""insertions"":0,""insertion_rate"":0.0}}","{""Morphology"":206,""Novelty"":33}",0,0.9073170731707317,false,41000
38,287,288000,14.93614149500001,0.075005464,0.068218843,0.002157329,0.004629292,17.271229623,50.342392,29.791107,5276.880964875221,189,0.984375,33,4.232144126279256,0,0.0,"{""11"":1,""12"":4,""13"":1,""14"":2,""15"":1,""17"":6,""18"":7,""4"":3,""5"":35,""6"":74,""7"":31,""8"":21,""9"":3}","{""10"":2,""11"":59,""13"":1,""14"":10,""16"":3,""17"":17,""20"":2,""24"":1,""27"":4,""30"":1,""31"":2,""32"":1,""38"":6,""39"":3,""40"":1,""41"":3,""5"":3,""7"":13,""8"":22,""9"":35}",167,5.626062333900034,53,0.053,"{""10"":7,""12"":12,""13"":5,""14"":4,""15"":14,""17"":3,""18"":18,""19"":15,""3"":53,""4"":52,""5"":185,""6"":306,""7"":203,""8"":93,""9"":30}","{""10"":38,""11"":256,""12"":39,""13"":18,""14"":27,""15"":16,""16"":10,""17"":40,""18"":8,""19"":4,""20"":9,""21"":5,""23"":3,""24"":1,""27"":13,""28"":2,""3"":53,""30"":4,""31"":2,""32"":9,""33"":1,""34"":4,""38"":3,""39"":5,""4"":27,""41"":12,""42"":8,""43"":1,""44"":2,""5"":45,""51"":2,""53"":1,""54"":3,""55"":1,""6"":29,""7"":57,""8"":84,""9"":158}","{""Diagonal CMA-ES"":{""attempts"":298,""discoveries"":0,""improvements"":0,""insertions"":0,""insertion_rate"":0.0},""Immigrant"":{""attempts"":150,""discoveries"":0,""improvements"":0,""insertions"":0,""insertion_rate"":0.0},""Morphology"":{""attempts"":300,""discoveries"":0,""improvements"":1,""insertions"":1,""insertion_rate"":0.0033333333333333335},""Novelty"":{""attempts"":252,""discoveries"":0,""improvements"":0,""insertions"":0,""insertion_rate"":0.0}}","{""Morphology"":200,""Novelty"":28}",0,0.9073170731707317,false,42000
38,288,289000,15.01991875200001,0.08377725700000001,0.073483343,0.003149914,0.007144,17.364619281,50.342392,29.791107,5277.858511567116,189,0.984375,33,4.228003050065044,0,0.0,"{""11"":1,""12"":4,""13"":1,""14"":2,""15"":1,""17"":6,""18"":7,""4"":3,""5"":35,""6"":74,""7"":31,""8"":21,""9"":3}","{""10"":2,""11"":59,""13"":1,""14"":10,""16"":3,""17"":17,""20"":2,""24"":1,""27"":4,""30"":1,""31"":2,""32"":1,""38"":6,""39"":3,""40"":1,""41"":3,""5"":3,""7"":12,""8"":23,""9"":35}",153,5.524979441370318,50,0.05,"{""10"":7,""12"":11,""13"":8,""14"":3,""15"":9,""17"":2,""18"":11,""19"":14,""3"":50,""4"":65,""5"":164,""6"":295,""7"":205,""8"":125,""9"":31}","{""10"":39,""11"":237,""12"":39,""13"":14,""14"":31,""15"":14,""16"":15,""17"":77,""18"":10,""19"":3,""20"":11,""21"":5,""23"":3,""24"":1,""27"":13,""28"":3,""3"":50,""30"":5,""31"":3,""32"":6,""34"":2,""38"":2,""39"":2,""4"":38,""41"":11,""42"":5,""43"":2,""44"":4,""5"":46,""53"":1,""54"":1,""6"":17,""7"":55,""8"":81,""9"":154}","{""Diagonal CMA-ES"":{""attempts"":302,""discoveries"":0,""improvements"":0,""insertions"":0,""insertion_rate"":0.0},""Immigrant"":{""attempts"":145,""discoveries"":0,""improvements"":0,""insertions"":0,""insertion_rate"":0.0},""Morphology"":{""attempts"":310,""discoveries"":0,""improvements"":0,""insertions"":0,""insertion_rate"":0.0},""Novelty"":{""attempts"":243,""discoveries"":0,""improvements"":1,""insertions"":1,""insertion_rate"":0.00411522633744856}}","{""Morphology"":201,""Novelty"":25}",0,0.9073170731707317,false,43000
38,289,290000,15.089741642000009,0.06982289,0.059657204,0.003254397,0.006911289,17.443680571,50.342392,29.791107,5278.324610352516,189,0.984375,33,4.216449824882611,0,0.0,"{""11"":1,""12"":4,""13"":1,""14"":2,""15"":1,""17"":6,""18"":7,""4"":3,""5"":35,""6"":74,""7"":31,""8"":21,""9"":3}","{""10"":2,""11"":59,""13"":1,""14"":10,""16"":3,""17"":17,""20"":2,""24"":1,""27"":4,""30"":1,""31"":2,""32"":1,""38"":6,""39"":3,""40"":1,""41"":3,""5"":3,""7"":12,""8"":23,""9"":35}",158,5.526310099926025,48,0.048,"{""10"":11,""12"":13,""13"":7,""14"":2,""15"":12,""17"":2,""18"":7,""19"":6,""3"":48,""4"":66,""5"":179,""6"":292,""7"":193,""8"":122,""9"":40}","{""10"":29,""11"":255,""12"":46,""13"":19,""14"":34,""15"":11,""16"":11,""17"":60,""18"":12,""19"":3,""20"":14,""21"":6,""23"":11,""24"":2,""27"":14,""28"":1,""3"":48,""30"":6,""31"":2,""32"":10,""34"":2,""38"":2,""4"":38,""40"":1,""41"":6,""42"":3,""44"":3,""5"":51,""6"":23,""7"":51,""8"":87,""9"":139}","{""Diagonal CMA-ES"":{""attempts"":310,""discoveries"":0,""improvements"":0,""insertions"":0,""insertion_rate"":0.0},""Immigrant"":{""attempts"":154,""discoveries"":0,""improvements"":0,""insertions"":0,""insertion_rate"":0.0},""Morphology"":{""attempts"":275,""discoveries"":0,""improvements"":1,""insertions"":1,""insertion_rate"":0.0036363636363636364},""Novelty"":{""attempts"":261,""discoveries"":0,""improvements"":0,""insertions"":0,""insertion_rate"":0.0}}","{""Morphology"":186,""Novelty"":32}",0,0.9073170731707317,false,44000
38,290,291000,15.16749927400001,0.077757632,0.067024417,0.004211362,0.006521853,17.530814331,50.342392,30.006012,5283.1722189188,189,0.984375,33,4.216449824882611,0,0.0,"{""11"":1,""12"":4,""13"":1,""14"":2,""15"":1,""17"":6,""18"":7,""4"":3,""5"":35,""6"":74,""7"":31,""8"":21,""9"":3}","{""10"":2,""11"":59,""13"":1,""14"":10,""16"":3,""17"":17,""20"":2,""24"":1,""27"":4,""30"":1,""31"":2,""32"":1,""38"":6,""39"":3,""40"":1,""41"":3,""5"":3,""7"":12,""8"":23,""9"":35}",146,5.482443844736051,51,0.051,"{""10"":5,""12"":9,""13"":5,""14"":4,""15"":10,""17"":3,""18"":7,""19"":9,""3"":51,""4"":56,""5"":162,""6"":340,""7"":183,""8"":111,""9"":45}","{""10"":29,""11"":289,""12"":42,""13"":12,""14"":35,""15"":13,""16"":13,""17"":75,""18"":18,""20"":13,""21"":3,""23"":8,""24"":1,""27"":10,""3"":51,""30"":5,""31"":4,""32"":6,""34"":3,""38"":3,""39"":1,""4"":32,""41"":7,""42"":6,""44"":1,""5"":47,""53"":2,""6"":24,""7"":46,""8"":80,""9"":121}","{""Diagonal CMA-ES"":{""attempts"":309,""discoveries"":0,""improvements"":0,""insertions"":0,""insertion_rate"":0.0},""Immigrant"":{""attempts"":155,""discoveries"":0,""improvements"":0,""insertions"":0,""insertion_rate"":0.0},""Morphology"":{""attempts"":307,""discoveries"":0,""improvements"":2,""insertions"":2,""insertion_rate"":0.006514657980456026},""Novelty"":{""attempts"":229,""discoveries"":0,""improvements"":0,""insertions"":0,""insertion_rate"":0.0}}","{""Morphology"":193,""Novelty"":28}",0,0.9073170731707317,false,45000
38,291,292000,15.24206543600001,0.07456616199999999,0.064047849,0.003399247,0.007119066,17.613046906,50.342392,30.006012,5283.1722189188,189,0.984375,33,4.21644982488261,0,0.0,"{""11"":1,""12"":4,""13"":1,""14"":2,""15"":1,""17"":6,""18"":7,""4"":3,""5"":35,""6"":74,""7"":31,""8"":21,""9"":3}","{""10"":2,""11"":59,""13"":1,""14"":10,""16"":3,""17"":17,""20"":2,""24"":1,""27"":4,""30"":1,""31"":2,""32"":1,""38"":6,""39"":3,""40"":1,""41"":3,""5"":3,""7"":12,""8"":23,""9"":35}",151,5.542258946462991,43,0.043,"{""10"":5,""12"":9,""13"":6,""14"":5,""15"":9,""16"":1,""17"":4,""18"":7,""19"":6,""3"":43,""4"":50,""5"":167,""6"":318,""7"":190,""8"":150,""9"":30}","{""10"":34,""11"":268,""12"":48,""13"":14,""14"":25,""15"":14,""16"":11,""17"":102,""18"":16,""19"":1,""20"":12,""21"":4,""23"":3,""27"":10,""28"":1,""3"":43,""30"":6,""31"":5,""32"":8,""34"":1,""38"":4,""39"":2,""4"":23,""41"":5,""42"":3,""44"":4,""5"":46,""6"":29,""7"":41,""8"":88,""9"":129}","{""Diagonal CMA-ES"":{""attempts"":318,""discoveries"":0,""improvements"":0,""insertions"":0,""insertion_rate"":0.0},""Immigrant"":{""attempts"":137,""discoveries"":0,""improvements"":0,""insertions"":0,""insertion_rate"":0.0},""Morphology"":{""attempts"":307,""discoveries"":0,""improvements"":0,""insertions"":0,""insertion_rate"":0.0},""Novelty"":{""attempts"":238,""discoveries"":0,""improvements"":0,""insertions"":0,""insertion_rate"":0.0}}","{""Morphology"":194,""Novelty"":35}",0,0.9073170731707317,false,46000
38,292,293000,15.32021487700001,0.078149441,0.067388918,0.004366899,0.006393624,17.702812915,54.46575,30.006012,5295.9614988565445,189,0.984375,33,4.195073314820964,0,0.0,"{""11"":1,""12"":4,""13"":1,""14"":2,""15"":1,""17"":6,""18"":7,""4"":3,""5"":35,""6"":75,""7"":29,""8"":22,""9"":3}","{""10"":2,""11"":58,""13"":1,""14"":9,""16"":3,""17"":18,""20"":2,""24"":1,""27"":4,""30"":1,""31"":2,""32"":1,""38"":6,""39"":3,""40"":1,""41"":3,""5"":3,""7"":12,""8"":23,""9"":36}",155,5.584897088255497,44,0.044,"{""10"":8,""12"":12,""13"":7,""14"":2,""15"":12,""17"":5,""18"":13,""19"":11,""3"":44,""4"":69,""5"":184,""6"":297,""7"":196,""8"":110,""9"":30}","{""10"":40,""11"":246,""12"":39,""13"":12,""14"":30,""15"":9,""16"":12,""17"":58,""18"":15,""19"":2,""20"":11,""21"":5,""23"":4,""24"":1,""27"":13,""28"":2,""3"":44,""30"":6,""31"":2,""32"":7,""34"":3,""38"":5,""4"":29,""40"":2,""41"":13,""42"":6,""44"":3,""5"":61,""54"":1,""55"":1,""6"":23,""7"":52,""8"":95,""9"":148}","{""Diagonal CMA-ES"":{""attempts"":291,""discoveries"":0,""improvements"":0,""insertions"":0,""insertion_rate"":0.0},""Immigrant"":{""attempts"":152,""discoveries"":0,""improvements"":0,""insertions"":0,""insertion_rate"":0.0},""Morphology"":{""attempts"":297,""discoveries"":0,""improvements"":3,""insertions"":3,""insertion_rate"":0.010101010101010102},""Novelty"":{""attempts"":260,""discoveries"":0,""improvements"":0,""insertions"":0,""insertion_rate"":0.0}}","{""Morphology"":192,""Novelty"":27}",0,0.9073170731707317,true,47000
38,293,294000,15.39862315100001,0.078408274,0.067258315,0.003427743,0.007722216,17.792303471,54.46575,30.006012,5299.29175055027,189,0.984375,33,4.175750707786748,0,0.0,"{""11"":1,""12"":4,""13"":1,""14"":2,""15"":1,""17"":6,""18"":7,""4"":3,""5"":35,""6"":76,""7"":28,""8"":22,""9"":3}","{""10"":2,""11"":57,""13"":1,""14"":9,""16"":3,""17"":18,""20"":2,""24"":1,""27"":4,""30"":1,""31"":2,""32"":1,""38"":6,""39"":3,""40"":1,""41"":3,""5"":3,""7"":12,""8"":23,""9"":37}",167,5.734674308411858,54,0.054,"{""10"":3,""12"":10,""13"":6,""14"":6,""15"":16,""17"":1,""18"":7,""19"":13,""3"":54,""4"":69,""5"":176,""6"":284,""7"":204,""8"":109,""9"":42}","{""10"":39,""11"":222,""12"":44,""13"":17,""14"":31,""15"":17,""16"":11,""17"":60,""18"":17,""19"":3,""20"":9,""21"":2,""23"":8,""24"":2,""27"":10,""28"":1,""3"":54,""30"":5,""31"":5,""32"":9,""34"":4,""38"":1,""39"":1,""4"":35,""40"":2,""41"":7,""42"":9,""44"":4,""5"":51,""54"":1,""6"":25,""7"":51,""8"":93,""9"":150}","{""Diagonal CMA-ES"":{""attempts"":293,""discoveries"":0,""improvements"":0,""insertions"":0,""insertion_rate"":0.0},""Immigrant"":{""attempts"":166,""discoveries"":0,""improvements"":0,""insertions"":0,""insertion_rate"":0.0},""Morphology"":{""attempts"":305,""discoveries"":0,""improvements"":2,""insertions"":2,""insertion_rate"":0.006557377049180328},""Novelty"":{""attempts"":236,""discoveries"":0,""improvements"":0,""insertions"":0,""insertion_rate"":0.0}}","{""Morphology"":207,""Novelty"":41}",0,0.9073170731707317,false,1000
38,294,295000,15.479332416000009,0.08070926499999999,0.069193618,0.004142499,0.007373148,17.883912174,54.46575,30.006012,5305.060145020485,189,0.984375,33,4.163942991894361,0,0.0,"{""11"":1,""12"":4,""13"":1,""14"":2,""15"":1,""17"":6,""18"":7,""4"":3,""5"":35,""6"":76,""7"":28,""8"":22,""9"":3}","{""10"":2,""11"":58,""13"":1,""14"":9,""16"":3,""17"":18,""20"":2,""24"":1,""27"":4,""30"":1,""31"":2,""32"":1,""38"":6,""39"":3,""40"":1,""41"":3,""5"":3,""7"":12,""8"":23,""9"":36}",150,4.8297348845206045,56,0.056,"{""10"":3,""12"":4,""13"":4,""14"":6,""15"":9,""17"":2,""18"":13,""19"":15,""3"":56,""4"":64,""5"":114,""6"":175,""7"":120,""8"":375,""9"":40}","{""10"":20,""11"":116,""12"":40,""13"":11,""14"":14,""15"":10,""16"":12,""17"":345,""18"":20,""19"":1,""20"":13,""21"":6,""23"":3,""24"":2,""27"":5,""3"":56,""30"":4,""31"":6,""32"":4,""34"":4,""38"":2,""39"":3,""4"":42,""41"":9,""42"":11,""43"":1,""44"":2,""49"":1,""5"":40,""51"":1,""53"":1,""6"":25,""7"":31,""8"":46,""9"":93}","{""Diagonal CMA-ES"":{""attempts"":309,""discoveries"":0,""improvements"":0,""insertions"":0,""insertion_rate"":0.0},""Immigrant"":{""attempts"":169,""discoveries"":0,""improvements"":0,""insertions"":0,""insertion_rate"":0.0},""Morphology"":{""attempts"":298,""discoveries"":0,""improvements"":3,""insertions"":3,""insertion_rate"":0.010067114093959731},""Novelty"":{""attempts"":224,""discoveries"":0,""improvements"":0,""insertions"":0,""insertion_rate"":0.0}}","{""Morphology"":194,""Novelty"":28}",0,0.9073170731707317,false,2000
38,295,296000,15.550755788000009,0.07142337200000001,0.059796119,0.003356504,0.008270749,17.964345986,54.46575,30.006012,5305.060145020485,189,0.984375,33,4.163942991894362,0,0.0,"{""11"":1,""12"":4,""13"":1,""14"":2,""15"":1,""17"":6,""18"":7,""4"":3,""5"":35,""6"":76,""7"":28,""8"":22,""9"":3}","{""10"":2,""11"":58,""13"":1,""14"":9,""16"":3,""17"":18,""20"":2,""24"":1,""27"":4,""30"":1,""31"":2,""32"":1,""38"":6,""39"":3,""40"":1,""41"":3,""5"":3,""7"":12,""8"":23,""9"":36}",148,5.513996247972473,56,0.056,"{""10"":4,""12"":12,""13"":7,""14"":4,""15"":17,""17"":1,""18"":13,""19"":14,""3"":56,""4"":61,""5"":174,""6"":312,""7"":185,""8"":106,""9"":34}","{""10"":26,""11"":241,""12"":44,""13"":10,""14"":24,""15"":16,""16"":20,""17"":61,""18"":10,""19"":2,""20"":13,""21"":5,""23"":4,""24"":3,""27"":12,""28"":2,""3"":56,""30"":5,""31"":3,""32"":11,""34"":4,""38"":1,""39"":2,""4"":37,""40"":4,""41"":10,""42"":4,""43"":2,""44"":8,""5"":50,""6"":14,""7"":55,""8"":89,""9"":152}","{""Diagonal CMA-ES"":{""attempts"":315,""discoveries"":0,""improvements"":0,""insertions"":0,""insertion_rate"":0.0},""Immigrant"":{""attempts"":157,""discoveries"":0,""improvements"":0,""insertions"":0,""insertion_rate"":0.0},""Morphology"":{""attempts"":292,""discoveries"":0,""improvements"":0,""insertions"":0,""insertion_rate"":0.0},""Novelty"":{""attempts"":236,""discoveries"":0,""improvements"":0,""insertions"":0,""insertion_rate"":0.0}}","{""Morphology"":207,""Novelty"":25}",0,0.9073170731707317,false,3000
38,296,297000,15.631544604000009,0.080788816,0.069991486,0.003387374,0.007409956,18.054871869,54.46575,30.006012,5320.476200699806,189,0.984375,33,4.155952180892296,0,0.0,"{""11"":1,""12"":4,""13"":1,""14"":2,""15"":1,""17"":6,""18"":7,""4"":3,""5"":35,""6"":76,""7"":27,""8"":23,""9"":3}","{""10"":2,""11"":58,""13"":1,""14"":8,""16"":3,""17"":19,""20"":2,""24"":1,""27"":4,""30"":1,""31"":2,""32"":1,""38"":6,""39"":3,""40"":1,""41"":3,""5"":3,""7"":12,""8"":23,""9"":36}",151,5.530050570006923,49,0.049,"{""10"":2,""12"":11,""13"":7,""14"":5,""15"":15,""17"":3,""18"":10,""19"":10,""3"":49,""4"":51,""5"":182,""6"":299,""7"":203,""8"":110,""9"":43}","{""10"":32,""11"":237,""12"":56,""13"":14,""14"":39,""15"":7,""16"":12,""17"":68,""18"":12,""19"":1,""20"":20,""21"":3,""23"":4,""24"":1,""27"":12,""3"":49,""30"":7,""31"":4,""32"":10,""33"":1,""34"":4,""38"":3,""39"":2,""4"":26,""41"":8,""42"":2,""43"":1,""44"":4,""5"":52,""50"":1,""54"":1,""55"":2,""6"":18,""7"":53,""8"":91,""9"":143}","{""Diagonal CMA-ES"":{""attempts"":316,""discoveries"":0,""improvements"":0,""insertions"":0,""insertion_rate"":0.0},""Immigrant"":{""attempts"":144,""discoveries"":0,""improvements"":0,""insertions"":0,""insertion_rate"":0.0},""Morphology"":{""attempts"":297,""discoveries"":0,""improvements"":3,""insertions"":3,""insertion_rate"":0.010101010101010102},""Novelty"":{""attempts"":243,""discoveries"":0,""improvements"":0,""insertions"":0,""insertion_rate"":0.0}}","{""Morphology"":191,""Novelty"":31}",0,0.9073170731707317,false,4000
38,297,298000,15.705564607000008,0.074020003,0.064529894,0.002983691,0.006506418,18.137789518,54.46575,30.006012,5320.476200699806,189,0.984375,33,4.155952180892298,0,0.0,"{""11"":1,""12"":4,""13"":1,""14"":2,""15"":1,""17"":6,""18"":7,""4"":3,""5"":35,""6"":76,""7"":27,""8"":23,""9"":3}","{""10"":2,""11"":58,""13"":1,""14"":8,""16"":3,""17"":19,""20"":2,""24"":1,""27"":4,""30"":1,""31"":2,""32"":1,""38"":6,""39"":3,""40"":1,""41"":3,""5"":3,""7"":12,""8"":23,""9"":36}",152,5.528694291579819,40,0.04,"{""10"":2,""12"":12,""13"":6,""14"":9,""15"":13,""17"":7,""18"":12,""19"":8,""3"":40,""4"":61,""5"":166,""6"":285,""7"":212,""8"":138,""9"":29}","{""10"":29,""11"":217,""12"":38,""13"":10,""14"":74,""15"":10,""16"":16,""17"":90,""18"":14,""19"":6,""20"":8,""21"":3,""23"":3,""24"":1,""27"":12,""28"":2,""3"":40,""30"":4,""31"":8,""32"":10,""34"":2,""38"":7,""39"":5,""4"":31,""40"":1,""41"":7,""42"":6,""43"":1,""44"":1,""5"":50,""50"":1,""6"":23,""7"":48,""8"":85,""9"":137}","{""Diagonal CMA-ES"":{""attempts"":321,""discoveries"":0,""improvements"":0,""insertions"":0,""insertion_rate"":0.0},""Immigrant"":{""attempts"":135,""discoveries"":0,""improvements"":0,""insertions"":0,""insertion_rate"":0.0},""Morphology"":{""attempts"":286,""discoveries"":0,""improvements"":0,""insertions"":0,""insertion_rate"":0.0},""Novelty"":{""attempts"":258,""discoveries"":0,""improvements"":0,""insertions"":0,""insertion_rate"":0.0}}","{""Morphology"":167,""Novelty"":38}",0,0.9073170731707317,false,5000
38,298,299000,15.778341505000009,0.07277689799999999,0.061883397,0.003269831,0.00762367,18.219851122,54.46575,30.006012,5323.262447953224,189,0.984375,34,4.166534191474307,0,0.0,"{""11"":1,""12"":4,""13"":1,""14"":2,""15"":1,""17"":6,""18"":7,""4"":3,""5"":35,""6"":75,""7"":27,""8"":24,""9"":3}","{""10"":2,""11"":57,""13"":1,""14"":8,""16"":3,""17"":20,""20"":2,""24"":1,""27"":4,""30"":1,""31"":2,""32"":1,""38"":6,""39"":3,""40"":1,""41"":3,""5"":3,""7"":12,""8"":23,""9"":36}",143,5.508964372336334,45,0.045,"{""10"":2,""12"":11,""13"":7,""14"":4,""15"":14,""16"":1,""17"":3,""18"":13,""19"":8,""3"":45,""4"":63,""5"":178,""6"":298,""7"":202,""8"":117,""9"":34}","{""10"":26,""11"":239,""12"":42,""13"":14,""14"":51,""15"":20,""16"":11,""17"":64,""18"":14,""19"":1,""20"":12,""21"":2,""23"":2,""24"":2,""27"":11,""28"":2,""3"":45,""30"":6,""31"":4,""32"":11,""34"":3,""35"":1,""38"":3,""39"":4,""4"":34,""41"":9,""42"":4,""44"":4,""5"":52,""6"":29,""7"":49,""8"":77,""9"":152}","{""Diagonal CMA-ES"":{""attempts"":294,""discoveries"":0,""improvements"":0,""insertions"":0,""insertion_rate"":0.0},""Immigrant"":{""attempts"":155,""discoveries"":0,""improvements"":0,""insertions"":0,""insertion_rate"":0.0},""Morphology"":{""attempts"":282,""discoveries"":0,""improvements"":1,""insertions"":1,""insertion_rate"":0.0035460992907801418},""Novelty"":{""attempts"":269,""discoveries"":0,""improvements"":0,""insertions"":0,""insertion_rate"":0.0}}","{""Morphology"":191,""Novelty"":32}",1,0.9073170731707317,false,6000
38,299,300000,15.853451452000009,0.07510994700000001,0.066497254,0.002460091,0.006152602,18.303407539,54.46575,30.006012,5325.211540699005,189,0.984375,34,4.166534191474307,0,0.0,"{""11"":1,""12"":4,""13"":1,""14"":2,""15"":1,""17"":6,""18"":7,""4"":3,""5"":35,""6"":75,""7"":27,""8"":24,""9"":3}","{""10"":2,""11"":57,""13"":1,""14"":8,""16"":3,""17"":20,""20"":2,""24"":1,""27"":4,""30"":1,""31"":2,""32"":1,""38"":6,""39"":3,""40"":1,""41"":3,""5"":3,""7"":12,""8"":23,""9"":36}",155,5.5820915283295225,43,0.043,"{""10"":2,""12"":10,""13"":8,""14"":7,""15"":9,""17"":3,""18"":9,""19"":11,""3"":43,""4"":57,""5"":172,""6"":300,""7"":215,""8"":115,""9"":39}","{""10"":41,""11"":222,""12"":37,""13"":15,""14"":63,""15"":14,""16"":10,""17"":72,""18"":17,""20"":12,""21"":1,""22"":1,""23"":6,""27"":10,""28"":2,""3"":43,""30"":6,""31"":7,""32"":8,""34"":1,""38"":3,""39"":2,""4"":32,""41"":7,""42"":5,""43"":1,""44"":4,""5"":47,""54"":1,""6"":17,""7"":48,""8"":101,""9"":144}","{""Diagonal CMA-ES"":{""attempts"":295,""discoveries"":0,""improvements"":0,""insertions"":0,""insertion_rate"":0.0},""Immigrant"":{""attempts"":134,""discoveries"":0,""improvements"":0,""insertions"":0,""insertion_rate"":0.0},""Morphology"":{""attempts"":318,""discoveries"":0,""improvements"":2,""insertions"":2,""insertion_rate"":0.006289308176100629},""Novelty"":{""attempts"":253,""discoveries"":0,""improvements"":1,""insertions"":1,""insertion_rate"":0.003952569169960474}}","{""Morphology"":191,""Novelty"":28}",0,0.9073170731707317,false,7000
