seed,generation,evaluations,search_wall_seconds,generation_search_seconds,gpu_evaluation_seconds,archive_seconds,offspring_seconds,benchmark_wall_seconds,best_distance_m,median_elite_distance_m,qd_score,archive_cells,archive_coverage,archive_unique_topologies,archive_topology_entropy_bits,archive_triangle_like_count,archive_triangle_like_fraction,archive_node_counts_json,archive_muscle_counts_json,population_unique_topologies,population_topology_entropy_bits,population_triangle_like_count,population_triangle_like_fraction,population_node_counts_json,population_muscle_counts_json,emitter_statistics_json,topology_change_candidates_json,archived_innovations_this_generation,innovation_survival_3gen_fraction,new_all_time_record,evaluations_since_previous_record
39,0,1000,0.011092968000000002,0.011092968000000002,0.007717467,0.000137727,0.003237774,0.013471135,0.4237845,0.058044266,1.3445206669857726,10,0.052083332,7,2.6464393446710157,3,0.3,"{""3"":3,""4"":4,""5"":3}","{""3"":3,""4"":1,""5"":3,""6"":2,""7"":1}",25,3.0439205039775934,325,0.325,"{""3"":325,""4"":330,""5"":345}","{""3"":325,""4"":216,""5"":264,""6"":141,""7"":48,""8"":6}","{""Initial population"":{""attempts"":1000,""discoveries"":10,""improvements"":21,""insertions"":31,""insertion_rate"":0.031}}",{},0,0.0,true,1000
39,1,2000,0.024419252000000002,0.013326284,0.009044871,0.001271601,0.003009812,0.031877887,9.507483,0.1579772,54.473241249332204,69,0.359375,8,1.9971793571771035,34,0.4927536231884058,"{""3"":34,""4"":18,""5"":17}","{""3"":34,""5"":18,""6"":16,""7"":1}",39,3.156057375508078,403,0.403,"{""3"":403,""4"":373,""5"":185,""6"":39}","{""10"":1,""3"":403,""4"":81,""5"":304,""6"":118,""7"":58,""8"":26,""9"":9}","{""Diagonal CMA-ES"":{""attempts"":345,""discoveries"":59,""improvements"":36,""insertions"":95,""insertion_rate"":0.2753623188405797},""Immigrant"":{""attempts"":61,""discoveries"":0,""improvements"":0,""insertions"":0,""insertion_rate"":0.0},""Morphology"":{""attempts"":305,""discoveries"":0,""improvements"":7,""insertions"":7,""insertion_rate"":0.022950819672131147},""Novelty"":{""attempts"":289,""discoveries"":0,""improvements"":11,""insertions"":11,""insertion_rate"":0.03806228373702422}}","{""Morphology"":210,""Novelty"":33}",4,0.0,true,1000
39,2,3000,0.038735746,0.014316493999999999,0.009444992,0.001602858,0.003268644,0.050941217,58.10397,0.53145856,262.4346649632789,119,0.6197917,14,2.596163790825823,53,0.44537815126050423,"{""3"":53,""4"":43,""5"":23}","{""3"":53,""4"":6,""5"":37,""6"":15,""7"":7,""8"":1}",44,3.3358397251759655,406,0.406,"{""3"":406,""4"":336,""5"":223,""6"":35}","{""3"":406,""4"":106,""5"":255,""6"":152,""7"":51,""8"":22,""9"":8}","{""Diagonal CMA-ES"":{""attempts"":320,""discoveries"":27,""improvements"":31,""insertions"":58,""insertion_rate"":0.18125},""Immigrant"":{""attempts"":146,""discoveries"":0,""improvements"":0,""insertions"":0,""insertion_rate"":0.0},""Morphology"":{""attempts"":295,""discoveries"":12,""improvements"":18,""insertions"":30,""insertion_rate"":0.1016949152542373},""Novelty"":{""attempts"":239,""discoveries"":11,""improvements"":11,""insertions"":22,""insertion_rate"":0.09205020920502092}}","{""Morphology"":196,""Novelty"":34}",6,0.0,true,1000
39,3,4000,0.051684469000000004,0.012948723,0.007990547,0.001766706,0.00319147,0.068085866,58.10397,0.8469628,406.4246513727121,142,0.7395833,15,2.823811470046092,63,0.44366197183098594,"{""3"":63,""4"":55,""5"":24}","{""3"":63,""4"":16,""5"":39,""6"":13,""7"":10,""8"":1}",61,3.428534137268925,430,0.43,"{""3"":430,""4"":355,""5"":186,""6"":29}","{""3"":430,""4"":121,""5"":258,""6"":103,""7"":60,""8"":20,""9"":8}","{""Diagonal CMA-ES"":{""attempts"":336,""discoveries"":12,""improvements"":21,""insertions"":33,""insertion_rate"":0.09821428571428571},""Immigrant"":{""attempts"":128,""discoveries"":0,""improvements"":0,""insertions"":0,""insertion_rate"":0.0},""Morphology"":{""attempts"":303,""discoveries"":3,""improvements"":21,""insertions"":24,""insertion_rate"":0.07920792079207921},""Novelty"":{""attempts"":233,""discoveries"":8,""improvements"":15,""insertions"":23,""insertion_rate"":0.09871244635193133}}","{""Morphology"":186,""Novelty"":30}",1,0.0,false,1000
39,4,5000,0.06641295800000001,0.014728488999999999,0.009059118,0.002449406,0.003219965,0.087263176,58.10397,2.28726,542.165616040118,147,0.765625,17,2.897737378258341,65,0.4421768707482993,"{""3"":65,""4"":58,""5"":23,""6"":1}","{""3"":65,""4"":20,""5"":39,""6"":13,""7"":8,""8"":1,""9"":1}",74,3.7640812418102185,373,0.373,"{""3"":373,""4"":388,""5"":204,""6"":35}","{""11"":3,""3"":373,""4"":158,""5"":261,""6"":108,""7"":62,""8"":23,""9"":12}","{""Diagonal CMA-ES"":{""attempts"":303,""discoveries"":4,""improvements"":17,""insertions"":21,""insertion_rate"":0.06930693069306931},""Immigrant"":{""attempts"":141,""discoveries"":0,""improvements"":0,""insertions"":0,""insertion_rate"":0.0},""Morphology"":{""attempts"":287,""discoveries"":0,""improvements"":20,""insertions"":20,""insertion_rate"":0.06968641114982578},""Novelty"":{""attempts"":269,""discoveries"":1,""improvements"":19,""insertions"":20,""insertion_rate"":0.07434944237918216}}","{""Morphology"":204,""Novelty"":38}",4,0.75,false,2000
39,5,6000,0.08134091300000001,0.014927955,0.009936535,0.0019543,0.00303712,0.106325319,58.10397,3.0240283,649.7454057838768,154,0.8020833,21,3.1000367844950025,67,0.43506493506493504,"{""3"":67,""4"":59,""5"":25,""6"":3}","{""11"":1,""3"":67,""4"":22,""5"":38,""6"":13,""7"":8,""8"":3,""9"":2}",70,3.8391410134094643,358,0.358,"{""3"":358,""4"":381,""5"":226,""6"":34,""7"":1}","{""11"":5,""14"":1,""3"":358,""4"":149,""5"":274,""6"":123,""7"":58,""8"":24,""9"":8}","{""Diagonal CMA-ES"":{""attempts"":298,""discoveries"":3,""improvements"":11,""insertions"":14,""insertion_rate"":0.04697986577181208},""Immigrant"":{""attempts"":146,""discoveries"":0,""improvements"":0,""insertions"":0,""insertion_rate"":0.0},""Morphology"":{""attempts"":310,""discoveries"":2,""improvements"":21,""insertions"":23,""insertion_rate"":0.07419354838709677},""Novelty"":{""attempts"":246,""discoveries"":2,""improvements"":11,""insertions"":13,""insertion_rate"":0.052845528455284556}}","{""Morphology"":202,""Novelty"":27}",4,0.9,false,3000
39,6,7000,0.09594710800000002,0.014606194999999999,0.008605569,0.002346109,0.003654517,0.126413291,58.10397,3.432623,718.9670096486807,155,0.8072917,22,3.1927958951157525,66,0.4258064516129032,"{""3"":66,""4"":58,""5"":28,""6"":3}","{""11"":1,""3"":66,""4"":21,""5"":39,""6"":13,""7"":8,""8"":5,""9"":2}",71,3.8455273858276238,371,0.371,"{""3"":371,""4"":388,""5"":198,""6"":40,""7"":3}","{""10"":1,""11"":7,""3"":371,""4"":186,""5"":239,""6"":94,""7"":40,""8"":46,""9"":16}","{""Diagonal CMA-ES"":{""attempts"":293,""discoveries"":0,""improvements"":10,""insertions"":10,""insertion_rate"":0.034129692832764506},""Immigrant"":{""attempts"":137,""discoveries"":0,""improvements"":0,""insertions"":0,""insertion_rate"":0.0},""Morphology"":{""attempts"":289,""discoveries"":0,""improvements"":16,""insertions"":16,""insertion_rate"":0.05536332179930796},""Novelty"":{""attempts"":281,""discoveries"":1,""improvements"":14,""insertions"":15,""insertion_rate"":0.05338078291814947}}","{""Morphology"":189,""Novelty"":28}",1,0.9090909090909091,false,4000
39,7,8000,0.11312500100000002,0.017177893,0.012102175,0.002232128,0.00284359,0.147552026,58.10397,3.8903189,818.7645147526637,157,0.8177083,23,3.31423581260307,63,0.4012738853503185,"{""3"":63,""4"":62,""5"":29,""6"":3}","{""11"":1,""3"":63,""4"":21,""5"":43,""6"":14,""7"":7,""8"":6,""9"":2}",72,3.767039154872302,379,0.379,"{""3"":379,""4"":389,""5"":208,""6"":24}","{""11"":1,""12"":1,""3"":379,""4"":168,""5"":265,""6"":95,""7"":49,""8"":37,""9"":5}","{""Diagonal CMA-ES"":{""attempts"":329,""discoveries"":1,""improvements"":8,""insertions"":9,""insertion_rate"":0.02735562310030395},""Immigrant"":{""attempts"":146,""discoveries"":0,""improvements"":0,""insertions"":0,""insertion_rate"":0.0},""Morphology"":{""attempts"":292,""discoveries"":1,""improvements"":10,""insertions"":11,""insertion_rate"":0.03767123287671233},""Novelty"":{""attempts"":233,""discoveries"":0,""improvements"":7,""insertions"":7,""insertion_rate"":0.030042918454935622}}","{""Morphology"":202,""Novelty"":29}",1,0.9333333333333333,false,5000
39,8,9000,0.12770032800000003,0.014575326999999999,0.010799704,0.001498376,0.002277247,0.165172783,58.10397,4.6513433,942.3859485918656,159,0.828125,26,3.3888586535925684,63,0.39622641509433965,"{""3"":63,""4"":64,""5"":27,""6"":5}","{""11"":1,""3"":63,""4"":21,""5"":45,""6"":16,""7"":6,""8"":5,""9"":2}",86,3.988052814751686,361,0.361,"{""3"":361,""4"":392,""5"":211,""6"":36}","{""11"":3,""3"":361,""4"":158,""5"":281,""6"":101,""7"":47,""8"":36,""9"":13}","{""Diagonal CMA-ES"":{""attempts"":295,""discoveries"":1,""improvements"":9,""insertions"":10,""insertion_rate"":0.03389830508474576},""Immigrant"":{""attempts"":152,""discoveries"":0,""improvements"":0,""insertions"":0,""insertion_rate"":0.0},""Morphology"":{""attempts"":291,""discoveries"":0,""improvements"":13,""insertions"":13,""insertion_rate"":0.044673539518900345},""Novelty"":{""attempts"":262,""discoveries"":1,""improvements"":12,""insertions"":13,""insertion_rate"":0.04961832061068702}}","{""Morphology"":195,""Novelty"":35}",5,0.8947368421052632,false,6000
39,9,10000,0.14249293000000002,0.014792602,0.008788413,0.002099151,0.003905038,0.184519878,58.10397,5.14607,1038.6871564770117,162,0.84375,26,3.3388414654053644,65,0.4012345679012346,"{""3"":65,""4"":66,""5"":26,""6"":5}","{""11"":1,""3"":65,""4"":16,""5"":51,""6"":17,""7"":4,""8"":6,""9"":2}",77,3.8913694017684635,350,0.35,"{""3"":350,""4"":432,""5"":190,""6"":27,""7"":1}","{""10"":1,""11"":1,""3"":350,""4"":149,""5"":318,""6"":92,""7"":55,""8"":25,""9"":9}","{""Diagonal CMA-ES"":{""attempts"":319,""discoveries"":2,""improvements"":4,""insertions"":6,""insertion_rate"":0.018808777429467086},""Immigrant"":{""attempts"":131,""discoveries"":0,""improvements"":0,""insertions"":0,""insertion_rate"":0.0},""Morphology"":{""attempts"":301,""discoveries"":1,""improvements"":16,""insertions"":17,""insertion_rate"":0.05647840531561462},""Novelty"":{""attempts"":249,""discoveries"":0,""improvements"":8,""insertions"":8,""insertion_rate"":0.0321285140562249}}","{""Morphology"":183,""Novelty"":36}",0,0.9,false,7000
39,10,11000,0.15643779900000002,0.013944869000000002,0.008670871,0.002181075,0.003092923,0.202258178,58.10397,5.793755,1178.8935192720965,163,0.8489583,28,3.3759003190628896,68,0.4171779141104294,"{""3"":68,""4"":58,""5"":30,""6"":7}","{""11"":1,""3"":68,""4"":12,""5"":47,""6"":18,""7"":5,""8"":10,""9"":2}",77,3.916003395849444,366,0.366,"{""3"":366,""4"":406,""5"":185,""6"":41,""7"":2}","{""10"":1,""11"":7,""3"":366,""4"":142,""5"":287,""6"":89,""7"":49,""8"":42,""9"":17}","{""Diagonal CMA-ES"":{""attempts"":312,""discoveries"":1,""improvements"":5,""insertions"":6,""insertion_rate"":0.019230769230769232},""Immigrant"":{""attempts"":128,""discoveries"":0,""improvements"":0,""insertions"":0,""insertion_rate"":0.0},""Morphology"":{""attempts"":313,""discoveries"":0,""improvements"":21,""insertions"":21,""insertion_rate"":0.0670926517571885},""Novelty"":{""attempts"":247,""discoveries"":0,""improvements"":5,""insertions"":5,""insertion_rate"":0.020242914979757085}}","{""Morphology"":209,""Novelty"":25}",3,0.9047619047619048,false,8000
39,11,12000,0.17362400300000003,0.017186204,0.012714823,0.002483837,0.001987544,0.2246044,58.10397,6.52151,1275.6810082392767,165,0.859375,25,3.2949182764258174,68,0.4121212121212121,"{""3"":68,""4"":64,""5"":25,""6"":8}","{""11"":1,""3"":68,""4"":15,""5"":49,""6"":18,""7"":4,""8"":7,""9"":3}",70,4.033335253647039,318,0.318,"{""3"":318,""4"":421,""5"":223,""6"":35,""7"":3}","{""10"":1,""11"":4,""12"":1,""3"":318,""4"":150,""5"":298,""6"":123,""7"":35,""8"":60,""9"":10}","{""Diagonal CMA-ES"":{""attempts"":291,""discoveries"":2,""improvements"":1,""insertions"":3,""insertion_rate"":0.010309278350515464},""Immigrant"":{""attempts"":149,""discoveries"":0,""improvements"":0,""insertions"":0,""insertion_rate"":0.0},""Morphology"":{""attempts"":313,""discoveries"":0,""improvements"":17,""insertions"":17,""insertion_rate"":0.054313099041533544},""Novelty"":{""attempts"":247,""discoveries"":0,""improvements"":5,""insertions"":5,""insertion_rate"":0.020242914979757085}}","{""Morphology"":198,""Novelty"":24}",1,0.8461538461538461,false,9000
39,12,13000,0.18850684100000004,0.014882838,0.009706198,0.002255875,0.002920765,0.243703349,58.10397,6.713201,1315.1608047382906,166,0.8645833,25,3.211646295493816,72,0.43373493975903615,"{""3"":72,""4"":64,""5"":23,""6"":7}","{""11"":1,""3"":72,""4"":16,""5"":48,""6"":16,""7"":4,""8"":7,""9"":2}",79,3.940584547584622,361,0.361,"{""3"":361,""4"":381,""5"":204,""6"":52,""7"":2}","{""10"":1,""11"":3,""12"":1,""3"":361,""4"":146,""5"":262,""6"":127,""7"":55,""8"":37,""9"":7}","{""Diagonal CMA-ES"":{""attempts"":282,""discoveries"":1,""improvements"":2,""insertions"":3,""insertion_rate"":0.010638297872340425},""Immigrant"":{""attempts"":161,""discoveries"":0,""improvements"":0,""insertions"":0,""insertion_rate"":0.0},""Morphology"":{""attempts"":314,""discoveries"":0,""improvements"":12,""insertions"":12,""insertion_rate"":0.03821656050955414},""Novelty"":{""attempts"":243,""discoveries"":0,""improvements"":3,""insertions"":3,""insertion_rate"":0.012345679012345678}}","{""Morphology"":196,""Novelty"":25}",0,0.8461538461538461,false,10000
39,13,14000,0.20347279000000004,0.014965949,0.009626649,0.002380542,0.002958758,0.26286285,58.10397,8.17536,1457.5211709635332,170,0.8854167,24,3.1607947013537663,75,0.4411764705882353,"{""3"":75,""4"":64,""5"":26,""6"":5}","{""3"":75,""4"":15,""5"":49,""6"":16,""7"":5,""8"":8,""9"":2}",71,3.8386672515820774,376,0.376,"{""3"":376,""4"":396,""5"":179,""6"":45,""7"":4}","{""10"":1,""11"":2,""14"":1,""3"":376,""4"":150,""5"":272,""6"":94,""7"":48,""8"":41,""9"":15}","{""Diagonal CMA-ES"":{""attempts"":259,""discoveries"":1,""improvements"":5,""insertions"":6,""insertion_rate"":0.023166023166023165},""Immigrant"":{""attempts"":165,""discoveries"":0,""improvements"":0,""insertions"":0,""insertion_rate"":0.0},""Morphology"":{""attempts"":295,""discoveries"":2,""improvements"":17,""insertions"":19,""insertion_rate"":0.06440677966101695},""Novelty"":{""attempts"":281,""discoveries"":1,""improvements"":7,""insertions"":8,""insertion_rate"":0.028469750889679714}}","{""Morphology"":211,""Novelty"":27}",2,0.8275862068965517,false,11000
39,14,15000,0.21785933600000004,0.014386546,0.009038935,0.00243397,0.002913641,0.281509437,58.10397,8.52975,1579.2901497678831,172,0.8958333,22,3.169677433453874,72,0.4186046511627907,"{""3"":72,""4"":64,""5"":34,""6"":2}","{""3"":72,""4"":14,""5"":50,""6"":20,""7"":6,""8"":9,""9"":1}",65,3.662694137328258,367,0.367,"{""3"":367,""4"":429,""5"":172,""6"":32}","{""12"":3,""3"":367,""4"":133,""5"":315,""6"":99,""7"":44,""8"":35,""9"":4}","{""Diagonal CMA-ES"":{""attempts"":296,""discoveries"":1,""improvements"":4,""insertions"":5,""insertion_rate"":0.016891891891891893},""Immigrant"":{""attempts"":146,""discoveries"":0,""improvements"":0,""insertions"":0,""insertion_rate"":0.0},""Morphology"":{""attempts"":312,""discoveries"":1,""improvements"":23,""insertions"":24,""insertion_rate"":0.07692307692307693},""Novelty"":{""attempts"":246,""discoveries"":0,""improvements"":5,""insertions"":5,""insertion_rate"":0.02032520325203252}}","{""Morphology"":214,""Novelty"":21}",0,0.8333333333333334,false,12000
39,15,16000,0.23017047800000004,0.012311141999999999,0.008435785,0.001371335,0.002504022,0.296286604,58.10397,8.823856,1696.373918760568,172,0.8958333,21,3.0976612404409183,74,0.43023255813953487,"{""3"":74,""4"":61,""5"":34,""6"":3}","{""3"":74,""4"":11,""5"":50,""6"":20,""7"":8,""8"":9}",76,3.8684893191714265,363,0.363,"{""3"":363,""4"":362,""5"":237,""6"":38}","{""11"":5,""12"":1,""3"":363,""4"":120,""5"":271,""6"":141,""7"":45,""8"":43,""9"":11}","{""Diagonal CMA-ES"":{""attempts"":302,""discoveries"":0,""improvements"":5,""insertions"":5,""insertion_rate"":0.016556291390728478},""Immigrant"":{""attempts"":155,""discoveries"":0,""improvements"":0,""insertions"":0,""insertion_rate"":0.0},""Morphology"":{""attempts"":283,""discoveries"":0,""improvements"":14,""insertions"":14,""insertion_rate"":0.04946996466431095},""Novelty"":{""attempts"":260,""discoveries"":0,""improvements"":3,""insertions"":3,""insertion_rate"":0.011538461538461539}}","{""Morphology"":183,""Novelty"":31}",1,0.8333333333333334,false,13000
39,16,17000,0.24391944100000004,0.013748963000000001,0.008098591,0.002610878,0.003039494,0.314537819,58.10397,9.220915,1819.902520287782,172,0.8958333,23,3.126541060472825,77,0.4476744186046512,"{""3"":77,""4"":56,""5"":36,""6"":3}","{""3"":77,""4"":12,""5"":44,""6"":21,""7"":9,""8"":9}",66,3.916846847269285,355,0.355,"{""3"":355,""4"":357,""5"":240,""6"":46,""7"":2}","{""10"":1,""11"":4,""3"":355,""4"":129,""5"":249,""6"":129,""7"":72,""8"":49,""9"":12}","{""Diagonal CMA-ES"":{""attempts"":297,""discoveries"":0,""improvements"":3,""insertions"":3,""insertion_rate"":0.010101010101010102},""Immigrant"":{""attempts"":142,""discoveries"":0,""improvements"":0,""insertions"":0,""insertion_rate"":0.0},""Morphology"":{""attempts"":321,""discoveries"":0,""improvements"":18,""insertions"":18,""insertion_rate"":0.056074766355140186},""Novelty"":{""attempts"":240,""discoveries"":0,""improvements"":5,""insertions"":5,""insertion_rate"":0.020833333333333332}}","{""Morphology"":210,""Novelty"":36}",2,0.84375,false,14000
39,17,18000,0.25684797700000006,0.012928536000000001,0.008360984,0.001387956,0.003179596,0.330574715,58.10397,9.40056,1899.506136648357,173,0.9010417,25,3.1253042932517414,78,0.4508670520231214,"{""3"":78,""4"":56,""5"":34,""6"":5}","{""11"":1,""3"":78,""4"":11,""5"":45,""6"":20,""7"":9,""8"":9}",73,3.901801118732113,358,0.358,"{""3"":358,""4"":373,""5"":225,""6"":42,""7"":2}","{""11"":3,""3"":358,""4"":137,""5"":263,""6"":120,""7"":62,""8"":51,""9"":6}","{""Diagonal CMA-ES"":{""attempts"":280,""discoveries"":0,""improvements"":5,""insertions"":5,""insertion_rate"":0.017857142857142856},""Immigrant"":{""attempts"":165,""discoveries"":0,""improvements"":0,""insertions"":0,""insertion_rate"":0.0},""Morphology"":{""attempts"":329,""discoveries"":0,""improvements"":14,""insertions"":14,""insertion_rate"":0.0425531914893617},""Novelty"":{""attempts"":226,""discoveries"":1,""improvements"":1,""insertions"":2,""insertion_rate"":0.008849557522123894}}","{""Morphology"":218,""Novelty"":33}",2,0.84375,false,15000
39,18,19000,0.27476437200000003,0.017916394999999998,0.012767064,0.001674097,0.003475234,0.35354427,58.10397,9.501446,2013.0334455445409,176,0.9166667,26,3.2046233029100937,76,0.4318181818181818,"{""3"":76,""4"":56,""5"":39,""6"":5}","{""11"":2,""3"":76,""4"":12,""5"":44,""6"":22,""7"":9,""8"":11}",82,3.825518589882222,383,0.383,"{""3"":383,""4"":355,""5"":207,""6"":48,""7"":7}","{""11"":11,""12"":4,""16"":1,""3"":383,""4"":125,""5"":248,""6"":76,""7"":48,""8"":91,""9"":13}","{""Diagonal CMA-ES"":{""attempts"":302,""discoveries"":0,""improvements"":3,""insertions"":3,""insertion_rate"":0.009933774834437087},""Immigrant"":{""attempts"":135,""discoveries"":0,""improvements"":0,""insertions"":0,""insertion_rate"":0.0},""Morphology"":{""attempts"":297,""discoveries"":1,""improvements"":17,""insertions"":18,""insertion_rate"":0.06060606060606061},""Novelty"":{""attempts"":266,""discoveries"":2,""improvements"":3,""insertions"":5,""insertion_rate"":0.018796992481203006}}","{""Morphology"":180,""Novelty"":35}",2,0.8484848484848485,false,16000
39,19,20000,0.29215835500000004,0.017393983,0.011415914,0.002640561,0.003337508,0.375923736,58.10397,10.117276,2171.5826385840774,176,0.9166667,28,3.1738900260904908,80,0.45454545454545453,"{""3"":80,""4"":53,""5"":33,""6"":10}","{""11"":5,""3"":80,""4"":11,""5"":42,""6"":17,""7"":11,""8"":10}",88,3.9327190504996596,361,0.361,"{""3"":361,""4"":346,""5"":182,""6"":95,""7"":16}","{""10"":3,""11"":51,""12"":9,""14"":1,""3"":361,""4"":122,""5"":240,""6"":94,""7"":70,""8"":42,""9"":7}","{""Diagonal CMA-ES"":{""attempts"":274,""discoveries"":0,""improvements"":6,""insertions"":6,""insertion_rate"":0.021897810218978103},""Immigrant"":{""attempts"":143,""discoveries"":0,""improvements"":0,""insertions"":0,""insertion_rate"":0.0},""Morphology"":{""attempts"":329,""discoveries"":0,""improvements"":19,""insertions"":19,""insertion_rate"":0.057750759878419454},""Novelty"":{""attempts"":254,""discoveries"":0,""improvements"":4,""insertions"":4,""insertion_rate"":0.015748031496062992}}","{""Morphology"":220,""Novelty"":39}",3,0.8571428571428571,false,17000
39,20,21000,0.31173459900000006,0.019576244,0.01381664,0.002613253,0.003146351,0.400302619,58.10397,10.9079275,2248.2199235782027,176,0.9166667,30,3.2891190624461175,76,0.4318181818181818,"{""3"":76,""4"":55,""5"":34,""6"":10,""7"":1}","{""11"":5,""15"":1,""3"":76,""4"":11,""5"":44,""6"":18,""7"":11,""8"":10}",74,3.865597130759753,386,0.386,"{""3"":386,""4"":345,""5"":186,""6"":70,""7"":13}","{""10"":1,""11"":34,""12"":3,""14"":2,""15"":2,""3"":386,""4"":139,""5"":232,""6"":98,""7"":46,""8"":45,""9"":12}","{""Diagonal CMA-ES"":{""attempts"":315,""discoveries"":0,""improvements"":1,""insertions"":1,""insertion_rate"":0.0031746031746031746},""Immigrant"":{""attempts"":167,""discoveries"":0,""improvements"":0,""insertions"":0,""insertion_rate"":0.0},""Morphology"":{""attempts"":268,""discoveries"":0,""improvements"":10,""insertions"":10,""insertion_rate"":0.03731343283582089},""Novelty"":{""attempts"":250,""discoveries"":0,""improvements"":5,""insertions"":5,""insertion_rate"":0.02}}","{""Morphology"":173,""Novelty"":25}",2,0.8648648648648649,false,18000
39,21,22000,0.32989914100000006,0.018164542,0.011744797,0.003343444,0.003076301,0.423354098,58.10397,11.07178,2381.515970312059,178,0.9270833,31,3.2380761466158385,79,0.4438202247191011,"{""3"":79,""4"":54,""5"":35,""6"":9,""7"":1}","{""11"":4,""15"":1,""3"":79,""4"":10,""5"":44,""6"":21,""7"":11,""8"":8}",82,4.04124349472511,360,0.36,"{""3"":360,""4"":343,""5"":204,""6"":81,""7"":12}","{""10"":1,""11"":31,""12"":4,""14"":3,""15"":1,""3"":360,""4"":123,""5"":253,""6"":110,""7"":59,""8"":43,""9"":12}","{""Diagonal CMA-ES"":{""attempts"":295,""discoveries"":0,""improvements"":3,""insertions"":3,""insertion_rate"":0.010169491525423728},""Immigrant"":{""attempts"":129,""discoveries"":0,""improvements"":0,""insertions"":0,""insertion_rate"":0.0},""Morphology"":{""attempts"":338,""discoveries"":1,""improvements"":9,""insertions"":10,""insertion_rate"":0.029585798816568046},""Novelty"":{""attempts"":238,""discoveries"":1,""improvements"":3,""insertions"":4,""insertion_rate"":0.01680672268907563}}","{""Morphology"":234,""Novelty"":25}",1,0.8717948717948718,false,19000
39,22,23000,0.3458279920000001,0.015928851,0.010068325,0.002667869,0.003192657,0.443884934,58.10397,11.372045,2590.668278336525,178,0.9270833,32,3.2990432045811695,80,0.449438202247191,"{""3"":80,""4"":51,""5"":35,""6"":11,""7"":1}","{""11"":5,""15"":1,""3"":80,""4"":9,""5"":42,""6"":20,""7"":11,""8"":10}",82,3.6971652994260844,435,0.435,"{""3"":435,""4"":313,""5"":175,""6"":69,""7"":8}","{""11"":18,""12"":2,""14"":2,""15"":2,""3"":435,""4"":114,""5"":224,""6"":103,""7"":57,""8"":33,""9"":10}","{""Diagonal CMA-ES"":{""attempts"":309,""discoveries"":0,""improvements"":1,""insertions"":1,""insertion_rate"":0.003236245954692557},""Immigrant"":{""attempts"":149,""discoveries"":0,""improvements"":0,""insertions"":0,""insertion_rate"":0.0},""Morphology"":{""attempts"":305,""discoveries"":0,""improvements"":19,""insertions"":19,""insertion_rate"":0.06229508196721312},""Novelty"":{""attempts"":237,""discoveries"":0,""improvements"":6,""insertions"":6,""insertion_rate"":0.02531645569620253}}","{""Morphology"":207,""Novelty"":30}",4,0.8571428571428571,false,20000
39,23,24000,0.3641563830000001,0.018328391,0.011827908,0.00261919,0.003881293,0.46731635,58.10397,11.798146,2715.511422395706,178,0.9270833,31,3.2526172066129733,81,0.4550561797752809,"{""3"":81,""4"":52,""5"":34,""6"":10,""7"":1}","{""11"":4,""15"":1,""3"":81,""4"":9,""5"":43,""6"":19,""7"":10,""8"":11}",106,4.251901152483899,376,0.376,"{""3"":376,""4"":287,""5"":208,""6"":100,""7"":29}","{""10"":1,""11"":23,""12"":7,""14"":3,""15"":3,""16"":4,""3"":376,""4"":116,""5"":199,""6"":113,""7"":63,""8"":69,""9"":23}","{""Diagonal CMA-ES"":{""attempts"":291,""discoveries"":0,""improvements"":0,""insertions"":0,""insertion_rate"":0.0},""Immigrant"":{""attempts"":151,""discoveries"":0,""improvements"":0,""insertions"":0,""insertion_rate"":0.0},""Morphology"":{""attempts"":298,""discoveries"":0,""improvements"":15,""insertions"":15,""insertion_rate"":0.050335570469798654},""Novelty"":{""attempts"":260,""discoveries"":0,""improvements"":2,""insertions"":2,""insertion_rate"":0.007692307692307693}}","{""Morphology"":201,""Novelty"":39}",0,0.8636363636363636,false,21000
39,24,25000,0.3833194470000001,0.019163064,0.013136316,0.002534891,0.003491857,0.491878078,73.01636,11.867661,2866.372321367264,178,0.9270833,32,3.258959366379132,81,0.4550561797752809,"{""3"":81,""4"":51,""5"":33,""6"":11,""7"":2}","{""11"":4,""15"":1,""3"":81,""4"":7,""5"":44,""6"":18,""7"":10,""8"":12,""9"":1}",92,4.145746297027396,382,0.382,"{""3"":382,""4"":293,""5"":203,""6"":92,""7"":30}","{""10"":12,""11"":19,""12"":8,""14"":2,""15"":1,""3"":382,""4"":95,""5"":213,""6"":115,""7"":57,""8"":80,""9"":16}","{""Diagonal CMA-ES"":{""attempts"":283,""discoveries"":0,""improvements"":2,""insertions"":2,""insertion_rate"":0.007067137809187279},""Immigrant"":{""attempts"":135,""discoveries"":0,""improvements"":0,""insertions"":0,""insertion_rate"":0.0},""Morphology"":{""attempts"":310,""discoveries"":0,""improvements"":6,""insertions"":6,""insertion_rate"":0.01935483870967742},""Novelty"":{""attempts"":272,""discoveries"":0,""improvements"":4,""insertions"":4,""insertion_rate"":0.014705882352941176}}","{""Morphology"":216,""Novelty"":31}",1,0.8666666666666667,true,22000
39,25,26000,0.4020218370000001,0.01870239,0.012824055,0.002492148,0.003386187,0.51576898,73.01636,12.244865,3020.648921728134,178,0.9270833,33,3.3482991319030107,79,0.4438202247191011,"{""3"":79,""4"":51,""5"":30,""6"":14,""7"":4}","{""10"":1,""11"":4,""15"":1,""3"":79,""4"":8,""5"":43,""6"":15,""7"":9,""8"":16,""9"":2}",97,4.208374516622363,365,0.365,"{""3"":365,""4"":317,""5"":162,""6"":109,""7"":36,""8"":11}","{""10"":11,""11"":25,""12"":5,""14"":3,""15"":2,""16"":1,""3"":365,""4"":105,""5"":232,""6"":75,""7"":43,""8"":108,""9"":25}","{""Diagonal CMA-ES"":{""attempts"":303,""discoveries"":0,""improvements"":2,""insertions"":2,""insertion_rate"":0.006600660066006601},""Immigrant"":{""attempts"":127,""discoveries"":0,""improvements"":0,""insertions"":0,""insertion_rate"":0.0},""Morphology"":{""attempts"":286,""discoveries"":0,""improvements"":17,""insertions"":17,""insertion_rate"":0.05944055944055944},""Novelty"":{""attempts"":284,""discoveries"":0,""improvements"":2,""insertions"":2,""insertion_rate"":0.007042253521126761}}","{""Morphology"":196,""Novelty"":35}",3,0.8571428571428571,false,1000
39,26,27000,0.4224351300000001,0.020413293,0.014143148,0.002832904,0.003437241,0.541658112,73.01636,12.315271,3120.7352517694235,179,0.9322917,32,3.3711720192041814,77,0.4301675977653631,"{""3"":77,""4"":55,""5"":27,""6"":15,""7"":5}","{""10"":1,""11"":3,""15"":1,""3"":77,""4"":8,""5"":47,""6"":12,""7"":9,""8"":17,""9"":4}",112,4.576776548807501,314,0.314,"{""3"":314,""4"":308,""5"":223,""6"":101,""7"":39,""8"":15}","{""10"":12,""11"":25,""12"":6,""13"":4,""14"":2,""15"":1,""16"":1,""3"":314,""4"":138,""5"":202,""6"":106,""7"":49,""8"":101,""9"":39}","{""Diagonal CMA-ES"":{""attempts"":287,""discoveries"":1,""improvements"":2,""insertions"":3,""insertion_rate"":0.010452961672473868},""Immigrant"":{""attempts"":160,""discoveries"":0,""improvements"":0,""insertions"":0,""insertion_rate"":0.0},""Morphology"":{""attempts"":298,""discoveries"":0,""improvements"":11,""insertions"":11,""insertion_rate"":0.03691275167785235},""Novelty"":{""attempts"":255,""discoveries"":0,""improvements"":0,""insertions"":0,""insertion_rate"":0.0}}","{""Morphology"":218,""Novelty"":27}",1,0.8571428571428571,false,2000
39,27,28000,0.4414818390000001,0.019046709000000002,0.011959699,0.00272486,0.00436215,0.566102297,73.01636,12.607666,3314.9980200380087,179,0.9322917,32,3.422653639117791,74,0.4134078212290503,"{""3"":74,""4"":57,""5"":28,""6"":14,""7"":5,""8"":1}","{""10"":1,""11"":4,""3"":74,""4"":9,""5"":48,""6"":12,""7"":11,""8"":15,""9"":5}",104,4.440553749791438,307,0.307,"{""3"":307,""4"":291,""5"":240,""6"":92,""7"":55,""8"":15}","{""10"":14,""11"":22,""12"":1,""13"":2,""14"":2,""3"":307,""4"":106,""5"":204,""6"":156,""7"":56,""8"":74,""9"":56}","{""Diagonal CMA-ES"":{""attempts"":277,""discoveries"":0,""improvements"":1,""insertions"":1,""insertion_rate"":0.0036101083032490976},""Immigrant"":{""attempts"":140,""discoveries"":0,""improvements"":0,""insertions"":0,""insertion_rate"":0.0},""Morphology"":{""attempts"":327,""discoveries"":0,""improvements"":14,""insertions"":14,""insertion_rate"":0.04281345565749235},""Novelty"":{""attempts"":256,""discoveries"":0,""improvements"":0,""insertions"":0,""insertion_rate"":0.0}}","{""Morphology"":213,""Novelty"":33}",1,0.86,false,3000
39,28,29000,0.4703036080000001,0.028821768999999997,0.022200183,0.002752167,0.003869419,0.600144636,73.01636,12.775377,3449.7491842657328,179,0.9322917,31,3.3653387191180872,77,0.4301675977653631,"{""3"":77,""4"":54,""5"":26,""6"":16,""7"":5,""8"":1}","{""10"":1,""11"":3,""3"":77,""4"":8,""5"":46,""6"":11,""7"":11,""8"":15,""9"":7}",106,4.420946898113988,308,0.308,"{""3"":308,""4"":326,""5"":150,""6"":74,""7"":68,""8"":66,""9"":8}","{""10"":18,""11"":71,""12"":6,""13"":6,""14"":3,""15"":1,""3"":308,""4"":121,""5"":221,""6"":75,""7"":53,""8"":51,""9"":66}","{""Diagonal CMA-ES"":{""attempts"":287,""discoveries"":0,""improvements"":1,""insertions"":1,""insertion_rate"":0.003484320557491289},""Immigrant"":{""attempts"":132,""discoveries"":0,""improvements"":0,""insertions"":0,""insertion_rate"":0.0},""Morphology"":{""attempts"":323,""discoveries"":0,""improvements"":10,""insertions"":10,""insertion_rate"":0.030959752321981424},""Novelty"":{""attempts"":258,""discoveries"":0,""improvements"":2,""insertions"":2,""insertion_rate"":0.007751937984496124}}","{""Morphology"":220,""Novelty"":37}",0,0.8679245283018868,false,4000
39,29,30000,0.49717345200000007,0.026869843999999997,0.021456931,0.00257051,0.002842403,0.632048643,73.01636,13.199475,3563.8306067734957,179,0.9322917,30,3.4125942126662094,75,0.41899441340782123,"{""3"":75,""4"":52,""5"":26,""6"":16,""7"":9,""8"":1}","{""10"":2,""11"":3,""3"":75,""4"":9,""5"":44,""6"":11,""7"":12,""8"":12,""9"":11}",106,4.462407292619838,328,0.328,"{""3"":328,""4"":289,""5"":177,""6"":99,""7"":64,""8"":40,""9"":3}","{""10"":26,""11"":31,""12"":2,""13"":10,""14"":2,""15"":1,""16"":1,""3"":328,""4"":94,""5"":217,""6"":98,""7"":47,""8"":65,""9"":78}","{""Diagonal CMA-ES"":{""attempts"":297,""discoveries"":0,""improvements"":0,""insertions"":0,""insertion_rate"":0.0},""Immigrant"":{""attempts"":144,""discoveries"":0,""improvements"":0,""insertions"":0,""insertion_rate"":0.0},""Morphology"":{""attempts"":313,""discoveries"":0,""improvements"":16,""insertions"":16,""insertion_rate"":0.051118210862619806},""Novelty"":{""attempts"":246,""discoveries"":0,""improvements"":0,""insertions"":0,""insertion_rate"":0.0}}","{""Morphology"":203,""Novelty"":32}",2,0.8703703703703703,false,5000
39,30,31000,0.5130619350000001,0.015888483000000002,0.009847487,0.002585945,0.003455051,0.652640032,73.01636,13.708399,3666.3003016263247,179,0.9322917,30,3.438721298424704,74,0.4134078212290503,"{""3"":74,""4"":50,""5"":28,""6"":16,""7"":10,""8"":1}","{""10"":2,""11"":3,""3"":74,""4"":9,""5"":42,""6"":12,""7"":12,""8"":13,""9"":12}",103,4.2686805561347345,350,0.35,"{""3"":350,""4"":305,""5"":145,""6"":77,""7"":86,""8"":37}","{""10"":36,""11"":26,""12"":2,""13"":4,""14"":3,""3"":350,""4"":115,""5"":222,""6"":79,""7"":34,""8"":40,""9"":89}","{""Diagonal CMA-ES"":{""attempts"":303,""discoveries"":0,""improvements"":0,""insertions"":0,""insertion_rate"":0.0},""Immigrant"":{""attempts"":131,""discoveries"":0,""improvements"":0,""insertions"":0,""insertion_rate"":0.0},""Morphology"":{""attempts"":323,""discoveries"":0,""improvements"":7,""insertions"":7,""insertion_rate"":0.021671826625386997},""Novelty"":{""attempts"":243,""discoveries"":0,""improvements"":2,""insertions"":2,""insertion_rate"":0.00823045267489712}}","{""Morphology"":215,""Novelty"":35}",0,0.8727272727272727,false,6000
39,31,32000,0.5287153320000001,0.015653397,0.011347051,0.001992294,0.002314052,0.671691488,73.01636,13.708399,3728.977855756879,179,0.9322917,31,3.4252199563419543,75,0.41899441340782123,"{""3"":75,""4"":49,""5"":26,""6"":17,""7"":11,""8"":1}","{""10"":2,""11"":3,""14"":1,""3"":75,""4"":8,""5"":42,""6"":11,""7"":10,""8"":14,""9"":13}",96,4.337861177126594,327,0.327,"{""3"":327,""4"":298,""5"":193,""6"":86,""7"":79,""8"":17}","{""10"":25,""11"":17,""12"":3,""14"":2,""15"":3,""3"":327,""4"":123,""5"":197,""6"":99,""7"":54,""8"":54,""9"":96}","{""Diagonal CMA-ES"":{""attempts"":319,""discoveries"":0,""improvements"":0,""insertions"":0,""insertion_rate"":0.0},""Immigrant"":{""attempts"":146,""discoveries"":0,""improvements"":0,""insertions"":0,""insertion_rate"":0.0},""Morphology"":{""attempts"":307,""discoveries"":0,""improvements"":11,""insertions"":11,""insertion_rate"":0.035830618892508145},""Novelty"":{""attempts"":228,""discoveries"":0,""improvements"":0,""insertions"":0,""insertion_rate"":0.0}}","{""Morphology"":197,""Novelty"":39}",1,0.8727272727272727,false,7000
39,32,33000,0.5448757070000001,0.016160375,0.010247609,0.002806783,0.003105983,0.693089055,73.01636,14.041421,3834.7125526219606,179,0.9322917,32,3.462280453926106,75,0.41899441340782123,"{""3"":75,""4"":47,""5"":27,""6"":18,""7"":10,""8"":2}","{""10"":2,""11"":3,""14"":1,""3"":75,""4"":9,""5"":38,""6"":14,""7"":9,""8"":14,""9"":14}",103,4.637568608194108,291,0.291,"{""3"":291,""4"":266,""5"":190,""6"":119,""7"":97,""8"":37}","{""10"":27,""11"":30,""12"":5,""13"":5,""14"":5,""15"":1,""3"":291,""4"":95,""5"":205,""6"":88,""7"":57,""8"":81,""9"":110}","{""Diagonal CMA-ES"":{""attempts"":310,""discoveries"":0,""improvements"":1,""insertions"":1,""insertion_rate"":0.0032258064516129032},""Immigrant"":{""attempts"":139,""discoveries"":0,""improvements"":0,""insertions"":0,""insertion_rate"":0.0},""Morphology"":{""attempts"":303,""discoveries"":0,""improvements"":15,""insertions"":15,""insertion_rate"":0.04950495049504951},""Novelty"":{""attempts"":248,""discoveries"":0,""improvements"":3,""insertions"":3,""insertion_rate"":0.012096774193548387}}","{""Morphology"":206,""Novelty"":35}",3,0.8596491228070176,false,8000
39,33,34000,0.5651750190000001,0.020299312,0.012984341,0.002885145,0.004429826,0.719011432,73.01636,14.702934,3987.9780036360025,179,0.9322917,32,3.537910627228684,70,0.39106145251396646,"{""3"":70,""4"":47,""5"":26,""6"":21,""7"":14,""8"":1}","{""10"":2,""11"":3,""12"":1,""14"":1,""3"":70,""4"":10,""5"":37,""6"":15,""7"":9,""8"":12,""9"":19}",102,4.453787532914412,295,0.295,"{""3"":295,""4"":279,""5"":212,""6"":88,""7"":97,""8"":29}","{""10"":26,""11"":17,""12"":4,""13"":5,""14"":10,""3"":295,""4"":108,""5"":196,""6"":134,""7"":44,""8"":54,""9"":107}","{""Diagonal CMA-ES"":{""attempts"":299,""discoveries"":0,""improvements"":1,""insertions"":1,""insertion_rate"":0.0033444816053511705},""Immigrant"":{""attempts"":145,""discoveries"":0,""improvements"":0,""insertions"":0,""insertion_rate"":0.0},""Morphology"":{""attempts"":292,""discoveries"":0,""improvements"":16,""insertions"":16,""insertion_rate"":0.0547945205479452},""Novelty"":{""attempts"":264,""discoveries"":0,""improvements"":2,""insertions"":2,""insertion_rate"":0.007575757575757576}}","{""Morphology"":212,""Novelty"":29}",1,0.8596491228070176,false,9000
39,34,35000,0.5849198610000002,0.019744842000000002,0.012848989,0.003227088,0.003668765,0.745354114,73.01636,15.23646,4101.389324679971,179,0.9322917,32,3.5320629452222594,68,0.37988826815642457,"{""3"":68,""4"":48,""5"":26,""6"":21,""7"":15,""8"":1}","{""10"":2,""11"":3,""12"":1,""14"":1,""3"":68,""4"":10,""5"":38,""6"":16,""7"":7,""8"":11,""9"":22}",101,4.54000850591857,291,0.291,"{""3"":291,""4"":275,""5"":207,""6"":108,""7"":89,""8"":30}","{""10"":26,""11"":27,""12"":5,""13"":8,""14"":5,""15"":1,""3"":291,""4"":117,""5"":177,""6"":125,""7"":66,""8"":51,""9"":101}","{""Diagonal CMA-ES"":{""attempts"":302,""discoveries"":0,""improvements"":0,""insertions"":0,""insertion_rate"":0.0},""Immigrant"":{""attempts"":143,""discoveries"":0,""improvements"":0,""insertions"":0,""insertion_rate"":0.0},""Morphology"":{""attempts"":301,""discoveries"":0,""improvements"":14,""insertions"":14,""insertion_rate"":0.046511627906976744},""Novelty"":{""attempts"":254,""discoveries"":0,""improvements"":0,""insertions"":0,""insertion_rate"":0.0}}","{""Morphology"":202,""Novelty"":29}",1,0.8620689655172413,false,10000
39,35,36000,0.6056727210000001,0.02075286,0.014270189,0.002948072,0.003534599,0.773116809,73.01636,15.542251,4201.56510360539,179,0.9322917,32,3.569416609345571,66,0.3687150837988827,"{""3"":66,""4"":48,""5"":28,""6"":20,""7"":15,""8"":2}","{""10"":2,""11"":3,""12"":1,""14"":1,""3"":66,""4"":9,""5"":39,""6"":18,""7"":7,""8"":11,""9"":22}",104,4.5445841609444395,292,0.292,"{""3"":292,""4"":297,""5"":188,""6"":100,""7"":98,""8"":25}","{""10"":34,""11"":23,""12"":5,""13"":3,""14"":12,""15"":1,""16"":1,""3"":292,""4"":101,""5"":220,""6"":101,""7"":54,""8"":48,""9"":105}","{""Diagonal CMA-ES"":{""attempts"":312,""discoveries"":0,""improvements"":2,""insertions"":2,""insertion_rate"":0.00641025641025641},""Immigrant"":{""attempts"":134,""discoveries"":0,""improvements"":0,""insertions"":0,""insertion_rate"":0.0},""Morphology"":{""attempts"":297,""discoveries"":0,""improvements"":19,""insertions"":19,""insertion_rate"":0.06397306397306397},""Novelty"":{""attempts"":257,""discoveries"":0,""improvements"":0,""insertions"":0,""insertion_rate"":0.0}}","{""Morphology"":203,""Novelty"":36}",2,0.8688524590163934,false,11000
39,36,37000,0.6275535200000001,0.021880799,0.015172539,0.002793723,0.003914537,0.800226489,73.01636,16.388302,4272.749225690961,179,0.9322917,31,3.5382135009045634,66,0.3687150837988827,"{""3"":66,""4"":49,""5"":27,""6"":21,""7"":15,""8"":1}","{""10"":1,""11"":3,""12"":1,""14"":2,""3"":66,""4"":9,""5"":40,""6"":17,""7"":8,""8"":10,""9"":22}",100,4.378955545778557,326,0.326,"{""3"":326,""4"":283,""5"":178,""6"":86,""7"":102,""8"":25}","{""10"":29,""11"":27,""12"":4,""13"":5,""14"":8,""16"":2,""3"":326,""4"":99,""5"":208,""6"":80,""7"":51,""8"":64,""9"":97}","{""Diagonal CMA-ES"":{""attempts"":299,""discoveries"":0,""improvements"":0,""insertions"":0,""insertion_rate"":0.0},""Immigrant"":{""attempts"":159,""discoveries"":0,""improvements"":0,""insertions"":0,""insertion_rate"":0.0},""Morphology"":{""attempts"":308,""discoveries"":0,""improvements"":9,""insertions"":9,""insertion_rate"":0.02922077922077922},""Novelty"":{""attempts"":234,""discoveries"":0,""improvements"":1,""insertions"":1,""insertion_rate"":0.004273504273504274}}","{""Morphology"":189,""Novelty"":35}",1,0.8709677419354839,false,12000
39,37,38000,0.650450649,0.022897129000000002,0.016438204,0.002686865,0.00377206,0.828630328,73.01636,17.628643,4356.756432428956,179,0.9322917,32,3.584666736252181,66,0.3687150837988827,"{""3"":66,""4"":47,""5"":29,""6"":21,""7"":15,""8"":1}","{""10"":1,""11"":3,""12"":1,""14"":4,""3"":66,""4"":9,""5"":38,""6"":16,""7"":11,""8"":10,""9"":20}",97,4.377147952019238,326,0.326,"{""3"":326,""4"":255,""5"":167,""6"":85,""7"":129,""8"":38}","{""10"":26,""11"":22,""12"":6,""13"":4,""14"":68,""15"":5,""17"":3,""19"":3,""20"":1,""3"":326,""4"":89,""5"":189,""6"":84,""7"":52,""8"":47,""9"":75}","{""Diagonal CMA-ES"":{""attempts"":287,""discoveries"":0,""improvements"":1,""insertions"":1,""insertion_rate"":0.003484320557491289},""Immigrant"":{""attempts"":150,""discoveries"":0,""improvements"":0,""insertions"":0,""insertion_rate"":0.0},""Morphology"":{""attempts"":296,""discoveries"":0,""improvements"":10,""insertions"":10,""insertion_rate"":0.033783783783783786},""Novelty"":{""attempts"":267,""discoveries"":0,""improvements"":4,""insertions"":4,""insertion_rate"":0.0149812734082397}}","{""Morphology"":189,""Novelty"":31}",1,0.873015873015873,false,13000
39,38,39000,0.6687030500000001,0.018252401,0.012003628,0.002469589,0.003779184,0.851943013,73.01636,18.876163,4467.166469350457,179,0.9322917,33,3.646386672601979,63,0.35195530726256985,"{""3"":63,""4"":43,""5"":28,""6"":26,""7"":18,""8"":1}","{""10"":1,""11"":3,""12"":1,""14"":6,""3"":63,""4"":8,""5"":35,""6"":16,""7"":10,""8"":11,""9"":25}",97,4.419054246760341,312,0.312,"{""3"":312,""4"":293,""5"":194,""6"":101,""7"":73,""8"":27}","{""10"":25,""11"":24,""12"":4,""14"":16,""15"":2,""17"":2,""19"":1,""3"":312,""4"":97,""5"":222,""6"":86,""7"":65,""8"":60,""9"":84}","{""Diagonal CMA-ES"":{""attempts"":273,""discoveries"":0,""improvements"":1,""insertions"":1,""insertion_rate"":0.003663003663003663},""Immigrant"":{""attempts"":161,""discoveries"":0,""improvements"":0,""insertions"":0,""insertion_rate"":0.0},""Morphology"":{""attempts"":329,""discoveries"":0,""improvements"":14,""insertions"":14,""insertion_rate"":0.0425531914893617},""Novelty"":{""attempts"":237,""discoveries"":0,""improvements"":0,""insertions"":0,""insertion_rate"":0.0}}","{""Morphology"":214,""Novelty"":31}",1,0.8769230769230769,false,14000
39,39,40000,0.6924122950000001,0.023709245,0.017570891,0.002519456,0.003618898,0.879824439,73.01636,18.941965,4603.917418256402,179,0.9322917,35,3.6467269294591125,65,0.36312849162011174,"{""3"":65,""4"":40,""5"":29,""6"":25,""7"":19,""8"":1}","{""10"":2,""11"":4,""12"":1,""14"":6,""3"":65,""4"":6,""5"":34,""6"":16,""7"":11,""8"":10,""9"":24}",87,4.324363530793567,278,0.278,"{""3"":278,""4"":293,""5"":149,""6"":83,""7"":161,""8"":36}","{""10"":28,""11"":29,""12"":5,""13"":1,""14"":92,""15"":6,""17"":1,""19"":1,""20"":2,""3"":278,""4"":78,""5"":232,""6"":73,""7"":53,""8"":37,""9"":84}","{""Diagonal CMA-ES"":{""attempts"":279,""discoveries"":0,""improvements"":0,""insertions"":0,""insertion_rate"":0.0},""Immigrant"":{""attempts"":134,""discoveries"":0,""improvements"":0,""insertions"":0,""insertion_rate"":0.0},""Morphology"":{""attempts"":324,""discoveries"":0,""improvements"":14,""insertions"":14,""insertion_rate"":0.043209876543209874},""Novelty"":{""attempts"":263,""discoveries"":0,""improvements"":0,""insertions"":0,""insertion_rate"":0.0}}","{""Morphology"":202,""Novelty"":22}",2,0.8787878787878788,false,15000
39,40,41000,0.7151301420000001,0.022717847,0.015354197,0.003126167,0.004237483,0.909647105,73.01636,19.739714,4678.816939845681,179,0.9322917,34,3.6808337825643727,64,0.3575418994413408,"{""3"":64,""4"":40,""5"":28,""6"":27,""7"":19,""8"":1}","{""10"":2,""11"":4,""12"":1,""14"":7,""3"":64,""4"":6,""5"":34,""6"":15,""7"":12,""8"":10,""9"":24}",106,4.6767947023098975,278,0.278,"{""3"":278,""4"":245,""5"":173,""6"":162,""7"":114,""8"":28}","{""10"":32,""11"":32,""12"":7,""13"":3,""14"":32,""15"":4,""17"":4,""20"":1,""3"":278,""4"":83,""5"":176,""6"":75,""7"":78,""8"":94,""9"":101}","{""Diagonal CMA-ES"":{""attempts"":279,""discoveries"":0,""improvements"":1,""insertions"":1,""insertion_rate"":0.0035842293906810036},""Immigrant"":{""attempts"":141,""discoveries"":0,""improvements"":0,""insertions"":0,""insertion_rate"":0.0},""Morphology"":{""attempts"":333,""discoveries"":0,""improvements"":12,""insertions"":12,""insertion_rate"":0.036036036036036036},""Novelty"":{""attempts"":247,""discoveries"":0,""improvements"":2,""insertions"":2,""insertion_rate"":0.008097165991902834}}","{""Morphology"":223,""Novelty"":28}",1,0.8805970149253731,false,16000
39,41,42000,0.7368530300000001,0.021722888,0.015201035,0.002855463,0.00366639,0.936423152,73.01636,19.990358,4781.95838367939,179,0.9322917,34,3.662561939828591,65,0.36312849162011174,"{""3"":65,""4"":37,""5"":28,""6"":26,""7"":22,""8"":1}","{""10"":3,""11"":5,""12"":1,""14"":7,""3"":65,""4"":5,""5"":32,""6"":15,""7"":12,""8"":10,""9"":24}",92,4.2032845642071495,367,0.367,"{""3"":367,""4"":237,""5"":189,""6"":117,""7"":71,""8"":19}","{""10"":15,""11"":26,""12"":7,""14"":24,""15"":5,""16"":1,""17"":1,""19"":3,""3"":367,""4"":86,""5"":179,""6"":71,""7"":76,""8"":72,""9"":67}","{""Diagonal CMA-ES"":{""attempts"":285,""discoveries"":0,""improvements"":1,""insertions"":1,""insertion_rate"":0.0035087719298245615},""Immigrant"":{""attempts"":147,""discoveries"":0,""improvements"":0,""insertions"":0,""insertion_rate"":0.0},""Morphology"":{""attempts"":306,""discoveries"":0,""improvements"":12,""insertions"":12,""insertion_rate"":0.0392156862745098},""Novelty"":{""attempts"":262,""discoveries"":0,""improvements"":1,""insertions"":1,""insertion_rate"":0.003816793893129771}}","{""Morphology"":205,""Novelty"":25}",1,0.8823529411764706,false,17000
39,42,43000,0.7578279170000002,0.020974886999999998,0.014251193,0.002703488,0.004020206,0.962883377,73.01636,20.225866,4858.205690860748,179,0.9322917,34,3.6610441736035497,65,0.36312849162011174,"{""3"":65,""4"":38,""5"":28,""6"":26,""7"":20,""8"":2}","{""10"":3,""11"":5,""12"":1,""14"":5,""17"":1,""3"":65,""4"":5,""5"":33,""6"":15,""7"":12,""8"":10,""9"":24}",90,4.273622723907391,303,0.303,"{""3"":303,""4"":277,""5"":193,""6"":113,""7"":88,""8"":26}","{""10"":21,""11"":27,""12"":2,""14"":28,""15"":4,""17"":7,""20"":1,""3"":303,""4"":135,""5"":180,""6"":63,""7"":91,""8"":42,""9"":96}","{""Diagonal CMA-ES"":{""attempts"":304,""discoveries"":0,""improvements"":0,""insertions"":0,""insertion_rate"":0.0},""Immigrant"":{""attempts"":152,""discoveries"":0,""improvements"":0,""insertions"":0,""insertion_rate"":0.0},""Morphology"":{""attempts"":276,""discoveries"":0,""improvements"":9,""insertions"":9,""insertion_rate"":0.03260869565217391},""Novelty"":{""attempts"":268,""discoveries"":0,""improvements"":2,""insertions"":2,""insertion_rate"":0.007462686567164179}}","{""Morphology"":185,""Novelty"":33}",1,0.8857142857142857,false,18000
39,43,44000,0.7947280930000001,0.036900176,0.03041038,0.002769977,0.003719819,1.005468358,73.01636,20.225866,4864.008046984673,179,0.9322917,34,3.6610441736035497,65,0.36312849162011174,"{""3"":65,""4"":38,""5"":27,""6"":27,""7"":20,""8"":2}","{""10"":3,""11"":5,""12"":2,""14"":5,""17"":1,""3"":65,""4"":5,""5"":33,""6"":15,""7"":11,""8"":10,""9"":24}",99,4.37267642111577,336,0.336,"{""3"":336,""4"":251,""5"":179,""6"":126,""7"":84,""8"":23,""9"":1}","{""10"":19,""11"":34,""12"":5,""13"":1,""14"":30,""15"":3,""17"":3,""19"":3,""20"":1,""3"":336,""4"":105,""5"":170,""6"":82,""7"":68,""8"":51,""9"":89}","{""Diagonal CMA-ES"":{""attempts"":305,""discoveries"":0,""improvements"":0,""insertions"":0,""insertion_rate"":0.0},""Immigrant"":{""attempts"":165,""discoveries"":0,""improvements"":0,""insertions"":0,""insertion_rate"":0.0},""Morphology"":{""attempts"":289,""discoveries"":0,""improvements"":4,""insertions"":4,""insertion_rate"":0.01384083044982699},""Novelty"":{""attempts"":241,""discoveries"":0,""improvements"":1,""insertions"":1,""insertion_rate"":0.004149377593360996}}","{""Morphology"":203,""Novelty"":37}",0,0.8873239436619719,false,19000
39,44,45000,0.8339209500000001,0.039192857000000005,0.032915589,0.002696364,0.003580904,1.050527677,73.01636,22.258463,4944.290983825922,179,0.9322917,33,3.59646280166107,67,0.3743016759776536,"{""3"":67,""4"":38,""5"":26,""6"":26,""7"":20,""8"":2}","{""10"":3,""11"":6,""12"":1,""14"":5,""17"":1,""3"":67,""4"":5,""5"":33,""6"":13,""7"":12,""8"":10,""9"":23}",108,4.476900936872462,318,0.318,"{""3"":318,""4"":253,""5"":200,""6"":103,""7"":94,""8"":31,""9"":1}","{""10"":27,""11"":32,""12"":6,""13"":2,""14"":28,""15"":4,""17"":7,""19"":2,""20"":1,""24"":1,""3"":318,""4"":100,""5"":174,""6"":73,""7"":97,""8"":47,""9"":81}","{""Diagonal CMA-ES"":{""attempts"":266,""discoveries"":0,""improvements"":1,""insertions"":1,""insertion_rate"":0.0037593984962406013},""Immigrant"":{""attempts"":171,""discoveries"":0,""improvements"":0,""insertions"":0,""insertion_rate"":0.0},""Morphology"":{""attempts"":310,""discoveries"":0,""improvements"":9,""insertions"":9,""insertion_rate"":0.02903225806451613},""Novelty"":{""attempts"":253,""discoveries"":0,""improvements"":1,""insertions"":1,""insertion_rate"":0.003952569169960474}}","{""Morphology"":189,""Novelty"":33}",1,0.875,false,20000
39,45,46000,0.8672841520000001,0.033363202,0.026952955,0.00264531,0.003764937,1.089523442,73.01636,22.839178,5074.1963793337345,180,0.9375,32,3.6122142714898544,66,0.36666666666666664,"{""3"":66,""4"":39,""5"":28,""6"":23,""7"":22,""8"":2}","{""10"":3,""11"":7,""12"":1,""14"":6,""17"":1,""3"":66,""4"":5,""5"":34,""6"":14,""7"":13,""8"":9,""9"":21}",94,4.088748608838263,364,0.364,"{""3"":364,""4"":255,""5"":169,""6"":113,""7"":77,""8"":21,""9"":1}","{""10"":17,""11"":22,""12"":3,""13"":2,""14"":26,""15"":3,""17"":4,""19"":1,""20"":1,""3"":364,""4"":89,""5"":191,""6"":54,""7"":86,""8"":43,""9"":94}","{""Diagonal CMA-ES"":{""attempts"":304,""discoveries"":0,""improvements"":0,""insertions"":0,""insertion_rate"":0.0},""Immigrant"":{""attempts"":150,""discoveries"":0,""improvements"":0,""insertions"":0,""insertion_rate"":0.0},""Morphology"":{""attempts"":276,""discoveries"":0,""improvements"":8,""insertions"":8,""insertion_rate"":0.028985507246376812},""Novelty"":{""attempts"":270,""discoveries"":1,""improvements"":0,""insertions"":1,""insertion_rate"":0.003703703703703704}}","{""Morphology"":180,""Novelty"":25}",0,0.8767123287671232,false,21000
39,46,47000,0.8999955250000001,0.032711372999999995,0.026139653,0.002745044,0.003826676,1.127908934,73.01636,22.987434,5155.263087660074,180,0.9375,30,3.5714749706959497,66,0.36666666666666664,"{""3"":66,""4"":39,""5"":28,""6"":22,""7"":21,""8"":4}","{""10"":2,""11"":6,""12"":1,""14"":7,""17"":3,""3"":66,""4"":5,""5"":34,""6"":14,""7"":13,""8"":9,""9"":20}",93,4.3355779725995385,259,0.259,"{""3"":259,""4"":340,""5"":181,""6"":101,""7"":88,""8"":30,""9"":1}","{""10"":16,""11"":22,""12"":6,""13"":3,""14"":33,""15"":7,""16"":1,""17"":8,""18"":1,""3"":259,""4"":94,""5"":269,""6"":60,""7"":83,""8"":52,""9"":86}","{""Diagonal CMA-ES"":{""attempts"":308,""discoveries"":0,""improvements"":0,""insertions"":0,""insertion_rate"":0.0},""Immigrant"":{""attempts"":134,""discoveries"":0,""improvements"":0,""insertions"":0,""insertion_rate"":0.0},""Morphology"":{""attempts"":308,""discoveries"":0,""improvements"":7,""insertions"":7,""insertion_rate"":0.022727272727272728},""Novelty"":{""attempts"":250,""discoveries"":0,""improvements"":2,""insertions"":2,""insertion_rate"":0.008}}","{""Morphology"":210,""Novelty"":34}",0,0.8767123287671232,false,22000
39,47,48000,0.9352002330000001,0.035204707999999994,0.0293893,0.002646498,0.00316891,1.168547926,73.01636,23.523642,5260.476659208536,180,0.9375,30,3.559913165804245,66,0.36666666666666664,"{""3"":66,""4"":41,""5"":28,""6"":19,""7"":21,""8"":5}","{""10"":2,""11"":4,""12"":1,""14"":9,""15"":1,""17"":3,""3"":66,""4"":5,""5"":36,""6"":14,""7"":13,""8"":9,""9"":17}",87,4.154063935267449,281,0.281,"{""3"":281,""4"":349,""5"":184,""6"":81,""7"":79,""8"":22,""9"":4}","{""10"":13,""11"":32,""13"":1,""14"":36,""15"":2,""17"":13,""18"":2,""20"":3,""23"":1,""3"":281,""4"":76,""5"":291,""6"":63,""7"":92,""8"":38,""9"":56}","{""Diagonal CMA-ES"":{""attempts"":325,""discoveries"":0,""improvements"":0,""insertions"":0,""insertion_rate"":0.0},""Immigrant"":{""attempts"":150,""discoveries"":0,""improvements"":0,""insertions"":0,""insertion_rate"":0.0},""Morphology"":{""attempts"":284,""discoveries"":0,""improvements"":13,""insertions"":13,""insertion_rate"":0.045774647887323945},""Novelty"":{""attempts"":241,""discoveries"":0,""improvements"":0,""insertions"":0,""insertion_rate"":0.0}}","{""Morphology"":174,""Novelty"":23}",1,0.8783783783783784,false,23000
39,48,49000,0.9730965560000001,0.037896323,0.031429086,0.00278185,0.003685387,1.212649092,73.01636,23.527142,5348.975182920694,180,0.9375,29,3.5496587971885,65,0.3611111111111111,"{""3"":65,""4"":42,""5"":27,""6"":20,""7"":20,""8"":6}","{""10"":2,""11"":3,""12"":1,""14"":9,""15"":1,""17"":4,""3"":65,""4"":5,""5"":37,""6"":14,""7"":13,""8"":8,""9"":18}",94,4.162042357728205,353,0.353,"{""3"":353,""4"":297,""5"":167,""6"":80,""7"":68,""8"":31,""9"":4}","{""10"":15,""11"":24,""12"":2,""14"":30,""15"":14,""16"":1,""17"":7,""18"":1,""19"":5,""20"":4,""3"":353,""4"":98,""5"":222,""6"":56,""7"":70,""8"":51,""9"":47}","{""Diagonal CMA-ES"":{""attempts"":295,""discoveries"":0,""improvements"":0,""insertions"":0,""insertion_rate"":0.0},""Immigrant"":{""attempts"":155,""discoveries"":0,""improvements"":0,""insertions"":0,""insertion_rate"":0.0},""Morphology"":{""attempts"":291,""discoveries"":0,""improvements"":6,""insertions"":6,""insertion_rate"":0.020618556701030927},""Novelty"":{""attempts"":259,""discoveries"":0,""improvements"":0,""insertions"":0,""insertion_rate"":0.0}}","{""Morphology"":202,""Novelty"":40}",0,0.8783783783783784,false,24000
39,49,50000,1.0076541840000002,0.034557628,0.027611908,0.002703488,0.004242232,1.2525946989999999,73.01636,23.527142,5412.641880422831,180,0.9375,29,3.5785892758047066,63,0.35,"{""3"":63,""4"":43,""5"":28,""6"":20,""7"":19,""8"":7}","{""10"":1,""11"":3,""12"":1,""14"":10,""15"":2,""17"":4,""3"":63,""4"":5,""5"":38,""6"":14,""7"":14,""8"":8,""9"":17}",94,4.227705593694772,332,0.332,"{""3"":332,""4"":290,""5"":154,""6"":102,""7"":76,""8"":43,""9"":3}","{""10"":12,""11"":27,""12"":3,""14"":40,""15"":18,""16"":1,""17"":14,""18"":2,""19"":4,""20"":3,""3"":332,""4"":95,""5"":228,""6"":57,""7"":61,""8"":50,""9"":53}","{""Diagonal CMA-ES"":{""attempts"":304,""discoveries"":0,""improvements"":0,""insertions"":0,""insertion_rate"":0.0},""Immigrant"":{""attempts"":152,""discoveries"":0,""improvements"":0,""insertions"":0,""insertion_rate"":0.0},""Morphology"":{""attempts"":302,""discoveries"":0,""improvements"":11,""insertions"":11,""insertion_rate"":0.03642384105960265},""Novelty"":{""attempts"":242,""discoveries"":0,""improvements"":2,""insertions"":2,""insertion_rate"":0.008264462809917356}}","{""Morphology"":209,""Novelty"":25}",1,0.8783783783783784,false,25000
39,50,51000,1.038386323,0.030732139,0.024737448,0.002599005,0.003395686,1.28937377,73.01636,23.527142,5444.396122485399,180,0.9375,28,3.5143884856872702,63,0.35,"{""3"":63,""4"":44,""5"":29,""6"":19,""7"":19,""8"":6}","{""10"":1,""11"":2,""12"":1,""14"":11,""15"":2,""17"":3,""3"":63,""4"":4,""5"":40,""6"":14,""7"":15,""8"":7,""9"":17}",89,4.040529082219891,350,0.35,"{""3"":350,""4"":356,""5"":131,""6"":72,""7"":57,""8"":32,""9"":2}","{""10"":8,""11"":28,""12"":7,""13"":6,""14"":21,""15"":10,""16"":2,""17"":14,""19"":1,""20"":1,""23"":1,""3"":350,""4"":95,""5"":293,""6"":47,""7"":46,""8"":39,""9"":31}","{""Diagonal CMA-ES"":{""attempts"":285,""discoveries"":0,""improvements"":0,""insertions"":0,""insertion_rate"":0.0},""Immigrant"":{""attempts"":137,""discoveries"":0,""improvements"":0,""insertions"":0,""insertion_rate"":0.0},""Morphology"":{""attempts"":293,""discoveries"":0,""improvements"":8,""insertions"":8,""insertion_rate"":0.027303754266211604},""Novelty"":{""attempts"":285,""discoveries"":0,""improvements"":3,""insertions"":3,""insertion_rate"":0.010526315789473684}}","{""Morphology"":187,""Novelty"":30}",0,0.88,false,26000
39,51,52000,1.0678539850000002,0.029467662000000002,0.021794126,0.003130917,0.004542619,1.324567793,73.01636,23.527142,5458.207285434008,180,0.9375,29,3.5206005646383103,63,0.35,"{""3"":63,""4"":44,""5"":29,""6"":19,""7"":19,""8"":6}","{""10"":1,""11"":3,""12"":1,""14"":11,""15"":2,""17"":3,""3"":63,""4"":4,""5"":40,""6"":14,""7"":15,""8"":7,""9"":16}",90,4.210141284559285,333,0.333,"{""3"":333,""4"":337,""5"":178,""6"":77,""7"":37,""8"":37,""9"":1}","{""10"":5,""11"":16,""12"":9,""14"":20,""15"":15,""17"":14,""19"":5,""20"":1,""3"":333,""4"":108,""5"":256,""6"":104,""7"":42,""8"":43,""9"":29}","{""Diagonal CMA-ES"":{""attempts"":286,""discoveries"":0,""improvements"":1,""insertions"":1,""insertion_rate"":0.0034965034965034965},""Immigrant"":{""attempts"":168,""discoveries"":0,""improvements"":0,""insertions"":0,""insertion_rate"":0.0},""Morphology"":{""attempts"":300,""discoveries"":0,""improvements"":3,""insertions"":3,""insertion_rate"":0.01},""Novelty"":{""attempts"":246,""discoveries"":0,""improvements"":0,""insertions"":0,""insertion_rate"":0.0}}","{""Morphology"":196,""Novelty"":24}",1,0.88,false,27000
39,52,53000,1.102701316,0.034847330999999995,0.027877864,0.002639374,0.004330093,1.365622341,73.01636,24.01849,5517.352255612612,180,0.9375,30,3.5019059110242114,66,0.36666666666666664,"{""3"":66,""4"":41,""5"":27,""6"":20,""7"":20,""8"":6}","{""10"":1,""11"":3,""12"":1,""14"":13,""15"":2,""17"":3,""3"":66,""4"":4,""5"":37,""6"":13,""7"":14,""8"":8,""9"":15}",89,4.155916050332861,330,0.33,"{""3"":330,""4"":291,""5"":139,""6"":99,""7"":108,""8"":32,""9"":1}","{""10"":8,""11"":35,""12"":10,""13"":1,""14"":64,""15"":11,""16"":2,""17"":11,""19"":4,""20"":3,""3"":330,""4"":88,""5"":222,""6"":55,""7"":66,""8"":31,""9"":59}","{""Diagonal CMA-ES"":{""attempts"":318,""discoveries"":0,""improvements"":1,""insertions"":1,""insertion_rate"":0.0031446540880503146},""Immigrant"":{""attempts"":139,""discoveries"":0,""improvements"":0,""insertions"":0,""insertion_rate"":0.0},""Morphology"":{""attempts"":300,""discoveries"":0,""improvements"":9,""insertions"":9,""insertion_rate"":0.03},""Novelty"":{""attempts"":243,""discoveries"":0,""improvements"":2,""insertions"":2,""insertion_rate"":0.00823045267489712}}","{""Morphology"":187,""Novelty"":28}",2,0.881578947368421,false,28000
39,53,54000,1.122155269,0.019453953,0.012682766,0.002698739,0.004072448,1.390871517,73.01636,25.593616,5597.882429867983,180,0.9375,30,3.4969401488824245,66,0.36666666666666664,"{""3"":66,""4"":41,""5"":28,""6"":19,""7"":19,""8"":7}","{""10"":1,""11"":3,""12"":1,""14"":13,""15"":3,""17"":3,""3"":66,""4"":4,""5"":37,""6"":13,""7"":15,""8"":7,""9"":14}",103,4.4509523764108545,303,0.303,"{""3"":303,""4"":257,""5"":145,""6"":134,""7"":124,""8"":37}","{""10"":18,""11"":29,""12"":17,""14"":62,""15"":22,""16"":1,""17"":11,""19"":3,""20"":2,""3"":303,""4"":89,""5"":186,""6"":53,""7"":66,""8"":82,""9"":56}","{""Diagonal CMA-ES"":{""attempts"":288,""discoveries"":0,""improvements"":0,""insertions"":0,""insertion_rate"":0.0},""Immigrant"":{""attempts"":144,""discoveries"":0,""improvements"":0,""insertions"":0,""insertion_rate"":0.0},""Morphology"":{""attempts"":314,""discoveries"":0,""improvements"":9,""insertions"":9,""insertion_rate"":0.028662420382165606},""Novelty"":{""attempts"":254,""discoveries"":0,""improvements"":0,""insertions"":0,""insertion_rate"":0.0}}","{""Morphology"":201,""Novelty"":31}",0,0.881578947368421,false,29000
39,54,55000,1.1563412720000001,0.034186003,0.02766415,0.002608504,0.003913349,1.43070433,73.01636,25.593616,5655.450787335634,180,0.9375,29,3.4778021297821127,66,0.36666666666666664,"{""3"":66,""4"":40,""5"":28,""6"":19,""7"":20,""8"":7}","{""10"":1,""11"":4,""12"":2,""14"":13,""15"":3,""17"":3,""3"":66,""4"":4,""5"":36,""6"":13,""7"":15,""8"":6,""9"":14}",111,4.497030465906354,315,0.315,"{""3"":315,""4"":245,""5"":163,""6"":116,""7"":111,""8"":41,""9"":9}","{""10"":19,""11"":32,""12"":8,""13"":1,""14"":66,""15"":27,""16"":5,""17"":7,""18"":3,""19"":4,""20"":2,""3"":315,""4"":82,""5"":186,""6"":71,""7"":70,""8"":54,""9"":48}","{""Diagonal CMA-ES"":{""attempts"":270,""discoveries"":0,""improvements"":0,""insertions"":0,""insertion_rate"":0.0},""Immigrant"":{""attempts"":182,""discoveries"":0,""improvements"":0,""insertions"":0,""insertion_rate"":0.0},""Morphology"":{""attempts"":298,""discoveries"":0,""improvements"":7,""insertions"":7,""insertion_rate"":0.02348993288590604},""Novelty"":{""attempts"":250,""discoveries"":0,""improvements"":1,""insertions"":1,""insertion_rate"":0.004}}","{""Morphology"":196,""Novelty"":37}",1,0.8831168831168831,false,30000
39,55,56000,1.1923652200000001,0.036023948,0.028613992,0.003295952,0.004114004,1.472760961,73.01636,27.227743,5747.492184907198,180,0.9375,30,3.453376876650432,68,0.37777777777777777,"{""3"":68,""4"":36,""5"":28,""6"":18,""7"":23,""8"":7}","{""10"":1,""11"":3,""12"":4,""14"":15,""15"":3,""17"":3,""3"":68,""4"":3,""5"":33,""6"":12,""7"":16,""8"":6,""9"":13}",92,4.233883095218707,341,0.341,"{""3"":341,""4"":274,""5"":143,""6"":100,""7"":101,""8"":39,""9"":2}","{""10"":8,""11"":32,""12"":23,""13"":6,""14"":51,""15"":16,""16"":1,""17"":12,""18"":1,""19"":2,""20"":3,""3"":341,""4"":102,""5"":194,""6"":44,""7"":68,""8"":53,""9"":43}","{""Diagonal CMA-ES"":{""attempts"":289,""discoveries"":0,""improvements"":2,""insertions"":2,""insertion_rate"":0.006920415224913495},""Immigrant"":{""attempts"":161,""discoveries"":0,""improvements"":0,""insertions"":0,""insertion_rate"":0.0},""Morphology"":{""attempts"":304,""discoveries"":0,""improvements"":13,""insertions"":13,""insertion_rate"":0.04276315789473684},""Novelty"":{""attempts"":246,""discoveries"":0,""improvements"":3,""insertions"":3,""insertion_rate"":0.012195121951219513}}","{""Morphology"":200,""Novelty"":37}",2,0.8860759493670886,false,31000
39,56,57000,1.214386122,0.022020902000000002,0.015034813,0.002752168,0.004233921,1.500479727,73.01636,27.374767,5778.494842320681,180,0.9375,30,3.4717123767911047,68,0.37777777777777777,"{""3"":68,""4"":36,""5"":27,""6"":18,""7"":23,""8"":8}","{""10"":1,""11"":3,""12"":4,""14"":15,""15"":4,""17"":3,""3"":68,""4"":3,""5"":33,""6"":11,""7"":16,""8"":6,""9"":13}",99,4.45294454441153,297,0.297,"{""3"":297,""4"":248,""5"":200,""6"":95,""7"":115,""8"":45}","{""10"":10,""11"":29,""12"":24,""13"":6,""14"":67,""15"":18,""16"":4,""17"":14,""19"":5,""20"":2,""3"":297,""4"":92,""5"":175,""6"":103,""7"":74,""8"":43,""9"":37}","{""Diagonal CMA-ES"":{""attempts"":301,""discoveries"":0,""improvements"":0,""insertions"":0,""insertion_rate"":0.0},""Immigrant"":{""attempts"":164,""discoveries"":0,""improvements"":0,""insertions"":0,""insertion_rate"":0.0},""Morphology"":{""attempts"":282,""discoveries"":0,""improvements"":4,""insertions"":4,""insertion_rate"":0.014184397163120567},""Novelty"":{""attempts"":253,""discoveries"":0,""improvements"":1,""insertions"":1,""insertion_rate"":0.003952569169960474}}","{""Morphology"":200,""Novelty"":36}",0,0.8860759493670886,false,32000
39,57,58000,1.249315376,0.034929254,0.027848182,0.002957571,0.004123501,1.541298001,73.01636,27.502962,5821.080361157656,180,0.9375,29,3.4579854405863175,67,0.37222222222222223,"{""3"":67,""4"":36,""5"":27,""6"":18,""7"":25,""8"":7}","{""10"":1,""11"":3,""12"":5,""14"":16,""15"":3,""17"":3,""3"":67,""4"":3,""5"":33,""6"":11,""7"":16,""8"":5,""9"":14}",89,4.205853392102191,353,0.353,"{""3"":353,""4"":245,""5"":162,""6"":84,""7"":113,""8"":41,""9"":2}","{""10"":11,""11"":22,""12"":28,""13"":2,""14"":67,""15"":23,""16"":2,""17"":9,""19"":5,""20"":3,""21"":1,""3"":353,""4"":96,""5"":179,""6"":54,""7"":75,""8"":42,""9"":28}","{""Diagonal CMA-ES"":{""attempts"":298,""discoveries"":0,""improvements"":1,""insertions"":1,""insertion_rate"":0.003355704697986577},""Immigrant"":{""attempts"":174,""discoveries"":0,""improvements"":0,""insertions"":0,""insertion_rate"":0.0},""Morphology"":{""attempts"":274,""discoveries"":0,""improvements"":11,""insertions"":11,""insertion_rate"":0.040145985401459854},""Novelty"":{""attempts"":254,""discoveries"":0,""improvements"":0,""insertions"":0,""insertion_rate"":0.0}}","{""Morphology"":166,""Novelty"":29}",1,0.8875,false,33000
39,58,59000,1.286241672,0.036926296000000004,0.03027859,0.002695176,0.00395253,1.5838117440000001,73.01636,27.502962,5859.04550626874,180,0.9375,31,3.4912258339525017,67,0.37222222222222223,"{""3"":67,""4"":35,""5"":27,""6"":17,""7"":26,""8"":7,""9"":1}","{""10"":1,""11"":3,""12"":5,""14"":17,""15"":3,""16"":1,""17"":3,""3"":67,""4"":3,""5"":32,""6"":11,""7"":16,""8"":5,""9"":13}",99,4.267655409361029,337,0.337,"{""3"":337,""4"":242,""5"":147,""6"":82,""7"":130,""8"":57,""9"":5}","{""10"":4,""11"":30,""12"":28,""13"":4,""14"":89,""15"":30,""16"":4,""17"":16,""18"":1,""19"":7,""20"":1,""3"":337,""4"":86,""5"":176,""6"":54,""7"":70,""8"":31,""9"":32}","{""Diagonal CMA-ES"":{""attempts"":302,""discoveries"":0,""improvements"":0,""insertions"":0,""insertion_rate"":0.0},""Immigrant"":{""attempts"":161,""discoveries"":0,""improvements"":0,""insertions"":0,""insertion_rate"":0.0},""Morphology"":{""attempts"":286,""discoveries"":0,""improvements"":9,""insertions"":9,""insertion_rate"":0.03146853146853147},""Novelty"":{""attempts"":251,""discoveries"":0,""improvements"":0,""insertions"":0,""insertion_rate"":0.0}}","{""Morphology"":183,""Novelty"":36}",2,0.8902439024390244,false,34000
39,59,60000,1.321172113,0.034930441,0.027678397,0.003060866,0.004191178,1.6246988820000001,73.01636,27.502962,5888.229568988085,180,0.9375,30,3.4623767882998187,68,0.37777777777777777,"{""3"":68,""4"":34,""5"":27,""6"":15,""7"":27,""8"":7,""9"":2}","{""10"":1,""11"":2,""12"":6,""14"":18,""15"":3,""16"":2,""17"":3,""3"":68,""4"":3,""5"":31,""6"":11,""7"":16,""8"":4,""9"":12}",106,4.263184929905861,340,0.34,"{""10"":5,""3"":340,""4"":262,""5"":122,""6"":48,""7"":140,""8"":60,""9"":23}","{""10"":1,""11"":19,""12"":28,""13"":3,""14"":101,""15"":33,""16"":23,""17"":15,""18"":3,""19"":9,""20"":3,""21"":1,""3"":340,""4"":86,""5"":189,""6"":50,""7"":54,""8"":31,""9"":11}","{""Diagonal CMA-ES"":{""attempts"":310,""discoveries"":0,""improvements"":0,""insertions"":0,""insertion_rate"":0.0},""Immigrant"":{""attempts"":142,""discoveries"":0,""improvements"":0,""insertions"":0,""insertion_rate"":0.0},""Morphology"":{""attempts"":292,""discoveries"":0,""improvements"":7,""insertions"":7,""insertion_rate"":0.023972602739726026},""Novelty"":{""attempts"":256,""discoveries"":0,""improvements"":2,""insertions"":2,""insertion_rate"":0.0078125}}","{""Morphology"":184,""Novelty"":28}",0,0.8902439024390244,false,35000
39,60,61000,1.358398797,0.037226683999999996,0.03011593,0.002760478,0.004350276,1.6681790890000001,73.01636,27.502962,5944.100433856249,180,0.9375,30,3.480202422358323,68,0.37777777777777777,"{""10"":1,""3"":68,""4"":34,""5"":25,""6"":14,""7"":28,""8"":7,""9"":3}","{""10"":1,""11"":3,""12"":6,""14"":20,""15"":3,""16"":3,""17"":4,""3"":68,""4"":3,""5"":31,""6"":11,""7"":14,""8"":4,""9"":9}",103,4.396876383073817,307,0.307,"{""10"":4,""3"":307,""4"":276,""5"":164,""6"":54,""7"":104,""8"":69,""9"":22}","{""10"":1,""11"":24,""12"":22,""13"":7,""14"":81,""15"":38,""16"":18,""17"":15,""18"":3,""19"":9,""20"":3,""21"":1,""3"":307,""4"":82,""5"":208,""6"":55,""7"":89,""8"":25,""9"":12}","{""Diagonal CMA-ES"":{""attempts"":292,""discoveries"":0,""improvements"":0,""insertions"":0,""insertion_rate"":0.0},""Immigrant"":{""attempts"":153,""discoveries"":0,""improvements"":0,""insertions"":0,""insertion_rate"":0.0},""Morphology"":{""attempts"":289,""discoveries"":0,""improvements"":8,""insertions"":8,""insertion_rate"":0.02768166089965398},""Novelty"":{""attempts"":266,""discoveries"":0,""improvements"":0,""insertions"":0,""insertion_rate"":0.0}}","{""Morphology"":204,""Novelty"":27}",1,0.891566265060241,false,36000
39,61,62000,1.396428098,0.038029301,0.030742825,0.002847152,0.004439324,1.712553335,73.01636,28.229233,6022.060726195574,180,0.9375,31,3.4906622031501033,68,0.37777777777777777,"{""10"":1,""3"":68,""4"":32,""5"":26,""6"":14,""7"":29,""8"":7,""9"":3}","{""10"":1,""11"":3,""12"":6,""14"":21,""15"":4,""16"":3,""17"":3,""3"":68,""4"":3,""5"":29,""6"":12,""7"":14,""8"":4,""9"":9}",106,4.4870137022251635,273,0.273,"{""10"":3,""3"":273,""4"":280,""5"":154,""6"":49,""7"":144,""8"":76,""9"":21}","{""10"":1,""11"":23,""12"":22,""13"":2,""14"":121,""15"":44,""16"":15,""17"":13,""18"":5,""19"":10,""20"":6,""21"":2,""22"":2,""23"":1,""3"":273,""4"":137,""5"":171,""6"":45,""7"":67,""8"":33,""9"":7}","{""Diagonal CMA-ES"":{""attempts"":279,""discoveries"":0,""improvements"":0,""insertions"":0,""insertion_rate"":0.0},""Immigrant"":{""attempts"":144,""discoveries"":0,""improvements"":0,""insertions"":0,""insertion_rate"":0.0},""Morphology"":{""attempts"":325,""discoveries"":0,""improvements"":5,""insertions"":5,""insertion_rate"":0.015384615384615385},""Novelty"":{""attempts"":252,""discoveries"":0,""improvements"":0,""insertions"":0,""insertion_rate"":0.0}}","{""Morphology"":232,""Novelty"":23}",1,0.8941176470588236,false,37000
39,62,63000,1.4349620029999999,0.038533905,0.031229619,0.002989628,0.004314658,1.757637587,73.01636,28.229233,6064.46034231782,180,0.9375,29,3.464513592525699,66,0.36666666666666664,"{""10"":1,""3"":66,""4"":32,""5"":27,""6"":15,""7"":31,""8"":5,""9"":3}","{""10"":1,""11"":4,""12"":6,""14"":23,""15"":2,""16"":3,""17"":3,""3"":66,""4"":3,""5"":29,""6"":12,""7"":15,""8"":4,""9"":9}",93,4.347772439311272,309,0.309,"{""10"":4,""3"":309,""4"":263,""5"":159,""6"":52,""7"":126,""8"":72,""9"":15}","{""10"":1,""11"":27,""12"":14,""13"":3,""14"":106,""15"":46,""16"":14,""17"":17,""18"":3,""19"":10,""20"":3,""3"":309,""4"":94,""5"":189,""6"":68,""7"":67,""8"":20,""9"":9}","{""Diagonal CMA-ES"":{""attempts"":323,""discoveries"":0,""improvements"":0,""insertions"":0,""insertion_rate"":0.0},""Immigrant"":{""attempts"":156,""discoveries"":0,""improvements"":0,""insertions"":0,""insertion_rate"":0.0},""Morphology"":{""attempts"":288,""discoveries"":0,""improvements"":7,""insertions"":7,""insertion_rate"":0.024305555555555556},""Novelty"":{""attempts"":233,""discoveries"":0,""improvements"":1,""insertions"":1,""insertion_rate"":0.004291845493562232}}","{""Morphology"":185,""Novelty"":25}",0,0.8941176470588236,false,38000
39,63,64000,1.470166712,0.035204709,0.027774569,0.002929076,0.004501064,1.800439845,73.635216,28.27614,6163.74074831605,180,0.9375,30,3.4604520377919457,66,0.36666666666666664,"{""10"":1,""3"":66,""4"":31,""5"":26,""6"":14,""7"":33,""8"":6,""9"":3}","{""10"":1,""11"":4,""12"":6,""14"":25,""15"":3,""16"":3,""17"":3,""3"":66,""4"":2,""5"":29,""6"":12,""7"":14,""8"":4,""9"":8}",87,4.465542946914154,272,0.272,"{""10"":4,""3"":272,""4"":249,""5"":197,""6"":59,""7"":151,""8"":67,""9"":1}","{""10"":4,""11"":19,""12"":24,""14"":37,""15"":22,""16"":4,""17"":32,""19"":9,""20"":6,""3"":272,""4"":90,""5"":179,""6"":130,""7"":37,""8"":41,""9"":94}","{""Diagonal CMA-ES"":{""attempts"":317,""discoveries"":0,""improvements"":0,""insertions"":0,""insertion_rate"":0.0},""Immigrant"":{""attempts"":140,""discoveries"":0,""improvements"":0,""insertions"":0,""insertion_rate"":0.0},""Morphology"":{""attempts"":310,""discoveries"":0,""improvements"":10,""insertions"":10,""insertion_rate"":0.03225806451612903},""Novelty"":{""attempts"":233,""discoveries"":0,""improvements"":2,""insertions"":2,""insertion_rate"":0.008583690987124463}}","{""Morphology"":211,""Novelty"":14}",1,0.8953488372093024,true,39000
39,64,65000,1.5044797559999998,0.034313044,0.02692446,0.002785412,0.004603172,1.843372705,73.66139,28.633087,6198.999846369028,180,0.9375,29,3.3823372818867417,67,0.37222222222222223,"{""10"":1,""3"":67,""4"":31,""5"":26,""6"":11,""7"":35,""8"":6,""9"":3}","{""10"":1,""11"":4,""12"":6,""14"":27,""15"":3,""16"":3,""17"":3,""3"":67,""4"":2,""5"":29,""6"":12,""7"":14,""8"":2,""9"":7}",82,4.29400246195739,315,0.315,"{""10"":1,""3"":315,""4"":314,""5"":169,""6"":67,""7"":68,""8"":66}","{""10"":4,""11"":24,""12"":29,""13"":1,""14"":33,""15"":28,""17"":18,""19"":8,""20"":9,""3"":315,""4"":102,""5"":227,""6"":108,""7"":40,""8"":33,""9"":21}","{""Diagonal CMA-ES"":{""attempts"":313,""discoveries"":0,""improvements"":1,""insertions"":1,""insertion_rate"":0.003194888178913738},""Immigrant"":{""attempts"":162,""discoveries"":0,""improvements"":0,""insertions"":0,""insertion_rate"":0.0},""Morphology"":{""attempts"":281,""discoveries"":0,""improvements"":5,""insertions"":5,""insertion_rate"":0.017793594306049824},""Novelty"":{""attempts"":244,""discoveries"":0,""improvements"":0,""insertions"":0,""insertion_rate"":0.0}}","{""Morphology"":166,""Novelty"":38}",0,0.896551724137931,true,1000
39,65,66000,1.5401451369999999,0.035665381,0.027397006,0.003643832,0.004624543,1.885635927,75.33849,28.633087,6257.102224737406,181,0.9427083,30,3.402134270349606,66,0.36464088397790057,"{""10"":1,""3"":66,""4"":33,""5"":26,""6"":10,""7"":36,""8"":7,""9"":2}","{""10"":1,""11"":4,""12"":5,""14"":28,""15"":3,""16"":2,""17"":4,""3"":66,""4"":2,""5"":31,""6"":12,""7"":13,""8"":3,""9"":7}",92,4.211613922792335,311,0.311,"{""10"":1,""3"":311,""4"":225,""5"":190,""6"":53,""7"":142,""8"":76,""9"":2}","{""10"":2,""11"":22,""12"":15,""13"":1,""14"":116,""15"":34,""16"":3,""17"":32,""19"":3,""20"":6,""3"":311,""4"":83,""5"":160,""6"":64,""7"":110,""8"":13,""9"":25}","{""Diagonal CMA-ES"":{""attempts"":316,""discoveries"":0,""improvements"":0,""insertions"":0,""insertion_rate"":0.0},""Immigrant"":{""attempts"":145,""discoveries"":0,""improvements"":0,""insertions"":0,""insertion_rate"":0.0},""Morphology"":{""attempts"":308,""discoveries"":1,""improvements"":9,""insertions"":10,""insertion_rate"":0.032467532467532464},""Novelty"":{""attempts"":231,""discoveries"":0,""improvements"":1,""insertions"":1,""insertion_rate"":0.004329004329004329}}","{""Morphology"":211,""Novelty"":29}",2,0.896551724137931,true,1000
39,66,67000,1.562207594,0.022062457,0.015972782,0.002181075,0.0039086,1.9129533840000001,75.33849,28.633087,6311.366905122995,183,0.953125,28,3.4111991290323194,65,0.3551912568306011,"{""10"":1,""3"":65,""4"":32,""5"":29,""6"":11,""7"":37,""8"":6,""9"":2}","{""10"":1,""11"":5,""12"":4,""14"":29,""15"":2,""16"":2,""17"":4,""3"":65,""4"":2,""5"":30,""6"":11,""7"":13,""8"":7,""9"":8}",83,4.28124443633658,257,0.257,"{""3"":257,""4"":188,""5"":303,""6"":71,""7"":128,""8"":53}","{""10"":1,""11"":37,""12"":15,""14"":107,""15"":35,""17"":12,""19"":8,""20"":2,""3"":257,""4"":74,""5"":136,""6"":99,""7"":51,""8"":140,""9"":26}","{""Diagonal CMA-ES"":{""attempts"":293,""discoveries"":0,""improvements"":0,""insertions"":0,""insertion_rate"":0.0},""Immigrant"":{""attempts"":156,""discoveries"":0,""improvements"":0,""insertions"":0,""insertion_rate"":0.0},""Morphology"":{""attempts"":291,""discoveries"":1,""improvements"":4,""insertions"":5,""insertion_rate"":0.01718213058419244},""Novelty"":{""attempts"":260,""discoveries"":1,""improvements"":3,""insertions"":4,""insertion_rate"":0.015384615384615385}}","{""Morphology"":186,""Novelty"":39}",1,0.8863636363636364,false,1000
39,67,68000,1.592398324,0.03019073,0.02507583,0.001840319,0.003274581,1.948145032,75.33849,28.747877,6473.934917718172,185,0.9635417,28,3.4420239263347927,63,0.34054054054054056,"{""10"":1,""3"":63,""4"":29,""5"":33,""6"":10,""7"":40,""8"":7,""9"":2}","{""10"":1,""11"":4,""12"":4,""14"":32,""15"":3,""16"":2,""17"":4,""3"":63,""4"":2,""5"":27,""6"":11,""7"":13,""8"":11,""9"":8}",84,4.161969001763082,197,0.197,"{""3"":197,""4"":168,""5"":339,""6"":96,""7"":133,""8"":64,""9"":3}","{""10"":2,""11"":66,""12"":12,""13"":1,""14"":117,""15"":31,""16"":4,""17"":17,""19"":8,""20"":4,""3"":197,""4"":77,""5"":116,""6"":30,""7"":44,""8"":247,""9"":27}","{""Diagonal CMA-ES"":{""attempts"":307,""discoveries"":0,""improvements"":0,""insertions"":0,""insertion_rate"":0.0},""Immigrant"":{""attempts"":151,""discoveries"":0,""improvements"":0,""insertions"":0,""insertion_rate"":0.0},""Morphology"":{""attempts"":288,""discoveries"":0,""improvements"":8,""insertions"":8,""insertion_rate"":0.027777777777777776},""Novelty"":{""attempts"":254,""discoveries"":2,""improvements"":4,""insertions"":6,""insertion_rate"":0.023622047244094488}}","{""Morphology"":184,""Novelty"":35}",0,0.8863636363636364,false,2000
39,68,69000,1.629806666,0.037408342000000004,0.030381885,0.002902955,0.004123502,1.9924088580000001,75.33849,28.747877,6535.602113813162,186,0.96875,27,3.414763030487637,63,0.3387096774193548,"{""10"":1,""3"":63,""4"":28,""5"":34,""6"":10,""7"":41,""8"":7,""9"":2}","{""10"":1,""11"":4,""12"":4,""14"":33,""15"":3,""16"":2,""17"":4,""3"":63,""4"":2,""5"":26,""6"":11,""7"":12,""8"":13,""9"":8}",102,4.320758006479983,216,0.216,"{""3"":216,""4"":185,""5"":325,""6"":64,""7"":123,""8"":77,""9"":10}","{""10"":3,""11"":38,""12"":13,""13"":2,""14"":101,""15"":50,""16"":8,""17"":15,""18"":1,""19"":6,""20"":2,""3"":216,""4"":77,""5"":130,""6"":37,""7"":37,""8"":234,""9"":30}","{""Diagonal CMA-ES"":{""attempts"":286,""discoveries"":0,""improvements"":1,""insertions"":1,""insertion_rate"":0.0034965034965034965},""Immigrant"":{""attempts"":156,""discoveries"":0,""improvements"":0,""insertions"":0,""insertion_rate"":0.0},""Morphology"":{""attempts"":338,""discoveries"":0,""improvements"":8,""insertions"":8,""insertion_rate"":0.023668639053254437},""Novelty"":{""attempts"":220,""discoveries"":1,""improvements"":1,""insertions"":2,""insertion_rate"":0.00909090909090909}}","{""Morphology"":215,""Novelty"":22}",0,0.8888888888888888,false,3000
39,69,70000,1.665342631,0.035535965,0.028332601,0.002955196,0.004248168,2.034114048,75.33849,30.586498,6596.350722879171,187,0.9739583,27,3.405065596574244,63,0.33689839572192515,"{""10"":1,""3"":63,""4"":29,""5"":33,""6"":10,""7"":43,""8"":6,""9"":2}","{""10"":1,""11"":4,""12"":4,""14"":35,""15"":3,""16"":2,""17"":3,""3"":63,""4"":3,""5"":26,""6"":10,""7"":11,""8"":14,""9"":8}",88,4.041497103609278,276,0.276,"{""3"":276,""4"":195,""5"":294,""6"":51,""7"":104,""8"":73,""9"":7}","{""10"":5,""11"":25,""12"":8,""13"":2,""14"":90,""15"":36,""16"":5,""17"":15,""18"":2,""19"":9,""20"":6,""3"":276,""4"":81,""5"":133,""6"":27,""7"":38,""8"":213,""9"":29}","{""Diagonal CMA-ES"":{""attempts"":284,""discoveries"":0,""improvements"":0,""insertions"":0,""insertion_rate"":0.0},""Immigrant"":{""attempts"":146,""discoveries"":0,""improvements"":0,""insertions"":0,""insertion_rate"":0.0},""Morphology"":{""attempts"":314,""discoveries"":0,""improvements"":6,""insertions"":6,""insertion_rate"":0.01910828025477707},""Novelty"":{""attempts"":256,""discoveries"":1,""improvements"":0,""insertions"":1,""insertion_rate"":0.00390625}}","{""Morphology"":215,""Novelty"":30}",0,0.8901098901098901,false,4000
39,70,71000,1.7017025849999998,0.036359954,0.02919577,0.002867336,0.004296848,2.077428033,75.33849,28.747877,6637.575966447592,188,0.9791667,27,3.407736916747931,63,0.3351063829787234,"{""10"":1,""3"":63,""4"":29,""5"":34,""6"":10,""7"":43,""8"":6,""9"":2}","{""10"":1,""11"":4,""12"":4,""14"":35,""15"":3,""16"":2,""17"":3,""3"":63,""4"":3,""5"":26,""6"":10,""7"":11,""8"":15,""9"":8}",92,4.1154692947267275,305,0.305,"{""3"":305,""4"":182,""5"":248,""6"":52,""7"":142,""8"":61,""9"":10}","{""10"":3,""11"":26,""12"":6,""13"":3,""14"":123,""15"":30,""16"":9,""17"":18,""18"":1,""19"":5,""20"":4,""3"":305,""4"":80,""5"":127,""6"":74,""7"":24,""8"":132,""9"":30}","{""Diagonal CMA-ES"":{""attempts"":285,""discoveries"":0,""improvements"":1,""insertions"":1,""insertion_rate"":0.0035087719298245615},""Immigrant"":{""attempts"":156,""discoveries"":0,""improvements"":0,""insertions"":0,""insertion_rate"":0.0},""Morphology"":{""attempts"":288,""discoveries"":0,""improvements"":4,""insertions"":4,""insertion_rate"":0.013888888888888888},""Novelty"":{""attempts"":271,""discoveries"":1,""improvements"":1,""insertions"":2,""insertion_rate"":0.007380073800738007}}","{""Morphology"":190,""Novelty"":34}",0,0.8901098901098901,false,5000
39,71,72000,1.7370687669999998,0.035366182,0.027729452,0.003288828,0.004347902,2.119190213,75.33849,30.586498,6676.889642804861,188,0.9791667,26,3.368208380473966,64,0.3404255319148936,"{""10"":1,""3"":64,""4"":28,""5"":34,""6"":10,""7"":43,""8"":6,""9"":2}","{""10"":1,""11"":4,""12"":4,""14"":35,""15"":3,""16"":2,""17"":3,""3"":64,""4"":2,""5"":26,""6"":10,""7"":11,""8"":15,""9"":8}",87,4.151177129951061,259,0.259,"{""10"":1,""3"":259,""4"":188,""5"":274,""6"":62,""7"":147,""8"":64,""9"":5}","{""10"":1,""11"":40,""12"":14,""13"":5,""14"":127,""15"":28,""16"":4,""17"":18,""19"":8,""20"":5,""21"":1,""3"":259,""4"":82,""5"":129,""6"":46,""7"":23,""8"":192,""9"":18}","{""Diagonal CMA-ES"":{""attempts"":299,""discoveries"":0,""improvements"":0,""insertions"":0,""insertion_rate"":0.0},""Immigrant"":{""attempts"":158,""discoveries"":0,""improvements"":0,""insertions"":0,""insertion_rate"":0.0},""Morphology"":{""attempts"":309,""discoveries"":0,""improvements"":7,""insertions"":7,""insertion_rate"":0.022653721682847898},""Novelty"":{""attempts"":234,""discoveries"":0,""improvements"":1,""insertions"":1,""insertion_rate"":0.004273504273504274}}","{""Morphology"":193,""Novelty"":18}",0,0.8901098901098901,false,6000
39,72,73000,1.7741826559999998,0.037113889,0.029965141,0.003033558,0.00411519,2.163590579,75.70574,30.586498,6688.8827839791775,188,0.9791667,26,3.3669772614881763,64,0.3404255319148936,"{""10"":1,""3"":64,""4"":27,""5"":35,""6"":10,""7"":43,""8"":6,""9"":2}","{""10"":1,""11"":4,""12"":4,""14"":35,""15"":3,""16"":2,""17"":3,""3"":64,""4"":2,""5"":25,""6"":10,""7"":11,""8"":16,""9"":8}",92,4.465443832589367,239,0.239,"{""3"":239,""4"":280,""5"":205,""6"":67,""7"":121,""8"":81,""9"":7}","{""10"":2,""11"":42,""12"":9,""14"":101,""15"":50,""16"":3,""17"":15,""18"":2,""19"":9,""20"":5,""3"":239,""4"":100,""5"":201,""6"":53,""7"":21,""8"":118,""9"":30}","{""Diagonal CMA-ES"":{""attempts"":284,""discoveries"":0,""improvements"":0,""insertions"":0,""insertion_rate"":0.0},""Immigrant"":{""attempts"":164,""discoveries"":0,""improvements"":0,""insertions"":0,""insertion_rate"":0.0},""Morphology"":{""attempts"":317,""discoveries"":0,""improvements"":7,""insertions"":7,""insertion_rate"":0.022082018927444796},""Novelty"":{""attempts"":235,""discoveries"":0,""improvements"":0,""insertions"":0,""insertion_rate"":0.0}}","{""Morphology"":232,""Novelty"":32}",0,0.8901098901098901,true,7000
39,73,74000,1.8118474549999999,0.037664799,0.029027173,0.00344199,0.005195636,2.208287771,76.492455,31.215973,6744.422978967428,189,0.984375,27,3.401659989422709,64,0.3386243386243386,"{""10"":1,""3"":64,""4"":25,""5"":36,""6"":10,""7"":43,""8"":8,""9"":2}","{""10"":1,""11"":5,""12"":4,""14"":35,""15"":3,""16"":2,""17"":4,""19"":1,""3"":64,""4"":2,""5"":23,""6"":10,""7"":11,""8"":16,""9"":8}",91,4.14507632041447,336,0.336,"{""10"":1,""3"":336,""4"":241,""5"":160,""6"":44,""7"":132,""8"":80,""9"":6}","{""10"":3,""11"":23,""12"":9,""14"":116,""15"":39,""16"":4,""17"":24,""18"":1,""19"":13,""20"":1,""21"":1,""3"":336,""4"":90,""5"":172,""6"":58,""7"":25,""8"":66,""9"":19}","{""Diagonal CMA-ES"":{""attempts"":286,""discoveries"":0,""improvements"":0,""insertions"":0,""insertion_rate"":0.0},""Immigrant"":{""attempts"":150,""discoveries"":0,""improvements"":0,""insertions"":0,""insertion_rate"":0.0},""Morphology"":{""attempts"":312,""discoveries"":1,""improvements"":9,""insertions"":10,""insertion_rate"":0.03205128205128205},""Novelty"":{""attempts"":252,""discoveries"":0,""improvements"":0,""insertions"":0,""insertion_rate"":0.0}}","{""Morphology"":210,""Novelty"":25}",2,0.8901098901098901,true,1000
39,74,75000,1.8452640839999999,0.033416628999999996,0.025561436,0.002866148,0.004989045,2.249266332,76.492455,32.405323,6806.054208368063,189,0.984375,26,3.3888990973349578,63,0.3333333333333333,"{""10"":1,""3"":63,""4"":25,""5"":35,""6"":11,""7"":44,""8"":8,""9"":2}","{""10"":1,""11"":5,""12"":4,""14"":37,""15"":3,""16"":2,""17"":4,""19"":1,""3"":63,""4"":2,""5"":23,""6"":10,""7"":11,""8"":15,""9"":8}",89,4.291824957922915,264,0.264,"{""3"":264,""4"":190,""5"":135,""6"":169,""7"":159,""8"":81,""9"":2}","{""10"":5,""11"":156,""12"":15,""14"":123,""15"":45,""16"":6,""17"":26,""19"":7,""20"":4,""3"":264,""4"":83,""5"":126,""6"":46,""7"":17,""8"":56,""9"":21}","{""Diagonal CMA-ES"":{""attempts"":309,""discoveries"":0,""improvements"":0,""insertions"":0,""insertion_rate"":0.0},""Immigrant"":{""attempts"":145,""discoveries"":0,""improvements"":0,""insertions"":0,""insertion_rate"":0.0},""Morphology"":{""attempts"":290,""discoveries"":0,""improvements"":7,""insertions"":7,""insertion_rate"":0.02413793103448276},""Novelty"":{""attempts"":256,""discoveries"":0,""improvements"":1,""insertions"":1,""insertion_rate"":0.00390625}}","{""Morphology"":193,""Novelty"":33}",0,0.8901098901098901,false,1000
39,75,76000,1.8817866979999998,0.036522614,0.02880396,0.002982504,0.00473615,2.292192068,76.492455,32.405323,6853.196520835161,189,0.984375,25,3.3686579257532703,63,0.3333333333333333,"{""10"":1,""3"":63,""4"":25,""5"":34,""6"":10,""7"":45,""8"":9,""9"":2}","{""10"":1,""11"":5,""12"":4,""14"":38,""15"":3,""16"":2,""17"":5,""19"":1,""3"":63,""4"":2,""5"":23,""6"":10,""7"":11,""8"":14,""9"":7}",97,4.430709832279774,238,0.238,"{""10"":1,""3"":238,""4"":242,""5"":124,""6"":153,""7"":171,""8"":69,""9"":2}","{""10"":3,""11"":127,""12"":20,""13"":1,""14"":135,""15"":37,""16"":5,""17"":22,""19"":8,""20"":6,""3"":238,""4"":87,""5"":175,""6"":40,""7"":23,""8"":47,""9"":26}","{""Diagonal CMA-ES"":{""attempts"":274,""discoveries"":0,""improvements"":0,""insertions"":0,""insertion_rate"":0.0},""Immigrant"":{""attempts"":157,""discoveries"":0,""improvements"":0,""insertions"":0,""insertion_rate"":0.0},""Morphology"":{""attempts"":330,""discoveries"":0,""improvements"":5,""insertions"":5,""insertion_rate"":0.015151515151515152},""Novelty"":{""attempts"":239,""discoveries"":0,""improvements"":1,""insertions"":1,""insertion_rate"":0.0041841004184100415}}","{""Morphology"":215,""Novelty"":41}",0,0.8901098901098901,false,2000
39,76,77000,1.9194799919999999,0.037693293999999995,0.028230493,0.004142498,0.005320303,2.336761032,76.86755,33.65982,6906.7567701637745,189,0.984375,26,3.394237115468279,63,0.3333333333333333,"{""10"":1,""3"":63,""4"":25,""5"":33,""6"":10,""7"":45,""8"":9,""9"":3}","{""10"":1,""11"":5,""12"":4,""14"":38,""15"":3,""16"":2,""17"":5,""19"":1,""20"":1,""3"":63,""4"":2,""5"":23,""6"":10,""7"":10,""8"":14,""9"":7}",88,4.381221213090345,226,0.226,"{""10"":1,""3"":226,""4"":223,""5"":199,""6"":192,""7"":66,""8"":88,""9"":5}","{""10"":2,""11"":166,""12"":19,""13"":2,""14"":38,""15"":32,""16"":2,""17"":32,""18"":1,""19"":17,""20"":6,""3"":226,""4"":98,""5"":142,""6"":89,""7"":27,""8"":77,""9"":24}","{""Diagonal CMA-ES"":{""attempts"":310,""discoveries"":0,""improvements"":0,""insertions"":0,""insertion_rate"":0.0},""Immigrant"":{""attempts"":150,""discoveries"":0,""improvements"":0,""insertions"":0,""insertion_rate"":0.0},""Morphology"":{""attempts"":286,""discoveries"":0,""improvements"":7,""insertions"":7,""insertion_rate"":0.024475524475524476},""Novelty"":{""attempts"":254,""discoveries"":0,""improvements"":1,""insertions"":1,""insertion_rate"":0.003937007874015748}}","{""Morphology"":190,""Novelty"":26}",1,0.8924731182795699,true,3000
39,77,78000,1.9560655329999999,0.036585541,0.028903693,0.003130917,0.004550931,2.379563289,76.86755,31.215973,6937.710774451494,190,0.9895833,26,3.4509816194837755,61,0.32105263157894737,"{""10"":1,""3"":61,""4"":25,""5"":34,""6"":11,""7"":45,""8"":10,""9"":3}","{""10"":1,""11"":6,""12"":4,""14"":38,""15"":3,""16"":2,""17"":6,""19"":1,""20"":1,""3"":61,""4"":3,""5"":22,""6"":10,""7"":10,""8"":15,""9"":7}",90,4.508596857095653,239,0.239,"{""3"":239,""4"":254,""5"":266,""6"":67,""7"":74,""8"":95,""9"":5}","{""10"":1,""11"":36,""12"":18,""13"":3,""14"":53,""15"":32,""17"":34,""18"":1,""19"":20,""20"":9,""24"":1,""3"":239,""4"":84,""5"":185,""6"":94,""7"":41,""8"":128,""9"":21}","{""Diagonal CMA-ES"":{""attempts"":322,""discoveries"":0,""improvements"":0,""insertions"":0,""insertion_rate"":0.0},""Immigrant"":{""attempts"":143,""discoveries"":0,""improvements"":0,""insertions"":0,""insertion_rate"":0.0},""Morphology"":{""attempts"":304,""discoveries"":0,""improvements"":5,""insertions"":5,""insertion_rate"":0.01644736842105263},""Novelty"":{""attempts"":231,""discoveries"":1,""improvements"":1,""insertions"":2,""insertion_rate"":0.008658008658008658}}","{""Morphology"":202,""Novelty"":26}",0,0.8924731182795699,false,1000
39,78,79000,1.9943453539999998,0.038279821000000006,0.030105243,0.003628396,0.004546182,2.425358736,77.97124,31.215973,6974.522203475237,190,0.9895833,26,3.4326392030481965,62,0.3263157894736842,"{""10"":1,""3"":62,""4"":24,""5"":34,""6"":11,""7"":45,""8"":10,""9"":3}","{""10"":1,""11"":6,""12"":4,""14"":38,""15"":3,""16"":2,""17"":6,""19"":1,""20"":1,""3"":62,""4"":3,""5"":21,""6"":10,""7"":10,""8"":15,""9"":7}",100,4.36537686979219,189,0.189,"{""3"":189,""4"":190,""5"":383,""6"":63,""7"":63,""8"":102,""9"":10}","{""10"":4,""11"":35,""12"":26,""13"":1,""14"":34,""15"":44,""16"":2,""17"":34,""18"":3,""19"":15,""20"":4,""23"":2,""3"":189,""4"":80,""5"":128,""6"":64,""7"":30,""8"":280,""9"":25}","{""Diagonal CMA-ES"":{""attempts"":296,""discoveries"":0,""improvements"":0,""insertions"":0,""insertion_rate"":0.0},""Immigrant"":{""attempts"":150,""discoveries"":0,""improvements"":0,""insertions"":0,""insertion_rate"":0.0},""Morphology"":{""attempts"":298,""discoveries"":0,""improvements"":6,""insertions"":6,""insertion_rate"":0.020134228187919462},""Novelty"":{""attempts"":256,""discoveries"":0,""improvements"":0,""insertions"":0,""insertion_rate"":0.0}}","{""Morphology"":199,""Novelty"":18}",0,0.8924731182795699,true,2000
39,79,80000,2.032013716,0.037668362,0.030066063,0.003064428,0.004537871,2.46940766,77.97124,31.215973,6989.1066718399525,190,0.9895833,26,3.454624378756165,62,0.3263157894736842,"{""10"":1,""3"":62,""4"":24,""5"":33,""6"":12,""7"":44,""8"":11,""9"":3}","{""10"":1,""11"":7,""12"":4,""14"":37,""15"":3,""16"":2,""17"":7,""19"":1,""20"":1,""3"":62,""4"":3,""5"":21,""6"":9,""7"":10,""8"":15,""9"":7}",97,4.598237032703099,180,0.18,"{""3"":180,""4"":219,""5"":289,""6"":64,""7"":65,""8"":171,""9"":12}","{""10"":94,""11"":33,""12"":19,""14"":45,""15"":29,""16"":3,""17"":30,""19"":18,""20"":5,""23"":1,""3"":180,""4"":108,""5"":145,""6"":75,""7"":32,""8"":157,""9"":26}","{""Diagonal CMA-ES"":{""attempts"":298,""discoveries"":0,""improvements"":0,""insertions"":0,""insertion_rate"":0.0},""Immigrant"":{""attempts"":151,""discoveries"":0,""improvements"":0,""insertions"":0,""insertion_rate"":0.0},""Morphology"":{""attempts"":306,""discoveries"":0,""improvements"":5,""insertions"":5,""insertion_rate"":0.016339869281045753},""Novelty"":{""attempts"":245,""discoveries"":0,""improvements"":1,""insertions"":1,""insertion_rate"":0.004081632653061225}}","{""Morphology"":199,""Novelty"":44}",0,0.8936170212765957,false,1000
39,80,81000,2.070711469,0.038697753,0.030201415,0.003022873,0.005473465,2.514247329,77.97124,31.215973,7005.711370974779,190,0.9895833,25,3.4016831526451305,62,0.3263157894736842,"{""10"":1,""3"":62,""4"":24,""5"":33,""6"":11,""7"":45,""8"":11,""9"":3}","{""10"":1,""11"":7,""12"":3,""14"":39,""15"":3,""16"":2,""17"":7,""19"":1,""20"":1,""3"":62,""4"":3,""5"":21,""6"":9,""7"":10,""8"":15,""9"":6}",87,4.481737446793654,287,0.287,"{""3"":287,""4"":222,""5"":211,""6"":96,""7"":96,""8"":82,""9"":6}","{""10"":7,""11"":64,""12"":15,""13"":1,""14"":50,""15"":29,""16"":3,""17"":24,""19"":16,""20"":6,""23"":2,""24"":1,""3"":287,""4"":99,""5"":142,""6"":87,""7"":37,""8"":77,""9"":53}","{""Diagonal CMA-ES"":{""attempts"":293,""discoveries"":0,""improvements"":0,""insertions"":0,""insertion_rate"":0.0},""Immigrant"":{""attempts"":150,""discoveries"":0,""improvements"":0,""insertions"":0,""insertion_rate"":0.0},""Morphology"":{""attempts"":283,""discoveries"":0,""improvements"":8,""insertions"":8,""insertion_rate"":0.028268551236749116},""Novelty"":{""attempts"":274,""discoveries"":0,""improvements"":0,""insertions"":0,""insertion_rate"":0.0}}","{""Morphology"":173,""Novelty"":30}",0,0.8936170212765957,false,2000
39,81,82000,2.1109479639999997,0.040236495,0.032584331,0.003130916,0.004521248,2.561864098,77.97124,31.215973,7014.28930619359,190,0.9895833,25,3.401683152645131,62,0.3263157894736842,"{""10"":1,""3"":62,""4"":24,""5"":33,""6"":11,""7"":45,""8"":11,""9"":3}","{""10"":1,""11"":7,""12"":3,""14"":39,""15"":3,""16"":2,""17"":7,""19"":1,""20"":1,""3"":62,""4"":3,""5"":21,""6"":9,""7"":10,""8"":15,""9"":6}",95,4.533619214412089,265,0.265,"{""3"":265,""4"":227,""5"":215,""6"":68,""7"":118,""8"":100,""9"":7}","{""10"":7,""11"":45,""12"":17,""13"":1,""14"":93,""15"":35,""16"":1,""17"":41,""18"":2,""19"":19,""23"":1,""24"":1,""3"":265,""4"":105,""5"":143,""6"":91,""7"":43,""8"":74,""9"":16}","{""Diagonal CMA-ES"":{""attempts"":298,""discoveries"":0,""improvements"":0,""insertions"":0,""insertion_rate"":0.0},""Immigrant"":{""attempts"":154,""discoveries"":0,""improvements"":0,""insertions"":0,""insertion_rate"":0.0},""Morphology"":{""attempts"":293,""discoveries"":0,""improvements"":4,""insertions"":4,""insertion_rate"":0.013651877133105802},""Novelty"":{""attempts"":255,""discoveries"":0,""improvements"":0,""insertions"":0,""insertion_rate"":0.0}}","{""Morphology"":198,""Novelty"":33}",1,0.8936170212765957,false,3000
39,82,83000,2.1507190379999996,0.039771074,0.034461457,0.002572885,0.002736732,2.607215494,77.97124,32.77974,7041.418441325426,190,0.9895833,24,3.3598170814735093,62,0.3263157894736842,"{""10"":1,""3"":62,""4"":24,""5"":33,""6"":11,""7"":45,""8"":11,""9"":3}","{""11"":7,""12"":1,""14"":40,""15"":4,""16"":2,""17"":7,""19"":1,""20"":1,""3"":62,""4"":3,""5"":21,""6"":9,""7"":10,""8"":15,""9"":7}",100,4.53960165656807,287,0.287,"{""3"":287,""4"":216,""5"":180,""6"":95,""7"":116,""8"":98,""9"":8}","{""10"":2,""11"":72,""12"":12,""13"":1,""14"":62,""15"":42,""16"":3,""17"":35,""18"":5,""19"":12,""20"":6,""23"":1,""26"":1,""3"":287,""4"":97,""5"":140,""6"":69,""7"":32,""8"":70,""9"":51}","{""Diagonal CMA-ES"":{""attempts"":285,""discoveries"":0,""improvements"":0,""insertions"":0,""insertion_rate"":0.0},""Immigrant"":{""attempts"":143,""discoveries"":0,""improvements"":0,""insertions"":0,""insertion_rate"":0.0},""Morphology"":{""attempts"":324,""discoveries"":0,""improvements"":10,""insertions"":10,""insertion_rate"":0.030864197530864196},""Novelty"":{""attempts"":248,""discoveries"":0,""improvements"":0,""insertions"":0,""insertion_rate"":0.0}}","{""Morphology"":222,""Novelty"":31}",1,0.8936170212765957,false,4000
39,83,84000,2.189222073,0.038503035,0.029829789,0.003039495,0.005633751,2.652673747,77.97124,32.77974,7091.2532739937305,190,0.9895833,23,3.2983389040478293,63,0.33157894736842103,"{""10"":1,""3"":63,""4"":24,""5"":33,""6"":10,""7"":45,""8"":11,""9"":3}","{""11"":6,""14"":41,""15"":4,""16"":2,""17"":7,""19"":1,""20"":1,""3"":63,""4"":3,""5"":21,""6"":8,""7"":10,""8"":16,""9"":7}",94,4.635683989324017,224,0.224,"{""3"":224,""4"":217,""5"":196,""6"":133,""7"":120,""8"":100,""9"":10}","{""10"":7,""11"":116,""12"":51,""13"":2,""14"":55,""15"":37,""16"":3,""17"":31,""18"":1,""19"":14,""20"":15,""23"":3,""3"":224,""4"":91,""5"":148,""6"":76,""7"":24,""8"":82,""9"":20}","{""Diagonal CMA-ES"":{""attempts"":279,""discoveries"":0,""improvements"":0,""insertions"":0,""insertion_rate"":0.0},""Immigrant"":{""attempts"":143,""discoveries"":0,""improvements"":0,""insertions"":0,""insertion_rate"":0.0},""Morphology"":{""attempts"":317,""discoveries"":0,""improvements"":10,""insertions"":10,""insertion_rate"":0.031545741324921134},""Novelty"":{""attempts"":261,""discoveries"":0,""improvements"":1,""insertions"":1,""insertion_rate"":0.0038314176245210726}}","{""Morphology"":215,""Novelty"":23}",0,0.8936170212765957,false,5000
39,84,85000,2.229243666,0.040021593,0.031357847,0.003959654,0.004704092,2.702847965,79.75438,32.77974,7114.771430045366,190,0.9895833,24,3.386292511194401,61,0.32105263157894737,"{""10"":1,""3"":61,""4"":24,""5"":34,""6"":10,""7"":43,""8"":14,""9"":3}","{""11"":6,""14"":39,""15"":6,""16"":2,""17"":8,""19"":1,""20"":1,""3"":61,""4"":3,""5"":21,""6"":8,""7"":10,""8"":17,""9"":7}",88,4.220557851035116,245,0.245,"{""3"":245,""4"":194,""5"":241,""6"":48,""7"":173,""8"":93,""9"":6}","{""10"":4,""11"":26,""12"":17,""13"":1,""14"":153,""15"":38,""16"":3,""17"":34,""18"":4,""19"":13,""20"":5,""24"":1,""3"":245,""4"":92,""5"":125,""6"":55,""7"":17,""8"":152,""9"":15}","{""Diagonal CMA-ES"":{""attempts"":287,""discoveries"":0,""improvements"":2,""insertions"":2,""insertion_rate"":0.006968641114982578},""Immigrant"":{""attempts"":139,""discoveries"":0,""improvements"":0,""insertions"":0,""insertion_rate"":0.0},""Morphology"":{""attempts"":347,""discoveries"":0,""improvements"":5,""insertions"":5,""insertion_rate"":0.01440922190201729},""Novelty"":{""attempts"":227,""discoveries"":0,""improvements"":0,""insertions"":0,""insertion_rate"":0.0}}","{""Morphology"":233,""Novelty"":25}",1,0.8947368421052632,true,6000
39,85,86000,2.26506221,0.035818544,0.028192499,0.003016936,0.004609109,2.7455172450000003,81.688324,32.77974,7142.152525931597,190,0.9895833,25,3.3728986960805902,61,0.32105263157894737,"{""10"":1,""3"":61,""4"":24,""5"":35,""6"":8,""7"":44,""8"":13,""9"":4}","{""11"":5,""14"":40,""15"":6,""16"":2,""17"":7,""18"":1,""19"":1,""20"":1,""3"":61,""4"":3,""5"":21,""6"":8,""7"":10,""8"":18,""9"":6}",92,4.3636972206265945,269,0.269,"{""3"":269,""4"":207,""5"":146,""6"":65,""7"":187,""8"":120,""9"":6}","{""10"":7,""11"":43,""12"":11,""14"":161,""15"":51,""16"":4,""17"":41,""18"":3,""19"":16,""20"":7,""3"":269,""4"":80,""5"":148,""6"":47,""7"":26,""8"":61,""9"":25}","{""Diagonal CMA-ES"":{""attempts"":299,""discoveries"":0,""improvements"":0,""insertions"":0,""insertion_rate"":0.0},""Immigrant"":{""attempts"":141,""discoveries"":0,""improvements"":0,""insertions"":0,""insertion_rate"":0.0},""Morphology"":{""attempts"":297,""discoveries"":0,""improvements"":4,""insertions"":4,""insertion_rate"":0.013468013468013467},""Novelty"":{""attempts"":263,""discoveries"":0,""improvements"":1,""insertions"":1,""insertion_rate"":0.0038022813688212928}}","{""Morphology"":213,""Novelty"":38}",1,0.8958333333333334,true,1000
39,86,87000,2.301122964,0.036060754,0.027912296,0.00311192,0.005036538,2.787683108,81.688324,32.77974,7163.574057608843,190,0.9895833,25,3.362075110164937,61,0.32105263157894737,"{""10"":1,""3"":61,""4"":24,""5"":34,""6"":8,""7"":45,""8"":13,""9"":4}","{""11"":5,""14"":41,""15"":6,""16"":2,""17"":7,""18"":1,""19"":1,""20"":1,""3"":61,""4"":3,""5"":21,""6"":8,""7"":9,""8"":18,""9"":6}",87,4.272290366972283,260,0.26,"{""10"":1,""3"":260,""4"":196,""5"":176,""6"":72,""7"":200,""8"":92,""9"":3}","{""10"":3,""11"":46,""12"":5,""14"":176,""15"":31,""16"":2,""17"":35,""18"":1,""19"":19,""20"":7,""3"":260,""4"":84,""5"":129,""6"":54,""7"":26,""8"":88,""9"":34}","{""Diagonal CMA-ES"":{""attempts"":303,""discoveries"":0,""improvements"":0,""insertions"":0,""insertion_rate"":0.0},""Immigrant"":{""attempts"":155,""discoveries"":0,""improvements"":0,""insertions"":0,""insertion_rate"":0.0},""Morphology"":{""attempts"":293,""discoveries"":0,""improvements"":3,""insertions"":3,""insertion_rate"":0.010238907849829351},""Novelty"":{""attempts"":249,""discoveries"":0,""improvements"":0,""insertions"":0,""insertion_rate"":0.0}}","{""Morphology"":197,""Novelty"":27}",0,0.8958333333333334,false,1000
39,87,88000,2.3392341890000004,0.038111225000000006,0.030083872,0.002975381,0.005051972,2.832838598,81.688324,32.77974,7216.013780862093,190,0.9895833,25,3.3220782542892042,61,0.32105263157894737,"{""10"":1,""3"":61,""4"":24,""5"":35,""6"":7,""7"":46,""8"":12,""9"":4}","{""11"":4,""14"":42,""15"":5,""16"":2,""17"":7,""18"":1,""19"":1,""20"":1,""3"":61,""4"":3,""5"":21,""6"":8,""7"":9,""8"":19,""9"":6}",88,4.283467860248401,272,0.272,"{""3"":272,""4"":189,""5"":189,""6"":55,""7"":197,""8"":92,""9"":6}","{""10"":8,""11"":37,""12"":8,""13"":1,""14"":178,""15"":35,""16"":1,""17"":30,""18"":2,""19"":12,""20"":6,""21"":1,""23"":1,""24"":2,""3"":272,""4"":85,""5"":132,""6"":65,""7"":28,""8"":76,""9"":20}","{""Diagonal CMA-ES"":{""attempts"":283,""discoveries"":0,""improvements"":0,""insertions"":0,""insertion_rate"":0.0},""Immigrant"":{""attempts"":152,""discoveries"":0,""improvements"":0,""insertions"":0,""insertion_rate"":0.0},""Morphology"":{""attempts"":302,""discoveries"":0,""improvements"":8,""insertions"":8,""insertion_rate"":0.026490066225165563},""Novelty"":{""attempts"":263,""discoveries"":0,""improvements"":0,""insertions"":0,""insertion_rate"":0.0}}","{""Morphology"":191,""Novelty"":31}",0,0.8969072164948454,false,2000
39,88,89000,2.3753709290000002,0.03613674,0.028604493,0.002970631,0.004561616,2.8759020619999998,81.688324,32.77974,7219.059435158968,190,0.9895833,25,3.322078254289205,61,0.32105263157894737,"{""10"":1,""3"":61,""4"":24,""5"":35,""6"":7,""7"":46,""8"":12,""9"":4}","{""11"":4,""14"":42,""15"":5,""16"":2,""17"":7,""18"":1,""19"":1,""20"":1,""3"":61,""4"":3,""5"":21,""6"":8,""7"":9,""8"":19,""9"":6}",89,4.3897985923031175,222,0.222,"{""3"":222,""4"":180,""5"":157,""6"":51,""7"":197,""8"":182,""9"":11}","{""10"":6,""11"":38,""12"":3,""13"":1,""14"":154,""15"":47,""17"":108,""18"":5,""19"":13,""20"":7,""23"":2,""24"":1,""3"":222,""4"":81,""5"":114,""6"":43,""7"":24,""8"":80,""9"":51}","{""Diagonal CMA-ES"":{""attempts"":286,""discoveries"":0,""improvements"":0,""insertions"":0,""insertion_rate"":0.0},""Immigrant"":{""attempts"":155,""discoveries"":0,""improvements"":0,""insertions"":0,""insertion_rate"":0.0},""Morphology"":{""attempts"":313,""discoveries"":0,""improvements"":2,""insertions"":2,""insertion_rate"":0.006389776357827476},""Novelty"":{""attempts"":246,""discoveries"":0,""improvements"":0,""insertions"":0,""insertion_rate"":0.0}}","{""Morphology"":207,""Novelty"":29}",0,0.8979591836734694,false,3000
39,89,90000,2.4134132900000003,0.038042361,0.029816729,0.003113107,0.005112525,2.92049121,81.688324,32.77974,7232.292574197054,190,0.9895833,24,3.3056432663077002,61,0.32105263157894737,"{""3"":61,""4"":23,""5"":36,""6"":7,""7"":46,""8"":13,""9"":4}","{""11"":4,""14"":42,""15"":6,""16"":2,""17"":6,""18"":1,""19"":1,""20"":1,""3"":61,""4"":3,""5"":20,""6"":8,""7"":9,""8"":20,""9"":6}",88,4.370625686889956,262,0.262,"{""3"":262,""4"":196,""5"":183,""6"":68,""7"":184,""8"":99,""9"":8}","{""10"":5,""11"":39,""12"":5,""14"":161,""15"":49,""17"":29,""18"":3,""19"":13,""20"":9,""23"":2,""24"":1,""3"":262,""4"":81,""5"":130,""6"":69,""7"":27,""8"":81,""9"":34}","{""Diagonal CMA-ES"":{""attempts"":315,""discoveries"":0,""improvements"":0,""insertions"":0,""insertion_rate"":0.0},""Immigrant"":{""attempts"":137,""discoveries"":0,""improvements"":0,""insertions"":0,""insertion_rate"":0.0},""Morphology"":{""attempts"":290,""discoveries"":0,""improvements"":4,""insertions"":4,""insertion_rate"":0.013793103448275862},""Novelty"":{""attempts"":258,""discoveries"":0,""improvements"":1,""insertions"":1,""insertion_rate"":0.003875968992248062}}","{""Morphology"":196,""Novelty"":31}",0,0.8979591836734694,false,4000
39,90,91000,2.4517239830000004,0.03831069300000001,0.030025695,0.003200968,0.00508403,2.965824796,81.688324,32.77974,7287.814804345369,190,0.9895833,25,3.323812959935315,61,0.32105263157894737,"{""3"":61,""4"":23,""5"":36,""6"":8,""7"":44,""8"":14,""9"":4}","{""11"":5,""14"":42,""15"":7,""16"":2,""17"":6,""18"":1,""19"":1,""20"":1,""3"":61,""4"":3,""5"":20,""6"":8,""7"":10,""8"":19,""9"":4}",100,4.5996178323278345,262,0.262,"{""3"":262,""4"":236,""5"":235,""6"":59,""7"":87,""8"":111,""9"":10}","{""10"":5,""11"":33,""12"":10,""14"":57,""15"":41,""17"":41,""18"":5,""19"":19,""20"":6,""23"":3,""3"":262,""4"":100,""5"":153,""6"":95,""7"":51,""8"":86,""9"":33}","{""Diagonal CMA-ES"":{""attempts"":294,""discoveries"":0,""improvements"":0,""insertions"":0,""insertion_rate"":0.0},""Immigrant"":{""attempts"":158,""discoveries"":0,""improvements"":0,""insertions"":0,""insertion_rate"":0.0},""Morphology"":{""attempts"":297,""discoveries"":0,""improvements"":9,""insertions"":9,""insertion_rate"":0.030303030303030304},""Novelty"":{""attempts"":251,""discoveries"":0,""improvements"":0,""insertions"":0,""insertion_rate"":0.0}}","{""Morphology"":198,""Novelty"":43}",1,0.8979591836734694,false,5000
39,91,92000,2.489209499,0.037485516,0.029971078,0.002883958,0.00463048,3.009265822,81.688324,32.77974,7319.7008364498615,190,0.9895833,25,3.2868933271416565,61,0.32105263157894737,"{""3"":61,""4"":23,""5"":36,""6"":8,""7"":46,""8"":12,""9"":4}","{""11"":5,""14"":44,""15"":6,""16"":2,""17"":5,""18"":1,""19"":1,""20"":1,""3"":61,""4"":3,""5"":20,""6"":8,""7"":10,""8"":19,""9"":4}",94,4.511007594161962,256,0.256,"{""3"":256,""4"":264,""5"":201,""6"":56,""7"":86,""8"":125,""9"":12}","{""10"":4,""11"":26,""12"":14,""13"":1,""14"":62,""15"":37,""16"":4,""17"":68,""18"":7,""19"":18,""20"":2,""23"":1,""24"":2,""3"":256,""4"":83,""5"":198,""6"":85,""7"":35,""8"":79,""9"":18}","{""Diagonal CMA-ES"":{""attempts"":338,""discoveries"":0,""improvements"":0,""insertions"":0,""insertion_rate"":0.0},""Immigrant"":{""attempts"":133,""discoveries"":0,""improvements"":0,""insertions"":0,""insertion_rate"":0.0},""Morphology"":{""attempts"":288,""discoveries"":0,""improvements"":4,""insertions"":4,""insertion_rate"":0.013888888888888888},""Novelty"":{""attempts"":241,""discoveries"":0,""improvements"":0,""insertions"":0,""insertion_rate"":0.0}}","{""Morphology"":200,""Novelty"":33}",0,0.8979591836734694,false,6000
39,92,93000,2.5266415870000003,0.037432088,0.03008506,0.003181971,0.004165057,3.0543477,81.688324,33.65982,7370.0060694515705,190,0.9895833,26,3.280348673443899,62,0.3263157894736842,"{""3"":62,""4"":22,""5"":36,""6"":8,""7"":46,""8"":12,""9"":4}","{""11"":5,""14"":44,""15"":6,""16"":2,""17"":5,""18"":1,""19"":1,""20"":1,""3"":62,""4"":3,""5"":19,""6"":8,""7"":10,""8"":19,""9"":4}",86,4.399946685707017,274,0.274,"{""3"":274,""4"":219,""5"":214,""6"":58,""7"":62,""8"":164,""9"":9}","{""10"":4,""11"":26,""12"":7,""14"":47,""15"":45,""16"":1,""17"":98,""18"":4,""19"":15,""20"":5,""23"":1,""24"":1,""3"":274,""4"":88,""5"":153,""6"":75,""7"":32,""8"":93,""9"":31}","{""Diagonal CMA-ES"":{""attempts"":292,""discoveries"":0,""improvements"":0,""insertions"":0,""insertion_rate"":0.0},""Immigrant"":{""attempts"":146,""discoveries"":0,""improvements"":0,""insertions"":0,""insertion_rate"":0.0},""Morphology"":{""attempts"":311,""discoveries"":0,""improvements"":6,""insertions"":6,""insertion_rate"":0.01929260450160772},""Novelty"":{""attempts"":251,""discoveries"":0,""improvements"":1,""insertions"":1,""insertion_rate"":0.00398406374501992}}","{""Morphology"":209,""Novelty"":24}",1,0.8979591836734694,false,7000
39,93,94000,2.564539099,0.037897512,0.029671879,0.003117857,0.005107776,3.098834739,81.688324,33.65982,7386.027164727449,190,0.9895833,24,3.223581613982103,62,0.3263157894736842,"{""3"":62,""4"":22,""5"":36,""6"":8,""7"":47,""8"":12,""9"":3}","{""11"":5,""14"":45,""15"":5,""16"":2,""17"":6,""19"":1,""20"":1,""3"":62,""4"":3,""5"":19,""6"":8,""7"":10,""8"":19,""9"":4}",89,3.9549365947197477,418,0.418,"{""3"":418,""4"":209,""5"":162,""6"":56,""7"":59,""8"":87,""9"":9}","{""10"":3,""11"":18,""12"":3,""13"":1,""14"":49,""15"":31,""17"":31,""18"":5,""19"":12,""20"":14,""24"":1,""3"":418,""4"":95,""5"":138,""6"":57,""7"":31,""8"":70,""9"":23}","{""Diagonal CMA-ES"":{""attempts"":284,""discoveries"":0,""improvements"":0,""insertions"":0,""insertion_rate"":0.0},""Immigrant"":{""attempts"":142,""discoveries"":0,""improvements"":0,""insertions"":0,""insertion_rate"":0.0},""Morphology"":{""attempts"":304,""discoveries"":0,""improvements"":4,""insertions"":4,""insertion_rate"":0.013157894736842105},""Novelty"":{""attempts"":270,""discoveries"":0,""improvements"":0,""insertions"":0,""insertion_rate"":0.0}}","{""Morphology"":202,""Novelty"":33}",0,0.898989898989899,false,8000
39,94,95000,2.599384054,0.034844955,0.027178543,0.002978942,0.00468747,3.140104189,81.688324,33.65982,7397.5213568508625,190,0.9895833,25,3.2380810218882274,62,0.3263157894736842,"{""3"":62,""4"":22,""5"":36,""6"":7,""7"":48,""8"":12,""9"":3}","{""11"":4,""14"":46,""15"":5,""16"":2,""17"":6,""19"":1,""20"":1,""3"":62,""4"":3,""5"":19,""6"":8,""7"":10,""8"":19,""9"":4}",88,4.275361634756163,309,0.309,"{""3"":309,""4"":220,""5"":217,""6"":76,""7"":74,""8"":102,""9"":2}","{""10"":2,""11"":46,""12"":9,""14"":57,""15"":39,""16"":2,""17"":40,""18"":2,""19"":14,""20"":7,""3"":309,""4"":104,""5"":138,""6"":67,""7"":30,""8"":114,""9"":20}","{""Diagonal CMA-ES"":{""attempts"":305,""discoveries"":0,""improvements"":0,""insertions"":0,""insertion_rate"":0.0},""Immigrant"":{""attempts"":151,""discoveries"":0,""improvements"":0,""insertions"":0,""insertion_rate"":0.0},""Morphology"":{""attempts"":305,""discoveries"":0,""improvements"":6,""insertions"":6,""insertion_rate"":0.019672131147540985},""Novelty"":{""attempts"":239,""discoveries"":0,""improvements"":0,""insertions"":0,""insertion_rate"":0.0}}","{""Morphology"":203,""Novelty"":31}",1,0.898989898989899,false,9000
39,95,96000,2.636184498,0.036800444,0.027762696,0.003307825,0.005729923,3.183340999,81.688324,35.087254,7441.476003438234,190,0.9895833,27,3.282413531672841,61,0.32105263157894737,"{""3"":61,""4"":22,""5"":36,""6"":6,""7"":48,""8"":14,""9"":3}","{""11"":4,""14"":46,""15"":6,""16"":2,""17"":6,""19"":1,""20"":1,""3"":61,""4"":3,""5"":19,""6"":8,""7"":9,""8"":20,""9"":4}",82,4.403180561552023,247,0.247,"{""3"":247,""4"":307,""5"":194,""6"":59,""7"":93,""8"":99,""9"":1}","{""10"":2,""11"":33,""12"":5,""14"":82,""15"":48,""17"":32,""19"":14,""20"":5,""3"":247,""4"":83,""5"":242,""6"":82,""7"":31,""8"":72,""9"":22}","{""Diagonal CMA-ES"":{""attempts"":303,""discoveries"":0,""improvements"":0,""insertions"":0,""insertion_rate"":0.0},""Immigrant"":{""attempts"":153,""discoveries"":0,""improvements"":0,""insertions"":0,""insertion_rate"":0.0},""Morphology"":{""attempts"":285,""discoveries"":0,""improvements"":5,""insertions"":5,""insertion_rate"":0.017543859649122806},""Novelty"":{""attempts"":259,""discoveries"":0,""improvements"":1,""insertions"":1,""insertion_rate"":0.003861003861003861}}","{""Morphology"":193,""Novelty"":24}",2,0.9,false,10000
39,96,97000,2.672656058,0.03647156,0.028755281,0.003031184,0.004685095,3.226948247,81.688324,35.75462,7497.73545435071,190,0.9895833,26,3.2276584935804484,62,0.3263157894736842,"{""3"":62,""4"":22,""5"":36,""6"":6,""7"":49,""8"":12,""9"":3}","{""11"":4,""14"":47,""15"":5,""16"":2,""17"":5,""19"":1,""20"":1,""3"":62,""4"":3,""5"":19,""6"":8,""7"":9,""8"":20,""9"":4}",81,4.407383860532517,273,0.273,"{""3"":273,""4"":246,""5"":227,""6"":44,""7"":86,""8"":121,""9"":3}","{""10"":5,""11"":29,""12"":5,""14"":70,""15"":51,""16"":1,""17"":39,""19"":17,""20"":8,""3"":273,""4"":97,""5"":175,""6"":77,""7"":40,""8"":93,""9"":20}","{""Diagonal CMA-ES"":{""attempts"":285,""discoveries"":0,""improvements"":0,""insertions"":0,""insertion_rate"":0.0},""Immigrant"":{""attempts"":152,""discoveries"":0,""improvements"":0,""insertions"":0,""insertion_rate"":0.0},""Morphology"":{""attempts"":310,""discoveries"":0,""improvements"":5,""insertions"":5,""insertion_rate"":0.016129032258064516},""Novelty"":{""attempts"":253,""discoveries"":0,""improvements"":0,""insertions"":0,""insertion_rate"":0.0}}","{""Morphology"":205,""Novelty"":26}",0,0.9,false,11000
39,97,98000,2.709153738,0.03649768,0.027841057,0.003938283,0.00471834,3.271523147,81.688324,35.81539,7533.460723668337,190,0.9895833,26,3.2276584935804484,62,0.3263157894736842,"{""3"":62,""4"":22,""5"":36,""6"":6,""7"":49,""8"":12,""9"":3}","{""11"":4,""14"":47,""15"":5,""16"":2,""17"":5,""19"":1,""20"":1,""3"":62,""4"":3,""5"":19,""6"":8,""7"":9,""8"":20,""9"":4}",80,4.269320553224042,283,0.283,"{""3"":283,""4"":239,""5"":219,""6"":44,""7"":125,""8"":88,""9"":2}","{""10"":1,""11"":27,""12"":5,""14"":109,""15"":43,""16"":2,""17"":21,""18"":2,""19"":13,""20"":5,""3"":283,""4"":98,""5"":163,""6"":79,""7"":35,""8"":92,""9"":22}","{""Diagonal CMA-ES"":{""attempts"":335,""discoveries"":0,""improvements"":1,""insertions"":1,""insertion_rate"":0.0029850746268656717},""Immigrant"":{""attempts"":172,""discoveries"":0,""improvements"":0,""insertions"":0,""insertion_rate"":0.0},""Morphology"":{""attempts"":261,""discoveries"":0,""improvements"":4,""insertions"":4,""insertion_rate"":0.01532567049808429},""Novelty"":{""attempts"":232,""discoveries"":0,""improvements"":1,""insertions"":1,""insertion_rate"":0.004310344827586207}}","{""Morphology"":164,""Novelty"":22}",0,0.900990099009901,false,12000
39,98,99000,2.749356991,0.04020325300000001,0.031854141,0.003059679,0.005289433,3.318185325,81.688324,36.24715,7570.965446263552,190,0.9895833,25,3.1910771217710434,62,0.3263157894736842,"{""3"":62,""4"":22,""5"":36,""6"":6,""7"":50,""8"":11,""9"":3}","{""11"":4,""14"":48,""15"":4,""16"":2,""17"":5,""19"":1,""20"":1,""3"":62,""4"":3,""5"":19,""6"":8,""7"":9,""8"":20,""9"":4}",80,4.263168918426027,281,0.281,"{""3"":281,""4"":199,""5"":159,""6"":43,""7"":201,""8"":107,""9"":10}","{""10"":3,""11"":25,""12"":7,""14"":179,""15"":52,""16"":5,""17"":31,""18"":2,""19"":17,""20"":10,""23"":4,""3"":281,""4"":82,""5"":146,""6"":51,""7"":25,""8"":63,""9"":17}","{""Diagonal CMA-ES"":{""attempts"":312,""discoveries"":0,""improvements"":0,""insertions"":0,""insertion_rate"":0.0},""Immigrant"":{""attempts"":142,""discoveries"":0,""improvements"":0,""insertions"":0,""insertion_rate"":0.0},""Morphology"":{""attempts"":312,""discoveries"":0,""improvements"":4,""insertions"":4,""insertion_rate"":0.01282051282051282},""Novelty"":{""attempts"":234,""discoveries"":0,""improvements"":1,""insertions"":1,""insertion_rate"":0.004273504273504274}}","{""Morphology"":213,""Novelty"":29}",0,0.9029126213592233,false,13000
39,99,100000,2.786914932,0.037557941,0.029397611,0.003355317,0.004805013,3.3626213099999998,81.688324,36.24715,7609.942388802767,190,0.9895833,26,3.191610337917456,63,0.33157894736842103,"{""3"":63,""4"":20,""5"":36,""6"":6,""7"":50,""8"":12,""9"":3}","{""11"":4,""14"":48,""15"":5,""16"":2,""17"":5,""19"":1,""20"":1,""3"":63,""4"":3,""5"":17,""6"":8,""7"":9,""8"":20,""9"":4}",93,4.475880552555195,238,0.238,"{""10"":1,""3"":238,""4"":217,""5"":175,""6"":61,""7"":180,""8"":118,""9"":10}","{""10"":3,""11"":43,""12"":5,""14"":162,""15"":50,""16"":4,""17"":45,""18"":4,""19"":9,""20"":9,""23"":1,""24"":1,""3"":238,""4"":88,""5"":155,""6"":43,""7"":44,""8"":75,""9"":21}","{""Diagonal CMA-ES"":{""attempts"":288,""discoveries"":0,""improvements"":0,""insertions"":0,""insertion_rate"":0.0},""Immigrant"":{""attempts"":139,""discoveries"":0,""improvements"":0,""insertions"":0,""insertion_rate"":0.0},""Morphology"":{""attempts"":335,""discoveries"":0,""improvements"":12,""insertions"":12,""insertion_rate"":0.03582089552238806},""Novelty"":{""attempts"":238,""discoveries"":0,""improvements"":0,""insertions"":0,""insertion_rate"":0.0}}","{""Morphology"":227,""Novelty"":35}",1,0.9029126213592233,false,14000
39,100,101000,2.824618912,0.037703980000000005,0.029665942,0.003100047,0.004937991,3.407984579,81.688324,36.24715,7659.953432351351,190,0.9895833,27,3.262760631305683,61,0.32105263157894737,"{""3"":61,""4"":20,""5"":37,""6"":6,""7"":49,""8"":14,""9"":3}","{""11"":4,""14"":47,""15"":6,""16"":2,""17"":6,""19"":1,""20"":1,""3"":61,""4"":4,""5"":16,""6"":8,""7"":10,""8"":20,""9"":4}",83,4.217471655943624,224,0.224,"{""3"":224,""4"":193,""5"":200,""6"":49,""7"":224,""8"":105,""9"":5}","{""10"":3,""11"":34,""12"":3,""14"":206,""15"":46,""16"":2,""17"":34,""19"":14,""20"":9,""23"":1,""3"":224,""4"":76,""5"":141,""6"":49,""7"":23,""8"":111,""9"":24}","{""Diagonal CMA-ES"":{""attempts"":300,""discoveries"":0,""improvements"":0,""insertions"":0,""insertion_rate"":0.0},""Immigrant"":{""attempts"":155,""discoveries"":0,""improvements"":0,""insertions"":0,""insertion_rate"":0.0},""Morphology"":{""attempts"":297,""discoveries"":0,""improvements"":6,""insertions"":6,""insertion_rate"":0.020202020202020204},""Novelty"":{""attempts"":248,""discoveries"":0,""improvements"":0,""insertions"":0,""insertion_rate"":0.0}}","{""Morphology"":186,""Novelty"":29}",1,0.9029126213592233,false,15000
39,101,102000,2.86434843,0.039729518,0.031290172,0.003661641,0.004777705,3.45623418,81.688324,36.24715,7703.496343880892,190,0.9895833,27,3.250863238106239,61,0.32105263157894737,"{""3"":61,""4"":20,""5"":36,""6"":6,""7"":50,""8"":14,""9"":3}","{""11"":4,""14"":48,""15"":6,""16"":2,""17"":6,""19"":1,""20"":1,""3"":61,""4"":4,""5"":16,""6"":8,""7"":9,""8"":20,""9"":4}",90,4.384350914988316,235,0.235,"{""3"":235,""4"":179,""5"":219,""6"":76,""7"":174,""8"":104,""9"":13}","{""10"":4,""11"":45,""12"":5,""14"":163,""15"":40,""16"":3,""17"":42,""18"":2,""19"":8,""20"":8,""23"":1,""24"":4,""3"":235,""4"":74,""5"":121,""6"":55,""7"":24,""8"":140,""9"":26}","{""Diagonal CMA-ES"":{""attempts"":292,""discoveries"":0,""improvements"":0,""insertions"":0,""insertion_rate"":0.0},""Immigrant"":{""attempts"":146,""discoveries"":0,""improvements"":0,""insertions"":0,""insertion_rate"":0.0},""Morphology"":{""attempts"":294,""discoveries"":0,""improvements"":7,""insertions"":7,""insertion_rate"":0.023809523809523808},""Novelty"":{""attempts"":268,""discoveries"":0,""improvements"":1,""insertions"":1,""insertion_rate"":0.0037313432835820895}}","{""Morphology"":194,""Novelty"":37}",0,0.9029126213592233,false,16000
39,102,103000,2.9072931630000003,0.042944733,0.034656174,0.003779184,0.004509375,3.506662482,82.63407,36.24715,7718.681974679232,190,0.9895833,27,3.2508632381062386,61,0.32105263157894737,"{""3"":61,""4"":20,""5"":36,""6"":6,""7"":50,""8"":14,""9"":3}","{""11"":4,""14"":48,""15"":6,""16"":2,""17"":6,""19"":1,""20"":1,""3"":61,""4"":4,""5"":16,""6"":8,""7"":9,""8"":20,""9"":4}",91,4.342840887259098,235,0.235,"{""3"":235,""4"":184,""5"":210,""6"":52,""7"":194,""8"":115,""9"":10}","{""10"":3,""11"":27,""12"":6,""13"":1,""14"":178,""15"":52,""16"":2,""17"":42,""18"":1,""19"":15,""20"":9,""24"":1,""3"":235,""4"":89,""5"":122,""6"":40,""7"":34,""8"":120,""9"":23}","{""Diagonal CMA-ES"":{""attempts"":303,""discoveries"":0,""improvements"":0,""insertions"":0,""insertion_rate"":0.0},""Immigrant"":{""attempts"":175,""discoveries"":0,""improvements"":0,""insertions"":0,""insertion_rate"":0.0},""Morphology"":{""attempts"":286,""discoveries"":0,""improvements"":3,""insertions"":3,""insertion_rate"":0.01048951048951049},""Novelty"":{""attempts"":236,""discoveries"":0,""improvements"":0,""insertions"":0,""insertion_rate"":0.0}}","{""Morphology"":189,""Novelty"":24}",0,0.9038461538461539,true,17000
39,103,104000,2.9440710470000004,0.036777884,0.028878761,0.003101234,0.004797889,3.5506971590000003,87.238266,36.24715,7730.835210204124,190,0.9895833,26,3.2158826139931325,62,0.3263157894736842,"{""3"":62,""4"":21,""5"":35,""6"":5,""7"":50,""8"":14,""9"":3}","{""11"":4,""14"":48,""15"":6,""16"":2,""17"":6,""19"":1,""20"":1,""3"":62,""4"":4,""5"":17,""6"":7,""7"":9,""8"":19,""9"":4}",90,4.320112124411495,272,0.272,"{""10"":2,""3"":272,""4"":221,""5"":282,""6"":44,""7"":64,""8"":107,""9"":8}","{""10"":3,""11"":21,""12"":10,""14"":52,""15"":32,""16"":1,""17"":45,""18"":3,""19"":19,""20"":8,""22"":1,""3"":272,""4"":94,""5"":147,""6"":72,""7"":39,""8"":164,""9"":17}","{""Diagonal CMA-ES"":{""attempts"":300,""discoveries"":0,""improvements"":1,""insertions"":1,""insertion_rate"":0.0033333333333333335},""Immigrant"":{""attempts"":155,""discoveries"":0,""improvements"":0,""insertions"":0,""insertion_rate"":0.0},""Morphology"":{""attempts"":300,""discoveries"":0,""improvements"":6,""insertions"":6,""insertion_rate"":0.02},""Novelty"":{""attempts"":245,""discoveries"":0,""improvements"":0,""insertions"":0,""insertion_rate"":0.0}}","{""Morphology"":199,""Novelty"":30}",0,0.9047619047619048,true,1000
39,104,105000,2.9822974390000003,0.038226392,0.032175899,0.002217881,0.003832612,3.59478289,87.238266,36.280407,7781.317748308182,190,0.9895833,26,3.207410822022412,62,0.3263157894736842,"{""3"":62,""4"":22,""5"":35,""6"":5,""7"":49,""8"":14,""9"":3}","{""11"":3,""14"":48,""15"":6,""16"":2,""17"":6,""19"":1,""20"":1,""3"":62,""4"":4,""5"":18,""6"":7,""7"":9,""8"":19,""9"":4}",93,4.360813781507776,283,0.283,"{""3"":283,""4"":191,""5"":181,""6"":57,""7"":166,""8"":112,""9"":10}","{""10"":3,""11"":39,""12"":7,""14"":153,""15"":45,""16"":4,""17"":46,""18"":1,""19"":13,""20"":7,""24"":1,""3"":283,""4"":90,""5"":130,""6"":49,""7"":33,""8"":77,""9"":19}","{""Diagonal CMA-ES"":{""attempts"":274,""discoveries"":0,""improvements"":0,""insertions"":0,""insertion_rate"":0.0},""Immigrant"":{""attempts"":146,""discoveries"":0,""improvements"":0,""insertions"":0,""insertion_rate"":0.0},""Morphology"":{""attempts"":302,""discoveries"":0,""improvements"":6,""insertions"":6,""insertion_rate"":0.019867549668874173},""Novelty"":{""attempts"":278,""discoveries"":0,""improvements"":2,""insertions"":2,""insertion_rate"":0.007194244604316547}}","{""Morphology"":199,""Novelty"":47}",1,0.9047619047619048,false,1000
39,105,106000,3.022085135,0.039787696,0.03121181,0.003121418,0.005454468,3.642941069,97.01802,36.280407,7808.980516672134,190,0.9895833,26,3.2025703770827065,62,0.3263157894736842,"{""3"":62,""4"":22,""5"":35,""6"":5,""7"":49,""8"":14,""9"":3}","{""11"":3,""14"":48,""15"":6,""16"":2,""17"":6,""19"":1,""20"":1,""3"":62,""4"":4,""5"":18,""6"":7,""7"":9,""8"":19,""9"":4}",96,4.3310103825588,272,0.272,"{""3"":272,""4"":158,""5"":191,""6"":55,""7"":197,""8"":112,""9"":15}","{""10"":1,""11"":33,""12"":7,""14"":185,""15"":46,""16"":1,""17"":39,""18"":8,""19"":19,""20"":10,""23"":1,""3"":272,""4"":72,""5"":106,""6"":48,""7"":47,""8"":84,""9"":21}","{""Diagonal CMA-ES"":{""attempts"":283,""discoveries"":0,""improvements"":0,""insertions"":0,""insertion_rate"":0.0},""Immigrant"":{""attempts"":146,""discoveries"":0,""improvements"":0,""insertions"":0,""insertion_rate"":0.0},""Morphology"":{""attempts"":317,""discoveries"":0,""improvements"":2,""insertions"":2,""insertion_rate"":0.006309148264984227},""Novelty"":{""attempts"":254,""discoveries"":0,""improvements"":0,""insertions"":0,""insertion_rate"":0.0}}","{""Morphology"":205,""Novelty"":27}",0,0.9047619047619048,true,2000
39,106,107000,3.060869561,0.038784426000000004,0.029580456,0.003275768,0.005928202,3.690202835,97.01802,36.280407,7821.417780160904,190,0.9895833,26,3.2025703770827074,62,0.3263157894736842,"{""3"":62,""4"":22,""5"":35,""6"":5,""7"":49,""8"":14,""9"":3}","{""11"":3,""14"":48,""15"":6,""16"":2,""17"":6,""19"":1,""20"":1,""3"":62,""4"":4,""5"":18,""6"":7,""7"":9,""8"":19,""9"":4}",95,4.344004880886777,223,0.223,"{""10"":3,""3"":223,""4"":161,""5"":188,""6"":50,""7"":239,""8"":124,""9"":12}","{""11"":25,""12"":11,""14"":223,""15"":60,""16"":5,""17"":52,""18"":4,""19"":11,""20"":6,""24"":2,""3"":223,""4"":73,""5"":113,""6"":46,""7"":27,""8"":95,""9"":24}","{""Diagonal CMA-ES"":{""attempts"":303,""discoveries"":0,""improvements"":0,""insertions"":0,""insertion_rate"":0.0},""Immigrant"":{""attempts"":160,""discoveries"":0,""improvements"":0,""insertions"":0,""insertion_rate"":0.0},""Morphology"":{""attempts"":295,""discoveries"":0,""improvements"":5,""insertions"":5,""insertion_rate"":0.01694915254237288},""Novelty"":{""attempts"":242,""discoveries"":0,""improvements"":0,""insertions"":0,""insertion_rate"":0.0}}","{""Morphology"":198,""Novelty"":32}",0,0.9047619047619048,false,1000
39,107,108000,3.1006430110000003,0.03977345,0.031469455,0.003134479,0.005169516,3.737262759,97.01802,36.280407,7879.579571008682,190,0.9895833,25,3.209115030780464,61,0.32105263157894737,"{""3"":61,""4"":22,""5"":35,""6"":5,""7"":50,""8"":14,""9"":3}","{""11"":3,""14"":48,""15"":5,""16"":2,""17"":7,""19"":1,""20"":1,""3"":61,""4"":4,""5"":18,""6"":7,""7"":9,""8"":19,""9"":5}",87,4.194521233022953,214,0.214,"{""3"":214,""4"":170,""5"":150,""6"":41,""7"":272,""8"":141,""9"":12}","{""10"":3,""11"":27,""12"":7,""14"":258,""15"":54,""16"":1,""17"":59,""18"":8,""19"":19,""20"":7,""23"":1,""24"":1,""3"":214,""4"":64,""5"":129,""6"":34,""7"":30,""8"":65,""9"":19}","{""Diagonal CMA-ES"":{""attempts"":302,""discoveries"":0,""improvements"":0,""insertions"":0,""insertion_rate"":0.0},""Immigrant"":{""attempts"":143,""discoveries"":0,""improvements"":0,""insertions"":0,""insertion_rate"":0.0},""Morphology"":{""attempts"":301,""discoveries"":0,""improvements"":6,""insertions"":6,""insertion_rate"":0.019933554817275746},""Novelty"":{""attempts"":254,""discoveries"":0,""improvements"":0,""insertions"":0,""insertion_rate"":0.0}}","{""Morphology"":195,""Novelty"":29}",0,0.9056603773584906,false,2000
39,108,109000,3.1382923760000003,0.037649365,0.029204081,0.003164162,0.005281122,3.783192371,97.01802,36.889496,7892.067722558975,190,0.9895833,25,3.2091150307804646,61,0.32105263157894737,"{""3"":61,""4"":22,""5"":35,""6"":5,""7"":50,""8"":14,""9"":3}","{""11"":3,""14"":48,""15"":5,""16"":2,""17"":7,""19"":1,""20"":1,""3"":61,""4"":4,""5"":18,""6"":7,""7"":9,""8"":19,""9"":5}",90,4.252046564140839,243,0.243,"{""10"":1,""3"":243,""4"":156,""5"":167,""6"":43,""7"":183,""8"":188,""9"":19}","{""11"":28,""12"":5,""13"":2,""14"":165,""15"":38,""16"":1,""17"":124,""18"":8,""19"":20,""20"":12,""23"":1,""24"":1,""3"":243,""4"":71,""5"":114,""6"":41,""7"":23,""8"":79,""9"":24}","{""Diagonal CMA-ES"":{""attempts"":305,""discoveries"":0,""improvements"":0,""insertions"":0,""insertion_rate"":0.0},""Immigrant"":{""attempts"":165,""discoveries"":0,""improvements"":0,""insertions"":0,""insertion_rate"":0.0},""Morphology"":{""attempts"":296,""discoveries"":0,""improvements"":2,""insertions"":2,""insertion_rate"":0.006756756756756757},""Novelty"":{""attempts"":234,""discoveries"":0,""improvements"":1,""insertions"":1,""insertion_rate"":0.004273504273504274}}","{""Morphology"":194,""Novelty"":24}",0,0.9056603773584906,false,3000
39,109,110000,3.1790073550000004,0.040714979,0.03278261,0.0031606,0.004771769,3.831864652,97.01802,36.889496,7929.61913895607,190,0.9895833,25,3.209115030780465,61,0.32105263157894737,"{""3"":61,""4"":22,""5"":35,""6"":5,""7"":50,""8"":14,""9"":3}","{""11"":3,""14"":48,""15"":5,""16"":2,""17"":7,""19"":1,""20"":1,""3"":61,""4"":4,""5"":18,""6"":7,""7"":9,""8"":19,""9"":5}",102,4.712645150960341,230,0.23,"{""10"":1,""3"":230,""4"":215,""5"":238,""6"":35,""7"":76,""8"":191,""9"":14}","{""10"":4,""11"":19,""12"":7,""13"":1,""14"":61,""15"":84,""17"":66,""18"":6,""19"":21,""20"":16,""23"":1,""24"":3,""3"":230,""4"":77,""5"":165,""6"":69,""7"":58,""8"":88,""9"":24}","{""Diagonal CMA-ES"":{""attempts"":284,""discoveries"":0,""improvements"":1,""insertions"":1,""insertion_rate"":0.0035211267605633804},""Immigrant"":{""attempts"":132,""discoveries"":0,""improvements"":0,""insertions"":0,""insertion_rate"":0.0},""Morphology"":{""attempts"":331,""discoveries"":0,""improvements"":7,""insertions"":7,""insertion_rate"":0.021148036253776436},""Novelty"":{""attempts"":253,""discoveries"":0,""improvements"":0,""insertions"":0,""insertion_rate"":0.0}}","{""Morphology"":231,""Novelty"":30}",0,0.9056603773584906,false,4000
39,110,111000,3.2194540030000005,0.040446647999999995,0.032261385,0.002937386,0.005247877,3.878885395,97.01802,36.889496,7978.949095964432,190,0.9895833,25,3.2159539799549,60,0.3157894736842105,"{""3"":60,""4"":23,""5"":34,""6"":5,""7"":51,""8"":14,""9"":3}","{""11"":3,""14"":49,""15"":5,""16"":2,""17"":7,""19"":1,""20"":1,""3"":60,""4"":4,""5"":19,""6"":7,""7"":8,""8"":19,""9"":5}",95,4.37575920036916,258,0.258,"{""3"":258,""4"":203,""5"":161,""6"":38,""7"":210,""8"":118,""9"":12}","{""10"":2,""11"":21,""12"":6,""14"":191,""15"":54,""16"":2,""17"":49,""18"":7,""19"":6,""20"":8,""23"":1,""26"":1,""3"":258,""4"":90,""5"":129,""6"":54,""7"":41,""8"":54,""9"":26}","{""Diagonal CMA-ES"":{""attempts"":301,""discoveries"":0,""improvements"":0,""insertions"":0,""insertion_rate"":0.0},""Immigrant"":{""attempts"":160,""discoveries"":0,""improvements"":0,""insertions"":0,""insertion_rate"":0.0},""Morphology"":{""attempts"":300,""discoveries"":0,""improvements"":7,""insertions"":7,""insertion_rate"":0.023333333333333334},""Novelty"":{""attempts"":239,""discoveries"":0,""improvements"":0,""insertions"":0,""insertion_rate"":0.0}}","{""Morphology"":198,""Novelty"":24}",0,0.9056603773584906,false,5000
39,111,112000,3.2587157240000004,0.039261721,0.032077353,0.003422993,0.003761375,3.9272287930000003,97.01802,36.889496,8010.303840041161,190,0.9895833,25,3.208793183763847,60,0.3157894736842105,"{""3"":60,""4"":23,""5"":33,""6"":4,""7"":53,""8"":14,""9"":3}","{""11"":3,""14"":50,""15"":6,""16"":2,""17"":7,""19"":1,""20"":1,""3"":60,""4"":4,""5"":19,""6"":7,""7"":8,""8"":18,""9"":4}",93,4.399309334029074,238,0.238,"{""10"":1,""3"":238,""4"":213,""5"":179,""6"":33,""7"":200,""8"":122,""9"":14}","{""10"":2,""11"":23,""12"":10,""13"":1,""14"":184,""15"":53,""16"":4,""17"":47,""18"":5,""19"":16,""20"":7,""23"":3,""24"":1,""3"":238,""4"":99,""5"":137,""6"":45,""7"":32,""8"":80,""9"":13}","{""Diagonal CMA-ES"":{""attempts"":294,""discoveries"":0,""improvements"":0,""insertions"":0,""insertion_rate"":0.0},""Immigrant"":{""attempts"":155,""discoveries"":0,""improvements"":0,""insertions"":0,""insertion_rate"":0.0},""Morphology"":{""attempts"":306,""discoveries"":0,""improvements"":4,""insertions"":4,""insertion_rate"":0.013071895424836602},""Novelty"":{""attempts"":245,""discoveries"":0,""improvements"":1,""insertions"":1,""insertion_rate"":0.004081632653061225}}","{""Morphology"":202,""Novelty"":40}",1,0.9056603773584906,false,6000
39,112,113000,3.2970121670000005,0.038296443,0.031302044,0.003072739,0.00392166,3.971764512,97.01802,36.889496,8018.431210875511,190,0.9895833,25,3.2087931837638464,60,0.3157894736842105,"{""3"":60,""4"":23,""5"":33,""6"":4,""7"":53,""8"":14,""9"":3}","{""11"":3,""14"":50,""15"":6,""16"":2,""17"":7,""19"":1,""20"":1,""3"":60,""4"":4,""5"":19,""6"":7,""7"":8,""8"":18,""9"":4}",92,4.36169147170377,256,0.256,"{""10"":1,""3"":256,""4"":187,""5"":173,""6"":54,""7"":200,""8"":120,""9"":9}","{""10"":1,""11"":31,""12"":7,""13"":1,""14"":186,""15"":58,""17"":41,""18"":4,""19"":20,""20"":7,""23"":1,""3"":256,""4"":79,""5"":138,""6"":45,""7"":31,""8"":74,""9"":20}","{""Diagonal CMA-ES"":{""attempts"":274,""discoveries"":0,""improvements"":0,""insertions"":0,""insertion_rate"":0.0},""Immigrant"":{""attempts"":161,""discoveries"":0,""improvements"":0,""insertions"":0,""insertion_rate"":0.0},""Morphology"":{""attempts"":314,""discoveries"":0,""improvements"":4,""insertions"":4,""insertion_rate"":0.012738853503184714},""Novelty"":{""attempts"":251,""discoveries"":0,""improvements"":0,""insertions"":0,""insertion_rate"":0.0}}","{""Morphology"":210,""Novelty"":23}",0,0.9056603773584906,false,7000
39,113,114000,3.3357989670000006,0.038786799999999996,0.033747888,0.002354421,0.002684491,4.016377406,97.01802,36.891003,8050.586327910423,190,0.9895833,22,3.1044317603005944,60,0.3157894736842105,"{""3"":60,""4"":23,""5"":33,""6"":4,""7"":56,""8"":10,""9"":4}","{""11"":3,""14"":53,""15"":4,""16"":3,""17"":6,""20"":1,""3"":60,""4"":4,""5"":19,""6"":7,""7"":8,""8"":18,""9"":4}",90,4.300551552159714,243,0.243,"{""10"":1,""3"":243,""4"":209,""5"":166,""6"":36,""7"":218,""8"":112,""9"":15}","{""10"":1,""11"":25,""12"":10,""14"":204,""15"":43,""16"":3,""17"":44,""18"":4,""19"":15,""20"":14,""23"":2,""24"":1,""3"":243,""4"":84,""5"":152,""6"":46,""7"":30,""8"":66,""9"":13}","{""Diagonal CMA-ES"":{""attempts"":305,""discoveries"":0,""improvements"":0,""insertions"":0,""insertion_rate"":0.0},""Immigrant"":{""attempts"":162,""discoveries"":0,""improvements"":0,""insertions"":0,""insertion_rate"":0.0},""Morphology"":{""attempts"":286,""discoveries"":0,""improvements"":8,""insertions"":8,""insertion_rate"":0.027972027972027972},""Novelty"":{""attempts"":247,""discoveries"":0,""improvements"":0,""insertions"":0,""insertion_rate"":0.0}}","{""Morphology"":187,""Novelty"":33}",0,0.9056603773584906,false,8000
39,114,115000,3.3755415440000007,0.039742577,0.031024215,0.003902663,0.004815699,4.064027419,97.01802,36.891003,8055.95559823513,190,0.9895833,22,3.1044317603005935,60,0.3157894736842105,"{""3"":60,""4"":23,""5"":33,""6"":4,""7"":56,""8"":10,""9"":4}","{""11"":3,""14"":53,""15"":4,""16"":3,""17"":6,""20"":1,""3"":60,""4"":4,""5"":19,""6"":7,""7"":8,""8"":18,""9"":4}",87,4.1762393977605905,246,0.246,"{""10"":3,""3"":246,""4"":203,""5"":151,""6"":36,""7"":229,""8"":119,""9"":13}","{""11"":22,""12"":6,""14"":217,""15"":60,""16"":6,""17"":46,""18"":6,""19"":11,""20"":6,""21"":1,""23"":1,""3"":246,""4"":96,""5"":127,""6"":40,""7"":16,""8"":77,""9"":16}","{""Diagonal CMA-ES"":{""attempts"":300,""discoveries"":0,""improvements"":0,""insertions"":0,""insertion_rate"":0.0},""Immigrant"":{""attempts"":161,""discoveries"":0,""improvements"":0,""insertions"":0,""insertion_rate"":0.0},""Morphology"":{""attempts"":308,""discoveries"":0,""improvements"":3,""insertions"":3,""insertion_rate"":0.00974025974025974},""Novelty"":{""attempts"":231,""discoveries"":0,""improvements"":0,""insertions"":0,""insertion_rate"":0.0}}","{""Morphology"":197,""Novelty"":21}",0,0.9065420560747663,false,9000
39,115,116000,3.416232778000001,0.040691234,0.032640135,0.003306638,0.004744461,4.112654583,97.01802,37.65242,8090.781037688255,190,0.9895833,20,3.029241804241103,60,0.3157894736842105,"{""3"":60,""4"":23,""5"":33,""6"":4,""7"":58,""8"":9,""9"":3}","{""11"":3,""14"":55,""15"":3,""16"":3,""17"":6,""3"":60,""4"":4,""5"":19,""6"":7,""7"":8,""8"":18,""9"":4}",87,4.433616401989273,254,0.254,"{""10"":1,""3"":254,""4"":260,""5"":250,""6"":22,""7"":98,""8"":98,""9"":17}","{""10"":1,""11"":11,""12"":8,""14"":73,""15"":53,""16"":9,""17"":31,""18"":4,""19"":13,""20"":8,""23"":3,""3"":254,""4"":85,""5"":203,""6"":80,""7"":45,""8"":102,""9"":17}","{""Diagonal CMA-ES"":{""attempts"":303,""discoveries"":0,""improvements"":1,""insertions"":1,""insertion_rate"":0.0033003300330033004},""Immigrant"":{""attempts"":161,""discoveries"":0,""improvements"":0,""insertions"":0,""insertion_rate"":0.0},""Morphology"":{""attempts"":284,""discoveries"":0,""improvements"":4,""insertions"":4,""insertion_rate"":0.014084507042253521},""Novelty"":{""attempts"":252,""discoveries"":0,""improvements"":1,""insertions"":1,""insertion_rate"":0.003968253968253968}}","{""Morphology"":190,""Novelty"":27}",0,0.9065420560747663,false,10000
39,116,117000,3.453056965000001,0.036824187,0.02907229,0.003024059,0.004727838,4.154917804,97.01802,37.65242,8100.954701781273,190,0.9895833,20,3.0473331794741156,59,0.3105263157894737,"{""3"":59,""4"":24,""5"":33,""6"":4,""7"":58,""8"":9,""9"":3}","{""11"":3,""14"":55,""15"":3,""16"":3,""17"":6,""3"":59,""4"":4,""5"":20,""6"":7,""7"":8,""8"":18,""9"":4}",93,4.277942308010604,311,0.311,"{""10"":1,""3"":311,""4"":204,""5"":177,""6"":42,""7"":150,""8"":100,""9"":15}","{""11"":29,""12"":6,""14"":140,""15"":38,""16"":5,""17"":41,""18"":6,""19"":12,""20"":12,""21"":1,""24"":1,""3"":311,""4"":90,""5"":139,""6"":58,""7"":31,""8"":66,""9"":14}","{""Diagonal CMA-ES"":{""attempts"":301,""discoveries"":0,""improvements"":0,""insertions"":0,""insertion_rate"":0.0},""Immigrant"":{""attempts"":184,""discoveries"":0,""improvements"":0,""insertions"":0,""insertion_rate"":0.0},""Morphology"":{""attempts"":277,""discoveries"":0,""improvements"":6,""insertions"":6,""insertion_rate"":0.021660649819494584},""Novelty"":{""attempts"":238,""discoveries"":0,""improvements"":0,""insertions"":0,""insertion_rate"":0.0}}","{""Morphology"":187,""Novelty"":26}",0,0.9065420560747663,false,11000
39,117,118000,3.4925145900000008,0.039457624999999996,0.03075826,0.003228275,0.00547109,4.201952795,97.01802,37.65242,8152.283334136009,190,0.9895833,20,3.047333179474116,59,0.3105263157894737,"{""3"":59,""4"":24,""5"":33,""6"":4,""7"":58,""8"":9,""9"":3}","{""11"":3,""14"":55,""15"":3,""16"":3,""17"":6,""3"":59,""4"":4,""5"":20,""6"":7,""7"":8,""8"":18,""9"":4}",98,4.352575616762402,254,0.254,"{""10"":3,""3"":254,""4"":213,""5"":180,""6"":34,""7"":192,""8"":110,""9"":14}","{""11"":21,""12"":8,""14"":175,""15"":44,""16"":4,""17"":44,""18"":7,""19"":14,""20"":11,""21"":1,""24"":2,""3"":254,""4"":107,""5"":126,""6"":45,""7"":36,""8"":84,""9"":17}","{""Diagonal CMA-ES"":{""attempts"":319,""discoveries"":0,""improvements"":0,""insertions"":0,""insertion_rate"":0.0},""Immigrant"":{""attempts"":143,""discoveries"":0,""improvements"":0,""insertions"":0,""insertion_rate"":0.0},""Morphology"":{""attempts"":309,""discoveries"":0,""improvements"":5,""insertions"":5,""insertion_rate"":0.016181229773462782},""Novelty"":{""attempts"":229,""discoveries"":0,""improvements"":0,""insertions"":0,""insertion_rate"":0.0}}","{""Morphology"":227,""Novelty"":25}",0,0.9065420560747663,false,12000
39,118,119000,3.5304762140000006,0.037961624,0.030100494,0.003147539,0.004713591,4.246799587,97.01802,37.65242,8157.256852507591,190,0.9895833,20,3.0632027020974664,59,0.3105263157894737,"{""3"":59,""4"":24,""5"":33,""6"":4,""7"":57,""8"":10,""9"":3}","{""11"":3,""14"":54,""15"":3,""16"":3,""17"":7,""3"":59,""4"":4,""5"":20,""6"":7,""7"":8,""8"":18,""9"":4}",94,4.390739226907529,238,0.238,"{""10"":2,""3"":238,""4"":215,""5"":154,""6"":39,""7"":218,""8"":112,""9"":22}","{""10"":2,""11"":32,""12"":6,""14"":200,""15"":48,""16"":7,""17"":38,""18"":8,""19"":14,""20"":15,""22"":1,""23"":2,""24"":1,""3"":238,""4"":99,""5"":134,""6"":55,""7"":21,""8"":62,""9"":17}","{""Diagonal CMA-ES"":{""attempts"":299,""discoveries"":0,""improvements"":0,""insertions"":0,""insertion_rate"":0.0},""Immigrant"":{""attempts"":144,""discoveries"":0,""improvements"":0,""insertions"":0,""insertion_rate"":0.0},""Morphology"":{""attempts"":322,""discoveries"":0,""improvements"":2,""insertions"":2,""insertion_rate"":0.006211180124223602},""Novelty"":{""attempts"":235,""discoveries"":0,""improvements"":0,""insertions"":0,""insertion_rate"":0.0}}","{""Morphology"":209,""Novelty"":23}",0,0.9065420560747663,false,13000
39,119,120000,3.5720306170000007,0.041554403,0.033420193,0.003222339,0.004911871,4.295786503,97.01802,38.370674,8223.74414384365,190,0.9895833,17,2.949771549989468,59,0.3105263157894737,"{""3"":59,""4"":24,""5"":33,""6"":4,""7"":59,""8"":8,""9"":3}","{""11"":3,""14"":56,""15"":1,""16"":3,""17"":7,""3"":59,""4"":4,""5"":20,""6"":7,""7"":8,""8"":18,""9"":4}",83,4.097585370021554,282,0.282,"{""10"":1,""3"":282,""4"":198,""5"":151,""6"":34,""7"":217,""8"":103,""9"":14}","{""11"":26,""12"":7,""14"":203,""15"":43,""16"":6,""17"":45,""18"":3,""19"":10,""20"":8,""24"":1,""3"":282,""4"":70,""5"":145,""6"":46,""7"":28,""8"":63,""9"":14}","{""Diagonal CMA-ES"":{""attempts"":295,""discoveries"":0,""improvements"":0,""insertions"":0,""insertion_rate"":0.0},""Immigrant"":{""attempts"":116,""discoveries"":0,""improvements"":0,""insertions"":0,""insertion_rate"":0.0},""Morphology"":{""attempts"":302,""discoveries"":0,""improvements"":7,""insertions"":7,""insertion_rate"":0.023178807947019868},""Novelty"":{""attempts"":287,""discoveries"":0,""improvements"":0,""insertions"":0,""insertion_rate"":0.0}}","{""Morphology"":190,""Novelty"":27}",0,0.9065420560747663,false,14000
39,120,121000,3.6139257750000007,0.041895158,0.032820604,0.003120232,0.005954322,4.344759172,97.01802,38.946075,8243.225560545921,190,0.9895833,17,2.9648365162075327,59,0.3105263157894737,"{""3"":59,""4"":24,""5"":33,""6"":4,""7"":58,""8"":9,""9"":3}","{""11"":3,""14"":55,""15"":1,""16"":3,""17"":8,""3"":59,""4"":4,""5"":20,""6"":7,""7"":8,""8"":18,""9"":4}",75,3.9843041662864294,221,0.221,"{""10"":1,""3"":221,""4"":193,""5"":126,""6"":44,""7"":303,""8"":105,""9"":7}","{""11"":29,""12"":6,""13"":1,""14"":292,""15"":51,""16"":3,""17"":36,""19"":15,""20"":5,""23"":1,""24"":1,""3"":221,""4"":95,""5"":122,""6"":32,""7"":24,""8"":48,""9"":18}","{""Diagonal CMA-ES"":{""attempts"":295,""discoveries"":0,""improvements"":0,""insertions"":0,""insertion_rate"":0.0},""Immigrant"":{""attempts"":146,""discoveries"":0,""improvements"":0,""insertions"":0,""insertion_rate"":0.0},""Morphology"":{""attempts"":308,""discoveries"":0,""improvements"":5,""insertions"":5,""insertion_rate"":0.016233766233766232},""Novelty"":{""attempts"":251,""discoveries"":0,""improvements"":0,""insertions"":0,""insertion_rate"":0.0}}","{""Morphology"":202,""Novelty"":21}",0,0.9065420560747663,false,15000
39,121,122000,3.6499081680000005,0.035982392999999994,0.028120074,0.003135667,0.004726652,4.387684909,97.01802,38.946075,8244.069135069847,190,0.9895833,17,2.964836516207533,59,0.3105263157894737,"{""3"":59,""4"":24,""5"":33,""6"":4,""7"":58,""8"":9,""9"":3}","{""11"":3,""14"":55,""15"":1,""16"":3,""17"":8,""3"":59,""4"":4,""5"":20,""6"":7,""7"":8,""8"":18,""9"":4}",77,4.223883857015043,202,0.202,"{""10"":2,""3"":202,""4"":214,""5"":183,""6"":29,""7"":259,""8"":100,""9"":11}","{""11"":14,""12"":6,""13"":1,""14"":242,""15"":59,""16"":5,""17"":31,""18"":3,""19"":10,""20"":11,""3"":202,""4"":87,""5"":150,""6"":64,""7"":33,""8"":67,""9"":15}","{""Diagonal CMA-ES"":{""attempts"":286,""discoveries"":0,""improvements"":0,""insertions"":0,""insertion_rate"":0.0},""Immigrant"":{""attempts"":157,""discoveries"":0,""improvements"":0,""insertions"":0,""insertion_rate"":0.0},""Morphology"":{""attempts"":290,""discoveries"":0,""improvements"":2,""insertions"":2,""insertion_rate"":0.006896551724137931},""Novelty"":{""attempts"":267,""discoveries"":0,""improvements"":0,""insertions"":0,""insertion_rate"":0.0}}","{""Morphology"":183,""Novelty"":35}",0,0.9065420560747663,false,16000
39,122,123000,3.6877166310000007,0.037808463,0.029403548,0.003039494,0.005365421,4.43213158,97.01802,38.946075,8262.371453642845,190,0.9895833,17,2.9648365162075327,59,0.3105263157894737,"{""3"":59,""4"":24,""5"":33,""6"":4,""7"":58,""8"":9,""9"":3}","{""11"":3,""14"":55,""15"":1,""16"":3,""17"":8,""3"":59,""4"":4,""5"":20,""6"":7,""7"":8,""8"":18,""9"":4}",87,4.4883342822648915,233,0.233,"{""10"":1,""3"":233,""4"":250,""5"":241,""6"":39,""7"":106,""8"":116,""9"":14}","{""10"":4,""11"":28,""12"":3,""13"":3,""14"":88,""15"":50,""16"":9,""17"":40,""19"":17,""20"":9,""23"":1,""24"":1,""3"":233,""4"":84,""5"":192,""6"":73,""7"":46,""8"":100,""9"":19}","{""Diagonal CMA-ES"":{""attempts"":294,""discoveries"":0,""improvements"":0,""insertions"":0,""insertion_rate"":0.0},""Immigrant"":{""attempts"":143,""discoveries"":0,""improvements"":0,""insertions"":0,""insertion_rate"":0.0},""Morphology"":{""attempts"":312,""discoveries"":0,""improvements"":3,""insertions"":3,""insertion_rate"":0.009615384615384616},""Novelty"":{""attempts"":251,""discoveries"":0,""improvements"":0,""insertions"":0,""insertion_rate"":0.0}}","{""Morphology"":216,""Novelty"":24}",0,0.9065420560747663,false,17000
39,123,124000,3.7231136820000006,0.035397051,0.027639216,0.003016936,0.004740899,4.475447939,97.01802,38.946075,8283.618867278099,190,0.9895833,17,2.9474116499068024,59,0.3105263157894737,"{""3"":59,""4"":23,""5"":33,""6"":4,""7"":59,""8"":9,""9"":3}","{""11"":3,""14"":56,""15"":1,""16"":3,""17"":8,""3"":59,""4"":4,""5"":19,""6"":7,""7"":8,""8"":18,""9"":4}",79,4.423606440922775,201,0.201,"{""10"":1,""3"":201,""4"":242,""5"":214,""6"":27,""7"":198,""8"":105,""9"":12}","{""10"":1,""11"":18,""12"":7,""14"":175,""15"":55,""16"":8,""17"":32,""18"":2,""19"":15,""20"":11,""3"":201,""4"":71,""5"":193,""6"":74,""7"":41,""8"":78,""9"":18}","{""Diagonal CMA-ES"":{""attempts"":298,""discoveries"":0,""improvements"":0,""insertions"":0,""insertion_rate"":0.0},""Immigrant"":{""attempts"":140,""discoveries"":0,""improvements"":0,""insertions"":0,""insertion_rate"":0.0},""Morphology"":{""attempts"":288,""discoveries"":0,""improvements"":4,""insertions"":4,""insertion_rate"":0.013888888888888888},""Novelty"":{""attempts"":274,""discoveries"":0,""improvements"":0,""insertions"":0,""insertion_rate"":0.0}}","{""Morphology"":206,""Novelty"":27}",0,0.9065420560747663,false,18000
39,124,125000,3.7635817030000007,0.040468021,0.032402674,0.003171286,0.004894061,4.522352326,97.01802,38.946075,8305.558297514915,190,0.9895833,17,2.9474116499068024,59,0.3105263157894737,"{""3"":59,""4"":23,""5"":33,""6"":4,""7"":59,""8"":9,""9"":3}","{""11"":3,""14"":56,""15"":1,""16"":3,""17"":8,""3"":59,""4"":4,""5"":19,""6"":7,""7"":8,""8"":18,""9"":4}",89,4.432189573247772,237,0.237,"{""10"":1,""3"":237,""4"":261,""5"":227,""6"":27,""7"":122,""8"":109,""9"":16}","{""10"":3,""11"":20,""12"":7,""13"":2,""14"":101,""15"":53,""16"":7,""17"":38,""18"":3,""19"":15,""20"":6,""23"":1,""24"":1,""3"":237,""4"":102,""5"":178,""6"":77,""7"":36,""8"":96,""9"":17}","{""Diagonal CMA-ES"":{""attempts"":298,""discoveries"":0,""improvements"":0,""insertions"":0,""insertion_rate"":0.0},""Immigrant"":{""attempts"":148,""discoveries"":0,""improvements"":0,""insertions"":0,""insertion_rate"":0.0},""Morphology"":{""attempts"":307,""discoveries"":0,""improvements"":5,""insertions"":5,""insertion_rate"":0.016286644951140065},""Novelty"":{""attempts"":247,""discoveries"":0,""improvements"":0,""insertions"":0,""insertion_rate"":0.0}}","{""Morphology"":199,""Novelty"":32}",0,0.9065420560747663,false,19000
39,125,126000,3.798724671000001,0.035142968,0.027122739,0.003179596,0.004840633,4.564744964,97.01802,38.946075,8340.796235918999,190,0.9895833,18,2.976736816878938,59,0.3105263157894737,"{""3"":59,""4"":23,""5"":32,""6"":5,""7"":59,""8"":9,""9"":3}","{""11"":3,""14"":56,""15"":1,""16"":3,""17"":8,""3"":59,""4"":4,""5"":19,""6"":7,""7"":8,""8"":17,""9"":5}",76,4.351169831542624,248,0.248,"{""3"":248,""4"":251,""5"":219,""6"":19,""7"":145,""8"":107,""9"":11}","{""10"":1,""11"":16,""12"":5,""13"":1,""14"":124,""15"":59,""16"":10,""17"":27,""18"":3,""19"":16,""20"":4,""3"":248,""4"":92,""5"":187,""6"":68,""7"":32,""8"":94,""9"":13}","{""Diagonal CMA-ES"":{""attempts"":298,""discoveries"":0,""improvements"":1,""insertions"":1,""insertion_rate"":0.003355704697986577},""Immigrant"":{""attempts"":158,""discoveries"":0,""improvements"":0,""insertions"":0,""insertion_rate"":0.0},""Morphology"":{""attempts"":321,""discoveries"":0,""improvements"":4,""insertions"":4,""insertion_rate"":0.012461059190031152},""Novelty"":{""attempts"":223,""discoveries"":0,""improvements"":0,""insertions"":0,""insertion_rate"":0.0}}","{""Morphology"":207,""Novelty"":29}",1,0.9065420560747663,false,20000
39,126,127000,3.835763762000001,0.037039090999999996,0.029364367,0.003082238,0.004592486,4.6084887519999995,97.01802,38.946075,8350.16827762127,190,0.9895833,18,2.9615337861117133,59,0.3105263157894737,"{""3"":59,""4"":23,""5"":31,""6"":5,""7"":60,""8"":9,""9"":3}","{""11"":3,""14"":57,""15"":1,""16"":3,""17"":8,""3"":59,""4"":4,""5"":19,""6"":7,""7"":7,""8"":17,""9"":5}",82,3.9401925310602905,304,0.304,"{""3"":304,""4"":159,""5"":145,""6"":38,""7"":226,""8"":120,""9"":8}","{""10"":2,""11"":28,""12"":7,""14"":214,""15"":57,""16"":2,""17"":49,""18"":3,""19"":12,""20"":5,""23"":1,""3"":304,""4"":86,""5"":94,""6"":38,""7"":23,""8"":65,""9"":10}","{""Diagonal CMA-ES"":{""attempts"":310,""discoveries"":0,""improvements"":0,""insertions"":0,""insertion_rate"":0.0},""Immigrant"":{""attempts"":150,""discoveries"":0,""improvements"":0,""insertions"":0,""insertion_rate"":0.0},""Morphology"":{""attempts"":309,""discoveries"":0,""improvements"":3,""insertions"":3,""insertion_rate"":0.009708737864077669},""Novelty"":{""attempts"":231,""discoveries"":0,""improvements"":0,""insertions"":0,""insertion_rate"":0.0}}","{""Morphology"":200,""Novelty"":32}",0,0.9065420560747663,false,21000
39,127,128000,3.874007965000001,0.038244203,0.030555232,0.002886332,0.004802639,4.65317882,97.01802,38.946075,8352.36591899395,190,0.9895833,18,2.9615337861117124,59,0.3105263157894737,"{""3"":59,""4"":23,""5"":31,""6"":5,""7"":60,""8"":9,""9"":3}","{""11"":3,""14"":57,""15"":1,""16"":3,""17"":8,""3"":59,""4"":4,""5"":19,""6"":7,""7"":7,""8"":17,""9"":5}",79,4.214290647497251,260,0.26,"{""3"":260,""4"":207,""5"":155,""6"":44,""7"":212,""8"":114,""9"":8}","{""11"":33,""12"":8,""14"":195,""15"":54,""16"":4,""17"":40,""18"":2,""19"":16,""20"":8,""3"":260,""4"":88,""5"":145,""6"":53,""7"":25,""8"":54,""9"":15}","{""Diagonal CMA-ES"":{""attempts"":271,""discoveries"":0,""improvements"":0,""insertions"":0,""insertion_rate"":0.0},""Immigrant"":{""attempts"":152,""discoveries"":0,""improvements"":0,""insertions"":0,""insertion_rate"":0.0},""Morphology"":{""attempts"":305,""discoveries"":0,""improvements"":5,""insertions"":5,""insertion_rate"":0.01639344262295082},""Novelty"":{""attempts"":272,""discoveries"":0,""improvements"":0,""insertions"":0,""insertion_rate"":0.0}}","{""Morphology"":211,""Novelty"":28}",0,0.9065420560747663,false,22000
39,128,129000,3.915168184000001,0.041160219,0.033471247,0.00298013,0.004708842,4.701589895,97.01802,38.946075,8353.563917040825,190,0.9895833,18,2.9615337861117133,59,0.3105263157894737,"{""3"":59,""4"":23,""5"":31,""6"":5,""7"":60,""8"":9,""9"":3}","{""11"":3,""14"":57,""15"":1,""16"":3,""17"":8,""3"":59,""4"":4,""5"":19,""6"":7,""7"":7,""8"":17,""9"":5}",90,4.242626245482294,244,0.244,"{""3"":244,""4"":204,""5"":160,""6"":42,""7"":221,""8"":116,""9"":13}","{""10"":1,""11"":28,""12"":5,""13"":2,""14"":205,""15"":48,""16"":6,""17"":46,""18"":5,""19"":18,""20"":6,""24"":1,""3"":244,""4"":91,""5"":137,""6"":56,""7"":22,""8"":62,""9"":17}","{""Diagonal CMA-ES"":{""attempts"":301,""discoveries"":0,""improvements"":0,""insertions"":0,""insertion_rate"":0.0},""Immigrant"":{""attempts"":150,""discoveries"":0,""improvements"":0,""insertions"":0,""insertion_rate"":0.0},""Morphology"":{""attempts"":300,""discoveries"":0,""improvements"":1,""insertions"":1,""insertion_rate"":0.0033333333333333335},""Novelty"":{""attempts"":249,""discoveries"":0,""improvements"":0,""insertions"":0,""insertion_rate"":0.0}}","{""Morphology"":204,""Novelty"":32}",0,0.9074074074074074,false,23000
39,129,130000,3.9523770600000008,0.037208875999999995,0.029677815,0.0028614,0.004669661,4.74437553,97.01802,39.457535,8432.693145155907,190,0.9895833,18,2.9521864867911414,59,0.3105263157894737,"{""3"":59,""4"":23,""5"":30,""6"":5,""7"":61,""8"":9,""9"":3}","{""11"":3,""14"":58,""15"":1,""16"":3,""17"":8,""3"":59,""4"":4,""5"":19,""6"":7,""7"":7,""8"":16,""9"":5}",80,4.20629018475249,243,0.243,"{""3"":243,""4"":214,""5"":135,""6"":32,""7"":245,""8"":120,""9"":11}","{""10"":2,""11"":20,""12"":5,""14"":224,""15"":61,""16"":5,""17"":34,""18"":3,""19"":18,""20"":15,""23"":1,""3"":243,""4"":92,""5"":141,""6"":42,""7"":21,""8"":59,""9"":14}","{""Diagonal CMA-ES"":{""attempts"":283,""discoveries"":0,""improvements"":0,""insertions"":0,""insertion_rate"":0.0},""Immigrant"":{""attempts"":143,""discoveries"":0,""improvements"":0,""insertions"":0,""insertion_rate"":0.0},""Morphology"":{""attempts"":314,""discoveries"":0,""improvements"":3,""insertions"":3,""insertion_rate"":0.009554140127388535},""Novelty"":{""attempts"":260,""discoveries"":0,""improvements"":0,""insertions"":0,""insertion_rate"":0.0}}","{""Morphology"":210,""Novelty"":26}",0,0.9074074074074074,false,24000
39,130,131000,3.987738492000001,0.035361432,0.029969891,0.00174296,0.003648581,4.784127607,97.01802,39.457535,8448.600072264671,190,0.9895833,18,2.9617979283368965,58,0.30526315789473685,"{""3"":58,""4"":23,""5"":31,""6"":5,""7"":61,""8"":9,""9"":3}","{""11"":3,""14"":58,""15"":1,""16"":3,""17"":8,""3"":58,""4"":4,""5"":19,""6"":7,""7"":7,""8"":17,""9"":5}",78,3.8808787837354948,278,0.278,"{""3"":278,""4"":162,""5"":185,""6"":46,""7"":212,""8"":112,""9"":5}","{""11"":35,""12"":4,""13"":1,""14"":204,""15"":43,""16"":2,""17"":51,""18"":1,""19"":10,""20"":8,""23"":1,""3"":278,""4"":79,""5"":113,""6"":26,""7"":15,""8"":117,""9"":12}","{""Diagonal CMA-ES"":{""attempts"":323,""discoveries"":0,""improvements"":0,""insertions"":0,""insertion_rate"":0.0},""Immigrant"":{""attempts"":153,""discoveries"":0,""improvements"":0,""insertions"":0,""insertion_rate"":0.0},""Morphology"":{""attempts"":287,""discoveries"":0,""improvements"":3,""insertions"":3,""insertion_rate"":0.010452961672473868},""Novelty"":{""attempts"":237,""discoveries"":0,""improvements"":1,""insertions"":1,""insertion_rate"":0.004219409282700422}}","{""Morphology"":197,""Novelty"":27}",0,0.9074074074074074,false,25000
39,131,132000,4.027595052000001,0.03985656,0.031719975,0.003257958,0.004878627,4.831107982,97.01802,39.457535,8474.300002455711,190,0.9895833,18,2.9761849291747056,58,0.30526315789473685,"{""3"":58,""4"":23,""5"":31,""6"":5,""7"":60,""8"":10,""9"":3}","{""11"":3,""14"":57,""15"":1,""16"":3,""17"":9,""3"":58,""4"":4,""5"":19,""6"":7,""7"":7,""8"":17,""9"":5}",80,4.427319108962679,194,0.194,"{""3"":194,""4"":232,""5"":263,""6"":39,""7"":142,""8"":121,""9"":9}","{""11"":20,""12"":9,""13"":1,""14"":127,""15"":64,""16"":6,""17"":33,""19"":15,""20"":13,""3"":194,""4"":91,""5"":159,""6"":57,""7"":35,""8"":161,""9"":15}","{""Diagonal CMA-ES"":{""attempts"":310,""discoveries"":0,""improvements"":0,""insertions"":0,""insertion_rate"":0.0},""Immigrant"":{""attempts"":151,""discoveries"":0,""improvements"":0,""insertions"":0,""insertion_rate"":0.0},""Morphology"":{""attempts"":317,""discoveries"":0,""improvements"":6,""insertions"":6,""insertion_rate"":0.01892744479495268},""Novelty"":{""attempts"":222,""discoveries"":0,""improvements"":0,""insertions"":0,""insertion_rate"":0.0}}","{""Morphology"":212,""Novelty"":27}",0,0.9074074074074074,false,26000
39,132,133000,4.063630872000001,0.036035819999999996,0.028117699,0.003108358,0.004809763,4.873886493,97.01802,39.457535,8505.817208766937,190,0.9895833,18,2.9512067268997706,59,0.3105263157894737,"{""3"":59,""4"":21,""5"":32,""6"":5,""7"":60,""8"":10,""9"":3}","{""11"":3,""14"":57,""15"":1,""16"":3,""17"":9,""3"":59,""4"":4,""5"":17,""6"":7,""7"":7,""8"":18,""9"":5}",83,4.434788354564304,235,0.235,"{""3"":235,""4"":241,""5"":229,""6"":27,""7"":132,""8"":126,""9"":10}","{""11"":16,""12"":7,""13"":1,""14"":109,""15"":58,""16"":7,""17"":44,""19"":23,""20"":6,""3"":235,""4"":95,""5"":167,""6"":78,""7"":40,""8"":91,""9"":23}","{""Diagonal CMA-ES"":{""attempts"":317,""discoveries"":0,""improvements"":0,""insertions"":0,""insertion_rate"":0.0},""Immigrant"":{""attempts"":133,""discoveries"":0,""improvements"":0,""insertions"":0,""insertion_rate"":0.0},""Morphology"":{""attempts"":304,""discoveries"":0,""improvements"":7,""insertions"":7,""insertion_rate"":0.023026315789473683},""Novelty"":{""attempts"":246,""discoveries"":0,""improvements"":1,""insertions"":1,""insertion_rate"":0.0040650406504065045}}","{""Morphology"":193,""Novelty"":29}",0,0.9074074074074074,false,27000
39,133,134000,4.101546191000001,0.037915319,0.028457268,0.004397768,0.005060283,4.918450707,97.01802,39.457535,8510.793002605438,190,0.9895833,18,2.9706983149024695,58,0.30526315789473685,"{""3"":58,""4"":22,""5"":32,""6"":5,""7"":60,""8"":10,""9"":3}","{""11"":3,""14"":57,""15"":1,""16"":3,""17"":9,""3"":58,""4"":5,""5"":17,""6"":7,""7"":7,""8"":18,""9"":5}",83,4.406678805852263,247,0.247,"{""3"":247,""4"":224,""5"":221,""6"":35,""7"":160,""8"":100,""9"":13}","{""10"":3,""11"":17,""12"":12,""14"":132,""15"":54,""16"":7,""17"":28,""18"":2,""19"":14,""20"":7,""23"":2,""3"":247,""4"":97,""5"":155,""6"":72,""7"":39,""8"":85,""9"":27}","{""Diagonal CMA-ES"":{""attempts"":314,""discoveries"":0,""improvements"":1,""insertions"":1,""insertion_rate"":0.0031847133757961785},""Immigrant"":{""attempts"":149,""discoveries"":0,""improvements"":0,""insertions"":0,""insertion_rate"":0.0},""Morphology"":{""attempts"":283,""discoveries"":0,""improvements"":3,""insertions"":3,""insertion_rate"":0.01060070671378092},""Novelty"":{""attempts"":254,""discoveries"":0,""improvements"":0,""insertions"":0,""insertion_rate"":0.0}}","{""Morphology"":173,""Novelty"":35}",0,0.9074074074074074,false,28000
39,134,135000,4.137852717,0.036306526,0.02802509,0.003060866,0.00522057,4.961827618,97.102066,40.986904,8557.6247215271,190,0.9895833,18,2.9650124440527,58,0.30526315789473685,"{""3"":58,""4"":21,""5"":32,""6"":5,""7"":60,""8"":11,""9"":3}","{""11"":3,""14"":57,""15"":1,""16"":3,""17"":10,""3"":58,""4"":5,""5"":16,""6"":7,""7"":7,""8"":18,""9"":5}",91,4.3340996128471945,216,0.216,"{""10"":2,""3"":216,""4"":205,""5"":143,""6"":55,""7"":255,""8"":118,""9"":6}","{""10"":5,""11"":34,""12"":9,""14"":234,""15"":58,""16"":2,""17"":35,""18"":3,""19"":23,""20"":7,""3"":216,""4"":92,""5"":137,""6"":42,""7"":26,""8"":61,""9"":16}","{""Diagonal CMA-ES"":{""attempts"":300,""discoveries"":0,""improvements"":0,""insertions"":0,""insertion_rate"":0.0},""Immigrant"":{""attempts"":150,""discoveries"":0,""improvements"":0,""insertions"":0,""insertion_rate"":0.0},""Morphology"":{""attempts"":312,""discoveries"":0,""improvements"":4,""insertions"":4,""insertion_rate"":0.01282051282051282},""Novelty"":{""attempts"":238,""discoveries"":0,""improvements"":2,""insertions"":2,""insertion_rate"":0.008403361344537815}}","{""Morphology"":218,""Novelty"":35}",0,0.9074074074074074,true,29000
39,135,136000,4.176335567000001,0.038482850000000006,0.030223974,0.003116669,0.005142207,5.009120254,97.102066,40.986904,8587.101363182068,190,0.9895833,19,2.9868109148425748,58,0.30526315789473685,"{""3"":58,""4"":21,""5"":31,""6"":5,""7"":60,""8"":11,""9"":4}","{""11"":3,""14"":57,""15"":1,""16"":3,""17"":10,""18"":1,""3"":58,""4"":5,""5"":16,""6"":7,""7"":6,""8"":18,""9"":5}",93,4.310177440898661,234,0.234,"{""10"":1,""3"":234,""4"":166,""5"":155,""6"":41,""7"":257,""8"":129,""9"":17}","{""10"":2,""11"":21,""12"":10,""14"":240,""15"":43,""16"":3,""17"":53,""18"":7,""19"":23,""20"":16,""24"":1,""3"":234,""4"":83,""5"":102,""6"":53,""7"":32,""8"":54,""9"":23}","{""Diagonal CMA-ES"":{""attempts"":297,""discoveries"":0,""improvements"":0,""insertions"":0,""insertion_rate"":0.0},""Immigrant"":{""attempts"":149,""discoveries"":0,""improvements"":0,""insertions"":0,""insertion_rate"":0.0},""Morphology"":{""attempts"":321,""discoveries"":0,""improvements"":7,""insertions"":7,""insertion_rate"":0.021806853582554516},""Novelty"":{""attempts"":233,""discoveries"":0,""improvements"":1,""insertions"":1,""insertion_rate"":0.004291845493562232}}","{""Morphology"":207,""Novelty"":29}",1,0.9074074074074074,false,1000
39,136,137000,4.213101579000001,0.036766012,0.028803961,0.003166536,0.004795515,5.052828423,97.102066,40.986904,8587.101363182068,190,0.9895833,19,2.986810914842575,58,0.30526315789473685,"{""3"":58,""4"":21,""5"":31,""6"":5,""7"":60,""8"":11,""9"":4}","{""11"":3,""14"":57,""15"":1,""16"":3,""17"":10,""18"":1,""3"":58,""4"":5,""5"":16,""6"":7,""7"":6,""8"":18,""9"":5}",80,3.8236122930842944,260,0.26,"{""10"":1,""3"":260,""4"":180,""5"":110,""6"":28,""7"":309,""8"":105,""9"":7}","{""10"":1,""11"":20,""12"":8,""14"":294,""15"":43,""16"":4,""17"":43,""18"":2,""19"":14,""20"":8,""23"":1,""24"":1,""3"":260,""4"":91,""5"":114,""6"":34,""7"":17,""8"":35,""9"":10}","{""Diagonal CMA-ES"":{""attempts"":301,""discoveries"":0,""improvements"":0,""insertions"":0,""insertion_rate"":0.0},""Immigrant"":{""attempts"":140,""discoveries"":0,""improvements"":0,""insertions"":0,""insertion_rate"":0.0},""Morphology"":{""attempts"":285,""discoveries"":0,""improvements"":0,""insertions"":0,""insertion_rate"":0.0},""Novelty"":{""attempts"":274,""discoveries"":0,""improvements"":0,""insertions"":0,""insertion_rate"":0.0}}","{""Morphology"":190,""Novelty"":40}",0,0.9074074074074074,false,2000
39,137,138000,4.253181350000001,0.04007977099999999,0.031572749,0.003278142,0.00522888,5.10222852,97.102066,40.986904,8591.328619003296,190,0.9895833,19,2.9868109148425748,58,0.30526315789473685,"{""3"":58,""4"":21,""5"":31,""6"":5,""7"":60,""8"":11,""9"":4}","{""11"":3,""14"":57,""15"":1,""16"":3,""17"":10,""18"":1,""3"":58,""4"":5,""5"":16,""6"":7,""7"":6,""8"":18,""9"":5}",86,4.284134285121683,235,0.235,"{""10"":1,""3"":235,""4"":200,""5"":145,""6"":49,""7"":234,""8"":124,""9"":12}","{""10"":1,""11"":27,""12"":9,""14"":219,""15"":64,""16"":4,""17"":42,""18"":4,""19"":13,""20"":7,""21"":2,""23"":1,""24"":2,""3"":235,""4"":81,""5"":134,""6"":52,""7"":28,""8"":54,""9"":21}","{""Diagonal CMA-ES"":{""attempts"":305,""discoveries"":0,""improvements"":0,""insertions"":0,""insertion_rate"":0.0},""Immigrant"":{""attempts"":150,""discoveries"":0,""improvements"":0,""insertions"":0,""insertion_rate"":0.0},""Morphology"":{""attempts"":301,""discoveries"":0,""improvements"":1,""insertions"":1,""insertion_rate"":0.0033222591362126247},""Novelty"":{""attempts"":244,""discoveries"":0,""improvements"":0,""insertions"":0,""insertion_rate"":0.0}}","{""Morphology"":198,""Novelty"":31}",0,0.9074074074074074,false,3000
39,138,139000,4.290749978000001,0.037568628,0.030280965,0.003777997,0.003509666,5.146866347,97.102066,40.986904,8611.778364181519,190,0.9895833,21,3.062852759676252,58,0.30526315789473685,"{""3"":58,""4"":21,""5"":31,""6"":5,""7"":58,""8"":12,""9"":5}","{""11"":3,""14"":55,""15"":2,""16"":3,""17"":10,""18"":2,""3"":58,""4"":5,""5"":16,""6"":7,""7"":6,""8"":18,""9"":5}",85,4.241119172309139,259,0.259,"{""3"":259,""4"":192,""5"":152,""6"":52,""7"":227,""8"":104,""9"":14}","{""10"":2,""11"":33,""12"":6,""14"":213,""15"":45,""16"":5,""17"":46,""18"":5,""19"":7,""20"":8,""23"":2,""3"":259,""4"":102,""5"":110,""6"":52,""7"":34,""8"":49,""9"":22}","{""Diagonal CMA-ES"":{""attempts"":277,""discoveries"":0,""improvements"":0,""insertions"":0,""insertion_rate"":0.0},""Immigrant"":{""attempts"":160,""discoveries"":0,""improvements"":0,""insertions"":0,""insertion_rate"":0.0},""Morphology"":{""attempts"":288,""discoveries"":0,""improvements"":5,""insertions"":5,""insertion_rate"":0.017361111111111112},""Novelty"":{""attempts"":275,""discoveries"":0,""improvements"":0,""insertions"":0,""insertion_rate"":0.0}}","{""Morphology"":166,""Novelty"":32}",2,0.908256880733945,false,4000
39,139,140000,4.325452457000001,0.034702479,0.028599744,0.003000313,0.003102422,5.18769412,97.102066,40.986904,8614.932857513428,190,0.9895833,21,3.062852759676252,58,0.30526315789473685,"{""3"":58,""4"":21,""5"":31,""6"":5,""7"":58,""8"":12,""9"":5}","{""11"":3,""14"":55,""15"":2,""16"":3,""17"":10,""18"":2,""3"":58,""4"":5,""5"":16,""6"":7,""7"":6,""8"":18,""9"":5}",80,4.457433561726413,226,0.226,"{""10"":1,""3"":226,""4"":213,""5"":207,""6"":32,""7"":163,""8"":141,""9"":17}","{""10"":3,""11"":13,""12"":5,""14"":143,""15"":64,""16"":11,""17"":59,""18"":5,""19"":9,""20"":11,""3"":226,""4"":89,""5"":153,""6"":73,""7"":28,""8"":81,""9"":27}","{""Diagonal CMA-ES"":{""attempts"":288,""discoveries"":0,""improvements"":0,""insertions"":0,""insertion_rate"":0.0},""Immigrant"":{""attempts"":152,""discoveries"":0,""improvements"":0,""insertions"":0,""insertion_rate"":0.0},""Morphology"":{""attempts"":317,""discoveries"":0,""improvements"":3,""insertions"":3,""insertion_rate"":0.00946372239747634},""Novelty"":{""attempts"":243,""discoveries"":0,""improvements"":0,""insertions"":0,""insertion_rate"":0.0}}","{""Morphology"":217,""Novelty"":19}",0,0.908256880733945,false,5000
39,140,141000,4.363510253000001,0.038057796000000005,0.029949707,0.003136853,0.004971236,5.232445928,97.102066,40.986904,8627.445468902588,190,0.9895833,21,3.0495848481439554,58,0.30526315789473685,"{""3"":58,""4"":21,""5"":31,""6"":5,""7"":59,""8"":11,""9"":5}","{""11"":3,""14"":56,""15"":2,""16"":3,""17"":9,""18"":2,""3"":58,""4"":5,""5"":16,""6"":7,""7"":6,""8"":18,""9"":5}",88,4.6191168326233285,232,0.232,"{""10"":1,""3"":232,""4"":253,""5"":196,""6"":40,""7"":125,""8"":135,""9"":18}","{""11"":19,""12"":6,""14"":96,""15"":69,""16"":7,""17"":50,""18"":5,""19"":12,""20"":9,""21"":1,""23"":5,""3"":232,""4"":108,""5"":162,""6"":74,""7"":41,""8"":69,""9"":35}","{""Diagonal CMA-ES"":{""attempts"":277,""discoveries"":0,""improvements"":0,""insertions"":0,""insertion_rate"":0.0},""Immigrant"":{""attempts"":155,""discoveries"":0,""improvements"":0,""insertions"":0,""insertion_rate"":0.0},""Morphology"":{""attempts"":322,""discoveries"":0,""improvements"":1,""insertions"":1,""insertion_rate"":0.003105590062111801},""Novelty"":{""attempts"":246,""discoveries"":0,""improvements"":0,""insertions"":0,""insertion_rate"":0.0}}","{""Morphology"":220,""Novelty"":35}",0,0.908256880733945,false,6000
39,141,142000,4.403783555000001,0.040273302000000004,0.030588476,0.003408745,0.006276081,5.2804770659999996,97.102066,40.986904,8647.56519317627,190,0.9895833,23,3.108470645196057,57,0.3,"{""3"":57,""4"":21,""5"":30,""6"":5,""7"":59,""8"":13,""9"":5}","{""11"":3,""14"":56,""15"":3,""16"":3,""17"":9,""18"":2,""19"":1,""3"":57,""4"":5,""5"":16,""6"":7,""7"":5,""8"":18,""9"":5}",89,4.575806777822413,231,0.231,"{""3"":231,""4"":242,""5"":217,""6"":39,""7"":130,""8"":129,""9"":12}","{""10"":2,""11"":21,""12"":10,""13"":1,""14"":97,""15"":53,""16"":8,""17"":49,""19"":18,""20"":12,""23"":1,""24"":1,""3"":231,""4"":109,""5"":158,""6"":74,""7"":39,""8"":81,""9"":35}","{""Diagonal CMA-ES"":{""attempts"":324,""discoveries"":0,""improvements"":0,""insertions"":0,""insertion_rate"":0.0},""Immigrant"":{""attempts"":148,""discoveries"":0,""improvements"":0,""insertions"":0,""insertion_rate"":0.0},""Morphology"":{""attempts"":282,""discoveries"":0,""improvements"":4,""insertions"":4,""insertion_rate"":0.014184397163120567},""Novelty"":{""attempts"":246,""discoveries"":0,""improvements"":0,""insertions"":0,""insertion_rate"":0.0}}","{""Morphology"":201,""Novelty"":35}",2,0.9099099099099099,false,7000
39,142,143000,4.440250368000001,0.036466813,0.028330227,0.00311667,0.005019916,5.324106873,97.102066,40.986904,8651.274585723877,190,0.9895833,23,3.108470645196057,57,0.3,"{""3"":57,""4"":21,""5"":30,""6"":5,""7"":59,""8"":13,""9"":5}","{""11"":3,""14"":56,""15"":3,""16"":3,""17"":9,""18"":2,""19"":1,""3"":57,""4"":5,""5"":16,""6"":7,""7"":5,""8"":18,""9"":5}",83,4.50523811880486,213,0.213,"{""3"":213,""4"":220,""5"":218,""6"":31,""7"":153,""8"":133,""9"":32}","{""10"":1,""11"":15,""12"":4,""14"":134,""15"":60,""16"":20,""17"":48,""18"":9,""19"":17,""20"":9,""23"":1,""3"":213,""4"":95,""5"":143,""6"":68,""7"":28,""8"":105,""9"":30}","{""Diagonal CMA-ES"":{""attempts"":300,""discoveries"":0,""improvements"":0,""insertions"":0,""insertion_rate"":0.0},""Immigrant"":{""attempts"":162,""discoveries"":0,""improvements"":0,""insertions"":0,""insertion_rate"":0.0},""Morphology"":{""attempts"":304,""discoveries"":0,""improvements"":2,""insertions"":2,""insertion_rate"":0.006578947368421052},""Novelty"":{""attempts"":234,""discoveries"":0,""improvements"":0,""insertions"":0,""insertion_rate"":0.0}}","{""Morphology"":199,""Novelty"":34}",0,0.9099099099099099,false,8000
39,143,144000,4.479737677000001,0.039487309,0.031426712,0.003001501,0.005059096,5.370257323,97.102066,40.986904,8676.839925765991,190,0.9895833,23,3.108470645196057,57,0.3,"{""3"":57,""4"":21,""5"":30,""6"":5,""7"":59,""8"":13,""9"":5}","{""11"":3,""14"":56,""15"":3,""16"":3,""17"":9,""18"":2,""19"":1,""3"":57,""4"":5,""5"":16,""6"":7,""7"":5,""8"":18,""9"":5}",82,4.345901785495987,231,0.231,"{""3"":231,""4"":222,""5"":182,""6"":32,""7"":194,""8"":122,""9"":17}","{""10"":1,""11"":11,""12"":7,""14"":169,""15"":48,""16"":10,""17"":44,""18"":6,""19"":20,""20"":10,""23"":2,""24"":1,""3"":231,""4"":98,""5"":144,""6"":64,""7"":29,""8"":72,""9"":33}","{""Diagonal CMA-ES"":{""attempts"":331,""discoveries"":0,""improvements"":0,""insertions"":0,""insertion_rate"":0.0},""Immigrant"":{""attempts"":145,""discoveries"":0,""improvements"":0,""insertions"":0,""insertion_rate"":0.0},""Morphology"":{""attempts"":280,""discoveries"":0,""improvements"":6,""insertions"":6,""insertion_rate"":0.02142857142857143},""Novelty"":{""attempts"":244,""discoveries"":0,""improvements"":0,""insertions"":0,""insertion_rate"":0.0}}","{""Morphology"":190,""Novelty"":19}",0,0.9099099099099099,false,9000
39,144,145000,4.518336883000001,0.038599206000000004,0.030619346,0.003043056,0.004936804,5.415831932,97.102066,40.986904,8690.885039329529,191,0.9947917,23,3.08612052567234,58,0.3036649214659686,"{""3"":58,""4"":20,""5"":30,""6"":5,""7"":60,""8"":13,""9"":5}","{""11"":3,""14"":57,""15"":3,""16"":3,""17"":9,""18"":2,""19"":1,""3"":58,""4"":5,""5"":15,""6"":7,""7"":5,""8"":18,""9"":5}",90,4.599982969660673,189,0.189,"{""10"":3,""3"":189,""4"":215,""5"":170,""6"":30,""7"":183,""8"":152,""9"":58}","{""10"":2,""11"":15,""12"":5,""14"":160,""15"":81,""16"":10,""17"":44,""18"":42,""19"":22,""20"":10,""21"":1,""23"":3,""26"":2,""3"":189,""4"":108,""5"":133,""6"":53,""7"":23,""8"":70,""9"":27}","{""Diagonal CMA-ES"":{""attempts"":275,""discoveries"":1,""improvements"":0,""insertions"":1,""insertion_rate"":0.0036363636363636364},""Immigrant"":{""attempts"":145,""discoveries"":0,""improvements"":0,""insertions"":0,""insertion_rate"":0.0},""Morphology"":{""attempts"":316,""discoveries"":0,""improvements"":1,""insertions"":1,""insertion_rate"":0.0031645569620253164},""Novelty"":{""attempts"":264,""discoveries"":0,""improvements"":1,""insertions"":1,""insertion_rate"":0.003787878787878788}}","{""Morphology"":221,""Novelty"":33}",0,0.911504424778761,false,10000
39,145,146000,4.5571201210000005,0.038783238000000005,0.03092092,0.002919577,0.004942741,5.461183327,97.102066,40.986904,8741.657116889954,191,0.9947917,24,3.1007177222311735,59,0.3089005235602094,"{""3"":59,""4"":20,""5"":29,""6"":5,""7"":60,""8"":12,""9"":6}","{""11"":3,""14"":57,""15"":3,""16"":3,""17"":8,""18"":3,""19"":1,""3"":59,""4"":5,""5"":15,""6"":7,""7"":5,""8"":17,""9"":5}",79,3.6039640889079214,310,0.31,"{""3"":310,""4"":134,""5"":79,""6"":31,""7"":318,""8"":117,""9"":11}","{""10"":2,""11"":25,""12"":7,""14"":305,""15"":54,""17"":35,""18"":7,""19"":23,""20"":4,""23"":2,""24"":1,""3"":310,""4"":66,""5"":85,""6"":26,""7"":11,""8"":26,""9"":11}","{""Diagonal CMA-ES"":{""attempts"":301,""discoveries"":0,""improvements"":0,""insertions"":0,""insertion_rate"":0.0},""Immigrant"":{""attempts"":145,""discoveries"":0,""improvements"":0,""insertions"":0,""insertion_rate"":0.0},""Morphology"":{""attempts"":294,""discoveries"":0,""improvements"":8,""insertions"":8,""insertion_rate"":0.027210884353741496},""Novelty"":{""attempts"":260,""discoveries"":0,""improvements"":1,""insertions"":1,""insertion_rate"":0.0038461538461538464}}","{""Morphology"":183,""Novelty"":31}",1,0.911504424778761,false,11000
39,146,147000,4.594247071000001,0.03712695,0.031347162,0.001759582,0.004020206,5.50357834,97.102066,40.986904,8744.268036842346,191,0.9947917,24,3.1119308607132488,59,0.3089005235602094,"{""3"":59,""4"":19,""5"":29,""6"":5,""7"":61,""8"":12,""9"":6}","{""11"":3,""14"":58,""15"":3,""16"":3,""17"":8,""18"":3,""19"":1,""3"":59,""4"":5,""5"":14,""6"":7,""7"":5,""8"":17,""9"":5}",82,4.01534239763885,305,0.305,"{""10"":10,""3"":305,""4"":167,""5"":68,""6"":28,""7"":201,""8"":113,""9"":108}","{""11"":19,""12"":8,""13"":2,""14"":191,""15"":56,""17"":31,""18"":105,""19"":17,""20"":11,""21"":5,""23"":1,""24"":2,""25"":1,""3"":305,""4"":93,""5"":93,""6"":21,""7"":6,""8"":22,""9"":11}","{""Diagonal CMA-ES"":{""attempts"":297,""discoveries"":0,""improvements"":0,""insertions"":0,""insertion_rate"":0.0},""Immigrant"":{""attempts"":151,""discoveries"":0,""improvements"":0,""insertions"":0,""insertion_rate"":0.0},""Morphology"":{""attempts"":329,""discoveries"":0,""improvements"":3,""insertions"":3,""insertion_rate"":0.00911854103343465},""Novelty"":{""attempts"":223,""discoveries"":0,""improvements"":1,""insertions"":1,""insertion_rate"":0.004484304932735426}}","{""Morphology"":218,""Novelty"":27}",0,0.911504424778761,false,12000
39,147,148000,4.6316233570000005,0.037376285999999995,0.029855911,0.002753355,0.00476702,5.546422153,97.102066,41.689903,8752.358488082886,191,0.9947917,24,3.0752464473473133,60,0.31413612565445026,"{""3"":60,""4"":18,""5"":29,""6"":5,""7"":62,""8"":11,""9"":6}","{""11"":3,""14"":59,""15"":3,""16"":3,""17"":7,""18"":3,""19"":1,""3"":60,""4"":5,""5"":13,""6"":7,""7"":5,""8"":17,""9"":5}",80,3.904049441872081,317,0.317,"{""10"":10,""3"":317,""4"":152,""5"":107,""6"":40,""7"":210,""8"":105,""9"":59}","{""11"":29,""12"":7,""13"":1,""14"":199,""15"":41,""16"":1,""17"":43,""18"":54,""19"":21,""20"":10,""21"":1,""23"":1,""24"":1,""25"":2,""3"":317,""4"":75,""5"":101,""6"":19,""7"":11,""8"":53,""9"":13}","{""Diagonal CMA-ES"":{""attempts"":311,""discoveries"":0,""improvements"":0,""insertions"":0,""insertion_rate"":0.0},""Immigrant"":{""attempts"":151,""discoveries"":0,""improvements"":0,""insertions"":0,""insertion_rate"":0.0},""Morphology"":{""attempts"":293,""discoveries"":0,""improvements"":3,""insertions"":3,""insertion_rate"":0.010238907849829351},""Novelty"":{""attempts"":245,""discoveries"":0,""improvements"":1,""insertions"":1,""insertion_rate"":0.004081632653061225}}","{""Morphology"":204,""Novelty"":37}",0,0.911504424778761,false,13000
39,148,149000,4.669152803,0.037529445999999994,0.030041129,0.002831717,0.0046566,5.5904461439999995,97.102066,41.689903,8753.962861061096,191,0.9947917,24,3.075246447347314,60,0.31413612565445026,"{""3"":60,""4"":18,""5"":29,""6"":5,""7"":62,""8"":11,""9"":6}","{""11"":3,""14"":59,""15"":3,""16"":3,""17"":7,""18"":3,""19"":1,""3"":60,""4"":5,""5"":13,""6"":7,""7"":5,""8"":17,""9"":5}",72,3.688293794118013,307,0.307,"{""10"":1,""3"":307,""4"":143,""5"":93,""6"":30,""7"":291,""8"":125,""9"":10}","{""10"":2,""11"":18,""12"":4,""14"":281,""15"":62,""16"":2,""17"":47,""18"":3,""19"":16,""20"":6,""21"":1,""23"":1,""24"":1,""26"":1,""3"":307,""4"":78,""5"":93,""6"":29,""7"":12,""8"":27,""9"":9}","{""Diagonal CMA-ES"":{""attempts"":307,""discoveries"":0,""improvements"":0,""insertions"":0,""insertion_rate"":0.0},""Immigrant"":{""attempts"":160,""discoveries"":0,""improvements"":0,""insertions"":0,""insertion_rate"":0.0},""Morphology"":{""attempts"":293,""discoveries"":0,""improvements"":0,""insertions"":0,""insertion_rate"":0.0},""Novelty"":{""attempts"":240,""discoveries"":0,""improvements"":1,""insertions"":1,""insertion_rate"":0.004166666666666667}}","{""Morphology"":205,""Novelty"":29}",0,0.9122807017543859,false,14000
39,149,150000,4.7031820820000005,0.034029278999999996,0.028850265,0.002068281,0.003110733,5.6297434840000005,97.102066,41.689903,8758.69976902008,191,0.9947917,24,3.075246447347314,60,0.31413612565445026,"{""3"":60,""4"":18,""5"":29,""6"":5,""7"":62,""8"":11,""9"":6}","{""11"":3,""14"":59,""15"":3,""16"":3,""17"":7,""18"":3,""19"":1,""3"":60,""4"":5,""5"":13,""6"":7,""7"":5,""8"":17,""9"":5}",85,4.0755756837902215,303,0.303,"{""10"":2,""3"":303,""4"":198,""5"":103,""6"":47,""7"":210,""8"":124,""9"":13}","{""10"":2,""11"":30,""12"":4,""13"":2,""14"":195,""15"":63,""16"":3,""17"":42,""18"":8,""19"":16,""20"":9,""23"":1,""24"":1,""3"":303,""4"":103,""5"":115,""6"":32,""7"":19,""8"":36,""9"":16}","{""Diagonal CMA-ES"":{""attempts"":281,""discoveries"":0,""improvements"":0,""insertions"":0,""insertion_rate"":0.0},""Immigrant"":{""attempts"":162,""discoveries"":0,""improvements"":0,""insertions"":0,""insertion_rate"":0.0},""Morphology"":{""attempts"":338,""discoveries"":0,""improvements"":3,""insertions"":3,""insertion_rate"":0.008875739644970414},""Novelty"":{""attempts"":219,""discoveries"":0,""improvements"":0,""insertions"":0,""insertion_rate"":0.0}}","{""Morphology"":245,""Novelty"":33}",0,0.9122807017543859,false,15000
39,150,151000,4.741579447,0.038397365,0.029567396,0.0039086,0.004921369,5.675902246,97.102066,42.31519,8765.979432106018,191,0.9947917,24,3.068727533746075,60,0.31413612565445026,"{""3"":60,""4"":19,""5"":29,""6"":5,""7"":61,""8"":11,""9"":6}","{""11"":3,""14"":59,""15"":3,""16"":3,""17"":7,""18"":3,""19"":1,""3"":60,""4"":5,""5"":14,""6"":7,""7"":5,""8"":17,""9"":4}",84,4.470016351342942,256,0.256,"{""10"":1,""3"":256,""4"":250,""5"":191,""6"":47,""7"":114,""8"":115,""9"":26}","{""10"":3,""11"":20,""12"":7,""13"":1,""14"":99,""15"":55,""16"":8,""17"":47,""18"":13,""19"":5,""20"":9,""23"":2,""3"":256,""4"":109,""5"":165,""6"":73,""7"":36,""8"":63,""9"":29}","{""Diagonal CMA-ES"":{""attempts"":297,""discoveries"":0,""improvements"":0,""insertions"":0,""insertion_rate"":0.0},""Immigrant"":{""attempts"":139,""discoveries"":0,""improvements"":0,""insertions"":0,""insertion_rate"":0.0},""Morphology"":{""attempts"":290,""discoveries"":0,""improvements"":4,""insertions"":4,""insertion_rate"":0.013793103448275862},""Novelty"":{""attempts"":274,""discoveries"":0,""improvements"":0,""insertions"":0,""insertion_rate"":0.0}}","{""Morphology"":189,""Novelty"":38}",0,0.9122807017543859,false,16000
39,151,152000,4.7811629280000005,0.039583481,0.031712852,0.003273393,0.004597236,5.722801884,97.102066,42.31519,8782.00747013092,191,0.9947917,24,3.0522539344794124,60,0.31413612565445026,"{""3"":60,""4"":19,""5"":29,""6"":5,""7"":62,""8"":10,""9"":6}","{""11"":3,""14"":60,""15"":3,""16"":3,""17"":6,""18"":3,""19"":1,""3"":60,""4"":5,""5"":14,""6"":7,""7"":5,""8"":17,""9"":4}",80,4.513066666016543,247,0.247,"{""10"":1,""3"":247,""4"":240,""5"":209,""6"":33,""7"":113,""8"":126,""9"":31}","{""11"":15,""12"":3,""14"":97,""15"":58,""16"":9,""17"":41,""18"":17,""19"":19,""20"":12,""21"":1,""23"":1,""3"":247,""4"":115,""5"":158,""6"":69,""7"":37,""8"":73,""9"":28}","{""Diagonal CMA-ES"":{""attempts"":323,""discoveries"":0,""improvements"":0,""insertions"":0,""insertion_rate"":0.0},""Immigrant"":{""attempts"":152,""discoveries"":0,""improvements"":0,""insertions"":0,""insertion_rate"":0.0},""Morphology"":{""attempts"":291,""discoveries"":0,""improvements"":5,""insertions"":5,""insertion_rate"":0.01718213058419244},""Novelty"":{""attempts"":234,""discoveries"":0,""improvements"":0,""insertions"":0,""insertion_rate"":0.0}}","{""Morphology"":200,""Novelty"":31}",0,0.9122807017543859,false,17000
39,152,153000,4.817791212,0.036628284,0.032007302,0.001808262,0.00281272,5.7658131059999995,102.607346,43.146515,8837.20604801178,191,0.9947917,24,3.071771501755463,59,0.3089005235602094,"{""3"":59,""4"":20,""5"":29,""6"":5,""7"":62,""8"":10,""9"":6}","{""11"":3,""14"":60,""15"":3,""16"":3,""17"":6,""18"":3,""19"":1,""3"":59,""4"":5,""5"":15,""6"":7,""7"":5,""8"":17,""9"":4}",86,4.560066130632365,237,0.237,"{""10"":1,""3"":237,""4"":243,""5"":206,""6"":38,""7"":133,""8"":117,""9"":25}","{""10"":2,""11"":12,""12"":3,""14"":114,""15"":59,""16"":8,""17"":32,""18"":14,""19"":17,""20"":12,""21"":1,""23"":3,""3"":237,""4"":107,""5"":151,""6"":69,""7"":33,""8"":93,""9"":33}","{""Diagonal CMA-ES"":{""attempts"":291,""discoveries"":0,""improvements"":0,""insertions"":0,""insertion_rate"":0.0},""Immigrant"":{""attempts"":146,""discoveries"":0,""improvements"":0,""insertions"":0,""insertion_rate"":0.0},""Morphology"":{""attempts"":301,""discoveries"":0,""improvements"":4,""insertions"":4,""insertion_rate"":0.013289036544850499},""Novelty"":{""attempts"":262,""discoveries"":0,""improvements"":0,""insertions"":0,""insertion_rate"":0.0}}","{""Morphology"":202,""Novelty"":39}",0,0.9122807017543859,true,18000
39,153,154000,4.856599382000001,0.03880817,0.030641904,0.003267456,0.00489881,5.811349721,102.607346,43.146515,8843.069479942322,191,0.9947917,24,3.048385478609465,60,0.31413612565445026,"{""3"":60,""4"":19,""5"":29,""6"":5,""7"":62,""8"":10,""9"":6}","{""11"":3,""14"":60,""15"":3,""16"":3,""17"":6,""18"":3,""19"":1,""3"":60,""4"":4,""5"":15,""6"":8,""7"":4,""8"":17,""9"":4}",76,4.475197734621745,207,0.207,"{""10"":2,""3"":207,""4"":299,""5"":179,""6"":33,""7"":131,""8"":110,""9"":39}","{""10"":2,""11"":18,""12"":7,""14"":115,""15"":51,""16"":23,""17"":41,""18"":12,""19"":16,""20"":8,""3"":207,""4"":97,""5"":229,""6"":57,""7"":26,""8"":72,""9"":19}","{""Diagonal CMA-ES"":{""attempts"":318,""discoveries"":0,""improvements"":0,""insertions"":0,""insertion_rate"":0.0},""Immigrant"":{""attempts"":147,""discoveries"":0,""improvements"":0,""insertions"":0,""insertion_rate"":0.0},""Morphology"":{""attempts"":287,""discoveries"":0,""improvements"":2,""insertions"":2,""insertion_rate"":0.006968641114982578},""Novelty"":{""attempts"":248,""discoveries"":0,""improvements"":1,""insertions"":1,""insertion_rate"":0.004032258064516129}}","{""Morphology"":180,""Novelty"":31}",0,0.9122807017543859,false,1000
39,154,155000,4.89507867,0.038479288,0.030460247,0.002983691,0.00503535,5.855942431,102.607346,43.146515,8867.60993385315,191,0.9947917,24,3.0679030458855157,59,0.3089005235602094,"{""3"":59,""4"":20,""5"":29,""6"":5,""7"":62,""8"":10,""9"":6}","{""11"":3,""14"":60,""15"":3,""16"":3,""17"":6,""18"":3,""19"":1,""3"":59,""4"":5,""5"":15,""6"":8,""7"":4,""8"":17,""9"":4}",77,4.475655101963611,257,0.257,"{""10"":1,""3"":257,""4"":207,""5"":192,""6"":26,""7"":140,""8"":152,""9"":25}","{""10"":3,""11"":22,""12"":6,""13"":1,""14"":117,""15"":80,""16"":10,""17"":44,""18"":12,""19"":17,""20"":13,""24"":1,""25"":1,""3"":257,""4"":84,""5"":147,""6"":71,""7"":26,""8"":73,""9"":15}","{""Diagonal CMA-ES"":{""attempts"":283,""discoveries"":0,""improvements"":1,""insertions"":1,""insertion_rate"":0.0035335689045936395},""Immigrant"":{""attempts"":157,""discoveries"":0,""improvements"":0,""insertions"":0,""insertion_rate"":0.0},""Morphology"":{""attempts"":324,""discoveries"":0,""improvements"":2,""insertions"":2,""insertion_rate"":0.006172839506172839},""Novelty"":{""attempts"":236,""discoveries"":0,""improvements"":1,""insertions"":1,""insertion_rate"":0.00423728813559322}}","{""Morphology"":211,""Novelty"":23}",0,0.9122807017543859,false,2000
39,155,156000,4.9319645990000005,0.036885929,0.029307376,0.002748606,0.004829947,5.897870833,102.607346,43.146515,8935.24334526062,191,0.9947917,24,3.0198265694732047,60,0.31413612565445026,"{""3"":60,""4"":19,""5"":28,""6"":5,""7"":63,""8"":11,""9"":5}","{""11"":3,""14"":61,""15"":3,""16"":2,""17"":7,""18"":3,""19"":1,""3"":60,""4"":5,""5"":14,""6"":8,""7"":3,""8"":17,""9"":4}",88,4.143930259821783,256,0.256,"{""10"":4,""3"":256,""4"":151,""5"":168,""6"":38,""7"":226,""8"":122,""9"":35}","{""10"":3,""11"":23,""12"":5,""14"":213,""15"":51,""16"":24,""17"":55,""18"":5,""19"":17,""20"":8,""21"":1,""23"":1,""24"":1,""3"":256,""4"":80,""5"":99,""6"":39,""7"":15,""8"":87,""9"":17}","{""Diagonal CMA-ES"":{""attempts"":305,""discoveries"":0,""improvements"":1,""insertions"":1,""insertion_rate"":0.003278688524590164},""Immigrant"":{""attempts"":154,""discoveries"":0,""improvements"":0,""insertions"":0,""insertion_rate"":0.0},""Morphology"":{""attempts"":294,""discoveries"":0,""improvements"":5,""insertions"":5,""insertion_rate"":0.017006802721088437},""Novelty"":{""attempts"":247,""discoveries"":0,""improvements"":0,""insertions"":0,""insertion_rate"":0.0}}","{""Morphology"":197,""Novelty"":24}",0,0.9122807017543859,false,3000
39,156,157000,4.967684596000001,0.035719996999999996,0.027995407,0.003190282,0.004534308,5.941841396,102.607346,43.146515,8941.870840072632,191,0.9947917,24,3.0198265694732047,60,0.31413612565445026,"{""3"":60,""4"":19,""5"":28,""6"":5,""7"":63,""8"":11,""9"":5}","{""11"":3,""14"":61,""15"":3,""16"":2,""17"":7,""18"":3,""19"":1,""3"":60,""4"":5,""5"":14,""6"":8,""7"":3,""8"":17,""9"":4}",80,4.205220736713149,244,0.244,"{""10"":6,""3"":244,""4"":167,""5"":141,""6"":47,""7"":224,""8"":117,""9"":54}","{""10"":2,""11"":27,""12"":4,""14"":214,""15"":57,""16"":43,""17"":40,""18"":11,""19"":16,""20"":10,""21"":1,""3"":244,""4"":94,""5"":89,""6"":30,""7"":15,""8"":81,""9"":22}","{""Diagonal CMA-ES"":{""attempts"":298,""discoveries"":0,""improvements"":0,""insertions"":0,""insertion_rate"":0.0},""Immigrant"":{""attempts"":149,""discoveries"":0,""improvements"":0,""insertions"":0,""insertion_rate"":0.0},""Morphology"":{""attempts"":310,""discoveries"":0,""improvements"":2,""insertions"":2,""insertion_rate"":0.0064516129032258064},""Novelty"":{""attempts"":243,""discoveries"":0,""improvements"":0,""insertions"":0,""insertion_rate"":0.0}}","{""Morphology"":198,""Novelty"":24}",0,0.9122807017543859,false,4000
39,157,158000,5.005849249000001,0.038164653,0.030349828,0.002919577,0.004895248,5.986743991,102.607346,43.146515,8950.887300491333,191,0.9947917,24,2.9918815651582173,60,0.31413612565445026,"{""3"":60,""4"":19,""5"":28,""6"":5,""7"":63,""8"":11,""9"":5}","{""11"":3,""14"":61,""15"":3,""16"":2,""17"":7,""18"":3,""19"":1,""3"":60,""4"":5,""5"":14,""6"":8,""7"":3,""8"":17,""9"":4}",83,4.1473424191037305,264,0.264,"{""3"":264,""4"":170,""5"":134,""6"":46,""7"":240,""8"":129,""9"":17}","{""10"":3,""11"":29,""12"":7,""14"":228,""15"":61,""16"":4,""17"":47,""18"":10,""19"":13,""20"":7,""26"":1,""3"":264,""4"":87,""5"":111,""6"":49,""7"":17,""8"":41,""9"":21}","{""Diagonal CMA-ES"":{""attempts"":309,""discoveries"":0,""improvements"":0,""insertions"":0,""insertion_rate"":0.0},""Immigrant"":{""attempts"":173,""discoveries"":0,""improvements"":0,""insertions"":0,""insertion_rate"":0.0},""Morphology"":{""attempts"":303,""discoveries"":0,""improvements"":2,""insertions"":2,""insertion_rate"":0.006600660066006601},""Novelty"":{""attempts"":215,""discoveries"":0,""improvements"":1,""insertions"":1,""insertion_rate"":0.004651162790697674}}","{""Morphology"":201,""Novelty"":32}",0,0.9122807017543859,false,5000
39,158,159000,5.043923668000001,0.038074419,0.030600349,0.003079863,0.004394207,6.031470866,102.607346,43.146515,8962.516298294067,191,0.9947917,24,2.991881565158218,60,0.31413612565445026,"{""3"":60,""4"":19,""5"":28,""6"":5,""7"":63,""8"":11,""9"":5}","{""11"":3,""14"":61,""15"":3,""16"":2,""17"":7,""18"":3,""19"":1,""3"":60,""4"":5,""5"":14,""6"":8,""7"":3,""8"":17,""9"":4}",85,3.998416379709932,235,0.235,"{""10"":2,""3"":235,""4"":151,""5"":155,""6"":42,""7"":281,""8"":120,""9"":14}","{""11"":22,""12"":6,""14"":270,""15"":63,""16"":3,""17"":44,""18"":9,""19"":12,""20"":5,""23"":1,""24"":1,""3"":235,""4"":69,""5"":96,""6"":35,""7"":22,""8"":87,""9"":20}","{""Diagonal CMA-ES"":{""attempts"":314,""discoveries"":0,""improvements"":0,""insertions"":0,""insertion_rate"":0.0},""Immigrant"":{""attempts"":146,""discoveries"":0,""improvements"":0,""insertions"":0,""insertion_rate"":0.0},""Morphology"":{""attempts"":277,""discoveries"":0,""improvements"":2,""insertions"":2,""insertion_rate"":0.007220216606498195},""Novelty"":{""attempts"":263,""discoveries"":0,""improvements"":0,""insertions"":0,""insertion_rate"":0.0}}","{""Morphology"":176,""Novelty"":36}",0,0.9122807017543859,false,6000
39,159,160000,5.084158977,0.040235309,0.032534464,0.003015749,0.004685096,6.07845599,102.607346,43.146515,8977.39967918396,191,0.9947917,24,2.9918815651582173,60,0.31413612565445026,"{""3"":60,""4"":19,""5"":28,""6"":5,""7"":63,""8"":11,""9"":5}","{""11"":3,""14"":61,""15"":3,""16"":2,""17"":7,""18"":3,""19"":1,""3"":60,""4"":5,""5"":14,""6"":8,""7"":3,""8"":17,""9"":4}",84,4.113928742097927,271,0.271,"{""3"":271,""4"":179,""5"":109,""6"":44,""7"":252,""8"":130,""9"":15}","{""10"":3,""11"":22,""12"":8,""14"":236,""15"":62,""16"":4,""17"":43,""18"":7,""19"":15,""20"":11,""23"":1,""3"":271,""4"":90,""5"":103,""6"":39,""7"":19,""8"":45,""9"":21}","{""Diagonal CMA-ES"":{""attempts"":319,""discoveries"":0,""improvements"":0,""insertions"":0,""insertion_rate"":0.0},""Immigrant"":{""attempts"":143,""discoveries"":0,""improvements"":0,""insertions"":0,""insertion_rate"":0.0},""Morphology"":{""attempts"":305,""discoveries"":0,""improvements"":4,""insertions"":4,""insertion_rate"":0.013114754098360656},""Novelty"":{""attempts"":233,""discoveries"":0,""improvements"":0,""insertions"":0,""insertion_rate"":0.0}}","{""Morphology"":209,""Novelty"":26}",0,0.9122807017543859,false,7000
39,160,161000,5.122018494000001,0.037859517,0.028657922,0.003164161,0.006037434,6.123198299,102.607346,43.146515,8986.493236541748,191,0.9947917,24,2.9677629559819794,61,0.3193717277486911,"{""3"":61,""4"":19,""5"":27,""6"":5,""7"":63,""8"":11,""9"":5}","{""11"":3,""14"":61,""15"":3,""16"":2,""17"":7,""18"":3,""19"":1,""3"":61,""4"":5,""5"":14,""6"":8,""7"":2,""8"":17,""9"":4}",80,4.0090492844382055,289,0.289,"{""10"":2,""3"":289,""4"":178,""5"":119,""6"":40,""7"":234,""8"":122,""9"":16}","{""10"":2,""11"":26,""12"":5,""14"":222,""15"":47,""16"":4,""17"":49,""18"":13,""19"":20,""20"":9,""3"":289,""4"":99,""5"":93,""6"":47,""7"":18,""8"":42,""9"":15}","{""Diagonal CMA-ES"":{""attempts"":326,""discoveries"":0,""improvements"":0,""insertions"":0,""insertion_rate"":0.0},""Immigrant"":{""attempts"":160,""discoveries"":0,""improvements"":0,""insertions"":0,""insertion_rate"":0.0},""Morphology"":{""attempts"":274,""discoveries"":0,""improvements"":3,""insertions"":3,""insertion_rate"":0.010948905109489052},""Novelty"":{""attempts"":240,""discoveries"":0,""improvements"":0,""insertions"":0,""insertion_rate"":0.0}}","{""Morphology"":188,""Novelty"":24}",0,0.9122807017543859,false,8000
39,161,162000,5.163316439000001,0.041297944999999996,0.032983265,0.002062345,0.006252335,6.170522992,102.607346,45.42199,9060.293687820435,191,0.9947917,25,2.996490015150858,61,0.3193717277486911,"{""3"":61,""4"":19,""5"":26,""6"":5,""7"":63,""8"":12,""9"":5}","{""11"":3,""14"":61,""15"":4,""16"":2,""17"":7,""18"":3,""19"":1,""3"":61,""4"":5,""5"":14,""6"":8,""7"":2,""8"":16,""9"":4}",84,4.377973500302572,250,0.25,"{""10"":1,""3"":250,""4"":217,""5"":183,""6"":30,""7"":154,""8"":139,""9"":26}","{""10"":1,""11"":15,""12"":3,""14"":137,""15"":57,""16"":7,""17"":54,""18"":15,""19"":18,""20"":10,""21"":1,""23"":2,""24"":1,""3"":250,""4"":89,""5"":154,""6"":68,""7"":23,""8"":71,""9"":24}","{""Diagonal CMA-ES"":{""attempts"":306,""discoveries"":0,""improvements"":0,""insertions"":0,""insertion_rate"":0.0},""Immigrant"":{""attempts"":127,""discoveries"":0,""improvements"":0,""insertions"":0,""insertion_rate"":0.0},""Morphology"":{""attempts"":309,""discoveries"":0,""improvements"":5,""insertions"":5,""insertion_rate"":0.016181229773462782},""Novelty"":{""attempts"":258,""discoveries"":0,""improvements"":0,""insertions"":0,""insertion_rate"":0.0}}","{""Morphology"":199,""Novelty"":32}",1,0.9122807017543859,false,9000
39,162,163000,5.203098199000001,0.03978176,0.031546629,0.003041869,0.005193262,6.217364452,102.607346,45.42199,9063.264078140259,191,0.9947917,25,2.996490015150858,61,0.3193717277486911,"{""3"":61,""4"":19,""5"":26,""6"":5,""7"":63,""8"":12,""9"":5}","{""11"":3,""14"":61,""15"":4,""16"":2,""17"":7,""18"":3,""19"":1,""3"":61,""4"":5,""5"":14,""6"":8,""7"":2,""8"":16,""9"":4}",88,4.344403848964545,206,0.206,"{""10"":6,""3"":206,""4"":188,""5"":132,""6"":25,""7"":218,""8"":121,""9"":104}","{""10"":2,""11"":10,""14"":206,""15"":50,""16"":85,""17"":44,""18"":15,""19"":20,""20"":15,""21"":2,""22"":1,""24"":2,""3"":206,""4"":78,""5"":133,""6"":51,""7"":16,""8"":46,""9"":18}","{""Diagonal CMA-ES"":{""attempts"":299,""discoveries"":0,""improvements"":0,""insertions"":0,""insertion_rate"":0.0},""Immigrant"":{""attempts"":142,""discoveries"":0,""improvements"":0,""insertions"":0,""insertion_rate"":0.0},""Morphology"":{""attempts"":305,""discoveries"":0,""improvements"":1,""insertions"":1,""insertion_rate"":0.003278688524590164},""Novelty"":{""attempts"":254,""discoveries"":0,""improvements"":0,""insertions"":0,""insertion_rate"":0.0}}","{""Morphology"":204,""Novelty"":31}",0,0.9122807017543859,false,10000
39,163,164000,5.240371188000001,0.037272989,0.029104348,0.00319978,0.004968861,6.261678146,102.607346,45.42199,9073.771701812744,191,0.9947917,25,2.9964900151508584,61,0.3193717277486911,"{""3"":61,""4"":19,""5"":26,""6"":5,""7"":63,""8"":12,""9"":5}","{""11"":3,""14"":61,""15"":4,""16"":2,""17"":7,""18"":3,""19"":1,""3"":61,""4"":5,""5"":14,""6"":8,""7"":2,""8"":16,""9"":4}",80,4.308023626093449,280,0.28,"{""10"":2,""3"":280,""4"":214,""5"":190,""6"":24,""7"":133,""8"":129,""9"":28}","{""11"":11,""12"":4,""14"":114,""15"":55,""16"":8,""17"":50,""18"":18,""19"":20,""20"":10,""3"":280,""4"":87,""5"":152,""6"":83,""7"":17,""8"":69,""9"":22}","{""Diagonal CMA-ES"":{""attempts"":302,""discoveries"":0,""improvements"":1,""insertions"":1,""insertion_rate"":0.0033112582781456954},""Immigrant"":{""attempts"":165,""discoveries"":0,""improvements"":0,""insertions"":0,""insertion_rate"":0.0},""Morphology"":{""attempts"":276,""discoveries"":0,""improvements"":0,""insertions"":0,""insertion_rate"":0.0},""Novelty"":{""attempts"":257,""discoveries"":0,""improvements"":0,""insertions"":0,""insertion_rate"":0.0}}","{""Morphology"":173,""Novelty"":33}",0,0.9122807017543859,false,11000
39,164,165000,5.273799691000001,0.033428503,0.026947019,0.002855462,0.003626022,6.301450407,102.607346,45.42199,9080.424100875854,191,0.9947917,25,2.9964900151508576,61,0.3193717277486911,"{""3"":61,""4"":19,""5"":26,""6"":5,""7"":63,""8"":12,""9"":5}","{""11"":3,""14"":61,""15"":4,""16"":2,""17"":7,""18"":3,""19"":1,""3"":61,""4"":5,""5"":14,""6"":8,""7"":2,""8"":16,""9"":4}",84,4.098025666352616,279,0.279,"{""10"":1,""3"":279,""4"":171,""5"":131,""6"":34,""7"":236,""8"":126,""9"":22}","{""10"":3,""11"":25,""12"":7,""14"":213,""15"":51,""16"":7,""17"":56,""18"":14,""19"":17,""20"":9,""3"":279,""4"":87,""5"":107,""6"":48,""7"":16,""8"":46,""9"":15}","{""Diagonal CMA-ES"":{""attempts"":298,""discoveries"":0,""improvements"":0,""insertions"":0,""insertion_rate"":0.0},""Immigrant"":{""attempts"":155,""discoveries"":0,""improvements"":0,""insertions"":0,""insertion_rate"":0.0},""Morphology"":{""attempts"":281,""discoveries"":0,""improvements"":2,""insertions"":2,""insertion_rate"":0.0071174377224199285},""Novelty"":{""attempts"":266,""discoveries"":0,""improvements"":0,""insertions"":0,""insertion_rate"":0.0}}","{""Morphology"":184,""Novelty"":25}",0,0.9130434782608695,false,12000
39,165,166000,5.310680871000001,0.03688118,0.029430856,0.002923139,0.004527185,6.344738271,102.607346,45.42199,9080.424100875854,191,0.9947917,25,2.996490015150858,61,0.3193717277486911,"{""3"":61,""4"":19,""5"":26,""6"":5,""7"":63,""8"":12,""9"":5}","{""11"":3,""14"":61,""15"":4,""16"":2,""17"":7,""18"":3,""19"":1,""3"":61,""4"":5,""5"":14,""6"":8,""7"":2,""8"":16,""9"":4}",83,3.972958623648796,310,0.31,"{""10"":2,""3"":310,""4"":164,""5"":107,""6"":36,""7"":229,""8"":130,""9"":22}","{""10"":2,""11"":21,""12"":6,""14"":216,""15"":57,""16"":6,""17"":49,""18"":9,""19"":17,""20"":11,""21"":3,""23"":3,""24"":1,""3"":310,""4"":83,""5"":101,""6"":43,""7"":9,""8"":36,""9"":17}","{""Diagonal CMA-ES"":{""attempts"":324,""discoveries"":0,""improvements"":0,""insertions"":0,""insertion_rate"":0.0},""Immigrant"":{""attempts"":146,""discoveries"":0,""improvements"":0,""insertions"":0,""insertion_rate"":0.0},""Morphology"":{""attempts"":293,""discoveries"":0,""improvements"":0,""insertions"":0,""insertion_rate"":0.0},""Novelty"":{""attempts"":237,""discoveries"":0,""improvements"":0,""insertions"":0,""insertion_rate"":0.0}}","{""Morphology"":199,""Novelty"":23}",0,0.9130434782608695,false,13000
39,166,167000,5.346044678000001,0.035363807,0.029082976,0.002859025,0.003421806,6.386057587,102.607346,45.42199,9082.388441085815,191,0.9947917,25,3.024435019465845,61,0.3193717277486911,"{""3"":61,""4"":19,""5"":26,""6"":5,""7"":62,""8"":13,""9"":5}","{""11"":3,""14"":60,""15"":5,""16"":2,""17"":7,""18"":3,""19"":1,""3"":61,""4"":5,""5"":14,""6"":8,""7"":2,""8"":16,""9"":4}",80,4.119230236379071,275,0.275,"{""3"":275,""4"":175,""5"":137,""6"":43,""7"":224,""8"":131,""9"":15}","{""10"":2,""11"":27,""12"":3,""14"":211,""15"":57,""16"":4,""17"":49,""18"":7,""19"":17,""20"":12,""23"":2,""3"":275,""4"":85,""5"":109,""6"":51,""7"":16,""8"":51,""9"":22}","{""Diagonal CMA-ES"":{""attempts"":324,""discoveries"":0,""improvements"":0,""insertions"":0,""insertion_rate"":0.0},""Immigrant"":{""attempts"":160,""discoveries"":0,""improvements"":0,""insertions"":0,""insertion_rate"":0.0},""Morphology"":{""attempts"":277,""discoveries"":0,""improvements"":1,""insertions"":1,""insertion_rate"":0.0036101083032490976},""Novelty"":{""attempts"":239,""discoveries"":0,""improvements"":0,""insertions"":0,""insertion_rate"":0.0}}","{""Morphology"":190,""Novelty"":39}",0,0.9130434782608695,false,14000
39,167,168000,5.383172816000001,0.037128138,0.031047961,0.001916307,0.00416387,6.42841698,102.607346,45.42199,9087.056707382202,191,0.9947917,25,2.9964900151508576,61,0.3193717277486911,"{""3"":61,""4"":19,""5"":26,""6"":4,""7"":63,""8"":13,""9"":5}","{""11"":3,""14"":61,""15"":5,""16"":2,""17"":7,""18"":3,""19"":1,""3"":61,""4"":5,""5"":14,""6"":8,""7"":2,""8"":16,""9"":3}",91,4.297786337719916,239,0.239,"{""10"":3,""3"":239,""4"":165,""5"":103,""6"":47,""7"":243,""8"":175,""9"":25}","{""11"":33,""12"":10,""14"":227,""15"":118,""16"":9,""17"":44,""18"":9,""19"":8,""20"":15,""21"":1,""24"":2,""25"":1,""3"":239,""4"":85,""5"":107,""6"":35,""7"":16,""8"":26,""9"":15}","{""Diagonal CMA-ES"":{""attempts"":308,""discoveries"":0,""improvements"":0,""insertions"":0,""insertion_rate"":0.0},""Immigrant"":{""attempts"":154,""discoveries"":0,""improvements"":0,""insertions"":0,""insertion_rate"":0.0},""Morphology"":{""attempts"":294,""discoveries"":0,""improvements"":1,""insertions"":1,""insertion_rate"":0.003401360544217687},""Novelty"":{""attempts"":244,""discoveries"":0,""improvements"":0,""insertions"":0,""insertion_rate"":0.0}}","{""Morphology"":206,""Novelty"":39}",0,0.9130434782608695,false,15000
39,168,169000,5.420622713000001,0.037449897,0.02910316,0.003520352,0.004826385,6.4730939880000005,102.607346,45.42199,9110.061906814575,191,0.9947917,25,2.996490015150858,61,0.3193717277486911,"{""3"":61,""4"":19,""5"":26,""6"":4,""7"":63,""8"":13,""9"":5}","{""11"":3,""14"":61,""15"":5,""16"":2,""17"":7,""18"":3,""19"":1,""3"":61,""4"":5,""5"":14,""6"":8,""7"":2,""8"":16,""9"":3}",86,4.29040000274252,247,0.247,"{""10"":2,""3"":247,""4"":164,""5"":115,""6"":68,""7"":226,""8"":157,""9"":21}","{""10"":1,""11"":31,""12"":8,""14"":207,""15"":96,""16"":8,""17"":48,""18"":7,""19"":10,""20"":9,""21"":1,""23"":1,""24"":2,""3"":247,""4"":93,""5"":102,""6"":36,""7"":15,""8"":36,""9"":42}","{""Diagonal CMA-ES"":{""attempts"":300,""discoveries"":0,""improvements"":0,""insertions"":0,""insertion_rate"":0.0},""Immigrant"":{""attempts"":164,""discoveries"":0,""improvements"":0,""insertions"":0,""insertion_rate"":0.0},""Morphology"":{""attempts"":293,""discoveries"":0,""improvements"":2,""insertions"":2,""insertion_rate"":0.006825938566552901},""Novelty"":{""attempts"":243,""discoveries"":0,""improvements"":0,""insertions"":0,""insertion_rate"":0.0}}","{""Morphology"":190,""Novelty"":29}",0,0.9130434782608695,false,16000
39,169,170000,5.459797761000001,0.039175048000000004,0.030569479,0.003482358,0.005123211,6.519554324,102.607346,45.42199,9117.067850112915,191,0.9947917,25,2.984194122241975,61,0.3193717277486911,"{""3"":61,""4"":19,""5"":26,""6"":4,""7"":63,""8"":14,""9"":4}","{""11"":3,""14"":61,""15"":5,""16"":1,""17"":8,""18"":3,""19"":1,""3"":61,""4"":5,""5"":14,""6"":8,""7"":2,""8"":16,""9"":3}",83,4.471609964522376,263,0.263,"{""10"":1,""3"":263,""4"":226,""5"":179,""6"":32,""7"":118,""8"":148,""9"":33}","{""10"":2,""11"":17,""12"":4,""14"":101,""15"":72,""16"":11,""17"":46,""18"":19,""19"":23,""20"":12,""23"":1,""3"":263,""4"":104,""5"":143,""6"":73,""7"":23,""8"":66,""9"":20}","{""Diagonal CMA-ES"":{""attempts"":312,""discoveries"":0,""improvements"":0,""insertions"":0,""insertion_rate"":0.0},""Immigrant"":{""attempts"":168,""discoveries"":0,""improvements"":0,""insertions"":0,""insertion_rate"":0.0},""Morphology"":{""attempts"":281,""discoveries"":0,""improvements"":1,""insertions"":1,""insertion_rate"":0.0035587188612099642},""Novelty"":{""attempts"":239,""discoveries"":0,""improvements"":0,""insertions"":0,""insertion_rate"":0.0}}","{""Morphology"":189,""Novelty"":27}",0,0.9130434782608695,false,17000
39,170,171000,5.501491077000001,0.041693316,0.032198458,0.004142498,0.00535236,6.571044074,102.607346,45.42199,9136.071214675903,191,0.9947917,25,2.9841941222419743,61,0.3193717277486911,"{""3"":61,""4"":19,""5"":25,""6"":4,""7"":63,""8"":15,""9"":4}","{""11"":3,""14"":61,""15"":5,""16"":1,""17"":8,""18"":3,""19"":2,""3"":61,""4"":5,""5"":14,""6"":8,""7"":1,""8"":16,""9"":3}",82,4.4103773727350335,273,0.273,"{""10"":4,""3"":273,""4"":194,""5"":177,""6"":32,""7"":106,""8"":185,""9"":29}","{""10"":2,""11"":12,""12"":3,""13"":1,""14"":90,""15"":77,""16"":6,""17"":84,""18"":17,""19"":18,""20"":12,""21"":1,""23"":1,""24"":3,""3"":273,""4"":82,""5"":133,""6"":74,""7"":19,""8"":68,""9"":24}","{""Diagonal CMA-ES"":{""attempts"":303,""discoveries"":0,""improvements"":0,""insertions"":0,""insertion_rate"":0.0},""Immigrant"":{""attempts"":147,""discoveries"":0,""improvements"":0,""insertions"":0,""insertion_rate"":0.0},""Morphology"":{""attempts"":291,""discoveries"":0,""improvements"":2,""insertions"":2,""insertion_rate"":0.006872852233676976},""Novelty"":{""attempts"":259,""discoveries"":0,""improvements"":0,""insertions"":0,""insertion_rate"":0.0}}","{""Morphology"":187,""Novelty"":29}",0,0.9130434782608695,false,18000
39,171,172000,5.543621321000001,0.042130244000000004,0.032345684,0.002967069,0.006817491,6.62116249,102.607346,45.42199,9142.499773025513,191,0.9947917,25,2.9841941222419743,61,0.3193717277486911,"{""3"":61,""4"":19,""5"":25,""6"":4,""7"":63,""8"":15,""9"":4}","{""11"":3,""14"":61,""15"":5,""16"":1,""17"":8,""18"":3,""19"":2,""3"":61,""4"":5,""5"":14,""6"":8,""7"":1,""8"":16,""9"":3}",83,4.571757963582899,215,0.215,"{""3"":215,""4"":219,""5"":160,""6"":27,""7"":137,""8"":199,""9"":43}","{""10"":1,""11"":12,""12"":8,""14"":123,""15"":72,""16"":9,""17"":95,""18"":21,""19"":24,""20"":16,""23"":1,""24"":4,""3"":215,""4"":84,""5"":160,""6"":63,""7"":16,""8"":58,""9"":18}","{""Diagonal CMA-ES"":{""attempts"":283,""discoveries"":0,""improvements"":0,""insertions"":0,""insertion_rate"":0.0},""Immigrant"":{""attempts"":151,""discoveries"":0,""improvements"":0,""insertions"":0,""insertion_rate"":0.0},""Morphology"":{""attempts"":314,""discoveries"":0,""improvements"":2,""insertions"":2,""insertion_rate"":0.006369426751592357},""Novelty"":{""attempts"":252,""discoveries"":0,""improvements"":0,""insertions"":0,""insertion_rate"":0.0}}","{""Morphology"":210,""Novelty"":40}",0,0.9130434782608695,false,19000
39,172,173000,5.586254981000001,0.042633660000000004,0.033489056,0.004022581,0.005122023,6.6710042640000005,161.10133,45.88331,9274.655715942383,191,0.9947917,25,2.966071570802525,61,0.3193717277486911,"{""3"":61,""4"":18,""5"":25,""6"":4,""7"":64,""8"":15,""9"":4}","{""11"":3,""14"":62,""15"":5,""16"":1,""17"":8,""18"":3,""19"":2,""3"":61,""4"":5,""5"":13,""6"":8,""7"":1,""8"":16,""9"":3}",82,4.388638867411291,250,0.25,"{""10"":2,""3"":250,""4"":226,""5"":159,""6"":21,""7"":118,""8"":192,""9"":32}","{""10"":1,""11"":14,""12"":4,""14"":104,""15"":61,""16"":6,""17"":100,""18"":20,""19"":21,""20"":15,""23"":1,""25"":1,""3"":250,""4"":78,""5"":175,""6"":61,""7"":10,""8"":62,""9"":16}","{""Diagonal CMA-ES"":{""attempts"":300,""discoveries"":0,""improvements"":1,""insertions"":1,""insertion_rate"":0.0033333333333333335},""Immigrant"":{""attempts"":144,""discoveries"":0,""improvements"":0,""insertions"":0,""insertion_rate"":0.0},""Morphology"":{""attempts"":312,""discoveries"":0,""improvements"":1,""insertions"":1,""insertion_rate"":0.003205128205128205},""Novelty"":{""attempts"":244,""discoveries"":0,""improvements"":1,""insertions"":1,""insertion_rate"":0.004098360655737705}}","{""Morphology"":201,""Novelty"":22}",0,0.9130434782608695,true,20000
39,173,174000,5.622770471000001,0.036515490000000005,0.028708975,0.002917203,0.004889312,6.714467849,161.10133,45.88331,9334.808709144592,191,0.9947917,26,2.9690713737731182,62,0.32460732984293195,"{""3"":62,""4"":17,""5"":24,""6"":4,""7"":64,""8"":15,""9"":5}","{""11"":3,""14"":62,""15"":5,""16"":1,""17"":8,""18"":4,""19"":2,""3"":62,""4"":5,""5"":12,""6"":7,""7"":1,""8"":16,""9"":3}",74,3.949675101645917,285,0.285,"{""10"":1,""3"":285,""4"":188,""5"":93,""6"":23,""7"":218,""8"":170,""9"":22}","{""10"":1,""11"":16,""12"":4,""13"":1,""14"":211,""15"":62,""16"":2,""17"":85,""18"":13,""19"":19,""20"":9,""23"":2,""3"":285,""4"":98,""5"":104,""6"":40,""7"":10,""8"":29,""9"":9}","{""Diagonal CMA-ES"":{""attempts"":307,""discoveries"":0,""improvements"":1,""insertions"":1,""insertion_rate"":0.003257328990228013},""Immigrant"":{""attempts"":143,""discoveries"":0,""improvements"":0,""insertions"":0,""insertion_rate"":0.0},""Morphology"":{""attempts"":314,""discoveries"":0,""improvements"":2,""insertions"":2,""insertion_rate"":0.006369426751592357},""Novelty"":{""attempts"":236,""discoveries"":0,""improvements"":1,""insertions"":1,""insertion_rate"":0.00423728813559322}}","{""Morphology"":216,""Novelty"":23}",1,0.9130434782608695,false,1000
39,174,175000,5.660523131000001,0.03775266,0.02976805,0.003008625,0.004975985,6.759585346,161.10133,45.88331,9350.709282875061,191,0.9947917,26,2.9690713737731182,62,0.32460732984293195,"{""3"":62,""4"":17,""5"":24,""6"":4,""7"":64,""8"":15,""9"":5}","{""11"":3,""14"":62,""15"":5,""16"":1,""17"":8,""18"":4,""19"":2,""3"":62,""4"":5,""5"":12,""6"":7,""7"":1,""8"":16,""9"":3}",87,4.135315945803016,281,0.281,"{""10"":2,""3"":281,""4"":182,""5"":119,""6"":30,""7"":213,""8"":142,""9"":31}","{""10"":1,""11"":19,""12"":4,""14"":200,""15"":57,""16"":5,""17"":63,""18"":17,""19"":19,""20"":11,""21"":1,""23"":1,""24"":1,""25"":1,""3"":281,""4"":96,""5"":104,""6"":38,""7"":18,""8"":47,""9"":16}","{""Diagonal CMA-ES"":{""attempts"":288,""discoveries"":0,""improvements"":0,""insertions"":0,""insertion_rate"":0.0},""Immigrant"":{""attempts"":141,""discoveries"":0,""improvements"":0,""insertions"":0,""insertion_rate"":0.0},""Morphology"":{""attempts"":295,""discoveries"":0,""improvements"":3,""insertions"":3,""insertion_rate"":0.010169491525423728},""Novelty"":{""attempts"":276,""discoveries"":0,""improvements"":2,""insertions"":2,""insertion_rate"":0.007246376811594203}}","{""Morphology"":213,""Novelty"":26}",0,0.9130434782608695,false,2000
39,175,176000,5.6983410910000005,0.03781796,0.029651694,0.003196218,0.004970048,6.804794265,161.10133,45.88331,9350.91998577118,191,0.9947917,26,2.9690713737731182,62,0.32460732984293195,"{""3"":62,""4"":17,""5"":24,""6"":4,""7"":64,""8"":15,""9"":5}","{""11"":3,""14"":62,""15"":5,""16"":1,""17"":8,""18"":4,""19"":2,""3"":62,""4"":5,""5"":12,""6"":7,""7"":1,""8"":16,""9"":3}",86,4.1595666155237465,276,0.276,"{""10"":1,""3"":276,""4"":177,""5"":128,""6"":35,""7"":206,""8"":146,""9"":31}","{""10"":1,""11"":16,""12"":4,""14"":197,""15"":53,""16"":4,""17"":66,""18"":17,""19"":17,""20"":14,""23"":4,""24"":2,""3"":276,""4"":102,""5"":103,""6"":37,""7"":12,""8"":55,""9"":20}","{""Diagonal CMA-ES"":{""attempts"":295,""discoveries"":0,""improvements"":0,""insertions"":0,""insertion_rate"":0.0},""Immigrant"":{""attempts"":151,""discoveries"":0,""improvements"":0,""insertions"":0,""insertion_rate"":0.0},""Morphology"":{""attempts"":308,""discoveries"":0,""improvements"":1,""insertions"":1,""insertion_rate"":0.003246753246753247},""Novelty"":{""attempts"":246,""discoveries"":0,""improvements"":0,""insertions"":0,""insertion_rate"":0.0}}","{""Morphology"":209,""Novelty"":20}",0,0.9130434782608695,false,3000
39,176,177000,5.736961668,0.038620577,0.030197853,0.003338695,0.005084029,6.851982418,161.10133,45.88331,9366.118025779724,191,0.9947917,26,2.983899734201622,62,0.32460732984293195,"{""3"":62,""4"":17,""5"":24,""6"":4,""7"":63,""8"":16,""9"":5}","{""11"":3,""14"":61,""15"":5,""16"":1,""17"":9,""18"":4,""19"":2,""3"":62,""4"":5,""5"":12,""6"":7,""7"":1,""8"":16,""9"":3}",87,4.179983778225056,268,0.268,"{""10"":2,""3"":268,""4"":175,""5"":119,""6"":24,""7"":216,""8"":164,""9"":32}","{""10"":1,""11"":15,""12"":3,""13"":2,""14"":204,""15"":61,""16"":6,""17"":72,""18"":17,""19"":21,""20"":16,""21"":3,""23"":1,""24"":1,""3"":268,""4"":85,""5"":116,""6"":49,""7"":13,""8"":34,""9"":12}","{""Diagonal CMA-ES"":{""attempts"":306,""discoveries"":0,""improvements"":0,""insertions"":0,""insertion_rate"":0.0},""Immigrant"":{""attempts"":154,""discoveries"":0,""improvements"":0,""insertions"":0,""insertion_rate"":0.0},""Morphology"":{""attempts"":302,""discoveries"":0,""improvements"":4,""insertions"":4,""insertion_rate"":0.013245033112582781},""Novelty"":{""attempts"":238,""discoveries"":0,""improvements"":0,""insertions"":0,""insertion_rate"":0.0}}","{""Morphology"":207,""Novelty"":30}",0,0.9137931034482759,false,4000
39,177,178000,5.775850576,0.038888908,0.031110889,0.002888707,0.004889312,6.897560588,161.10133,45.88331,9368.736105918884,191,0.9947917,26,2.983899734201622,62,0.32460732984293195,"{""3"":62,""4"":17,""5"":24,""6"":4,""7"":63,""8"":16,""9"":5}","{""11"":3,""14"":61,""15"":5,""16"":1,""17"":9,""18"":4,""19"":2,""3"":62,""4"":5,""5"":12,""6"":7,""7"":1,""8"":16,""9"":3}",90,4.20913127762178,273,0.273,"{""10"":4,""3"":273,""4"":172,""5"":111,""6"":28,""7"":223,""8"":152,""9"":37}","{""11"":14,""12"":5,""13"":2,""14"":215,""15"":65,""16"":5,""17"":61,""18"":16,""19"":17,""20"":22,""21"":1,""23"":2,""24"":2,""25"":1,""3"":273,""4"":81,""5"":105,""6"":47,""7"":11,""8"":42,""9"":13}","{""Diagonal CMA-ES"":{""attempts"":318,""discoveries"":0,""improvements"":0,""insertions"":0,""insertion_rate"":0.0},""Immigrant"":{""attempts"":150,""discoveries"":0,""improvements"":0,""insertions"":0,""insertion_rate"":0.0},""Morphology"":{""attempts"":291,""discoveries"":0,""improvements"":1,""insertions"":1,""insertion_rate"":0.003436426116838488},""Novelty"":{""attempts"":241,""discoveries"":0,""improvements"":0,""insertions"":0,""insertion_rate"":0.0}}","{""Morphology"":195,""Novelty"":33}",0,0.9137931034482759,false,5000
39,178,179000,5.816392209,0.040541632999999994,0.030690584,0.003205717,0.006645332,6.946050025,161.10133,45.88331,9368.736105918884,191,0.9947917,26,2.983899734201622,62,0.32460732984293195,"{""3"":62,""4"":17,""5"":24,""6"":4,""7"":63,""8"":16,""9"":5}","{""11"":3,""14"":61,""15"":5,""16"":1,""17"":9,""18"":4,""19"":2,""3"":62,""4"":5,""5"":12,""6"":7,""7"":1,""8"":16,""9"":3}",72,3.842409744188171,305,0.305,"{""3"":305,""4"":151,""5"":88,""6"":26,""7"":187,""8"":209,""9"":34}","{""11"":20,""12"":4,""14"":185,""15"":54,""16"":3,""17"":129,""18"":16,""19"":14,""20"":20,""23"":3,""24"":2,""3"":305,""4"":89,""5"":91,""6"":31,""7"":5,""8"":26,""9"":3}","{""Diagonal CMA-ES"":{""attempts"":311,""discoveries"":0,""improvements"":0,""insertions"":0,""insertion_rate"":0.0},""Immigrant"":{""attempts"":149,""discoveries"":0,""improvements"":0,""insertions"":0,""insertion_rate"":0.0},""Morphology"":{""attempts"":282,""discoveries"":0,""improvements"":0,""insertions"":0,""insertion_rate"":0.0},""Novelty"":{""attempts"":258,""discoveries"":0,""improvements"":0,""insertions"":0,""insertion_rate"":0.0}}","{""Morphology"":193,""Novelty"":30}",0,0.9137931034482759,false,6000
39,179,180000,5.8538527909999996,0.037460582,0.029357243,0.003262707,0.004840632,6.990738906,161.10133,45.88331,9368.736105918884,191,0.9947917,26,2.983899734201622,62,0.32460732984293195,"{""3"":62,""4"":17,""5"":24,""6"":4,""7"":63,""8"":16,""9"":5}","{""11"":3,""14"":61,""15"":5,""16"":1,""17"":9,""18"":4,""19"":2,""3"":62,""4"":5,""5"":12,""6"":7,""7"":1,""8"":16,""9"":3}",82,4.416895075424477,274,0.274,"{""10"":2,""3"":274,""4"":190,""5"":159,""6"":29,""7"":126,""8"":183,""9"":37}","{""10"":1,""11"":14,""12"":6,""14"":107,""15"":78,""16"":7,""17"":74,""18"":23,""19"":26,""20"":12,""23"":2,""24"":1,""3"":274,""4"":85,""5"":125,""6"":56,""7"":18,""8"":68,""9"":23}","{""Diagonal CMA-ES"":{""attempts"":323,""discoveries"":0,""improvements"":0,""insertions"":0,""insertion_rate"":0.0},""Immigrant"":{""attempts"":130,""discoveries"":0,""improvements"":0,""insertions"":0,""insertion_rate"":0.0},""Morphology"":{""attempts"":299,""discoveries"":0,""improvements"":0,""insertions"":0,""insertion_rate"":0.0},""Novelty"":{""attempts"":248,""discoveries"":0,""improvements"":0,""insertions"":0,""insertion_rate"":0.0}}","{""Morphology"":209,""Novelty"":30}",0,0.9137931034482759,false,7000
39,180,181000,5.894601014999999,0.040748224,0.031604807,0.004165058,0.004978359,7.038540894,161.10133,49.45631,9447.855164527893,191,0.9947917,26,2.979120810314623,62,0.32460732984293195,"{""3"":62,""4"":17,""5"":23,""6"":4,""7"":63,""8"":17,""9"":5}","{""11"":3,""14"":61,""15"":5,""16"":1,""17"":10,""18"":4,""19"":2,""3"":62,""4"":5,""5"":12,""6"":6,""7"":1,""8"":16,""9"":3}",86,4.455259015366246,273,0.273,"{""10"":2,""3"":273,""4"":212,""5"":163,""6"":22,""7"":128,""8"":153,""9"":47}","{""11"":9,""12"":1,""14"":112,""15"":75,""16"":8,""17"":53,""18"":30,""19"":23,""20"":9,""23"":4,""24"":3,""3"":273,""4"":110,""5"":126,""6"":65,""7"":12,""8"":65,""9"":22}","{""Diagonal CMA-ES"":{""attempts"":308,""discoveries"":0,""improvements"":1,""insertions"":1,""insertion_rate"":0.003246753246753247},""Immigrant"":{""attempts"":157,""discoveries"":0,""improvements"":0,""insertions"":0,""insertion_rate"":0.0},""Morphology"":{""attempts"":296,""discoveries"":0,""improvements"":5,""insertions"":5,""insertion_rate"":0.016891891891891893},""Novelty"":{""attempts"":239,""discoveries"":0,""improvements"":0,""insertions"":0,""insertion_rate"":0.0}}","{""Morphology"":196,""Novelty"":29}",0,0.9137931034482759,false,8000
39,181,182000,5.931268478999999,0.036667464,0.028944062,0.003071551,0.004651851,7.082136269,161.10133,49.45631,9462.767698287964,191,0.9947917,26,3.010597952311735,60,0.31413612565445026,"{""3"":60,""4"":18,""5"":23,""6"":4,""7"":63,""8"":18,""9"":5}","{""11"":3,""14"":61,""15"":5,""16"":1,""17"":11,""18"":4,""19"":2,""3"":60,""4"":6,""5"":12,""6"":6,""7"":1,""8"":16,""9"":3}",88,4.220696969502735,277,0.277,"{""10"":2,""3"":277,""4"":191,""5"":107,""6"":32,""7"":216,""8"":143,""9"":32}","{""11"":15,""12"":4,""14"":206,""15"":67,""16"":4,""17"":58,""18"":15,""19"":17,""20"":15,""21"":1,""23"":3,""3"":277,""4"":94,""5"":123,""6"":33,""7"":20,""8"":31,""9"":17}","{""Diagonal CMA-ES"":{""attempts"":277,""discoveries"":0,""improvements"":0,""insertions"":0,""insertion_rate"":0.0},""Immigrant"":{""attempts"":170,""discoveries"":0,""improvements"":0,""insertions"":0,""insertion_rate"":0.0},""Morphology"":{""attempts"":318,""discoveries"":0,""improvements"":5,""insertions"":5,""insertion_rate"":0.015723270440251572},""Novelty"":{""attempts"":235,""discoveries"":0,""improvements"":0,""insertions"":0,""insertion_rate"":0.0}}","{""Morphology"":216,""Novelty"":27}",0,0.9137931034482759,false,9000
39,182,183000,5.971375558999999,0.040107079999999996,0.031204685,0.003154663,0.005747732,7.130149597,161.10133,49.45631,9480.075490951538,191,0.9947917,26,3.0204204051872727,61,0.3193717277486911,"{""3"":61,""4"":17,""5"":23,""6"":4,""7"":62,""8"":19,""9"":5}","{""11"":3,""14"":60,""15"":6,""16"":1,""17"":11,""18"":4,""19"":2,""3"":61,""4"":5,""5"":12,""6"":6,""7"":1,""8"":16,""9"":3}",78,3.8227493058853494,189,0.189,"{""10"":1,""3"":189,""4"":144,""5"":75,""6"":15,""7"":335,""8"":211,""9"":30}","{""10"":1,""11"":14,""14"":328,""15"":76,""16"":3,""17"":110,""18"":16,""19"":22,""20"":13,""21"":1,""23"":4,""24"":1,""3"":189,""4"":81,""5"":87,""6"":23,""7"":7,""8"":21,""9"":3}","{""Diagonal CMA-ES"":{""attempts"":304,""discoveries"":0,""improvements"":1,""insertions"":1,""insertion_rate"":0.003289473684210526},""Immigrant"":{""attempts"":144,""discoveries"":0,""improvements"":0,""insertions"":0,""insertion_rate"":0.0},""Morphology"":{""attempts"":305,""discoveries"":0,""improvements"":2,""insertions"":2,""insertion_rate"":0.006557377049180328},""Novelty"":{""attempts"":247,""discoveries"":0,""improvements"":0,""insertions"":0,""insertion_rate"":0.0}}","{""Morphology"":199,""Novelty"":33}",0,0.9137931034482759,false,10000
39,183,184000,6.010244283,0.03886872400000001,0.03003638,0.003114295,0.005718049,7.177005305,161.10133,49.45631,9482.67451286316,191,0.9947917,26,3.0204204051872723,61,0.3193717277486911,"{""3"":61,""4"":17,""5"":23,""6"":4,""7"":62,""8"":19,""9"":5}","{""11"":3,""14"":60,""15"":6,""16"":1,""17"":11,""18"":4,""19"":2,""3"":61,""4"":5,""5"":12,""6"":6,""7"":1,""8"":16,""9"":3}",75,3.740097757104661,186,0.186,"{""3"":186,""4"":121,""5"":75,""6"":25,""7"":321,""8"":231,""9"":41}","{""11"":22,""12"":4,""14"":319,""15"":59,""16"":4,""17"":148,""18"":17,""19"":16,""20"":19,""23"":5,""24"":4,""3"":186,""4"":65,""5"":77,""6"":23,""7"":8,""8"":23,""9"":1}","{""Diagonal CMA-ES"":{""attempts"":305,""discoveries"":0,""improvements"":0,""insertions"":0,""insertion_rate"":0.0},""Immigrant"":{""attempts"":150,""discoveries"":0,""improvements"":0,""insertions"":0,""insertion_rate"":0.0},""Morphology"":{""attempts"":288,""discoveries"":0,""improvements"":2,""insertions"":2,""insertion_rate"":0.006944444444444444},""Novelty"":{""attempts"":257,""discoveries"":0,""improvements"":0,""insertions"":0,""insertion_rate"":0.0}}","{""Morphology"":195,""Novelty"":32}",0,0.9137931034482759,false,11000
39,184,185000,6.051336824,0.041092540999999996,0.031522883,0.004281413,0.005288245,7.226072958,161.10133,49.45631,9486.928213119507,191,0.9947917,26,3.0204204051872723,61,0.3193717277486911,"{""3"":61,""4"":17,""5"":23,""6"":4,""7"":62,""8"":19,""9"":5}","{""11"":3,""14"":60,""15"":6,""16"":1,""17"":11,""18"":4,""19"":2,""3"":61,""4"":5,""5"":12,""6"":6,""7"":1,""8"":16,""9"":3}",87,4.045397287615556,251,0.251,"{""10"":3,""3"":251,""4"":162,""5"":105,""6"":26,""7"":258,""8"":158,""9"":37}","{""11"":13,""12"":1,""13"":1,""14"":254,""15"":71,""16"":11,""17"":66,""18"":19,""19"":15,""20"":12,""23"":1,""24"":1,""25"":1,""3"":251,""4"":83,""5"":100,""6"":36,""7"":13,""8"":40,""9"":11}","{""Diagonal CMA-ES"":{""attempts"":289,""discoveries"":0,""improvements"":0,""insertions"":0,""insertion_rate"":0.0},""Immigrant"":{""attempts"":165,""discoveries"":0,""improvements"":0,""insertions"":0,""insertion_rate"":0.0},""Morphology"":{""attempts"":290,""discoveries"":0,""improvements"":2,""insertions"":2,""insertion_rate"":0.006896551724137931},""Novelty"":{""attempts"":256,""discoveries"":0,""improvements"":0,""insertions"":0,""insertion_rate"":0.0}}","{""Morphology"":185,""Novelty"":23}",0,0.9137931034482759,false,12000
39,185,186000,6.093831571,0.042494747,0.033364389,0.003274581,0.005855777,7.276188999,161.10133,49.45631,9504.141218185425,191,0.9947917,25,2.9820041966838042,61,0.3193717277486911,"{""3"":61,""4"":17,""5"":23,""6"":4,""7"":63,""8"":19,""9"":4}","{""11"":3,""14"":61,""15"":6,""16"":1,""17"":11,""18"":3,""19"":2,""3"":61,""4"":5,""5"":12,""6"":6,""7"":1,""8"":16,""9"":3}",88,4.134559456330167,233,0.233,"{""10"":1,""3"":233,""4"":158,""5"":100,""6"":35,""7"":265,""8"":173,""9"":35}","{""10"":1,""11"":19,""12"":4,""13"":1,""14"":256,""15"":62,""16"":5,""17"":80,""18"":20,""19"":23,""20"":15,""21"":1,""23"":2,""24"":1,""3"":233,""4"":69,""5"":111,""6"":38,""7"":12,""8"":32,""9"":15}","{""Diagonal CMA-ES"":{""attempts"":325,""discoveries"":0,""improvements"":0,""insertions"":0,""insertion_rate"":0.0},""Immigrant"":{""attempts"":143,""discoveries"":0,""improvements"":0,""insertions"":0,""insertion_rate"":0.0},""Morphology"":{""attempts"":278,""discoveries"":0,""improvements"":4,""insertions"":4,""insertion_rate"":0.014388489208633094},""Novelty"":{""attempts"":254,""discoveries"":0,""improvements"":0,""insertions"":0,""insertion_rate"":0.0}}","{""Morphology"":195,""Novelty"":34}",0,0.9137931034482759,false,13000
39,186,187000,6.133193025,0.039361454000000004,0.031169067,0.00313804,0.005054347,7.32444335,161.10133,49.45631,9535.486944198608,191,0.9947917,24,2.943462092731841,61,0.3193717277486911,"{""3"":61,""4"":17,""5"":23,""6"":4,""7"":64,""8"":19,""9"":3}","{""11"":3,""14"":62,""15"":6,""16"":1,""17"":11,""18"":2,""19"":2,""3"":61,""4"":5,""5"":12,""6"":6,""7"":1,""8"":16,""9"":3}",78,3.575549245189904,196,0.196,"{""3"":196,""4"":109,""5"":86,""6"":20,""7"":414,""8"":154,""9"":21}","{""11"":16,""12"":5,""14"":403,""15"":67,""16"":1,""17"":66,""18"":11,""19"":21,""20"":6,""21"":2,""23"":3,""24"":1,""3"":196,""4"":59,""5"":74,""6"":29,""7"":11,""8"":22,""9"":7}","{""Diagonal CMA-ES"":{""attempts"":301,""discoveries"":0,""improvements"":0,""insertions"":0,""insertion_rate"":0.0},""Immigrant"":{""attempts"":151,""discoveries"":0,""improvements"":0,""insertions"":0,""insertion_rate"":0.0},""Morphology"":{""attempts"":287,""discoveries"":0,""improvements"":5,""insertions"":5,""insertion_rate"":0.017421602787456445},""Novelty"":{""attempts"":261,""discoveries"":0,""improvements"":0,""insertions"":0,""insertion_rate"":0.0}}","{""Morphology"":178,""Novelty"":27}",0,0.9137931034482759,false,14000
39,187,188000,6.1712436969999995,0.038050672,0.02941542,0.003084612,0.00555064,7.3702198,161.10133,51.347054,9588.224308013916,191,0.9947917,24,2.9457177935812053,61,0.3193717277486911,"{""3"":61,""4"":17,""5"":22,""6"":4,""7"":64,""8"":20,""9"":3}","{""11"":3,""14"":62,""15"":6,""16"":1,""17"":12,""18"":2,""19"":2,""3"":61,""4"":5,""5"":12,""6"":6,""7"":1,""8"":15,""9"":3}",83,4.041070145642623,272,0.272,"{""3"":272,""4"":154,""5"":107,""6"":31,""7"":241,""8"":165,""9"":30}","{""11"":16,""12"":5,""13"":2,""14"":235,""15"":65,""16"":7,""17"":73,""18"":13,""19"":18,""20"":15,""23"":4,""3"":272,""4"":76,""5"":89,""6"":42,""7"":15,""8"":40,""9"":13}","{""Diagonal CMA-ES"":{""attempts"":303,""discoveries"":0,""improvements"":0,""insertions"":0,""insertion_rate"":0.0},""Immigrant"":{""attempts"":137,""discoveries"":0,""improvements"":0,""insertions"":0,""insertion_rate"":0.0},""Morphology"":{""attempts"":321,""discoveries"":0,""improvements"":3,""insertions"":3,""insertion_rate"":0.009345794392523364},""Novelty"":{""attempts"":239,""discoveries"":0,""improvements"":0,""insertions"":0,""insertion_rate"":0.0}}","{""Morphology"":207,""Novelty"":29}",0,0.9137931034482759,false,15000
39,188,189000,6.2092421269999996,0.03799843,0.029006988,0.003218777,0.005772665,7.415564071,161.10133,51.347054,9593.646501541138,191,0.9947917,24,2.9457177935812053,61,0.3193717277486911,"{""3"":61,""4"":17,""5"":22,""6"":4,""7"":64,""8"":20,""9"":3}","{""11"":3,""14"":62,""15"":6,""16"":1,""17"":12,""18"":2,""19"":2,""3"":61,""4"":5,""5"":12,""6"":6,""7"":1,""8"":15,""9"":3}",82,4.1620249140769445,247,0.247,"{""3"":247,""4"":151,""5"":133,""6"":23,""7"":249,""8"":160,""9"":37}","{""11"":8,""12"":2,""14"":237,""15"":74,""16"":8,""17"":51,""18"":22,""19"":24,""20"":16,""23"":2,""24"":2,""3"":247,""4"":75,""5"":99,""6"":46,""7"":14,""8"":52,""9"":21}","{""Diagonal CMA-ES"":{""attempts"":296,""discoveries"":0,""improvements"":0,""insertions"":0,""insertion_rate"":0.0},""Immigrant"":{""attempts"":143,""discoveries"":0,""improvements"":0,""insertions"":0,""insertion_rate"":0.0},""Morphology"":{""attempts"":314,""discoveries"":0,""improvements"":1,""insertions"":1,""insertion_rate"":0.0031847133757961785},""Novelty"":{""attempts"":247,""discoveries"":0,""improvements"":0,""insertions"":0,""insertion_rate"":0.0}}","{""Morphology"":211,""Novelty"":22}",0,0.9137931034482759,false,16000
39,189,190000,6.248116787,0.038874660000000005,0.030765384,0.003452675,0.004656601,7.461678903,161.10133,51.347054,9596.085855484009,191,0.9947917,24,2.9457177935812053,61,0.3193717277486911,"{""3"":61,""4"":17,""5"":22,""6"":4,""7"":64,""8"":20,""9"":3}","{""11"":3,""14"":62,""15"":6,""16"":1,""17"":12,""18"":2,""19"":2,""3"":61,""4"":5,""5"":12,""6"":6,""7"":1,""8"":15,""9"":3}",75,4.316256986161342,269,0.269,"{""10"":2,""3"":269,""4"":167,""5"":178,""6"":22,""7"":150,""8"":176,""9"":36}","{""11"":11,""14"":136,""15"":83,""16"":9,""17"":67,""18"":14,""19"":26,""20"":9,""23"":2,""24"":4,""3"":269,""4"":75,""5"":124,""6"":68,""7"":17,""8"":63,""9"":23}","{""Diagonal CMA-ES"":{""attempts"":335,""discoveries"":0,""improvements"":0,""insertions"":0,""insertion_rate"":0.0},""Immigrant"":{""attempts"":149,""discoveries"":0,""improvements"":0,""insertions"":0,""insertion_rate"":0.0},""Morphology"":{""attempts"":262,""discoveries"":0,""improvements"":3,""insertions"":3,""insertion_rate"":0.011450381679389313},""Novelty"":{""attempts"":254,""discoveries"":0,""improvements"":0,""insertions"":0,""insertion_rate"":0.0}}","{""Morphology"":194,""Novelty"":22}",0,0.9137931034482759,false,17000
39,190,191000,6.285398086,0.037281299000000004,0.029637446,0.002893456,0.004750397,7.505434564,161.10133,51.347054,9598.251773834229,191,0.9947917,24,2.9457177935812053,61,0.3193717277486911,"{""3"":61,""4"":17,""5"":22,""6"":4,""7"":64,""8"":20,""9"":3}","{""11"":3,""14"":62,""15"":6,""16"":1,""17"":12,""18"":2,""19"":2,""3"":61,""4"":5,""5"":12,""6"":6,""7"":1,""8"":15,""9"":3}",83,4.394683961531422,293,0.293,"{""10"":2,""3"":293,""4"":173,""5"":176,""6"":33,""7"":121,""8"":163,""9"":39}","{""11"":14,""12"":5,""14"":107,""15"":78,""16"":7,""17"":61,""18"":17,""19"":23,""20"":8,""21"":4,""23"":5,""24"":1,""3"":293,""4"":75,""5"":122,""6"":67,""7"":19,""8"":67,""9"":27}","{""Diagonal CMA-ES"":{""attempts"":292,""discoveries"":0,""improvements"":0,""insertions"":0,""insertion_rate"":0.0},""Immigrant"":{""attempts"":153,""discoveries"":0,""improvements"":0,""insertions"":0,""insertion_rate"":0.0},""Morphology"":{""attempts"":291,""discoveries"":0,""improvements"":2,""insertions"":2,""insertion_rate"":0.006872852233676976},""Novelty"":{""attempts"":264,""discoveries"":0,""improvements"":0,""insertions"":0,""insertion_rate"":0.0}}","{""Morphology"":191,""Novelty"":34}",0,0.9137931034482759,false,18000
39,191,192000,6.3234131399999995,0.038015054,0.029671878,0.003262708,0.005080468,7.551005611,161.10133,51.347054,9598.251773834229,191,0.9947917,24,2.9457177935812053,61,0.3193717277486911,"{""3"":61,""4"":17,""5"":22,""6"":4,""7"":64,""8"":20,""9"":3}","{""11"":3,""14"":62,""15"":6,""16"":1,""17"":12,""18"":2,""19"":2,""3"":61,""4"":5,""5"":12,""6"":6,""7"":1,""8"":15,""9"":3}",85,4.380675411968131,286,0.286,"{""10"":1,""3"":286,""4"":198,""5"":167,""6"":26,""7"":118,""8"":168,""9"":36}","{""10"":2,""11"":11,""12"":2,""14"":104,""15"":70,""16"":7,""17"":71,""18"":20,""19"":24,""20"":7,""23"":1,""24"":4,""3"":286,""4"":79,""5"":141,""6"":59,""7"":16,""8"":69,""9"":27}","{""Diagonal CMA-ES"":{""attempts"":311,""discoveries"":0,""improvements"":0,""insertions"":0,""insertion_rate"":0.0},""Immigrant"":{""attempts"":161,""discoveries"":0,""improvements"":0,""insertions"":0,""insertion_rate"":0.0},""Morphology"":{""attempts"":302,""discoveries"":0,""improvements"":0,""insertions"":0,""insertion_rate"":0.0},""Novelty"":{""attempts"":226,""discoveries"":0,""improvements"":0,""insertions"":0,""insertion_rate"":0.0}}","{""Morphology"":204,""Novelty"":36}",0,0.9137931034482759,false,19000
39,192,193000,6.360993640999999,0.037580501,0.029636259,0.002844777,0.005099465,7.594177119,161.10133,51.347054,9613.188325881958,191,0.9947917,24,2.939277737795574,62,0.32460732984293195,"{""3"":62,""4"":16,""5"":21,""6"":4,""7"":64,""8"":21,""9"":3}","{""11"":3,""14"":62,""15"":7,""16"":1,""17"":12,""18"":2,""19"":2,""3"":62,""4"":4,""5"":12,""6"":6,""7"":1,""8"":14,""9"":3}",83,4.361141210253477,283,0.283,"{""10"":1,""3"":283,""4"":182,""5"":173,""6"":26,""7"":124,""8"":179,""9"":32}","{""10"":3,""11"":10,""12"":1,""14"":111,""15"":73,""16"":11,""17"":68,""18"":11,""19"":31,""20"":13,""23"":2,""24"":1,""3"":283,""4"":82,""5"":134,""6"":57,""7"":19,""8"":65,""9"":25}","{""Diagonal CMA-ES"":{""attempts"":284,""discoveries"":0,""improvements"":1,""insertions"":1,""insertion_rate"":0.0035211267605633804},""Immigrant"":{""attempts"":158,""discoveries"":0,""improvements"":0,""insertions"":0,""insertion_rate"":0.0},""Morphology"":{""attempts"":307,""discoveries"":0,""improvements"":1,""insertions"":1,""insertion_rate"":0.003257328990228013},""Novelty"":{""attempts"":251,""discoveries"":0,""improvements"":0,""insertions"":0,""insertion_rate"":0.0}}","{""Morphology"":214,""Novelty"":31}",0,0.9137931034482759,false,20000
39,193,194000,6.399515673,0.038522032,0.030346266,0.003171285,0.005004481,7.640617271,161.10133,51.347054,9614.258386611938,191,0.9947917,24,2.9392777377955746,62,0.32460732984293195,"{""3"":62,""4"":16,""5"":21,""6"":4,""7"":64,""8"":21,""9"":3}","{""11"":3,""14"":62,""15"":7,""16"":1,""17"":12,""18"":2,""19"":2,""3"":62,""4"":4,""5"":12,""6"":6,""7"":1,""8"":14,""9"":3}",69,3.826741554496698,278,0.278,"{""3"":278,""4"":185,""5"":100,""6"":11,""7"":236,""8"":170,""9"":20}","{""11"":4,""14"":230,""15"":64,""16"":4,""17"":82,""18"":7,""19"":21,""20"":6,""23"":3,""24"":3,""3"":278,""4"":90,""5"":113,""6"":32,""7"":11,""8"":40,""9"":12}","{""Diagonal CMA-ES"":{""attempts"":293,""discoveries"":0,""improvements"":0,""insertions"":0,""insertion_rate"":0.0},""Immigrant"":{""attempts"":151,""discoveries"":0,""improvements"":0,""insertions"":0,""insertion_rate"":0.0},""Morphology"":{""attempts"":309,""discoveries"":0,""improvements"":1,""insertions"":1,""insertion_rate"":0.003236245954692557},""Novelty"":{""attempts"":247,""discoveries"":0,""improvements"":0,""insertions"":0,""insertion_rate"":0.0}}","{""Morphology"":202,""Novelty"":29}",0,0.9137931034482759,false,21000
39,194,195000,6.440214029,0.04069835599999999,0.033098433,0.002834091,0.004765832,7.688194859,161.10133,51.347054,9623.748128890991,191,0.9947917,24,2.939277737795574,62,0.32460732984293195,"{""3"":62,""4"":16,""5"":21,""6"":4,""7"":64,""8"":21,""9"":3}","{""11"":3,""14"":62,""15"":7,""16"":1,""17"":12,""18"":2,""19"":2,""3"":62,""4"":4,""5"":12,""6"":6,""7"":1,""8"":14,""9"":3}",80,3.9709805534862928,292,0.292,"{""10"":1,""3"":292,""4"":157,""5"":114,""6"":24,""7"":217,""8"":169,""9"":26}","{""11"":11,""12"":2,""14"":211,""15"":58,""16"":7,""17"":72,""18"":13,""19"":21,""20"":23,""23"":1,""3"":292,""4"":69,""5"":109,""6"":34,""7"":14,""8"":46,""9"":17}","{""Diagonal CMA-ES"":{""attempts"":303,""discoveries"":0,""improvements"":0,""insertions"":0,""insertion_rate"":0.0},""Immigrant"":{""attempts"":158,""discoveries"":0,""improvements"":0,""insertions"":0,""insertion_rate"":0.0},""Morphology"":{""attempts"":299,""discoveries"":0,""improvements"":1,""insertions"":1,""insertion_rate"":0.0033444816053511705},""Novelty"":{""attempts"":240,""discoveries"":0,""improvements"":1,""insertions"":1,""insertion_rate"":0.004166666666666667}}","{""Morphology"":211,""Novelty"":27}",0,0.9137931034482759,false,22000
39,195,196000,6.475526782,0.035312752999999995,0.029874907,0.002368669,0.003069177,7.729819312,161.10133,51.347054,9624.8099193573,191,0.9947917,24,2.939277737795574,62,0.32460732984293195,"{""3"":62,""4"":16,""5"":21,""6"":4,""7"":64,""8"":21,""9"":3}","{""11"":3,""14"":62,""15"":7,""16"":1,""17"":12,""18"":2,""19"":2,""3"":62,""4"":4,""5"":12,""6"":6,""7"":1,""8"":14,""9"":3}",72,3.944460664281294,268,0.268,"{""10"":1,""3"":268,""4"":170,""5"":121,""6"":13,""7"":255,""8"":152,""9"":20}","{""10"":1,""11"":7,""12"":2,""14"":247,""15"":64,""16"":2,""17"":62,""18"":12,""19"":15,""20"":17,""23"":1,""3"":268,""4"":81,""5"":107,""6"":47,""7"":12,""8"":46,""9"":9}","{""Diagonal CMA-ES"":{""attempts"":304,""discoveries"":0,""improvements"":0,""insertions"":0,""insertion_rate"":0.0},""Immigrant"":{""attempts"":154,""discoveries"":0,""improvements"":0,""insertions"":0,""insertion_rate"":0.0},""Morphology"":{""attempts"":290,""discoveries"":0,""improvements"":1,""insertions"":1,""insertion_rate"":0.0034482758620689655},""Novelty"":{""attempts"":252,""discoveries"":0,""improvements"":0,""insertions"":0,""insertion_rate"":0.0}}","{""Morphology"":193,""Novelty"":31}",0,0.9137931034482759,false,23000
39,196,197000,6.515011715,0.03948493300000001,0.031298482,0.003189095,0.004997356,7.779145797,161.10133,51.347054,9628.36015701294,191,0.9947917,24,2.939277737795574,62,0.32460732984293195,"{""3"":62,""4"":16,""5"":21,""6"":4,""7"":64,""8"":21,""9"":3}","{""11"":3,""14"":62,""15"":7,""16"":1,""17"":12,""18"":2,""19"":2,""3"":62,""4"":4,""5"":12,""6"":6,""7"":1,""8"":14,""9"":3}",72,3.8561924992046093,285,0.285,"{""3"":285,""4"":177,""5"":113,""6"":20,""7"":245,""8"":141,""9"":19}","{""11"":12,""14"":239,""15"":55,""16"":2,""17"":61,""18"":12,""19"":17,""20"":10,""23"":1,""24"":1,""3"":285,""4"":83,""5"":117,""6"":43,""7"":9,""8"":41,""9"":12}","{""Diagonal CMA-ES"":{""attempts"":288,""discoveries"":0,""improvements"":0,""insertions"":0,""insertion_rate"":0.0},""Immigrant"":{""attempts"":153,""discoveries"":0,""improvements"":0,""insertions"":0,""insertion_rate"":0.0},""Morphology"":{""attempts"":311,""discoveries"":0,""improvements"":3,""insertions"":3,""insertion_rate"":0.00964630225080386},""Novelty"":{""attempts"":248,""discoveries"":0,""improvements"":0,""insertions"":0,""insertion_rate"":0.0}}","{""Morphology"":205,""Novelty"":26}",0,0.9137931034482759,false,24000
39,197,198000,6.551789599,0.036777884000000004,0.027470619,0.003269831,0.006037434,7.823197096,161.10133,51.347054,9630.669277191162,191,0.9947917,24,2.939277737795574,62,0.32460732984293195,"{""3"":62,""4"":16,""5"":21,""6"":4,""7"":64,""8"":21,""9"":3}","{""11"":3,""14"":62,""15"":7,""16"":1,""17"":12,""18"":2,""19"":2,""3"":62,""4"":4,""5"":12,""6"":6,""7"":1,""8"":14,""9"":3}",69,3.7899624305784707,234,0.234,"{""10"":1,""3"":234,""4"":160,""5"":107,""6"":11,""7"":319,""8"":153,""9"":15}","{""11"":7,""14"":313,""15"":71,""16"":3,""17"":53,""18"":6,""19"":28,""20"":7,""21"":1,""23"":1,""3"":234,""4"":86,""5"":97,""6"":37,""7"":11,""8"":38,""9"":7}","{""Diagonal CMA-ES"":{""attempts"":304,""discoveries"":0,""improvements"":0,""insertions"":0,""insertion_rate"":0.0},""Immigrant"":{""attempts"":146,""discoveries"":0,""improvements"":0,""insertions"":0,""insertion_rate"":0.0},""Morphology"":{""attempts"":310,""discoveries"":0,""improvements"":1,""insertions"":1,""insertion_rate"":0.0032258064516129032},""Novelty"":{""attempts"":240,""discoveries"":0,""improvements"":0,""insertions"":0,""insertion_rate"":0.0}}","{""Morphology"":215,""Novelty"":26}",0,0.9137931034482759,false,25000
39,198,199000,6.5921436380000005,0.040354039,0.031319854,0.003288828,0.005745357,7.870755687,161.10133,51.347054,9631.106105804443,191,0.9947917,24,2.9392777377955737,62,0.32460732984293195,"{""3"":62,""4"":16,""5"":21,""6"":4,""7"":64,""8"":21,""9"":3}","{""11"":3,""14"":62,""15"":7,""16"":1,""17"":12,""18"":2,""19"":2,""3"":62,""4"":4,""5"":12,""6"":6,""7"":1,""8"":14,""9"":3}",87,4.321574112412404,266,0.266,"{""10"":2,""3"":266,""4"":149,""5"":174,""6"":31,""7"":183,""8"":162,""9"":33}","{""11"":11,""12"":4,""14"":174,""15"":76,""16"":7,""17"":58,""18"":11,""19"":24,""20"":11,""21"":1,""23"":4,""24"":4,""3"":266,""4"":58,""5"":120,""6"":67,""7"":21,""8"":61,""9"":22}","{""Diagonal CMA-ES"":{""attempts"":303,""discoveries"":0,""improvements"":0,""insertions"":0,""insertion_rate"":0.0},""Immigrant"":{""attempts"":163,""discoveries"":0,""improvements"":0,""insertions"":0,""insertion_rate"":0.0},""Morphology"":{""attempts"":271,""discoveries"":0,""improvements"":1,""insertions"":1,""insertion_rate"":0.0036900369003690036},""Novelty"":{""attempts"":263,""discoveries"":0,""improvements"":0,""insertions"":0,""insertion_rate"":0.0}}","{""Morphology"":186,""Novelty"":29}",0,0.9137931034482759,false,26000
39,199,200000,6.633343036,0.041199398,0.03230769,0.003483545,0.005408163,7.919591816,161.10133,51.347054,9633.547183990479,191,0.9947917,24,2.939277737795574,62,0.32460732984293195,"{""3"":62,""4"":16,""5"":21,""6"":4,""7"":64,""8"":21,""9"":3}","{""11"":3,""14"":62,""15"":7,""16"":1,""17"":12,""18"":2,""19"":2,""3"":62,""4"":4,""5"":12,""6"":6,""7"":1,""8"":14,""9"":3}",75,4.225844119241619,266,0.266,"{""10"":1,""3"":266,""4"":183,""5"":144,""6"":29,""7"":184,""8"":169,""9"":24}","{""10"":1,""11"":14,""14"":171,""15"":75,""16"":6,""17"":65,""18"":12,""19"":24,""20"":11,""24"":1,""3"":266,""4"":75,""5"":126,""6"":51,""7"":21,""8"":56,""9"":25}","{""Diagonal CMA-ES"":{""attempts"":302,""discoveries"":0,""improvements"":0,""insertions"":0,""insertion_rate"":0.0},""Immigrant"":{""attempts"":136,""discoveries"":0,""improvements"":0,""insertions"":0,""insertion_rate"":0.0},""Morphology"":{""attempts"":296,""discoveries"":0,""improvements"":2,""insertions"":2,""insertion_rate"":0.006756756756756757},""Novelty"":{""attempts"":266,""discoveries"":0,""improvements"":0,""insertions"":0,""insertion_rate"":0.0}}","{""Morphology"":186,""Novelty"":30}",0,0.9137931034482759,false,27000
39,200,201000,6.674447450000001,0.041104414,0.030790317,0.003948968,0.006365129,7.97029201,161.10133,51.347054,9636.209644317627,191,0.9947917,24,2.939277737795574,62,0.32460732984293195,"{""3"":62,""4"":16,""5"":21,""6"":4,""7"":64,""8"":21,""9"":3}","{""11"":3,""14"":62,""15"":7,""16"":1,""17"":12,""18"":2,""19"":2,""3"":62,""4"":4,""5"":12,""6"":6,""7"":1,""8"":14,""9"":3}",70,4.295482300621901,274,0.274,"{""10"":1,""3"":274,""4"":204,""5"":158,""6"":26,""7"":141,""8"":175,""9"":21}","{""10"":2,""11"":11,""12"":4,""13"":1,""14"":127,""15"":78,""16"":7,""17"":55,""18"":8,""19"":34,""20"":12,""23"":1,""24"":1,""3"":274,""4"":92,""5"":135,""6"":63,""7"":13,""8"":61,""9"":21}","{""Diagonal CMA-ES"":{""attempts"":304,""discoveries"":0,""improvements"":0,""insertions"":0,""insertion_rate"":0.0},""Immigrant"":{""attempts"":149,""discoveries"":0,""improvements"":0,""insertions"":0,""insertion_rate"":0.0},""Morphology"":{""attempts"":295,""discoveries"":0,""improvements"":3,""insertions"":3,""insertion_rate"":0.010169491525423728},""Novelty"":{""attempts"":252,""discoveries"":0,""improvements"":0,""insertions"":0,""insertion_rate"":0.0}}","{""Morphology"":191,""Novelty"":30}",0,0.9137931034482759,false,28000
39,201,202000,6.7148335470000005,0.040386096999999996,0.03001026,0.003493044,0.006882793,8.019802526,161.10133,51.347054,9639.441440582275,191,0.9947917,24,2.939277737795574,62,0.32460732984293195,"{""3"":62,""4"":16,""5"":21,""6"":4,""7"":64,""8"":21,""9"":3}","{""11"":3,""14"":62,""15"":7,""16"":1,""17"":12,""18"":2,""19"":2,""3"":62,""4"":4,""5"":12,""6"":6,""7"":1,""8"":14,""9"":3}",77,4.2486385821681605,252,0.252,"{""3"":252,""4"":176,""5"":153,""6"":22,""7"":118,""8"":251,""9"":28}","{""10"":2,""11"":11,""12"":3,""14"":105,""15"":73,""16"":7,""17"":146,""18"":14,""19"":25,""20"":11,""23"":2,""3"":252,""4"":81,""5"":108,""6"":58,""7"":17,""8"":66,""9"":19}","{""Diagonal CMA-ES"":{""attempts"":315,""discoveries"":0,""improvements"":0,""insertions"":0,""insertion_rate"":0.0},""Immigrant"":{""attempts"":140,""discoveries"":0,""improvements"":0,""insertions"":0,""insertion_rate"":0.0},""Morphology"":{""attempts"":277,""discoveries"":0,""improvements"":2,""insertions"":2,""insertion_rate"":0.007220216606498195},""Novelty"":{""attempts"":268,""discoveries"":0,""improvements"":0,""insertions"":0,""insertion_rate"":0.0}}","{""Morphology"":201,""Novelty"":27}",0,0.9137931034482759,false,29000
39,202,203000,6.754476391000001,0.039642844,0.030010259,0.003328009,0.006304576,8.067535651,161.10133,51.347054,9644.54391860962,191,0.9947917,24,2.9392777377955746,62,0.32460732984293195,"{""3"":62,""4"":16,""5"":21,""6"":4,""7"":64,""8"":21,""9"":3}","{""11"":3,""14"":62,""15"":7,""16"":1,""17"":12,""18"":2,""19"":2,""3"":62,""4"":4,""5"":12,""6"":6,""7"":1,""8"":14,""9"":3}",71,4.208192311310693,259,0.259,"{""10"":2,""3"":259,""4"":167,""5"":150,""6"":22,""7"":123,""8"":254,""9"":23}","{""10"":1,""11"":10,""14"":111,""15"":72,""16"":4,""17"":139,""18"":10,""19"":37,""20"":13,""21"":2,""23"":2,""3"":259,""4"":80,""5"":118,""6"":46,""7"":14,""8"":59,""9"":23}","{""Diagonal CMA-ES"":{""attempts"":302,""discoveries"":0,""improvements"":0,""insertions"":0,""insertion_rate"":0.0},""Immigrant"":{""attempts"":141,""discoveries"":0,""improvements"":0,""insertions"":0,""insertion_rate"":0.0},""Morphology"":{""attempts"":322,""discoveries"":0,""improvements"":2,""insertions"":2,""insertion_rate"":0.006211180124223602},""Novelty"":{""attempts"":235,""discoveries"":0,""improvements"":0,""insertions"":0,""insertion_rate"":0.0}}","{""Morphology"":208,""Novelty"":28}",0,0.9137931034482759,false,30000
39,203,204000,6.793444849000001,0.038968458,0.029714621,0.003282892,0.005970945,8.114153899,161.10133,51.347054,9644.850513458252,191,0.9947917,24,2.939277737795574,62,0.32460732984293195,"{""3"":62,""4"":16,""5"":21,""6"":4,""7"":64,""8"":21,""9"":3}","{""11"":3,""14"":62,""15"":7,""16"":1,""17"":12,""18"":2,""19"":2,""3"":62,""4"":4,""5"":12,""6"":6,""7"":1,""8"":14,""9"":3}",81,4.350383672834933,219,0.219,"{""10"":1,""3"":219,""4"":242,""5"":132,""6"":17,""7"":83,""8"":277,""9"":29}","{""11"":5,""12"":1,""13"":1,""14"":77,""15"":78,""16"":4,""17"":164,""18"":16,""19"":30,""20"":10,""23"":3,""24"":1,""3"":219,""4"":166,""5"":105,""6"":48,""7"":16,""8"":40,""9"":16}","{""Diagonal CMA-ES"":{""attempts"":298,""discoveries"":0,""improvements"":0,""insertions"":0,""insertion_rate"":0.0},""Immigrant"":{""attempts"":168,""discoveries"":0,""improvements"":0,""insertions"":0,""insertion_rate"":0.0},""Morphology"":{""attempts"":294,""discoveries"":0,""improvements"":1,""insertions"":1,""insertion_rate"":0.003401360544217687},""Novelty"":{""attempts"":240,""discoveries"":0,""improvements"":0,""insertions"":0,""insertion_rate"":0.0}}","{""Morphology"":201,""Novelty"":31}",0,0.9137931034482759,false,31000
39,204,205000,6.836234046000001,0.042789197,0.034203812,0.003471673,0.005113712,8.166475948,161.10133,51.347054,9646.764339447021,191,0.9947917,24,2.9392777377955737,62,0.32460732984293195,"{""3"":62,""4"":16,""5"":21,""6"":4,""7"":64,""8"":21,""9"":3}","{""11"":3,""14"":62,""15"":7,""16"":1,""17"":12,""18"":2,""19"":2,""3"":62,""4"":4,""5"":12,""6"":6,""7"":1,""8"":14,""9"":3}",77,4.273216088559485,245,0.245,"{""10"":1,""3"":245,""4"":175,""5"":141,""6"":23,""7"":161,""8"":223,""9"":31}","{""10"":1,""11"":10,""12"":1,""14"":150,""15"":66,""16"":6,""17"":127,""18"":17,""19"":25,""20"":15,""3"":245,""4"":78,""5"":123,""6"":57,""7"":16,""8"":43,""9"":20}","{""Diagonal CMA-ES"":{""attempts"":292,""discoveries"":0,""improvements"":0,""insertions"":0,""insertion_rate"":0.0},""Immigrant"":{""attempts"":170,""discoveries"":0,""improvements"":0,""insertions"":0,""insertion_rate"":0.0},""Morphology"":{""attempts"":289,""discoveries"":0,""improvements"":2,""insertions"":2,""insertion_rate"":0.006920415224913495},""Novelty"":{""attempts"":249,""discoveries"":0,""improvements"":0,""insertions"":0,""insertion_rate"":0.0}}","{""Morphology"":187,""Novelty"":33}",0,0.9137931034482759,false,32000
39,205,206000,6.8753319190000015,0.039097873,0.032732744,0.003145165,0.003219964,8.213123878,161.10133,51.347054,9646.764339447021,191,0.9947917,24,2.939277737795574,62,0.32460732984293195,"{""3"":62,""4"":16,""5"":21,""6"":4,""7"":64,""8"":21,""9"":3}","{""11"":3,""14"":62,""15"":7,""16"":1,""17"":12,""18"":2,""19"":2,""3"":62,""4"":4,""5"":12,""6"":6,""7"":1,""8"":14,""9"":3}",83,4.376377653344776,278,0.278,"{""10"":3,""3"":278,""4"":196,""5"":163,""6"":29,""7"":130,""8"":168,""9"":33}","{""10"":1,""11"":13,""12"":2,""14"":117,""15"":71,""16"":7,""17"":64,""18"":11,""19"":29,""20"":15,""21"":2,""23"":4,""24"":1,""3"":278,""4"":97,""5"":122,""6"":58,""7"":17,""8"":66,""9"":25}","{""Diagonal CMA-ES"":{""attempts"":284,""discoveries"":0,""improvements"":0,""insertions"":0,""insertion_rate"":0.0},""Immigrant"":{""attempts"":147,""discoveries"":0,""improvements"":0,""insertions"":0,""insertion_rate"":0.0},""Morphology"":{""attempts"":302,""discoveries"":0,""improvements"":0,""insertions"":0,""insertion_rate"":0.0},""Novelty"":{""attempts"":267,""discoveries"":0,""improvements"":0,""insertions"":0,""insertion_rate"":0.0}}","{""Morphology"":205,""Novelty"":36}",0,0.9137931034482759,false,33000
39,206,207000,6.916916003000002,0.04158408400000001,0.032263759,0.004178118,0.005142207,8.261914889,161.10133,51.347054,9653.291467666626,191,0.9947917,24,2.921031354953898,62,0.32460732984293195,"{""3"":62,""4"":16,""5"":20,""6"":4,""7"":65,""8"":21,""9"":3}","{""11"":3,""14"":63,""15"":7,""16"":1,""17"":12,""18"":2,""19"":2,""3"":62,""4"":4,""5"":12,""6"":5,""7"":1,""8"":14,""9"":3}",75,4.309910653700179,279,0.279,"{""3"":279,""4"":196,""5"":157,""6"":34,""7"":145,""8"":163,""9"":26}","{""11"":11,""12"":5,""14"":130,""15"":78,""16"":6,""17"":55,""18"":10,""19"":24,""20"":16,""23"":1,""3"":279,""4"":87,""5"":130,""6"":65,""7"":15,""8"":59,""9"":29}","{""Diagonal CMA-ES"":{""attempts"":297,""discoveries"":0,""improvements"":1,""insertions"":1,""insertion_rate"":0.003367003367003367},""Immigrant"":{""attempts"":158,""discoveries"":0,""improvements"":0,""insertions"":0,""insertion_rate"":0.0},""Morphology"":{""attempts"":281,""discoveries"":0,""improvements"":0,""insertions"":0,""insertion_rate"":0.0},""Novelty"":{""attempts"":264,""discoveries"":0,""improvements"":0,""insertions"":0,""insertion_rate"":0.0}}","{""Morphology"":177,""Novelty"":34}",0,0.9137931034482759,false,34000
39,207,208000,6.957727153000001,0.04081115,0.032179461,0.003010999,0.00562069,8.310077817,161.10133,51.347054,9669.538701057434,191,0.9947917,24,2.942707172518368,61,0.3193717277486911,"{""3"":61,""4"":16,""5"":20,""6"":4,""7"":65,""8"":22,""9"":3}","{""11"":3,""14"":63,""15"":8,""16"":1,""17"":12,""18"":2,""19"":2,""3"":61,""4"":4,""5"":12,""6"":5,""7"":1,""8"":14,""9"":3}",73,3.834969815311324,294,0.294,"{""10"":1,""3"":294,""4"":155,""5"":112,""6"":15,""7"":241,""8"":153,""9"":29}","{""11"":7,""12"":4,""14"":236,""15"":53,""16"":5,""17"":74,""18"":13,""19"":20,""20"":14,""23"":1,""24"":2,""3"":294,""4"":75,""5"":101,""6"":44,""7"":9,""8"":38,""9"":10}","{""Diagonal CMA-ES"":{""attempts"":314,""discoveries"":0,""improvements"":0,""insertions"":0,""insertion_rate"":0.0},""Immigrant"":{""attempts"":153,""discoveries"":0,""improvements"":0,""insertions"":0,""insertion_rate"":0.0},""Morphology"":{""attempts"":304,""discoveries"":0,""improvements"":4,""insertions"":4,""insertion_rate"":0.013157894736842105},""Novelty"":{""attempts"":229,""discoveries"":0,""improvements"":1,""insertions"":1,""insertion_rate"":0.004366812227074236}}","{""Morphology"":194,""Novelty"":25}",0,0.9137931034482759,false,35000
39,208,209000,6.9956139780000015,0.037886825,0.029699186,0.003203343,0.004984296,8.355224997,161.10133,51.347054,9677.880215644836,191,0.9947917,24,2.942707172518368,61,0.3193717277486911,"{""3"":61,""4"":16,""5"":20,""6"":4,""7"":65,""8"":22,""9"":3}","{""11"":3,""14"":63,""15"":8,""16"":1,""17"":12,""18"":2,""19"":2,""3"":61,""4"":4,""5"":12,""6"":5,""7"":1,""8"":14,""9"":3}",82,3.9409463301895435,285,0.285,"{""10"":1,""3"":285,""4"":176,""5"":90,""6"":25,""7"":220,""8"":174,""9"":29}","{""10"":1,""11"":7,""12"":3,""14"":215,""15"":54,""16"":3,""17"":97,""18"":15,""19"":19,""20"":11,""23"":2,""24"":2,""3"":285,""4"":87,""5"":105,""6"":32,""7"":10,""8"":33,""9"":19}","{""Diagonal CMA-ES"":{""attempts"":312,""discoveries"":0,""improvements"":0,""insertions"":0,""insertion_rate"":0.0},""Immigrant"":{""attempts"":146,""discoveries"":0,""improvements"":0,""insertions"":0,""insertion_rate"":0.0},""Morphology"":{""attempts"":304,""discoveries"":0,""improvements"":4,""insertions"":4,""insertion_rate"":0.013157894736842105},""Novelty"":{""attempts"":238,""discoveries"":0,""improvements"":0,""insertions"":0,""insertion_rate"":0.0}}","{""Morphology"":186,""Novelty"":35}",0,0.9137931034482759,false,36000
39,209,210000,7.034194188000002,0.038580210000000004,0.029701561,0.004079572,0.004799077,8.402178064,161.10133,51.347054,9690.893643379211,191,0.9947917,24,2.9427071725183676,61,0.3193717277486911,"{""3"":61,""4"":16,""5"":20,""6"":4,""7"":65,""8"":22,""9"":3}","{""11"":3,""14"":63,""15"":8,""16"":1,""17"":12,""18"":2,""19"":2,""3"":61,""4"":4,""5"":12,""6"":5,""7"":1,""8"":14,""9"":3}",85,3.9653342368650426,291,0.291,"{""3"":291,""4"":148,""5"":131,""6"":22,""7"":241,""8"":145,""9"":22}","{""10"":1,""11"":9,""12"":2,""14"":236,""15"":63,""16"":5,""17"":55,""18"":10,""19"":20,""20"":9,""23"":2,""24"":1,""3"":291,""4"":76,""5"":94,""6"":42,""7"":22,""8"":45,""9"":17}","{""Diagonal CMA-ES"":{""attempts"":311,""discoveries"":0,""improvements"":0,""insertions"":0,""insertion_rate"":0.0},""Immigrant"":{""attempts"":163,""discoveries"":0,""improvements"":0,""insertions"":0,""insertion_rate"":0.0},""Morphology"":{""attempts"":264,""discoveries"":0,""improvements"":2,""insertions"":2,""insertion_rate"":0.007575757575757576},""Novelty"":{""attempts"":262,""discoveries"":0,""improvements"":2,""insertions"":2,""insertion_rate"":0.007633587786259542}}","{""Morphology"":175,""Novelty"":23}",0,0.9137931034482759,false,37000
39,210,211000,7.072633109000002,0.038438920999999994,0.029660006,0.003031183,0.005747732,8.447625631,161.10133,51.347054,9695.18622303009,191,0.9947917,24,2.942707172518368,61,0.3193717277486911,"{""3"":61,""4"":16,""5"":20,""6"":4,""7"":65,""8"":22,""9"":3}","{""11"":3,""14"":63,""15"":8,""16"":1,""17"":12,""18"":2,""19"":2,""3"":61,""4"":4,""5"":12,""6"":5,""7"":1,""8"":14,""9"":3}",80,3.9147695675319265,267,0.267,"{""10"":1,""3"":267,""4"":163,""5"":109,""6"":17,""7"":271,""8"":153,""9"":19}","{""10"":2,""11"":8,""12"":1,""14"":262,""15"":63,""16"":4,""17"":61,""18"":8,""19"":22,""20"":14,""23"":1,""3"":267,""4"":86,""5"":95,""6"":41,""7"":7,""8"":42,""9"":16}","{""Diagonal CMA-ES"":{""attempts"":303,""discoveries"":0,""improvements"":0,""insertions"":0,""insertion_rate"":0.0},""Immigrant"":{""attempts"":145,""discoveries"":0,""improvements"":0,""insertions"":0,""insertion_rate"":0.0},""Morphology"":{""attempts"":306,""discoveries"":0,""improvements"":2,""insertions"":2,""insertion_rate"":0.006535947712418301},""Novelty"":{""attempts"":246,""discoveries"":0,""improvements"":0,""insertions"":0,""insertion_rate"":0.0}}","{""Morphology"":194,""Novelty"":21}",0,0.9137931034482759,false,38000
39,211,212000,7.112641643000002,0.040008534,0.029754989,0.004816887,0.005436658,8.495926286,161.10133,51.347054,9706.943905830383,191,0.9947917,24,2.9427071725183676,61,0.3193717277486911,"{""3"":61,""4"":16,""5"":20,""6"":4,""7"":65,""8"":22,""9"":3}","{""11"":3,""14"":63,""15"":8,""16"":1,""17"":12,""18"":2,""19"":2,""3"":61,""4"":4,""5"":12,""6"":5,""7"":1,""8"":14,""9"":3}",80,3.967822179363103,281,0.281,"{""10"":1,""3"":281,""4"":164,""5"":107,""6"":29,""7"":242,""8"":146,""9"":30}","{""11"":16,""12"":1,""14"":237,""15"":66,""16"":4,""17"":59,""18"":14,""19"":18,""20"":11,""23"":4,""3"":281,""4"":85,""5"":98,""6"":32,""7"":13,""8"":44,""9"":17}","{""Diagonal CMA-ES"":{""attempts"":289,""discoveries"":0,""improvements"":0,""insertions"":0,""insertion_rate"":0.0},""Immigrant"":{""attempts"":143,""discoveries"":0,""improvements"":0,""insertions"":0,""insertion_rate"":0.0},""Morphology"":{""attempts"":317,""discoveries"":0,""improvements"":1,""insertions"":1,""insertion_rate"":0.0031545741324921135},""Novelty"":{""attempts"":251,""discoveries"":0,""improvements"":0,""insertions"":0,""insertion_rate"":0.0}}","{""Morphology"":208,""Novelty"":27}",0,0.9137931034482759,false,39000
39,212,213000,7.149903946000002,0.037262303000000004,0.030282151,0.002078967,0.004901185,8.53960596,161.10133,51.347054,9715.80367565155,191,0.9947917,24,2.9427071725183676,61,0.3193717277486911,"{""3"":61,""4"":16,""5"":20,""6"":4,""7"":65,""8"":22,""9"":3}","{""11"":3,""14"":63,""15"":8,""16"":1,""17"":12,""18"":2,""19"":2,""3"":61,""4"":4,""5"":12,""6"":5,""7"":1,""8"":14,""9"":3}",79,4.405272643787875,246,0.246,"{""3"":246,""4"":178,""5"":163,""6"":25,""7"":161,""8"":194,""9"":33}","{""10"":2,""11"":12,""12"":1,""14"":150,""15"":83,""16"":7,""17"":81,""18"":13,""19"":23,""20"":13,""21"":1,""23"":2,""24"":3,""3"":246,""4"":85,""5"":119,""6"":59,""7"":17,""8"":62,""9"":21}","{""Diagonal CMA-ES"":{""attempts"":292,""discoveries"":0,""improvements"":1,""insertions"":1,""insertion_rate"":0.003424657534246575},""Immigrant"":{""attempts"":160,""discoveries"":0,""improvements"":0,""insertions"":0,""insertion_rate"":0.0},""Morphology"":{""attempts"":306,""discoveries"":0,""improvements"":1,""insertions"":1,""insertion_rate"":0.0032679738562091504},""Novelty"":{""attempts"":242,""discoveries"":0,""improvements"":0,""insertions"":0,""insertion_rate"":0.0}}","{""Morphology"":211,""Novelty"":26}",0,0.9137931034482759,false,40000
39,213,214000,7.189793750000002,0.039889804,0.030646653,0.003267457,0.005975694,8.58798379,161.10133,51.347054,9726.894061088562,191,0.9947917,24,2.942707172518368,61,0.3193717277486911,"{""3"":61,""4"":16,""5"":20,""6"":4,""7"":65,""8"":22,""9"":3}","{""11"":3,""14"":63,""15"":8,""16"":1,""17"":12,""18"":2,""19"":2,""3"":61,""4"":4,""5"":12,""6"":5,""7"":1,""8"":14,""9"":3}",82,4.095704263444076,284,0.284,"{""3"":284,""4"":161,""5"":113,""6"":24,""7"":227,""8"":167,""9"":24}","{""10"":2,""11"":9,""13"":1,""14"":218,""15"":78,""16"":4,""17"":62,""18"":13,""19"":23,""20"":8,""23"":1,""24"":1,""26"":1,""3"":284,""4"":78,""5"":102,""6"":41,""7"":14,""8"":40,""9"":20}","{""Diagonal CMA-ES"":{""attempts"":306,""discoveries"":0,""improvements"":0,""insertions"":0,""insertion_rate"":0.0},""Immigrant"":{""attempts"":145,""discoveries"":0,""improvements"":0,""insertions"":0,""insertion_rate"":0.0},""Morphology"":{""attempts"":305,""discoveries"":0,""improvements"":3,""insertions"":3,""insertion_rate"":0.009836065573770493},""Novelty"":{""attempts"":244,""discoveries"":0,""improvements"":0,""insertions"":0,""insertion_rate"":0.0}}","{""Morphology"":212,""Novelty"":30}",0,0.9137931034482759,false,41000
39,214,215000,7.226747354000002,0.036953604,0.029014113,0.002914827,0.005024664,8.631796442,161.10133,51.347054,9746.486944198608,191,0.9947917,24,2.9101510735074867,62,0.32460732984293195,"{""3"":62,""4"":16,""5"":19,""6"":4,""7"":66,""8"":21,""9"":3}","{""11"":3,""14"":64,""15"":8,""16"":1,""17"":11,""18"":2,""19"":2,""3"":62,""4"":4,""5"":12,""6"":4,""7"":1,""8"":14,""9"":3}",80,3.9568502540827906,260,0.26,"{""3"":260,""4"":169,""5"":115,""6"":19,""7"":247,""8"":169,""9"":21}","{""10"":1,""11"":8,""12"":2,""13"":1,""14"":241,""15"":65,""16"":4,""17"":81,""18"":11,""19"":18,""20"":8,""23"":1,""24"":1,""3"":260,""4"":98,""5"":93,""6"":36,""7"":15,""8"":46,""9"":10}","{""Diagonal CMA-ES"":{""attempts"":307,""discoveries"":0,""improvements"":0,""insertions"":0,""insertion_rate"":0.0},""Immigrant"":{""attempts"":164,""discoveries"":0,""improvements"":0,""insertions"":0,""insertion_rate"":0.0},""Morphology"":{""attempts"":288,""discoveries"":0,""improvements"":2,""insertions"":2,""insertion_rate"":0.006944444444444444},""Novelty"":{""attempts"":241,""discoveries"":0,""improvements"":1,""insertions"":1,""insertion_rate"":0.004149377593360996}}","{""Morphology"":187,""Novelty"":33}",0,0.9137931034482759,false,42000
39,215,216000,7.265252762000002,0.038505408,0.031547816,0.003662828,0.003294764,8.677172771,161.10133,51.347054,9749.047523498535,191,0.9947917,24,2.9101510735074867,62,0.32460732984293195,"{""3"":62,""4"":16,""5"":19,""6"":4,""7"":66,""8"":21,""9"":3}","{""11"":3,""14"":64,""15"":8,""16"":1,""17"":11,""18"":2,""19"":2,""3"":62,""4"":4,""5"":12,""6"":4,""7"":1,""8"":14,""9"":3}",81,4.099199771173507,236,0.236,"{""3"":236,""4"":191,""5"":95,""6"":18,""7"":238,""8"":200,""9"":22}","{""11"":12,""12"":1,""14"":233,""15"":109,""16"":5,""17"":59,""18"":13,""19"":26,""20"":6,""21"":1,""23"":1,""24"":1,""3"":236,""4"":63,""5"":149,""6"":35,""7"":11,""8"":29,""9"":10}","{""Diagonal CMA-ES"":{""attempts"":293,""discoveries"":0,""improvements"":0,""insertions"":0,""insertion_rate"":0.0},""Immigrant"":{""attempts"":148,""discoveries"":0,""improvements"":0,""insertions"":0,""insertion_rate"":0.0},""Morphology"":{""attempts"":302,""discoveries"":0,""improvements"":2,""insertions"":2,""insertion_rate"":0.006622516556291391},""Novelty"":{""attempts"":257,""discoveries"":0,""improvements"":0,""insertions"":0,""insertion_rate"":0.0}}","{""Morphology"":199,""Novelty"":22}",0,0.9137931034482759,false,43000
39,216,217000,7.305800331000002,0.040547569000000006,0.032318375,0.003159412,0.005069782,8.725428308,161.10133,51.347054,9751.195930480957,191,0.9947917,24,2.9101510735074867,62,0.32460732984293195,"{""3"":62,""4"":16,""5"":19,""6"":4,""7"":66,""8"":21,""9"":3}","{""11"":3,""14"":64,""15"":8,""16"":1,""17"":11,""18"":2,""19"":2,""3"":62,""4"":4,""5"":12,""6"":4,""7"":1,""8"":14,""9"":3}",77,3.9840355736395288,267,0.267,"{""10"":1,""3"":267,""4"":216,""5"":99,""6"":25,""7"":227,""8"":138,""9"":27}","{""11"":13,""12"":2,""14"":221,""15"":59,""16"":2,""17"":59,""18"":12,""19"":18,""20"":12,""23"":2,""24"":2,""3"":267,""4"":94,""5"":144,""6"":30,""7"":11,""8"":40,""9"":12}","{""Diagonal CMA-ES"":{""attempts"":283,""discoveries"":0,""improvements"":0,""insertions"":0,""insertion_rate"":0.0},""Immigrant"":{""attempts"":160,""discoveries"":0,""improvements"":0,""insertions"":0,""insertion_rate"":0.0},""Morphology"":{""attempts"":290,""discoveries"":0,""improvements"":1,""insertions"":1,""insertion_rate"":0.0034482758620689655},""Novelty"":{""attempts"":267,""discoveries"":0,""improvements"":0,""insertions"":0,""insertion_rate"":0.0}}","{""Morphology"":181,""Novelty"":38}",0,0.9137931034482759,false,44000
39,217,218000,7.348441115000002,0.042640784,0.033512801,0.003420619,0.005707364,8.776322033,161.10133,51.347054,9752.836380004883,191,0.9947917,24,2.9101510735074867,62,0.32460732984293195,"{""3"":62,""4"":16,""5"":19,""6"":4,""7"":66,""8"":21,""9"":3}","{""11"":3,""14"":64,""15"":8,""16"":1,""17"":11,""18"":2,""19"":2,""3"":62,""4"":4,""5"":12,""6"":4,""7"":1,""8"":14,""9"":3}",83,3.9750792453481107,272,0.272,"{""10"":3,""3"":272,""4"":171,""5"":108,""6"":30,""7"":248,""8"":149,""9"":19}","{""11"":11,""12"":1,""14"":242,""15"":60,""16"":2,""17"":64,""18"":12,""19"":16,""20"":14,""22"":1,""23"":2,""3"":272,""4"":81,""5"":111,""6"":36,""7"":8,""8"":44,""9"":23}","{""Diagonal CMA-ES"":{""attempts"":317,""discoveries"":0,""improvements"":0,""insertions"":0,""insertion_rate"":0.0},""Immigrant"":{""attempts"":128,""discoveries"":0,""improvements"":0,""insertions"":0,""insertion_rate"":0.0},""Morphology"":{""attempts"":310,""discoveries"":0,""improvements"":1,""insertions"":1,""insertion_rate"":0.0032258064516129032},""Novelty"":{""attempts"":245,""discoveries"":0,""improvements"":0,""insertions"":0,""insertion_rate"":0.0}}","{""Morphology"":200,""Novelty"":20}",0,0.9137931034482759,false,45000
39,218,219000,7.388655053000002,0.040213938000000005,0.030792692,0.003519165,0.005902081,8.823802262,161.10133,51.347054,9780.621532440186,191,0.9947917,24,2.9141033640947303,62,0.32460732984293195,"{""3"":62,""4"":15,""5"":19,""6"":4,""7"":66,""8"":22,""9"":3}","{""11"":3,""14"":64,""15"":9,""16"":1,""17"":11,""18"":2,""19"":2,""3"":62,""4"":4,""5"":11,""6"":4,""7"":1,""8"":14,""9"":3}",78,4.32938795707998,281,0.281,"{""3"":281,""4"":223,""5"":128,""6"":22,""7"":147,""8"":169,""9"":30}","{""10"":4,""11"":8,""12"":1,""14"":133,""15"":87,""16"":7,""17"":47,""18"":12,""19"":26,""20"":11,""21"":1,""23"":2,""24"":4,""3"":281,""4"":106,""5"":134,""6"":41,""7"":17,""8"":55,""9"":23}","{""Diagonal CMA-ES"":{""attempts"":291,""discoveries"":0,""improvements"":0,""insertions"":0,""insertion_rate"":0.0},""Immigrant"":{""attempts"":146,""discoveries"":0,""improvements"":0,""insertions"":0,""insertion_rate"":0.0},""Morphology"":{""attempts"":320,""discoveries"":0,""improvements"":3,""insertions"":3,""insertion_rate"":0.009375},""Novelty"":{""attempts"":243,""discoveries"":0,""improvements"":2,""insertions"":2,""insertion_rate"":0.00823045267489712}}","{""Morphology"":208,""Novelty"":28}",0,0.9137931034482759,false,46000
39,219,220000,7.429713162000001,0.041058109,0.031417213,0.003749501,0.005891395,8.872587336,161.10133,51.347054,9785.64953994751,191,0.9947917,24,2.8968238351663467,62,0.32460732984293195,"{""3"":62,""4"":14,""5"":20,""6"":4,""7"":66,""8"":22,""9"":3}","{""11"":3,""14"":64,""15"":9,""16"":1,""17"":11,""18"":2,""19"":2,""3"":62,""4"":4,""5"":10,""6"":4,""7"":1,""8"":15,""9"":3}",70,4.245339448511349,264,0.264,"{""3"":264,""4"":204,""5"":127,""6"":25,""7"":155,""8"":200,""9"":25}","{""10"":1,""11"":13,""12"":1,""14"":145,""15"":75,""16"":8,""17"":82,""18"":12,""19"":31,""20"":12,""21"":1,""23"":1,""24"":1,""3"":264,""4"":98,""5"":125,""6"":44,""7"":14,""8"":51,""9"":21}","{""Diagonal CMA-ES"":{""attempts"":307,""discoveries"":0,""improvements"":0,""insertions"":0,""insertion_rate"":0.0},""Immigrant"":{""attempts"":160,""discoveries"":0,""improvements"":0,""insertions"":0,""insertion_rate"":0.0},""Morphology"":{""attempts"":274,""discoveries"":0,""improvements"":2,""insertions"":2,""insertion_rate"":0.0072992700729927005},""Novelty"":{""attempts"":259,""discoveries"":0,""improvements"":1,""insertions"":1,""insertion_rate"":0.003861003861003861}}","{""Morphology"":180,""Novelty"":29}",0,0.9137931034482759,false,47000
39,220,221000,7.470880504000001,0.041167342,0.031506261,0.003174847,0.006486234,8.921184817,161.10133,51.347054,9800.929281234741,191,0.9947917,23,2.8824003403906215,62,0.32460732984293195,"{""3"":62,""4"":14,""5"":20,""6"":4,""7"":66,""8"":23,""9"":2}","{""11"":3,""14"":64,""15"":10,""16"":1,""17"":11,""18"":1,""19"":2,""3"":62,""4"":4,""5"":10,""6"":4,""7"":1,""8"":15,""9"":3}",75,4.332230437594358,271,0.271,"{""10"":1,""3"":271,""4"":205,""5"":160,""6"":18,""7"":136,""8"":177,""9"":32}","{""10"":3,""11"":9,""12"":2,""14"":125,""15"":76,""16"":7,""17"":65,""18"":12,""19"":30,""20"":16,""23"":1,""24"":1,""3"":271,""4"":98,""5"":125,""6"":56,""7"":14,""8"":72,""9"":17}","{""Diagonal CMA-ES"":{""attempts"":292,""discoveries"":0,""improvements"":0,""insertions"":0,""insertion_rate"":0.0},""Immigrant"":{""attempts"":146,""discoveries"":0,""improvements"":0,""insertions"":0,""insertion_rate"":0.0},""Morphology"":{""attempts"":312,""discoveries"":0,""improvements"":4,""insertions"":4,""insertion_rate"":0.01282051282051282},""Novelty"":{""attempts"":250,""discoveries"":0,""improvements"":0,""insertions"":0,""insertion_rate"":0.0}}","{""Morphology"":199,""Novelty"":36}",0,0.9137931034482759,false,48000
39,221,222000,7.511840068000001,0.040959564,0.031829207,0.003389749,0.005740608,8.97019548,161.10133,51.347054,9831.580118179321,191,0.9947917,23,2.8539638753670333,62,0.32460732984293195,"{""3"":62,""4"":14,""5"":20,""6"":4,""7"":67,""8"":22,""9"":2}","{""11"":3,""14"":65,""15"":9,""16"":1,""17"":11,""18"":1,""19"":2,""3"":62,""4"":4,""5"":10,""6"":4,""7"":1,""8"":15,""9"":3}",73,4.289269487723055,272,0.272,"{""3"":272,""4"":198,""5"":152,""6"":27,""7"":150,""8"":175,""9"":26}","{""11"":11,""12"":1,""13"":1,""14"":137,""15"":90,""16"":7,""17"":58,""18"":7,""19"":23,""20"":15,""23"":1,""26"":1,""3"":272,""4"":84,""5"":131,""6"":45,""7"":15,""8"":76,""9"":25}","{""Diagonal CMA-ES"":{""attempts"":306,""discoveries"":0,""improvements"":0,""insertions"":0,""insertion_rate"":0.0},""Immigrant"":{""attempts"":131,""discoveries"":0,""improvements"":0,""insertions"":0,""insertion_rate"":0.0},""Morphology"":{""attempts"":294,""discoveries"":0,""improvements"":7,""insertions"":7,""insertion_rate"":0.023809523809523808},""Novelty"":{""attempts"":269,""discoveries"":0,""improvements"":0,""insertions"":0,""insertion_rate"":0.0}}","{""Morphology"":185,""Novelty"":34}",0,0.9137931034482759,false,49000
39,222,223000,7.551875911000001,0.040035843,0.029579269,0.003363629,0.007092945,9.018364344,161.10133,51.347054,9836.693391799927,191,0.9947917,22,2.8434926711785518,62,0.32460732984293195,"{""3"":62,""4"":15,""5"":20,""6"":3,""7"":67,""8"":22,""9"":2}","{""11"":3,""14"":65,""15"":9,""16"":1,""17"":11,""18"":1,""19"":2,""3"":62,""4"":4,""5"":11,""6"":4,""7"":1,""8"":15,""9"":2}",72,4.1855407312019395,227,0.227,"{""3"":227,""4"":188,""5"":102,""6"":21,""7"":190,""8"":246,""9"":26}","{""11"":11,""14"":182,""15"":83,""16"":5,""17"":131,""18"":8,""19"":22,""20"":17,""21"":1,""23"":2,""24"":2,""3"":227,""4"":104,""5"":96,""6"":34,""7"":16,""8"":40,""9"":19}","{""Diagonal CMA-ES"":{""attempts"":297,""discoveries"":0,""improvements"":0,""insertions"":0,""insertion_rate"":0.0},""Immigrant"":{""attempts"":157,""discoveries"":0,""improvements"":0,""insertions"":0,""insertion_rate"":0.0},""Morphology"":{""attempts"":308,""discoveries"":0,""improvements"":2,""insertions"":2,""insertion_rate"":0.006493506493506494},""Novelty"":{""attempts"":238,""discoveries"":0,""improvements"":1,""insertions"":1,""insertion_rate"":0.004201680672268907}}","{""Morphology"":208,""Novelty"":19}",0,0.9137931034482759,false,50000
39,223,224000,7.589497967000001,0.037622056,0.02963151,0.002784224,0.005206322,9.062058266,161.10133,51.347054,9849.344806671143,191,0.9947917,22,2.8542532865056973,62,0.32460732984293195,"{""3"":62,""4"":15,""5"":19,""6"":3,""7"":67,""8"":23,""9"":2}","{""11"":3,""14"":65,""15"":10,""16"":1,""17"":11,""18"":1,""19"":2,""3"":62,""4"":4,""5"":11,""6"":4,""7"":1,""8"":14,""9"":2}",77,3.7453783593343872,106,0.106,"{""3"":106,""4"":146,""5"":76,""6"":15,""7"":297,""8"":341,""9"":19}","{""10"":1,""11"":8,""12"":2,""14"":294,""15"":69,""16"":5,""17"":247,""18"":4,""19"":15,""20"":13,""23"":4,""24"":2,""3"":106,""4"":74,""5"":91,""6"":30,""7"":14,""8"":13,""9"":8}","{""Diagonal CMA-ES"":{""attempts"":292,""discoveries"":0,""improvements"":0,""insertions"":0,""insertion_rate"":0.0},""Immigrant"":{""attempts"":156,""discoveries"":0,""improvements"":0,""insertions"":0,""insertion_rate"":0.0},""Morphology"":{""attempts"":291,""discoveries"":0,""improvements"":1,""insertions"":1,""insertion_rate"":0.003436426116838488},""Novelty"":{""attempts"":261,""discoveries"":0,""improvements"":0,""insertions"":0,""insertion_rate"":0.0}}","{""Morphology"":197,""Novelty"":32}",0,0.9137931034482759,false,51000
39,224,225000,7.627312367000001,0.037814400000000005,0.029378615,0.003162974,0.005272811,9.107602004,161.10133,51.347054,9856.700996398926,191,0.9947917,22,2.8542532865056973,62,0.32460732984293195,"{""3"":62,""4"":15,""5"":19,""6"":3,""7"":67,""8"":23,""9"":2}","{""11"":3,""14"":65,""15"":10,""16"":1,""17"":11,""18"":1,""19"":2,""3"":62,""4"":4,""5"":11,""6"":4,""7"":1,""8"":14,""9"":2}",76,4.257017077310925,220,0.22,"{""3"":220,""4"":184,""5"":112,""6"":24,""7"":225,""8"":213,""9"":22}","{""11"":16,""12"":3,""14"":218,""15"":86,""16"":8,""17"":86,""18"":4,""19"":22,""20"":24,""23"":2,""24"":1,""3"":220,""4"":88,""5"":109,""6"":48,""7"":11,""8"":40,""9"":14}","{""Diagonal CMA-ES"":{""attempts"":292,""discoveries"":0,""improvements"":0,""insertions"":0,""insertion_rate"":0.0},""Immigrant"":{""attempts"":143,""discoveries"":0,""improvements"":0,""insertions"":0,""insertion_rate"":0.0},""Morphology"":{""attempts"":310,""discoveries"":0,""improvements"":2,""insertions"":2,""insertion_rate"":0.0064516129032258064},""Novelty"":{""attempts"":255,""discoveries"":0,""improvements"":0,""insertions"":0,""insertion_rate"":0.0}}","{""Morphology"":205,""Novelty"":43}",0,0.9137931034482759,false,52000
39,225,226000,7.667962045000001,0.040649677999999995,0.031716413,0.003571407,0.005361858,9.156242228,161.10133,54.220814,9914.97162437439,191,0.9947917,22,2.862565391733632,62,0.32460732984293195,"{""3"":62,""4"":15,""5"":18,""6"":3,""7"":67,""8"":24,""9"":2}","{""11"":3,""14"":65,""15"":11,""16"":1,""17"":11,""18"":1,""19"":2,""3"":62,""4"":4,""5"":11,""6"":4,""7"":1,""8"":13,""9"":2}",75,4.276862244245791,269,0.269,"{""3"":269,""4"":198,""5"":144,""6"":20,""7"":175,""8"":167,""9"":27}","{""10"":1,""11"":14,""14"":162,""15"":85,""16"":12,""17"":53,""18"":6,""19"":22,""20"":14,""21"":1,""24"":1,""3"":269,""4"":92,""5"":132,""6"":51,""7"":11,""8"":55,""9"":19}","{""Diagonal CMA-ES"":{""attempts"":310,""discoveries"":0,""improvements"":1,""insertions"":1,""insertion_rate"":0.0032258064516129032},""Immigrant"":{""attempts"":164,""discoveries"":0,""improvements"":0,""insertions"":0,""insertion_rate"":0.0},""Morphology"":{""attempts"":273,""discoveries"":0,""improvements"":2,""insertions"":2,""insertion_rate"":0.007326007326007326},""Novelty"":{""attempts"":253,""discoveries"":0,""improvements"":1,""insertions"":1,""insertion_rate"":0.003952569169960474}}","{""Morphology"":179,""Novelty"":28}",0,0.9137931034482759,false,53000
39,226,227000,7.703411337000001,0.035449292,0.029071103,0.002606129,0.00377206,9.197001138,161.10133,54.220814,9918.944250106812,191,0.9947917,22,2.8625653917336313,62,0.32460732984293195,"{""3"":62,""4"":15,""5"":18,""6"":3,""7"":67,""8"":24,""9"":2}","{""11"":3,""14"":65,""15"":11,""16"":1,""17"":11,""18"":1,""19"":2,""3"":62,""4"":4,""5"":11,""6"":4,""7"":1,""8"":13,""9"":2}",83,4.0828710512703745,274,0.274,"{""3"":274,""4"":184,""5"":115,""6"":26,""7"":224,""8"":160,""9"":17}","{""10"":2,""11"":4,""12"":3,""14"":218,""15"":78,""16"":6,""17"":54,""18"":3,""19"":20,""20"":14,""3"":274,""4"":94,""5"":114,""6"":26,""7"":15,""8"":53,""9"":22}","{""Diagonal CMA-ES"":{""attempts"":294,""discoveries"":0,""improvements"":0,""insertions"":0,""insertion_rate"":0.0},""Immigrant"":{""attempts"":164,""discoveries"":0,""improvements"":0,""insertions"":0,""insertion_rate"":0.0},""Morphology"":{""attempts"":277,""discoveries"":0,""improvements"":2,""insertions"":2,""insertion_rate"":0.007220216606498195},""Novelty"":{""attempts"":265,""discoveries"":0,""improvements"":0,""insertions"":0,""insertion_rate"":0.0}}","{""Morphology"":196,""Novelty"":34}",0,0.9137931034482759,false,54000
39,227,228000,7.742849965000001,0.039438628,0.030994533,0.003599901,0.004844194,9.244226097,161.10133,54.220814,9932.824308395386,191,0.9947917,22,2.8625653917336313,62,0.32460732984293195,"{""3"":62,""4"":15,""5"":18,""6"":3,""7"":67,""8"":24,""9"":2}","{""11"":3,""14"":65,""15"":11,""16"":1,""17"":11,""18"":1,""19"":2,""3"":62,""4"":4,""5"":11,""6"":4,""7"":1,""8"":13,""9"":2}",82,3.9988210658984933,297,0.297,"{""10"":1,""3"":297,""4"":165,""5"":116,""6"":17,""7"":225,""8"":158,""9"":21}","{""10"":1,""11"":6,""12"":2,""14"":219,""15"":75,""16"":5,""17"":58,""18"":7,""19"":19,""20"":14,""21"":1,""23"":1,""3"":297,""4"":87,""5"":99,""6"":47,""7"":13,""8"":36,""9"":13}","{""Diagonal CMA-ES"":{""attempts"":317,""discoveries"":0,""improvements"":0,""insertions"":0,""insertion_rate"":0.0},""Immigrant"":{""attempts"":164,""discoveries"":0,""improvements"":0,""insertions"":0,""insertion_rate"":0.0},""Morphology"":{""attempts"":277,""discoveries"":0,""improvements"":2,""insertions"":2,""insertion_rate"":0.007220216606498195},""Novelty"":{""attempts"":242,""discoveries"":0,""improvements"":0,""insertions"":0,""insertion_rate"":0.0}}","{""Morphology"":184,""Novelty"":36}",0,0.9137931034482759,false,55000
39,228,229000,7.779417695000001,0.03656773,0.030044691,0.002995564,0.003527475,9.285601216,161.10133,54.220814,9953.083728790283,191,0.9947917,22,2.8407677402222604,63,0.3298429319371728,"{""3"":63,""4"":14,""5"":18,""6"":3,""7"":67,""8"":24,""9"":2}","{""11"":3,""14"":65,""15"":11,""16"":1,""17"":11,""18"":1,""19"":2,""3"":63,""4"":3,""5"":11,""6"":4,""7"":1,""8"":13,""9"":2}",81,3.9528372371881235,277,0.277,"{""10"":1,""3"":277,""4"":173,""5"":104,""6"":23,""7"":257,""8"":150,""9"":15}","{""11"":9,""12"":2,""14"":252,""15"":71,""16"":5,""17"":54,""18"":5,""19"":19,""20"":10,""24"":1,""3"":277,""4"":79,""5"":108,""6"":43,""7"":11,""8"":37,""9"":17}","{""Diagonal CMA-ES"":{""attempts"":310,""discoveries"":0,""improvements"":1,""insertions"":1,""insertion_rate"":0.0032258064516129032},""Immigrant"":{""attempts"":149,""discoveries"":0,""improvements"":0,""insertions"":0,""insertion_rate"":0.0},""Morphology"":{""attempts"":289,""discoveries"":0,""improvements"":4,""insertions"":4,""insertion_rate"":0.01384083044982699},""Novelty"":{""attempts"":252,""discoveries"":0,""improvements"":0,""insertions"":0,""insertion_rate"":0.0}}","{""Morphology"":196,""Novelty"":35}",0,0.9137931034482759,false,56000
39,229,230000,7.816741738000001,0.037324042999999994,0.032495284,0.001754833,0.003073926,9.32864687,161.10133,54.220814,9963.390710830688,191,0.9947917,22,2.84076774022226,63,0.3298429319371728,"{""3"":63,""4"":14,""5"":18,""6"":3,""7"":67,""8"":24,""9"":2}","{""11"":3,""14"":65,""15"":11,""16"":1,""17"":11,""18"":1,""19"":2,""3"":63,""4"":3,""5"":11,""6"":4,""7"":1,""8"":13,""9"":2}",80,4.0725803832632295,279,0.279,"{""3"":279,""4"":175,""5"":114,""6"":19,""7"":226,""8"":161,""9"":26}","{""11"":11,""12"":1,""14"":220,""15"":77,""16"":6,""17"":51,""18"":15,""19"":27,""20"":8,""23"":2,""3"":279,""4"":80,""5"":114,""6"":38,""7"":16,""8"":41,""9"":14}","{""Diagonal CMA-ES"":{""attempts"":311,""discoveries"":0,""improvements"":0,""insertions"":0,""insertion_rate"":0.0},""Immigrant"":{""attempts"":163,""discoveries"":0,""improvements"":0,""insertions"":0,""insertion_rate"":0.0},""Morphology"":{""attempts"":279,""discoveries"":0,""improvements"":1,""insertions"":1,""insertion_rate"":0.0035842293906810036},""Novelty"":{""attempts"":247,""discoveries"":0,""improvements"":1,""insertions"":1,""insertion_rate"":0.004048582995951417}}","{""Morphology"":193,""Novelty"":37}",0,0.9137931034482759,false,57000
39,230,231000,7.855371814000001,0.038630076,0.030463809,0.003348193,0.004818074,9.375408782,161.10133,54.220814,9963.390710830688,191,0.9947917,22,2.8407677402222604,63,0.3298429319371728,"{""3"":63,""4"":14,""5"":18,""6"":3,""7"":67,""8"":24,""9"":2}","{""11"":3,""14"":65,""15"":11,""16"":1,""17"":11,""18"":1,""19"":2,""3"":63,""4"":3,""5"":11,""6"":4,""7"":1,""8"":13,""9"":2}",80,4.1192149928044755,260,0.26,"{""3"":260,""4"":164,""5"":128,""6"":22,""7"":226,""8"":181,""9"":19}","{""11"":11,""12"":5,""14"":217,""15"":87,""16"":10,""17"":62,""18"":3,""19"":19,""20"":17,""23"":1,""24"":1,""3"":260,""4"":91,""5"":101,""6"":34,""7"":11,""8"":55,""9"":15}","{""Diagonal CMA-ES"":{""attempts"":300,""discoveries"":0,""improvements"":0,""insertions"":0,""insertion_rate"":0.0},""Immigrant"":{""attempts"":137,""discoveries"":0,""improvements"":0,""insertions"":0,""insertion_rate"":0.0},""Morphology"":{""attempts"":278,""discoveries"":0,""improvements"":0,""insertions"":0,""insertion_rate"":0.0},""Novelty"":{""attempts"":285,""discoveries"":0,""improvements"":0,""insertions"":0,""insertion_rate"":0.0}}","{""Morphology"":194,""Novelty"":29}",0,0.9137931034482759,false,58000
39,231,232000,7.895533511000001,0.040161697,0.031894509,0.003263895,0.005003293,9.422575563,161.10133,54.220814,9963.390710830688,191,0.9947917,22,2.8407677402222604,63,0.3298429319371728,"{""3"":63,""4"":14,""5"":18,""6"":3,""7"":67,""8"":24,""9"":2}","{""11"":3,""14"":65,""15"":11,""16"":1,""17"":11,""18"":1,""19"":2,""3"":63,""4"":3,""5"":11,""6"":4,""7"":1,""8"":13,""9"":2}",81,3.9184407400411225,305,0.305,"{""10"":1,""3"":305,""4"":178,""5"":107,""6"":19,""7"":228,""8"":138,""9"":24}","{""11"":8,""12"":2,""13"":1,""14"":223,""15"":67,""16"":3,""17"":42,""18"":10,""19"":28,""20"":8,""21"":2,""23"":1,""24"":1,""3"":305,""4"":76,""5"":126,""6"":34,""7"":10,""8"":40,""9"":13}","{""Diagonal CMA-ES"":{""attempts"":329,""discoveries"":0,""improvements"":0,""insertions"":0,""insertion_rate"":0.0},""Immigrant"":{""attempts"":150,""discoveries"":0,""improvements"":0,""insertions"":0,""insertion_rate"":0.0},""Morphology"":{""attempts"":275,""discoveries"":0,""improvements"":0,""insertions"":0,""insertion_rate"":0.0},""Novelty"":{""attempts"":246,""discoveries"":0,""improvements"":0,""insertions"":0,""insertion_rate"":0.0}}","{""Morphology"":190,""Novelty"":32}",0,0.9137931034482759,false,59000
39,232,233000,7.934921084000001,0.039387573,0.031071707,0.003160599,0.005155267,9.470224389,161.10133,54.220814,9963.390710830688,191,0.9947917,22,2.84076774022226,63,0.3298429319371728,"{""3"":63,""4"":14,""5"":18,""6"":3,""7"":67,""8"":24,""9"":2}","{""11"":3,""14"":65,""15"":11,""16"":1,""17"":11,""18"":1,""19"":2,""3"":63,""4"":3,""5"":11,""6"":4,""7"":1,""8"":13,""9"":2}",82,3.956710749139739,296,0.296,"{""3"":296,""4"":161,""5"":116,""6"":20,""7"":228,""8"":157,""9"":22}","{""10"":1,""11"":9,""12"":4,""14"":222,""15"":75,""16"":9,""17"":58,""18"":8,""19"":20,""20"":7,""21"":1,""3"":296,""4"":88,""5"":93,""6"":39,""7"":10,""8"":48,""9"":12}","{""Diagonal CMA-ES"":{""attempts"":306,""discoveries"":0,""improvements"":0,""insertions"":0,""insertion_rate"":0.0},""Immigrant"":{""attempts"":148,""discoveries"":0,""improvements"":0,""insertions"":0,""insertion_rate"":0.0},""Morphology"":{""attempts"":291,""discoveries"":0,""improvements"":0,""insertions"":0,""insertion_rate"":0.0},""Novelty"":{""attempts"":255,""discoveries"":0,""improvements"":0,""insertions"":0,""insertion_rate"":0.0}}","{""Morphology"":201,""Novelty"":25}",0,0.9137931034482759,false,60000
39,233,234000,7.974117503,0.039196418999999996,0.029289567,0.003204529,0.006702323,9.51688063,161.10133,54.220814,9971.70590019226,191,0.9947917,22,2.816165539464742,63,0.3298429319371728,"{""3"":63,""4"":13,""5"":18,""6"":3,""7"":68,""8"":24,""9"":2}","{""11"":3,""14"":66,""15"":11,""16"":1,""17"":11,""18"":1,""19"":2,""3"":63,""4"":2,""5"":11,""6"":4,""7"":1,""8"":13,""9"":2}",77,3.9324021191102654,276,0.276,"{""10"":1,""3"":276,""4"":179,""5"":105,""6"":18,""7"":240,""8"":163,""9"":18}","{""11"":7,""12"":1,""14"":234,""15"":77,""16"":6,""17"":59,""18"":3,""19"":20,""20"":11,""21"":2,""23"":3,""3"":276,""4"":87,""5"":115,""6"":27,""7"":14,""8"":44,""9"":14}","{""Diagonal CMA-ES"":{""attempts"":296,""discoveries"":0,""improvements"":0,""insertions"":0,""insertion_rate"":0.0},""Immigrant"":{""attempts"":131,""discoveries"":0,""improvements"":0,""insertions"":0,""insertion_rate"":0.0},""Morphology"":{""attempts"":301,""discoveries"":0,""improvements"":3,""insertions"":3,""insertion_rate"":0.009966777408637873},""Novelty"":{""attempts"":272,""discoveries"":0,""improvements"":1,""insertions"":1,""insertion_rate"":0.003676470588235294}}","{""Morphology"":193,""Novelty"":37}",0,0.9137931034482759,false,61000
39,234,235000,8.011375058,0.037257555,0.027965725,0.004154371,0.005137459,9.561419911,161.10133,54.220814,9980.693185806274,191,0.9947917,22,2.816165539464741,63,0.3298429319371728,"{""3"":63,""4"":13,""5"":18,""6"":3,""7"":68,""8"":24,""9"":2}","{""11"":3,""14"":66,""15"":11,""16"":1,""17"":11,""18"":1,""19"":2,""3"":63,""4"":2,""5"":11,""6"":4,""7"":1,""8"":13,""9"":2}",71,4.302747212491533,274,0.274,"{""3"":274,""4"":199,""5"":149,""6"":20,""7"":138,""8"":199,""9"":21}","{""11"":14,""12"":1,""14"":127,""15"":91,""16"":8,""17"":68,""18"":8,""19"":29,""20"":15,""3"":274,""4"":94,""5"":138,""6"":48,""7"":15,""8"":55,""9"":15}","{""Diagonal CMA-ES"":{""attempts"":306,""discoveries"":0,""improvements"":0,""insertions"":0,""insertion_rate"":0.0},""Immigrant"":{""attempts"":161,""discoveries"":0,""improvements"":0,""insertions"":0,""insertion_rate"":0.0},""Morphology"":{""attempts"":286,""discoveries"":0,""improvements"":3,""insertions"":3,""insertion_rate"":0.01048951048951049},""Novelty"":{""attempts"":247,""discoveries"":0,""improvements"":0,""insertions"":0,""insertion_rate"":0.0}}","{""Morphology"":196,""Novelty"":29}",0,0.9137931034482759,false,62000
39,235,236000,8.051028589000001,0.039653531,0.031076457,0.003369565,0.005207509,9.608908452,161.10133,54.220814,9993.227437973022,191,0.9947917,22,2.8187321624787365,63,0.3298429319371728,"{""3"":63,""4"":13,""5"":18,""6"":3,""7"":68,""8"":24,""9"":2}","{""11"":3,""14"":66,""15"":10,""16"":1,""17"":11,""18"":1,""19"":3,""3"":63,""4"":2,""5"":11,""6"":4,""7"":1,""8"":13,""9"":2}",86,4.267531056128409,309,0.309,"{""3"":309,""4"":170,""5"":147,""6"":19,""7"":143,""8"":177,""9"":35}","{""10"":1,""11"":10,""12"":1,""14"":130,""15"":89,""16"":14,""17"":60,""18"":9,""19"":23,""20"":12,""21"":1,""23"":1,""24"":3,""3"":309,""4"":75,""5"":124,""6"":49,""7"":14,""8"":55,""9"":20}","{""Diagonal CMA-ES"":{""attempts"":313,""discoveries"":0,""improvements"":0,""insertions"":0,""insertion_rate"":0.0},""Immigrant"":{""attempts"":162,""discoveries"":0,""improvements"":0,""insertions"":0,""insertion_rate"":0.0},""Morphology"":{""attempts"":282,""discoveries"":0,""improvements"":5,""insertions"":5,""insertion_rate"":0.01773049645390071},""Novelty"":{""attempts"":243,""discoveries"":0,""improvements"":0,""insertions"":0,""insertion_rate"":0.0}}","{""Morphology"":174,""Novelty"":30}",0,0.9137931034482759,false,63000
39,236,237000,8.088127045000002,0.037098456,0.029462913,0.001874751,0.005760792,9.651466124,161.10133,54.220814,10018.922456741333,191,0.9947917,21,2.779590256558274,63,0.3298429319371728,"{""3"":63,""4"":13,""5"":18,""6"":3,""7"":69,""8"":23,""9"":2}","{""11"":3,""14"":67,""15"":9,""16"":1,""17"":11,""18"":1,""19"":3,""3"":63,""4"":2,""5"":11,""6"":4,""7"":1,""8"":13,""9"":2}",84,4.315363243851029,295,0.295,"{""10"":1,""3"":295,""4"":192,""5"":132,""6"":20,""7"":142,""8"":178,""9"":40}","{""10"":2,""11"":15,""12"":1,""14"":130,""15"":77,""16"":12,""17"":62,""18"":17,""19"":28,""20"":19,""23"":2,""24"":1,""3"":295,""4"":85,""5"":129,""6"":48,""7"":14,""8"":49,""9"":14}","{""Diagonal CMA-ES"":{""attempts"":294,""discoveries"":0,""improvements"":0,""insertions"":0,""insertion_rate"":0.0},""Immigrant"":{""attempts"":159,""discoveries"":0,""improvements"":0,""insertions"":0,""insertion_rate"":0.0},""Morphology"":{""attempts"":297,""discoveries"":0,""improvements"":6,""insertions"":6,""insertion_rate"":0.020202020202020204},""Novelty"":{""attempts"":250,""discoveries"":0,""improvements"":0,""insertions"":0,""insertion_rate"":0.0}}","{""Morphology"":194,""Novelty"":29}",0,0.9137931034482759,false,64000
39,237,238000,8.129732500000001,0.041605455,0.032261385,0.002937386,0.006406684,9.700780736,161.10133,54.220814,10021.373693466187,191,0.9947917,21,2.779590256558274,63,0.3298429319371728,"{""3"":63,""4"":13,""5"":18,""6"":3,""7"":69,""8"":23,""9"":2}","{""11"":3,""14"":67,""15"":9,""16"":1,""17"":11,""18"":1,""19"":3,""3"":63,""4"":2,""5"":11,""6"":4,""7"":1,""8"":13,""9"":2}",92,4.026698841337577,142,0.142,"{""3"":142,""4"":132,""5"":95,""6"":19,""7"":275,""8"":295,""9"":42}","{""11"":10,""12"":2,""14"":271,""15"":61,""16"":7,""17"":210,""18"":18,""19"":17,""20"":18,""21"":1,""23"":4,""24"":1,""3"":142,""4"":74,""5"":83,""6"":35,""7"":17,""8"":19,""9"":10}","{""Diagonal CMA-ES"":{""attempts"":303,""discoveries"":0,""improvements"":0,""insertions"":0,""insertion_rate"":0.0},""Immigrant"":{""attempts"":156,""discoveries"":0,""improvements"":0,""insertions"":0,""insertion_rate"":0.0},""Morphology"":{""attempts"":291,""discoveries"":0,""improvements"":1,""insertions"":1,""insertion_rate"":0.003436426116838488},""Novelty"":{""attempts"":250,""discoveries"":0,""improvements"":0,""insertions"":0,""insertion_rate"":0.0}}","{""Morphology"":201,""Novelty"":40}",0,0.9137931034482759,false,65000
39,238,239000,8.168291338000001,0.038558838,0.02944629,0.003255584,0.005856964,9.747439352,161.10133,54.220814,10043.236852645874,191,0.9947917,20,2.7406825873462046,64,0.33507853403141363,"{""3"":64,""4"":13,""5"":18,""6"":3,""7"":69,""8"":23,""9"":1}","{""11"":3,""14"":67,""15"":9,""17"":11,""18"":1,""19"":3,""3"":64,""4"":2,""5"":11,""6"":4,""7"":1,""8"":13,""9"":2}",80,4.1028656487009965,185,0.185,"{""3"":185,""4"":153,""5"":114,""6"":11,""7"":245,""8"":256,""9"":36}","{""11"":10,""12"":1,""14"":237,""15"":66,""16"":7,""17"":156,""18"":14,""19"":26,""20"":17,""21"":1,""23"":3,""24"":2,""3"":185,""4"":80,""5"":102,""6"":42,""7"":14,""8"":29,""9"":8}","{""Diagonal CMA-ES"":{""attempts"":315,""discoveries"":0,""improvements"":0,""insertions"":0,""insertion_rate"":0.0},""Immigrant"":{""attempts"":150,""discoveries"":0,""improvements"":0,""insertions"":0,""insertion_rate"":0.0},""Morphology"":{""attempts"":294,""discoveries"":0,""improvements"":2,""insertions"":2,""insertion_rate"":0.006802721088435374},""Novelty"":{""attempts"":241,""discoveries"":0,""improvements"":0,""insertions"":0,""insertion_rate"":0.0}}","{""Morphology"":190,""Novelty"":33}",0,0.9137931034482759,false,66000
39,239,240000,8.207621922000001,0.039330584,0.033123367,0.002040973,0.004166244,9.793263293999999,161.10133,54.220814,10045.797254562378,191,0.9947917,20,2.7406825873462046,64,0.33507853403141363,"{""3"":64,""4"":13,""5"":18,""6"":3,""7"":69,""8"":23,""9"":1}","{""11"":3,""14"":67,""15"":9,""17"":11,""18"":1,""19"":3,""3"":64,""4"":2,""5"":11,""6"":4,""7"":1,""8"":13,""9"":2}",83,4.229443617534111,255,0.255,"{""3"":255,""4"":169,""5"":113,""6"":19,""7"":147,""8"":269,""9"":28}","{""10"":2,""11"":13,""12"":3,""14"":141,""15"":82,""16"":1,""17"":149,""18"":12,""19"":25,""20"":18,""23"":5,""24"":1,""3"":255,""4"":70,""5"":117,""6"":44,""7"":14,""8"":38,""9"":10}","{""Diagonal CMA-ES"":{""attempts"":301,""discoveries"":0,""improvements"":0,""insertions"":0,""insertion_rate"":0.0},""Immigrant"":{""attempts"":134,""discoveries"":0,""improvements"":0,""insertions"":0,""insertion_rate"":0.0},""Morphology"":{""attempts"":311,""discoveries"":0,""improvements"":1,""insertions"":1,""insertion_rate"":0.003215434083601286},""Novelty"":{""attempts"":254,""discoveries"":0,""improvements"":0,""insertions"":0,""insertion_rate"":0.0}}","{""Morphology"":209,""Novelty"":31}",0,0.9137931034482759,false,67000
39,240,241000,8.247692195,0.040070273000000003,0.032006115,0.002950446,0.005113712,9.838518518,161.10133,54.220814,10045.797254562378,191,0.9947917,20,2.740682587346204,64,0.33507853403141363,"{""3"":64,""4"":13,""5"":18,""6"":3,""7"":69,""8"":23,""9"":1}","{""11"":3,""14"":67,""15"":9,""17"":11,""18"":1,""19"":3,""3"":64,""4"":2,""5"":11,""6"":4,""7"":1,""8"":13,""9"":2}",84,4.281962859887459,303,0.303,"{""3"":303,""4"":190,""5"":126,""6"":24,""7"":123,""8"":201,""9"":33}","{""10"":1,""11"":13,""12"":3,""14"":112,""15"":90,""16"":4,""17"":79,""18"":21,""19"":26,""20"":9,""23"":2,""24"":1,""26"":1,""3"":303,""4"":77,""5"":135,""6"":43,""7"":11,""8"":51,""9"":18}","{""Diagonal CMA-ES"":{""attempts"":330,""discoveries"":0,""improvements"":0,""insertions"":0,""insertion_rate"":0.0},""Immigrant"":{""attempts"":171,""discoveries"":0,""improvements"":0,""insertions"":0,""insertion_rate"":0.0},""Morphology"":{""attempts"":277,""discoveries"":0,""improvements"":0,""insertions"":0,""insertion_rate"":0.0},""Novelty"":{""attempts"":222,""discoveries"":0,""improvements"":0,""insertions"":0,""insertion_rate"":0.0}}","{""Morphology"":199,""Novelty"":25}",0,0.9137931034482759,false,68000
39,241,242000,8.287739912000001,0.040047717000000004,0.03188976,0.002987254,0.005170703,9.883428237,161.10133,56.044704,10086.371099472046,191,0.9947917,20,2.7307342390221727,64,0.33507853403141363,"{""3"":64,""4"":12,""5"":18,""6"":3,""7"":69,""8"":24,""9"":1}","{""11"":3,""14"":67,""15"":10,""17"":11,""18"":1,""19"":3,""3"":64,""4"":2,""5"":10,""6"":4,""7"":1,""8"":13,""9"":2}",80,4.293829123100532,301,0.301,"{""10"":1,""3"":301,""4"":202,""5"":133,""6"":18,""7"":121,""8"":193,""9"":31}","{""10"":1,""11"":9,""12"":2,""14"":110,""15"":87,""16"":4,""17"":67,""18"":18,""19"":31,""20"":8,""21"":1,""23"":4,""24"":1,""26"":2,""3"":301,""4"":93,""5"":135,""6"":45,""7"":16,""8"":46,""9"":19}","{""Diagonal CMA-ES"":{""attempts"":305,""discoveries"":0,""improvements"":0,""insertions"":0,""insertion_rate"":0.0},""Immigrant"":{""attempts"":164,""discoveries"":0,""improvements"":0,""insertions"":0,""insertion_rate"":0.0},""Morphology"":{""attempts"":292,""discoveries"":0,""improvements"":3,""insertions"":3,""insertion_rate"":0.010273972602739725},""Novelty"":{""attempts"":239,""discoveries"":0,""improvements"":0,""insertions"":0,""insertion_rate"":0.0}}","{""Morphology"":203,""Novelty"":27}",0,0.9137931034482759,false,69000
39,242,243000,8.325902191,0.03816227900000001,0.032748179,0.00189256,0.00352154,9.928847309,161.10133,56.044704,10096.818979263306,191,0.9947917,20,2.7307342390221723,64,0.33507853403141363,"{""3"":64,""4"":12,""5"":18,""6"":3,""7"":69,""8"":24,""9"":1}","{""11"":3,""14"":67,""15"":10,""17"":11,""18"":1,""19"":3,""3"":64,""4"":2,""5"":10,""6"":4,""7"":1,""8"":13,""9"":2}",73,3.212977936480049,111,0.111,"{""3"":111,""4"":134,""5"":62,""6"":11,""7"":529,""8"":132,""9"":21}","{""10"":1,""11"":5,""14"":527,""15"":64,""16"":5,""17"":37,""18"":7,""19"":23,""20"":15,""23"":1,""24"":1,""3"":111,""4"":75,""5"":79,""6"":21,""7"":16,""8"":5,""9"":7}","{""Diagonal CMA-ES"":{""attempts"":300,""discoveries"":0,""improvements"":0,""insertions"":0,""insertion_rate"":0.0},""Immigrant"":{""attempts"":171,""discoveries"":0,""improvements"":0,""insertions"":0,""insertion_rate"":0.0},""Morphology"":{""attempts"":299,""discoveries"":0,""improvements"":2,""insertions"":2,""insertion_rate"":0.006688963210702341},""Novelty"":{""attempts"":230,""discoveries"":0,""improvements"":0,""insertions"":0,""insertion_rate"":0.0}}","{""Morphology"":196,""Novelty"":27}",0,0.9137931034482759,false,70000
39,243,244000,8.366962676,0.041060484999999994,0.031477766,0.003497793,0.006084926,9.9772382,161.10133,56.044704,10099.34878730774,191,0.9947917,20,2.7307342390221723,64,0.33507853403141363,"{""3"":64,""4"":12,""5"":18,""6"":3,""7"":69,""8"":24,""9"":1}","{""11"":3,""14"":67,""15"":10,""17"":11,""18"":1,""19"":3,""3"":64,""4"":2,""5"":10,""6"":4,""7"":1,""8"":13,""9"":2}",76,4.0907464944535,260,0.26,"{""3"":260,""4"":176,""5"":112,""6"":22,""7"":220,""8"":188,""9"":22}","{""11"":14,""12"":2,""13"":1,""14"":210,""15"":80,""16"":7,""17"":74,""18"":2,""19"":24,""20"":19,""23"":2,""24"":1,""3"":260,""4"":83,""5"":117,""6"":33,""7"":14,""8"":42,""9"":15}","{""Diagonal CMA-ES"":{""attempts"":297,""discoveries"":0,""improvements"":0,""insertions"":0,""insertion_rate"":0.0},""Immigrant"":{""attempts"":132,""discoveries"":0,""improvements"":0,""insertions"":0,""insertion_rate"":0.0},""Morphology"":{""attempts"":308,""discoveries"":0,""improvements"":2,""insertions"":2,""insertion_rate"":0.006493506493506494},""Novelty"":{""attempts"":263,""discoveries"":0,""improvements"":0,""insertions"":0,""insertion_rate"":0.0}}","{""Morphology"":209,""Novelty"":27}",0,0.9137931034482759,false,71000
39,244,245000,8.406941528,0.039978852,0.031583435,0.002639374,0.005756043,10.024993883,161.10133,56.044704,10125.914493560791,191,0.9947917,20,2.7307342390221723,64,0.33507853403141363,"{""3"":64,""4"":12,""5"":18,""6"":3,""7"":69,""8"":24,""9"":1}","{""11"":3,""14"":67,""15"":10,""17"":11,""18"":1,""19"":3,""3"":64,""4"":2,""5"":10,""6"":4,""7"":1,""8"":13,""9"":2}",89,4.274169507129978,295,0.295,"{""3"":295,""4"":182,""5"":124,""6"":17,""7"":153,""8"":198,""9"":31}","{""10"":1,""11"":13,""14"":140,""15"":88,""16"":7,""17"":70,""18"":10,""19"":35,""20"":15,""21"":2,""23"":1,""26"":1,""3"":295,""4"":84,""5"":118,""6"":52,""7"":11,""8"":42,""9"":15}","{""Diagonal CMA-ES"":{""attempts"":260,""discoveries"":0,""improvements"":0,""insertions"":0,""insertion_rate"":0.0},""Immigrant"":{""attempts"":153,""discoveries"":0,""improvements"":0,""insertions"":0,""insertion_rate"":0.0},""Morphology"":{""attempts"":321,""discoveries"":0,""improvements"":4,""insertions"":4,""insertion_rate"":0.012461059190031152},""Novelty"":{""attempts"":266,""discoveries"":0,""improvements"":0,""insertions"":0,""insertion_rate"":0.0}}","{""Morphology"":210,""Novelty"":31}",0,0.9137931034482759,false,72000
39,245,246000,8.444313063000001,0.037371535,0.029161338,0.002996752,0.005213445,10.069834739,161.10133,56.044704,10127.642488479614,191,0.9947917,20,2.7479575655636848,63,0.3298429319371728,"{""3"":63,""4"":12,""5"":18,""6"":3,""7"":69,""8"":25,""9"":1}","{""11"":3,""14"":67,""15"":11,""17"":11,""18"":1,""19"":3,""3"":63,""4"":2,""5"":10,""6"":4,""7"":1,""8"":13,""9"":2}",89,4.321609702887437,275,0.275,"{""3"":275,""4"":165,""5"":133,""6"":18,""7"":173,""8"":200,""9"":36}","{""11"":10,""13"":2,""14"":163,""15"":94,""16"":9,""17"":70,""18"":13,""19"":30,""20"":14,""21"":1,""23"":3,""3"":275,""4"":85,""5"":102,""6"":45,""7"":15,""8"":52,""9"":17}","{""Diagonal CMA-ES"":{""attempts"":291,""discoveries"":0,""improvements"":0,""insertions"":0,""insertion_rate"":0.0},""Immigrant"":{""attempts"":150,""discoveries"":0,""improvements"":0,""insertions"":0,""insertion_rate"":0.0},""Morphology"":{""attempts"":308,""discoveries"":0,""improvements"":3,""insertions"":3,""insertion_rate"":0.00974025974025974},""Novelty"":{""attempts"":251,""discoveries"":0,""improvements"":0,""insertions"":0,""insertion_rate"":0.0}}","{""Morphology"":204,""Novelty"":33}",0,0.9137931034482759,false,73000
39,246,247000,8.483036934000001,0.03872387099999999,0.030337954,0.00339331,0.004992607,10.116254707,161.10133,56.044704,10128.559045791626,191,0.9947917,20,2.747957565563685,63,0.3298429319371728,"{""3"":63,""4"":12,""5"":18,""6"":3,""7"":69,""8"":25,""9"":1}","{""11"":3,""14"":67,""15"":11,""17"":11,""18"":1,""19"":3,""3"":63,""4"":2,""5"":10,""6"":4,""7"":1,""8"":13,""9"":2}",82,4.368447059037694,258,0.258,"{""10"":1,""3"":258,""4"":210,""5"":132,""6"":14,""7"":155,""8"":201,""9"":29}","{""11"":10,""13"":1,""14"":145,""15"":99,""16"":7,""17"":68,""18"":14,""19"":28,""20"":10,""21"":2,""23"":1,""3"":258,""4"":104,""5"":124,""6"":56,""7"":15,""8"":43,""9"":15}","{""Diagonal CMA-ES"":{""attempts"":303,""discoveries"":0,""improvements"":0,""insertions"":0,""insertion_rate"":0.0},""Immigrant"":{""attempts"":156,""discoveries"":0,""improvements"":0,""insertions"":0,""insertion_rate"":0.0},""Morphology"":{""attempts"":300,""discoveries"":0,""improvements"":1,""insertions"":1,""insertion_rate"":0.0033333333333333335},""Novelty"":{""attempts"":241,""discoveries"":0,""improvements"":0,""insertions"":0,""insertion_rate"":0.0}}","{""Morphology"":211,""Novelty"":25}",0,0.9137931034482759,false,74000
39,247,248000,8.522528992000002,0.039492058000000003,0.030346266,0.003333946,0.005811846,10.16379905,161.10133,56.044704,10132.172506332397,191,0.9947917,21,2.7623810603394103,63,0.3298429319371728,"{""3"":63,""4"":12,""5"":18,""6"":3,""7"":69,""8"":24,""9"":2}","{""11"":3,""14"":67,""15"":10,""16"":1,""17"":11,""18"":1,""19"":3,""3"":63,""4"":2,""5"":10,""6"":4,""7"":1,""8"":13,""9"":2}",82,4.323985698221558,297,0.297,"{""3"":297,""4"":170,""5"":125,""6"":22,""7"":139,""8"":218,""9"":29}","{""10"":2,""11"":13,""12"":1,""14"":127,""15"":92,""16"":12,""17"":87,""18"":12,""19"":32,""20"":9,""21"":1,""23"":1,""3"":297,""4"":81,""5"":105,""6"":48,""7"":17,""8"":44,""9"":19}","{""Diagonal CMA-ES"":{""attempts"":301,""discoveries"":0,""improvements"":0,""insertions"":0,""insertion_rate"":0.0},""Immigrant"":{""attempts"":143,""discoveries"":0,""improvements"":0,""insertions"":0,""insertion_rate"":0.0},""Morphology"":{""attempts"":303,""discoveries"":0,""improvements"":1,""insertions"":1,""insertion_rate"":0.0033003300330033004},""Novelty"":{""attempts"":253,""discoveries"":0,""improvements"":0,""insertions"":0,""insertion_rate"":0.0}}","{""Morphology"":209,""Novelty"":30}",1,0.9137931034482759,false,75000
39,248,249000,8.561005906000002,0.038476914,0.029718183,0.003364816,0.005393915,10.210629825,161.10133,56.044704,10132.84361076355,191,0.9947917,21,2.7623810603394103,63,0.3298429319371728,"{""3"":63,""4"":12,""5"":18,""6"":3,""7"":69,""8"":24,""9"":2}","{""11"":3,""14"":67,""15"":10,""16"":1,""17"":11,""18"":1,""19"":3,""3"":63,""4"":2,""5"":10,""6"":4,""7"":1,""8"":13,""9"":2}",81,4.17813362037968,290,0.29,"{""3"":290,""4"":194,""5"":127,""6"":13,""7"":145,""8"":204,""9"":27}","{""11"":6,""12"":1,""13"":1,""14"":133,""15"":85,""16"":11,""17"":82,""18"":9,""19"":36,""20"":5,""21"":1,""23"":2,""3"":290,""4"":92,""5"":126,""6"":44,""7"":14,""8"":46,""9"":16}","{""Diagonal CMA-ES"":{""attempts"":307,""discoveries"":0,""improvements"":0,""insertions"":0,""insertion_rate"":0.0},""Immigrant"":{""attempts"":148,""discoveries"":0,""improvements"":0,""insertions"":0,""insertion_rate"":0.0},""Morphology"":{""attempts"":293,""discoveries"":0,""improvements"":1,""insertions"":1,""insertion_rate"":0.0034129692832764505},""Novelty"":{""attempts"":252,""discoveries"":0,""improvements"":0,""insertions"":0,""insertion_rate"":0.0}}","{""Morphology"":196,""Novelty"":43}",0,0.9137931034482759,false,76000
39,249,250000,8.601760067000003,0.040754161000000004,0.031724725,0.00374594,0.005283496,10.259782963,161.10133,56.335304,10204.471626281738,191,0.9947917,22,2.7895031153888783,62,0.32460732984293195,"{""3"":62,""4"":12,""5"":17,""6"":3,""7"":69,""8"":25,""9"":3}","{""11"":3,""14"":67,""15"":10,""16"":2,""17"":12,""18"":1,""19"":3,""3"":62,""4"":2,""5"":10,""6"":4,""7"":1,""8"":12,""9"":2}",83,4.256642766773096,291,0.291,"{""3"":291,""4"":156,""5"":132,""6"":20,""7"":149,""8"":215,""9"":37}","{""11"":9,""12"":1,""14"":138,""15"":87,""16"":18,""17"":88,""18"":10,""19"":33,""20"":11,""23"":1,""24"":3,""3"":291,""4"":75,""5"":104,""6"":47,""7"":15,""8"":48,""9"":21}","{""Diagonal CMA-ES"":{""attempts"":301,""discoveries"":0,""improvements"":0,""insertions"":0,""insertion_rate"":0.0},""Immigrant"":{""attempts"":158,""discoveries"":0,""improvements"":0,""insertions"":0,""insertion_rate"":0.0},""Morphology"":{""attempts"":291,""discoveries"":0,""improvements"":5,""insertions"":5,""insertion_rate"":0.01718213058419244},""Novelty"":{""attempts"":250,""discoveries"":0,""improvements"":0,""insertions"":0,""insertion_rate"":0.0}}","{""Morphology"":197,""Novelty"":22}",1,0.9137931034482759,false,77000
39,250,251000,8.643120939000003,0.04136087200000001,0.032076166,0.003658079,0.005626627,10.3100023,161.10133,56.335304,10206.256404876709,191,0.9947917,22,2.7895031153888783,62,0.32460732984293195,"{""3"":62,""4"":12,""5"":17,""6"":3,""7"":69,""8"":25,""9"":3}","{""11"":3,""14"":67,""15"":10,""16"":2,""17"":12,""18"":1,""19"":3,""3"":62,""4"":2,""5"":10,""6"":4,""7"":1,""8"":12,""9"":2}",86,4.31977420284638,287,0.287,"{""10"":1,""3"":287,""4"":178,""5"":128,""6"":14,""7"":149,""8"":203,""9"":40}","{""11"":7,""12"":4,""14"":138,""15"":84,""16"":19,""17"":88,""18"":11,""19"":28,""20"":12,""21"":1,""23"":1,""3"":287,""4"":93,""5"":99,""6"":45,""7"":22,""8"":48,""9"":13}","{""Diagonal CMA-ES"":{""attempts"":321,""discoveries"":0,""improvements"":0,""insertions"":0,""insertion_rate"":0.0},""Immigrant"":{""attempts"":145,""discoveries"":0,""improvements"":0,""insertions"":0,""insertion_rate"":0.0},""Morphology"":{""attempts"":296,""discoveries"":0,""improvements"":2,""insertions"":2,""insertion_rate"":0.006756756756756757},""Novelty"":{""attempts"":238,""discoveries"":0,""improvements"":0,""insertions"":0,""insertion_rate"":0.0}}","{""Morphology"":199,""Novelty"":29}",0,0.9145299145299145,false,78000
39,251,252000,8.685815151000003,0.042694211999999995,0.032193709,0.00333632,0.007164183,10.360215699,161.10133,56.865135,10238.104454040527,191,0.9947917,21,2.796908277732369,62,0.32460732984293195,"{""3"":62,""4"":13,""5"":17,""6"":2,""7"":67,""8"":27,""9"":3}","{""11"":3,""14"":65,""15"":11,""16"":2,""17"":13,""18"":1,""19"":3,""3"":62,""4"":2,""5"":11,""6"":4,""7"":1,""8"":12,""9"":1}",90,4.3236298492166965,293,0.293,"{""10"":1,""3"":293,""4"":171,""5"":132,""6"":18,""7"":147,""8"":193,""9"":45}","{""11"":10,""12"":1,""13"":1,""14"":136,""15"":82,""16"":18,""17"":82,""18"":12,""19"":29,""20"":9,""21"":1,""23"":3,""24"":1,""26"":1,""3"":293,""4"":71,""5"":124,""6"":50,""7"":18,""8"":40,""9"":18}","{""Diagonal CMA-ES"":{""attempts"":312,""discoveries"":0,""improvements"":0,""insertions"":0,""insertion_rate"":0.0},""Immigrant"":{""attempts"":157,""discoveries"":0,""improvements"":0,""insertions"":0,""insertion_rate"":0.0},""Morphology"":{""attempts"":283,""discoveries"":0,""improvements"":5,""insertions"":5,""insertion_rate"":0.0176678445229682},""Novelty"":{""attempts"":248,""discoveries"":0,""improvements"":0,""insertions"":0,""insertion_rate"":0.0}}","{""Morphology"":178,""Novelty"":31}",0,0.9145299145299145,false,79000
39,252,253000,8.727389738000003,0.041574587,0.032318376,0.003287641,0.00596857,10.410513397999999,161.10133,56.865135,10248.584232330322,191,0.9947917,20,2.7723535346125114,62,0.32460732984293195,"{""3"":62,""4"":13,""5"":17,""6"":2,""7"":67,""8"":28,""9"":2}","{""11"":3,""14"":65,""15"":12,""16"":1,""17"":13,""18"":1,""19"":3,""3"":62,""4"":2,""5"":11,""6"":4,""7"":1,""8"":12,""9"":1}",88,4.383245986669223,194,0.194,"{""10"":9,""3"":194,""4"":166,""5"":215,""6"":12,""7"":94,""8"":157,""9"":153}","{""11"":11,""12"":1,""14"":88,""15"":72,""16"":9,""17"":58,""18"":135,""19"":26,""20"":13,""21"":1,""23"":2,""24"":3,""3"":194,""4"":88,""5"":98,""6"":32,""7"":14,""8"":150,""9"":5}","{""Diagonal CMA-ES"":{""attempts"":299,""discoveries"":0,""improvements"":0,""insertions"":0,""insertion_rate"":0.0},""Immigrant"":{""attempts"":152,""discoveries"":0,""improvements"":0,""insertions"":0,""insertion_rate"":0.0},""Morphology"":{""attempts"":306,""discoveries"":0,""improvements"":1,""insertions"":1,""insertion_rate"":0.0032679738562091504},""Novelty"":{""attempts"":243,""discoveries"":0,""improvements"":0,""insertions"":0,""insertion_rate"":0.0}}","{""Morphology"":196,""Novelty"":34}",0,0.9152542372881356,false,80000
39,253,254000,8.766783250000003,0.039393512,0.030856806,0.002921952,0.005614754,10.458903101,161.10133,56.865135,10248.752140045166,191,0.9947917,20,2.772353534612511,62,0.32460732984293195,"{""3"":62,""4"":13,""5"":17,""6"":2,""7"":67,""8"":28,""9"":2}","{""11"":3,""14"":65,""15"":12,""16"":1,""17"":13,""18"":1,""19"":3,""3"":62,""4"":2,""5"":11,""6"":4,""7"":1,""8"":12,""9"":1}",74,3.7475166540699956,91,0.091,"{""10"":16,""3"":91,""4"":109,""5"":309,""6"":22,""7"":63,""8"":106,""9"":284}","{""11"":10,""14"":63,""15"":56,""16"":1,""17"":30,""18"":275,""19"":19,""20"":13,""21"":5,""23"":3,""24"":4,""3"":91,""4"":63,""5"":67,""6"":17,""7"":11,""8"":261,""9"":11}","{""Diagonal CMA-ES"":{""attempts"":312,""discoveries"":0,""improvements"":0,""insertions"":0,""insertion_rate"":0.0},""Immigrant"":{""attempts"":152,""discoveries"":0,""improvements"":0,""insertions"":0,""insertion_rate"":0.0},""Morphology"":{""attempts"":264,""discoveries"":0,""improvements"":1,""insertions"":1,""insertion_rate"":0.003787878787878788},""Novelty"":{""attempts"":272,""discoveries"":0,""improvements"":0,""insertions"":0,""insertion_rate"":0.0}}","{""Morphology"":174,""Novelty"":31}",0,0.9152542372881356,false,81000
39,254,255000,8.808241481000003,0.041458231000000005,0.03233856,0.003679451,0.00544022,10.508195152999999,161.10133,56.865135,10274.009609222412,191,0.9947917,20,2.792362562597163,62,0.32460732984293195,"{""3"":62,""4"":13,""5"":18,""6"":2,""7"":66,""8"":28,""9"":2}","{""11"":3,""14"":64,""15"":12,""16"":1,""17"":13,""18"":1,""19"":3,""3"":62,""4"":2,""5"":11,""6"":5,""7"":1,""8"":12,""9"":1}",79,4.362425478787187,256,0.256,"{""10"":4,""3"":256,""4"":176,""5"":118,""6"":13,""7"":161,""8"":206,""9"":66}","{""10"":1,""11"":12,""12"":1,""14"":152,""15"":78,""16"":11,""17"":83,""18"":48,""19"":35,""20"":13,""21"":4,""23"":1,""24"":2,""3"":256,""4"":76,""5"":125,""6"":50,""7"":10,""8"":33,""9"":9}","{""Diagonal CMA-ES"":{""attempts"":278,""discoveries"":0,""improvements"":0,""insertions"":0,""insertion_rate"":0.0},""Immigrant"":{""attempts"":169,""discoveries"":0,""improvements"":0,""insertions"":0,""insertion_rate"":0.0},""Morphology"":{""attempts"":298,""discoveries"":0,""improvements"":0,""insertions"":0,""insertion_rate"":0.0},""Novelty"":{""attempts"":255,""discoveries"":0,""improvements"":1,""insertions"":1,""insertion_rate"":0.00392156862745098}}","{""Morphology"":213,""Novelty"":27}",0,0.9152542372881356,false,82000
39,255,256000,8.850146138000003,0.041904657,0.031919442,0.003984588,0.006000627,10.557841023,161.10133,56.865135,10277.746654510498,191,0.9947917,20,2.7923625625971624,62,0.32460732984293195,"{""3"":62,""4"":13,""5"":18,""6"":2,""7"":66,""8"":28,""9"":2}","{""11"":3,""14"":64,""15"":12,""16"":1,""17"":13,""18"":1,""19"":3,""3"":62,""4"":2,""5"":11,""6"":5,""7"":1,""8"":12,""9"":1}",78,4.265304598037675,275,0.275,"{""10"":1,""3"":275,""4"":188,""5"":135,""6"":14,""7"":147,""8"":198,""9"":42}","{""11"":10,""12"":1,""14"":136,""15"":78,""16"":13,""17"":80,""18"":15,""19"":34,""20"":14,""21"":3,""23"":2,""24"":1,""3"":275,""4"":90,""5"":128,""6"":46,""7"":16,""8"":44,""9"":14}","{""Diagonal CMA-ES"":{""attempts"":316,""discoveries"":0,""improvements"":0,""insertions"":0,""insertion_rate"":0.0},""Immigrant"":{""attempts"":136,""discoveries"":0,""improvements"":0,""insertions"":0,""insertion_rate"":0.0},""Morphology"":{""attempts"":307,""discoveries"":0,""improvements"":2,""insertions"":2,""insertion_rate"":0.006514657980456026},""Novelty"":{""attempts"":241,""discoveries"":0,""improvements"":0,""insertions"":0,""insertion_rate"":0.0}}","{""Morphology"":203,""Novelty"":30}",0,0.9152542372881356,false,83000
39,256,257000,8.891585371000003,0.041439233,0.032297004,0.003753063,0.005389166,10.607444148999999,161.10133,57.62525,10297.346809387207,191,0.9947917,21,2.8310284979513525,63,0.3298429319371728,"{""3"":63,""4"":13,""5"":18,""6"":2,""7"":64,""8"":28,""9"":3}","{""11"":3,""14"":62,""15"":12,""16"":1,""17"":13,""18"":1,""19"":3,""23"":1,""3"":63,""4"":2,""5"":11,""6"":5,""7"":1,""8"":12,""9"":1}",80,4.32546641183825,208,0.208,"{""10"":7,""3"":208,""4"":174,""5"":101,""6"":12,""7"":193,""8"":191,""9"":114}","{""10"":1,""11"":9,""14"":186,""15"":93,""16"":9,""17"":67,""18"":96,""19"":22,""20"":14,""21"":5,""22"":1,""23"":2,""24"":1,""25"":1,""3"":208,""4"":87,""5"":107,""6"":38,""7"":18,""8"":28,""9"":7}","{""Diagonal CMA-ES"":{""attempts"":292,""discoveries"":0,""improvements"":0,""insertions"":0,""insertion_rate"":0.0},""Immigrant"":{""attempts"":146,""discoveries"":0,""improvements"":0,""insertions"":0,""insertion_rate"":0.0},""Morphology"":{""attempts"":290,""discoveries"":0,""improvements"":2,""insertions"":2,""insertion_rate"":0.006896551724137931},""Novelty"":{""attempts"":272,""discoveries"":0,""improvements"":1,""insertions"":1,""insertion_rate"":0.003676470588235294}}","{""Morphology"":197,""Novelty"":32}",1,0.9152542372881356,false,84000
39,257,258000,8.928179223000003,0.036593852,0.027965724,0.003205717,0.005422411,10.651399277,161.10133,57.62525,10297.346809387207,191,0.9947917,21,2.8310284979513525,63,0.3298429319371728,"{""3"":63,""4"":13,""5"":18,""6"":2,""7"":64,""8"":28,""9"":3}","{""11"":3,""14"":62,""15"":12,""16"":1,""17"":13,""18"":1,""19"":3,""23"":1,""3"":63,""4"":2,""5"":11,""6"":5,""7"":1,""8"":12,""9"":1}",83,4.323057265392637,285,0.285,"{""10"":2,""3"":285,""4"":183,""5"":120,""6"":12,""7"":143,""8"":195,""9"":60}","{""10"":1,""11"":10,""14"":132,""15"":78,""16"":11,""17"":82,""18"":32,""19"":33,""20"":11,""21"":1,""23"":7,""24"":1,""3"":285,""4"":87,""5"":112,""6"":45,""7"":13,""8"":48,""9"":11}","{""Diagonal CMA-ES"":{""attempts"":338,""discoveries"":0,""improvements"":0,""insertions"":0,""insertion_rate"":0.0},""Immigrant"":{""attempts"":119,""discoveries"":0,""improvements"":0,""insertions"":0,""insertion_rate"":0.0},""Morphology"":{""attempts"":306,""discoveries"":0,""improvements"":0,""insertions"":0,""insertion_rate"":0.0},""Novelty"":{""attempts"":237,""discoveries"":0,""improvements"":0,""insertions"":0,""insertion_rate"":0.0}}","{""Morphology"":200,""Novelty"":31}",0,0.9152542372881356,false,85000
39,258,259000,8.969033117000002,0.040853893999999995,0.032128408,0.003345819,0.005379667,10.700826682,161.10133,57.62525,10308.613235473633,191,0.9947917,21,2.848131924581887,62,0.32460732984293195,"{""3"":62,""4"":14,""5"":18,""6"":2,""7"":64,""8"":28,""9"":3}","{""11"":3,""14"":62,""15"":12,""16"":1,""17"":13,""18"":1,""19"":3,""23"":1,""3"":62,""4"":2,""5"":12,""6"":5,""7"":1,""8"":12,""9"":1}",78,4.328856006447861,285,0.285,"{""10"":1,""3"":285,""4"":185,""5"":124,""6"":16,""7"":133,""8"":203,""9"":53}","{""11"":9,""14"":124,""15"":82,""16"":11,""17"":82,""18"":26,""19"":31,""20"":14,""21"":2,""23"":8,""3"":285,""4"":82,""5"":122,""6"":56,""7"":8,""8"":43,""9"":15}","{""Diagonal CMA-ES"":{""attempts"":289,""discoveries"":0,""improvements"":0,""insertions"":0,""insertion_rate"":0.0},""Immigrant"":{""attempts"":171,""discoveries"":0,""improvements"":0,""insertions"":0,""insertion_rate"":0.0},""Morphology"":{""attempts"":293,""discoveries"":0,""improvements"":3,""insertions"":3,""insertion_rate"":0.010238907849829351},""Novelty"":{""attempts"":247,""discoveries"":0,""improvements"":0,""insertions"":0,""insertion_rate"":0.0}}","{""Morphology"":193,""Novelty"":28}",0,0.9152542372881356,false,86000
39,259,260000,9.009007218000002,0.039974101,0.031183314,0.003342256,0.005448531,10.747232402,161.10133,57.736107,10346.914112091064,191,0.9947917,21,2.8575342245523063,61,0.3193717277486911,"{""3"":61,""4"":15,""5"":18,""6"":1,""7"":64,""8"":29,""9"":3}","{""11"":2,""14"":62,""15"":13,""16"":1,""17"":13,""18"":1,""19"":3,""23"":1,""3"":61,""4"":3,""5"":12,""6"":5,""7"":1,""8"":12,""9"":1}",83,4.482838138565564,254,0.254,"{""3"":254,""4"":179,""5"":135,""6"":13,""7"":141,""8"":210,""9"":68}","{""11"":14,""12"":1,""14"":132,""15"":96,""16"":11,""17"":70,""18"":42,""19"":31,""20"":19,""23"":7,""3"":254,""4"":86,""5"":113,""6"":51,""7"":19,""8"":46,""9"":8}","{""Diagonal CMA-ES"":{""attempts"":296,""discoveries"":0,""improvements"":0,""insertions"":0,""insertion_rate"":0.0},""Immigrant"":{""attempts"":137,""discoveries"":0,""improvements"":0,""insertions"":0,""insertion_rate"":0.0},""Morphology"":{""attempts"":320,""discoveries"":0,""improvements"":2,""insertions"":2,""insertion_rate"":0.00625},""Novelty"":{""attempts"":247,""discoveries"":0,""improvements"":0,""insertions"":0,""insertion_rate"":0.0}}","{""Morphology"":209,""Novelty"":33}",0,0.9159663865546218,false,87000
39,260,261000,9.048807974000002,0.039800756,0.030679898,0.003325634,0.005795224,10.794257895,161.10133,57.736107,10357.965916633606,191,0.9947917,21,2.8575342245523068,61,0.3193717277486911,"{""3"":61,""4"":15,""5"":18,""6"":1,""7"":64,""8"":29,""9"":3}","{""11"":2,""14"":62,""15"":13,""16"":1,""17"":13,""18"":1,""19"":3,""23"":1,""3"":61,""4"":3,""5"":12,""6"":5,""7"":1,""8"":12,""9"":1}",80,4.184125501573764,269,0.269,"{""3"":269,""4"":157,""5"":127,""6"":12,""7"":163,""8"":227,""9"":45}","{""11"":10,""14"":154,""15"":71,""16"":10,""17"":127,""18"":20,""19"":23,""20"":14,""21"":2,""23"":4,""24"":1,""3"":269,""4"":77,""5"":106,""6"":46,""7"":17,""8"":40,""9"":9}","{""Diagonal CMA-ES"":{""attempts"":301,""discoveries"":0,""improvements"":0,""insertions"":0,""insertion_rate"":0.0},""Immigrant"":{""attempts"":152,""discoveries"":0,""improvements"":0,""insertions"":0,""insertion_rate"":0.0},""Morphology"":{""attempts"":278,""discoveries"":0,""improvements"":1,""insertions"":1,""insertion_rate"":0.0035971223021582736},""Novelty"":{""attempts"":269,""discoveries"":0,""improvements"":1,""insertions"":1,""insertion_rate"":0.0037174721189591076}}","{""Morphology"":181,""Novelty"":29}",0,0.9159663865546218,false,88000
39,261,262000,9.086761287000002,0.037953312999999995,0.029820291,0.002976567,0.005156455,10.839333836,161.10133,57.815105,10378.272633552551,191,0.9947917,22,2.882845569348833,61,0.3193717277486911,"{""3"":61,""4"":15,""5"":18,""6"":1,""7"":64,""8"":28,""9"":4}","{""11"":2,""14"":62,""15"":12,""16"":1,""17"":13,""18"":2,""19"":3,""23"":1,""3"":61,""4"":3,""5"":12,""6"":5,""7"":1,""8"":12,""9"":1}",79,4.330645818347056,284,0.284,"{""3"":284,""4"":188,""5"":143,""6"":11,""7"":123,""8"":205,""9"":46}","{""11"":12,""12"":1,""14"":111,""15"":93,""16"":19,""17"":84,""18"":12,""19"":26,""20"":10,""21"":1,""23"":6,""3"":284,""4"":72,""5"":146,""6"":52,""7"":17,""8"":44,""9"":10}","{""Diagonal CMA-ES"":{""attempts"":315,""discoveries"":0,""improvements"":0,""insertions"":0,""insertion_rate"":0.0},""Immigrant"":{""attempts"":145,""discoveries"":0,""improvements"":0,""insertions"":0,""insertion_rate"":0.0},""Morphology"":{""attempts"":279,""discoveries"":0,""improvements"":4,""insertions"":4,""insertion_rate"":0.014336917562724014},""Novelty"":{""attempts"":261,""discoveries"":0,""improvements"":0,""insertions"":0,""insertion_rate"":0.0}}","{""Morphology"":184,""Novelty"":32}",1,0.9159663865546218,false,89000
39,262,263000,9.121660859000002,0.034899572,0.026641882,0.002925514,0.005332176,10.881027153,161.10133,58.71024,10393.001656532288,191,0.9947917,22,2.8969291082802098,61,0.3193717277486911,"{""3"":61,""4"":15,""5"":18,""6"":1,""7"":64,""8"":27,""9"":5}","{""11"":2,""14"":62,""15"":11,""16"":1,""17"":13,""18"":3,""19"":3,""23"":1,""3"":61,""4"":3,""5"":12,""6"":5,""7"":1,""8"":12,""9"":1}",91,4.4789484113092985,275,0.275,"{""10"":11,""3"":275,""4"":196,""5"":126,""6"":15,""7"":123,""8"":201,""9"":53}","{""11"":10,""12"":3,""14"":113,""15"":93,""16"":10,""17"":74,""18"":22,""19"":35,""20"":11,""21"":6,""23"":7,""24"":5,""25"":1,""3"":275,""4"":81,""5"":138,""6"":51,""7"":13,""8"":40,""9"":12}","{""Diagonal CMA-ES"":{""attempts"":294,""discoveries"":0,""improvements"":0,""insertions"":0,""insertion_rate"":0.0},""Immigrant"":{""attempts"":141,""discoveries"":0,""improvements"":0,""insertions"":0,""insertion_rate"":0.0},""Morphology"":{""attempts"":320,""discoveries"":0,""improvements"":3,""insertions"":3,""insertion_rate"":0.009375},""Novelty"":{""attempts"":245,""discoveries"":0,""improvements"":0,""insertions"":0,""insertion_rate"":0.0}}","{""Morphology"":232,""Novelty"":24}",0,0.9159663865546218,false,90000
39,263,264000,9.162350904000002,0.040690044999999994,0.031345975,0.003522726,0.005821344,10.929574767,161.10133,59.427322,10400.412209510803,191,0.9947917,22,2.8969291082802098,61,0.3193717277486911,"{""3"":61,""4"":15,""5"":18,""6"":1,""7"":64,""8"":27,""9"":5}","{""11"":2,""14"":62,""15"":11,""16"":1,""17"":13,""18"":3,""19"":3,""23"":1,""3"":61,""4"":3,""5"":12,""6"":5,""7"":1,""8"":12,""9"":1}",89,4.48216265614033,272,0.272,"{""10"":10,""3"":272,""4"":187,""5"":135,""6"":17,""7"":135,""8"":198,""9"":46}","{""11"":9,""12"":2,""14"":125,""15"":89,""16"":9,""17"":75,""18"":19,""19"":30,""20"":18,""21"":2,""22"":1,""23"":7,""24"":2,""25"":1,""3"":272,""4"":84,""5"":130,""6"":51,""7"":17,""8"":44,""9"":13}","{""Diagonal CMA-ES"":{""attempts"":284,""discoveries"":0,""improvements"":0,""insertions"":0,""insertion_rate"":0.0},""Immigrant"":{""attempts"":151,""discoveries"":0,""improvements"":0,""insertions"":0,""insertion_rate"":0.0},""Morphology"":{""attempts"":312,""discoveries"":0,""improvements"":3,""insertions"":3,""insertion_rate"":0.009615384615384616},""Novelty"":{""attempts"":253,""discoveries"":0,""improvements"":0,""insertions"":0,""insertion_rate"":0.0}}","{""Morphology"":208,""Novelty"":40}",0,0.9159663865546218,false,91000
39,264,265000,9.203988417000001,0.041637512999999994,0.034038777,0.001754833,0.005843903,10.977523981000001,161.10133,59.427322,10425.811662435532,191,0.9947917,21,2.8663783074235627,61,0.3193717277486911,"{""3"":61,""4"":14,""5"":19,""6"":1,""7"":63,""8"":28,""9"":5}","{""11"":2,""14"":61,""15"":12,""16"":1,""17"":13,""18"":3,""19"":3,""23"":1,""3"":61,""4"":2,""5"":12,""6"":6,""7"":1,""8"":12,""9"":1}",74,4.204957650562928,240,0.24,"{""10"":6,""3"":240,""4"":174,""5"":111,""6"":8,""7"":210,""8"":208,""9"":43}","{""11"":9,""14"":202,""15"":77,""16"":8,""17"":88,""18"":12,""19"":32,""20"":23,""21"":1,""23"":11,""24"":4,""3"":240,""4"":77,""5"":113,""6"":45,""7"":14,""8"":37,""9"":7}","{""Diagonal CMA-ES"":{""attempts"":307,""discoveries"":0,""improvements"":2,""insertions"":2,""insertion_rate"":0.006514657980456026},""Immigrant"":{""attempts"":143,""discoveries"":0,""improvements"":0,""insertions"":0,""insertion_rate"":0.0},""Morphology"":{""attempts"":299,""discoveries"":0,""improvements"":3,""insertions"":3,""insertion_rate"":0.010033444816053512},""Novelty"":{""attempts"":251,""discoveries"":0,""improvements"":0,""insertions"":0,""insertion_rate"":0.0}}","{""Morphology"":191,""Novelty"":31}",0,0.9166666666666666,false,92000
39,265,266000,9.24029613,0.036307713,0.027860055,0.003180784,0.005266874,11.021914849,161.10133,59.905323,10476.557258367538,191,0.9947917,20,2.8368200163833595,61,0.3193717277486911,"{""3"":61,""4"":15,""5"":18,""7"":63,""8"":29,""9"":5}","{""11"":1,""14"":61,""15"":12,""16"":1,""17"":14,""18"":3,""19"":3,""23"":1,""3"":61,""4"":2,""5"":13,""6"":5,""7"":1,""8"":12,""9"":1}",80,4.1083232346598395,266,0.266,"{""10"":4,""3"":266,""4"":161,""5"":110,""6"":7,""7"":215,""8"":193,""9"":44}","{""11"":6,""12"":1,""14"":210,""15"":86,""16"":7,""17"":78,""18"":24,""19"":19,""20"":18,""21"":2,""23"":5,""24"":2,""3"":266,""4"":72,""5"":118,""6"":33,""7"":12,""8"":37,""9"":4}","{""Diagonal CMA-ES"":{""attempts"":305,""discoveries"":0,""improvements"":1,""insertions"":1,""insertion_rate"":0.003278688524590164},""Immigrant"":{""attempts"":162,""discoveries"":0,""improvements"":0,""insertions"":0,""insertion_rate"":0.0},""Morphology"":{""attempts"":289,""discoveries"":0,""improvements"":2,""insertions"":2,""insertion_rate"":0.006920415224913495},""Novelty"":{""attempts"":244,""discoveries"":0,""improvements"":0,""insertions"":0,""insertion_rate"":0.0}}","{""Morphology"":193,""Novelty"":32}",0,0.9166666666666666,false,93000
39,266,267000,9.279415374000001,0.039119244,0.030279777,0.003259145,0.005580322,11.06929297,161.10133,59.905323,10496.97050833702,191,0.9947917,20,2.836820016383359,61,0.3193717277486911,"{""10"":1,""3"":61,""4"":15,""5"":18,""7"":63,""8"":29,""9"":4}","{""11"":1,""14"":61,""15"":12,""17"":14,""18"":4,""19"":3,""23"":1,""3"":61,""4"":2,""5"":13,""6"":5,""7"":1,""8"":12,""9"":1}",84,4.041749631439015,274,0.274,"{""10"":12,""3"":274,""4"":165,""5"":89,""6"":13,""7"":224,""8"":169,""9"":54}","{""10"":1,""11"":9,""14"":220,""15"":74,""16"":7,""17"":79,""18"":31,""19"":16,""20"":10,""21"":7,""23"":9,""24"":1,""3"":274,""4"":80,""5"":98,""6"":37,""7"":10,""8"":31,""9"":6}","{""Diagonal CMA-ES"":{""attempts"":310,""discoveries"":0,""improvements"":0,""insertions"":0,""insertion_rate"":0.0},""Immigrant"":{""attempts"":154,""discoveries"":0,""improvements"":0,""insertions"":0,""insertion_rate"":0.0},""Morphology"":{""attempts"":303,""discoveries"":0,""improvements"":3,""insertions"":3,""insertion_rate"":0.009900990099009901},""Novelty"":{""attempts"":233,""discoveries"":0,""improvements"":0,""insertions"":0,""insertion_rate"":0.0}}","{""Morphology"":200,""Novelty"":22}",1,0.9166666666666666,false,94000
39,267,268000,9.319040410000001,0.039625035999999995,0.033153049,0.003234213,0.003237774,11.116265034,161.10133,59.905323,10519.089980840683,191,0.9947917,21,2.8512435111590846,61,0.3193717277486911,"{""10"":1,""3"":61,""4"":15,""5"":18,""7"":63,""8"":28,""9"":5}","{""11"":1,""14"":61,""15"":12,""16"":1,""17"":14,""18"":4,""19"":2,""23"":1,""3"":61,""4"":2,""5"":13,""6"":5,""7"":1,""8"":12,""9"":1}",95,4.308031523338493,215,0.215,"{""10"":20,""11"":1,""3"":215,""4"":155,""5"":111,""6"":13,""7"":223,""8"":170,""9"":92}","{""11"":7,""12"":1,""14"":219,""15"":77,""16"":5,""17"":78,""18"":73,""19"":25,""20"":13,""21"":4,""23"":5,""24"":2,""26"":1,""3"":215,""4"":71,""5"":116,""6"":32,""7"":17,""8"":34,""9"":5}","{""Diagonal CMA-ES"":{""attempts"":294,""discoveries"":0,""improvements"":0,""insertions"":0,""insertion_rate"":0.0},""Immigrant"":{""attempts"":140,""discoveries"":0,""improvements"":0,""insertions"":0,""insertion_rate"":0.0},""Morphology"":{""attempts"":315,""discoveries"":0,""improvements"":4,""insertions"":4,""insertion_rate"":0.012698412698412698},""Novelty"":{""attempts"":251,""discoveries"":0,""improvements"":0,""insertions"":0,""insertion_rate"":0.0}}","{""Morphology"":215,""Novelty"":42}",1,0.9166666666666666,false,95000
39,268,269000,9.357189628,0.038149218,0.029115033,0.003091736,0.005942449,11.161899007,161.10133,59.905323,10519.839080572128,191,0.9947917,21,2.851243511159084,61,0.3193717277486911,"{""10"":1,""3"":61,""4"":15,""5"":18,""7"":63,""8"":28,""9"":5}","{""11"":1,""14"":61,""15"":12,""16"":1,""17"":14,""18"":4,""19"":2,""23"":1,""3"":61,""4"":2,""5"":13,""6"":5,""7"":1,""8"":12,""9"":1}",78,4.176537775454046,261,0.261,"{""10"":7,""3"":261,""4"":182,""5"":113,""6"":13,""7"":202,""8"":173,""9"":49}","{""10"":1,""11"":8,""12"":3,""14"":198,""15"":83,""16"":8,""17"":63,""18"":31,""19"":18,""20"":14,""21"":3,""23"":5,""24"":2,""3"":261,""4"":82,""5"":129,""6"":39,""7"":12,""8"":34,""9"":6}","{""Diagonal CMA-ES"":{""attempts"":314,""discoveries"":0,""improvements"":0,""insertions"":0,""insertion_rate"":0.0},""Immigrant"":{""attempts"":146,""discoveries"":0,""improvements"":0,""insertions"":0,""insertion_rate"":0.0},""Morphology"":{""attempts"":295,""discoveries"":0,""improvements"":1,""insertions"":1,""insertion_rate"":0.003389830508474576},""Novelty"":{""attempts"":245,""discoveries"":0,""improvements"":0,""insertions"":0,""insertion_rate"":0.0}}","{""Morphology"":196,""Novelty"":30}",0,0.9166666666666666,false,96000
39,269,270000,9.394120675,0.036931046999999995,0.029123345,0.002652434,0.005155268,11.204843741,161.10133,59.905323,10520.36191534996,191,0.9947917,21,2.8512435111590846,61,0.3193717277486911,"{""10"":1,""3"":61,""4"":15,""5"":18,""7"":63,""8"":28,""9"":5}","{""11"":1,""14"":61,""15"":12,""16"":1,""17"":14,""18"":4,""19"":2,""23"":1,""3"":61,""4"":2,""5"":13,""6"":5,""7"":1,""8"":12,""9"":1}",87,4.233557679833938,257,0.257,"{""10"":13,""3"":257,""4"":155,""5"":102,""6"":5,""7"":210,""8"":195,""9"":63}","{""11"":4,""14"":205,""15"":98,""16"":10,""17"":72,""18"":37,""19"":22,""20"":14,""21"":3,""23"":10,""24"":4,""3"":257,""4"":74,""5"":109,""6"":36,""7"":16,""8"":23,""9"":6}","{""Diagonal CMA-ES"":{""attempts"":296,""discoveries"":0,""improvements"":0,""insertions"":0,""insertion_rate"":0.0},""Immigrant"":{""attempts"":151,""discoveries"":0,""improvements"":0,""insertions"":0,""insertion_rate"":0.0},""Morphology"":{""attempts"":318,""discoveries"":0,""improvements"":1,""insertions"":1,""insertion_rate"":0.0031446540880503146},""Novelty"":{""attempts"":235,""discoveries"":0,""improvements"":0,""insertions"":0,""insertion_rate"":0.0}}","{""Morphology"":218,""Novelty"":26}",0,0.9173553719008265,false,97000
39,270,271000,9.435263084,0.041142409,0.031772217,0.003092924,0.006277268,11.253504149,161.10133,59.97208,10547.397666692734,191,0.9947917,21,2.8364033705510394,61,0.3193717277486911,"{""10"":1,""3"":61,""4"":15,""5"":18,""7"":63,""8"":28,""9"":5}","{""11"":1,""14"":61,""15"":13,""16"":1,""17"":14,""18"":4,""19"":1,""23"":1,""3"":61,""4"":2,""5"":13,""6"":5,""7"":1,""8"":12,""9"":1}",81,4.06479910284521,261,0.261,"{""10"":7,""11"":1,""3"":261,""4"":173,""5"":108,""6"":6,""7"":220,""8"":180,""9"":44}","{""11"":4,""12"":2,""14"":215,""15"":88,""16"":6,""17"":75,""18"":25,""19"":14,""20"":15,""21"":3,""23"":1,""24"":3,""27"":2,""3"":261,""4"":77,""5"":117,""6"":40,""7"":8,""8"":40,""9"":4}","{""Diagonal CMA-ES"":{""attempts"":310,""discoveries"":0,""improvements"":0,""insertions"":0,""insertion_rate"":0.0},""Immigrant"":{""attempts"":157,""discoveries"":0,""improvements"":0,""insertions"":0,""insertion_rate"":0.0},""Morphology"":{""attempts"":292,""discoveries"":0,""improvements"":1,""insertions"":1,""insertion_rate"":0.003424657534246575},""Novelty"":{""attempts"":241,""discoveries"":0,""improvements"":0,""insertions"":0,""insertion_rate"":0.0}}","{""Morphology"":202,""Novelty"":28}",0,0.9180327868852459,false,98000
39,271,272000,9.471722772000001,0.036459688000000004,0.028434709,0.002589507,0.005435472,11.296477377,161.10133,59.97208,10548.003173589706,191,0.9947917,21,2.8364033705510394,61,0.3193717277486911,"{""10"":1,""3"":61,""4"":15,""5"":18,""7"":63,""8"":28,""9"":5}","{""11"":1,""14"":61,""15"":13,""16"":1,""17"":14,""18"":4,""19"":1,""23"":1,""3"":61,""4"":2,""5"":13,""6"":5,""7"":1,""8"":12,""9"":1}",91,4.373200261240479,269,0.269,"{""10"":13,""3"":269,""4"":169,""5"":115,""6"":14,""7"":172,""8"":183,""9"":65}","{""11"":11,""12"":2,""14"":162,""15"":92,""16"":16,""17"":61,""18"":31,""19"":24,""20"":26,""21"":1,""23"":7,""24"":1,""25"":1,""29"":1,""3"":269,""4"":74,""5"":118,""6"":46,""7"":13,""8"":34,""9"":10}","{""Diagonal CMA-ES"":{""attempts"":296,""discoveries"":0,""improvements"":0,""insertions"":0,""insertion_rate"":0.0},""Immigrant"":{""attempts"":146,""discoveries"":0,""improvements"":0,""insertions"":0,""insertion_rate"":0.0},""Morphology"":{""attempts"":318,""discoveries"":0,""improvements"":0,""insertions"":0,""insertion_rate"":0.0},""Novelty"":{""attempts"":240,""discoveries"":0,""improvements"":1,""insertions"":1,""insertion_rate"":0.004166666666666667}}","{""Morphology"":221,""Novelty"":25}",0,0.9180327868852459,false,99000
39,272,273000,9.513166755000002,0.041443983000000004,0.029866596,0.005222944,0.006354443,11.346217043,161.10133,59.97208,10554.39078116417,191,0.9947917,21,2.8472912205718406,61,0.3193717277486911,"{""10"":1,""3"":61,""4"":15,""5"":18,""7"":63,""8"":27,""9"":6}","{""11"":1,""14"":61,""15"":12,""16"":1,""17"":14,""18"":5,""19"":1,""23"":1,""3"":61,""4"":2,""5"":13,""6"":5,""7"":1,""8"":12,""9"":1}",90,4.377338184004249,257,0.257,"{""10"":9,""11"":2,""3"":257,""4"":177,""5"":117,""6"":13,""7"":186,""8"":181,""9"":58}","{""11"":10,""12"":1,""14"":176,""15"":93,""16"":13,""17"":62,""18"":26,""19"":26,""20"":17,""21"":3,""23"":9,""24"":1,""3"":257,""4"":89,""5"":104,""6"":47,""7"":14,""8"":42,""9"":10}","{""Diagonal CMA-ES"":{""attempts"":296,""discoveries"":0,""improvements"":0,""insertions"":0,""insertion_rate"":0.0},""Immigrant"":{""attempts"":124,""discoveries"":0,""improvements"":0,""insertions"":0,""insertion_rate"":0.0},""Morphology"":{""attempts"":330,""discoveries"":0,""improvements"":2,""insertions"":2,""insertion_rate"":0.006060606060606061},""Novelty"":{""attempts"":250,""discoveries"":0,""improvements"":0,""insertions"":0,""insertion_rate"":0.0}}","{""Morphology"":221,""Novelty"":35}",0,0.9180327868852459,false,100000
39,273,274000,9.555700682000001,0.04253392699999999,0.033077062,0.003798181,0.005658684,11.397146387,161.10133,59.97208,10558.463121175766,191,0.9947917,21,2.847291220571841,61,0.3193717277486911,"{""10"":1,""3"":61,""4"":15,""5"":18,""7"":63,""8"":27,""9"":6}","{""11"":1,""14"":61,""15"":12,""16"":1,""17"":14,""18"":5,""19"":1,""23"":1,""3"":61,""4"":2,""5"":13,""6"":5,""7"":1,""8"":12,""9"":1}",87,4.314173601224305,257,0.257,"{""10"":15,""3"":257,""4"":185,""5"":122,""6"":5,""7"":193,""8"":166,""9"":57}","{""10"":1,""11"":4,""12"":1,""14"":185,""15"":84,""16"":11,""17"":58,""18"":31,""19"":21,""20"":20,""21"":4,""23"":6,""24"":1,""27"":1,""3"":257,""4"":86,""5"":125,""6"":47,""7"":13,""8"":37,""9"":7}","{""Diagonal CMA-ES"":{""attempts"":287,""discoveries"":0,""improvements"":0,""insertions"":0,""insertion_rate"":0.0},""Immigrant"":{""attempts"":157,""discoveries"":0,""improvements"":0,""insertions"":0,""insertion_rate"":0.0},""Morphology"":{""attempts"":313,""discoveries"":0,""improvements"":3,""insertions"":3,""insertion_rate"":0.009584664536741214},""Novelty"":{""attempts"":243,""discoveries"":0,""improvements"":0,""insertions"":0,""insertion_rate"":0.0}}","{""Morphology"":197,""Novelty"":27}",0,0.9180327868852459,false,101000
39,274,275000,9.599825594,0.044124912,0.036014448,0.003174847,0.004935617,11.448777426,161.10133,59.97208,10572.760148763657,191,0.9947917,21,2.8472912205718406,61,0.3193717277486911,"{""10"":1,""3"":61,""4"":15,""5"":18,""7"":63,""8"":27,""9"":6}","{""11"":1,""14"":61,""15"":12,""16"":1,""17"":14,""18"":5,""19"":1,""23"":1,""3"":61,""4"":2,""5"":13,""6"":5,""7"":1,""8"":12,""9"":1}",84,4.406905366823394,274,0.274,"{""10"":10,""3"":274,""4"":197,""5"":130,""6"":10,""7"":117,""8"":201,""9"":61}","{""10"":2,""11"":10,""14"":107,""15"":95,""16"":11,""17"":88,""18"":33,""19"":18,""20"":13,""21"":2,""23"":9,""29"":1,""3"":274,""4"":82,""5"":142,""6"":47,""7"":17,""8"":40,""9"":9}","{""Diagonal CMA-ES"":{""attempts"":289,""discoveries"":0,""improvements"":0,""insertions"":0,""insertion_rate"":0.0},""Immigrant"":{""attempts"":164,""discoveries"":0,""improvements"":0,""insertions"":0,""insertion_rate"":0.0},""Morphology"":{""attempts"":278,""discoveries"":0,""improvements"":3,""insertions"":3,""insertion_rate"":0.01079136690647482},""Novelty"":{""attempts"":269,""discoveries"":0,""improvements"":0,""insertions"":0,""insertion_rate"":0.0}}","{""Morphology"":190,""Novelty"":27}",0,0.9180327868852459,false,102000
39,275,276000,9.636157051,0.036331457,0.029163712,0.003464549,0.003703196,11.492554458,161.10133,59.97208,10572.760148763657,191,0.9947917,21,2.8472912205718406,61,0.3193717277486911,"{""10"":1,""3"":61,""4"":15,""5"":18,""7"":63,""8"":27,""9"":6}","{""11"":1,""14"":61,""15"":12,""16"":1,""17"":14,""18"":5,""19"":1,""23"":1,""3"":61,""4"":2,""5"":13,""6"":5,""7"":1,""8"":12,""9"":1}",85,4.308525022320685,260,0.26,"{""10"":9,""3"":260,""4"":188,""5"":115,""6"":7,""7"":172,""8"":191,""9"":58}","{""11"":6,""14"":164,""15"":91,""16"":17,""17"":75,""18"":26,""19"":23,""20"":15,""21"":2,""23"":8,""3"":260,""4"":91,""5"":115,""6"":40,""7"":14,""8"":44,""9"":9}","{""Diagonal CMA-ES"":{""attempts"":308,""discoveries"":0,""improvements"":0,""insertions"":0,""insertion_rate"":0.0},""Immigrant"":{""attempts"":145,""discoveries"":0,""improvements"":0,""insertions"":0,""insertion_rate"":0.0},""Morphology"":{""attempts"":306,""discoveries"":0,""improvements"":0,""insertions"":0,""insertion_rate"":0.0},""Novelty"":{""attempts"":241,""discoveries"":0,""improvements"":0,""insertions"":0,""insertion_rate"":0.0}}","{""Morphology"":222,""Novelty"":24}",0,0.9180327868852459,false,103000
39,276,277000,9.677311333999999,0.041154283,0.032589081,0.003164162,0.00540104,11.540948910000001,161.10133,59.97208,10572.760148763657,191,0.9947917,21,2.847291220571841,61,0.3193717277486911,"{""10"":1,""3"":61,""4"":15,""5"":18,""7"":63,""8"":27,""9"":6}","{""11"":1,""14"":61,""15"":12,""16"":1,""17"":14,""18"":5,""19"":1,""23"":1,""3"":61,""4"":2,""5"":13,""6"":5,""7"":1,""8"":12,""9"":1}",82,4.289800060557513,279,0.279,"{""10"":10,""11"":1,""3"":279,""4"":172,""5"":124,""6"":10,""7"":176,""8"":161,""9"":67}","{""10"":1,""11"":7,""12"":3,""14"":166,""15"":90,""16"":16,""17"":50,""18"":33,""19"":18,""20"":19,""23"":9,""25"":2,""29"":1,""3"":279,""4"":72,""5"":125,""6"":48,""7"":14,""8"":37,""9"":10}","{""Diagonal CMA-ES"":{""attempts"":294,""discoveries"":0,""improvements"":0,""insertions"":0,""insertion_rate"":0.0},""Immigrant"":{""attempts"":149,""discoveries"":0,""improvements"":0,""insertions"":0,""insertion_rate"":0.0},""Morphology"":{""attempts"":277,""discoveries"":0,""improvements"":0,""insertions"":0,""insertion_rate"":0.0},""Novelty"":{""attempts"":280,""discoveries"":0,""improvements"":0,""insertions"":0,""insertion_rate"":0.0}}","{""Morphology"":193,""Novelty"":28}",0,0.9180327868852459,false,104000
39,277,278000,9.716441263999998,0.03912993000000001,0.032391989,0.002355608,0.004382333,11.585437137,161.10133,59.97208,10589.03647017479,191,0.9947917,21,2.8580825914069385,61,0.3193717277486911,"{""10"":1,""3"":61,""4"":15,""5"":18,""6"":1,""7"":62,""8"":27,""9"":6}","{""11"":1,""14"":60,""15"":11,""16"":1,""17"":15,""18"":5,""19"":1,""23"":1,""3"":61,""4"":2,""5"":13,""6"":5,""7"":1,""8"":13,""9"":1}",81,4.455486387715868,249,0.249,"{""10"":9,""3"":249,""4"":201,""5"":124,""6"":14,""7"":163,""8"":183,""9"":57}","{""11"":14,""12"":1,""14"":153,""15"":104,""16"":8,""17"":55,""18"":28,""19"":20,""20"":21,""21"":2,""23"":7,""24"":4,""3"":249,""4"":79,""5"":138,""6"":55,""7"":14,""8"":41,""9"":7}","{""Diagonal CMA-ES"":{""attempts"":286,""discoveries"":0,""improvements"":0,""insertions"":0,""insertion_rate"":0.0},""Immigrant"":{""attempts"":146,""discoveries"":0,""improvements"":0,""insertions"":0,""insertion_rate"":0.0},""Morphology"":{""attempts"":301,""discoveries"":0,""improvements"":5,""insertions"":5,""insertion_rate"":0.016611295681063124},""Novelty"":{""attempts"":267,""discoveries"":0,""improvements"":0,""insertions"":0,""insertion_rate"":0.0}}","{""Morphology"":212,""Novelty"":39}",1,0.9180327868852459,false,105000
39,278,279000,9.751716022999998,0.035274758999999996,0.028475078,0.002945697,0.003853984,11.628209712,161.10133,59.97208,10591.009761571884,191,0.9947917,21,2.858082591406938,61,0.3193717277486911,"{""10"":1,""3"":61,""4"":15,""5"":18,""6"":1,""7"":62,""8"":27,""9"":6}","{""11"":1,""14"":60,""15"":11,""16"":1,""17"":15,""18"":5,""19"":1,""23"":1,""3"":61,""4"":2,""5"":13,""6"":5,""7"":1,""8"":13,""9"":1}",87,4.360329403018391,220,0.22,"{""10"":6,""11"":1,""3"":220,""4"":179,""5"":120,""6"":10,""7"":206,""8"":194,""9"":64}","{""11"":5,""12"":1,""14"":198,""15"":75,""16"":11,""17"":93,""18"":32,""19"":18,""20"":22,""21"":2,""23"":9,""24"":2,""3"":220,""4"":95,""5"":104,""6"":48,""7"":17,""8"":39,""9"":9}","{""Diagonal CMA-ES"":{""attempts"":288,""discoveries"":0,""improvements"":0,""insertions"":0,""insertion_rate"":0.0},""Immigrant"":{""attempts"":148,""discoveries"":0,""improvements"":0,""insertions"":0,""insertion_rate"":0.0},""Morphology"":{""attempts"":312,""discoveries"":0,""improvements"":2,""insertions"":2,""insertion_rate"":0.00641025641025641},""Novelty"":{""attempts"":252,""discoveries"":0,""improvements"":0,""insertions"":0,""insertion_rate"":0.0}}","{""Morphology"":216,""Novelty"":22}",0,0.9180327868852459,false,106000
39,279,280000,9.791640258,0.039924235,0.031288984,0.003212841,0.00542241,11.676009325,161.10133,59.97208,10601.09486746788,191,0.9947917,21,2.8580825914069385,61,0.3193717277486911,"{""10"":1,""3"":61,""4"":15,""5"":18,""6"":1,""7"":62,""8"":27,""9"":6}","{""11"":1,""14"":60,""15"":11,""16"":1,""17"":15,""18"":5,""19"":1,""23"":1,""3"":61,""4"":2,""5"":13,""6"":5,""7"":1,""8"":13,""9"":1}",92,4.354322914285291,223,0.223,"{""10"":7,""11"":2,""3"":223,""4"":187,""5"":118,""6"":10,""7"":174,""8"":231,""9"":48}","{""10"":2,""11"":6,""12"":1,""14"":167,""15"":78,""16"":9,""17"":125,""18"":27,""19"":17,""20"":19,""21"":4,""23"":6,""24"":1,""3"":223,""4"":86,""5"":120,""6"":46,""7"":16,""8"":43,""9"":4}","{""Diagonal CMA-ES"":{""attempts"":295,""discoveries"":0,""improvements"":0,""insertions"":0,""insertion_rate"":0.0},""Immigrant"":{""attempts"":150,""discoveries"":0,""improvements"":0,""insertions"":0,""insertion_rate"":0.0},""Morphology"":{""attempts"":301,""discoveries"":0,""improvements"":2,""insertions"":2,""insertion_rate"":0.006644518272425249},""Novelty"":{""attempts"":254,""discoveries"":0,""improvements"":0,""insertions"":0,""insertion_rate"":0.0}}","{""Morphology"":208,""Novelty"":28}",0,0.9180327868852459,false,107000
39,280,281000,9.8312273,0.039587042,0.030980286,0.00324371,0.005363046,11.723111992,161.10133,59.97208,10601.09486746788,191,0.9947917,21,2.8580825914069385,61,0.3193717277486911,"{""10"":1,""3"":61,""4"":15,""5"":18,""6"":1,""7"":62,""8"":27,""9"":6}","{""11"":1,""14"":60,""15"":11,""16"":1,""17"":15,""18"":5,""19"":1,""23"":1,""3"":61,""4"":2,""5"":13,""6"":5,""7"":1,""8"":13,""9"":1}",95,4.36781197421452,275,0.275,"{""10"":13,""11"":1,""3"":275,""4"":181,""5"":118,""6"":23,""7"":154,""8"":182,""9"":53}","{""10"":1,""11"":11,""12"":3,""14"":145,""15"":86,""16"":8,""17"":77,""18"":33,""19"":16,""20"":11,""21"":3,""22"":1,""23"":8,""24"":2,""27"":2,""3"":275,""4"":80,""5"":123,""6"":49,""7"":13,""8"":42,""9"":11}","{""Diagonal CMA-ES"":{""attempts"":327,""discoveries"":0,""improvements"":0,""insertions"":0,""insertion_rate"":0.0},""Immigrant"":{""attempts"":154,""discoveries"":0,""improvements"":0,""insertions"":0,""insertion_rate"":0.0},""Morphology"":{""attempts"":289,""discoveries"":0,""improvements"":0,""insertions"":0,""insertion_rate"":0.0},""Novelty"":{""attempts"":230,""discoveries"":0,""improvements"":0,""insertions"":0,""insertion_rate"":0.0}}","{""Morphology"":183,""Novelty"":24}",0,0.9186991869918699,false,108000
39,281,282000,9.873452529,0.042225228999999996,0.032942897,0.003443178,0.005839154,11.774184999,161.10133,59.97208,10601.09486746788,191,0.9947917,21,2.8580825914069385,61,0.3193717277486911,"{""10"":1,""3"":61,""4"":15,""5"":18,""6"":1,""7"":62,""8"":27,""9"":6}","{""11"":1,""14"":60,""15"":11,""16"":1,""17"":15,""18"":5,""19"":1,""23"":1,""3"":61,""4"":2,""5"":13,""6"":5,""7"":1,""8"":13,""9"":1}",81,4.396287285622733,270,0.27,"{""10"":14,""3"":270,""4"":190,""5"":132,""6"":13,""7"":138,""8"":182,""9"":61}","{""11"":10,""14"":127,""15"":87,""16"":9,""17"":74,""18"":35,""19"":18,""20"":23,""21"":4,""23"":5,""24"":1,""27"":1,""3"":270,""4"":82,""5"":134,""6"":53,""7"":12,""8"":48,""9"":7}","{""Diagonal CMA-ES"":{""attempts"":301,""discoveries"":0,""improvements"":0,""insertions"":0,""insertion_rate"":0.0},""Immigrant"":{""attempts"":142,""discoveries"":0,""improvements"":0,""insertions"":0,""insertion_rate"":0.0},""Morphology"":{""attempts"":275,""discoveries"":0,""improvements"":0,""insertions"":0,""insertion_rate"":0.0},""Novelty"":{""attempts"":282,""discoveries"":0,""improvements"":0,""insertions"":0,""insertion_rate"":0.0}}","{""Morphology"":195,""Novelty"":29}",0,0.9186991869918699,false,109000
39,282,283000,9.913597603,0.040145074,0.029782297,0.003475234,0.006887543,11.823043686,161.10133,59.97208,10601.365916967392,191,0.9947917,21,2.858082591406938,61,0.3193717277486911,"{""10"":1,""3"":61,""4"":15,""5"":18,""6"":1,""7"":62,""8"":27,""9"":6}","{""11"":1,""14"":60,""15"":11,""16"":1,""17"":15,""18"":5,""19"":1,""23"":1,""3"":61,""4"":2,""5"":13,""6"":5,""7"":1,""8"":13,""9"":1}",82,4.343375390862407,282,0.282,"{""10"":8,""11"":1,""3"":282,""4"":174,""5"":127,""6"":15,""7"":137,""8"":196,""9"":60}","{""11"":8,""12"":1,""13"":1,""14"":126,""15"":90,""16"":12,""17"":81,""18"":31,""19"":17,""20"":23,""21"":1,""23"":7,""24"":3,""3"":282,""4"":76,""5"":125,""6"":47,""7"":12,""8"":49,""9"":8}","{""Diagonal CMA-ES"":{""attempts"":317,""discoveries"":0,""improvements"":0,""insertions"":0,""insertion_rate"":0.0},""Immigrant"":{""attempts"":145,""discoveries"":0,""improvements"":0,""insertions"":0,""insertion_rate"":0.0},""Morphology"":{""attempts"":293,""discoveries"":0,""improvements"":1,""insertions"":1,""insertion_rate"":0.0034129692832764505},""Novelty"":{""attempts"":245,""discoveries"":0,""improvements"":0,""insertions"":0,""insertion_rate"":0.0}}","{""Morphology"":193,""Novelty"":35}",0,0.9186991869918699,false,110000
39,283,284000,9.953504029,0.039906425999999995,0.032976141,0.00335413,0.003576155,11.871026145,161.10133,59.97208,10603.057037115097,191,0.9947917,21,2.858082591406938,61,0.3193717277486911,"{""10"":1,""3"":61,""4"":15,""5"":18,""6"":1,""7"":62,""8"":27,""9"":6}","{""11"":1,""14"":60,""15"":11,""16"":1,""17"":15,""18"":5,""19"":1,""23"":1,""3"":61,""4"":2,""5"":13,""6"":5,""7"":1,""8"":13,""9"":1}",86,4.413961654309967,260,0.26,"{""10"":9,""11"":2,""3"":260,""4"":187,""5"":139,""6"":9,""7"":139,""8"":203,""9"":52}","{""10"":1,""11"":5,""12"":1,""14"":130,""15"":92,""16"":13,""17"":84,""18"":31,""19"":20,""20"":14,""21"":3,""23"":7,""24"":1,""3"":260,""4"":88,""5"":125,""6"":47,""7"":22,""8"":50,""9"":6}","{""Diagonal CMA-ES"":{""attempts"":297,""discoveries"":0,""improvements"":0,""insertions"":0,""insertion_rate"":0.0},""Immigrant"":{""attempts"":140,""discoveries"":0,""improvements"":0,""insertions"":0,""insertion_rate"":0.0},""Morphology"":{""attempts"":315,""discoveries"":0,""improvements"":1,""insertions"":1,""insertion_rate"":0.0031746031746031746},""Novelty"":{""attempts"":248,""discoveries"":0,""improvements"":1,""insertions"":1,""insertion_rate"":0.004032258064516129}}","{""Morphology"":227,""Novelty"":32}",0,0.9186991869918699,false,111000
39,284,285000,9.991259062,0.037755033,0.029445103,0.003052554,0.005257376,11.915762518,161.10133,59.97208,10604.036514043808,191,0.9947917,21,2.8580825914069385,61,0.3193717277486911,"{""10"":1,""3"":61,""4"":15,""5"":18,""6"":1,""7"":62,""8"":27,""9"":6}","{""11"":1,""14"":60,""15"":11,""16"":1,""17"":15,""18"":5,""19"":1,""23"":1,""3"":61,""4"":2,""5"":13,""6"":5,""7"":1,""8"":13,""9"":1}",87,4.3427695229207215,247,0.247,"{""10"":7,""3"":247,""4"":188,""5"":134,""6"":11,""7"":185,""8"":172,""9"":56}","{""11"":6,""14"":174,""15"":76,""16"":12,""17"":70,""18"":32,""19"":23,""20"":11,""21"":2,""23"":7,""24"":2,""3"":247,""4"":93,""5"":113,""6"":50,""7"":22,""8"":49,""9"":11}","{""Diagonal CMA-ES"":{""attempts"":306,""discoveries"":0,""improvements"":0,""insertions"":0,""insertion_rate"":0.0},""Immigrant"":{""attempts"":163,""discoveries"":0,""improvements"":0,""insertions"":0,""insertion_rate"":0.0},""Morphology"":{""attempts"":282,""discoveries"":0,""improvements"":1,""insertions"":1,""insertion_rate"":0.0035460992907801418},""Novelty"":{""attempts"":249,""discoveries"":0,""improvements"":0,""insertions"":0,""insertion_rate"":0.0}}","{""Morphology"":195,""Novelty"":27}",0,0.9186991869918699,false,112000
39,285,286000,10.030190712,0.03893165,0.029391675,0.003078675,0.0064613,11.961681444,161.10133,59.97208,10604.036514043808,191,0.9947917,21,2.858082591406938,61,0.3193717277486911,"{""10"":1,""3"":61,""4"":15,""5"":18,""6"":1,""7"":62,""8"":27,""9"":6}","{""11"":1,""14"":60,""15"":11,""16"":1,""17"":15,""18"":5,""19"":1,""23"":1,""3"":61,""4"":2,""5"":13,""6"":5,""7"":1,""8"":13,""9"":1}",90,4.495080316903176,271,0.271,"{""10"":9,""11"":1,""3"":271,""4"":180,""5"":143,""6"":19,""7"":122,""8"":195,""9"":60}","{""11"":16,""12"":1,""14"":110,""15"":89,""16"":11,""17"":78,""18"":33,""19"":24,""20"":18,""21"":2,""23"":9,""24"":1,""3"":271,""4"":76,""5"":131,""6"":56,""7"":16,""8"":48,""9"":10}","{""Diagonal CMA-ES"":{""attempts"":296,""discoveries"":0,""improvements"":0,""insertions"":0,""insertion_rate"":0.0},""Immigrant"":{""attempts"":156,""discoveries"":0,""improvements"":0,""insertions"":0,""insertion_rate"":0.0},""Morphology"":{""attempts"":295,""discoveries"":0,""improvements"":0,""insertions"":0,""insertion_rate"":0.0},""Novelty"":{""attempts"":253,""discoveries"":0,""improvements"":0,""insertions"":0,""insertion_rate"":0.0}}","{""Morphology"":207,""Novelty"":34}",0,0.9186991869918699,false,113000
39,286,287000,10.068741238,0.038550525999999995,0.031772216,0.002236878,0.004541432,12.007380719,161.10133,60.074158,10625.259853124619,191,0.9947917,21,2.8516698878378293,61,0.3193717277486911,"{""10"":1,""3"":61,""4"":15,""5"":17,""6"":1,""7"":62,""8"":28,""9"":6}","{""11"":1,""14"":60,""15"":12,""16"":1,""17"":15,""18"":5,""19"":1,""23"":1,""3"":61,""4"":2,""5"":13,""6"":4,""7"":1,""8"":13,""9"":1}",84,4.399021152591912,283,0.283,"{""10"":9,""3"":283,""4"":180,""5"":122,""6"":15,""7"":131,""8"":200,""9"":60}","{""11"":8,""12"":1,""14"":120,""15"":94,""16"":14,""17"":74,""18"":32,""19"":25,""20"":17,""21"":1,""23"":8,""24"":4,""3"":283,""4"":79,""5"":121,""6"":50,""7"":15,""8"":45,""9"":9}","{""Diagonal CMA-ES"":{""attempts"":297,""discoveries"":0,""improvements"":0,""insertions"":0,""insertion_rate"":0.0},""Immigrant"":{""attempts"":138,""discoveries"":0,""improvements"":0,""insertions"":0,""insertion_rate"":0.0},""Morphology"":{""attempts"":304,""discoveries"":0,""improvements"":4,""insertions"":4,""insertion_rate"":0.013157894736842105},""Novelty"":{""attempts"":261,""discoveries"":0,""improvements"":0,""insertions"":0,""insertion_rate"":0.0}}","{""Morphology"":205,""Novelty"":26}",0,0.9186991869918699,false,114000
39,287,288000,10.109300680999999,0.040559442999999994,0.030425815,0.004605547,0.005528081,12.054584307,161.10133,60.980904,10654.701427221298,191,0.9947917,22,2.876981232634356,61,0.3193717277486911,"{""10"":2,""3"":61,""4"":15,""5"":17,""6"":1,""7"":62,""8"":27,""9"":6}","{""11"":1,""14"":60,""15"":11,""16"":1,""17"":15,""18"":5,""19"":1,""21"":1,""23"":1,""3"":61,""4"":2,""5"":13,""6"":4,""7"":1,""8"":13,""9"":1}",91,4.3375187204243835,267,0.267,"{""10"":11,""11"":2,""3"":267,""4"":171,""5"":105,""6"":12,""7"":101,""8"":265,""9"":66}","{""10"":1,""11"":8,""12"":1,""13"":1,""14"":91,""15"":86,""16"":11,""17"":155,""18"":36,""19"":23,""20"":17,""21"":4,""23"":9,""24"":2,""3"":267,""4"":86,""5"":98,""6"":45,""7"":13,""8"":39,""9"":7}","{""Diagonal CMA-ES"":{""attempts"":305,""discoveries"":0,""improvements"":1,""insertions"":1,""insertion_rate"":0.003278688524590164},""Immigrant"":{""attempts"":132,""discoveries"":0,""improvements"":0,""insertions"":0,""insertion_rate"":0.0},""Morphology"":{""attempts"":297,""discoveries"":0,""improvements"":1,""insertions"":1,""insertion_rate"":0.003367003367003367},""Novelty"":{""attempts"":266,""discoveries"":0,""improvements"":0,""insertions"":0,""insertion_rate"":0.0}}","{""Morphology"":204,""Novelty"":29}",1,0.9186991869918699,false,115000
39,288,289000,10.149572796,0.040272115,0.030955352,0.003719819,0.005596944,12.104308538,161.10133,60.980904,10660.999194860458,191,0.9947917,22,2.876981232634356,61,0.3193717277486911,"{""10"":2,""3"":61,""4"":15,""5"":17,""6"":1,""7"":62,""8"":27,""9"":6}","{""11"":1,""14"":60,""15"":11,""16"":1,""17"":15,""18"":5,""19"":1,""21"":1,""23"":1,""3"":61,""4"":2,""5"":13,""6"":4,""7"":1,""8"":13,""9"":1}",93,4.238693122495259,263,0.263,"{""10"":11,""11"":1,""3"":263,""4"":168,""5"":104,""6"":15,""7"":195,""8"":183,""9"":60}","{""11"":3,""12"":1,""13"":1,""14"":191,""15"":94,""16"":17,""17"":73,""18"":29,""19"":12,""20"":17,""21"":5,""23"":3,""24"":3,""26"":1,""3"":263,""4"":84,""5"":101,""6"":34,""7"":20,""8"":37,""9"":11}","{""Diagonal CMA-ES"":{""attempts"":311,""discoveries"":0,""improvements"":0,""insertions"":0,""insertion_rate"":0.0},""Immigrant"":{""attempts"":144,""discoveries"":0,""improvements"":0,""insertions"":0,""insertion_rate"":0.0},""Morphology"":{""attempts"":290,""discoveries"":0,""improvements"":1,""insertions"":1,""insertion_rate"":0.0034482758620689655},""Novelty"":{""attempts"":255,""discoveries"":0,""improvements"":0,""insertions"":0,""insertion_rate"":0.0}}","{""Morphology"":209,""Novelty"":27}",0,0.9186991869918699,false,116000
39,289,290000,10.188201686,0.03862889,0.032902529,0.001851005,0.003875356,12.148642416,161.10133,60.980904,10665.730746984482,191,0.9947917,22,2.866189861799259,61,0.3193717277486911,"{""10"":2,""3"":61,""4"":15,""5"":17,""6"":1,""7"":63,""8"":26,""9"":6}","{""11"":1,""14"":61,""15"":11,""16"":1,""17"":14,""18"":5,""19"":1,""21"":1,""23"":1,""3"":61,""4"":2,""5"":13,""6"":4,""7"":1,""8"":13,""9"":1}",81,4.0926252307617474,240,0.24,"{""10"":7,""3"":240,""4"":157,""5"":106,""6"":17,""7"":240,""8"":191,""9"":42}","{""11"":10,""12"":1,""14"":236,""15"":95,""16"":10,""17"":80,""18"":14,""19"":14,""20"":19,""21"":5,""23"":2,""27"":1,""3"":240,""4"":66,""5"":118,""6"":37,""7"":6,""8"":38,""9"":8}","{""Diagonal CMA-ES"":{""attempts"":328,""discoveries"":0,""improvements"":0,""insertions"":0,""insertion_rate"":0.0},""Immigrant"":{""attempts"":143,""discoveries"":0,""improvements"":0,""insertions"":0,""insertion_rate"":0.0},""Morphology"":{""attempts"":294,""discoveries"":0,""improvements"":5,""insertions"":5,""insertion_rate"":0.017006802721088437},""Novelty"":{""attempts"":235,""discoveries"":0,""improvements"":0,""insertions"":0,""insertion_rate"":0.0}}","{""Morphology"":203,""Novelty"":28}",0,0.9186991869918699,false,117000
39,290,291000,10.225302517,0.037100831,0.030432939,0.003216403,0.003451489,12.193719544,161.10133,60.980904,10668.509071111679,191,0.9947917,23,2.890744604919117,61,0.3193717277486911,"{""10"":2,""3"":61,""4"":15,""5"":17,""6"":1,""7"":63,""8"":25,""9"":7}","{""11"":1,""14"":61,""15"":10,""16"":1,""17"":15,""18"":5,""19"":1,""21"":1,""23"":1,""3"":61,""4"":2,""5"":13,""6"":4,""7"":1,""8"":13,""9"":1}",85,3.9314116103091106,211,0.211,"{""10"":5,""11"":1,""3"":211,""4"":162,""5"":81,""6"":10,""7"":310,""8"":178,""9"":42}","{""11"":8,""13"":1,""14"":304,""15"":87,""16"":8,""17"":65,""18"":22,""19"":18,""20"":18,""21"":3,""23"":1,""24"":4,""3"":211,""4"":85,""5"":94,""6"":29,""7"":13,""8"":23,""9"":6}","{""Diagonal CMA-ES"":{""attempts"":307,""discoveries"":0,""improvements"":0,""insertions"":0,""insertion_rate"":0.0},""Immigrant"":{""attempts"":151,""discoveries"":0,""improvements"":0,""insertions"":0,""insertion_rate"":0.0},""Morphology"":{""attempts"":291,""discoveries"":0,""improvements"":3,""insertions"":3,""insertion_rate"":0.010309278350515464},""Novelty"":{""attempts"":251,""discoveries"":0,""improvements"":0,""insertions"":0,""insertion_rate"":0.0}}","{""Morphology"":192,""Novelty"":30}",1,0.9193548387096774,false,118000
39,291,292000,10.260091669,0.034789152,0.02757154,0.003250834,0.003966778,12.23547935,161.10133,60.980904,10675.355071783066,191,0.9947917,23,2.8907446049191163,61,0.3193717277486911,"{""10"":2,""3"":61,""4"":15,""5"":17,""6"":1,""7"":63,""8"":25,""9"":7}","{""11"":1,""14"":61,""15"":10,""16"":1,""17"":15,""18"":5,""19"":1,""21"":1,""23"":1,""3"":61,""4"":2,""5"":13,""6"":4,""7"":1,""8"":13,""9"":1}",85,4.178254253417114,270,0.27,"{""10"":14,""11"":1,""3"":270,""4"":152,""5"":92,""6"":12,""7"":198,""8"":206,""9"":55}","{""11"":8,""12"":2,""14"":193,""15"":108,""16"":13,""17"":78,""18"":29,""19"":23,""20"":10,""21"":6,""23"":4,""24"":2,""25"":2,""3"":270,""4"":79,""5"":93,""6"":32,""7"":6,""8"":39,""9"":3}","{""Diagonal CMA-ES"":{""attempts"":289,""discoveries"":0,""improvements"":0,""insertions"":0,""insertion_rate"":0.0},""Immigrant"":{""attempts"":124,""discoveries"":0,""improvements"":0,""insertions"":0,""insertion_rate"":0.0},""Morphology"":{""attempts"":312,""discoveries"":0,""improvements"":2,""insertions"":2,""insertion_rate"":0.00641025641025641},""Novelty"":{""attempts"":275,""discoveries"":0,""improvements"":0,""insertions"":0,""insertion_rate"":0.0}}","{""Morphology"":211,""Novelty"":35}",0,0.9193548387096774,false,119000
39,292,293000,10.299322519999999,0.039230851000000004,0.032009677,0.00196736,0.005253814,12.281874385,161.10133,61.1645,10693.49669623375,191,0.9947917,23,2.893400608254611,61,0.3193717277486911,"{""10"":2,""3"":61,""4"":15,""5"":17,""6"":1,""7"":63,""8"":25,""9"":7}","{""11"":1,""14"":61,""15"":11,""16"":1,""17"":14,""18"":5,""19"":1,""21"":1,""23"":1,""3"":61,""4"":2,""5"":13,""6"":4,""7"":1,""8"":13,""9"":1}",81,3.8858250037099773,262,0.262,"{""10"":9,""11"":1,""3"":262,""4"":139,""5"":77,""6"":5,""7"":276,""8"":182,""9"":49}","{""11"":3,""14"":272,""15"":95,""16"":8,""17"":61,""18"":23,""19"":20,""20"":21,""21"":5,""23"":5,""24"":2,""3"":262,""4"":73,""5"":82,""6"":26,""7"":11,""8"":25,""9"":6}","{""Diagonal CMA-ES"":{""attempts"":297,""discoveries"":0,""improvements"":0,""insertions"":0,""insertion_rate"":0.0},""Immigrant"":{""attempts"":151,""discoveries"":0,""improvements"":0,""insertions"":0,""insertion_rate"":0.0},""Morphology"":{""attempts"":291,""discoveries"":0,""improvements"":2,""insertions"":2,""insertion_rate"":0.006872852233676976},""Novelty"":{""attempts"":261,""discoveries"":0,""improvements"":0,""insertions"":0,""insertion_rate"":0.0}}","{""Morphology"":194,""Novelty"":20}",0,0.9193548387096774,false,120000
39,293,294000,10.339513898999998,0.040191379,0.031201124,0.003342257,0.005647998,12.328812016,161.10133,61.1645,10699.576804876328,191,0.9947917,23,2.865205877088903,62,0.32460732984293195,"{""10"":2,""3"":62,""4"":14,""5"":17,""6"":1,""7"":63,""8"":25,""9"":7}","{""11"":1,""14"":61,""15"":11,""16"":1,""17"":14,""18"":5,""19"":1,""21"":1,""23"":1,""3"":62,""4"":1,""5"":13,""6"":4,""7"":1,""8"":13,""9"":1}",98,4.470466447542642,291,0.291,"{""10"":19,""11"":1,""3"":291,""4"":196,""5"":134,""6"":12,""7"":107,""8"":176,""9"":64}","{""10"":1,""11"":6,""12"":2,""13"":1,""14"":97,""15"":86,""16"":16,""17"":65,""18"":33,""19"":26,""20"":15,""21"":7,""22"":1,""23"":8,""24"":2,""3"":291,""4"":78,""5"":143,""6"":49,""7"":16,""8"":51,""9"":6}","{""Diagonal CMA-ES"":{""attempts"":287,""discoveries"":0,""improvements"":0,""insertions"":0,""insertion_rate"":0.0},""Immigrant"":{""attempts"":143,""discoveries"":0,""improvements"":0,""insertions"":0,""insertion_rate"":0.0},""Morphology"":{""attempts"":292,""discoveries"":0,""improvements"":0,""insertions"":0,""insertion_rate"":0.0},""Novelty"":{""attempts"":278,""discoveries"":0,""improvements"":1,""insertions"":1,""insertion_rate"":0.0035971223021582736}}","{""Morphology"":200,""Novelty"":39}",0,0.92,false,121000
39,294,295000,10.379936800999998,0.040422902000000004,0.031468267,0.003329196,0.005625439,12.377914101,161.10133,61.1645,10711.157275915146,191,0.9947917,23,2.865205877088903,62,0.32460732984293195,"{""10"":2,""3"":62,""4"":14,""5"":17,""6"":1,""7"":63,""8"":25,""9"":7}","{""11"":1,""14"":61,""15"":11,""16"":1,""17"":14,""18"":5,""19"":1,""21"":1,""23"":1,""3"":62,""4"":1,""5"":13,""6"":4,""7"":1,""8"":13,""9"":1}",85,4.330052872213595,318,0.318,"{""10"":16,""3"":318,""4"":171,""5"":127,""6"":16,""7"":109,""8"":189,""9"":54}","{""11"":7,""12"":2,""14"":98,""15"":88,""16"":14,""17"":74,""18"":24,""19"":23,""20"":18,""21"":7,""23"":8,""24"":3,""3"":318,""4"":69,""5"":125,""6"":56,""7"":12,""8"":43,""9"":11}","{""Diagonal CMA-ES"":{""attempts"":301,""discoveries"":0,""improvements"":0,""insertions"":0,""insertion_rate"":0.0},""Immigrant"":{""attempts"":161,""discoveries"":0,""improvements"":0,""insertions"":0,""insertion_rate"":0.0},""Morphology"":{""attempts"":298,""discoveries"":0,""improvements"":2,""insertions"":2,""insertion_rate"":0.006711409395973154},""Novelty"":{""attempts"":240,""discoveries"":0,""improvements"":0,""insertions"":0,""insertion_rate"":0.0}}","{""Morphology"":201,""Novelty"":22}",0,0.92,false,122000
39,295,296000,10.418937315999997,0.039000515000000006,0.030538609,0.002965882,0.005496024,12.423876957,161.10133,61.1645,10711.157275915146,191,0.9947917,23,2.865205877088903,62,0.32460732984293195,"{""10"":2,""3"":62,""4"":14,""5"":17,""6"":1,""7"":63,""8"":25,""9"":7}","{""11"":1,""14"":61,""15"":11,""16"":1,""17"":14,""18"":5,""19"":1,""21"":1,""23"":1,""3"":62,""4"":1,""5"":13,""6"":4,""7"":1,""8"":13,""9"":1}",88,4.454772068963778,282,0.282,"{""10"":15,""3"":282,""4"":188,""5"":113,""6"":19,""7"":116,""8"":189,""9"":78}","{""10"":2,""11"":12,""12"":1,""14"":107,""15"":88,""16"":15,""17"":70,""18"":54,""19"":21,""20"":15,""21"":8,""23"":7,""25"":1,""3"":282,""4"":84,""5"":118,""6"":42,""7"":14,""8"":51,""9"":8}","{""Diagonal CMA-ES"":{""attempts"":335,""discoveries"":0,""improvements"":0,""insertions"":0,""insertion_rate"":0.0},""Immigrant"":{""attempts"":136,""discoveries"":0,""improvements"":0,""insertions"":0,""insertion_rate"":0.0},""Morphology"":{""attempts"":309,""discoveries"":0,""improvements"":0,""insertions"":0,""insertion_rate"":0.0},""Novelty"":{""attempts"":220,""discoveries"":0,""improvements"":0,""insertions"":0,""insertion_rate"":0.0}}","{""Morphology"":221,""Novelty"":24}",0,0.92,false,123000
39,296,297000,10.457714617999997,0.038777302,0.029447478,0.00309886,0.006230964,12.470473834,161.10133,61.1645,10717.67802786827,191,0.9947917,22,2.848215759299183,62,0.32460732984293195,"{""10"":2,""3"":62,""4"":14,""5"":17,""6"":1,""7"":63,""8"":25,""9"":7}","{""11"":1,""14"":61,""15"":11,""16"":1,""17"":13,""18"":6,""19"":1,""21"":1,""23"":1,""3"":62,""4"":1,""5"":13,""6"":4,""7"":1,""8"":13,""9"":1}",95,4.4314599988096335,311,0.311,"{""10"":23,""11"":1,""3"":311,""4"":165,""5"":126,""6"":22,""7"":103,""8"":191,""9"":58}","{""11"":11,""12"":1,""13"":1,""14"":91,""15"":97,""16"":14,""17"":72,""18"":32,""19"":25,""20"":13,""21"":7,""23"":5,""24"":6,""25"":2,""3"":311,""4"":67,""5"":118,""6"":51,""7"":14,""8"":48,""9"":14}","{""Diagonal CMA-ES"":{""attempts"":315,""discoveries"":0,""improvements"":0,""insertions"":0,""insertion_rate"":0.0},""Immigrant"":{""attempts"":149,""discoveries"":0,""improvements"":0,""insertions"":0,""insertion_rate"":0.0},""Morphology"":{""attempts"":296,""discoveries"":0,""improvements"":2,""insertions"":2,""insertion_rate"":0.006756756756756757},""Novelty"":{""attempts"":240,""discoveries"":0,""improvements"":0,""insertions"":0,""insertion_rate"":0.0}}","{""Morphology"":207,""Novelty"":32}",0,0.92,false,124000
39,297,298000,10.497155621999998,0.039441004,0.029893904,0.00332326,0.00622384,12.517392469,161.10133,61.1645,10720.432597875595,191,0.9947917,22,2.848215759299183,62,0.32460732984293195,"{""10"":2,""3"":62,""4"":14,""5"":17,""6"":1,""7"":63,""8"":25,""9"":7}","{""11"":1,""14"":61,""15"":11,""16"":1,""17"":13,""18"":6,""19"":1,""21"":1,""23"":1,""3"":62,""4"":1,""5"":13,""6"":4,""7"":1,""8"":13,""9"":1}",85,4.344205501701415,307,0.307,"{""10"":15,""11"":2,""3"":307,""4"":165,""5"":142,""6"":10,""7"":117,""8"":172,""9"":70}","{""10"":1,""11"":9,""12"":1,""14"":106,""15"":91,""16"":16,""17"":66,""18"":40,""19"":15,""20"":10,""21"":9,""23"":7,""24"":3,""3"":307,""4"":74,""5"":118,""6"":46,""7"":13,""8"":59,""9"":9}","{""Diagonal CMA-ES"":{""attempts"":301,""discoveries"":0,""improvements"":0,""insertions"":0,""insertion_rate"":0.0},""Immigrant"":{""attempts"":158,""discoveries"":0,""improvements"":0,""insertions"":0,""insertion_rate"":0.0},""Morphology"":{""attempts"":303,""discoveries"":0,""improvements"":1,""insertions"":1,""insertion_rate"":0.0033003300330033004},""Novelty"":{""attempts"":238,""discoveries"":0,""improvements"":0,""insertions"":0,""insertion_rate"":0.0}}","{""Morphology"":196,""Novelty"":22}",0,0.92,false,125000
39,298,299000,10.536935006999997,0.039779385,0.030406819,0.00334938,0.006023186,12.565780984,161.10133,61.1645,10721.773101568222,191,0.9947917,22,2.8482157592991832,62,0.32460732984293195,"{""10"":2,""3"":62,""4"":14,""5"":17,""6"":1,""7"":63,""8"":25,""9"":7}","{""11"":1,""14"":61,""15"":11,""16"":1,""17"":13,""18"":6,""19"":1,""21"":1,""23"":1,""3"":62,""4"":1,""5"":13,""6"":4,""7"":1,""8"":13,""9"":1}",85,4.385914339178074,308,0.308,"{""10"":18,""11"":1,""3"":308,""4"":175,""5"":129,""6"":14,""7"":106,""8"":179,""9"":70}","{""10"":1,""11"":7,""12"":3,""14"":96,""15"":87,""16"":12,""17"":70,""18"":38,""19"":24,""20"":14,""21"":10,""23"":9,""24"":2,""3"":308,""4"":80,""5"":116,""6"":51,""7"":14,""8"":49,""9"":9}","{""Diagonal CMA-ES"":{""attempts"":304,""discoveries"":0,""improvements"":0,""insertions"":0,""insertion_rate"":0.0},""Immigrant"":{""attempts"":155,""discoveries"":0,""improvements"":0,""insertions"":0,""insertion_rate"":0.0},""Morphology"":{""attempts"":295,""discoveries"":0,""improvements"":1,""insertions"":1,""insertion_rate"":0.003389830508474576},""Novelty"":{""attempts"":246,""discoveries"":0,""improvements"":0,""insertions"":0,""insertion_rate"":0.0}}","{""Morphology"":197,""Novelty"":27}",0,0.92,false,126000
39,299,300000,10.577640486999996,0.04070548,0.031344787,0.003224714,0.006135979,12.614143379,161.10133,61.1645,10725.101558446884,191,0.9947917,23,2.865205877088903,62,0.32460732984293195,"{""10"":2,""3"":62,""4"":14,""5"":17,""6"":1,""7"":63,""8"":25,""9"":7}","{""11"":1,""14"":61,""15"":11,""16"":1,""17"":13,""18"":6,""19"":1,""21"":1,""23"":1,""3"":62,""4"":1,""5"":13,""6"":4,""7"":1,""8"":13,""9"":1}",92,4.384095922919462,296,0.296,"{""10"":14,""11"":1,""3"":296,""4"":156,""5"":137,""6"":15,""7"":100,""8"":194,""9"":87}","{""10"":2,""11"":8,""12"":1,""14"":92,""15"":92,""16"":10,""17"":76,""18"":61,""19"":21,""20"":16,""21"":7,""23"":8,""24"":3,""3"":296,""4"":70,""5"":116,""6"":37,""7"":11,""8"":65,""9"":8}","{""Diagonal CMA-ES"":{""attempts"":300,""discoveries"":0,""improvements"":0,""insertions"":0,""insertion_rate"":0.0},""Immigrant"":{""attempts"":150,""discoveries"":0,""improvements"":0,""insertions"":0,""insertion_rate"":0.0},""Morphology"":{""attempts"":304,""discoveries"":0,""improvements"":3,""insertions"":3,""insertion_rate"":0.009868421052631578},""Novelty"":{""attempts"":246,""discoveries"":0,""improvements"":0,""insertions"":0,""insertion_rate"":0.0}}","{""Morphology"":204,""Novelty"":22}",1,0.92,false,127000
