seed,generation,evaluations,search_wall_seconds,generation_search_seconds,gpu_evaluation_seconds,archive_seconds,offspring_seconds,benchmark_wall_seconds,best_distance_m,median_elite_distance_m,qd_score,archive_cells,archive_coverage,archive_unique_topologies,archive_topology_entropy_bits,archive_triangle_like_count,archive_triangle_like_fraction,archive_node_counts_json,archive_muscle_counts_json,population_unique_topologies,population_topology_entropy_bits,population_triangle_like_count,population_triangle_like_fraction,population_node_counts_json,population_muscle_counts_json,emitter_statistics_json,topology_change_candidates_json,archived_innovations_this_generation,innovation_survival_3gen_fraction,new_all_time_record,evaluations_since_previous_record
42,0,1000,0.011831471,0.011831471,0.008248191,0.000233899,0.003349381,0.01544918,0.5532812,0.048993308,1.898449869826436,10,0.052083332,8,2.8464393446710154,3,0.3,"{""3"":3,""4"":3,""5"":4}","{""3"":3,""4"":1,""5"":2,""6"":1,""7"":1,""8"":2}",29,3.053718589686181,322,0.322,"{""3"":322,""4"":311,""5"":367}","{""3"":322,""4"":208,""5"":259,""6"":165,""7"":37,""8"":9}","{""Initial population"":{""attempts"":1000,""discoveries"":10,""improvements"":14,""insertions"":24,""insertion_rate"":0.024}}",{},0,0.0,true,1000
42,1,2000,0.024579537999999998,0.012748067,0.008669683,0.001016331,0.003062053,0.032618763,2.6365585,0.13422477,33.08854085300118,71,0.36979166,8,2.205023570178933,27,0.38028169014084506,"{""3"":27,""4"":27,""5"":15,""6"":2}","{""10"":1,""12"":1,""3"":27,""4"":23,""5"":4,""7"":7,""8"":8}",49,3.329764671134202,362,0.362,"{""3"":362,""4"":319,""5"":281,""6"":38}","{""10"":3,""11"":1,""12"":4,""3"":362,""4"":235,""5"":136,""6"":156,""7"":41,""8"":51,""9"":11}","{""Diagonal CMA-ES"":{""attempts"":339,""discoveries"":58,""improvements"":32,""insertions"":90,""insertion_rate"":0.26548672566371684},""Immigrant"":{""attempts"":53,""discoveries"":0,""improvements"":0,""insertions"":0,""insertion_rate"":0.0},""Morphology"":{""attempts"":340,""discoveries"":2,""improvements"":9,""insertions"":11,""insertion_rate"":0.03235294117647059},""Novelty"":{""attempts"":268,""discoveries"":1,""improvements"":5,""insertions"":6,""insertion_rate"":0.022388059701492536}}","{""Morphology"":231,""Novelty"":23}",4,0.0,true,1000
42,2,3000,0.040473958,0.01589442,0.010133628,0.001763145,0.003997647,0.053669637,19.847187,0.68561834,232.87003165390342,122,0.6354167,15,2.607603604124758,48,0.39344262295081966,"{""3"":48,""4"":47,""5"":23,""6"":4}","{""10"":1,""12"":3,""3"":48,""4"":38,""5"":11,""6"":2,""7"":6,""8"":13}",39,3.077811809763125,380,0.38,"{""3"":380,""4"":360,""5"":226,""6"":34}","{""10"":6,""11"":4,""12"":7,""3"":380,""4"":288,""5"":134,""6"":52,""7"":45,""8"":69,""9"":15}","{""Diagonal CMA-ES"":{""attempts"":340,""discoveries"":23,""improvements"":33,""insertions"":56,""insertion_rate"":0.16470588235294117},""Immigrant"":{""attempts"":141,""discoveries"":0,""improvements"":0,""insertions"":0,""insertion_rate"":0.0},""Morphology"":{""attempts"":267,""discoveries"":10,""improvements"":15,""insertions"":25,""insertion_rate"":0.09363295880149813},""Novelty"":{""attempts"":252,""discoveries"":18,""improvements"":19,""insertions"":37,""insertion_rate"":0.14682539682539683}}","{""Morphology"":161,""Novelty"":24}",8,0.0,true,1000
42,3,4000,0.058317927,0.017843969,0.012459553,0.001988731,0.003395685,0.076930081,23.824186,1.0024188,361.3170874360949,145,0.7552083,20,3.0331086341488267,54,0.3724137931034483,"{""3"":54,""4"":49,""5"":33,""6"":8,""7"":1}","{""10"":2,""12"":3,""17"":1,""3"":54,""4"":36,""5"":17,""6"":6,""7"":9,""8"":17}",66,3.7756187705120197,308,0.308,"{""3"":308,""4"":375,""5"":258,""6"":56,""7"":3}","{""10"":7,""11"":4,""12"":10,""13"":1,""17"":2,""3"":308,""4"":251,""5"":182,""6"":78,""7"":67,""8"":76,""9"":14}","{""Diagonal CMA-ES"":{""attempts"":310,""discoveries"":9,""improvements"":15,""insertions"":24,""insertion_rate"":0.07741935483870968},""Immigrant"":{""attempts"":144,""discoveries"":0,""improvements"":0,""insertions"":0,""insertion_rate"":0.0},""Morphology"":{""attempts"":301,""discoveries"":8,""improvements"":19,""insertions"":27,""insertion_rate"":0.08970099667774087},""Novelty"":{""attempts"":245,""discoveries"":6,""improvements"":14,""insertions"":20,""insertion_rate"":0.08163265306122448}}","{""Morphology"":203,""Novelty"":23}",5,0.0,true,1000
42,4,5000,0.080937229,0.022619302,0.016447703,0.002329488,0.003842111,0.104192923,36.200157,1.3790185,487.5283479746431,151,0.7864583,24,3.291789842207415,52,0.3443708609271523,"{""3"":52,""4"":48,""5"":39,""6"":11,""7"":1}","{""10"":2,""11"":1,""12"":1,""17"":1,""3"":52,""4"":33,""5"":20,""6"":7,""7"":11,""8"":21,""9"":2}",83,4.111811323817742,286,0.286,"{""3"":286,""4"":314,""5"":299,""6"":89,""7"":12}","{""10"":21,""11"":7,""12"":5,""13"":1,""15"":1,""17"":5,""3"":286,""4"":201,""5"":169,""6"":101,""7"":85,""8"":103,""9"":15}","{""Diagonal CMA-ES"":{""attempts"":295,""discoveries"":1,""improvements"":15,""insertions"":16,""insertion_rate"":0.05423728813559322},""Immigrant"":{""attempts"":158,""discoveries"":0,""improvements"":0,""insertions"":0,""insertion_rate"":0.0},""Morphology"":{""attempts"":301,""discoveries"":4,""improvements"":13,""insertions"":17,""insertion_rate"":0.05647840531561462},""Novelty"":{""attempts"":246,""discoveries"":1,""improvements"":14,""insertions"":15,""insertion_rate"":0.06097560975609756}}","{""Morphology"":184,""Novelty"":23}",5,0.75,true,1000
42,5,6000,0.101186674,0.020249445,0.014403167,0.002316427,0.003529851,0.130009629,36.200157,2.3476005,646.4117456525564,156,0.8125,30,3.598036629896677,55,0.3525641025641026,"{""3"":55,""4"":41,""5"":34,""6"":21,""7"":5}","{""10"":5,""11"":1,""12"":3,""17"":1,""3"":55,""4"":23,""5"":23,""6"":8,""7"":12,""8"":20,""9"":5}",95,4.279899768563722,299,0.299,"{""3"":299,""4"":307,""5"":260,""6"":116,""7"":18}","{""10"":25,""11"":17,""12"":13,""13"":1,""14"":1,""16"":2,""3"":299,""4"":181,""5"":183,""6"":96,""7"":70,""8"":89,""9"":23}","{""Diagonal CMA-ES"":{""attempts"":300,""discoveries"":2,""improvements"":11,""insertions"":13,""insertion_rate"":0.043333333333333335},""Immigrant"":{""attempts"":135,""discoveries"":0,""improvements"":0,""insertions"":0,""insertion_rate"":0.0},""Morphology"":{""attempts"":294,""discoveries"":2,""improvements"":25,""insertions"":27,""insertion_rate"":0.09183673469387756},""Novelty"":{""attempts"":271,""discoveries"":1,""improvements"":12,""insertions"":13,""insertion_rate"":0.04797047970479705}}","{""Morphology"":190,""Novelty"":41}",8,0.75,false,1000
42,6,7000,0.122016709,0.020830034999999997,0.014632316,0.002355608,0.003842111,0.156435422,51.652367,2.95155,832.5648917742074,162,0.84375,34,3.8260069245797834,56,0.345679012345679,"{""3"":56,""4"":38,""5"":31,""6"":27,""7"":9,""8"":1}","{""10"":9,""11"":1,""12"":5,""13"":1,""17"":1,""3"":56,""4"":21,""5"":21,""6"":11,""7"":12,""8"":17,""9"":7}",105,4.558311011632939,280,0.28,"{""3"":280,""4"":284,""5"":237,""6"":135,""7"":57,""8"":7}","{""10"":48,""11"":11,""12"":22,""13"":6,""15"":2,""16"":1,""17"":4,""3"":280,""4"":182,""5"":155,""6"":107,""7"":61,""8"":78,""9"":43}","{""Diagonal CMA-ES"":{""attempts"":287,""discoveries"":2,""improvements"":11,""insertions"":13,""insertion_rate"":0.04529616724738676},""Immigrant"":{""attempts"":144,""discoveries"":0,""improvements"":0,""insertions"":0,""insertion_rate"":0.0},""Morphology"":{""attempts"":322,""discoveries"":1,""improvements"":29,""insertions"":30,""insertion_rate"":0.09316770186335403},""Novelty"":{""attempts"":247,""discoveries"":3,""improvements"":15,""insertions"":18,""insertion_rate"":0.0728744939271255}}","{""Morphology"":198,""Novelty"":20}",4,0.8235294117647058,true,2000
42,7,8000,0.159476105,0.037459396,0.030028069,0.002502834,0.004928493,0.199720911,51.652367,3.781078,975.3287492245436,165,0.859375,36,3.979646050245073,58,0.3515151515151515,"{""3"":58,""4"":32,""5"":27,""6"":33,""7"":12,""8"":3}","{""10"":13,""11"":1,""12"":8,""13"":1,""15"":1,""3"":58,""4"":17,""5"":21,""6"":11,""7"":12,""8"":14,""9"":8}",117,4.632347242977139,292,0.292,"{""3"":292,""4"":260,""5"":199,""6"":136,""7"":77,""8"":29,""9"":7}","{""10"":58,""11"":7,""12"":48,""13"":24,""14"":3,""15"":3,""16"":1,""17"":2,""18"":3,""3"":292,""4"":143,""5"":158,""6"":89,""7"":64,""8"":65,""9"":40}","{""Diagonal CMA-ES"":{""attempts"":304,""discoveries"":2,""improvements"":7,""insertions"":9,""insertion_rate"":0.029605263157894735},""Immigrant"":{""attempts"":129,""discoveries"":0,""improvements"":0,""insertions"":0,""insertion_rate"":0.0},""Morphology"":{""attempts"":308,""discoveries"":0,""improvements"":26,""insertions"":26,""insertion_rate"":0.08441558441558442},""Novelty"":{""attempts"":259,""discoveries"":1,""improvements"":14,""insertions"":15,""insertion_rate"":0.05791505791505792}}","{""Morphology"":204,""Novelty"":30}",4,0.8181818181818182,false,1000
42,8,9000,0.19186809400000002,0.032391989,0.02519931,0.002766415,0.004426264,0.239820868,51.652367,4.48475,1062.9693417176604,167,0.8697917,41,4.102216545075673,57,0.3413173652694611,"{""3"":57,""4"":32,""5"":26,""6"":31,""7"":16,""8"":5}","{""10"":17,""11"":1,""12"":8,""13"":3,""15"":2,""3"":57,""4"":19,""5"":21,""6"":11,""7"":11,""8"":11,""9"":6}",111,4.676772709325184,277,0.277,"{""3"":277,""4"":265,""5"":165,""6"":149,""7"":105,""8"":35,""9"":4}","{""10"":102,""11"":23,""12"":46,""13"":14,""14"":2,""15"":13,""16"":2,""18"":1,""3"":277,""4"":131,""5"":214,""6"":52,""7"":65,""8"":41,""9"":17}","{""Diagonal CMA-ES"":{""attempts"":327,""discoveries"":1,""improvements"":6,""insertions"":7,""insertion_rate"":0.021406727828746176},""Immigrant"":{""attempts"":130,""discoveries"":0,""improvements"":0,""insertions"":0,""insertion_rate"":0.0},""Morphology"":{""attempts"":285,""discoveries"":0,""improvements"":16,""insertions"":16,""insertion_rate"":0.056140350877192984},""Novelty"":{""attempts"":258,""discoveries"":1,""improvements"":9,""insertions"":10,""insertion_rate"":0.03875968992248062}}","{""Morphology"":196,""Novelty"":39}",6,0.8666666666666667,false,2000
42,9,10000,0.22514462200000002,0.033276528,0.026216827,0.002590694,0.004469007,0.279917263,51.652367,4.951951,1169.6101964339614,167,0.8697917,44,4.159373675229713,58,0.3473053892215569,"{""3"":58,""4"":31,""5"":26,""6"":29,""7"":16,""8"":4,""9"":3}","{""10"":18,""11"":2,""12"":7,""13"":2,""14"":1,""15"":2,""17"":1,""18"":1,""3"":58,""4"":18,""5"":21,""6"":12,""7"":9,""8"":9,""9"":6}",124,4.6416290724575004,326,0.326,"{""3"":326,""4"":262,""5"":162,""6"":118,""7"":67,""8"":52,""9"":13}","{""10"":60,""11"":15,""12"":33,""13"":34,""14"":5,""15"":8,""16"":8,""17"":4,""18"":1,""3"":326,""4"":157,""5"":157,""6"":92,""7"":55,""8"":27,""9"":18}","{""Diagonal CMA-ES"":{""attempts"":279,""discoveries"":0,""improvements"":3,""insertions"":3,""insertion_rate"":0.010752688172043012},""Immigrant"":{""attempts"":155,""discoveries"":0,""improvements"":0,""insertions"":0,""insertion_rate"":0.0},""Morphology"":{""attempts"":309,""discoveries"":0,""improvements"":19,""insertions"":19,""insertion_rate"":0.061488673139158574},""Novelty"":{""attempts"":257,""discoveries"":0,""improvements"":9,""insertions"":9,""insertion_rate"":0.03501945525291829}}","{""Morphology"":216,""Novelty"":40}",5,0.8235294117647058,false,3000
42,10,11000,0.25932587500000004,0.034181253,0.027397007,0.002670243,0.004114003,0.321688941,51.652367,5.342813,1276.857094436884,168,0.875,43,4.091294574817623,58,0.34523809523809523,"{""10"":1,""3"":58,""4"":38,""5"":20,""6"":27,""7"":14,""8"":5,""9"":5}","{""10"":20,""11"":2,""12"":6,""13"":2,""14"":2,""15"":1,""17"":3,""18"":1,""21"":1,""3"":58,""4"":22,""5"":21,""6"":12,""7"":5,""8"":8,""9"":4}",134,4.806385678277334,294,0.294,"{""10"":17,""3"":294,""4"":276,""5"":151,""6"":97,""7"":98,""8"":36,""9"":31}","{""10"":60,""11"":26,""12"":37,""13"":12,""14"":15,""15"":10,""16"":6,""17"":21,""18"":10,""19"":1,""21"":4,""3"":294,""4"":160,""5"":180,""6"":74,""7"":35,""8"":34,""9"":21}","{""Diagonal CMA-ES"":{""attempts"":313,""discoveries"":0,""improvements"":4,""insertions"":4,""insertion_rate"":0.012779552715654952},""Immigrant"":{""attempts"":140,""discoveries"":0,""improvements"":0,""insertions"":0,""insertion_rate"":0.0},""Morphology"":{""attempts"":302,""discoveries"":0,""improvements"":23,""insertions"":23,""insertion_rate"":0.076158940397351},""Novelty"":{""attempts"":245,""discoveries"":1,""improvements"":4,""insertions"":5,""insertion_rate"":0.02040816326530612}}","{""Morphology"":203,""Novelty"":30}",4,0.7894736842105263,false,4000
42,11,12000,0.29277574900000003,0.033449874000000004,0.026663253,0.002519456,0.004267165,0.362574892,51.652367,5.9469748,1421.249395519495,168,0.875,45,4.105856632511833,61,0.3630952380952381,"{""10"":1,""3"":61,""4"":35,""5"":18,""6"":27,""7"":14,""8"":6,""9"":6}","{""10"":18,""11"":2,""12"":7,""13"":3,""14"":2,""17"":4,""18"":1,""21"":1,""3"":61,""4"":21,""5"":19,""6"":10,""7"":6,""8"":8,""9"":5}",127,4.793300531651362,292,0.292,"{""10"":17,""3"":292,""4"":260,""5"":187,""6"":55,""7"":103,""8"":42,""9"":44}","{""10"":73,""11"":33,""12"":28,""13"":13,""14"":18,""15"":10,""16"":3,""17"":27,""18"":9,""19"":1,""21"":7,""3"":292,""4"":158,""5"":171,""6"":101,""7"":24,""8"":15,""9"":17}","{""Diagonal CMA-ES"":{""attempts"":283,""discoveries"":0,""improvements"":2,""insertions"":2,""insertion_rate"":0.007067137809187279},""Immigrant"":{""attempts"":143,""discoveries"":0,""improvements"":0,""insertions"":0,""insertion_rate"":0.0},""Morphology"":{""attempts"":305,""discoveries"":0,""improvements"":18,""insertions"":18,""insertion_rate"":0.05901639344262295},""Novelty"":{""attempts"":269,""discoveries"":0,""improvements"":9,""insertions"":9,""insertion_rate"":0.03345724907063197}}","{""Morphology"":200,""Novelty"":23}",3,0.7954545454545454,false,5000
42,12,13000,0.32817755000000004,0.035401801,0.028699478,0.00258832,0.004114003,0.404338259,51.652367,6.924075,1553.1375470161438,170,0.8854167,47,4.192681769636488,59,0.34705882352941175,"{""10"":4,""3"":59,""4"":37,""5"":17,""6"":27,""7"":12,""8"":5,""9"":9}","{""10"":16,""11"":2,""12"":6,""13"":2,""14"":2,""17"":7,""18"":3,""21"":2,""3"":59,""4"":22,""5"":20,""6"":10,""7"":5,""8"":8,""9"":6}",134,5.0788651152234765,231,0.231,"{""10"":19,""3"":231,""4"":317,""5"":166,""6"":89,""7"":85,""8"":41,""9"":52}","{""10"":53,""11"":11,""12"":47,""13"":19,""14"":16,""15"":4,""16"":5,""17"":33,""18"":10,""19"":1,""21"":11,""3"":231,""4"":187,""5"":190,""6"":92,""7"":43,""8"":22,""9"":25}","{""Diagonal CMA-ES"":{""attempts"":324,""discoveries"":2,""improvements"":4,""insertions"":6,""insertion_rate"":0.018518518518518517},""Immigrant"":{""attempts"":127,""discoveries"":0,""improvements"":0,""insertions"":0,""insertion_rate"":0.0},""Morphology"":{""attempts"":286,""discoveries"":0,""improvements"":13,""insertions"":13,""insertion_rate"":0.045454545454545456},""Novelty"":{""attempts"":263,""discoveries"":0,""improvements"":6,""insertions"":6,""insertion_rate"":0.022813688212927757}}","{""Morphology"":186,""Novelty"":32}",4,0.8163265306122449,false,6000
42,13,14000,0.36389992300000007,0.035722373,0.028050023,0.002652434,0.005019916,0.447820841,84.0278,7.64238,1664.4110457003117,172,0.8958333,50,4.346100660388825,57,0.3313953488372093,"{""10"":4,""3"":57,""4"":36,""5"":18,""6"":27,""7"":17,""8"":5,""9"":8}","{""10"":17,""11"":3,""12"":6,""13"":2,""14"":3,""17"":6,""18"":3,""21"":1,""3"":57,""4"":20,""5"":21,""6"":12,""7"":6,""8"":10,""9"":5}",129,5.132831401101976,205,0.205,"{""10"":27,""11"":1,""3"":205,""4"":296,""5"":174,""6"":147,""7"":75,""8"":23,""9"":52}","{""10"":76,""11"":13,""12"":32,""13"":7,""14"":11,""15"":6,""16"":1,""17"":43,""18"":19,""19"":1,""21"":6,""26"":1,""3"":205,""4"":195,""5"":166,""6"":96,""7"":26,""8"":28,""9"":68}","{""Diagonal CMA-ES"":{""attempts"":271,""discoveries"":1,""improvements"":0,""insertions"":1,""insertion_rate"":0.0036900369003690036},""Immigrant"":{""attempts"":163,""discoveries"":0,""improvements"":0,""insertions"":0,""insertion_rate"":0.0},""Morphology"":{""attempts"":293,""discoveries"":1,""improvements"":16,""insertions"":17,""insertion_rate"":0.05802047781569966},""Novelty"":{""attempts"":273,""discoveries"":0,""improvements"":9,""insertions"":9,""insertion_rate"":0.03296703296703297}}","{""Morphology"":195,""Novelty"":29}",7,0.8113207547169812,true,7000
42,14,15000,0.3990785110000001,0.035178588000000004,0.028085642,0.002935012,0.004157934,0.490053192,84.0278,8.016201,1778.8661294281483,173,0.9010417,52,4.395631810053393,57,0.32947976878612717,"{""10"":7,""3"":57,""4"":35,""5"":16,""6"":26,""7"":18,""8"":6,""9"":8}","{""10"":14,""11"":2,""12"":9,""13"":1,""14"":3,""16"":3,""17"":6,""18"":5,""21"":1,""3"":57,""4"":22,""5"":18,""6"":10,""7"":5,""8"":11,""9"":6}",148,5.2744105948891455,221,0.221,"{""10"":38,""11"":1,""3"":221,""4"":235,""5"":199,""6"":113,""7"":108,""8"":35,""9"":50}","{""10"":69,""11"":15,""12"":21,""13"":13,""14"":23,""15"":4,""16"":5,""17"":34,""18"":18,""19"":3,""21"":9,""22"":1,""3"":221,""4"":156,""5"":150,""6"":130,""7"":36,""8"":75,""9"":17}","{""Diagonal CMA-ES"":{""attempts"":316,""discoveries"":0,""improvements"":3,""insertions"":3,""insertion_rate"":0.00949367088607595},""Immigrant"":{""attempts"":151,""discoveries"":0,""improvements"":0,""insertions"":0,""insertion_rate"":0.0},""Morphology"":{""attempts"":290,""discoveries"":1,""improvements"":18,""insertions"":19,""insertion_rate"":0.06551724137931035},""Novelty"":{""attempts"":243,""discoveries"":0,""improvements"":3,""insertions"":3,""insertion_rate"":0.012345679012345678}}","{""Morphology"":202,""Novelty"":25}",6,0.8214285714285714,false,1000
42,15,16000,0.4348816210000001,0.035803110000000006,0.029878469,0.002493336,0.003431305,0.531991093,84.0278,8.132603,1906.0906309485435,173,0.9010417,54,4.513954459563865,53,0.3063583815028902,"{""10"":9,""3"":53,""4"":35,""5"":16,""6"":25,""7"":18,""8"":7,""9"":10}","{""10"":14,""11"":2,""12"":9,""13"":1,""14"":3,""16"":3,""17"":7,""18"":5,""19"":1,""20"":1,""21"":2,""3"":53,""4"":23,""5"":17,""6"":11,""7"":5,""8"":12,""9"":4}",137,5.276219274197807,232,0.232,"{""10"":33,""11"":10,""3"":232,""4"":275,""5"":182,""6"":92,""7"":99,""8"":44,""9"":33}","{""10"":52,""11"":27,""12"":35,""13"":20,""14"":7,""15"":3,""16"":7,""17"":28,""18"":21,""19"":6,""20"":3,""21"":5,""22"":6,""3"":232,""4"":128,""5"":223,""6"":106,""7"":32,""8"":42,""9"":17}","{""Diagonal CMA-ES"":{""attempts"":296,""discoveries"":0,""improvements"":1,""insertions"":1,""insertion_rate"":0.0033783783783783786},""Immigrant"":{""attempts"":139,""discoveries"":0,""improvements"":0,""insertions"":0,""insertion_rate"":0.0},""Morphology"":{""attempts"":304,""discoveries"":0,""improvements"":12,""insertions"":12,""insertion_rate"":0.039473684210526314},""Novelty"":{""attempts"":261,""discoveries"":0,""improvements"":1,""insertions"":1,""insertion_rate"":0.0038314176245210726}}","{""Morphology"":205,""Novelty"":28}",4,0.8333333333333334,false,2000
42,16,17000,0.4694974270000001,0.034615806,0.026824726,0.00252658,0.0052645,0.57296253,84.0278,8.535047,2022.0188224613667,173,0.9010417,52,4.467204094636013,54,0.31213872832369943,"{""10"":12,""11"":1,""3"":54,""4"":36,""5"":15,""6"":20,""7"":17,""8"":7,""9"":11}","{""10"":11,""11"":1,""12"":10,""14"":3,""16"":4,""17"":8,""18"":7,""19"":2,""20"":1,""21"":1,""23"":1,""3"":54,""4"":25,""5"":16,""6"":10,""7"":4,""8"":11,""9"":4}",137,5.033079843451002,266,0.266,"{""10"":55,""11"":12,""3"":266,""4"":253,""5"":126,""6"":93,""7"":95,""8"":41,""9"":59}","{""10"":53,""11"":15,""12"":33,""13"":14,""14"":2,""15"":8,""16"":14,""17"":51,""18"":29,""19"":7,""20"":7,""21"":15,""22"":4,""23"":1,""24"":1,""3"":266,""4"":170,""5"":140,""6"":82,""7"":28,""8"":47,""9"":13}","{""Diagonal CMA-ES"":{""attempts"":283,""discoveries"":0,""improvements"":4,""insertions"":4,""insertion_rate"":0.014134275618374558},""Immigrant"":{""attempts"":118,""discoveries"":0,""improvements"":0,""insertions"":0,""insertion_rate"":0.0},""Morphology"":{""attempts"":349,""discoveries"":0,""improvements"":21,""insertions"":21,""insertion_rate"":0.06017191977077364},""Novelty"":{""attempts"":250,""discoveries"":0,""improvements"":1,""insertions"":1,""insertion_rate"":0.004}}","{""Morphology"":223,""Novelty"":21}",3,0.8208955223880597,false,3000
42,17,18000,0.5101459180000001,0.040648491,0.033348954,0.002576447,0.00472309,0.621000791,84.0278,8.576716,2211.1968121994287,174,0.90625,52,4.583231457533479,48,0.27586206896551724,"{""10"":16,""11"":2,""3"":48,""4"":41,""5"":13,""6"":19,""7"":19,""8"":7,""9"":9}","{""10"":12,""12"":11,""13"":1,""14"":3,""16"":3,""17"":6,""18"":9,""19"":3,""20"":1,""21"":2,""23"":2,""3"":48,""4"":29,""5"":15,""6"":9,""7"":4,""8"":12,""9"":4}",159,5.331125795108983,233,0.233,"{""10"":58,""11"":35,""12"":8,""3"":233,""4"":248,""5"":150,""6"":88,""7"":93,""8"":41,""9"":46}","{""10"":38,""11"":12,""12"":38,""13"":8,""14"":13,""15"":7,""16"":5,""17"":29,""18"":48,""19"":12,""20"":4,""21"":6,""22"":9,""23"":16,""24"":6,""27"":2,""29"":1,""3"":233,""4"":153,""5"":154,""6"":72,""7"":32,""8"":86,""9"":16}","{""Diagonal CMA-ES"":{""attempts"":292,""discoveries"":1,""improvements"":3,""insertions"":4,""insertion_rate"":0.0136986301369863},""Immigrant"":{""attempts"":145,""discoveries"":0,""improvements"":0,""insertions"":0,""insertion_rate"":0.0},""Morphology"":{""attempts"":312,""discoveries"":0,""improvements"":16,""insertions"":16,""insertion_rate"":0.05128205128205128},""Novelty"":{""attempts"":251,""discoveries"":0,""improvements"":4,""insertions"":4,""insertion_rate"":0.01593625498007968}}","{""Morphology"":214,""Novelty"":34}",2,0.8356164383561644,false,4000
42,18,19000,0.549850503,0.039704585,0.034049462,0.002620377,0.003034746,0.667047946,84.0278,9.144861,2357.5385769624263,175,0.9114583,55,4.751962298231587,41,0.2342857142857143,"{""10"":15,""11"":4,""3"":41,""4"":46,""5"":13,""6"":16,""7"":23,""8"":8,""9"":9}","{""10"":11,""11"":2,""12"":12,""13"":1,""14"":4,""16"":3,""17"":7,""18"":7,""19"":3,""20"":1,""21"":2,""22"":1,""23"":3,""3"":41,""4"":34,""5"":15,""6"":10,""7"":3,""8"":11,""9"":4}",155,5.323392955042284,177,0.177,"{""10"":51,""11"":37,""12"":8,""3"":177,""4"":257,""5"":149,""6"":63,""7"":176,""8"":49,""9"":33}","{""10"":40,""11"":21,""12"":117,""13"":16,""14"":14,""15"":10,""16"":13,""17"":19,""18"":26,""19"":13,""20"":6,""21"":6,""22"":8,""23"":19,""24"":4,""27"":3,""28"":1,""3"":177,""4"":187,""5"":128,""6"":71,""7"":29,""8"":56,""9"":16}","{""Diagonal CMA-ES"":{""attempts"":301,""discoveries"":0,""improvements"":1,""insertions"":1,""insertion_rate"":0.0033222591362126247},""Immigrant"":{""attempts"":125,""discoveries"":0,""improvements"":0,""insertions"":0,""insertion_rate"":0.0},""Morphology"":{""attempts"":326,""discoveries"":1,""improvements"":13,""insertions"":14,""insertion_rate"":0.04294478527607362},""Novelty"":{""attempts"":248,""discoveries"":0,""improvements"":6,""insertions"":6,""insertion_rate"":0.024193548387096774}}","{""Morphology"":217,""Novelty"":36}",6,0.8441558441558441,false,5000
42,19,20000,0.589032674,0.039182171,0.031413651,0.00288277,0.00488575,0.713485724,84.0278,10.727509,2490.1841385979205,175,0.9114583,54,4.668919927157038,41,0.2342857142857143,"{""10"":13,""11"":5,""12"":2,""3"":41,""4"":49,""5"":11,""6"":14,""7"":22,""8"":9,""9"":9}","{""10"":11,""11"":3,""12"":12,""13"":1,""14"":4,""16"":3,""17"":7,""18"":7,""19"":2,""20"":1,""21"":1,""22"":1,""23"":4,""24"":1,""28"":1,""3"":41,""4"":38,""5"":13,""6"":8,""7"":3,""8"":10,""9"":3}",156,5.513030907834604,154,0.154,"{""10"":41,""11"":51,""12"":22,""3"":154,""4"":263,""5"":166,""6"":51,""7"":147,""8"":57,""9"":48}","{""10"":31,""11"":60,""12"":48,""13"":12,""14"":26,""15"":10,""16"":9,""17"":32,""18"":24,""19"":5,""20"":7,""21"":4,""22"":5,""23"":39,""24"":8,""25"":2,""27"":5,""28"":6,""29"":1,""3"":154,""4"":196,""5"":138,""6"":87,""7"":25,""8"":48,""9"":18}","{""Diagonal CMA-ES"":{""attempts"":299,""discoveries"":0,""improvements"":0,""insertions"":0,""insertion_rate"":0.0},""Immigrant"":{""attempts"":135,""discoveries"":0,""improvements"":0,""insertions"":0,""insertion_rate"":0.0},""Morphology"":{""attempts"":320,""discoveries"":0,""improvements"":18,""insertions"":18,""insertion_rate"":0.05625},""Novelty"":{""attempts"":246,""discoveries"":0,""improvements"":2,""insertions"":2,""insertion_rate"":0.008130081300813009}}","{""Morphology"":213,""Novelty"":29}",4,0.8375,false,6000
42,20,21000,0.625682329,0.036649655,0.029084163,0.002575259,0.004990233,0.757551271,84.0278,11.212092,2601.7050244826823,176,0.9166667,57,4.767120210634698,37,0.21022727272727273,"{""10"":14,""11"":7,""12"":3,""3"":37,""4"":49,""5"":10,""6"":14,""7"":22,""8"":12,""9"":8}","{""10"":11,""11"":3,""12"":12,""13"":3,""14"":4,""16"":3,""17"":6,""18"":9,""19"":2,""20"":1,""22"":2,""23"":5,""24"":2,""28"":1,""3"":37,""4"":39,""5"":12,""6"":7,""7"":3,""8"":10,""9"":4}",151,5.535782338884381,161,0.161,"{""10"":42,""11"":55,""12"":33,""3"":161,""4"":272,""5"":200,""6"":54,""7"":90,""8"":50,""9"":43}","{""10"":28,""11"":17,""12"":51,""13"":22,""14"":16,""15"":8,""16"":7,""17"":24,""18"":31,""19"":3,""20"":4,""21"":5,""22"":5,""23"":45,""24"":18,""25"":4,""27"":5,""28"":6,""3"":161,""4"":192,""5"":144,""6"":124,""7"":34,""8"":32,""9"":14}","{""Diagonal CMA-ES"":{""attempts"":272,""discoveries"":1,""improvements"":0,""insertions"":1,""insertion_rate"":0.003676470588235294},""Immigrant"":{""attempts"":155,""discoveries"":0,""improvements"":0,""insertions"":0,""insertion_rate"":0.0},""Morphology"":{""attempts"":331,""discoveries"":0,""improvements"":15,""insertions"":15,""insertion_rate"":0.045317220543806644},""Novelty"":{""attempts"":242,""discoveries"":0,""improvements"":2,""insertions"":2,""insertion_rate"":0.008264462809917356}}","{""Morphology"":206,""Novelty"":29}",6,0.8414634146341463,false,7000
42,21,22000,0.669243272,0.043560943000000005,0.035890969,0.002881583,0.004788391,0.809339034,84.0278,11.344263,2696.8342188447714,176,0.9166667,58,4.793842858068732,35,0.19886363636363635,"{""10"":13,""11"":7,""12"":3,""3"":35,""4"":51,""5"":11,""6"":15,""7"":21,""8"":13,""9"":7}","{""10"":11,""11"":3,""12"":12,""13"":4,""14"":4,""16"":3,""17"":5,""18"":8,""19"":2,""20"":1,""22"":2,""23"":5,""24"":2,""28"":1,""3"":35,""4"":42,""5"":11,""6"":8,""7"":3,""8"":10,""9"":4}",148,5.3827781520099265,153,0.153,"{""10"":50,""11"":78,""12"":33,""13"":1,""3"":153,""4"":256,""5"":164,""6"":101,""7"":78,""8"":41,""9"":45}","{""10"":28,""11"":11,""12"":32,""13"":22,""14"":5,""15"":5,""16"":7,""17"":40,""18"":43,""19"":3,""20"":7,""21"":2,""22"":23,""23"":46,""24"":14,""25"":2,""26"":4,""27"":4,""28"":8,""3"":153,""34"":1,""4"":197,""5"":109,""6"":104,""7"":24,""8"":97,""9"":9}","{""Diagonal CMA-ES"":{""attempts"":300,""discoveries"":0,""improvements"":0,""insertions"":0,""insertion_rate"":0.0},""Immigrant"":{""attempts"":150,""discoveries"":0,""improvements"":0,""insertions"":0,""insertion_rate"":0.0},""Morphology"":{""attempts"":298,""discoveries"":0,""improvements"":9,""insertions"":9,""insertion_rate"":0.030201342281879196},""Novelty"":{""attempts"":252,""discoveries"":0,""improvements"":3,""insertions"":3,""insertion_rate"":0.011904761904761904}}","{""Morphology"":188,""Novelty"":30}",1,0.8522727272727273,false,8000
42,22,23000,0.708943108,0.039699836,0.031951499,0.002806784,0.004941553,0.856638793,155.12279,11.926852,2927.6780724674463,176,0.9166667,56,4.701184391128853,37,0.21022727272727273,"{""10"":12,""11"":8,""12"":4,""3"":37,""4"":49,""5"":11,""6"":15,""7"":22,""8"":12,""9"":6}","{""10"":11,""11"":4,""12"":12,""13"":4,""14"":3,""16"":3,""17"":5,""18"":7,""19"":2,""20"":1,""22"":3,""23"":5,""24"":2,""27"":1,""28"":1,""3"":37,""4"":42,""5"":9,""6"":8,""7"":3,""8"":10,""9"":3}",132,5.348049126101721,159,0.159,"{""10"":32,""11"":68,""12"":32,""13"":2,""3"":159,""4"":300,""5"":175,""6"":64,""7"":83,""8"":51,""9"":34}","{""10"":39,""11"":8,""12"":49,""13"":16,""14"":8,""15"":4,""16"":11,""17"":25,""18"":26,""19"":3,""20"":8,""21"":2,""22"":14,""23"":48,""24"":16,""26"":1,""27"":4,""28"":12,""29"":1,""3"":159,""4"":228,""5"":138,""6"":100,""7"":19,""8"":45,""9"":16}","{""Diagonal CMA-ES"":{""attempts"":307,""discoveries"":0,""improvements"":2,""insertions"":2,""insertion_rate"":0.006514657980456026},""Immigrant"":{""attempts"":155,""discoveries"":0,""improvements"":0,""insertions"":0,""insertion_rate"":0.0},""Morphology"":{""attempts"":284,""discoveries"":0,""improvements"":15,""insertions"":15,""insertion_rate"":0.0528169014084507},""Novelty"":{""attempts"":254,""discoveries"":0,""improvements"":1,""insertions"":1,""insertion_rate"":0.003937007874015748}}","{""Morphology"":198,""Novelty"":25}",2,0.8478260869565217,true,9000
42,23,24000,0.7522594680000001,0.04331636,0.035112099,0.002771164,0.005433097,0.907952822,155.12279,13.249484,2996.143891170621,176,0.9166667,61,4.850300407855277,35,0.19886363636363635,"{""10"":11,""11"":7,""12"":5,""13"":1,""3"":35,""4"":46,""5"":15,""6"":16,""7"":21,""8"":13,""9"":6}","{""10"":11,""11"":3,""12"":12,""13"":5,""14"":3,""16"":3,""17"":5,""18"":6,""19"":2,""20"":1,""22"":2,""23"":5,""24"":2,""25"":1,""27"":1,""28"":1,""3"":35,""32"":1,""4"":40,""5"":10,""6"":10,""7"":4,""8"":10,""9"":3}",141,5.1976731883217795,192,0.192,"{""10"":21,""11"":64,""12"":39,""13"":8,""3"":192,""4"":292,""5"":169,""6"":46,""7"":79,""8"":52,""9"":38}","{""10"":26,""11"":20,""12"":41,""13"":24,""14"":7,""15"":4,""16"":8,""17"":25,""18"":16,""19"":3,""20"":2,""21"":4,""22"":7,""23"":54,""24"":18,""25"":2,""26"":1,""27"":12,""28"":7,""29"":4,""3"":192,""31"":1,""32"":1,""34"":2,""4"":245,""5"":109,""6"":92,""7"":30,""8"":34,""9"":9}","{""Diagonal CMA-ES"":{""attempts"":303,""discoveries"":0,""improvements"":0,""insertions"":0,""insertion_rate"":0.0},""Immigrant"":{""attempts"":152,""discoveries"":0,""improvements"":0,""insertions"":0,""insertion_rate"":0.0},""Morphology"":{""attempts"":310,""discoveries"":0,""improvements"":13,""insertions"":13,""insertion_rate"":0.041935483870967745},""Novelty"":{""attempts"":235,""discoveries"":0,""improvements"":2,""insertions"":2,""insertion_rate"":0.00851063829787234}}","{""Morphology"":206,""Novelty"":32}",6,0.8571428571428571,false,1000
42,24,25000,0.792816535,0.040557067,0.033364389,0.002619189,0.004573489,0.955651515,155.12279,13.890056,3069.0951023846865,177,0.921875,60,4.853377513719508,33,0.1864406779661017,"{""10"":10,""11"":9,""12"":4,""13"":1,""3"":33,""4"":47,""5"":17,""6"":16,""7"":22,""8"":13,""9"":5}","{""10"":11,""11"":3,""12"":13,""13"":5,""14"":2,""16"":2,""17"":5,""18"":7,""19"":2,""20"":1,""22"":2,""23"":6,""24"":1,""25"":1,""27"":1,""28"":1,""3"":33,""32"":1,""4"":41,""5"":10,""6"":12,""7"":4,""8"":10,""9"":3}",154,5.550860376760231,153,0.153,"{""10"":32,""11"":58,""12"":72,""13"":9,""14"":1,""3"":153,""4"":258,""5"":172,""6"":57,""7"":82,""8"":66,""9"":40}","{""10"":31,""11"":10,""12"":50,""13"":21,""14"":10,""15"":5,""16"":6,""17"":33,""18"":19,""19"":3,""20"":6,""21"":12,""22"":4,""23"":47,""24"":13,""25"":36,""26"":4,""27"":16,""28"":7,""3"":153,""30"":1,""32"":2,""33"":2,""37"":1,""4"":198,""5"":118,""6"":100,""7"":32,""8"":34,""9"":26}","{""Diagonal CMA-ES"":{""attempts"":308,""discoveries"":1,""improvements"":1,""insertions"":2,""insertion_rate"":0.006493506493506494},""Immigrant"":{""attempts"":134,""discoveries"":0,""improvements"":0,""insertions"":0,""insertion_rate"":0.0},""Morphology"":{""attempts"":305,""discoveries"":0,""improvements"":9,""insertions"":9,""insertion_rate"":0.029508196721311476},""Novelty"":{""attempts"":253,""discoveries"":0,""improvements"":0,""insertions"":0,""insertion_rate"":0.0}}","{""Morphology"":209,""Novelty"":33}",1,0.8585858585858586,false,2000
42,25,26000,0.832904618,0.040088083000000004,0.032339747,0.002576446,0.00517189,1.002447858,155.12279,14.019873,3168.1073742359877,177,0.921875,64,4.925341091455725,33,0.1864406779661017,"{""10"":11,""11"":9,""12"":5,""13"":1,""3"":33,""4"":46,""5"":19,""6"":15,""7"":21,""8"":12,""9"":5}","{""10"":9,""11"":3,""12"":12,""13"":5,""14"":2,""16"":2,""17"":5,""18"":7,""19"":2,""20"":2,""21"":1,""22"":2,""23"":5,""24"":2,""25"":1,""27"":1,""28"":1,""3"":33,""32"":1,""4"":41,""5"":11,""6"":12,""7"":4,""8"":11,""9"":2}",128,4.9881035481836635,166,0.166,"{""10"":17,""11"":53,""12"":35,""13"":7,""14"":1,""3"":166,""4"":297,""5"":157,""6"":42,""7"":138,""8"":54,""9"":33}","{""10"":21,""11"":6,""12"":114,""13"":29,""14"":6,""15"":7,""16"":6,""17"":26,""18"":12,""19"":2,""20"":4,""21"":4,""22"":3,""23"":47,""24"":10,""25"":2,""27"":13,""28"":9,""29"":2,""3"":166,""31"":2,""32"":1,""33"":1,""34"":1,""4"":237,""5"":130,""6"":78,""7"":23,""8"":30,""9"":8}","{""Diagonal CMA-ES"":{""attempts"":323,""discoveries"":0,""improvements"":1,""insertions"":1,""insertion_rate"":0.0030959752321981426},""Immigrant"":{""attempts"":160,""discoveries"":0,""improvements"":0,""insertions"":0,""insertion_rate"":0.0},""Morphology"":{""attempts"":279,""discoveries"":0,""improvements"":12,""insertions"":12,""insertion_rate"":0.043010752688172046},""Novelty"":{""attempts"":238,""discoveries"":0,""improvements"":2,""insertions"":2,""insertion_rate"":0.008403361344537815}}","{""Morphology"":185,""Novelty"":20}",5,0.8613861386138614,false,3000
42,26,27000,0.8708994870000001,0.037994869,0.02979417,0.002904142,0.005296557,1.048010593,155.12279,14.019873,3290.436409071088,178,0.9270833,61,4.8969836377306235,34,0.19101123595505617,"{""10"":11,""11"":8,""12"":5,""3"":34,""4"":44,""5"":21,""6"":16,""7"":21,""8"":11,""9"":7}","{""10"":11,""11"":3,""12"":13,""13"":3,""14"":2,""16"":2,""17"":7,""18"":7,""19"":2,""20"":2,""21"":1,""22"":2,""23"":4,""24"":2,""25"":1,""27"":1,""28"":1,""3"":34,""4"":39,""5"":11,""6"":14,""7"":4,""8"":11,""9"":1}",159,5.673396338676225,137,0.137,"{""10"":30,""11"":34,""12"":35,""13"":10,""3"":137,""4"":245,""5"":210,""6"":68,""7"":107,""8"":82,""9"":42}","{""10"":48,""11"":10,""12"":42,""13"":32,""14"":19,""15"":4,""16"":6,""17"":30,""18"":21,""20"":4,""21"":9,""22"":8,""23"":26,""24"":17,""25"":7,""26"":1,""27"":5,""28"":5,""29"":2,""3"":137,""32"":3,""33"":1,""4"":193,""5"":154,""6"":106,""7"":32,""8"":62,""9"":16}","{""Diagonal CMA-ES"":{""attempts"":307,""discoveries"":0,""improvements"":0,""insertions"":0,""insertion_rate"":0.0},""Immigrant"":{""attempts"":134,""discoveries"":0,""improvements"":0,""insertions"":0,""insertion_rate"":0.0},""Morphology"":{""attempts"":315,""discoveries"":0,""improvements"":12,""insertions"":12,""insertion_rate"":0.0380952380952381},""Novelty"":{""attempts"":244,""discoveries"":1,""improvements"":4,""insertions"":5,""insertion_rate"":0.020491803278688523}}","{""Morphology"":224,""Novelty"":21}",2,0.8504672897196262,false,4000
42,27,28000,0.9099201860000001,0.039020699,0.03055167,0.003054929,0.0054141,1.0949268540000001,155.12279,15.01716,3375.3807366639376,178,0.9270833,58,4.803066844794789,34,0.19101123595505617,"{""10"":10,""11"":7,""12"":5,""3"":34,""4"":47,""5"":22,""6"":15,""7"":21,""8"":10,""9"":7}","{""10"":11,""11"":3,""12"":10,""13"":3,""14"":2,""16"":2,""17"":7,""18"":6,""19"":2,""20"":2,""21"":1,""22"":1,""23"":5,""24"":2,""27"":1,""28"":1,""3"":34,""4"":42,""5"":10,""6"":16,""7"":3,""8"":13,""9"":1}",156,5.596647945904621,151,0.151,"{""10"":37,""11"":42,""12"":34,""13"":5,""3"":151,""4"":257,""5"":157,""6"":76,""7"":122,""8"":66,""9"":53}","{""10"":71,""11"":9,""12"":54,""13"":22,""14"":6,""15"":13,""16"":10,""17"":43,""18"":20,""19"":2,""20"":3,""21"":9,""22"":8,""23"":38,""24"":9,""25"":8,""26"":2,""27"":4,""28"":9,""3"":151,""32"":1,""4"":211,""5"":113,""6"":80,""7"":40,""8"":53,""9"":11}","{""Diagonal CMA-ES"":{""attempts"":310,""discoveries"":0,""improvements"":1,""insertions"":1,""insertion_rate"":0.0032258064516129032},""Immigrant"":{""attempts"":147,""discoveries"":0,""improvements"":0,""insertions"":0,""insertion_rate"":0.0},""Morphology"":{""attempts"":300,""discoveries"":0,""improvements"":9,""insertions"":9,""insertion_rate"":0.03},""Novelty"":{""attempts"":243,""discoveries"":0,""improvements"":3,""insertions"":3,""insertion_rate"":0.012345679012345678}}","{""Morphology"":213,""Novelty"":18}",1,0.8518518518518519,false,5000
42,28,29000,0.9508191970000002,0.040899011,0.033423754,0.002680929,0.004794328,1.14246526,155.12279,15.289867,3555.8498349934816,178,0.9270833,58,4.81483231746433,33,0.1853932584269663,"{""10"":10,""11"":8,""12"":5,""3"":33,""4"":50,""5"":20,""6"":16,""7"":19,""8"":10,""9"":7}","{""10"":11,""11"":3,""12"":9,""13"":3,""14"":2,""16"":2,""17"":7,""18"":6,""19"":2,""20"":2,""21"":1,""22"":1,""23"":6,""24"":2,""27"":1,""28"":1,""3"":33,""4"":44,""5"":11,""6"":15,""7"":3,""8"":12,""9"":1}",155,5.387147648400019,168,0.168,"{""10"":29,""11"":34,""12"":23,""13"":9,""3"":168,""4"":293,""5"":187,""6"":70,""7"":88,""8"":56,""9"":43}","{""10"":36,""11"":7,""12"":48,""13"":18,""14"":4,""15"":10,""16"":9,""17"":34,""18"":16,""19"":2,""20"":3,""21"":4,""22"":4,""23"":30,""24"":12,""25"":3,""27"":7,""28"":4,""29"":2,""3"":168,""31"":1,""32"":1,""33"":1,""4"":252,""5"":121,""6"":105,""7"":39,""8"":48,""9"":11}","{""Diagonal CMA-ES"":{""attempts"":303,""discoveries"":0,""improvements"":0,""insertions"":0,""insertion_rate"":0.0},""Immigrant"":{""attempts"":160,""discoveries"":0,""improvements"":0,""insertions"":0,""insertion_rate"":0.0},""Morphology"":{""attempts"":295,""discoveries"":0,""improvements"":15,""insertions"":15,""insertion_rate"":0.05084745762711865},""Novelty"":{""attempts"":242,""discoveries"":0,""improvements"":1,""insertions"":1,""insertion_rate"":0.004132231404958678}}","{""Morphology"":209,""Novelty"":33}",1,0.8584070796460177,false,6000
42,29,30000,0.9870817920000001,0.036262595,0.028931001,0.002699926,0.004631668,1.185816051,155.12279,15.576148,3847.7805303782225,179,0.9322917,57,4.787240704526048,32,0.1787709497206704,"{""10"":10,""11"":7,""12"":5,""3"":32,""4"":52,""5"":21,""6"":15,""7"":20,""8"":12,""9"":5}","{""10"":10,""11"":3,""12"":11,""13"":3,""14"":2,""16"":3,""17"":5,""18"":6,""19"":2,""20"":2,""21"":1,""22"":1,""23"":5,""24"":2,""27"":1,""28"":1,""3"":32,""4"":46,""5"":11,""6"":17,""7"":3,""8"":11,""9"":1}",143,5.308031436324236,169,0.169,"{""10"":23,""11"":39,""12"":32,""13"":1,""3"":169,""4"":306,""5"":172,""6"":58,""7"":97,""8"":55,""9"":48}","{""10"":34,""11"":13,""12"":53,""13"":15,""14"":5,""15"":5,""16"":9,""17"":36,""18"":12,""19"":2,""20"":3,""21"":10,""22"":7,""23"":32,""24"":13,""25"":6,""27"":5,""28"":5,""3"":169,""4"":245,""5"":149,""6"":77,""7"":32,""8"":51,""9"":12}","{""Diagonal CMA-ES"":{""attempts"":322,""discoveries"":1,""improvements"":0,""insertions"":1,""insertion_rate"":0.003105590062111801},""Immigrant"":{""attempts"":132,""discoveries"":0,""improvements"":0,""insertions"":0,""insertion_rate"":0.0},""Morphology"":{""attempts"":311,""discoveries"":0,""improvements"":11,""insertions"":11,""insertion_rate"":0.03536977491961415},""Novelty"":{""attempts"":235,""discoveries"":0,""improvements"":3,""insertions"":3,""insertion_rate"":0.01276595744680851}}","{""Morphology"":203,""Novelty"":29}",1,0.8608695652173913,false,7000
42,30,31000,1.0268789850000002,0.039797193,0.032574832,0.003026434,0.004195927,1.233506433,155.12279,16.227785,3911.6467119902372,180,0.9375,58,4.7867595613023335,32,0.17777777777777778,"{""10"":9,""11"":7,""12"":5,""3"":32,""4"":55,""5"":18,""6"":14,""7"":21,""8"":13,""9"":6}","{""10"":9,""11"":3,""12"":11,""13"":4,""14"":2,""16"":4,""17"":5,""18"":5,""19"":2,""20"":3,""21"":1,""22"":1,""23"":5,""24"":2,""27"":1,""28"":1,""3"":32,""4"":48,""5"":11,""6"":15,""7"":3,""8"":11,""9"":1}",137,5.1047803478319445,181,0.181,"{""10"":17,""11"":19,""12"":16,""13"":4,""3"":181,""4"":259,""5"":188,""6"":66,""7"":72,""8"":148,""9"":30}","{""10"":44,""11"":5,""12"":125,""13"":12,""14"":9,""15"":5,""16"":14,""17"":14,""18"":12,""20"":5,""21"":6,""22"":2,""23"":17,""24"":5,""25"":4,""28"":7,""29"":1,""3"":181,""4"":203,""5"":142,""6"":99,""7"":25,""8"":47,""9"":16}","{""Diagonal CMA-ES"":{""attempts"":273,""discoveries"":1,""improvements"":0,""insertions"":1,""insertion_rate"":0.003663003663003663},""Immigrant"":{""attempts"":160,""discoveries"":0,""improvements"":0,""insertions"":0,""insertion_rate"":0.0},""Morphology"":{""attempts"":314,""discoveries"":0,""improvements"":7,""insertions"":7,""insertion_rate"":0.022292993630573247},""Novelty"":{""attempts"":253,""discoveries"":0,""improvements"":2,""insertions"":2,""insertion_rate"":0.007905138339920948}}","{""Morphology"":215,""Novelty"":21}",1,0.8620689655172413,false,8000
42,31,32000,1.0641602850000003,0.037281299999999996,0.029797732,0.00301931,0.004464258,1.277282278,155.12279,16.227785,3942.497810050845,180,0.9375,59,4.81767712466752,33,0.18333333333333332,"{""10"":9,""11"":7,""12"":5,""3"":33,""4"":53,""5"":19,""6"":15,""7"":19,""8"":14,""9"":6}","{""10"":8,""11"":2,""12"":11,""13"":4,""14"":2,""16"":4,""17"":5,""18"":5,""19"":2,""20"":3,""21"":1,""22"":1,""23"":5,""24"":2,""27"":1,""28"":1,""3"":33,""4"":46,""5"":12,""6"":15,""7"":3,""8"":11,""9"":3}",128,4.832596761153886,261,0.261,"{""10"":21,""11"":21,""12"":19,""13"":3,""3"":261,""4"":313,""5"":173,""6"":31,""7"":69,""8"":55,""9"":34}","{""10"":17,""11"":5,""12"":38,""13"":19,""14"":4,""15"":7,""16"":9,""17"":20,""18"":17,""19"":2,""20"":8,""21"":3,""22"":1,""23"":17,""24"":10,""25"":2,""27"":1,""28"":4,""29"":1,""3"":261,""4"":247,""5"":161,""6"":75,""7"":18,""8"":38,""9"":15}","{""Diagonal CMA-ES"":{""attempts"":305,""discoveries"":0,""improvements"":1,""insertions"":1,""insertion_rate"":0.003278688524590164},""Immigrant"":{""attempts"":164,""discoveries"":0,""improvements"":0,""insertions"":0,""insertion_rate"":0.0},""Morphology"":{""attempts"":277,""discoveries"":0,""improvements"":4,""insertions"":4,""insertion_rate"":0.01444043321299639},""Novelty"":{""attempts"":254,""discoveries"":0,""improvements"":2,""insertions"":2,""insertion_rate"":0.007874015748031496}}","{""Morphology"":189,""Novelty"":32}",3,0.8632478632478633,false,9000
42,32,33000,1.1002685300000004,0.036108245000000004,0.028895382,0.002081341,0.005131522,1.3185778479999999,155.12279,16.6951,4038.3478094786406,181,0.9427083,57,4.739597203145708,32,0.17679558011049723,"{""10"":9,""11"":6,""12"":4,""3"":32,""4"":57,""5"":18,""6"":15,""7"":19,""8"":14,""9"":7}","{""10"":8,""11"":1,""12"":12,""13"":4,""14"":2,""16"":4,""17"":6,""18"":5,""19"":2,""20"":3,""21"":1,""23"":4,""24"":2,""27"":1,""28"":1,""3"":32,""4"":50,""5"":12,""6"":14,""7"":3,""8"":11,""9"":3}",141,5.2293798057452285,215,0.215,"{""10"":25,""11"":25,""12"":21,""13"":3,""3"":215,""4"":286,""5"":185,""6"":38,""7"":78,""8"":74,""9"":50}","{""10"":24,""11"":6,""12"":43,""13"":22,""14"":8,""15"":4,""16"":9,""17"":27,""18"":17,""19"":2,""20"":11,""21"":4,""22"":4,""23"":20,""24"":9,""25"":4,""26"":1,""27"":1,""28"":6,""3"":215,""4"":216,""5"":147,""6"":98,""7"":22,""8"":56,""9"":24}","{""Diagonal CMA-ES"":{""attempts"":275,""discoveries"":1,""improvements"":0,""insertions"":1,""insertion_rate"":0.0036363636363636364},""Immigrant"":{""attempts"":165,""discoveries"":0,""improvements"":0,""insertions"":0,""insertion_rate"":0.0},""Morphology"":{""attempts"":318,""discoveries"":0,""improvements"":8,""insertions"":8,""insertion_rate"":0.025157232704402517},""Novelty"":{""attempts"":242,""discoveries"":0,""improvements"":2,""insertions"":2,""insertion_rate"":0.008264462809917356}}","{""Morphology"":215,""Novelty"":30}",1,0.8559322033898306,false,10000
42,33,34000,1.1377861040000004,0.037517574,0.030476869,0.002927889,0.004112816,1.363465009,155.12279,17.042633,4247.691518440843,181,0.9427083,58,4.693799286188487,33,0.18232044198895028,"{""10"":10,""11"":6,""12"":4,""3"":33,""4"":57,""5"":15,""6"":17,""7"":17,""8"":13,""9"":9}","{""10"":7,""11"":1,""12"":12,""13"":4,""14"":2,""15"":1,""16"":4,""17"":7,""18"":5,""19"":2,""20"":3,""21"":1,""23"":4,""24"":2,""27"":1,""28"":1,""3"":33,""4"":51,""5"":10,""6"":13,""7"":3,""8"":11,""9"":3}",144,5.105363666884508,194,0.194,"{""10"":21,""11"":15,""12"":21,""13"":3,""3"":194,""4"":327,""5"":177,""6"":49,""7"":66,""8"":86,""9"":41}","{""10"":25,""11"":4,""12"":47,""13"":24,""14"":5,""15"":7,""16"":16,""17"":21,""18"":14,""19"":1,""20"":9,""21"":4,""22"":1,""23"":11,""24"":13,""25"":2,""27"":4,""28"":5,""29"":1,""3"":194,""4"":274,""5"":131,""6"":89,""7"":21,""8"":53,""9"":24}","{""Diagonal CMA-ES"":{""attempts"":289,""discoveries"":0,""improvements"":2,""insertions"":2,""insertion_rate"":0.006920415224913495},""Immigrant"":{""attempts"":135,""discoveries"":0,""improvements"":0,""insertions"":0,""insertion_rate"":0.0},""Morphology"":{""attempts"":321,""discoveries"":0,""improvements"":9,""insertions"":9,""insertion_rate"":0.028037383177570093},""Novelty"":{""attempts"":255,""discoveries"":0,""improvements"":1,""insertions"":1,""insertion_rate"":0.00392156862745098}}","{""Morphology"":230,""Novelty"":22}",2,0.8571428571428571,false,11000
42,34,35000,1.1780665300000004,0.040280426,0.035882658,0.001590985,0.002806783,1.407576861,155.12279,17.550093,4282.46894704923,181,0.9427083,58,4.686895500764157,32,0.17679558011049723,"{""10"":9,""11"":6,""12"":4,""13"":1,""3"":32,""4"":58,""5"":15,""6"":15,""7"":20,""8"":11,""9"":10}","{""10"":6,""11"":1,""12"":14,""13"":4,""14"":3,""15"":1,""16"":3,""17"":7,""18"":5,""19"":2,""20"":3,""23"":4,""24"":2,""25"":1,""27"":1,""28"":1,""3"":32,""4"":52,""5"":10,""6"":13,""7"":3,""8"":11,""9"":2}",133,4.805414582751436,210,0.21,"{""10"":25,""11"":18,""12"":15,""13"":4,""3"":210,""4"":366,""5"":164,""6"":33,""7"":64,""8"":52,""9"":49}","{""10"":12,""11"":3,""12"":34,""13"":15,""14"":7,""15"":13,""16"":15,""17"":24,""18"":18,""19"":2,""20"":6,""21"":4,""23"":14,""24"":9,""25"":4,""28"":3,""29"":1,""3"":210,""33"":1,""4"":305,""5"":145,""6"":77,""7"":17,""8"":45,""9"":16}","{""Diagonal CMA-ES"":{""attempts"":323,""discoveries"":0,""improvements"":2,""insertions"":2,""insertion_rate"":0.006191950464396285},""Immigrant"":{""attempts"":133,""discoveries"":0,""improvements"":0,""insertions"":0,""insertion_rate"":0.0},""Morphology"":{""attempts"":305,""discoveries"":0,""improvements"":6,""insertions"":6,""insertion_rate"":0.019672131147540985},""Novelty"":{""attempts"":239,""discoveries"":0,""improvements"":0,""insertions"":0,""insertion_rate"":0.0}}","{""Morphology"":203,""Novelty"":29}",2,0.860655737704918,false,12000
42,35,36000,1.2152552200000004,0.03718869,0.031931314,0.001854567,0.003402809,1.451226852,155.12279,17.694498,4352.155042827129,181,0.9427083,56,4.612024677646512,32,0.17679558011049723,"{""10"":8,""11"":7,""12"":5,""13"":1,""3"":32,""4"":60,""5"":13,""6"":13,""7"":19,""8"":12,""9"":11}","{""10"":5,""11"":1,""12"":14,""13"":4,""14"":3,""15"":1,""16"":3,""17"":8,""18"":4,""19"":2,""20"":3,""23"":5,""24"":2,""25"":2,""27"":1,""28"":1,""3"":32,""4"":55,""5"":8,""6"":12,""7"":2,""8"":10,""9"":3}",120,4.840865734434231,219,0.219,"{""10"":30,""11"":24,""12"":17,""13"":6,""14"":2,""3"":219,""4"":325,""5"":155,""6"":40,""7"":91,""8"":52,""9"":39}","{""10"":16,""11"":1,""12"":61,""13"":20,""14"":7,""15"":6,""16"":5,""17"":29,""18"":18,""19"":5,""20"":10,""21"":2,""23"":18,""24"":8,""25"":5,""26"":3,""27"":2,""28"":6,""29"":1,""3"":219,""4"":274,""5"":135,""6"":63,""7"":17,""8"":51,""9"":18}","{""Diagonal CMA-ES"":{""attempts"":307,""discoveries"":0,""improvements"":3,""insertions"":3,""insertion_rate"":0.009771986970684038},""Immigrant"":{""attempts"":139,""discoveries"":0,""improvements"":0,""insertions"":0,""insertion_rate"":0.0},""Morphology"":{""attempts"":281,""discoveries"":0,""improvements"":8,""insertions"":8,""insertion_rate"":0.028469750889679714},""Novelty"":{""attempts"":273,""discoveries"":0,""improvements"":3,""insertions"":3,""insertion_rate"":0.01098901098901099}}","{""Morphology"":178,""Novelty"":36}",1,0.8617886178861789,false,13000
42,36,37000,1.2546321090000003,0.039376889000000005,0.032841976,0.001722776,0.004812137,1.497011613,155.12279,18.339867,4448.774151980877,181,0.9427083,54,4.494932867630009,33,0.18232044198895028,"{""10"":7,""11"":8,""12"":5,""13"":1,""3"":33,""4"":61,""5"":11,""6"":12,""7"":19,""8"":12,""9"":12}","{""10"":5,""11"":1,""12"":14,""13"":4,""14"":3,""15"":1,""16"":2,""17"":9,""18"":4,""19"":2,""20"":3,""21"":1,""23"":5,""24"":2,""25"":2,""27"":1,""28"":1,""3"":33,""4"":58,""5"":6,""6"":11,""7"":2,""8"":8,""9"":3}",128,4.82876695944503,213,0.213,"{""10"":24,""11"":21,""12"":24,""13"":8,""14"":4,""3"":213,""4"":347,""5"":169,""6"":37,""7"":63,""8"":54,""9"":36}","{""10"":13,""11"":2,""12"":44,""13"":19,""14"":6,""15"":1,""16"":7,""17"":21,""18"":17,""20"":9,""21"":7,""22"":2,""23"":14,""24"":13,""25"":9,""26"":3,""27"":3,""28"":3,""29"":1,""3"":213,""30"":1,""31"":1,""33"":1,""4"":280,""5"":130,""6"":99,""7"":19,""8"":38,""9"":24}","{""Diagonal CMA-ES"":{""attempts"":301,""discoveries"":0,""improvements"":1,""insertions"":1,""insertion_rate"":0.0033222591362126247},""Immigrant"":{""attempts"":160,""discoveries"":0,""improvements"":0,""insertions"":0,""insertion_rate"":0.0},""Morphology"":{""attempts"":296,""discoveries"":0,""improvements"":12,""insertions"":12,""insertion_rate"":0.04054054054054054},""Novelty"":{""attempts"":243,""discoveries"":0,""improvements"":1,""insertions"":1,""insertion_rate"":0.00411522633744856}}","{""Morphology"":192,""Novelty"":41}",1,0.864,false,14000
42,37,38000,1.2932728700000002,0.038640761,0.03122487,0.002830529,0.004585362,1.542719199,155.12279,19.489285,4583.525697886944,181,0.9427083,52,4.456382005593062,33,0.18232044198895028,"{""10"":7,""11"":9,""12"":5,""13"":1,""3"":33,""4"":61,""5"":11,""6"":12,""7"":19,""8"":12,""9"":11}","{""10"":5,""11"":1,""12"":14,""13"":3,""14"":2,""15"":1,""16"":3,""17"":9,""18"":4,""19"":2,""20"":3,""21"":1,""23"":6,""24"":2,""25"":2,""27"":1,""28"":1,""3"":33,""4"":58,""5"":6,""6"":11,""7"":1,""8"":9,""9"":3}",120,4.867052866716286,220,0.22,"{""10"":32,""11"":47,""12"":25,""13"":7,""14"":4,""3"":220,""4"":284,""5"":159,""6"":26,""7"":90,""8"":55,""9"":51}","{""10"":8,""11"":3,""12"":82,""13"":19,""14"":3,""15"":2,""16"":4,""17"":44,""18"":18,""19"":3,""20"":8,""21"":9,""22"":1,""23"":42,""24"":12,""25"":9,""26"":1,""27"":2,""28"":9,""29"":1,""3"":220,""30"":2,""4"":230,""5"":122,""6"":88,""7"":14,""8"":19,""9"":25}","{""Diagonal CMA-ES"":{""attempts"":291,""discoveries"":0,""improvements"":0,""insertions"":0,""insertion_rate"":0.0},""Immigrant"":{""attempts"":155,""discoveries"":0,""improvements"":0,""insertions"":0,""insertion_rate"":0.0},""Morphology"":{""attempts"":306,""discoveries"":0,""improvements"":11,""insertions"":11,""insertion_rate"":0.03594771241830065},""Novelty"":{""attempts"":248,""discoveries"":0,""improvements"":2,""insertions"":2,""insertion_rate"":0.008064516129032258}}","{""Morphology"":209,""Novelty"":26}",0,0.8582677165354331,false,15000
42,38,39000,1.3302870280000003,0.037014158,0.030658527,0.002927888,0.003427743,1.586803743,155.12279,19.489285,4596.547819554806,181,0.9427083,53,4.480495419828421,33,0.18232044198895028,"{""10"":8,""11"":9,""12"":5,""13"":1,""3"":33,""4"":61,""5"":11,""6"":13,""7"":17,""8"":11,""9"":12}","{""10"":5,""11"":1,""12"":14,""13"":2,""14"":2,""15"":1,""16"":2,""17"":10,""18"":4,""19"":2,""20"":2,""21"":2,""23"":6,""24"":2,""25"":2,""27"":1,""28"":1,""3"":33,""4"":58,""5"":6,""6"":11,""7"":1,""8"":9,""9"":4}",120,4.7176014536891975,204,0.204,"{""10"":21,""11"":27,""12"":25,""13"":12,""14"":5,""3"":204,""4"":340,""5"":138,""6"":29,""7"":106,""8"":52,""9"":41}","{""10"":11,""11"":1,""12"":93,""13"":11,""14"":10,""15"":6,""16"":6,""17"":33,""18"":16,""19"":1,""20"":5,""21"":5,""23"":23,""24"":19,""25"":6,""26"":3,""27"":2,""28"":5,""29"":6,""3"":204,""4"":296,""5"":113,""6"":71,""7"":6,""8"":24,""9"":24}","{""Diagonal CMA-ES"":{""attempts"":331,""discoveries"":0,""improvements"":0,""insertions"":0,""insertion_rate"":0.0},""Immigrant"":{""attempts"":132,""discoveries"":0,""improvements"":0,""insertions"":0,""insertion_rate"":0.0},""Morphology"":{""attempts"":301,""discoveries"":0,""improvements"":4,""insertions"":4,""insertion_rate"":0.013289036544850499},""Novelty"":{""attempts"":236,""discoveries"":0,""improvements"":2,""insertions"":2,""insertion_rate"":0.00847457627118644}}","{""Morphology"":198,""Novelty"":25}",3,0.859375,false,16000
42,39,40000,1.3679304560000003,0.037643428,0.030838997,0.002633437,0.004170994,1.630866916,155.12279,19.854332,4727.495191037655,181,0.9427083,52,4.43401223748725,33,0.18232044198895028,"{""10"":8,""11"":8,""12"":5,""13"":1,""3"":33,""4"":62,""5"":11,""6"":13,""7"":17,""8"":11,""9"":12}","{""10"":5,""11"":1,""12"":15,""13"":2,""14"":2,""15"":1,""16"":2,""17"":10,""18"":4,""19"":2,""20"":2,""21"":2,""23"":5,""24"":2,""25"":2,""27"":1,""28"":1,""3"":33,""4"":59,""5"":6,""6"":11,""7"":1,""8"":8,""9"":4}",134,4.910489668792501,233,0.233,"{""10"":37,""11"":24,""12"":25,""13"":12,""14"":2,""3"":233,""4"":327,""5"":153,""6"":35,""7"":54,""8"":48,""9"":50}","{""10"":16,""11"":3,""12"":46,""13"":14,""14"":3,""15"":12,""16"":4,""17"":36,""18"":10,""19"":4,""20"":6,""21"":13,""22"":1,""23"":21,""24"":17,""25"":12,""26"":1,""28"":6,""3"":233,""30"":1,""4"":267,""5"":121,""6"":86,""7"":15,""8"":24,""9"":28}","{""Diagonal CMA-ES"":{""attempts"":297,""discoveries"":0,""improvements"":1,""insertions"":1,""insertion_rate"":0.003367003367003367},""Immigrant"":{""attempts"":148,""discoveries"":0,""improvements"":0,""insertions"":0,""insertion_rate"":0.0},""Morphology"":{""attempts"":299,""discoveries"":0,""improvements"":8,""insertions"":8,""insertion_rate"":0.026755852842809364},""Novelty"":{""attempts"":256,""discoveries"":0,""improvements"":0,""insertions"":0,""insertion_rate"":0.0}}","{""Morphology"":201,""Novelty"":34}",0,0.8604651162790697,false,17000
42,40,41000,1.4084293440000002,0.040498888,0.033040255,0.002698738,0.004759895,1.677227518,155.12279,19.85562,4775.771216779947,181,0.9427083,52,4.409121935941404,33,0.18232044198895028,"{""10"":8,""11"":8,""12"":5,""13"":1,""3"":33,""4"":62,""5"":12,""6"":13,""7"":17,""8"":11,""9"":11}","{""10"":5,""11"":1,""12"":14,""13"":2,""14"":2,""15"":1,""16"":2,""17"":9,""18"":4,""19"":2,""20"":2,""21"":2,""23"":5,""24"":2,""25"":2,""27"":1,""28"":1,""3"":33,""4"":59,""5"":6,""6"":12,""7"":1,""8"":8,""9"":5}",123,4.7241308719580815,246,0.246,"{""10"":28,""11"":23,""12"":24,""13"":10,""14"":2,""3"":246,""4"":318,""5"":177,""6"":42,""7"":32,""8"":44,""9"":54}","{""10"":13,""11"":2,""12"":28,""13"":12,""14"":9,""15"":9,""16"":3,""17"":36,""18"":15,""19"":3,""20"":3,""21"":6,""22"":3,""23"":14,""24"":18,""25"":8,""26"":1,""27"":2,""28"":6,""3"":246,""30"":1,""4"":273,""5"":128,""6"":105,""7"":12,""8"":24,""9"":20}","{""Diagonal CMA-ES"":{""attempts"":323,""discoveries"":0,""improvements"":2,""insertions"":2,""insertion_rate"":0.006191950464396285},""Immigrant"":{""attempts"":136,""discoveries"":0,""improvements"":0,""insertions"":0,""insertion_rate"":0.0},""Morphology"":{""attempts"":296,""discoveries"":0,""improvements"":6,""insertions"":6,""insertion_rate"":0.02027027027027027},""Novelty"":{""attempts"":245,""discoveries"":0,""improvements"":1,""insertions"":1,""insertion_rate"":0.004081632653061225}}","{""Morphology"":213,""Novelty"":29}",0,0.8604651162790697,false,18000
42,41,42000,1.447150842,0.038721498,0.031210622,0.002863774,0.004647102,1.722916108,155.12279,19.85562,4782.866750150919,181,0.9427083,52,4.404399543829397,33,0.18232044198895028,"{""10"":8,""11"":8,""12"":5,""13"":1,""3"":33,""4"":62,""5"":12,""6"":13,""7"":17,""8"":11,""9"":11}","{""10"":5,""11"":1,""12"":14,""13"":2,""14"":2,""15"":1,""16"":2,""17"":9,""18"":4,""19"":2,""20"":2,""21"":2,""23"":5,""24"":2,""25"":2,""27"":1,""28"":1,""3"":33,""4"":59,""5"":6,""6"":12,""7"":1,""8"":8,""9"":5}",138,4.92120234436232,215,0.215,"{""10"":20,""11"":23,""12"":20,""13"":12,""14"":2,""3"":215,""4"":264,""5"":197,""6"":31,""7"":73,""8"":79,""9"":64}","{""10"":14,""11"":3,""12"":68,""13"":10,""14"":43,""15"":13,""16"":4,""17"":36,""18"":8,""19"":2,""20"":8,""21"":7,""23"":18,""24"":13,""25"":10,""26"":2,""27"":3,""28"":3,""29"":2,""3"":215,""30"":1,""4"":233,""5"":114,""6"":114,""7"":16,""8"":19,""9"":21}","{""Diagonal CMA-ES"":{""attempts"":302,""discoveries"":0,""improvements"":0,""insertions"":0,""insertion_rate"":0.0},""Immigrant"":{""attempts"":163,""discoveries"":0,""improvements"":0,""insertions"":0,""insertion_rate"":0.0},""Morphology"":{""attempts"":296,""discoveries"":0,""improvements"":3,""insertions"":3,""insertion_rate"":0.010135135135135136},""Novelty"":{""attempts"":239,""discoveries"":0,""improvements"":0,""insertions"":0,""insertion_rate"":0.0}}","{""Morphology"":202,""Novelty"":31}",0,0.8636363636363636,false,19000
42,42,43000,1.4881780820000001,0.04102724,0.033474808,0.002943323,0.004609109,1.7725536659999999,155.12279,19.98016,4868.387137778103,181,0.9427083,53,4.4074896784180115,33,0.18232044198895028,"{""10"":10,""11"":8,""12"":6,""13"":1,""3"":33,""4"":63,""5"":12,""6"":12,""7"":15,""8"":11,""9"":10}","{""10"":5,""11"":1,""12"":13,""13"":2,""14"":2,""15"":2,""16"":2,""17"":8,""18"":5,""19"":2,""20"":2,""21"":2,""23"":5,""24"":3,""25"":2,""27"":1,""28"":1,""3"":33,""4"":60,""5"":6,""6"":12,""7"":1,""8"":7,""9"":4}",128,4.840243992607752,205,0.205,"{""10"":85,""11"":30,""12"":19,""13"":10,""14"":1,""3"":205,""4"":312,""5"":163,""6"":40,""7"":40,""8"":61,""9"":34}","{""10"":9,""11"":3,""12"":35,""13"":10,""14"":26,""15"":5,""16"":7,""17"":23,""18"":13,""19"":61,""20"":8,""21"":8,""22"":1,""23"":20,""24"":11,""25"":5,""26"":4,""27"":5,""28"":2,""29"":1,""3"":205,""30"":1,""4"":263,""5"":118,""6"":93,""7"":16,""8"":27,""9"":20}","{""Diagonal CMA-ES"":{""attempts"":288,""discoveries"":0,""improvements"":1,""insertions"":1,""insertion_rate"":0.003472222222222222},""Immigrant"":{""attempts"":145,""discoveries"":0,""improvements"":0,""insertions"":0,""insertion_rate"":0.0},""Morphology"":{""attempts"":304,""discoveries"":0,""improvements"":8,""insertions"":8,""insertion_rate"":0.02631578947368421},""Novelty"":{""attempts"":263,""discoveries"":0,""improvements"":0,""insertions"":0,""insertion_rate"":0.0}}","{""Morphology"":198,""Novelty"":29}",3,0.8636363636363636,false,20000
42,43,44000,1.5302857680000002,0.042107686,0.03792838,0.001574364,0.002604942,1.819864111,155.12279,20.182852,4894.575112491846,181,0.9427083,51,4.3980722121844975,33,0.18232044198895028,"{""10"":10,""11"":9,""12"":5,""13"":1,""3"":33,""4"":62,""5"":12,""6"":12,""7"":15,""8"":11,""9"":11}","{""10"":5,""11"":1,""12"":14,""13"":2,""14"":2,""15"":2,""16"":2,""17"":8,""18"":5,""19"":2,""20"":2,""21"":2,""23"":6,""24"":3,""25"":1,""27"":1,""28"":1,""3"":33,""4"":59,""5"":6,""6"":12,""7"":1,""8"":7,""9"":4}",114,4.908835360635799,194,0.194,"{""10"":64,""11"":31,""12"":27,""13"":12,""14"":1,""3"":194,""4"":321,""5"":177,""6"":34,""7"":60,""8"":50,""9"":29}","{""10"":10,""11"":2,""12"":50,""13"":13,""14"":6,""15"":8,""16"":8,""17"":24,""18"":12,""19"":34,""20"":5,""21"":8,""23"":25,""24"":21,""25"":7,""27"":3,""28"":4,""29"":1,""3"":194,""31"":2,""33"":2,""4"":263,""5"":130,""6"":109,""7"":11,""8"":25,""9"":23}","{""Diagonal CMA-ES"":{""attempts"":288,""discoveries"":0,""improvements"":1,""insertions"":1,""insertion_rate"":0.003472222222222222},""Immigrant"":{""attempts"":172,""discoveries"":0,""improvements"":0,""insertions"":0,""insertion_rate"":0.0},""Morphology"":{""attempts"":282,""discoveries"":0,""improvements"":6,""insertions"":6,""insertion_rate"":0.02127659574468085},""Novelty"":{""attempts"":258,""discoveries"":0,""improvements"":1,""insertions"":1,""insertion_rate"":0.003875968992248062}}","{""Morphology"":184,""Novelty"":36}",0,0.8636363636363636,false,21000
42,44,45000,1.56591553,0.035629761999999995,0.029437979,0.002708237,0.003483546,1.862325612,155.12279,20.742994,4991.480359703302,181,0.9427083,50,4.334761762971958,34,0.1878453038674033,"{""10"":9,""11"":9,""12"":5,""13"":1,""3"":34,""4"":64,""5"":12,""6"":11,""7"":15,""8"":11,""9"":10}","{""10"":5,""11"":1,""12"":13,""13"":1,""14"":2,""15"":2,""16"":2,""17"":8,""18"":4,""19"":2,""20"":2,""21"":2,""23"":6,""24"":3,""25"":1,""27"":1,""28"":1,""3"":34,""4"":60,""5"":7,""6"":12,""7"":1,""8"":6,""9"":5}",121,4.810501105652969,193,0.193,"{""10"":32,""11"":51,""12"":40,""13"":15,""14"":2,""3"":193,""4"":336,""5"":167,""6"":42,""7"":43,""8"":36,""9"":43}","{""10"":12,""11"":4,""12"":42,""13"":7,""15"":7,""16"":8,""17"":29,""18"":12,""19"":5,""20"":5,""21"":4,""22"":1,""23"":46,""24"":27,""25"":13,""26"":2,""27"":6,""28"":6,""29"":2,""3"":193,""4"":286,""5"":117,""6"":98,""7"":18,""8"":29,""9"":21}","{""Diagonal CMA-ES"":{""attempts"":303,""discoveries"":0,""improvements"":0,""insertions"":0,""insertion_rate"":0.0},""Immigrant"":{""attempts"":132,""discoveries"":0,""improvements"":0,""insertions"":0,""insertion_rate"":0.0},""Morphology"":{""attempts"":319,""discoveries"":0,""improvements"":8,""insertions"":8,""insertion_rate"":0.025078369905956112},""Novelty"":{""attempts"":246,""discoveries"":0,""improvements"":1,""insertions"":1,""insertion_rate"":0.0040650406504065045}}","{""Morphology"":216,""Novelty"":27}",0,0.8636363636363636,false,22000
42,45,46000,1.605218806,0.039303276,0.032349246,0.002835278,0.004118752,1.908383453,155.12279,20.742994,5000.952623039484,181,0.9427083,50,4.318510224208834,35,0.19337016574585636,"{""10"":9,""11"":9,""12"":5,""13"":1,""3"":35,""4"":64,""5"":11,""6"":11,""7"":15,""8"":11,""9"":10}","{""10"":5,""11"":1,""12"":13,""13"":1,""14"":2,""15"":2,""16"":2,""17"":8,""18"":4,""19"":2,""20"":2,""21"":2,""23"":6,""24"":3,""25"":1,""27"":1,""28"":1,""3"":35,""4"":60,""5"":7,""6"":11,""7"":1,""8"":6,""9"":5}",122,4.8412181982550635,229,0.229,"{""10"":42,""11"":34,""12"":47,""13"":13,""14"":4,""3"":229,""4"":334,""5"":159,""6"":34,""7"":36,""8"":42,""9"":26}","{""10"":14,""11"":3,""12"":29,""13"":3,""15"":19,""16"":12,""17"":17,""18"":14,""19"":7,""20"":4,""21"":9,""22"":2,""23"":19,""24"":34,""25"":11,""26"":3,""27"":4,""28"":8,""29"":4,""3"":229,""33"":2,""4"":254,""5"":135,""6"":100,""7"":10,""8"":25,""9"":29}","{""Diagonal CMA-ES"":{""attempts"":298,""discoveries"":0,""improvements"":1,""insertions"":1,""insertion_rate"":0.003355704697986577},""Immigrant"":{""attempts"":143,""discoveries"":0,""improvements"":0,""insertions"":0,""insertion_rate"":0.0},""Morphology"":{""attempts"":311,""discoveries"":0,""improvements"":0,""insertions"":0,""insertion_rate"":0.0},""Novelty"":{""attempts"":248,""discoveries"":0,""improvements"":0,""insertions"":0,""insertion_rate"":0.0}}","{""Morphology"":208,""Novelty"":28}",0,0.8666666666666667,false,23000
42,46,47000,1.639368002,0.034149196,0.029543649,0.001707341,0.002898206,1.9480690410000001,155.12279,21.0519,5090.92506185174,181,0.9427083,50,4.359751467440684,37,0.20441988950276244,"{""10"":11,""11"":9,""12"":5,""13"":1,""3"":37,""4"":59,""5"":13,""6"":11,""7"":15,""8"":11,""9"":9}","{""10"":5,""11"":1,""12"":12,""13"":1,""14"":2,""15"":3,""16"":2,""17"":8,""18"":5,""19"":2,""20"":2,""21"":2,""23"":6,""24"":3,""25"":1,""27"":1,""28"":1,""3"":37,""4"":56,""5"":7,""6"":12,""7"":1,""8"":6,""9"":5}",117,4.829099821206253,213,0.213,"{""10"":46,""11"":43,""12"":34,""13"":16,""14"":3,""3"":213,""4"":323,""5"":171,""6"":35,""7"":40,""8"":47,""9"":29}","{""10"":20,""11"":7,""12"":38,""13"":5,""14"":5,""15"":13,""16"":15,""17"":26,""18"":16,""19"":4,""20"":2,""21"":13,""23"":34,""24"":24,""25"":14,""26"":2,""27"":2,""28"":6,""29"":1,""3"":213,""30"":2,""31"":1,""4"":270,""5"":127,""6"":91,""7"":11,""8"":15,""9"":23}","{""Diagonal CMA-ES"":{""attempts"":288,""discoveries"":0,""improvements"":1,""insertions"":1,""insertion_rate"":0.003472222222222222},""Immigrant"":{""attempts"":145,""discoveries"":0,""improvements"":0,""insertions"":0,""insertion_rate"":0.0},""Morphology"":{""attempts"":327,""discoveries"":0,""improvements"":6,""insertions"":6,""insertion_rate"":0.01834862385321101},""Novelty"":{""attempts"":240,""discoveries"":0,""improvements"":0,""insertions"":0,""insertion_rate"":0.0}}","{""Morphology"":209,""Novelty"":21}",1,0.8666666666666667,false,24000
42,47,48000,1.676217123,0.036849121000000006,0.031913505,0.002188198,0.002747418,1.990953222,155.12279,22.254507,5142.413576751947,181,0.9427083,49,4.302559692093372,36,0.19889502762430938,"{""10"":11,""11"":9,""12"":5,""13"":1,""3"":36,""4"":62,""5"":13,""6"":10,""7"":15,""8"":11,""9"":8}","{""10"":5,""11"":1,""12"":12,""13"":1,""14"":2,""15"":3,""16"":2,""17"":7,""18"":5,""19"":2,""20"":2,""21"":2,""23"":6,""24"":3,""25"":1,""27"":1,""28"":1,""3"":36,""4"":59,""5"":7,""6"":11,""7"":1,""8"":6,""9"":5}",117,4.768648406732692,243,0.243,"{""10"":32,""11"":29,""12"":45,""13"":12,""14"":4,""3"":243,""4"":314,""5"":161,""6"":35,""7"":45,""8"":55,""9"":25}","{""10"":14,""11"":6,""12"":29,""13"":5,""14"":1,""15"":12,""16"":9,""17"":23,""18"":15,""19"":6,""20"":4,""21"":4,""23"":17,""24"":27,""25"":12,""27"":9,""28"":10,""29"":2,""3"":243,""4"":254,""5"":139,""6"":78,""7"":10,""8"":34,""9"":37}","{""Diagonal CMA-ES"":{""attempts"":312,""discoveries"":0,""improvements"":0,""insertions"":0,""insertion_rate"":0.0},""Immigrant"":{""attempts"":149,""discoveries"":0,""improvements"":0,""insertions"":0,""insertion_rate"":0.0},""Morphology"":{""attempts"":299,""discoveries"":0,""improvements"":6,""insertions"":6,""insertion_rate"":0.020066889632107024},""Novelty"":{""attempts"":240,""discoveries"":0,""improvements"":1,""insertions"":1,""insertion_rate"":0.004166666666666667}}","{""Morphology"":197,""Novelty"":28}",0,0.8666666666666667,false,25000
42,48,49000,1.717207556,0.040990433,0.033215976,0.003350568,0.004423889,2.039674182,155.12279,22.294455,5225.659330040216,181,0.9427083,51,4.343615883619187,37,0.20441988950276244,"{""10"":11,""11"":9,""12"":6,""13"":1,""3"":37,""4"":61,""5"":13,""6"":9,""7"":15,""8"":11,""9"":8}","{""10"":5,""11"":1,""12"":12,""13"":1,""14"":2,""15"":3,""16"":2,""17"":7,""18"":5,""19"":3,""20"":2,""21"":2,""23"":5,""24"":3,""25"":2,""27"":1,""28"":1,""3"":37,""4"":58,""5"":7,""6"":11,""7"":1,""8"":5,""9"":5}",114,4.722572144390212,254,0.254,"{""10"":53,""11"":36,""12"":40,""13"":13,""14"":2,""3"":254,""4"":294,""5"":154,""6"":72,""7"":26,""8"":40,""9"":16}","{""10"":50,""11"":1,""12"":21,""13"":5,""15"":14,""16"":8,""17"":30,""18"":15,""19"":11,""20"":5,""21"":5,""22"":3,""23"":18,""24"":30,""25"":10,""26"":2,""27"":5,""28"":5,""3"":254,""30"":2,""34"":1,""4"":226,""5"":153,""6"":72,""7"":7,""8"":24,""9"":23}","{""Diagonal CMA-ES"":{""attempts"":300,""discoveries"":0,""improvements"":0,""insertions"":0,""insertion_rate"":0.0},""Immigrant"":{""attempts"":177,""discoveries"":0,""improvements"":0,""insertions"":0,""insertion_rate"":0.0},""Morphology"":{""attempts"":280,""discoveries"":0,""improvements"":6,""insertions"":6,""insertion_rate"":0.02142857142857143},""Novelty"":{""attempts"":243,""discoveries"":0,""improvements"":0,""insertions"":0,""insertion_rate"":0.0}}","{""Morphology"":184,""Novelty"":19}",2,0.8666666666666667,false,26000
42,49,50000,1.7540317429999999,0.036824186999999994,0.028808709,0.002836465,0.005179013,2.084427177,155.12279,23.046642,5245.2158080637455,181,0.9427083,50,4.341629664116506,37,0.20441988950276244,"{""10"":12,""11"":9,""12"":6,""13"":1,""3"":37,""4"":60,""5"":13,""6"":11,""7"":14,""8"":10,""9"":8}","{""10"":6,""12"":12,""13"":1,""14"":2,""15"":4,""16"":2,""17"":7,""18"":5,""19"":3,""20"":2,""21"":2,""23"":5,""24"":3,""25"":2,""27"":1,""28"":1,""3"":37,""4"":57,""5"":7,""6"":11,""7"":1,""8"":6,""9"":4}",120,4.8827178710113195,235,0.235,"{""10"":41,""11"":31,""12"":42,""13"":16,""14"":1,""3"":235,""4"":325,""5"":171,""6"":36,""7"":35,""8"":40,""9"":27}","{""10"":19,""11"":4,""12"":27,""13"":1,""14"":4,""15"":16,""16"":7,""17"":20,""18"":16,""19"":8,""20"":6,""21"":7,""22"":3,""23"":19,""24"":23,""25"":16,""26"":1,""27"":7,""28"":7,""29"":3,""3"":235,""30"":1,""4"":242,""5"":157,""6"":91,""7"":14,""8"":22,""9"":24}","{""Diagonal CMA-ES"":{""attempts"":277,""discoveries"":0,""improvements"":0,""insertions"":0,""insertion_rate"":0.0},""Immigrant"":{""attempts"":142,""discoveries"":0,""improvements"":0,""insertions"":0,""insertion_rate"":0.0},""Morphology"":{""attempts"":316,""discoveries"":0,""improvements"":4,""insertions"":4,""insertion_rate"":0.012658227848101266},""Novelty"":{""attempts"":265,""discoveries"":0,""improvements"":1,""insertions"":1,""insertion_rate"":0.0037735849056603774}}","{""Morphology"":214,""Novelty"":31}",1,0.8676470588235294,false,27000
42,50,51000,1.7916300529999998,0.037598309999999996,0.031917067,0.00184863,0.003832613,2.128255264,155.12279,24.087402,5263.370651394129,181,0.9427083,50,4.336907272004499,37,0.20441988950276244,"{""10"":11,""11"":10,""12"":5,""13"":1,""3"":37,""4"":61,""5"":13,""6"":11,""7"":14,""8"":10,""9"":8}","{""10"":6,""12"":12,""13"":1,""14"":2,""15"":3,""16"":3,""17"":7,""18"":5,""19"":3,""20"":2,""21"":2,""23"":5,""24"":3,""25"":2,""28"":1,""3"":37,""4"":58,""5"":7,""6"":11,""7"":1,""8"":6,""9"":4}",141,4.925520256391225,231,0.231,"{""10"":85,""11"":54,""12"":39,""13"":17,""3"":231,""4"":265,""5"":136,""6"":29,""7"":76,""8"":42,""9"":26}","{""10"":63,""11"":10,""12"":18,""13"":1,""14"":2,""15"":18,""16"":7,""17"":19,""18"":15,""19"":56,""20"":10,""21"":3,""22"":2,""23"":26,""24"":27,""25"":12,""26"":3,""27"":3,""28"":5,""29"":3,""3"":231,""30"":1,""4"":216,""5"":110,""6"":70,""7"":17,""8"":20,""9"":32}","{""Diagonal CMA-ES"":{""attempts"":299,""discoveries"":0,""improvements"":0,""insertions"":0,""insertion_rate"":0.0},""Immigrant"":{""attempts"":148,""discoveries"":0,""improvements"":0,""insertions"":0,""insertion_rate"":0.0},""Morphology"":{""attempts"":310,""discoveries"":0,""improvements"":8,""insertions"":8,""insertion_rate"":0.025806451612903226},""Novelty"":{""attempts"":243,""discoveries"":0,""improvements"":0,""insertions"":0,""insertion_rate"":0.0}}","{""Morphology"":192,""Novelty"":25}",1,0.8676470588235294,false,28000
42,51,52000,1.8311422949999998,0.039512242,0.03100047,0.003130917,0.005380855,2.175284318,155.12279,24.087402,5284.595095783472,181,0.9427083,51,4.34850873869019,37,0.20441988950276244,"{""10"":9,""11"":10,""12"":7,""13"":1,""3"":37,""4"":61,""5"":13,""6"":11,""7"":14,""8"":10,""9"":8}","{""10"":6,""12"":12,""13"":1,""14"":2,""15"":3,""16"":3,""17"":6,""18"":6,""19"":2,""20"":2,""21"":2,""23"":4,""24"":4,""25"":2,""28"":1,""29"":1,""3"":37,""4"":58,""5"":7,""6"":11,""7"":1,""8"":6,""9"":4}",127,4.7230786501505335,242,0.242,"{""10"":63,""11"":35,""12"":39,""13"":12,""3"":242,""4"":348,""5"":148,""6"":30,""7"":28,""8"":41,""9"":14}","{""10"":16,""11"":5,""12"":18,""13"":3,""14"":1,""15"":9,""16"":6,""17"":15,""18"":19,""19"":30,""20"":2,""21"":5,""23"":31,""24"":28,""25"":9,""26"":2,""27"":1,""28"":5,""29"":1,""3"":242,""30"":2,""33"":1,""4"":260,""5"":147,""6"":76,""7"":18,""8"":20,""9"":28}","{""Diagonal CMA-ES"":{""attempts"":319,""discoveries"":0,""improvements"":0,""insertions"":0,""insertion_rate"":0.0},""Immigrant"":{""attempts"":136,""discoveries"":0,""improvements"":0,""insertions"":0,""insertion_rate"":0.0},""Morphology"":{""attempts"":301,""discoveries"":0,""improvements"":5,""insertions"":5,""insertion_rate"":0.016611295681063124},""Novelty"":{""attempts"":244,""discoveries"":0,""improvements"":0,""insertions"":0,""insertion_rate"":0.0}}","{""Morphology"":201,""Novelty"":29}",1,0.8695652173913043,false,29000
42,52,53000,1.8745536379999999,0.043411343,0.035289006,0.003071552,0.005050785,2.226383445,155.12279,24.087402,5305.6470657885075,181,0.9427083,51,4.360197413533428,38,0.20994475138121546,"{""10"":9,""11"":10,""12"":7,""13"":1,""3"":38,""4"":59,""5"":14,""6"":11,""7"":14,""8"":10,""9"":8}","{""10"":6,""12"":12,""13"":1,""14"":2,""15"":3,""16"":3,""17"":6,""18"":6,""19"":2,""20"":2,""21"":2,""23"":4,""24"":4,""25"":2,""28"":1,""29"":1,""3"":38,""4"":56,""5"":7,""6"":12,""7"":1,""8"":6,""9"":4}",123,5.211075058326456,194,0.194,"{""10"":78,""11"":28,""12"":36,""13"":18,""3"":194,""4"":268,""5"":189,""6"":58,""7"":45,""8"":55,""9"":31}","{""10"":49,""11"":5,""12"":36,""13"":6,""14"":1,""15"":2,""16"":17,""17"":14,""18"":31,""19"":50,""20"":12,""21"":10,""23"":14,""24"":12,""25"":11,""26"":1,""28"":10,""29"":9,""3"":194,""30"":1,""32"":1,""4"":185,""5"":146,""6"":122,""7"":9,""8"":28,""9"":24}","{""Diagonal CMA-ES"":{""attempts"":316,""discoveries"":0,""improvements"":0,""insertions"":0,""insertion_rate"":0.0},""Immigrant"":{""attempts"":158,""discoveries"":0,""improvements"":0,""insertions"":0,""insertion_rate"":0.0},""Morphology"":{""attempts"":298,""discoveries"":0,""improvements"":7,""insertions"":7,""insertion_rate"":0.02348993288590604},""Novelty"":{""attempts"":228,""discoveries"":0,""improvements"":2,""insertions"":2,""insertion_rate"":0.008771929824561403}}","{""Morphology"":192,""Novelty"":27}",0,0.8705035971223022,false,30000
42,53,54000,1.9128298979999998,0.03827626,0.03104915,0.002759291,0.004467819,2.272371235,155.12279,24.087402,5317.2415984869,181,0.9427083,51,4.371145010476483,37,0.20441988950276244,"{""10"":9,""11"":11,""12"":7,""13"":1,""3"":37,""4"":60,""5"":13,""6"":12,""7"":14,""8"":9,""9"":8}","{""10"":6,""12"":11,""13"":1,""14"":2,""15"":3,""16"":3,""17"":6,""18"":6,""19"":2,""20"":3,""21"":2,""23"":4,""24"":4,""25"":2,""28"":1,""29"":1,""3"":37,""4"":57,""5"":7,""6"":12,""7"":1,""8"":6,""9"":4}",135,5.2429931397547875,168,0.168,"{""10"":46,""11"":25,""12"":45,""13"":13,""3"":168,""4"":264,""5"":259,""6"":55,""7"":47,""8"":53,""9"":25}","{""10"":33,""11"":5,""12"":37,""13"":4,""14"":1,""15"":4,""16"":17,""17"":21,""18"":23,""19"":12,""20"":14,""21"":10,""22"":1,""23"":10,""24"":14,""25"":11,""26"":1,""27"":6,""28"":10,""29"":6,""3"":168,""30"":1,""4"":183,""5"":142,""6"":190,""7"":21,""8"":26,""9"":29}","{""Diagonal CMA-ES"":{""attempts"":274,""discoveries"":0,""improvements"":1,""insertions"":1,""insertion_rate"":0.0036496350364963502},""Immigrant"":{""attempts"":147,""discoveries"":0,""improvements"":0,""insertions"":0,""insertion_rate"":0.0},""Morphology"":{""attempts"":324,""discoveries"":0,""improvements"":2,""insertions"":2,""insertion_rate"":0.006172839506172839},""Novelty"":{""attempts"":255,""discoveries"":0,""improvements"":1,""insertions"":1,""insertion_rate"":0.00392156862745098}}","{""Morphology"":218,""Novelty"":42}",1,0.8714285714285714,false,31000
42,54,55000,1.9497217639999997,0.036891865999999995,0.029529402,0.002898206,0.004464258,2.315814635,155.12279,24.228022,5426.006977468729,184,0.9583333,51,4.299392058420476,37,0.20108695652173914,"{""10"":10,""11"":10,""12"":7,""13"":1,""3"":37,""4"":64,""5"":13,""6"":12,""7"":13,""8"":10,""9"":7}","{""10"":7,""12"":11,""13"":1,""14"":2,""15"":4,""16"":2,""17"":5,""18"":6,""19"":2,""20"":3,""21"":2,""23"":4,""24"":4,""25"":2,""28"":1,""29"":1,""3"":37,""4"":61,""5"":7,""6"":12,""7"":1,""8"":5,""9"":4}",109,4.6033470761767346,257,0.257,"{""10"":30,""11"":43,""12"":36,""13"":10,""3"":257,""4"":350,""5"":148,""6"":26,""7"":40,""8"":36,""9"":24}","{""10"":18,""11"":1,""12"":31,""13"":3,""14"":1,""15"":8,""16"":8,""17"":15,""18"":26,""19"":7,""20"":5,""21"":7,""22"":2,""23"":21,""24"":26,""25"":6,""26"":2,""28"":4,""29"":5,""3"":257,""4"":285,""5"":124,""6"":89,""7"":11,""8"":14,""9"":24}","{""Diagonal CMA-ES"":{""attempts"":318,""discoveries"":2,""improvements"":0,""insertions"":2,""insertion_rate"":0.006289308176100629},""Immigrant"":{""attempts"":143,""discoveries"":0,""improvements"":0,""insertions"":0,""insertion_rate"":0.0},""Morphology"":{""attempts"":304,""discoveries"":1,""improvements"":8,""insertions"":9,""insertion_rate"":0.029605263157894735},""Novelty"":{""attempts"":235,""discoveries"":0,""improvements"":1,""insertions"":1,""insertion_rate"":0.00425531914893617}}","{""Morphology"":194,""Novelty"":26}",2,0.8723404255319149,false,32000
42,55,56000,1.9844978549999996,0.034776091,0.027909921,0.002886332,0.003979838,2.357418904,155.12279,24.980267,5589.516792207956,184,0.9583333,51,4.286118335209559,37,0.20108695652173914,"{""10"":10,""11"":8,""12"":6,""13"":1,""3"":37,""4"":66,""5"":13,""6"":12,""7"":13,""8"":11,""9"":7}","{""10"":7,""12"":11,""13"":1,""14"":2,""15"":5,""16"":2,""17"":5,""18"":5,""19"":2,""20"":3,""21"":3,""23"":3,""24"":4,""25"":1,""29"":1,""3"":37,""4"":63,""5"":7,""6"":12,""7"":1,""8"":5,""9"":4}",106,4.517048417296071,193,0.193,"{""10"":10,""11"":33,""12"":35,""13"":17,""3"":193,""4"":355,""5"":167,""6"":22,""7"":12,""8"":122,""9"":34}","{""10"":104,""11"":14,""12"":10,""13"":5,""14"":2,""15"":7,""16"":6,""17"":10,""18"":16,""19"":4,""21"":6,""22"":1,""23"":14,""24"":18,""25"":11,""26"":4,""27"":1,""28"":7,""29"":6,""3"":193,""4"":280,""5"":135,""6"":97,""7"":16,""8"":16,""9"":17}","{""Diagonal CMA-ES"":{""attempts"":294,""discoveries"":0,""improvements"":0,""insertions"":0,""insertion_rate"":0.0},""Immigrant"":{""attempts"":146,""discoveries"":0,""improvements"":0,""insertions"":0,""insertion_rate"":0.0},""Morphology"":{""attempts"":321,""discoveries"":0,""improvements"":10,""insertions"":10,""insertion_rate"":0.03115264797507788},""Novelty"":{""attempts"":239,""discoveries"":0,""improvements"":0,""insertions"":0,""insertion_rate"":0.0}}","{""Morphology"":216,""Novelty"":39}",2,0.8723404255319149,false,33000
42,56,57000,2.0202071679999998,0.035709313,0.031087143,0.00168597,0.0029362,2.396896714,155.12279,26.87592,5664.360230833292,184,0.9583333,49,4.219537625051362,37,0.20108695652173914,"{""10"":10,""11"":8,""12"":6,""13"":1,""3"":37,""4"":68,""5"":12,""6"":12,""7"":12,""8"":11,""9"":7}","{""10"":6,""12"":11,""13"":1,""14"":2,""15"":5,""16"":2,""17"":5,""18"":5,""19"":2,""20"":3,""21"":3,""23"":3,""24"":4,""25"":1,""29"":1,""3"":37,""4"":65,""5"":7,""6"":11,""7"":1,""8"":5,""9"":4}",93,4.2408652923869905,214,0.214,"{""10"":1,""11"":8,""12"":44,""13"":10,""3"":214,""4"":411,""5"":192,""6"":20,""7"":19,""8"":66,""9"":15}","{""10"":57,""11"":7,""12"":9,""13"":5,""14"":2,""17"":5,""18"":4,""21"":16,""22"":3,""23"":5,""24"":27,""25"":4,""26"":1,""27"":1,""28"":1,""29"":1,""3"":214,""30"":1,""4"":346,""5"":119,""6"":132,""7"":13,""8"":18,""9"":9}","{""Diagonal CMA-ES"":{""attempts"":311,""discoveries"":0,""improvements"":0,""insertions"":0,""insertion_rate"":0.0},""Immigrant"":{""attempts"":146,""discoveries"":0,""improvements"":0,""insertions"":0,""insertion_rate"":0.0},""Morphology"":{""attempts"":307,""discoveries"":0,""improvements"":8,""insertions"":8,""insertion_rate"":0.026058631921824105},""Novelty"":{""attempts"":236,""discoveries"":0,""improvements"":0,""insertions"":0,""insertion_rate"":0.0}}","{""Morphology"":196,""Novelty"":23}",0,0.8732394366197183,false,34000
42,57,58000,2.0570622259999998,0.036855057999999996,0.029864221,0.003159412,0.003831425,2.4411201719999998,155.12279,26.87592,5750.088405698538,184,0.9583333,47,4.1238427850762545,39,0.21195652173913043,"{""10"":9,""11"":6,""12"":7,""13"":1,""3"":39,""4"":68,""5"":12,""6"":12,""7"":12,""8"":11,""9"":7}","{""10"":6,""12"":11,""13"":1,""14"":2,""15"":5,""16"":2,""17"":4,""18"":4,""19"":2,""20"":3,""21"":4,""23"":2,""24"":4,""25"":1,""29"":1,""3"":39,""4"":66,""5"":6,""6"":11,""7"":1,""8"":5,""9"":4}",112,4.381078474783961,223,0.223,"{""10"":19,""11"":12,""12"":32,""13"":16,""3"":223,""4"":424,""5"":194,""6"":29,""7"":23,""8"":17,""9"":11}","{""10"":13,""12"":11,""13"":2,""14"":3,""15"":11,""16"":1,""17"":7,""18"":8,""19"":3,""20"":2,""21"":19,""22"":1,""23"":7,""24"":13,""25"":6,""26"":5,""27"":1,""28"":1,""29"":4,""3"":223,""30"":1,""4"":363,""5"":136,""6"":115,""7"":19,""8"":15,""9"":10}","{""Diagonal CMA-ES"":{""attempts"":288,""discoveries"":0,""improvements"":1,""insertions"":1,""insertion_rate"":0.003472222222222222},""Immigrant"":{""attempts"":181,""discoveries"":0,""improvements"":0,""insertions"":0,""insertion_rate"":0.0},""Morphology"":{""attempts"":289,""discoveries"":0,""improvements"":5,""insertions"":5,""insertion_rate"":0.01730103806228374},""Novelty"":{""attempts"":242,""discoveries"":0,""improvements"":0,""insertions"":0,""insertion_rate"":0.0}}","{""Morphology"":184,""Novelty"":27}",0,0.875,false,35000
42,58,59000,2.09512121,0.038058984,0.032790922,0.00164204,0.003626022,2.483168492,155.12279,26.87592,5764.843154758215,184,0.9583333,48,4.138814999761927,39,0.21195652173913043,"{""10"":10,""11"":6,""12"":7,""13"":1,""3"":39,""4"":68,""5"":13,""6"":12,""7"":11,""8"":11,""9"":6}","{""10"":5,""12"":11,""13"":1,""14"":2,""15"":5,""16"":2,""17"":3,""18"":4,""19"":2,""20"":3,""21"":5,""23"":2,""24"":4,""25"":1,""29"":1,""3"":39,""4"":66,""5"":7,""6"":11,""7"":1,""8"":5,""9"":4}",111,4.476980314144721,236,0.236,"{""10"":22,""11"":5,""12"":38,""13"":16,""3"":236,""4"":405,""5"":184,""6"":29,""7"":27,""8"":24,""9"":14}","{""10"":10,""11"":1,""12"":17,""13"":2,""14"":1,""15"":8,""16"":4,""17"":9,""18"":10,""19"":7,""20"":2,""21"":24,""22"":7,""23"":1,""24"":15,""25"":6,""26"":3,""29"":4,""3"":236,""4"":339,""5"":142,""6"":104,""7"":17,""8"":18,""9"":13}","{""Diagonal CMA-ES"":{""attempts"":258,""discoveries"":0,""improvements"":0,""insertions"":0,""insertion_rate"":0.0},""Immigrant"":{""attempts"":165,""discoveries"":0,""improvements"":0,""insertions"":0,""insertion_rate"":0.0},""Morphology"":{""attempts"":319,""discoveries"":0,""improvements"":8,""insertions"":8,""insertion_rate"":0.025078369905956112},""Novelty"":{""attempts"":258,""discoveries"":0,""improvements"":0,""insertions"":0,""insertion_rate"":0.0}}","{""Morphology"":214,""Novelty"":34}",2,0.8767123287671232,false,36000
42,59,60000,2.137078107,0.041956897,0.034612244,0.003018123,0.00432653,2.531650805,155.12279,27.88326,5803.283803313971,184,0.9583333,47,4.098722325944715,39,0.21195652173913043,"{""10"":8,""11"":5,""12"":7,""13"":3,""3"":39,""4"":69,""5"":12,""6"":13,""7"":11,""8"":11,""9"":6}","{""10"":5,""12"":11,""13"":1,""14"":2,""15"":5,""16"":2,""17"":3,""18"":3,""19"":1,""20"":3,""21"":4,""23"":2,""24"":4,""25"":3,""29"":1,""3"":39,""4"":67,""5"":7,""6"":10,""7"":1,""8"":6,""9"":4}",111,4.642214029128553,223,0.223,"{""10"":71,""11"":20,""12"":34,""13"":22,""3"":223,""4"":330,""5"":211,""6"":30,""7"":23,""8"":20,""9"":16}","{""10"":9,""12"":14,""13"":3,""14"":1,""15"":8,""16"":5,""17"":12,""18"":9,""19"":4,""20"":3,""21"":74,""22"":14,""23"":2,""24"":18,""25"":10,""26"":6,""29"":3,""3"":223,""34"":1,""4"":277,""5"":139,""6"":120,""7"":14,""8"":23,""9"":8}","{""Diagonal CMA-ES"":{""attempts"":299,""discoveries"":0,""improvements"":0,""insertions"":0,""insertion_rate"":0.0},""Immigrant"":{""attempts"":173,""discoveries"":0,""improvements"":0,""insertions"":0,""insertion_rate"":0.0},""Morphology"":{""attempts"":301,""discoveries"":0,""improvements"":6,""insertions"":6,""insertion_rate"":0.019933554817275746},""Novelty"":{""attempts"":227,""discoveries"":0,""improvements"":0,""insertions"":0,""insertion_rate"":0.0}}","{""Morphology"":186,""Novelty"":29}",2,0.8767123287671232,false,37000
42,60,61000,2.177479638,0.040401531,0.033391697,0.002968256,0.004041578,2.579173777,155.12279,27.996685,5893.5230368077755,184,0.9583333,46,4.062056906054136,40,0.21739130434782608,"{""10"":8,""11"":5,""12"":7,""13"":3,""3"":40,""4"":68,""5"":12,""6"":13,""7"":11,""8"":11,""9"":6}","{""10"":5,""12"":11,""13"":1,""14"":2,""15"":5,""16"":2,""17"":3,""18"":3,""19"":1,""20"":3,""21"":4,""23"":2,""24"":4,""25"":3,""29"":1,""3"":40,""4"":67,""5"":6,""6"":10,""7"":1,""8"":6,""9"":4}",101,4.4199944178943715,258,0.258,"{""10"":27,""11"":5,""12"":66,""13"":23,""3"":258,""4"":368,""5"":158,""6"":31,""7"":27,""8"":16,""9"":21}","{""10"":14,""11"":2,""12"":18,""13"":1,""14"":1,""15"":4,""16"":6,""17"":11,""18"":11,""19"":4,""20"":3,""21"":59,""22"":7,""23"":2,""24"":18,""25"":8,""26"":2,""28"":2,""29"":3,""3"":258,""30"":1,""4"":303,""5"":137,""6"":80,""7"":15,""8"":24,""9"":6}","{""Diagonal CMA-ES"":{""attempts"":290,""discoveries"":0,""improvements"":1,""insertions"":1,""insertion_rate"":0.0034482758620689655},""Immigrant"":{""attempts"":152,""discoveries"":0,""improvements"":0,""insertions"":0,""insertion_rate"":0.0},""Morphology"":{""attempts"":302,""discoveries"":0,""improvements"":7,""insertions"":7,""insertion_rate"":0.023178807947019868},""Novelty"":{""attempts"":256,""discoveries"":0,""improvements"":1,""insertions"":1,""insertion_rate"":0.00390625}}","{""Morphology"":196,""Novelty"":31}",0,0.8767123287671232,false,38000
42,61,62000,2.2166558729999997,0.039176235000000004,0.033026008,0.00243397,0.003716257,2.623903026,155.12279,27.996685,5952.867745906115,185,0.9635417,46,4.043723367887007,42,0.22702702702702704,"{""10"":8,""11"":5,""12"":7,""13"":3,""3"":42,""4"":67,""5"":13,""6"":13,""7"":11,""8"":11,""9"":5}","{""10"":5,""12"":11,""13"":1,""14"":2,""15"":5,""16"":2,""17"":3,""18"":3,""19"":1,""20"":2,""21"":4,""23"":2,""24"":4,""25"":3,""29"":1,""3"":42,""4"":66,""5"":7,""6"":10,""7"":1,""8"":6,""9"":4}",111,4.5026450042474995,290,0.29,"{""10"":25,""11"":7,""12"":37,""13"":24,""14"":1,""3"":290,""4"":345,""5"":150,""6"":42,""7"":30,""8"":24,""9"":25}","{""10"":13,""11"":2,""12"":23,""14"":1,""15"":7,""16"":9,""17"":15,""18"":12,""19"":3,""20"":2,""21"":21,""22"":6,""23"":1,""24"":24,""25"":8,""26"":4,""27"":1,""28"":1,""29"":6,""3"":290,""4"":280,""5"":128,""6"":90,""7"":12,""8"":26,""9"":15}","{""Diagonal CMA-ES"":{""attempts"":288,""discoveries"":1,""improvements"":0,""insertions"":1,""insertion_rate"":0.003472222222222222},""Immigrant"":{""attempts"":145,""discoveries"":0,""improvements"":0,""insertions"":0,""insertion_rate"":0.0},""Morphology"":{""attempts"":303,""discoveries"":0,""improvements"":7,""insertions"":7,""insertion_rate"":0.0231023102310231},""Novelty"":{""attempts"":264,""discoveries"":0,""improvements"":1,""insertions"":1,""insertion_rate"":0.003787878787878788}}","{""Morphology"":199,""Novelty"":41}",1,0.8783783783783784,false,39000
42,62,63000,2.2556741959999997,0.039018323,0.031947937,0.00305018,0.004020206,2.668944536,155.12279,28.220644,5965.12848046422,185,0.9635417,46,4.052978146159684,42,0.22702702702702704,"{""10"":8,""11"":5,""12"":7,""13"":3,""3"":42,""4"":67,""5"":13,""6"":13,""7"":11,""8"":11,""9"":5}","{""10"":5,""11"":1,""12"":10,""13"":1,""14"":2,""15"":5,""16"":2,""17"":3,""18"":3,""19"":1,""20"":2,""21"":4,""23"":2,""24"":4,""25"":3,""29"":1,""3"":42,""4"":66,""5"":7,""6"":10,""7"":1,""8"":6,""9"":4}",93,4.067836023081134,279,0.279,"{""10"":15,""11"":5,""12"":35,""13"":18,""3"":279,""4"":397,""5"":157,""6"":30,""7"":28,""8"":23,""9"":13}","{""10"":8,""11"":2,""12"":17,""14"":2,""15"":10,""16"":6,""17"":8,""18"":6,""19"":4,""21"":19,""22"":5,""24"":18,""25"":7,""26"":1,""28"":2,""29"":2,""3"":279,""34"":1,""4"":355,""5"":114,""6"":84,""7"":8,""8"":28,""9"":14}","{""Diagonal CMA-ES"":{""attempts"":307,""discoveries"":0,""improvements"":0,""insertions"":0,""insertion_rate"":0.0},""Immigrant"":{""attempts"":164,""discoveries"":0,""improvements"":0,""insertions"":0,""insertion_rate"":0.0},""Morphology"":{""attempts"":287,""discoveries"":0,""improvements"":2,""insertions"":2,""insertion_rate"":0.006968641114982578},""Novelty"":{""attempts"":242,""discoveries"":0,""improvements"":1,""insertions"":1,""insertion_rate"":0.004132231404958678}}","{""Morphology"":187,""Novelty"":22}",1,0.88,false,40000
42,63,64000,2.2926254249999998,0.036951229,0.029922398,0.003216403,0.003812428,2.7124757969999997,155.12279,30.166656,6036.265690356493,185,0.9635417,45,4.023773370314658,42,0.22702702702702704,"{""10"":7,""11"":5,""12"":7,""13"":4,""3"":42,""4"":68,""5"":13,""6"":12,""7"":10,""8"":11,""9"":6}","{""10"":5,""11"":2,""12"":10,""13"":1,""14"":2,""15"":5,""16"":2,""17"":3,""18"":2,""19"":1,""20"":2,""21"":4,""22"":1,""23"":2,""24"":4,""25"":3,""29"":1,""3"":42,""4"":67,""5"":7,""6"":10,""7"":1,""8"":4,""9"":4}",100,4.286233290613706,256,0.256,"{""10"":19,""11"":4,""12"":39,""13"":23,""14"":1,""3"":256,""4"":399,""5"":168,""6"":29,""7"":26,""8"":21,""9"":15}","{""10"":7,""11"":6,""12"":21,""13"":3,""14"":1,""15"":7,""16"":8,""17"":10,""18"":11,""19"":3,""20"":1,""21"":26,""22"":3,""23"":1,""24"":17,""25"":9,""26"":3,""28"":1,""29"":4,""3"":256,""30"":2,""4"":332,""5"":142,""6"":86,""7"":18,""8"":14,""9"":8}","{""Diagonal CMA-ES"":{""attempts"":296,""discoveries"":0,""improvements"":0,""insertions"":0,""insertion_rate"":0.0},""Immigrant"":{""attempts"":131,""discoveries"":0,""improvements"":0,""insertions"":0,""insertion_rate"":0.0},""Morphology"":{""attempts"":301,""discoveries"":0,""improvements"":5,""insertions"":5,""insertion_rate"":0.016611295681063124},""Novelty"":{""attempts"":272,""discoveries"":0,""improvements"":0,""insertions"":0,""insertion_rate"":0.0}}","{""Morphology"":192,""Novelty"":36}",1,0.88,false,41000
42,64,65000,2.332370378,0.039744953000000006,0.033048567,0.003001501,0.003694885,2.7587805960000003,155.12279,30.166656,6048.467588454485,185,0.9635417,46,4.056504600192955,42,0.22702702702702704,"{""10"":7,""11"":5,""12"":7,""13"":4,""3"":42,""4"":68,""5"":12,""6"":12,""7"":11,""8"":11,""9"":6}","{""10"":5,""11"":2,""12"":10,""13"":1,""14"":2,""15"":5,""16"":2,""17"":3,""18"":2,""19"":1,""20"":2,""21"":4,""22"":1,""23"":2,""24"":4,""25"":3,""29"":1,""3"":42,""4"":66,""5"":8,""6"":9,""7"":1,""8"":4,""9"":5}",105,4.558967434029523,252,0.252,"{""10"":22,""11"":6,""12"":32,""13"":20,""14"":1,""3"":252,""4"":364,""5"":175,""6"":32,""7"":35,""8"":33,""9"":28}","{""10"":10,""11"":10,""12"":30,""13"":5,""14"":2,""15"":8,""16"":11,""17"":16,""18"":7,""19"":6,""20"":1,""21"":20,""22"":7,""24"":14,""25"":9,""26"":2,""28"":1,""29"":7,""3"":252,""4"":293,""5"":156,""6"":90,""7"":8,""8"":18,""9"":17}","{""Diagonal CMA-ES"":{""attempts"":306,""discoveries"":0,""improvements"":0,""insertions"":0,""insertion_rate"":0.0},""Immigrant"":{""attempts"":135,""discoveries"":0,""improvements"":0,""insertions"":0,""insertion_rate"":0.0},""Morphology"":{""attempts"":293,""discoveries"":0,""improvements"":4,""insertions"":4,""insertion_rate"":0.013651877133105802},""Novelty"":{""attempts"":266,""discoveries"":0,""improvements"":0,""insertions"":0,""insertion_rate"":0.0}}","{""Morphology"":200,""Novelty"":39}",1,0.8807947019867549,false,42000
42,65,66000,2.369739539,0.037369161,0.030123053,0.003295952,0.003950156,2.802437711,155.12279,30.166656,6054.543629676104,185,0.9635417,45,4.041613316397477,42,0.22702702702702704,"{""10"":7,""11"":5,""12"":8,""13"":4,""3"":42,""4"":68,""5"":12,""6"":12,""7"":11,""8"":10,""9"":6}","{""10"":5,""11"":2,""12"":10,""14"":2,""15"":5,""16"":2,""17"":3,""18"":2,""19"":1,""20"":2,""21"":5,""22"":1,""23"":2,""24"":4,""25"":3,""29"":1,""3"":42,""4"":66,""5"":8,""6"":9,""7"":1,""8"":4,""9"":5}",103,4.4890042412267555,250,0.25,"{""10"":15,""11"":5,""12"":34,""13"":15,""14"":4,""3"":250,""4"":390,""5"":192,""6"":32,""7"":27,""8"":23,""9"":13}","{""10"":9,""11"":10,""12"":17,""13"":1,""14"":1,""15"":7,""16"":9,""17"":4,""18"":8,""19"":4,""20"":1,""21"":19,""22"":4,""23"":1,""24"":14,""25"":6,""26"":4,""28"":1,""29"":6,""3"":250,""30"":1,""4"":297,""5"":168,""6"":108,""7"":16,""8"":22,""9"":12}","{""Diagonal CMA-ES"":{""attempts"":272,""discoveries"":0,""improvements"":0,""insertions"":0,""insertion_rate"":0.0},""Immigrant"":{""attempts"":161,""discoveries"":0,""improvements"":0,""insertions"":0,""insertion_rate"":0.0},""Morphology"":{""attempts"":315,""discoveries"":0,""improvements"":3,""insertions"":3,""insertion_rate"":0.009523809523809525},""Novelty"":{""attempts"":252,""discoveries"":0,""improvements"":0,""insertions"":0,""insertion_rate"":0.0}}","{""Morphology"":222,""Novelty"":32}",0,0.881578947368421,false,43000
42,66,67000,2.4097801299999997,0.040040591,0.032432356,0.002735545,0.00487269,2.848880238,155.12279,30.459621,6082.193623572588,185,0.9635417,45,4.042480728885499,43,0.23243243243243245,"{""10"":7,""11"":5,""12"":8,""13"":4,""3"":43,""4"":67,""5"":12,""6"":12,""7"":11,""8"":10,""9"":6}","{""10"":5,""11"":2,""12"":10,""14"":2,""15"":5,""16"":2,""17"":3,""18"":2,""19"":1,""20"":2,""21"":5,""22"":1,""23"":2,""24"":4,""25"":3,""29"":1,""3"":43,""4"":65,""5"":8,""6"":9,""7"":1,""8"":4,""9"":5}",102,4.465284351767904,268,0.268,"{""10"":24,""11"":4,""12"":34,""13"":29,""3"":268,""4"":357,""5"":165,""6"":42,""7"":26,""8"":28,""9"":23}","{""10"":10,""11"":16,""12"":19,""13"":3,""15"":8,""16"":10,""17"":5,""18"":9,""19"":4,""20"":2,""21"":22,""22"":8,""23"":1,""24"":18,""25"":12,""26"":1,""28"":1,""29"":6,""3"":268,""4"":295,""5"":137,""6"":94,""7"":10,""8"":22,""9"":19}","{""Diagonal CMA-ES"":{""attempts"":302,""discoveries"":0,""improvements"":0,""insertions"":0,""insertion_rate"":0.0},""Immigrant"":{""attempts"":142,""discoveries"":0,""improvements"":0,""insertions"":0,""insertion_rate"":0.0},""Morphology"":{""attempts"":302,""discoveries"":0,""improvements"":4,""insertions"":4,""insertion_rate"":0.013245033112582781},""Novelty"":{""attempts"":254,""discoveries"":0,""improvements"":0,""insertions"":0,""insertion_rate"":0.0}}","{""Morphology"":203,""Novelty"":31}",0,0.8823529411764706,false,44000
42,67,68000,2.447555348,0.037775218,0.031775778,0.003214028,0.002785412,2.8929184770000003,155.12279,30.672403,6104.416582137346,185,0.9635417,44,4.0026113680015865,44,0.23783783783783785,"{""10"":7,""11"":4,""12"":9,""13"":4,""3"":44,""4"":67,""5"":12,""6"":12,""7"":10,""8"":10,""9"":6}","{""10"":5,""11"":2,""12"":10,""14"":2,""15"":5,""16"":2,""17"":3,""18"":2,""19"":1,""20"":1,""21"":6,""22"":1,""23"":2,""24"":4,""25"":3,""29"":1,""3"":44,""4"":65,""5"":9,""6"":8,""7"":1,""8"":4,""9"":4}",87,4.748703617135955,226,0.226,"{""10"":26,""11"":3,""12"":23,""13"":27,""14"":1,""3"":226,""4"":325,""5"":178,""6"":79,""7"":47,""8"":50,""9"":15}","{""10"":43,""11"":6,""12"":37,""13"":3,""14"":2,""15"":8,""16"":17,""17"":9,""18"":9,""19"":8,""21"":12,""22"":9,""23"":1,""24"":11,""25"":12,""26"":4,""27"":1,""29"":8,""3"":226,""4"":244,""5"":158,""6"":109,""7"":10,""8"":24,""9"":29}","{""Diagonal CMA-ES"":{""attempts"":338,""discoveries"":0,""improvements"":1,""insertions"":1,""insertion_rate"":0.0029585798816568047},""Immigrant"":{""attempts"":157,""discoveries"":0,""improvements"":0,""insertions"":0,""insertion_rate"":0.0},""Morphology"":{""attempts"":293,""discoveries"":0,""improvements"":4,""insertions"":4,""insertion_rate"":0.013651877133105802},""Novelty"":{""attempts"":212,""discoveries"":0,""improvements"":0,""insertions"":0,""insertion_rate"":0.0}}","{""Morphology"":201,""Novelty"":25}",1,0.8766233766233766,false,45000
42,68,69000,2.483879683,0.036324335,0.028826519,0.003210466,0.00428735,2.935138956,155.12279,30.930218,6142.3666560947895,185,0.9635417,44,3.9829253128095936,46,0.24864864864864866,"{""10"":7,""11"":4,""12"":9,""13"":4,""3"":46,""4"":66,""5"":12,""6"":11,""7"":10,""8"":10,""9"":6}","{""10"":4,""11"":2,""12"":10,""14"":2,""15"":5,""16"":2,""17"":3,""18"":2,""19"":1,""20"":1,""21"":6,""22"":1,""23"":2,""24"":4,""25"":3,""29"":1,""3"":46,""4"":64,""5"":9,""6"":8,""7"":1,""8"":4,""9"":4}",105,4.436184143556901,278,0.278,"{""10"":23,""11"":1,""12"":32,""13"":22,""14"":2,""3"":278,""4"":360,""5"":149,""6"":56,""7"":23,""8"":27,""9"":27}","{""10"":33,""11"":13,""12"":17,""13"":6,""14"":2,""15"":10,""16"":7,""17"":10,""18"":6,""19"":3,""21"":23,""22"":7,""23"":5,""24"":11,""25"":7,""26"":3,""28"":1,""29"":4,""3"":278,""4"":294,""5"":124,""6"":87,""7"":18,""8"":16,""9"":15}","{""Diagonal CMA-ES"":{""attempts"":297,""discoveries"":0,""improvements"":1,""insertions"":1,""insertion_rate"":0.003367003367003367},""Immigrant"":{""attempts"":145,""discoveries"":0,""improvements"":0,""insertions"":0,""insertion_rate"":0.0},""Morphology"":{""attempts"":301,""discoveries"":0,""improvements"":2,""insertions"":2,""insertion_rate"":0.006644518272425249},""Novelty"":{""attempts"":257,""discoveries"":0,""improvements"":1,""insertions"":1,""insertion_rate"":0.0038910505836575876}}","{""Morphology"":213,""Novelty"":32}",0,0.8766233766233766,false,46000
42,69,70000,2.52462197,0.040742286999999995,0.032958332,0.002999126,0.004784829,2.982251121,155.12279,30.930218,6158.690641194582,185,0.9635417,44,4.0029542217066245,45,0.24324324324324326,"{""10"":7,""11"":4,""12"":9,""13"":4,""3"":45,""4"":66,""5"":12,""6"":12,""7"":10,""8"":10,""9"":6}","{""10"":5,""11"":2,""12"":10,""14"":2,""15"":5,""16"":2,""17"":3,""18"":2,""19"":1,""20"":1,""21"":6,""22"":1,""23"":2,""24"":4,""25"":3,""29"":1,""3"":45,""4"":64,""5"":9,""6"":8,""7"":1,""8"":4,""9"":4}",99,4.394348994114273,247,0.247,"{""10"":11,""11"":5,""12"":40,""13"":19,""3"":247,""4"":321,""5"":133,""6"":89,""7"":93,""8"":24,""9"":18}","{""10"":75,""11"":18,""12"":85,""13"":7,""14"":4,""15"":9,""16"":5,""17"":6,""18"":3,""20"":1,""21"":19,""22"":5,""23"":1,""24"":23,""25"":5,""26"":3,""29"":5,""3"":247,""4"":253,""5"":137,""6"":65,""7"":8,""8"":9,""9"":7}","{""Diagonal CMA-ES"":{""attempts"":311,""discoveries"":0,""improvements"":0,""insertions"":0,""insertion_rate"":0.0},""Immigrant"":{""attempts"":138,""discoveries"":0,""improvements"":0,""insertions"":0,""insertion_rate"":0.0},""Morphology"":{""attempts"":307,""discoveries"":0,""improvements"":2,""insertions"":2,""insertion_rate"":0.006514657980456026},""Novelty"":{""attempts"":244,""discoveries"":0,""improvements"":1,""insertions"":1,""insertion_rate"":0.004098360655737705}}","{""Morphology"":198,""Novelty"":26}",0,0.8766233766233766,false,47000
42,70,71000,2.564548581,0.039926611,0.032966643,0.003115482,0.003844486,3.029204188,155.12279,30.930218,6196.122041970491,185,0.9635417,44,3.9829253128095936,46,0.24864864864864866,"{""10"":7,""11"":4,""12"":9,""13"":4,""3"":46,""4"":65,""5"":11,""6"":12,""7"":10,""8"":11,""9"":6}","{""10"":5,""11"":2,""12"":10,""14"":2,""15"":5,""16"":2,""17"":3,""18"":2,""19"":1,""20"":1,""21"":6,""22"":1,""23"":2,""24"":4,""25"":3,""29"":1,""3"":46,""4"":64,""5"":7,""6"":8,""7"":1,""8"":4,""9"":5}",100,4.481061199731186,250,0.25,"{""10"":17,""11"":2,""12"":46,""13"":22,""14"":1,""3"":250,""4"":362,""5"":168,""6"":63,""7"":29,""8"":16,""9"":24}","{""10"":48,""11"":10,""12"":17,""13"":2,""15"":12,""16"":6,""17"":13,""18"":3,""19"":3,""21"":25,""22"":8,""23"":1,""24"":26,""25"":4,""26"":1,""28"":1,""29"":6,""3"":250,""30"":1,""4"":301,""5"":149,""6"":78,""7"":14,""8"":8,""9"":13}","{""Diagonal CMA-ES"":{""attempts"":315,""discoveries"":0,""improvements"":0,""insertions"":0,""insertion_rate"":0.0},""Immigrant"":{""attempts"":140,""discoveries"":0,""improvements"":0,""insertions"":0,""insertion_rate"":0.0},""Morphology"":{""attempts"":301,""discoveries"":0,""improvements"":3,""insertions"":3,""insertion_rate"":0.009966777408637873},""Novelty"":{""attempts"":244,""discoveries"":0,""improvements"":3,""insertions"":3,""insertion_rate"":0.012295081967213115}}","{""Morphology"":202,""Novelty"":33}",0,0.8774193548387097,false,48000
42,71,72000,2.605381102,0.040832521000000004,0.033173233,0.002999126,0.004660162,3.076649985,155.12279,30.984646,6246.021990090609,185,0.9635417,44,3.962726861175053,46,0.24864864864864866,"{""10"":7,""11"":4,""12"":8,""13"":4,""3"":46,""4"":66,""5"":11,""6"":12,""7"":10,""8"":11,""9"":6}","{""10"":5,""11"":2,""12"":10,""14"":2,""15"":5,""16"":2,""17"":3,""18"":2,""19"":1,""20"":1,""21"":5,""22"":1,""23"":2,""24"":4,""25"":3,""29"":1,""3"":46,""4"":65,""5"":7,""6"":8,""7"":1,""8"":4,""9"":5}",96,4.237393832685795,276,0.276,"{""10"":21,""11"":5,""12"":32,""13"":23,""14"":1,""3"":276,""4"":381,""5"":157,""6"":44,""7"":19,""8"":29,""9"":12}","{""10"":25,""11"":7,""12"":14,""13"":1,""14"":1,""15"":10,""16"":9,""17"":3,""18"":7,""19"":7,""21"":17,""22"":7,""23"":1,""24"":13,""25"":7,""26"":7,""29"":7,""3"":276,""30"":1,""4"":330,""5"":122,""6"":92,""7"":12,""8"":10,""9"":14}","{""Diagonal CMA-ES"":{""attempts"":308,""discoveries"":0,""improvements"":0,""insertions"":0,""insertion_rate"":0.0},""Immigrant"":{""attempts"":151,""discoveries"":0,""improvements"":0,""insertions"":0,""insertion_rate"":0.0},""Morphology"":{""attempts"":299,""discoveries"":0,""improvements"":4,""insertions"":4,""insertion_rate"":0.013377926421404682},""Novelty"":{""attempts"":242,""discoveries"":0,""improvements"":0,""insertions"":0,""insertion_rate"":0.0}}","{""Morphology"":201,""Novelty"":25}",0,0.8774193548387097,false,49000
42,72,73000,2.648159613,0.042778511000000005,0.03505867,0.002950447,0.004769394,3.12562859,155.12279,31.633694,6308.775293618441,185,0.9635417,43,3.9249872609035594,47,0.25405405405405407,"{""10"":7,""11"":4,""12"":8,""13"":3,""3"":47,""4"":66,""5"":11,""6"":12,""7"":10,""8"":11,""9"":6}","{""10"":5,""11"":2,""12"":10,""14"":2,""15"":5,""16"":2,""17"":3,""18"":2,""19"":1,""20"":1,""21"":5,""22"":1,""23"":2,""24"":4,""25"":2,""29"":1,""3"":47,""4"":65,""5"":7,""6"":8,""7"":1,""8"":4,""9"":5}",101,4.486172276731152,264,0.264,"{""10"":18,""11"":3,""12"":35,""13"":25,""14"":1,""3"":264,""4"":356,""5"":170,""6"":46,""7"":24,""8"":40,""9"":18}","{""10"":22,""11"":8,""12"":14,""13"":2,""14"":1,""15"":10,""16"":8,""17"":9,""18"":4,""19"":5,""20"":1,""21"":27,""22"":6,""23"":1,""24"":13,""25"":8,""26"":4,""29"":6,""3"":264,""34"":2,""4"":297,""5"":129,""6"":106,""7"":11,""8"":20,""9"":22}","{""Diagonal CMA-ES"":{""attempts"":289,""discoveries"":0,""improvements"":0,""insertions"":0,""insertion_rate"":0.0},""Immigrant"":{""attempts"":143,""discoveries"":0,""improvements"":0,""insertions"":0,""insertion_rate"":0.0},""Morphology"":{""attempts"":304,""discoveries"":0,""improvements"":2,""insertions"":2,""insertion_rate"":0.006578947368421052},""Novelty"":{""attempts"":264,""discoveries"":0,""improvements"":0,""insertions"":0,""insertion_rate"":0.0}}","{""Morphology"":205,""Novelty"":41}",0,0.8774193548387097,false,50000
42,73,74000,2.6853542399999997,0.037194627,0.029128094,0.003273393,0.00479314,3.169193096,155.12279,31.633694,6318.3204421103,185,0.9635417,44,3.947148695877127,47,0.25405405405405407,"{""10"":7,""11"":4,""12"":8,""13"":3,""3"":47,""4"":66,""5"":12,""6"":11,""7"":9,""8"":13,""9"":5}","{""10"":5,""11"":2,""12"":9,""13"":2,""14"":2,""15"":5,""16"":2,""17"":2,""18"":2,""19"":1,""20"":1,""21"":5,""22"":1,""23"":2,""24"":4,""25"":2,""29"":1,""3"":47,""4"":65,""5"":7,""6"":9,""7"":1,""8"":3,""9"":5}",99,4.272497231047771,282,0.282,"{""10"":21,""11"":8,""12"":33,""13"":11,""3"":282,""4"":383,""5"":157,""6"":33,""7"":26,""8"":24,""9"":22}","{""10"":21,""11"":9,""12"":14,""13"":3,""14"":1,""15"":13,""16"":8,""17"":12,""18"":7,""19"":2,""20"":3,""21"":24,""22"":5,""24"":13,""25"":5,""29"":3,""3"":282,""4"":316,""5"":139,""6"":82,""7"":14,""8"":11,""9"":13}","{""Diagonal CMA-ES"":{""attempts"":313,""discoveries"":0,""improvements"":0,""insertions"":0,""insertion_rate"":0.0},""Immigrant"":{""attempts"":148,""discoveries"":0,""improvements"":0,""insertions"":0,""insertion_rate"":0.0},""Morphology"":{""attempts"":290,""discoveries"":0,""improvements"":3,""insertions"":3,""insertion_rate"":0.010344827586206896},""Novelty"":{""attempts"":249,""discoveries"":0,""improvements"":1,""insertions"":1,""insertion_rate"":0.004016064257028112}}","{""Morphology"":210,""Novelty"":35}",2,0.8774193548387097,false,51000
42,74,75000,2.7242395859999995,0.038885346,0.03093873,0.002873272,0.005073344,3.214163367,155.12279,31.633694,6348.780704408884,185,0.9635417,43,3.927637125745036,47,0.25405405405405407,"{""10"":7,""11"":4,""12"":8,""13"":3,""3"":47,""4"":67,""5"":11,""6"":11,""7"":9,""8"":13,""9"":5}","{""10"":5,""11"":2,""12"":9,""13"":2,""14"":2,""15"":5,""16"":2,""17"":2,""18"":2,""19"":1,""20"":1,""21"":5,""22"":1,""23"":2,""24"":4,""25"":2,""29"":1,""3"":47,""4"":66,""5"":6,""6"":9,""7"":1,""8"":3,""9"":5}",98,4.8108823222015245,202,0.202,"{""10"":31,""11"":2,""12"":19,""13"":33,""3"":202,""4"":337,""5"":178,""6"":91,""7"":34,""8"":64,""9"":9}","{""10"":47,""11"":6,""12"":26,""13"":10,""14"":2,""15"":10,""16"":19,""17"":1,""18"":10,""19"":9,""21"":8,""22"":16,""24"":12,""25"":10,""26"":1,""28"":1,""29"":11,""3"":202,""30"":1,""4"":271,""5"":137,""6"":112,""7"":23,""8"":30,""9"":25}","{""Diagonal CMA-ES"":{""attempts"":293,""discoveries"":0,""improvements"":0,""insertions"":0,""insertion_rate"":0.0},""Immigrant"":{""attempts"":125,""discoveries"":0,""improvements"":0,""insertions"":0,""insertion_rate"":0.0},""Morphology"":{""attempts"":306,""discoveries"":0,""improvements"":3,""insertions"":3,""insertion_rate"":0.00980392156862745},""Novelty"":{""attempts"":276,""discoveries"":0,""improvements"":1,""insertions"":1,""insertion_rate"":0.0036231884057971015}}","{""Morphology"":207,""Novelty"":31}",0,0.8774193548387097,false,52000
42,75,76000,2.7647610339999993,0.040521448,0.031705727,0.003110733,0.005704988,3.261257723,155.12279,31.633694,6354.027481943369,185,0.9635417,43,3.927637125745036,47,0.25405405405405407,"{""10"":7,""11"":4,""12"":8,""13"":3,""3"":47,""4"":67,""5"":11,""6"":11,""7"":9,""8"":13,""9"":5}","{""10"":5,""11"":2,""12"":9,""13"":2,""14"":2,""15"":5,""16"":2,""17"":2,""18"":2,""19"":1,""20"":1,""21"":5,""22"":1,""23"":2,""24"":4,""25"":2,""29"":1,""3"":47,""4"":66,""5"":6,""6"":9,""7"":1,""8"":3,""9"":5}",104,4.787165978409045,201,0.201,"{""10"":29,""11"":8,""12"":18,""13"":26,""14"":1,""3"":201,""4"":349,""5"":182,""6"":78,""7"":40,""8"":60,""9"":8}","{""10"":38,""11"":6,""12"":33,""13"":11,""14"":2,""15"":9,""16"":16,""17"":3,""18"":11,""19"":8,""20"":2,""21"":9,""22"":11,""23"":2,""24"":12,""25"":8,""26"":3,""28"":1,""29"":8,""3"":201,""4"":282,""5"":133,""6"":123,""7"":16,""8"":29,""9"":23}","{""Diagonal CMA-ES"":{""attempts"":292,""discoveries"":0,""improvements"":0,""insertions"":0,""insertion_rate"":0.0},""Immigrant"":{""attempts"":155,""discoveries"":0,""improvements"":0,""insertions"":0,""insertion_rate"":0.0},""Morphology"":{""attempts"":299,""discoveries"":0,""improvements"":3,""insertions"":3,""insertion_rate"":0.010033444816053512},""Novelty"":{""attempts"":254,""discoveries"":0,""improvements"":0,""insertions"":0,""insertion_rate"":0.0}}","{""Morphology"":203,""Novelty"":36}",0,0.8774193548387097,false,53000
42,76,77000,2.8001533369999994,0.035392303,0.029276507,0.003014561,0.003101235,3.302907109,155.12279,31.633694,6374.385314851999,185,0.9635417,43,3.9184979389834984,47,0.25405405405405407,"{""10"":7,""11"":4,""12"":8,""13"":3,""3"":47,""4"":67,""5"":11,""6"":11,""7"":9,""8"":13,""9"":5}","{""10"":5,""11"":2,""12"":9,""13"":2,""14"":2,""15"":5,""16"":2,""17"":2,""18"":2,""19"":1,""20"":1,""21"":5,""22"":1,""23"":2,""24"":4,""25"":2,""29"":1,""3"":47,""4"":66,""5"":6,""6"":9,""7"":1,""8"":3,""9"":5}",103,4.89610529366235,203,0.203,"{""10"":33,""11"":4,""12"":21,""13"":31,""14"":3,""3"":203,""4"":317,""5"":197,""6"":83,""7"":40,""8"":59,""9"":9}","{""10"":42,""11"":5,""12"":37,""13"":11,""15"":9,""16"":18,""17"":2,""18"":13,""19"":8,""20"":1,""21"":13,""22"":16,""24"":10,""25"":11,""26"":5,""29"":9,""3"":203,""30"":1,""4"":251,""5"":145,""6"":121,""7"":19,""8"":27,""9"":23}","{""Diagonal CMA-ES"":{""attempts"":315,""discoveries"":0,""improvements"":0,""insertions"":0,""insertion_rate"":0.0},""Immigrant"":{""attempts"":148,""discoveries"":0,""improvements"":0,""insertions"":0,""insertion_rate"":0.0},""Morphology"":{""attempts"":299,""discoveries"":0,""improvements"":3,""insertions"":3,""insertion_rate"":0.010033444816053512},""Novelty"":{""attempts"":238,""discoveries"":0,""improvements"":1,""insertions"":1,""insertion_rate"":0.004201680672268907}}","{""Morphology"":207,""Novelty"":27}",0,0.8789808917197452,false,54000
42,77,78000,2.8389674449999993,0.038814108,0.032682878,0.001986357,0.004144873,3.347090199,155.12279,32.67933,6457.332290560007,185,0.9635417,43,3.8749568236710856,49,0.2648648648648649,"{""10"":6,""11"":4,""12"":8,""13"":3,""3"":49,""4"":66,""5"":11,""6"":11,""7"":9,""8"":13,""9"":5}","{""10"":5,""11"":2,""12"":9,""13"":2,""14"":2,""15"":4,""16"":2,""17"":2,""18"":2,""19"":1,""20"":1,""21"":5,""22"":1,""23"":2,""24"":4,""25"":2,""29"":1,""3"":49,""4"":65,""5"":6,""6"":9,""7"":1,""8"":3,""9"":5}",107,4.764895113224819,222,0.222,"{""10"":33,""11"":3,""12"":22,""13"":29,""3"":222,""4"":340,""5"":160,""6"":71,""7"":47,""8"":61,""9"":12}","{""10"":29,""11"":8,""12"":44,""13"":9,""14"":2,""15"":10,""16"":17,""17"":4,""18"":8,""19"":8,""21"":14,""22"":15,""24"":13,""25"":10,""26"":1,""28"":2,""29"":7,""3"":222,""34"":1,""4"":268,""5"":133,""6"":104,""7"":24,""8"":23,""9"":24}","{""Diagonal CMA-ES"":{""attempts"":299,""discoveries"":0,""improvements"":0,""insertions"":0,""insertion_rate"":0.0},""Immigrant"":{""attempts"":148,""discoveries"":0,""improvements"":0,""insertions"":0,""insertion_rate"":0.0},""Morphology"":{""attempts"":314,""discoveries"":0,""improvements"":7,""insertions"":7,""insertion_rate"":0.022292993630573247},""Novelty"":{""attempts"":239,""discoveries"":0,""improvements"":0,""insertions"":0,""insertion_rate"":0.0}}","{""Morphology"":214,""Novelty"":28}",0,0.8789808917197452,false,55000
42,78,79000,2.875769074999999,0.03680163,0.031061022,0.00183557,0.003905038,3.390514603,155.12279,32.67933,6460.455364137888,185,0.9635417,43,3.874956823671085,49,0.2648648648648649,"{""10"":6,""11"":4,""12"":8,""13"":3,""3"":49,""4"":66,""5"":11,""6"":11,""7"":9,""8"":13,""9"":5}","{""10"":5,""11"":2,""12"":9,""13"":2,""14"":2,""15"":4,""16"":2,""17"":2,""18"":2,""19"":1,""20"":1,""21"":5,""22"":1,""23"":2,""24"":4,""25"":2,""29"":1,""3"":49,""4"":65,""5"":6,""6"":9,""7"":1,""8"":3,""9"":5}",103,4.487813278154296,253,0.253,"{""10"":26,""11"":3,""12"":13,""13"":23,""3"":253,""4"":375,""5"":162,""6"":53,""7"":41,""8"":44,""9"":7}","{""10"":25,""11"":8,""12"":33,""13"":10,""14"":1,""15"":7,""16"":11,""17"":2,""18"":11,""19"":7,""21"":9,""22"":10,""24"":6,""25"":9,""26"":1,""29"":7,""3"":253,""4"":298,""5"":144,""6"":91,""7"":19,""8"":21,""9"":17}","{""Diagonal CMA-ES"":{""attempts"":279,""discoveries"":0,""improvements"":0,""insertions"":0,""insertion_rate"":0.0},""Immigrant"":{""attempts"":171,""discoveries"":0,""improvements"":0,""insertions"":0,""insertion_rate"":0.0},""Morphology"":{""attempts"":317,""discoveries"":0,""improvements"":3,""insertions"":3,""insertion_rate"":0.00946372239747634},""Novelty"":{""attempts"":233,""discoveries"":0,""improvements"":0,""insertions"":0,""insertion_rate"":0.0}}","{""Morphology"":213,""Novelty"":23}",0,0.8789808917197452,false,56000
42,79,80000,2.913429123999999,0.037660049,0.030218037,0.00315585,0.004286162,3.434783179,155.12279,34.308533,6615.621494501829,185,0.9635417,42,3.8159456098237676,53,0.2864864864864865,"{""10"":6,""11"":4,""12"":8,""13"":3,""3"":53,""4"":64,""5"":10,""6"":11,""7"":8,""8"":13,""9"":5}","{""10"":5,""11"":2,""12"":8,""13"":2,""14"":2,""15"":4,""16"":2,""17"":2,""18"":2,""19"":1,""20"":1,""21"":5,""22"":1,""23"":2,""24"":4,""25"":2,""29"":1,""3"":53,""4"":63,""5"":6,""6"":8,""7"":1,""8"":3,""9"":5}",103,4.770480596838756,222,0.222,"{""10"":33,""11"":1,""12"":20,""13"":23,""14"":1,""3"":222,""4"":322,""5"":175,""6"":65,""7"":64,""8"":61,""9"":13}","{""10"":32,""11"":10,""12"":57,""13"":16,""15"":13,""16"":12,""17"":3,""18"":7,""19"":7,""21"":16,""22"":11,""23"":3,""24"":9,""25"":9,""29"":7,""3"":222,""4"":256,""5"":140,""6"":107,""7"":19,""8"":21,""9"":23}","{""Diagonal CMA-ES"":{""attempts"":273,""discoveries"":0,""improvements"":1,""insertions"":1,""insertion_rate"":0.003663003663003663},""Immigrant"":{""attempts"":136,""discoveries"":0,""improvements"":0,""insertions"":0,""insertion_rate"":0.0},""Morphology"":{""attempts"":325,""discoveries"":0,""improvements"":9,""insertions"":9,""insertion_rate"":0.027692307692307693},""Novelty"":{""attempts"":266,""discoveries"":0,""improvements"":2,""insertions"":2,""insertion_rate"":0.007518796992481203}}","{""Morphology"":215,""Novelty"":32}",0,0.8789808917197452,false,57000
42,80,81000,2.953381854999999,0.039952731000000005,0.032377741,0.002799659,0.004775331,3.481415674,155.12279,34.308533,6624.120202749968,185,0.9635417,42,3.8072448505024874,53,0.2864864864864865,"{""10"":6,""11"":4,""12"":8,""13"":3,""3"":53,""4"":64,""5"":10,""6"":12,""7"":8,""8"":12,""9"":5}","{""10"":6,""11"":2,""12"":8,""13"":2,""14"":1,""15"":4,""16"":2,""17"":2,""18"":2,""19"":1,""20"":1,""21"":5,""22"":1,""23"":2,""24"":4,""25"":2,""29"":1,""3"":53,""4"":63,""5"":6,""6"":8,""7"":1,""8"":3,""9"":5}",81,4.020956906559304,238,0.238,"{""10"":6,""12"":19,""13"":90,""14"":13,""3"":238,""4"":413,""5"":164,""6"":18,""7"":11,""8"":10,""9"":18}","{""10"":12,""11"":12,""12"":10,""13"":1,""15"":2,""16"":1,""17"":8,""18"":1,""21"":12,""22"":6,""24"":9,""25"":81,""26"":9,""27"":1,""28"":3,""29"":2,""3"":238,""4"":353,""5"":134,""6"":83,""7"":8,""8"":7,""9"":7}","{""Diagonal CMA-ES"":{""attempts"":295,""discoveries"":0,""improvements"":0,""insertions"":0,""insertion_rate"":0.0},""Immigrant"":{""attempts"":153,""discoveries"":0,""improvements"":0,""insertions"":0,""insertion_rate"":0.0},""Morphology"":{""attempts"":289,""discoveries"":0,""improvements"":4,""insertions"":4,""insertion_rate"":0.01384083044982699},""Novelty"":{""attempts"":263,""discoveries"":0,""improvements"":1,""insertions"":1,""insertion_rate"":0.0038022813688212928}}","{""Morphology"":202,""Novelty"":37}",0,0.8789808917197452,false,58000
42,81,82000,2.994906574999999,0.04152472,0.033682586,0.003090549,0.004751585,3.529348265,155.12279,34.45112,6657.25290748477,185,0.9635417,42,3.784566076763981,53,0.2864864864864865,"{""10"":6,""11"":4,""12"":8,""13"":3,""3"":53,""4"":65,""5"":9,""6"":12,""7"":8,""8"":12,""9"":5}","{""10"":6,""11"":2,""12"":8,""13"":2,""14"":1,""15"":4,""16"":2,""17"":2,""18"":2,""19"":1,""20"":1,""21"":5,""22"":1,""23"":2,""24"":4,""25"":2,""29"":1,""3"":53,""4"":64,""5"":6,""6"":7,""7"":1,""8"":3,""9"":5}",93,4.137518839352153,287,0.287,"{""10"":16,""11"":1,""12"":24,""13"":18,""3"":287,""4"":393,""5"":156,""6"":39,""7"":19,""8"":32,""9"":15}","{""10"":29,""11"":12,""12"":13,""13"":9,""14"":2,""15"":5,""16"":7,""17"":5,""18"":4,""19"":3,""21"":17,""22"":6,""23"":1,""24"":12,""25"":4,""26"":3,""28"":1,""29"":1,""3"":287,""30"":1,""4"":320,""5"":146,""6"":80,""7"":13,""8"":6,""9"":13}","{""Diagonal CMA-ES"":{""attempts"":313,""discoveries"":0,""improvements"":0,""insertions"":0,""insertion_rate"":0.0},""Immigrant"":{""attempts"":158,""discoveries"":0,""improvements"":0,""insertions"":0,""insertion_rate"":0.0},""Morphology"":{""attempts"":291,""discoveries"":0,""improvements"":5,""insertions"":5,""insertion_rate"":0.01718213058419244},""Novelty"":{""attempts"":238,""discoveries"":0,""improvements"":0,""insertions"":0,""insertion_rate"":0.0}}","{""Morphology"":190,""Novelty"":28}",0,0.8789808917197452,false,59000
42,82,83000,3.033295628999999,0.038389054000000006,0.031592934,0.00275098,0.00404514,3.5737569430000002,155.12279,34.45112,6665.944448202848,185,0.9635417,42,3.792965101509467,53,0.2864864864864865,"{""10"":5,""11"":4,""12"":8,""13"":3,""3"":53,""4"":66,""5"":9,""6"":12,""7"":8,""8"":12,""9"":5}","{""10"":6,""11"":2,""12"":8,""13"":2,""14"":1,""15"":4,""16"":2,""17"":2,""18"":1,""19"":1,""20"":1,""21"":5,""22"":1,""23"":2,""24"":4,""25"":2,""29"":1,""3"":53,""4"":64,""5"":7,""6"":7,""7"":1,""8"":3,""9"":5}",107,4.273771617867026,264,0.264,"{""10"":12,""11"":3,""12"":20,""13"":15,""3"":264,""4"":366,""5"":229,""6"":41,""7"":13,""8"":20,""9"":17}","{""10"":23,""11"":9,""12"":7,""13"":4,""14"":2,""15"":4,""16"":4,""17"":5,""18"":5,""19"":3,""21"":14,""22"":7,""23"":1,""24"":10,""25"":3,""26"":1,""29"":2,""3"":264,""4"":309,""5"":198,""6"":87,""7"":19,""8"":9,""9"":10}","{""Diagonal CMA-ES"":{""attempts"":281,""discoveries"":0,""improvements"":0,""insertions"":0,""insertion_rate"":0.0},""Immigrant"":{""attempts"":133,""discoveries"":0,""improvements"":0,""insertions"":0,""insertion_rate"":0.0},""Morphology"":{""attempts"":324,""discoveries"":0,""improvements"":4,""insertions"":4,""insertion_rate"":0.012345679012345678},""Novelty"":{""attempts"":262,""discoveries"":0,""improvements"":1,""insertions"":1,""insertion_rate"":0.003816793893129771}}","{""Morphology"":223,""Novelty"":32}",1,0.8789808917197452,false,60000
42,83,84000,3.072945596999999,0.039649967999999994,0.033170859,0.002773538,0.003705571,3.619337488,155.12279,34.51252,6700.639533132315,185,0.9635417,41,3.7527451791340067,53,0.2864864864864865,"{""10"":4,""11"":4,""12"":8,""13"":3,""3"":53,""4"":67,""5"":10,""6"":11,""7"":8,""8"":12,""9"":5}","{""10"":6,""11"":2,""12"":8,""13"":2,""14"":1,""15"":4,""16"":2,""17"":2,""18"":1,""19"":1,""20"":1,""21"":4,""22"":1,""23"":2,""24"":4,""25"":2,""29"":1,""3"":53,""4"":65,""5"":8,""6"":6,""7"":1,""8"":3,""9"":5}",86,4.184517189214022,267,0.267,"{""10"":9,""12"":28,""13"":25,""14"":1,""3"":267,""4"":407,""5"":163,""6"":39,""7"":23,""8"":22,""9"":16}","{""10"":26,""11"":11,""12"":17,""13"":8,""15"":5,""16"":6,""17"":6,""19"":2,""21"":24,""22"":9,""23"":1,""24"":7,""25"":12,""26"":2,""29"":3,""3"":267,""30"":1,""4"":319,""5"":171,""6"":77,""7"":11,""8"":8,""9"":7}","{""Diagonal CMA-ES"":{""attempts"":295,""discoveries"":0,""improvements"":0,""insertions"":0,""insertion_rate"":0.0},""Immigrant"":{""attempts"":142,""discoveries"":0,""improvements"":0,""insertions"":0,""insertion_rate"":0.0},""Morphology"":{""attempts"":309,""discoveries"":0,""improvements"":4,""insertions"":4,""insertion_rate"":0.012944983818770227},""Novelty"":{""attempts"":254,""discoveries"":0,""improvements"":0,""insertions"":0,""insertion_rate"":0.0}}","{""Morphology"":206,""Novelty"":37}",0,0.8789808917197452,false,61000
42,84,85000,3.1161645979999992,0.043219001,0.035633324,0.003181971,0.004403706,3.668476379,155.12279,34.75323,6729.811605781317,185,0.9635417,41,3.751482041938382,54,0.2918918918918919,"{""10"":4,""11"":4,""12"":8,""13"":3,""3"":54,""4"":66,""5"":10,""6"":11,""7"":8,""8"":12,""9"":5}","{""10"":6,""11"":2,""12"":8,""13"":2,""14"":1,""15"":4,""16"":2,""17"":2,""18"":1,""19"":1,""20"":1,""21"":4,""22"":1,""23"":2,""24"":4,""25"":2,""29"":1,""3"":54,""4"":64,""5"":8,""6"":6,""7"":1,""8"":3,""9"":5}",89,4.215420683609272,294,0.294,"{""10"":14,""11"":4,""12"":29,""13"":14,""3"":294,""4"":361,""5"":166,""6"":45,""7"":21,""8"":31,""9"":21}","{""10"":27,""11"":14,""12"":21,""13"":9,""15"":9,""16"":8,""17"":5,""18"":2,""19"":4,""20"":1,""21"":24,""22"":5,""23"":1,""24"":6,""25"":6,""29"":2,""3"":294,""34"":1,""4"":295,""5"":152,""6"":82,""7"":11,""8"":10,""9"":11}","{""Diagonal CMA-ES"":{""attempts"":306,""discoveries"":0,""improvements"":0,""insertions"":0,""insertion_rate"":0.0},""Immigrant"":{""attempts"":146,""discoveries"":0,""improvements"":0,""insertions"":0,""insertion_rate"":0.0},""Morphology"":{""attempts"":291,""discoveries"":0,""improvements"":3,""insertions"":3,""insertion_rate"":0.010309278350515464},""Novelty"":{""attempts"":257,""discoveries"":0,""improvements"":2,""insertions"":2,""insertion_rate"":0.007782101167315175}}","{""Morphology"":186,""Novelty"":35}",0,0.8789808917197452,false,62000
42,85,86000,3.154893219999999,0.038728622000000004,0.031226057,0.00294926,0.004553305,3.715214544,155.12279,35.298424,6799.307676643133,185,0.9635417,40,3.669627199662475,55,0.2972972972972973,"{""10"":3,""11"":4,""12"":8,""13"":3,""3"":55,""4"":68,""5"":10,""6"":11,""7"":6,""8"":12,""9"":5}","{""10"":6,""11"":2,""12"":6,""13"":2,""14"":1,""15"":4,""16"":2,""17"":2,""18"":1,""19"":1,""20"":1,""21"":3,""22"":1,""23"":2,""24"":4,""25"":2,""29"":1,""3"":55,""4"":66,""5"":8,""6"":6,""7"":1,""8"":3,""9"":5}",96,4.59758328539715,248,0.248,"{""10"":21,""11"":1,""12"":15,""13"":29,""3"":248,""4"":336,""5"":180,""6"":63,""7"":41,""8"":55,""9"":11}","{""10"":31,""11"":8,""12"":33,""13"":9,""14"":2,""15"":13,""16"":14,""17"":1,""18"":4,""19"":7,""20"":1,""21"":6,""22"":9,""23"":1,""24"":9,""25"":15,""26"":1,""29"":6,""3"":248,""30"":1,""4"":263,""5"":154,""6"":102,""7"":17,""8"":22,""9"":23}","{""Diagonal CMA-ES"":{""attempts"":296,""discoveries"":0,""improvements"":0,""insertions"":0,""insertion_rate"":0.0},""Immigrant"":{""attempts"":168,""discoveries"":0,""improvements"":0,""insertions"":0,""insertion_rate"":0.0},""Morphology"":{""attempts"":299,""discoveries"":0,""improvements"":7,""insertions"":7,""insertion_rate"":0.023411371237458192},""Novelty"":{""attempts"":237,""discoveries"":0,""improvements"":1,""insertions"":1,""insertion_rate"":0.004219409282700422}}","{""Morphology"":193,""Novelty"":29}",0,0.879746835443038,false,63000
42,86,87000,3.192182830999999,0.037289611,0.029849973,0.00288752,0.004552118,3.757081206,155.12279,35.939236,6880.41826531291,185,0.9635417,40,3.6792866623188836,55,0.2972972972972973,"{""10"":3,""11"":4,""12"":8,""13"":3,""3"":55,""4"":67,""5"":11,""6"":10,""7"":7,""8"":12,""9"":5}","{""10"":5,""11"":2,""12"":7,""13"":2,""14"":1,""15"":4,""16"":2,""17"":2,""18"":1,""19"":1,""20"":1,""21"":3,""22"":1,""23"":2,""24"":4,""25"":2,""29"":1,""3"":55,""4"":65,""5"":9,""6"":6,""7"":1,""8"":3,""9"":5}",98,4.519853852187338,288,0.288,"{""10"":13,""11"":1,""12"":15,""13"":24,""14"":2,""3"":288,""4"":309,""5"":186,""6"":54,""7"":51,""8"":50,""9"":7}","{""10"":29,""11"":10,""12"":38,""13"":12,""14"":1,""15"":15,""16"":11,""17"":1,""19"":5,""21"":4,""22"":6,""23"":3,""24"":9,""25"":13,""26"":2,""29"":5,""3"":288,""4"":231,""5"":164,""6"":101,""7"":19,""8"":17,""9"":16}","{""Diagonal CMA-ES"":{""attempts"":291,""discoveries"":0,""improvements"":0,""insertions"":0,""insertion_rate"":0.0},""Immigrant"":{""attempts"":150,""discoveries"":0,""improvements"":0,""insertions"":0,""insertion_rate"":0.0},""Morphology"":{""attempts"":314,""discoveries"":0,""improvements"":5,""insertions"":5,""insertion_rate"":0.01592356687898089},""Novelty"":{""attempts"":245,""discoveries"":0,""improvements"":2,""insertions"":2,""insertion_rate"":0.00816326530612245}}","{""Morphology"":230,""Novelty"":40}",0,0.879746835443038,false,64000
42,87,88000,3.234849735999999,0.042666905000000005,0.035911153,0.002840028,0.003915724,3.805720243,155.12279,35.939236,6969.640419140458,185,0.9635417,39,3.613911135834876,56,0.3027027027027027,"{""10"":3,""11"":4,""12"":8,""13"":3,""3"":56,""4"":66,""5"":11,""6"":11,""7"":6,""8"":13,""9"":4}","{""10"":6,""11"":2,""12"":6,""13"":2,""14"":1,""15"":4,""16"":2,""17"":1,""18"":1,""19"":1,""20"":1,""21"":3,""22"":1,""23"":2,""24"":4,""25"":2,""29"":1,""3"":56,""4"":65,""5"":9,""6"":5,""7"":1,""8"":3,""9"":6}",93,4.355584764090477,291,0.291,"{""10"":11,""12"":13,""13"":26,""3"":291,""4"":258,""5"":155,""6"":43,""7"":156,""8"":43,""9"":4}","{""10"":23,""11"":8,""12"":143,""13"":12,""14"":3,""15"":11,""16"":9,""17"":1,""18"":1,""19"":4,""21"":6,""22"":10,""24"":4,""25"":13,""26"":2,""29"":3,""3"":291,""34"":1,""4"":191,""5"":140,""6"":81,""7"":18,""8"":11,""9"":14}","{""Diagonal CMA-ES"":{""attempts"":276,""discoveries"":0,""improvements"":1,""insertions"":1,""insertion_rate"":0.0036231884057971015},""Immigrant"":{""attempts"":145,""discoveries"":0,""improvements"":0,""insertions"":0,""insertion_rate"":0.0},""Morphology"":{""attempts"":310,""discoveries"":0,""improvements"":10,""insertions"":10,""insertion_rate"":0.03225806451612903},""Novelty"":{""attempts"":269,""discoveries"":0,""improvements"":0,""insertions"":0,""insertion_rate"":0.0}}","{""Morphology"":205,""Novelty"":30}",0,0.879746835443038,false,65000
42,88,89000,3.273621100999999,0.038771365,0.030454311,0.003872981,0.004444073,3.850838927,155.12279,35.939236,6980.478938236833,185,0.9635417,39,3.603936380407538,56,0.3027027027027027,"{""10"":3,""11"":4,""12"":8,""13"":3,""3"":56,""4"":66,""5"":11,""6"":11,""7"":6,""8"":13,""9"":4}","{""10"":6,""11"":2,""12"":6,""13"":2,""14"":1,""15"":4,""16"":2,""17"":1,""18"":1,""19"":1,""20"":1,""21"":3,""22"":1,""23"":2,""24"":4,""25"":2,""29"":1,""3"":56,""4"":65,""5"":9,""6"":5,""7"":1,""8"":3,""9"":6}",79,3.8940923805921783,346,0.346,"{""10"":15,""11"":1,""12"":24,""13"":19,""3"":346,""4"":360,""5"":129,""6"":40,""7"":22,""8"":31,""9"":13}","{""10"":24,""11"":12,""12"":20,""13"":7,""15"":11,""16"":5,""17"":1,""19"":3,""21"":16,""22"":5,""23"":1,""24"":8,""25"":9,""26"":2,""29"":3,""3"":346,""4"":304,""5"":118,""6"":69,""7"":12,""8"":8,""9"":16}","{""Diagonal CMA-ES"":{""attempts"":319,""discoveries"":0,""improvements"":0,""insertions"":0,""insertion_rate"":0.0},""Immigrant"":{""attempts"":145,""discoveries"":0,""improvements"":0,""insertions"":0,""insertion_rate"":0.0},""Morphology"":{""attempts"":281,""discoveries"":0,""improvements"":3,""insertions"":3,""insertion_rate"":0.010676156583629894},""Novelty"":{""attempts"":255,""discoveries"":0,""improvements"":0,""insertions"":0,""insertion_rate"":0.0}}","{""Morphology"":175,""Novelty"":23}",0,0.879746835443038,false,66000
42,89,90000,3.314076060999999,0.04045496,0.032890655,0.003018123,0.004546182,3.897711257,155.12279,35.939236,7005.859470978379,185,0.9635417,38,3.5646777038012445,57,0.3081081081081081,"{""10"":3,""11"":4,""12"":8,""13"":3,""3"":57,""4"":65,""5"":11,""6"":11,""7"":7,""8"":13,""9"":3}","{""10"":6,""11"":2,""12"":7,""13"":2,""14"":1,""15"":4,""16"":2,""18"":1,""19"":1,""20"":1,""21"":3,""22"":1,""23"":2,""24"":4,""25"":2,""29"":1,""3"":57,""4"":64,""5"":9,""6"":5,""7"":1,""8"":3,""9"":6}",95,4.166831148969473,326,0.326,"{""10"":8,""11"":1,""12"":22,""13"":19,""14"":2,""3"":326,""4"":343,""5"":152,""6"":42,""7"":26,""8"":45,""9"":14}","{""10"":29,""11"":10,""12"":21,""13"":9,""14"":1,""15"":5,""16"":10,""18"":1,""19"":3,""21"":13,""22"":10,""23"":1,""24"":6,""25"":8,""26"":1,""29"":4,""3"":326,""30"":1,""4"":274,""5"":152,""6"":67,""7"":12,""8"":15,""9"":21}","{""Diagonal CMA-ES"":{""attempts"":301,""discoveries"":0,""improvements"":0,""insertions"":0,""insertion_rate"":0.0},""Immigrant"":{""attempts"":134,""discoveries"":0,""improvements"":0,""insertions"":0,""insertion_rate"":0.0},""Morphology"":{""attempts"":277,""discoveries"":0,""improvements"":4,""insertions"":4,""insertion_rate"":0.01444043321299639},""Novelty"":{""attempts"":288,""discoveries"":0,""improvements"":2,""insertions"":2,""insertion_rate"":0.006944444444444444}}","{""Morphology"":191,""Novelty"":27}",0,0.879746835443038,false,67000
42,90,91000,3.354845655999999,0.040769595,0.034163444,0.002883958,0.003722193,3.944417365,155.12279,36.736298,7052.552374973893,185,0.9635417,38,3.5475323384109694,57,0.3081081081081081,"{""10"":3,""11"":4,""12"":8,""13"":3,""3"":57,""4"":66,""5"":9,""6"":11,""7"":8,""8"":13,""9"":3}","{""10"":6,""11"":2,""12"":7,""13"":3,""14"":1,""15"":4,""16"":2,""18"":1,""19"":1,""20"":1,""21"":3,""22"":1,""23"":2,""24"":4,""25"":2,""29"":1,""3"":57,""4"":65,""5"":7,""6"":5,""7"":1,""8"":3,""9"":6}",88,4.095220161741497,316,0.316,"{""10"":5,""11"":3,""12"":34,""13"":18,""14"":2,""3"":316,""4"":370,""5"":138,""6"":46,""7"":22,""8"":38,""9"":8}","{""10"":30,""11"":9,""12"":13,""13"":10,""14"":2,""15"":5,""16"":4,""18"":2,""19"":2,""20"":2,""21"":27,""22"":10,""23"":1,""24"":7,""25"":6,""27"":1,""29"":1,""3"":316,""30"":1,""35"":1,""4"":288,""5"":150,""6"":72,""7"":9,""8"":9,""9"":22}","{""Diagonal CMA-ES"":{""attempts"":310,""discoveries"":0,""improvements"":0,""insertions"":0,""insertion_rate"":0.0},""Immigrant"":{""attempts"":148,""discoveries"":0,""improvements"":0,""insertions"":0,""insertion_rate"":0.0},""Morphology"":{""attempts"":297,""discoveries"":0,""improvements"":7,""insertions"":7,""insertion_rate"":0.02356902356902357},""Novelty"":{""attempts"":245,""discoveries"":0,""improvements"":0,""insertions"":0,""insertion_rate"":0.0}}","{""Morphology"":195,""Novelty"":31}",1,0.879746835443038,false,68000
42,91,92000,3.3915523019999987,0.036706646,0.030313022,0.002734358,0.003659266,3.987104454,155.12279,36.736298,7071.993205204606,185,0.9635417,38,3.5562330977322487,57,0.3081081081081081,"{""10"":3,""11"":4,""12"":8,""13"":3,""3"":57,""4"":66,""5"":9,""6"":11,""7"":8,""8"":13,""9"":3}","{""10"":6,""11"":2,""12"":7,""13"":3,""14"":1,""15"":4,""16"":2,""18"":1,""19"":1,""20"":1,""21"":3,""22"":1,""23"":2,""24"":4,""25"":2,""29"":1,""3"":57,""4"":65,""5"":6,""6"":6,""7"":1,""8"":3,""9"":6}",91,4.0032326821973125,315,0.315,"{""10"":6,""11"":2,""12"":26,""13"":20,""14"":3,""3"":315,""4"":399,""5"":132,""6"":29,""7"":29,""8"":26,""9"":13}","{""10"":22,""11"":15,""12"":14,""13"":13,""15"":4,""16"":4,""17"":1,""18"":2,""19"":2,""21"":21,""22"":7,""23"":2,""24"":6,""25"":4,""26"":4,""28"":1,""29"":5,""3"":315,""4"":326,""5"":132,""6"":67,""7"":12,""8"":8,""9"":13}","{""Diagonal CMA-ES"":{""attempts"":325,""discoveries"":0,""improvements"":0,""insertions"":0,""insertion_rate"":0.0},""Immigrant"":{""attempts"":141,""discoveries"":0,""improvements"":0,""insertions"":0,""insertion_rate"":0.0},""Morphology"":{""attempts"":298,""discoveries"":0,""improvements"":4,""insertions"":4,""insertion_rate"":0.013422818791946308},""Novelty"":{""attempts"":236,""discoveries"":0,""improvements"":0,""insertions"":0,""insertion_rate"":0.0}}","{""Morphology"":203,""Novelty"":32}",0,0.879746835443038,false,69000
42,92,93000,3.426812812999999,0.035260511,0.028225743,0.002674993,0.004359775,4.027475115,155.12279,36.81991,7101.622222080827,185,0.9635417,39,3.6287793065237937,56,0.3027027027027027,"{""10"":3,""11"":4,""12"":8,""13"":3,""3"":56,""4"":65,""5"":11,""6"":11,""7"":8,""8"":13,""9"":3}","{""10"":6,""11"":2,""12"":7,""13"":3,""14"":1,""15"":4,""16"":2,""18"":1,""19"":1,""20"":1,""21"":3,""22"":1,""23"":2,""24"":4,""25"":2,""29"":1,""3"":56,""4"":63,""5"":7,""6"":8,""7"":1,""8"":3,""9"":6}",76,3.7318402284094434,353,0.353,"{""10"":4,""12"":28,""13"":11,""3"":353,""4"":322,""5"":211,""6"":31,""7"":17,""8"":14,""9"":9}","{""10"":19,""11"":9,""12"":7,""13"":12,""14"":1,""15"":1,""16"":2,""17"":1,""19"":1,""21"":22,""22"":4,""23"":1,""24"":7,""25"":4,""29"":1,""3"":353,""4"":240,""5"":139,""6"":151,""7"":13,""8"":6,""9"":6}","{""Diagonal CMA-ES"":{""attempts"":317,""discoveries"":0,""improvements"":0,""insertions"":0,""insertion_rate"":0.0},""Immigrant"":{""attempts"":138,""discoveries"":0,""improvements"":0,""insertions"":0,""insertion_rate"":0.0},""Morphology"":{""attempts"":299,""discoveries"":0,""improvements"":1,""insertions"":1,""insertion_rate"":0.0033444816053511705},""Novelty"":{""attempts"":246,""discoveries"":0,""improvements"":3,""insertions"":3,""insertion_rate"":0.012195121951219513}}","{""Morphology"":198,""Novelty"":25}",1,0.879746835443038,false,70000
42,93,94000,3.4647898729999986,0.03797705999999999,0.029234951,0.003064428,0.005677681,4.071569158,155.12279,36.81991,7105.755526676774,185,0.9635417,39,3.628779306523794,56,0.3027027027027027,"{""10"":3,""11"":4,""12"":8,""13"":3,""3"":56,""4"":65,""5"":11,""6"":11,""7"":8,""8"":13,""9"":3}","{""10"":6,""11"":2,""12"":7,""13"":3,""14"":1,""15"":4,""16"":2,""18"":1,""19"":1,""20"":1,""21"":3,""22"":1,""23"":2,""24"":4,""25"":2,""29"":1,""3"":56,""4"":63,""5"":7,""6"":8,""7"":1,""8"":3,""9"":6}",91,4.697324562843287,256,0.256,"{""10"":15,""11"":1,""12"":20,""13"":32,""3"":256,""4"":290,""5"":200,""6"":54,""7"":45,""8"":69,""9"":18}","{""10"":28,""11"":11,""12"":29,""13"":18,""14"":8,""15"":17,""16"":16,""19"":7,""21"":6,""22"":12,""24"":12,""25"":14,""26"":1,""29"":7,""3"":256,""4"":210,""5"":159,""6"":122,""7"":18,""8"":19,""9"":30}","{""Diagonal CMA-ES"":{""attempts"":304,""discoveries"":0,""improvements"":0,""insertions"":0,""insertion_rate"":0.0},""Immigrant"":{""attempts"":148,""discoveries"":0,""improvements"":0,""insertions"":0,""insertion_rate"":0.0},""Morphology"":{""attempts"":285,""discoveries"":0,""improvements"":2,""insertions"":2,""insertion_rate"":0.007017543859649123},""Novelty"":{""attempts"":263,""discoveries"":0,""improvements"":0,""insertions"":0,""insertion_rate"":0.0}}","{""Morphology"":183,""Novelty"":31}",0,0.8805031446540881,false,71000
42,94,95000,3.5073416089999987,0.042551736,0.034203812,0.003116669,0.005231255,4.122688469,155.12279,36.81991,7109.829117909074,185,0.9635417,39,3.626129441682318,56,0.3027027027027027,"{""10"":3,""11"":4,""12"":9,""13"":3,""3"":56,""4"":65,""5"":11,""6"":10,""7"":8,""8"":13,""9"":3}","{""10"":6,""11"":2,""12"":7,""13"":3,""14"":1,""15"":4,""16"":2,""18"":1,""19"":1,""20"":1,""21"":4,""22"":1,""23"":2,""24"":4,""25"":2,""29"":1,""3"":56,""4"":63,""5"":7,""6"":8,""7"":1,""8"":2,""9"":6}",97,4.642464512093437,220,0.22,"{""10"":9,""11"":41,""12"":155,""13"":39,""14"":1,""3"":220,""4"":247,""5"":155,""6"":41,""7"":38,""8"":35,""9"":19}","{""10"":23,""11"":14,""12"":26,""13"":9,""15"":15,""16"":8,""17"":2,""18"":40,""19"":5,""20"":1,""21"":145,""22"":18,""23"":2,""24"":6,""25"":14,""26"":3,""29"":4,""3"":220,""34"":1,""4"":184,""5"":133,""6"":82,""7"":14,""8"":14,""9"":17}","{""Diagonal CMA-ES"":{""attempts"":286,""discoveries"":0,""improvements"":0,""insertions"":0,""insertion_rate"":0.0},""Immigrant"":{""attempts"":158,""discoveries"":0,""improvements"":0,""insertions"":0,""insertion_rate"":0.0},""Morphology"":{""attempts"":306,""discoveries"":0,""improvements"":2,""insertions"":2,""insertion_rate"":0.006535947712418301},""Novelty"":{""attempts"":250,""discoveries"":0,""improvements"":0,""insertions"":0,""insertion_rate"":0.0}}","{""Morphology"":179,""Novelty"":37}",0,0.8805031446540881,false,72000
42,95,96000,3.5467885479999985,0.039446939,0.030814063,0.003075113,0.005557763,4.16895765,155.12279,36.81991,7134.904628887773,185,0.9635417,40,3.664197454260857,56,0.3027027027027027,"{""10"":3,""11"":4,""12"":9,""13"":4,""3"":56,""4"":64,""5"":12,""6"":10,""7"":8,""8"":12,""9"":3}","{""10"":6,""11"":2,""12"":7,""13"":3,""14"":1,""15"":3,""16"":2,""18"":1,""19"":1,""20"":1,""21"":4,""22"":1,""23"":2,""24"":5,""25"":2,""29"":1,""3"":56,""4"":62,""5"":8,""6"":8,""7"":1,""8"":2,""9"":6}",100,4.749759155296591,234,0.234,"{""10"":11,""11"":3,""12"":100,""13"":29,""14"":1,""3"":234,""4"":286,""5"":182,""6"":48,""7"":38,""8"":52,""9"":16}","{""10"":21,""11"":5,""12"":30,""13"":16,""14"":2,""15"":15,""16"":11,""17"":1,""18"":1,""19"":6,""21"":88,""22"":14,""23"":2,""24"":9,""25"":9,""26"":3,""29"":5,""3"":234,""4"":204,""5"":158,""6"":103,""7"":24,""8"":14,""9"":25}","{""Diagonal CMA-ES"":{""attempts"":272,""discoveries"":0,""improvements"":0,""insertions"":0,""insertion_rate"":0.0},""Immigrant"":{""attempts"":167,""discoveries"":0,""improvements"":0,""insertions"":0,""insertion_rate"":0.0},""Morphology"":{""attempts"":291,""discoveries"":0,""improvements"":4,""insertions"":4,""insertion_rate"":0.013745704467353952},""Novelty"":{""attempts"":270,""discoveries"":0,""improvements"":0,""insertions"":0,""insertion_rate"":0.0}}","{""Morphology"":196,""Novelty"":33}",2,0.88125,false,73000
42,96,97000,3.5857486949999986,0.038960146999999994,0.032110598,0.003113108,0.003736441,4.214977497,155.12279,36.81991,7149.844348087907,185,0.9635417,40,3.658518516782496,55,0.2972972972972973,"{""10"":3,""11"":4,""12"":10,""13"":4,""3"":55,""4"":65,""5"":12,""6"":10,""7"":8,""8"":11,""9"":3}","{""10"":6,""11"":2,""12"":7,""13"":3,""14"":1,""15"":3,""16"":1,""18"":1,""19"":1,""20"":1,""21"":4,""22"":1,""23"":2,""24"":6,""25"":2,""29"":1,""3"":55,""4"":63,""5"":8,""6"":8,""7"":1,""8"":2,""9"":6}",92,4.722046697076322,257,0.257,"{""10"":16,""12"":32,""13"":42,""14"":1,""3"":257,""4"":290,""5"":182,""6"":58,""7"":48,""8"":58,""9"":16}","{""10"":29,""11"":7,""12"":32,""13"":19,""14"":2,""15"":16,""16"":15,""19"":9,""21"":18,""22"":12,""23"":2,""24"":16,""25"":16,""26"":3,""29"":7,""3"":257,""4"":224,""5"":142,""6"":111,""7"":19,""8"":16,""9"":28}","{""Diagonal CMA-ES"":{""attempts"":303,""discoveries"":0,""improvements"":1,""insertions"":1,""insertion_rate"":0.0033003300330033004},""Immigrant"":{""attempts"":158,""discoveries"":0,""improvements"":0,""insertions"":0,""insertion_rate"":0.0},""Morphology"":{""attempts"":296,""discoveries"":0,""improvements"":4,""insertions"":4,""insertion_rate"":0.013513513513513514},""Novelty"":{""attempts"":243,""discoveries"":0,""improvements"":1,""insertions"":1,""insertion_rate"":0.00411522633744856}}","{""Morphology"":191,""Novelty"":18}",0,0.88125,false,74000
42,97,98000,3.6238385479999984,0.038089853,0.031214184,0.002753355,0.004122314,4.259059666,155.12279,37.843315,7153.875373020768,185,0.9635417,41,3.6760596654194506,55,0.2972972972972973,"{""10"":3,""11"":4,""12"":10,""13"":4,""3"":55,""4"":65,""5"":11,""6"":11,""7"":8,""8"":11,""9"":3}","{""10"":6,""11"":2,""12"":7,""13"":3,""14"":1,""15"":3,""16"":1,""18"":1,""19"":1,""20"":1,""21"":4,""22"":1,""23"":2,""24"":6,""25"":2,""29"":1,""3"":55,""4"":63,""5"":7,""6"":9,""7"":1,""8"":2,""9"":6}",96,4.2491003064485025,286,0.286,"{""10"":8,""11"":1,""12"":38,""13"":16,""14"":3,""3"":286,""4"":376,""5"":163,""6"":43,""7"":29,""8"":26,""9"":11}","{""10"":23,""11"":10,""12"":15,""13"":13,""15"":8,""16"":2,""17"":1,""18"":2,""19"":2,""21"":26,""22"":5,""24"":13,""25"":7,""26"":1,""28"":1,""29"":3,""3"":286,""32"":1,""4"":295,""5"":134,""6"":112,""7"":19,""8"":7,""9"":14}","{""Diagonal CMA-ES"":{""attempts"":314,""discoveries"":0,""improvements"":0,""insertions"":0,""insertion_rate"":0.0},""Immigrant"":{""attempts"":162,""discoveries"":0,""improvements"":0,""insertions"":0,""insertion_rate"":0.0},""Morphology"":{""attempts"":290,""discoveries"":0,""improvements"":3,""insertions"":3,""insertion_rate"":0.010344827586206896},""Novelty"":{""attempts"":234,""discoveries"":0,""improvements"":0,""insertions"":0,""insertion_rate"":0.0}}","{""Morphology"":190,""Novelty"":25}",1,0.88125,false,75000
42,98,99000,3.6632273099999986,0.039388762,0.032584331,0.002978942,0.003825489,4.305299164,155.12279,38.25904,7169.229916706681,185,0.9635417,40,3.6378324917594993,55,0.2972972972972973,"{""10"":3,""11"":4,""12"":10,""13"":4,""3"":55,""4"":66,""5"":10,""6"":11,""7"":8,""8"":11,""9"":3}","{""10"":6,""11"":2,""12"":7,""13"":3,""14"":1,""15"":3,""16"":1,""18"":1,""19"":1,""20"":1,""21"":4,""22"":1,""23"":2,""24"":6,""25"":2,""29"":1,""3"":55,""4"":64,""5"":6,""6"":9,""7"":1,""8"":2,""9"":6}",99,4.434393561123715,281,0.281,"{""10"":9,""11"":2,""12"":32,""13"":23,""3"":281,""4"":343,""5"":187,""6"":47,""7"":33,""8"":29,""9"":14}","{""10"":23,""11"":10,""12"":15,""13"":13,""15"":8,""16"":3,""18"":2,""19"":4,""21"":20,""22"":7,""24"":14,""25"":9,""26"":2,""29"":3,""3"":281,""4"":269,""5"":155,""6"":108,""7"":25,""8"":13,""9"":16}","{""Diagonal CMA-ES"":{""attempts"":304,""discoveries"":0,""improvements"":0,""insertions"":0,""insertion_rate"":0.0},""Immigrant"":{""attempts"":166,""discoveries"":0,""improvements"":0,""insertions"":0,""insertion_rate"":0.0},""Morphology"":{""attempts"":289,""discoveries"":0,""improvements"":4,""insertions"":4,""insertion_rate"":0.01384083044982699},""Novelty"":{""attempts"":241,""discoveries"":0,""improvements"":1,""insertions"":1,""insertion_rate"":0.004149377593360996}}","{""Morphology"":196,""Novelty"":29}",0,0.8765432098765432,false,76000
42,99,100000,3.7003340759999985,0.037106766,0.031043212,0.003034745,0.003028809,4.348469485,155.12279,38.415592,7199.046883717179,185,0.9635417,40,3.6652488546086395,55,0.2972972972972973,"{""10"":3,""11"":4,""12"":10,""13"":4,""3"":55,""4"":65,""5"":10,""6"":12,""7"":8,""8"":11,""9"":3}","{""10"":6,""11"":2,""12"":7,""13"":3,""14"":1,""15"":3,""16"":1,""18"":1,""19"":1,""20"":1,""21"":4,""22"":1,""23"":2,""24"":6,""25"":2,""29"":1,""3"":55,""4"":63,""5"":6,""6"":10,""7"":1,""8"":2,""9"":6}",104,4.349032066049501,299,0.299,"{""10"":7,""11"":6,""12"":38,""13"":23,""14"":3,""3"":299,""4"":339,""5"":165,""6"":52,""7"":30,""8"":26,""9"":12}","{""10"":28,""11"":11,""12"":17,""13"":6,""14"":3,""15"":4,""16"":4,""17"":1,""18"":4,""19"":3,""20"":1,""21"":27,""22"":9,""23"":2,""24"":12,""25"":7,""26"":1,""27"":1,""29"":5,""3"":299,""4"":266,""5"":145,""6"":99,""7"":17,""8"":12,""9"":16}","{""Diagonal CMA-ES"":{""attempts"":303,""discoveries"":0,""improvements"":0,""insertions"":0,""insertion_rate"":0.0},""Immigrant"":{""attempts"":166,""discoveries"":0,""improvements"":0,""insertions"":0,""insertion_rate"":0.0},""Morphology"":{""attempts"":291,""discoveries"":0,""improvements"":5,""insertions"":5,""insertion_rate"":0.01718213058419244},""Novelty"":{""attempts"":240,""discoveries"":0,""improvements"":0,""insertions"":0,""insertion_rate"":0.0}}","{""Morphology"":198,""Novelty"":39}",0,0.8765432098765432,false,77000
42,100,101000,3.7377412309999984,0.037407155,0.032066668,0.003122605,0.002217882,4.391606561,155.12279,38.687973,7235.7927581220865,185,0.9635417,40,3.66524885460864,55,0.2972972972972973,"{""10"":3,""11"":4,""12"":10,""13"":4,""3"":55,""4"":65,""5"":10,""6"":12,""7"":8,""8"":11,""9"":3}","{""10"":6,""11"":2,""12"":7,""13"":3,""14"":1,""15"":3,""16"":1,""18"":1,""19"":1,""20"":1,""21"":4,""22"":1,""23"":2,""24"":6,""25"":2,""29"":1,""3"":55,""4"":63,""5"":6,""6"":10,""7"":1,""8"":2,""9"":6}",110,4.385149234356814,305,0.305,"{""10"":8,""11"":2,""12"":33,""13"":35,""3"":305,""4"":351,""5"":148,""6"":33,""7"":42,""8"":24,""9"":19}","{""10"":22,""11"":16,""12"":20,""13"":9,""14"":2,""15"":10,""16"":3,""18"":1,""19"":3,""21"":20,""22"":16,""23"":2,""24"":16,""25"":8,""26"":3,""29"":3,""3"":305,""4"":273,""5"":143,""6"":87,""7"":14,""8"":9,""9"":15}","{""Diagonal CMA-ES"":{""attempts"":279,""discoveries"":0,""improvements"":0,""insertions"":0,""insertion_rate"":0.0},""Immigrant"":{""attempts"":135,""discoveries"":0,""improvements"":0,""insertions"":0,""insertion_rate"":0.0},""Morphology"":{""attempts"":334,""discoveries"":0,""improvements"":5,""insertions"":5,""insertion_rate"":0.014970059880239521},""Novelty"":{""attempts"":252,""discoveries"":0,""improvements"":0,""insertions"":0,""insertion_rate"":0.0}}","{""Morphology"":224,""Novelty"":33}",0,0.8773006134969326,false,78000
42,101,102000,3.7786378659999986,0.040896635,0.032796858,0.003320885,0.004778892,4.440212353,155.12279,38.816982,7270.772772923112,185,0.9635417,40,3.662844312820869,57,0.3081081081081081,"{""10"":3,""11"":4,""12"":10,""13"":4,""3"":57,""4"":63,""5"":9,""6"":13,""7"":8,""8"":11,""9"":3}","{""10"":6,""11"":2,""12"":7,""13"":3,""14"":1,""15"":3,""16"":1,""18"":1,""19"":1,""20"":1,""21"":4,""22"":1,""23"":2,""24"":6,""25"":2,""29"":1,""3"":57,""4"":61,""5"":5,""6"":11,""7"":1,""8"":2,""9"":6}",103,4.406429861964477,283,0.283,"{""10"":10,""11"":3,""12"":37,""13"":21,""14"":2,""3"":283,""4"":358,""5"":172,""6"":39,""7"":29,""8"":30,""9"":16}","{""10"":20,""11"":8,""12"":15,""13"":12,""15"":8,""16"":4,""18"":1,""19"":3,""20"":1,""21"":22,""22"":7,""23"":3,""24"":17,""25"":7,""26"":2,""29"":4,""3"":283,""4"":286,""5"":139,""6"":107,""7"":19,""8"":12,""9"":20}","{""Diagonal CMA-ES"":{""attempts"":290,""discoveries"":0,""improvements"":0,""insertions"":0,""insertion_rate"":0.0},""Immigrant"":{""attempts"":168,""discoveries"":0,""improvements"":0,""insertions"":0,""insertion_rate"":0.0},""Morphology"":{""attempts"":291,""discoveries"":0,""improvements"":7,""insertions"":7,""insertion_rate"":0.024054982817869417},""Novelty"":{""attempts"":251,""discoveries"":0,""improvements"":1,""insertions"":1,""insertion_rate"":0.00398406374501992}}","{""Morphology"":197,""Novelty"":29}",0,0.8773006134969326,false,79000
42,102,103000,3.8157315729999985,0.037093707,0.029958018,0.003133292,0.004002397,4.484534358,155.12279,38.865467,7291.998458221555,185,0.9635417,40,3.700819449434475,56,0.3027027027027027,"{""10"":3,""11"":4,""12"":11,""13"":4,""3"":56,""4"":62,""5"":10,""6"":14,""7"":8,""8"":10,""9"":3}","{""10"":6,""11"":2,""12"":7,""13"":3,""14"":1,""15"":3,""16"":1,""18"":1,""19"":1,""20"":1,""21"":4,""22"":1,""23"":2,""24"":7,""25"":2,""29"":1,""3"":56,""4"":60,""5"":5,""6"":13,""7"":1,""8"":2,""9"":5}",90,4.397987197166498,268,0.268,"{""10"":12,""11"":6,""12"":34,""13"":33,""14"":3,""3"":268,""4"":368,""5"":153,""6"":39,""7"":39,""8"":38,""9"":7}","{""10"":19,""11"":3,""12"":25,""13"":13,""14"":1,""15"":9,""16"":4,""17"":1,""18"":1,""19"":5,""20"":1,""21"":14,""22"":12,""23"":6,""24"":19,""25"":12,""26"":3,""27"":1,""29"":7,""3"":268,""4"":285,""5"":150,""6"":90,""7"":14,""8"":16,""9"":21}","{""Diagonal CMA-ES"":{""attempts"":309,""discoveries"":0,""improvements"":1,""insertions"":1,""insertion_rate"":0.003236245954692557},""Immigrant"":{""attempts"":155,""discoveries"":0,""improvements"":0,""insertions"":0,""insertion_rate"":0.0},""Morphology"":{""attempts"":293,""discoveries"":0,""improvements"":2,""insertions"":2,""insertion_rate"":0.006825938566552901},""Novelty"":{""attempts"":243,""discoveries"":0,""improvements"":2,""insertions"":2,""insertion_rate"":0.00823045267489712}}","{""Morphology"":207,""Novelty"":22}",0,0.8773006134969326,false,80000
42,103,104000,3.8539496549999988,0.038218082,0.030637155,0.003072739,0.004508188,4.52912113,155.12279,38.865467,7300.748284652829,185,0.9635417,40,3.700819449434475,56,0.3027027027027027,"{""10"":3,""11"":4,""12"":11,""13"":4,""3"":56,""4"":62,""5"":10,""6"":14,""7"":8,""8"":10,""9"":3}","{""10"":6,""11"":2,""12"":7,""13"":3,""14"":1,""15"":3,""16"":1,""18"":1,""19"":1,""20"":1,""21"":4,""23"":3,""24"":7,""25"":2,""29"":1,""3"":56,""4"":60,""5"":5,""6"":13,""7"":1,""8"":2,""9"":5}",111,4.359666483460296,267,0.267,"{""10"":6,""11"":4,""12"":28,""13"":13,""14"":1,""3"":267,""4"":308,""5"":233,""6"":67,""7"":45,""8"":14,""9"":14}","{""10"":25,""11"":14,""12"":18,""13"":8,""14"":2,""15"":2,""16"":3,""17"":2,""18"":1,""19"":3,""21"":18,""22"":3,""23"":3,""24"":9,""25"":6,""26"":3,""29"":2,""3"":267,""4"":249,""5"":120,""6"":186,""7"":22,""8"":22,""9"":12}","{""Diagonal CMA-ES"":{""attempts"":282,""discoveries"":0,""improvements"":0,""insertions"":0,""insertion_rate"":0.0},""Immigrant"":{""attempts"":137,""discoveries"":0,""improvements"":0,""insertions"":0,""insertion_rate"":0.0},""Morphology"":{""attempts"":314,""discoveries"":0,""improvements"":6,""insertions"":6,""insertion_rate"":0.01910828025477707},""Novelty"":{""attempts"":267,""discoveries"":0,""improvements"":0,""insertions"":0,""insertion_rate"":0.0}}","{""Morphology"":210,""Novelty"":35}",1,0.8773006134969326,false,81000
42,104,105000,3.8922805319999987,0.038330877000000006,0.031852953,0.002666682,0.003811242,4.574788349,155.12279,39.064312,7337.40775616467,185,0.9635417,39,3.693758197758432,58,0.31351351351351353,"{""10"":3,""11"":4,""12"":11,""13"":4,""3"":58,""4"":59,""5"":10,""6"":15,""7"":8,""8"":10,""9"":3}","{""10"":6,""11"":2,""12"":7,""13"":3,""14"":1,""15"":3,""16"":1,""18"":1,""19"":1,""20"":1,""21"":4,""23"":3,""24"":7,""25"":2,""29"":1,""3"":58,""4"":57,""5"":5,""6"":15,""8"":2,""9"":5}",83,4.105091063474357,263,0.263,"{""10"":6,""11"":1,""12"":36,""13"":24,""14"":1,""3"":263,""4"":395,""5"":155,""6"":62,""7"":26,""8"":21,""9"":10}","{""10"":25,""11"":7,""12"":13,""13"":6,""14"":1,""15"":6,""16"":2,""18"":1,""19"":2,""20"":1,""21"":25,""22"":7,""23"":3,""24"":17,""25"":5,""26"":1,""29"":2,""3"":263,""32"":1,""4"":337,""5"":127,""6"":109,""7"":16,""8"":10,""9"":13}","{""Diagonal CMA-ES"":{""attempts"":309,""discoveries"":0,""improvements"":0,""insertions"":0,""insertion_rate"":0.0},""Immigrant"":{""attempts"":142,""discoveries"":0,""improvements"":0,""insertions"":0,""insertion_rate"":0.0},""Morphology"":{""attempts"":278,""discoveries"":0,""improvements"":7,""insertions"":7,""insertion_rate"":0.025179856115107913},""Novelty"":{""attempts"":271,""discoveries"":0,""improvements"":0,""insertions"":0,""insertion_rate"":0.0}}","{""Morphology"":178,""Novelty"":36}",0,0.8773006134969326,false,82000
42,105,106000,3.9318283929999986,0.039547861,0.032255449,0.002978942,0.00431347,4.621387599,155.12279,39.287613,7361.155834034085,185,0.9635417,39,3.6908821492414616,58,0.31351351351351353,"{""10"":3,""11"":4,""12"":11,""13"":4,""3"":58,""4"":59,""5"":9,""6"":16,""7"":8,""8"":10,""9"":3}","{""10"":6,""11"":3,""12"":7,""13"":2,""14"":1,""15"":3,""16"":1,""18"":1,""19"":1,""20"":1,""21"":4,""23"":3,""24"":7,""25"":2,""29"":1,""3"":58,""4"":57,""5"":5,""6"":15,""8"":2,""9"":5}",96,4.201441547381352,287,0.287,"{""10"":8,""11"":1,""12"":38,""13"":21,""3"":287,""4"":375,""5"":146,""6"":55,""7"":36,""8"":20,""9"":13}","{""10"":24,""11"":11,""12"":14,""13"":13,""15"":9,""16"":4,""18"":1,""19"":3,""20"":1,""21"":25,""22"":4,""23"":4,""24"":13,""25"":7,""29"":3,""3"":287,""30"":1,""4"":310,""5"":143,""6"":93,""7"":11,""8"":8,""9"":11}","{""Diagonal CMA-ES"":{""attempts"":299,""discoveries"":0,""improvements"":0,""insertions"":0,""insertion_rate"":0.0},""Immigrant"":{""attempts"":153,""discoveries"":0,""improvements"":0,""insertions"":0,""insertion_rate"":0.0},""Morphology"":{""attempts"":296,""discoveries"":0,""improvements"":6,""insertions"":6,""insertion_rate"":0.02027027027027027},""Novelty"":{""attempts"":252,""discoveries"":0,""improvements"":0,""insertions"":0,""insertion_rate"":0.0}}","{""Morphology"":202,""Novelty"":31}",1,0.8773006134969326,false,83000
42,106,107000,3.9704038519999987,0.038575459000000006,0.030064875,0.002976567,0.005534017,4.6674133829999995,155.12279,39.287613,7377.701610401273,185,0.9635417,39,3.676050271848086,58,0.31351351351351353,"{""10"":3,""11"":4,""12"":11,""13"":4,""3"":58,""4"":60,""5"":9,""6"":15,""7"":8,""8"":10,""9"":3}","{""10"":6,""11"":3,""12"":7,""13"":2,""14"":1,""15"":3,""16"":1,""18"":1,""19"":1,""20"":1,""21"":4,""23"":3,""24"":7,""25"":2,""29"":1,""3"":58,""4"":58,""5"":5,""6"":14,""8"":2,""9"":5}",98,4.225463307844113,275,0.275,"{""10"":7,""11"":1,""12"":38,""13"":15,""14"":2,""3"":275,""4"":386,""5"":157,""6"":58,""7"":33,""8"":19,""9"":9}","{""10"":25,""11"":9,""12"":16,""13"":4,""15"":5,""16"":3,""17"":2,""19"":4,""21"":20,""22"":1,""23"":4,""24"":17,""25"":7,""26"":1,""28"":1,""29"":4,""3"":275,""4"":313,""5"":148,""6"":99,""7"":13,""8"":17,""9"":12}","{""Diagonal CMA-ES"":{""attempts"":308,""discoveries"":0,""improvements"":0,""insertions"":0,""insertion_rate"":0.0},""Immigrant"":{""attempts"":165,""discoveries"":0,""improvements"":0,""insertions"":0,""insertion_rate"":0.0},""Morphology"":{""attempts"":287,""discoveries"":0,""improvements"":4,""insertions"":4,""insertion_rate"":0.013937282229965157},""Novelty"":{""attempts"":240,""discoveries"":0,""improvements"":0,""insertions"":0,""insertion_rate"":0.0}}","{""Morphology"":198,""Novelty"":30}",0,0.8780487804878049,false,84000
42,107,108000,4.011617496999999,0.04121364500000001,0.032843163,0.003766123,0.004604359,4.713334684,155.12279,39.872437,7465.606094196439,185,0.9635417,38,3.6254833195512433,59,0.31891891891891894,"{""10"":3,""11"":3,""12"":11,""13"":4,""3"":59,""4"":60,""5"":9,""6"":17,""7"":6,""8"":10,""9"":3}","{""10"":7,""11"":3,""12"":5,""13"":2,""14"":1,""15"":3,""16"":1,""18"":1,""19"":1,""21"":4,""23"":3,""24"":7,""25"":2,""29"":1,""3"":59,""4"":58,""5"":5,""6"":15,""8"":2,""9"":5}",97,4.221995076118669,307,0.307,"{""10"":7,""12"":26,""13"":21,""14"":2,""3"":307,""4"":364,""5"":148,""6"":51,""7"":38,""8"":20,""9"":16}","{""10"":24,""11"":18,""12"":15,""13"":6,""15"":9,""16"":3,""19"":3,""21"":17,""22"":5,""23"":3,""24"":10,""25"":6,""26"":3,""27"":1,""29"":3,""3"":307,""30"":1,""4"":286,""5"":145,""6"":96,""7"":16,""8"":11,""9"":12}","{""Diagonal CMA-ES"":{""attempts"":325,""discoveries"":0,""improvements"":0,""insertions"":0,""insertion_rate"":0.0},""Immigrant"":{""attempts"":153,""discoveries"":0,""improvements"":0,""insertions"":0,""insertion_rate"":0.0},""Morphology"":{""attempts"":287,""discoveries"":0,""improvements"":6,""insertions"":6,""insertion_rate"":0.020905923344947737},""Novelty"":{""attempts"":235,""discoveries"":0,""improvements"":0,""insertions"":0,""insertion_rate"":0.0}}","{""Morphology"":191,""Novelty"":29}",0,0.8780487804878049,false,85000
42,108,109000,4.0504363529999985,0.038818856,0.031879073,0.003117857,0.003821926,4.7588511140000005,155.12279,40.79731,7505.73427978158,185,0.9635417,38,3.6127599899252782,57,0.3081081081081081,"{""10"":3,""11"":3,""12"":11,""13"":4,""3"":57,""4"":63,""5"":7,""6"":17,""7"":7,""8"":10,""9"":3}","{""10"":7,""11"":3,""12"":5,""13"":2,""14"":1,""15"":3,""16"":1,""18"":1,""19"":1,""21"":4,""23"":3,""24"":7,""25"":2,""29"":1,""3"":57,""4"":61,""5"":3,""6"":15,""7"":1,""8"":2,""9"":5}",87,4.6300823437354675,256,0.256,"{""10"":13,""11"":2,""12"":45,""13"":37,""14"":1,""3"":256,""4"":319,""5"":179,""6"":58,""7"":39,""8"":41,""9"":10}","{""10"":28,""11"":5,""12"":24,""13"":10,""14"":1,""15"":14,""16"":7,""19"":6,""20"":1,""21"":12,""22"":3,""23"":7,""24"":36,""25"":12,""26"":3,""29"":9,""3"":256,""31"":1,""4"":243,""5"":157,""6"":107,""7"":19,""8"":19,""9"":20}","{""Diagonal CMA-ES"":{""attempts"":280,""discoveries"":0,""improvements"":1,""insertions"":1,""insertion_rate"":0.0035714285714285713},""Immigrant"":{""attempts"":156,""discoveries"":0,""improvements"":0,""insertions"":0,""insertion_rate"":0.0},""Morphology"":{""attempts"":299,""discoveries"":0,""improvements"":10,""insertions"":10,""insertion_rate"":0.033444816053511704},""Novelty"":{""attempts"":265,""discoveries"":0,""improvements"":1,""insertions"":1,""insertion_rate"":0.0037735849056603774}}","{""Morphology"":200,""Novelty"":36}",1,0.8787878787878788,false,86000
42,109,110000,4.087570426999998,0.037134074,0.029937834,0.002892269,0.004303971,4.803218236,155.12279,40.79731,7514.092041164637,185,0.9635417,38,3.612759989925279,57,0.3081081081081081,"{""10"":3,""11"":3,""12"":11,""13"":4,""3"":57,""4"":63,""5"":7,""6"":17,""7"":7,""8"":10,""9"":3}","{""10"":7,""11"":3,""12"":5,""13"":2,""14"":1,""15"":3,""16"":1,""18"":1,""19"":1,""21"":4,""23"":3,""24"":7,""25"":2,""29"":1,""3"":57,""4"":61,""5"":3,""6"":15,""7"":1,""8"":2,""9"":5}",103,4.2319385904747655,327,0.327,"{""10"":8,""11"":13,""12"":38,""13"":13,""14"":4,""3"":327,""4"":323,""5"":153,""6"":45,""7"":37,""8"":25,""9"":14}","{""10"":17,""11"":13,""12"":13,""13"":7,""15"":4,""16"":3,""17"":1,""19"":3,""20"":1,""21"":22,""23"":14,""24"":15,""25"":9,""26"":2,""27"":1,""28"":2,""29"":3,""3"":327,""4"":263,""5"":120,""6"":104,""7"":26,""8"":14,""9"":16}","{""Diagonal CMA-ES"":{""attempts"":300,""discoveries"":0,""improvements"":0,""insertions"":0,""insertion_rate"":0.0},""Immigrant"":{""attempts"":167,""discoveries"":0,""improvements"":0,""insertions"":0,""insertion_rate"":0.0},""Morphology"":{""attempts"":277,""discoveries"":0,""improvements"":3,""insertions"":3,""insertion_rate"":0.010830324909747292},""Novelty"":{""attempts"":256,""discoveries"":0,""improvements"":0,""insertions"":0,""insertion_rate"":0.0}}","{""Morphology"":164,""Novelty"":33}",0,0.8787878787878788,false,87000
42,110,111000,4.126455773999998,0.038885347,0.033518739,0.001860503,0.003506105,4.847669657,155.12279,40.79731,7532.576893001795,185,0.9635417,38,3.6109345506484045,58,0.31351351351351353,"{""10"":3,""11"":3,""12"":11,""13"":4,""3"":58,""4"":62,""5"":7,""6"":17,""7"":7,""8"":10,""9"":3}","{""10"":7,""11"":3,""12"":5,""13"":2,""14"":1,""15"":3,""16"":1,""18"":1,""19"":1,""21"":4,""23"":3,""24"":7,""25"":2,""29"":1,""3"":58,""4"":60,""5"":3,""6"":15,""7"":1,""8"":2,""9"":5}",95,4.30300342201401,303,0.303,"{""10"":9,""11"":9,""12"":37,""13"":25,""14"":1,""3"":303,""4"":361,""5"":142,""6"":37,""7"":37,""8"":28,""9"":11}","{""10"":20,""11"":8,""12"":11,""13"":8,""15"":9,""16"":3,""17"":1,""18"":1,""19"":3,""21"":21,""22"":5,""23"":12,""24"":22,""25"":7,""29"":3,""3"":303,""30"":1,""4"":262,""5"":153,""6"":98,""7"":15,""8"":17,""9"":17}","{""Diagonal CMA-ES"":{""attempts"":284,""discoveries"":0,""improvements"":0,""insertions"":0,""insertion_rate"":0.0},""Immigrant"":{""attempts"":150,""discoveries"":0,""improvements"":0,""insertions"":0,""insertion_rate"":0.0},""Morphology"":{""attempts"":283,""discoveries"":0,""improvements"":2,""insertions"":2,""insertion_rate"":0.007067137809187279},""Novelty"":{""attempts"":283,""discoveries"":0,""improvements"":1,""insertions"":1,""insertion_rate"":0.0035335689045936395}}","{""Morphology"":193,""Novelty"":30}",0,0.8787878787878788,false,88000
42,111,112000,4.1647367819999985,0.038281008,0.03296783,0.002956383,0.002356795,4.891597476,155.12279,40.79731,7571.652177959681,185,0.9635417,38,3.624336797763529,57,0.3081081081081081,"{""10"":3,""11"":3,""12"":11,""13"":4,""3"":57,""4"":62,""5"":7,""6"":16,""7"":9,""8"":10,""9"":3}","{""10"":7,""11"":3,""12"":5,""13"":2,""14"":1,""15"":3,""16"":1,""18"":1,""19"":1,""21"":4,""23"":3,""24"":7,""25"":2,""29"":1,""3"":57,""4"":61,""5"":2,""6"":14,""7"":2,""8"":3,""9"":5}",111,4.325606233779964,276,0.276,"{""10"":11,""11"":1,""12"":40,""13"":21,""14"":3,""3"":276,""4"":392,""5"":137,""6"":47,""7"":26,""8"":31,""9"":15}","{""10"":21,""11"":13,""12"":12,""13"":6,""15"":5,""16"":5,""18"":2,""19"":3,""21"":20,""22"":4,""23"":3,""24"":19,""25"":9,""26"":2,""27"":1,""28"":2,""29"":3,""3"":276,""30"":1,""4"":323,""5"":127,""6"":90,""7"":20,""8"":19,""9"":14}","{""Diagonal CMA-ES"":{""attempts"":265,""discoveries"":0,""improvements"":0,""insertions"":0,""insertion_rate"":0.0},""Immigrant"":{""attempts"":161,""discoveries"":0,""improvements"":0,""insertions"":0,""insertion_rate"":0.0},""Morphology"":{""attempts"":297,""discoveries"":0,""improvements"":5,""insertions"":5,""insertion_rate"":0.016835016835016835},""Novelty"":{""attempts"":277,""discoveries"":0,""improvements"":1,""insertions"":1,""insertion_rate"":0.0036101083032490976}}","{""Morphology"":201,""Novelty"":40}",1,0.8795180722891566,false,89000
42,112,113000,4.202243668999999,0.037506887,0.030529111,0.002942135,0.004035641,4.933966368,155.12279,40.79731,7579.563337475061,185,0.9635417,38,3.624336797763529,57,0.3081081081081081,"{""10"":3,""11"":3,""12"":11,""13"":4,""3"":57,""4"":62,""5"":7,""6"":16,""7"":9,""8"":10,""9"":3}","{""10"":7,""11"":3,""12"":5,""13"":2,""14"":1,""15"":3,""16"":1,""18"":1,""19"":1,""21"":4,""23"":3,""24"":7,""25"":2,""29"":1,""3"":57,""4"":61,""5"":2,""6"":14,""7"":2,""8"":3,""9"":5}",92,4.142407610484905,288,0.288,"{""10"":7,""11"":2,""12"":30,""13"":17,""14"":1,""3"":288,""4"":376,""5"":159,""6"":43,""7"":43,""8"":24,""9"":10}","{""10"":17,""11"":9,""12"":8,""13"":1,""14"":2,""15"":4,""16"":2,""19"":2,""21"":22,""22"":5,""23"":5,""24"":10,""25"":4,""26"":1,""27"":1,""29"":2,""3"":288,""4"":314,""5"":131,""6"":104,""7"":35,""8"":18,""9"":15}","{""Diagonal CMA-ES"":{""attempts"":310,""discoveries"":0,""improvements"":0,""insertions"":0,""insertion_rate"":0.0},""Immigrant"":{""attempts"":139,""discoveries"":0,""improvements"":0,""insertions"":0,""insertion_rate"":0.0},""Morphology"":{""attempts"":304,""discoveries"":0,""improvements"":4,""insertions"":4,""insertion_rate"":0.013157894736842105},""Novelty"":{""attempts"":247,""discoveries"":0,""improvements"":0,""insertions"":0,""insertion_rate"":0.0}}","{""Morphology"":198,""Novelty"":28}",0,0.8795180722891566,false,90000
42,113,114000,4.247739914999999,0.045496246000000004,0.039488495,0.00166816,0.004339591,4.984509838,155.12279,40.79731,7589.174397140741,185,0.9635417,38,3.6243367977635286,57,0.3081081081081081,"{""10"":3,""11"":3,""12"":11,""13"":4,""3"":57,""4"":62,""5"":7,""6"":16,""7"":9,""8"":10,""9"":3}","{""10"":7,""11"":3,""12"":5,""13"":2,""14"":1,""15"":3,""16"":1,""18"":1,""19"":1,""21"":4,""23"":3,""24"":7,""25"":2,""29"":1,""3"":57,""4"":61,""5"":2,""6"":14,""7"":2,""8"":3,""9"":5}",92,4.110645133887084,254,0.254,"{""10"":6,""11"":2,""12"":32,""13"":15,""3"":254,""4"":428,""5"":159,""6"":38,""7"":32,""8"":22,""9"":12}","{""10"":18,""11"":12,""12"":8,""13"":4,""14"":1,""15"":7,""16"":3,""18"":1,""19"":2,""21"":22,""22"":3,""23"":3,""24"":9,""25"":6,""26"":1,""29"":3,""3"":254,""30"":1,""4"":363,""5"":138,""6"":95,""7"":21,""8"":15,""9"":10}","{""Diagonal CMA-ES"":{""attempts"":319,""discoveries"":0,""improvements"":0,""insertions"":0,""insertion_rate"":0.0},""Immigrant"":{""attempts"":171,""discoveries"":0,""improvements"":0,""insertions"":0,""insertion_rate"":0.0},""Morphology"":{""attempts"":279,""discoveries"":0,""improvements"":4,""insertions"":4,""insertion_rate"":0.014336917562724014},""Novelty"":{""attempts"":231,""discoveries"":0,""improvements"":0,""insertions"":0,""insertion_rate"":0.0}}","{""Morphology"":181,""Novelty"":27}",0,0.8795180722891566,false,91000
42,114,115000,4.288573622999999,0.040833707999999996,0.032954769,0.003148726,0.004730213,5.032853236,155.12279,40.79731,7624.385629326105,185,0.9635417,38,3.6243367977635295,57,0.3081081081081081,"{""10"":3,""11"":3,""12"":11,""13"":4,""3"":57,""4"":62,""5"":7,""6"":16,""7"":9,""8"":10,""9"":3}","{""10"":7,""11"":3,""12"":5,""13"":2,""14"":1,""15"":3,""16"":1,""18"":1,""19"":1,""21"":4,""23"":3,""24"":7,""25"":2,""29"":1,""3"":57,""4"":61,""5"":2,""6"":14,""7"":2,""8"":3,""9"":5}",106,4.8301557651941005,228,0.228,"{""10"":14,""11"":5,""12"":42,""13"":38,""14"":3,""3"":228,""4"":331,""5"":172,""6"":54,""7"":52,""8"":49,""9"":12}","{""10"":31,""11"":11,""12"":22,""13"":10,""15"":12,""16"":8,""18"":1,""19"":6,""21"":11,""22"":6,""23"":11,""24"":32,""25"":16,""26"":4,""27"":1,""29"":6,""3"":228,""4"":266,""5"":134,""6"":113,""7"":20,""8"":26,""9"":25}","{""Diagonal CMA-ES"":{""attempts"":287,""discoveries"":0,""improvements"":0,""insertions"":0,""insertion_rate"":0.0},""Immigrant"":{""attempts"":148,""discoveries"":0,""improvements"":0,""insertions"":0,""insertion_rate"":0.0},""Morphology"":{""attempts"":312,""discoveries"":0,""improvements"":4,""insertions"":4,""insertion_rate"":0.01282051282051282},""Novelty"":{""attempts"":253,""discoveries"":0,""improvements"":1,""insertions"":1,""insertion_rate"":0.003952569169960474}}","{""Morphology"":206,""Novelty"":41}",0,0.8802395209580839,false,92000
42,115,116000,4.328668829999999,0.04009520700000001,0.034536256,0.001924618,0.003634333,5.078408848,155.12279,40.804253,7641.81275716424,185,0.9635417,38,3.6176064599373854,57,0.3081081081081081,"{""10"":2,""11"":3,""12"":11,""13"":4,""3"":57,""4"":62,""5"":7,""6"":16,""7"":9,""8"":11,""9"":3}","{""10"":7,""11"":3,""12"":5,""13"":2,""14"":1,""15"":2,""16"":1,""18"":1,""19"":1,""21"":4,""23"":3,""24"":7,""25"":2,""29"":1,""3"":57,""4"":61,""5"":2,""6"":14,""7"":2,""8"":3,""9"":6}",106,4.700031945812677,223,0.223,"{""10"":10,""11"":32,""12"":35,""13"":31,""14"":1,""3"":223,""4"":347,""5"":170,""6"":44,""7"":52,""8"":45,""9"":10}","{""10"":30,""11"":9,""12"":21,""13"":7,""14"":1,""15"":11,""16"":4,""19"":4,""20"":1,""21"":10,""22"":4,""23"":38,""24"":25,""25"":13,""26"":1,""27"":2,""28"":1,""29"":5,""3"":223,""4"":279,""5"":143,""6"":97,""7"":21,""8"":28,""9"":22}","{""Diagonal CMA-ES"":{""attempts"":280,""discoveries"":0,""improvements"":0,""insertions"":0,""insertion_rate"":0.0},""Immigrant"":{""attempts"":168,""discoveries"":0,""improvements"":0,""insertions"":0,""insertion_rate"":0.0},""Morphology"":{""attempts"":304,""discoveries"":0,""improvements"":4,""insertions"":4,""insertion_rate"":0.013157894736842105},""Novelty"":{""attempts"":248,""discoveries"":0,""improvements"":0,""insertions"":0,""insertion_rate"":0.0}}","{""Morphology"":210,""Novelty"":29}",0,0.8802395209580839,false,93000
42,116,117000,4.368036220999999,0.039367390999999995,0.033189856,0.002198884,0.003978651,5.125475896,155.12279,41.774834,7719.435716658831,185,0.9635417,38,3.5974080083028457,57,0.3081081081081081,"{""10"":2,""11"":3,""12"":11,""13"":4,""3"":57,""4"":63,""5"":7,""6"":16,""7"":9,""8"":10,""9"":3}","{""10"":7,""11"":3,""12"":5,""13"":2,""14"":1,""15"":2,""16"":1,""18"":1,""19"":1,""21"":4,""23"":3,""24"":7,""25"":2,""29"":1,""3"":57,""4"":62,""5"":2,""6"":14,""7"":2,""8"":3,""9"":5}",105,4.797341282539213,236,0.236,"{""10"":13,""11"":13,""12"":44,""13"":31,""3"":236,""4"":306,""5"":163,""6"":43,""7"":51,""8"":88,""9"":12}","{""10"":27,""11"":13,""12"":22,""13"":9,""15"":11,""16"":5,""18"":1,""19"":5,""20"":1,""21"":15,""22"":2,""23"":19,""24"":30,""25"":12,""26"":2,""28"":1,""29"":6,""3"":236,""4"":236,""5"":134,""6"":101,""7"":15,""8"":31,""9"":66}","{""Diagonal CMA-ES"":{""attempts"":281,""discoveries"":0,""improvements"":1,""insertions"":1,""insertion_rate"":0.0035587188612099642},""Immigrant"":{""attempts"":177,""discoveries"":0,""improvements"":0,""insertions"":0,""insertion_rate"":0.0},""Morphology"":{""attempts"":291,""discoveries"":0,""improvements"":7,""insertions"":7,""insertion_rate"":0.024054982817869417},""Novelty"":{""attempts"":251,""discoveries"":0,""improvements"":0,""insertions"":0,""insertion_rate"":0.0}}","{""Morphology"":193,""Novelty"":30}",0,0.8802395209580839,false,94000
42,117,118000,4.405378073999999,0.037341853,0.03177934,0.00297538,0.002587133,5.167515904,155.12279,41.774834,7734.969156295061,185,0.9635417,38,3.6171551147770495,56,0.3027027027027027,"{""10"":2,""11"":3,""12"":11,""13"":4,""3"":56,""4"":63,""5"":8,""6"":16,""7"":9,""8"":10,""9"":3}","{""10"":7,""11"":3,""12"":5,""13"":2,""14"":1,""15"":2,""16"":1,""18"":1,""19"":1,""21"":4,""23"":3,""24"":7,""25"":2,""29"":1,""3"":56,""4"":62,""5"":2,""6"":15,""7"":2,""8"":3,""9"":5}",101,4.263273999345919,255,0.255,"{""10"":2,""11"":2,""12"":28,""13"":14,""3"":255,""4"":355,""5"":143,""6"":37,""7"":42,""8"":106,""9"":16}","{""10"":24,""11"":13,""12"":4,""13"":2,""14"":1,""15"":1,""16"":3,""18"":1,""19"":1,""21"":15,""22"":2,""23"":3,""24"":15,""25"":5,""26"":2,""28"":1,""29"":1,""3"":255,""4"":291,""5"":121,""6"":96,""7"":32,""8"":20,""9"":91}","{""Diagonal CMA-ES"":{""attempts"":296,""discoveries"":0,""improvements"":0,""insertions"":0,""insertion_rate"":0.0},""Immigrant"":{""attempts"":166,""discoveries"":0,""improvements"":0,""insertions"":0,""insertion_rate"":0.0},""Morphology"":{""attempts"":302,""discoveries"":0,""improvements"":3,""insertions"":3,""insertion_rate"":0.009933774834437087},""Novelty"":{""attempts"":236,""discoveries"":0,""improvements"":0,""insertions"":0,""insertion_rate"":0.0}}","{""Morphology"":201,""Novelty"":20}",0,0.8802395209580839,false,95000
42,118,119000,4.438267541999998,0.032889468000000005,0.02660745,0.002616815,0.003665203,5.205751796,155.12279,42.09102,7762.983031898737,185,0.9635417,38,3.6171551147770495,56,0.3027027027027027,"{""10"":2,""11"":3,""12"":11,""13"":4,""3"":56,""4"":63,""5"":8,""6"":16,""7"":9,""8"":10,""9"":3}","{""10"":7,""11"":3,""12"":5,""13"":2,""14"":1,""15"":2,""16"":1,""18"":1,""19"":1,""21"":4,""23"":3,""24"":7,""25"":2,""29"":1,""3"":56,""4"":62,""5"":2,""6"":15,""7"":2,""8"":3,""9"":5}",108,4.339891614718575,265,0.265,"{""10"":7,""11"":4,""12"":36,""13"":12,""14"":5,""3"":265,""4"":330,""5"":136,""6"":52,""7"":49,""8"":92,""9"":12}","{""10"":23,""11"":12,""12"":7,""13"":7,""14"":1,""15"":6,""16"":3,""18"":1,""19"":1,""20"":1,""21"":19,""22"":2,""23"":3,""24"":18,""25"":4,""26"":2,""28"":2,""29"":3,""3"":265,""30"":2,""4"":281,""5"":109,""6"":94,""7"":37,""8"":13,""9"":84}","{""Diagonal CMA-ES"":{""attempts"":306,""discoveries"":0,""improvements"":1,""insertions"":1,""insertion_rate"":0.0032679738562091504},""Immigrant"":{""attempts"":161,""discoveries"":0,""improvements"":0,""insertions"":0,""insertion_rate"":0.0},""Morphology"":{""attempts"":280,""discoveries"":0,""improvements"":2,""insertions"":2,""insertion_rate"":0.007142857142857143},""Novelty"":{""attempts"":253,""discoveries"":0,""improvements"":0,""insertions"":0,""insertion_rate"":0.0}}","{""Morphology"":183,""Novelty"":34}",0,0.8802395209580839,false,96000
42,119,120000,4.473102997999998,0.034835456,0.028610429,0.002863774,0.003361253,5.246604502,155.12279,42.27761,7834.330501228571,185,0.9635417,37,3.6176158126040034,56,0.3027027027027027,"{""10"":2,""11"":3,""12"":11,""13"":4,""3"":56,""4"":62,""5"":8,""6"":17,""7"":10,""8"":9,""9"":3}","{""10"":7,""11"":3,""12"":5,""13"":2,""14"":1,""15"":2,""18"":1,""19"":1,""21"":4,""23"":3,""24"":7,""25"":2,""29"":1,""3"":56,""4"":61,""5"":2,""6"":16,""7"":3,""8"":3,""9"":5}",113,4.5984487066919755,257,0.257,"{""10"":8,""11"":6,""12"":32,""13"":24,""14"":2,""3"":257,""4"":340,""5"":144,""6"":57,""7"":63,""8"":53,""9"":14}","{""10"":24,""11"":15,""12"":9,""13"":11,""15"":12,""16"":3,""19"":3,""21"":13,""22"":2,""23"":9,""24"":23,""25"":9,""26"":1,""27"":1,""28"":3,""29"":2,""3"":257,""32"":1,""4"":277,""5"":130,""6"":103,""7"":34,""8"":23,""9"":35}","{""Diagonal CMA-ES"":{""attempts"":274,""discoveries"":0,""improvements"":0,""insertions"":0,""insertion_rate"":0.0},""Immigrant"":{""attempts"":134,""discoveries"":0,""improvements"":0,""insertions"":0,""insertion_rate"":0.0},""Morphology"":{""attempts"":324,""discoveries"":0,""improvements"":4,""insertions"":4,""insertion_rate"":0.012345679012345678},""Novelty"":{""attempts"":268,""discoveries"":0,""improvements"":0,""insertions"":0,""insertion_rate"":0.0}}","{""Morphology"":226,""Novelty"":31}",0,0.8802395209580839,false,97000
42,120,121000,4.510419916999998,0.037316919000000004,0.029935459,0.002888707,0.004492753,5.290334042,155.12279,42.27761,7845.2915941774845,185,0.9635417,37,3.597417360969464,56,0.3027027027027027,"{""10"":2,""11"":3,""12"":10,""13"":4,""3"":56,""4"":63,""5"":8,""6"":17,""7"":10,""8"":9,""9"":3}","{""10"":7,""11"":3,""12"":5,""13"":2,""14"":1,""15"":2,""18"":1,""19"":1,""21"":3,""23"":3,""24"":7,""25"":2,""29"":1,""3"":56,""4"":62,""5"":2,""6"":16,""7"":3,""8"":3,""9"":5}",83,3.72848327771202,221,0.221,"{""10"":5,""11"":1,""12"":17,""13"":9,""3"":221,""4"":479,""5"":164,""6"":42,""7"":43,""8"":14,""9"":5}","{""10"":16,""11"":6,""12"":4,""13"":3,""14"":1,""15"":3,""18"":1,""19"":1,""21"":14,""22"":4,""23"":2,""24"":2,""25"":1,""26"":1,""28"":1,""29"":1,""3"":221,""4"":422,""5"":140,""6"":96,""7"":38,""8"":18,""9"":4}","{""Diagonal CMA-ES"":{""attempts"":270,""discoveries"":0,""improvements"":0,""insertions"":0,""insertion_rate"":0.0},""Immigrant"":{""attempts"":164,""discoveries"":0,""improvements"":0,""insertions"":0,""insertion_rate"":0.0},""Morphology"":{""attempts"":289,""discoveries"":0,""improvements"":4,""insertions"":4,""insertion_rate"":0.01384083044982699},""Novelty"":{""attempts"":277,""discoveries"":0,""improvements"":0,""insertions"":0,""insertion_rate"":0.0}}","{""Morphology"":195,""Novelty"":35}",0,0.8802395209580839,false,98000
42,121,122000,4.549600900999998,0.039180983999999995,0.032459664,0.002907704,0.003813616,5.335044295,155.12279,42.27761,7846.135901123285,185,0.9635417,37,3.5888031553292836,56,0.3027027027027027,"{""10"":2,""11"":3,""12"":10,""13"":4,""3"":56,""4"":63,""5"":8,""6"":18,""7"":9,""8"":9,""9"":3}","{""10"":7,""11"":3,""12"":5,""13"":2,""14"":1,""15"":2,""18"":1,""19"":1,""21"":3,""23"":3,""24"":7,""25"":2,""29"":1,""3"":56,""4"":62,""5"":2,""6"":17,""7"":2,""8"":3,""9"":5}",93,4.105495903686833,247,0.247,"{""10"":5,""11"":3,""12"":18,""13"":9,""14"":1,""3"":247,""4"":416,""5"":161,""6"":51,""7"":54,""8"":29,""9"":6}","{""10"":21,""11"":5,""12"":8,""13"":6,""14"":2,""15"":5,""19"":2,""21"":4,""22"":1,""23"":4,""24"":14,""25"":4,""26"":1,""28"":1,""29"":2,""3"":247,""4"":362,""5"":127,""6"":100,""7"":44,""8"":25,""9"":15}","{""Diagonal CMA-ES"":{""attempts"":294,""discoveries"":0,""improvements"":0,""insertions"":0,""insertion_rate"":0.0},""Immigrant"":{""attempts"":170,""discoveries"":0,""improvements"":0,""insertions"":0,""insertion_rate"":0.0},""Morphology"":{""attempts"":282,""discoveries"":0,""improvements"":1,""insertions"":1,""insertion_rate"":0.0035460992907801418},""Novelty"":{""attempts"":254,""discoveries"":0,""improvements"":0,""insertions"":0,""insertion_rate"":0.0}}","{""Morphology"":197,""Novelty"":27}",0,0.8802395209580839,false,99000
42,122,123000,4.585692523999998,0.036091623,0.02932756,0.003071552,0.003692511,5.377777688,155.12279,42.27761,7854.960950046778,185,0.9635417,37,3.570409190295069,56,0.3027027027027027,"{""10"":2,""11"":3,""12"":10,""13"":4,""3"":56,""4"":64,""5"":7,""6"":18,""7"":9,""8"":9,""9"":3}","{""10"":7,""11"":3,""12"":5,""13"":1,""14"":1,""15"":2,""18"":1,""19"":1,""21"":3,""23"":3,""24"":7,""25"":2,""29"":1,""3"":56,""4"":63,""5"":2,""6"":16,""7"":2,""8"":4,""9"":5}",88,4.36431085586885,265,0.265,"{""10"":5,""11"":6,""12"":28,""13"":14,""3"":265,""4"":345,""5"":176,""6"":68,""7"":50,""8"":34,""9"":9}","{""10"":26,""11"":19,""12"":10,""13"":6,""15"":6,""18"":1,""19"":3,""21"":9,""22"":1,""23"":8,""24"":19,""25"":6,""27"":1,""29"":3,""3"":265,""4"":288,""5"":130,""6"":135,""7"":24,""8"":20,""9"":20}","{""Diagonal CMA-ES"":{""attempts"":288,""discoveries"":0,""improvements"":0,""insertions"":0,""insertion_rate"":0.0},""Immigrant"":{""attempts"":153,""discoveries"":0,""improvements"":0,""insertions"":0,""insertion_rate"":0.0},""Morphology"":{""attempts"":318,""discoveries"":0,""improvements"":3,""insertions"":3,""insertion_rate"":0.009433962264150943},""Novelty"":{""attempts"":241,""discoveries"":0,""improvements"":1,""insertions"":1,""insertion_rate"":0.004149377593360996}}","{""Morphology"":212,""Novelty"":19}",1,0.8802395209580839,false,100000
42,123,124000,4.619314557999998,0.033622034,0.02816163,0.001670535,0.003789869,5.4162664750000005,155.12279,42.27761,7868.42898479104,185,0.9635417,35,3.4941140040565783,56,0.3027027027027027,"{""10"":2,""11"":3,""12"":10,""13"":2,""3"":56,""4"":66,""5"":7,""6"":18,""7"":9,""8"":9,""9"":3}","{""10"":7,""11"":3,""12"":5,""13"":1,""14"":1,""15"":2,""18"":1,""19"":1,""21"":3,""23"":2,""24"":7,""25"":1,""29"":1,""3"":56,""4"":65,""5"":2,""6"":16,""7"":2,""8"":4,""9"":5}",98,4.347199369794726,270,0.27,"{""10"":9,""11"":6,""12"":22,""13"":15,""3"":270,""4"":351,""5"":141,""6"":83,""7"":59,""8"":32,""9"":12}","{""10"":27,""11"":12,""12"":7,""13"":8,""15"":7,""18"":1,""19"":3,""21"":7,""23"":9,""24"":15,""25"":8,""29"":4,""3"":270,""4"":297,""5"":117,""6"":119,""7"":47,""8"":25,""9"":17}","{""Diagonal CMA-ES"":{""attempts"":317,""discoveries"":0,""improvements"":0,""insertions"":0,""insertion_rate"":0.0},""Immigrant"":{""attempts"":149,""discoveries"":0,""improvements"":0,""insertions"":0,""insertion_rate"":0.0},""Morphology"":{""attempts"":281,""discoveries"":0,""improvements"":3,""insertions"":3,""insertion_rate"":0.010676156583629894},""Novelty"":{""attempts"":253,""discoveries"":0,""improvements"":0,""insertions"":0,""insertion_rate"":0.0}}","{""Morphology"":181,""Novelty"":25}",0,0.8802395209580839,false,101000
42,124,125000,4.654310300999998,0.034995742999999996,0.027988283,0.003180784,0.003826676,5.45775795,155.12279,42.462193,7896.91708651185,185,0.9635417,37,3.483850344437208,56,0.3027027027027027,"{""10"":2,""11"":3,""12"":10,""13"":2,""3"":56,""4"":68,""5"":5,""6"":17,""7"":9,""8"":10,""9"":3}","{""10"":8,""11"":3,""12"":5,""13"":1,""14"":1,""15"":2,""18"":1,""19"":1,""21"":3,""23"":2,""24"":7,""25"":1,""29"":1,""3"":56,""4"":66,""5"":3,""6"":14,""7"":2,""8"":3,""9"":5}",92,4.615028393322943,243,0.243,"{""10"":20,""11"":6,""12"":37,""13"":21,""14"":1,""3"":243,""4"":330,""5"":176,""6"":54,""7"":58,""8"":47,""9"":7}","{""10"":32,""11"":11,""12"":23,""13"":8,""15"":12,""18"":3,""19"":7,""21"":8,""23"":4,""24"":28,""25"":10,""26"":1,""29"":12,""3"":243,""4"":259,""5"":129,""6"":127,""7"":24,""8"":24,""9"":35}","{""Diagonal CMA-ES"":{""attempts"":297,""discoveries"":0,""improvements"":1,""insertions"":1,""insertion_rate"":0.003367003367003367},""Immigrant"":{""attempts"":162,""discoveries"":0,""improvements"":0,""insertions"":0,""insertion_rate"":0.0},""Morphology"":{""attempts"":293,""discoveries"":0,""improvements"":6,""insertions"":6,""insertion_rate"":0.020477815699658702},""Novelty"":{""attempts"":248,""discoveries"":0,""improvements"":1,""insertions"":1,""insertion_rate"":0.004032258064516129}}","{""Morphology"":203,""Novelty"":30}",2,0.8802395209580839,false,102000
42,125,126000,4.692609118999998,0.038298818,0.030390196,0.003855171,0.004053451,5.50182231,155.12279,42.736,7926.606569200754,185,0.9635417,36,3.44516429714795,56,0.3027027027027027,"{""10"":2,""11"":2,""12"":10,""13"":2,""3"":56,""4"":69,""5"":5,""6"":17,""7"":9,""8"":11,""9"":2}","{""10"":9,""11"":3,""12"":5,""13"":1,""14"":1,""15"":1,""18"":1,""19"":1,""21"":3,""23"":1,""24"":7,""25"":1,""29"":1,""3"":56,""4"":67,""5"":3,""6"":14,""7"":2,""8"":3,""9"":5}",88,4.243861376848379,257,0.257,"{""10"":7,""11"":12,""12"":24,""13"":5,""14"":1,""3"":257,""4"":369,""5"":169,""6"":76,""7"":41,""8"":26,""9"":13}","{""10"":34,""11"":15,""12"":9,""13"":5,""14"":2,""15"":6,""19"":2,""21"":9,""23"":12,""24"":17,""25"":1,""26"":1,""29"":1,""3"":257,""30"":1,""4"":303,""5"":152,""6"":119,""7"":26,""8"":16,""9"":12}","{""Diagonal CMA-ES"":{""attempts"":291,""discoveries"":0,""improvements"":0,""insertions"":0,""insertion_rate"":0.0},""Immigrant"":{""attempts"":144,""discoveries"":0,""improvements"":0,""insertions"":0,""insertion_rate"":0.0},""Morphology"":{""attempts"":313,""discoveries"":0,""improvements"":4,""insertions"":4,""insertion_rate"":0.012779552715654952},""Novelty"":{""attempts"":252,""discoveries"":0,""improvements"":2,""insertions"":2,""insertion_rate"":0.007936507936507936}}","{""Morphology"":212,""Novelty"":28}",0,0.8809523809523809,false,103000
42,126,127000,4.727356715999998,0.034747597,0.027823248,0.002703488,0.004220861,5.542634648,155.12279,42.736,7931.295592695475,185,0.9635417,35,3.422776678498888,56,0.3027027027027027,"{""10"":2,""11"":2,""12"":10,""13"":2,""3"":56,""4"":69,""5"":5,""6"":18,""7"":9,""8"":10,""9"":2}","{""10"":10,""11"":3,""12"":5,""13"":1,""15"":1,""18"":1,""19"":1,""21"":3,""23"":1,""24"":7,""25"":1,""29"":1,""3"":56,""4"":67,""5"":3,""6"":14,""7"":2,""8"":3,""9"":5}",89,4.1724767510480225,254,0.254,"{""10"":6,""12"":61,""13"":14,""3"":254,""4"":371,""5"":160,""6"":68,""7"":40,""8"":16,""9"":10}","{""10"":29,""11"":11,""12"":11,""13"":2,""15"":2,""19"":2,""21"":7,""22"":1,""24"":52,""25"":7,""28"":3,""29"":4,""3"":254,""30"":1,""4"":310,""5"":136,""6"":121,""7"":21,""8"":18,""9"":8}","{""Diagonal CMA-ES"":{""attempts"":316,""discoveries"":0,""improvements"":0,""insertions"":0,""insertion_rate"":0.0},""Immigrant"":{""attempts"":156,""discoveries"":0,""improvements"":0,""insertions"":0,""insertion_rate"":0.0},""Morphology"":{""attempts"":281,""discoveries"":0,""improvements"":2,""insertions"":2,""insertion_rate"":0.0071174377224199285},""Novelty"":{""attempts"":247,""discoveries"":0,""improvements"":0,""insertions"":0,""insertion_rate"":0.0}}","{""Morphology"":193,""Novelty"":33}",0,0.8809523809523809,false,104000
42,127,128000,4.765806320999999,0.038449605,0.031905194,0.002894643,0.003649768,5.587805574,155.12279,43.146744,7945.121886640787,185,0.9635417,35,3.4506519149773363,56,0.3027027027027027,"{""10"":2,""11"":2,""12"":10,""13"":2,""3"":56,""4"":68,""5"":5,""6"":18,""7"":10,""8"":10,""9"":2}","{""10"":10,""11"":3,""12"":5,""13"":1,""15"":1,""18"":1,""19"":1,""21"":3,""23"":1,""24"":7,""25"":1,""29"":1,""3"":56,""4"":66,""5"":3,""6"":14,""7"":2,""8"":4,""9"":5}",93,4.1587830828600385,289,0.289,"{""10"":7,""11"":4,""12"":27,""13"":9,""3"":289,""4"":382,""5"":144,""6"":56,""7"":47,""8"":26,""9"":9}","{""10"":28,""11"":14,""12"":7,""13"":6,""14"":2,""15"":3,""16"":1,""18"":1,""19"":3,""21"":8,""23"":2,""24"":20,""25"":3,""29"":4,""3"":289,""30"":1,""4"":309,""5"":135,""6"":107,""7"":29,""8"":15,""9"":13}","{""Diagonal CMA-ES"":{""attempts"":296,""discoveries"":0,""improvements"":0,""insertions"":0,""insertion_rate"":0.0},""Immigrant"":{""attempts"":158,""discoveries"":0,""improvements"":0,""insertions"":0,""insertion_rate"":0.0},""Morphology"":{""attempts"":307,""discoveries"":0,""improvements"":4,""insertions"":4,""insertion_rate"":0.013029315960912053},""Novelty"":{""attempts"":239,""discoveries"":0,""improvements"":0,""insertions"":0,""insertion_rate"":0.0}}","{""Morphology"":209,""Novelty"":36}",0,0.8823529411764706,false,105000
42,128,129000,4.8029261499999985,0.037119829,0.029884406,0.003032371,0.004203052,5.631493558,155.12279,43.146744,7950.8491434156895,185,0.9635417,35,3.4506519149773354,56,0.3027027027027027,"{""10"":2,""11"":2,""12"":10,""13"":2,""3"":56,""4"":68,""5"":5,""6"":18,""7"":10,""8"":10,""9"":2}","{""10"":10,""11"":3,""12"":5,""13"":1,""15"":1,""18"":1,""19"":1,""21"":3,""23"":1,""24"":7,""25"":1,""29"":1,""3"":56,""4"":66,""5"":3,""6"":14,""7"":2,""8"":4,""9"":5}",94,4.307556068119686,263,0.263,"{""10"":7,""11"":5,""12"":23,""13"":10,""14"":1,""3"":263,""4"":377,""5"":145,""6"":73,""7"":56,""8"":30,""9"":10}","{""10"":33,""11"":15,""12"":9,""13"":6,""15"":5,""16"":1,""19"":1,""21"":8,""22"":1,""23"":5,""24"":14,""25"":7,""27"":1,""29"":3,""3"":263,""4"":306,""5"":139,""6"":108,""7"":33,""8"":23,""9"":19}","{""Diagonal CMA-ES"":{""attempts"":310,""discoveries"":0,""improvements"":0,""insertions"":0,""insertion_rate"":0.0},""Immigrant"":{""attempts"":141,""discoveries"":0,""improvements"":0,""insertions"":0,""insertion_rate"":0.0},""Morphology"":{""attempts"":298,""discoveries"":0,""improvements"":3,""insertions"":3,""insertion_rate"":0.010067114093959731},""Novelty"":{""attempts"":251,""discoveries"":0,""improvements"":0,""insertions"":0,""insertion_rate"":0.0}}","{""Morphology"":198,""Novelty"":33}",0,0.8823529411764706,false,106000
42,129,130000,4.841150168999999,0.038224019,0.03002332,0.002926701,0.005273998,5.675434439,155.12279,43.146744,7953.5627817213535,185,0.9635417,35,3.474880044108179,55,0.2972972972972973,"{""10"":2,""11"":2,""12"":10,""13"":2,""3"":55,""4"":69,""5"":5,""6"":18,""7"":10,""8"":10,""9"":2}","{""10"":10,""11"":3,""12"":5,""13"":1,""15"":1,""18"":1,""19"":1,""21"":3,""23"":1,""24"":7,""25"":1,""29"":1,""3"":55,""4"":67,""5"":3,""6"":14,""7"":2,""8"":4,""9"":5}",92,4.158030795389098,288,0.288,"{""10"":7,""11"":3,""12"":26,""13"":10,""3"":288,""4"":372,""5"":139,""6"":70,""7"":43,""8"":30,""9"":12}","{""10"":26,""11"":11,""12"":13,""13"":8,""15"":6,""19"":4,""21"":6,""22"":1,""23"":3,""24"":20,""25"":4,""26"":1,""28"":1,""29"":3,""3"":288,""4"":314,""5"":119,""6"":109,""7"":20,""8"":25,""9"":18}","{""Diagonal CMA-ES"":{""attempts"":297,""discoveries"":0,""improvements"":0,""insertions"":0,""insertion_rate"":0.0},""Immigrant"":{""attempts"":147,""discoveries"":0,""improvements"":0,""insertions"":0,""insertion_rate"":0.0},""Morphology"":{""attempts"":300,""discoveries"":0,""improvements"":2,""insertions"":2,""insertion_rate"":0.006666666666666667},""Novelty"":{""attempts"":256,""discoveries"":0,""improvements"":0,""insertions"":0,""insertion_rate"":0.0}}","{""Morphology"":190,""Novelty"":28}",0,0.8823529411764706,false,107000
42,130,131000,4.882832799999998,0.041682631,0.033426129,0.003084612,0.00517189,5.724080599,155.12279,43.146744,7955.418258100748,185,0.9635417,35,3.4510852806143992,55,0.2972972972972973,"{""10"":2,""11"":2,""12"":9,""13"":2,""3"":55,""4"":70,""5"":5,""6"":18,""7"":10,""8"":10,""9"":2}","{""10"":10,""11"":3,""12"":5,""13"":1,""15"":1,""18"":1,""19"":1,""21"":2,""23"":1,""24"":7,""25"":1,""29"":1,""3"":55,""4"":68,""5"":3,""6"":14,""7"":2,""8"":4,""9"":5}",83,4.568605888690663,220,0.22,"{""10"":14,""11"":6,""12"":40,""13"":18,""3"":220,""4"":360,""5"":167,""6"":49,""7"":63,""8"":59,""9"":4}","{""10"":36,""11"":12,""12"":20,""13"":9,""14"":1,""15"":7,""18"":1,""19"":6,""21"":7,""23"":6,""24"":36,""25"":8,""28"":1,""29"":5,""3"":220,""30"":1,""4"":295,""5"":131,""6"":112,""7"":24,""8"":30,""9"":32}","{""Diagonal CMA-ES"":{""attempts"":275,""discoveries"":0,""improvements"":0,""insertions"":0,""insertion_rate"":0.0},""Immigrant"":{""attempts"":163,""discoveries"":0,""improvements"":0,""insertions"":0,""insertion_rate"":0.0},""Morphology"":{""attempts"":290,""discoveries"":0,""improvements"":5,""insertions"":5,""insertion_rate"":0.017241379310344827},""Novelty"":{""attempts"":272,""discoveries"":0,""improvements"":0,""insertions"":0,""insertion_rate"":0.0}}","{""Morphology"":182,""Novelty"":32}",0,0.8823529411764706,false,108000
42,131,132000,4.922734476999998,0.039901676999999997,0.031470641,0.003130917,0.005300119,5.772966594,155.12279,43.28046,7988.723067671061,185,0.9635417,35,3.4131851243863616,56,0.3027027027027027,"{""10"":2,""11"":2,""12"":9,""13"":2,""3"":56,""4"":70,""5"":4,""6"":19,""7"":9,""8"":10,""9"":2}","{""10"":10,""11"":3,""12"":5,""13"":1,""15"":1,""18"":1,""19"":1,""21"":2,""23"":1,""24"":7,""25"":1,""29"":1,""3"":56,""4"":68,""5"":3,""6"":14,""7"":1,""8"":4,""9"":5}",95,4.556989829473528,196,0.196,"{""10"":7,""11"":109,""12"":57,""13"":11,""3"":196,""4"":337,""5"":157,""6"":28,""7"":51,""8"":42,""9"":5}","{""10"":24,""11"":7,""12"":14,""13"":6,""14"":1,""15"":8,""17"":1,""18"":103,""19"":4,""21"":34,""23"":5,""24"":22,""25"":5,""29"":6,""3"":196,""4"":274,""5"":122,""6"":95,""7"":25,""8"":24,""9"":24}","{""Diagonal CMA-ES"":{""attempts"":294,""discoveries"":0,""improvements"":0,""insertions"":0,""insertion_rate"":0.0},""Immigrant"":{""attempts"":150,""discoveries"":0,""improvements"":0,""insertions"":0,""insertion_rate"":0.0},""Morphology"":{""attempts"":310,""discoveries"":0,""improvements"":3,""insertions"":3,""insertion_rate"":0.00967741935483871},""Novelty"":{""attempts"":246,""discoveries"":0,""improvements"":1,""insertions"":1,""insertion_rate"":0.0040650406504065045}}","{""Morphology"":211,""Novelty"":24}",0,0.8823529411764706,false,109000
42,132,133000,4.964254446999998,0.04151997,0.033415443,0.003551222,0.004553305,5.822136355,155.12279,43.28046,7999.278521925211,185,0.9635417,35,3.4227766784988884,56,0.3027027027027027,"{""10"":2,""11"":2,""12"":9,""13"":2,""3"":56,""4"":70,""5"":4,""6"":18,""7"":9,""8"":11,""9"":2}","{""10"":11,""11"":3,""12"":5,""13"":1,""15"":1,""18"":1,""19"":1,""21"":2,""23"":1,""24"":7,""25"":1,""29"":1,""3"":56,""4"":68,""5"":3,""6"":13,""7"":1,""8"":4,""9"":5}",83,4.5700361559760205,226,0.226,"{""10"":14,""11"":12,""12"":49,""13"":17,""3"":226,""4"":350,""5"":164,""6"":55,""7"":52,""8"":55,""9"":6}","{""10"":39,""11"":12,""12"":20,""13"":9,""15"":7,""18"":6,""19"":6,""21"":13,""23"":6,""24"":38,""25"":8,""29"":5,""3"":226,""30"":1,""34"":1,""4"":285,""5"":131,""6"":122,""7"":7,""8"":24,""9"":34}","{""Diagonal CMA-ES"":{""attempts"":295,""discoveries"":0,""improvements"":0,""insertions"":0,""insertion_rate"":0.0},""Immigrant"":{""attempts"":139,""discoveries"":0,""improvements"":0,""insertions"":0,""insertion_rate"":0.0},""Morphology"":{""attempts"":315,""discoveries"":0,""improvements"":3,""insertions"":3,""insertion_rate"":0.009523809523809525},""Novelty"":{""attempts"":251,""discoveries"":0,""improvements"":0,""insertions"":0,""insertion_rate"":0.0}}","{""Morphology"":202,""Novelty"":30}",0,0.8823529411764706,false,110000
42,133,134000,4.999702552999998,0.035448106,0.028815833,0.002549139,0.004083134,5.862054654,155.12279,43.557205,8021.726407438517,185,0.9635417,35,3.422776678498888,56,0.3027027027027027,"{""10"":2,""11"":2,""12"":9,""13"":2,""3"":56,""4"":70,""5"":4,""6"":18,""7"":9,""8"":11,""9"":2}","{""10"":11,""11"":3,""12"":5,""13"":1,""15"":1,""18"":1,""19"":1,""21"":2,""23"":1,""24"":7,""25"":1,""29"":1,""3"":56,""4"":68,""5"":3,""6"":13,""7"":1,""8"":4,""9"":5}",90,4.585753272611827,214,0.214,"{""10"":16,""11"":6,""12"":37,""13"":20,""3"":214,""4"":380,""5"":165,""6"":53,""7"":45,""8"":56,""9"":8}","{""10"":40,""11"":12,""12"":24,""13"":8,""14"":1,""15"":7,""18"":6,""19"":6,""21"":9,""22"":1,""23"":2,""24"":28,""25"":11,""26"":1,""29"":5,""3"":214,""4"":310,""5"":143,""6"":101,""7"":16,""8"":27,""9"":28}","{""Diagonal CMA-ES"":{""attempts"":298,""discoveries"":0,""improvements"":0,""insertions"":0,""insertion_rate"":0.0},""Immigrant"":{""attempts"":156,""discoveries"":0,""improvements"":0,""insertions"":0,""insertion_rate"":0.0},""Morphology"":{""attempts"":293,""discoveries"":0,""improvements"":5,""insertions"":5,""insertion_rate"":0.017064846416382253},""Novelty"":{""attempts"":253,""discoveries"":0,""improvements"":0,""insertions"":0,""insertion_rate"":0.0}}","{""Morphology"":192,""Novelty"":35}",0,0.8823529411764706,false,111000
42,134,135000,5.038316006999998,0.038613454000000005,0.031032527,0.003107171,0.004473756,5.907108037,155.12279,44.295113,8062.42696133256,185,0.9635417,35,3.4070234913282524,57,0.3081081081081081,"{""10"":2,""11"":2,""12"":9,""13"":2,""3"":57,""4"":70,""5"":4,""6"":17,""7"":9,""8"":11,""9"":2}","{""10"":11,""11"":3,""12"":5,""13"":1,""15"":1,""18"":1,""19"":1,""21"":2,""23"":1,""24"":7,""25"":1,""29"":1,""3"":57,""4"":68,""5"":3,""6"":12,""7"":1,""8"":4,""9"":5}",87,4.711163764832008,237,0.237,"{""10"":14,""11"":20,""12"":48,""13"":14,""14"":2,""3"":237,""4"":315,""5"":167,""6"":52,""7"":54,""8"":68,""9"":9}","{""10"":44,""11"":15,""12"":24,""13"":10,""14"":3,""15"":6,""18"":7,""19"":7,""21"":14,""23"":13,""24"":33,""25"":6,""27"":1,""29"":8,""3"":237,""30"":2,""4"":243,""5"":135,""6"":113,""7"":15,""8"":32,""9"":32}","{""Diagonal CMA-ES"":{""attempts"":294,""discoveries"":0,""improvements"":0,""insertions"":0,""insertion_rate"":0.0},""Immigrant"":{""attempts"":133,""discoveries"":0,""improvements"":0,""insertions"":0,""insertion_rate"":0.0},""Morphology"":{""attempts"":297,""discoveries"":0,""improvements"":4,""insertions"":4,""insertion_rate"":0.013468013468013467},""Novelty"":{""attempts"":276,""discoveries"":0,""improvements"":0,""insertions"":0,""insertion_rate"":0.0}}","{""Morphology"":197,""Novelty"":41}",0,0.8823529411764706,false,112000
42,135,136000,5.075993865999998,0.037677859,0.03020379,0.003177221,0.004296848,5.951509591,155.12279,44.295113,8067.243592649698,185,0.9635417,35,3.406314041806651,58,0.31351351351351353,"{""10"":2,""11"":2,""12"":9,""13"":2,""3"":58,""4"":69,""5"":4,""6"":17,""7"":9,""8"":11,""9"":2}","{""10"":11,""11"":3,""12"":5,""13"":1,""15"":1,""18"":1,""19"":1,""21"":2,""23"":1,""24"":7,""25"":1,""29"":1,""3"":58,""4"":67,""5"":3,""6"":12,""7"":1,""8"":4,""9"":5}",87,4.559927809061985,236,0.236,"{""10"":12,""11"":7,""12"":39,""13"":17,""3"":236,""4"":352,""5"":169,""6"":49,""7"":49,""8"":62,""9"":8}","{""10"":43,""11"":16,""12"":18,""13"":8,""15"":6,""16"":1,""18"":6,""19"":6,""21"":11,""24"":29,""25"":7,""26"":1,""29"":8,""3"":236,""4"":276,""5"":144,""6"":111,""7"":15,""8"":24,""9"":34}","{""Diagonal CMA-ES"":{""attempts"":309,""discoveries"":0,""improvements"":0,""insertions"":0,""insertion_rate"":0.0},""Immigrant"":{""attempts"":153,""discoveries"":0,""improvements"":0,""insertions"":0,""insertion_rate"":0.0},""Morphology"":{""attempts"":302,""discoveries"":0,""improvements"":4,""insertions"":4,""insertion_rate"":0.013245033112582781},""Novelty"":{""attempts"":236,""discoveries"":0,""improvements"":0,""insertions"":0,""insertion_rate"":0.0}}","{""Morphology"":194,""Novelty"":29}",0,0.8823529411764706,false,113000
42,136,137000,5.115157039999998,0.039163174,0.031689105,0.003121418,0.004352651,5.996565348,155.12279,44.464653,8079.82230129838,185,0.9635417,35,3.4273089629145113,58,0.31351351351351353,"{""10"":2,""11"":2,""12"":9,""13"":2,""3"":58,""4"":68,""5"":4,""6"":17,""7"":9,""8"":12,""9"":2}","{""10"":12,""11"":3,""12"":5,""13"":1,""15"":1,""18"":1,""19"":1,""21"":2,""23"":1,""24"":7,""25"":1,""29"":1,""3"":58,""4"":66,""5"":3,""6"":12,""7"":1,""8"":4,""9"":5}",86,4.670261740958668,217,0.217,"{""10"":14,""11"":8,""12"":43,""13"":15,""3"":217,""4"":365,""5"":162,""6"":48,""7"":57,""8"":59,""9"":12}","{""10"":46,""11"":16,""12"":23,""13"":6,""14"":1,""15"":9,""18"":7,""19"":9,""21"":13,""24"":31,""25"":6,""29"":6,""3"":217,""34"":2,""4"":274,""5"":166,""6"":95,""7"":14,""8"":29,""9"":30}","{""Diagonal CMA-ES"":{""attempts"":308,""discoveries"":0,""improvements"":0,""insertions"":0,""insertion_rate"":0.0},""Immigrant"":{""attempts"":155,""discoveries"":0,""improvements"":0,""insertions"":0,""insertion_rate"":0.0},""Morphology"":{""attempts"":302,""discoveries"":0,""improvements"":2,""insertions"":2,""insertion_rate"":0.006622516556291391},""Novelty"":{""attempts"":235,""discoveries"":0,""improvements"":0,""insertions"":0,""insertion_rate"":0.0}}","{""Morphology"":212,""Novelty"":31}",0,0.8823529411764706,false,114000
42,137,138000,5.152441901999998,0.037284861999999995,0.02925276,0.003027622,0.00500448,6.040274704,155.12279,44.555702,8111.654396444559,185,0.9635417,35,3.4461805438732847,58,0.31351351351351353,"{""10"":2,""11"":2,""12"":9,""13"":2,""3"":58,""4"":67,""5"":4,""6"":17,""7"":9,""8"":13,""9"":2}","{""10"":13,""11"":3,""12"":5,""13"":1,""15"":1,""18"":1,""19"":1,""21"":2,""23"":1,""24"":7,""25"":1,""29"":1,""3"":58,""4"":65,""5"":3,""6"":12,""7"":1,""8"":4,""9"":5}",85,4.716838001790099,230,0.23,"{""10"":16,""11"":7,""12"":45,""13"":17,""14"":1,""3"":230,""4"":326,""5"":161,""6"":54,""7"":56,""8"":73,""9"":14}","{""10"":51,""11"":17,""12"":29,""13"":9,""14"":1,""15"":8,""18"":7,""19"":7,""21"":13,""24"":32,""25"":7,""26"":3,""29"":7,""3"":230,""30"":1,""4"":255,""5"":133,""6"":110,""7"":12,""8"":35,""9"":33}","{""Diagonal CMA-ES"":{""attempts"":310,""discoveries"":0,""improvements"":0,""insertions"":0,""insertion_rate"":0.0},""Immigrant"":{""attempts"":140,""discoveries"":0,""improvements"":0,""insertions"":0,""insertion_rate"":0.0},""Morphology"":{""attempts"":300,""discoveries"":0,""improvements"":5,""insertions"":5,""insertion_rate"":0.016666666666666666},""Novelty"":{""attempts"":250,""discoveries"":0,""improvements"":0,""insertions"":0,""insertion_rate"":0.0}}","{""Morphology"":203,""Novelty"":31}",0,0.8823529411764706,false,115000
42,138,139000,5.1885133409999975,0.036071439000000004,0.029022424,0.003126168,0.003922847,6.085635598,155.12279,45.42954,8185.160629659891,185,0.9635417,36,3.481189167877476,60,0.32432432432432434,"{""10"":2,""11"":2,""12"":9,""13"":2,""3"":60,""4"":64,""5"":4,""6"":17,""7"":9,""8"":13,""9"":3}","{""10"":13,""11"":3,""12"":6,""13"":1,""15"":1,""18"":1,""19"":1,""21"":2,""23"":1,""24"":7,""25"":1,""29"":1,""3"":60,""4"":62,""5"":3,""6"":12,""7"":1,""8"":4,""9"":5}",97,4.736347542823552,196,0.196,"{""10"":13,""11"":15,""12"":50,""13"":13,""14"":1,""3"":196,""4"":290,""5"":148,""6"":35,""7"":53,""8"":169,""9"":17}","{""10"":149,""11"":20,""12"":21,""13"":9,""14"":2,""15"":7,""18"":5,""19"":5,""21"":10,""23"":10,""24"":38,""25"":7,""26"":2,""28"":2,""29"":5,""3"":196,""4"":221,""5"":128,""6"":96,""7"":12,""8"":27,""9"":28}","{""Diagonal CMA-ES"":{""attempts"":277,""discoveries"":0,""improvements"":0,""insertions"":0,""insertion_rate"":0.0},""Immigrant"":{""attempts"":138,""discoveries"":0,""improvements"":0,""insertions"":0,""insertion_rate"":0.0},""Morphology"":{""attempts"":315,""discoveries"":0,""improvements"":5,""insertions"":5,""insertion_rate"":0.015873015873015872},""Novelty"":{""attempts"":270,""discoveries"":0,""improvements"":0,""insertions"":0,""insertion_rate"":0.0}}","{""Morphology"":208,""Novelty"":41}",1,0.8823529411764706,false,116000
42,139,140000,5.224713008999998,0.036199668000000004,0.028845516,0.002544389,0.004809763,6.126789879,155.12279,46.281082,8263.2385853827,185,0.9635417,36,3.472319696801703,61,0.32972972972972975,"{""10"":3,""11"":2,""12"":9,""13"":2,""3"":61,""4"":63,""5"":5,""6"":17,""7"":8,""8"":12,""9"":3}","{""10"":13,""11"":2,""12"":7,""13"":1,""15"":1,""18"":1,""19"":1,""21"":2,""23"":1,""24"":7,""25"":1,""29"":1,""3"":61,""4"":61,""5"":4,""6"":12,""8"":5,""9"":4}",77,3.8531399415850087,346,0.346,"{""10"":7,""11"":3,""12"":10,""13"":3,""14"":1,""3"":346,""4"":342,""5"":140,""6"":23,""7"":27,""8"":89,""9"":9}","{""10"":85,""11"":10,""12"":13,""13"":7,""14"":2,""15"":4,""18"":2,""19"":1,""20"":1,""21"":2,""24"":7,""25"":2,""29"":2,""3"":346,""30"":1,""4"":263,""5"":142,""6"":78,""7"":10,""8"":13,""9"":9}","{""Diagonal CMA-ES"":{""attempts"":283,""discoveries"":0,""improvements"":0,""insertions"":0,""insertion_rate"":0.0},""Immigrant"":{""attempts"":147,""discoveries"":0,""improvements"":0,""insertions"":0,""insertion_rate"":0.0},""Morphology"":{""attempts"":321,""discoveries"":0,""improvements"":8,""insertions"":8,""insertion_rate"":0.024922118380062305},""Novelty"":{""attempts"":249,""discoveries"":0,""improvements"":0,""insertions"":0,""insertion_rate"":0.0}}","{""Morphology"":213,""Novelty"":30}",2,0.8823529411764706,false,117000
42,140,141000,5.259189899999997,0.034476891,0.027545419,0.003132104,0.003799368,6.168915374,155.12279,47.01786,8304.329904466867,185,0.9635417,36,3.4455246775224664,63,0.34054054054054056,"{""10"":3,""11"":2,""12"":8,""13"":2,""3"":63,""4"":62,""5"":4,""6"":18,""7"":8,""8"":12,""9"":3}","{""10"":13,""11"":2,""12"":7,""13"":1,""15"":1,""18"":1,""19"":1,""21"":2,""23"":1,""24"":6,""25"":1,""29"":1,""3"":63,""4"":60,""5"":3,""6"":13,""8"":5,""9"":4}",80,4.441821575326576,257,0.257,"{""10"":20,""11"":1,""12"":31,""13"":13,""3"":257,""4"":322,""5"":140,""6"":39,""7"":34,""8"":48,""9"":95}","{""10"":39,""11"":92,""12"":24,""13"":12,""14"":1,""15"":5,""19"":4,""21"":9,""24"":24,""25"":5,""26"":1,""28"":1,""29"":4,""3"":257,""4"":242,""5"":140,""6"":89,""7"":11,""8"":22,""9"":18}","{""Diagonal CMA-ES"":{""attempts"":302,""discoveries"":0,""improvements"":1,""insertions"":1,""insertion_rate"":0.0033112582781456954},""Immigrant"":{""attempts"":151,""discoveries"":0,""improvements"":0,""insertions"":0,""insertion_rate"":0.0},""Morphology"":{""attempts"":288,""discoveries"":0,""improvements"":3,""insertions"":3,""insertion_rate"":0.010416666666666666},""Novelty"":{""attempts"":259,""discoveries"":0,""improvements"":0,""insertions"":0,""insertion_rate"":0.0}}","{""Morphology"":199,""Novelty"":27}",0,0.8823529411764706,false,118000
42,141,142000,5.292851114999998,0.033661215,0.027312708,0.002798472,0.003550035,6.208306511,155.12279,47.01786,8331.498765856028,185,0.9635417,36,3.442925195491558,64,0.34594594594594597,"{""10"":3,""11"":2,""12"":8,""13"":2,""3"":64,""4"":61,""5"":4,""6"":18,""7"":8,""8"":12,""9"":3}","{""10"":13,""11"":2,""12"":7,""13"":1,""15"":1,""18"":1,""19"":1,""21"":2,""23"":1,""24"":6,""25"":1,""29"":1,""3"":64,""4"":59,""5"":3,""6"":13,""8"":5,""9"":4}",85,3.9206523548835595,343,0.343,"{""10"":22,""11"":1,""12"":9,""13"":2,""3"":343,""4"":339,""5"":116,""6"":40,""7"":31,""8"":15,""9"":82}","{""10"":25,""11"":84,""12"":27,""13"":7,""14"":3,""15"":4,""19"":1,""20"":1,""21"":3,""24"":5,""25"":1,""29"":2,""3"":343,""4"":257,""5"":132,""6"":78,""7"":13,""8"":9,""9"":5}","{""Diagonal CMA-ES"":{""attempts"":306,""discoveries"":0,""improvements"":0,""insertions"":0,""insertion_rate"":0.0},""Immigrant"":{""attempts"":143,""discoveries"":0,""improvements"":0,""insertions"":0,""insertion_rate"":0.0},""Morphology"":{""attempts"":294,""discoveries"":0,""improvements"":4,""insertions"":4,""insertion_rate"":0.013605442176870748},""Novelty"":{""attempts"":257,""discoveries"":0,""improvements"":0,""insertions"":0,""insertion_rate"":0.0}}","{""Morphology"":198,""Novelty"":33}",0,0.8830409356725146,false,119000
42,142,143000,5.333383250999998,0.040532135999999996,0.03355792,0.002989628,0.003984588,6.255749934,155.12279,47.01786,8358.295068651438,185,0.9635417,36,3.4071199475022302,67,0.3621621621621622,"{""10"":3,""11"":2,""12"":8,""13"":2,""3"":67,""4"":59,""5"":3,""6"":18,""7"":8,""8"":12,""9"":3}","{""10"":13,""11"":2,""12"":7,""13"":1,""15"":1,""18"":1,""19"":1,""21"":2,""23"":1,""24"":6,""25"":1,""29"":1,""3"":67,""4"":57,""5"":3,""6"":12,""8"":5,""9"":4}",81,3.9186162490944194,341,0.341,"{""10"":8,""12"":6,""13"":1,""14"":1,""3"":341,""4"":307,""5"":118,""6"":130,""7"":35,""8"":19,""9"":34}","{""10"":30,""11"":35,""12"":11,""13"":3,""14"":2,""15"":1,""18"":1,""19"":1,""21"":2,""24"":3,""25"":1,""29"":1,""3"":341,""30"":1,""4"":231,""5"":127,""6"":166,""7"":22,""8"":17,""9"":4}","{""Diagonal CMA-ES"":{""attempts"":323,""discoveries"":0,""improvements"":0,""insertions"":0,""insertion_rate"":0.0},""Immigrant"":{""attempts"":134,""discoveries"":0,""improvements"":0,""insertions"":0,""insertion_rate"":0.0},""Morphology"":{""attempts"":298,""discoveries"":0,""improvements"":3,""insertions"":3,""insertion_rate"":0.010067114093959731},""Novelty"":{""attempts"":245,""discoveries"":0,""improvements"":0,""insertions"":0,""insertion_rate"":0.0}}","{""Morphology"":203,""Novelty"":28}",0,0.884393063583815,false,120000
42,143,144000,5.367287862999998,0.033904612,0.027822061,0.002762853,0.003319698,6.294996219,155.12279,47.087784,8405.246212869883,185,0.9635417,35,3.332688689502259,70,0.3783783783783784,"{""10"":3,""11"":2,""12"":8,""13"":2,""3"":70,""4"":58,""5"":3,""6"":18,""7"":6,""8"":12,""9"":3}","{""10"":13,""11"":2,""12"":7,""13"":1,""15"":1,""18"":1,""19"":1,""21"":2,""23"":1,""24"":6,""25"":1,""29"":1,""3"":70,""4"":56,""5"":3,""6"":12,""8"":3,""9"":4}",64,3.5722256708967675,343,0.343,"{""10"":4,""11"":1,""12"":2,""3"":343,""4"":349,""5"":111,""6"":143,""7"":32,""8"":3,""9"":12}","{""10"":23,""11"":16,""12"":6,""13"":2,""14"":2,""15"":1,""24"":2,""3"":343,""4"":260,""5"":140,""6"":177,""7"":18,""8"":9,""9"":1}","{""Diagonal CMA-ES"":{""attempts"":300,""discoveries"":0,""improvements"":0,""insertions"":0,""insertion_rate"":0.0},""Immigrant"":{""attempts"":137,""discoveries"":0,""improvements"":0,""insertions"":0,""insertion_rate"":0.0},""Morphology"":{""attempts"":301,""discoveries"":0,""improvements"":6,""insertions"":6,""insertion_rate"":0.019933554817275746},""Novelty"":{""attempts"":262,""discoveries"":0,""improvements"":0,""insertions"":0,""insertion_rate"":0.0}}","{""Morphology"":193,""Novelty"":40}",0,0.884393063583815,false,121000
42,144,145000,5.404052685999998,0.036764822999999995,0.030981473,0.00293145,0.0028519,6.337783042,155.12279,47.289185,8481.594427019358,185,0.9635417,35,3.294777847672453,73,0.3945945945945946,"{""10"":3,""11"":2,""12"":8,""13"":2,""3"":73,""4"":56,""5"":3,""6"":17,""7"":6,""8"":12,""9"":3}","{""10"":12,""11"":2,""12"":7,""13"":1,""15"":1,""18"":1,""19"":1,""21"":2,""23"":1,""24"":6,""25"":1,""29"":1,""3"":73,""4"":54,""5"":3,""6"":12,""8"":3,""9"":4}",85,4.123911200433528,337,0.337,"{""10"":9,""12"":17,""13"":9,""14"":1,""3"":337,""4"":325,""5"":126,""6"":101,""7"":32,""8"":30,""9"":13}","{""10"":42,""11"":10,""12"":11,""13"":6,""14"":2,""15"":4,""19"":3,""21"":4,""22"":1,""24"":13,""25"":6,""29"":3,""3"":337,""4"":230,""5"":147,""6"":130,""7"":23,""8"":18,""9"":10}","{""Diagonal CMA-ES"":{""attempts"":272,""discoveries"":0,""improvements"":0,""insertions"":0,""insertion_rate"":0.0},""Immigrant"":{""attempts"":149,""discoveries"":0,""improvements"":0,""insertions"":0,""insertion_rate"":0.0},""Morphology"":{""attempts"":323,""discoveries"":0,""improvements"":10,""insertions"":10,""insertion_rate"":0.030959752321981424},""Novelty"":{""attempts"":256,""discoveries"":0,""improvements"":1,""insertions"":1,""insertion_rate"":0.00390625}}","{""Morphology"":208,""Novelty"":36}",0,0.884393063583815,false,122000
42,145,146000,5.433117852999998,0.029065167,0.024496427,0.002010103,0.002558637,6.371230542,155.12279,48.27111,8507.25820723176,185,0.9635417,35,3.27297938397589,74,0.4,"{""10"":3,""11"":2,""12"":8,""13"":2,""3"":74,""4"":56,""5"":3,""6"":17,""7"":6,""8"":11,""9"":3}","{""10"":11,""11"":2,""12"":7,""13"":1,""15"":1,""18"":1,""19"":1,""21"":2,""23"":1,""24"":6,""25"":1,""29"":1,""3"":74,""4"":54,""5"":3,""6"":12,""8"":3,""9"":4}",64,3.281236061908775,400,0.4,"{""10"":4,""12"":3,""3"":400,""4"":411,""5"":107,""6"":35,""7"":14,""8"":10,""9"":16}","{""10"":17,""11"":13,""12"":5,""13"":2,""24"":3,""3"":400,""4"":320,""5"":144,""6"":75,""7"":10,""8"":9,""9"":2}","{""Diagonal CMA-ES"":{""attempts"":294,""discoveries"":0,""improvements"":0,""insertions"":0,""insertion_rate"":0.0},""Immigrant"":{""attempts"":146,""discoveries"":0,""improvements"":0,""insertions"":0,""insertion_rate"":0.0},""Morphology"":{""attempts"":300,""discoveries"":0,""improvements"":2,""insertions"":2,""insertion_rate"":0.006666666666666667},""Novelty"":{""attempts"":260,""discoveries"":0,""improvements"":0,""insertions"":0,""insertion_rate"":0.0}}","{""Morphology"":199,""Novelty"":33}",0,0.884393063583815,false,123000
42,146,147000,5.465787669999998,0.032669817,0.02755848,0.0021039,0.003007437,6.407761467,155.12279,48.27111,8520.756383419037,185,0.9635417,34,3.226706770076845,76,0.41081081081081083,"{""10"":3,""11"":2,""12"":7,""13"":2,""3"":76,""4"":55,""5"":3,""6"":18,""7"":6,""8"":10,""9"":3}","{""10"":11,""11"":2,""12"":7,""13"":1,""15"":1,""18"":1,""19"":1,""21"":2,""23"":1,""24"":5,""25"":1,""29"":1,""3"":76,""4"":53,""5"":3,""6"":13,""8"":2,""9"":4}",73,3.461601589836141,338,0.338,"{""10"":10,""12"":12,""13"":5,""3"":338,""4"":469,""5"":97,""6"":15,""7"":20,""8"":20,""9"":14}","{""10"":17,""11"":8,""12"":12,""13"":6,""14"":2,""15"":2,""19"":2,""21"":4,""24"":8,""25"":2,""28"":1,""29"":2,""3"":338,""4"":373,""5"":146,""6"":49,""7"":9,""8"":10,""9"":9}","{""Diagonal CMA-ES"":{""attempts"":306,""discoveries"":0,""improvements"":1,""insertions"":1,""insertion_rate"":0.0032679738562091504},""Immigrant"":{""attempts"":136,""discoveries"":0,""improvements"":0,""insertions"":0,""insertion_rate"":0.0},""Morphology"":{""attempts"":321,""discoveries"":0,""improvements"":7,""insertions"":7,""insertion_rate"":0.021806853582554516},""Novelty"":{""attempts"":237,""discoveries"":0,""improvements"":1,""insertions"":1,""insertion_rate"":0.004219409282700422}}","{""Morphology"":209,""Novelty"":23}",0,0.884393063583815,false,124000
42,147,148000,5.495780118999998,0.029992449,0.026288065,0.001575551,0.002128833,6.441236275,155.12279,49.363647,8543.879895687103,185,0.9635417,34,3.267640681007197,75,0.40540540540540543,"{""10"":3,""11"":2,""12"":7,""13"":2,""3"":75,""4"":56,""5"":2,""6"":18,""7"":6,""8"":10,""9"":4}","{""10"":11,""11"":2,""12"":8,""13"":1,""15"":1,""18"":1,""19"":1,""21"":2,""23"":1,""24"":5,""25"":1,""29"":1,""3"":75,""4"":54,""5"":2,""6"":13,""8"":2,""9"":4}",47,2.926190270034254,530,0.53,"{""10"":3,""12"":3,""3"":530,""4"":312,""5"":110,""6"":28,""7"":7,""8"":4,""9"":3}","{""10"":12,""11"":3,""12"":5,""13"":2,""15"":1,""24"":3,""3"":530,""4"":222,""5"":147,""6"":68,""7"":4,""8"":3}","{""Diagonal CMA-ES"":{""attempts"":295,""discoveries"":0,""improvements"":0,""insertions"":0,""insertion_rate"":0.0},""Immigrant"":{""attempts"":155,""discoveries"":0,""improvements"":0,""insertions"":0,""insertion_rate"":0.0},""Morphology"":{""attempts"":318,""discoveries"":0,""improvements"":4,""insertions"":4,""insertion_rate"":0.012578616352201259},""Novelty"":{""attempts"":232,""discoveries"":0,""improvements"":3,""insertions"":3,""insertion_rate"":0.01293103448275862}}","{""Morphology"":217,""Novelty"":26}",1,0.884393063583815,false,125000
42,148,149000,5.5305087199999985,0.034728601,0.029043795,0.002850714,0.002834092,6.481173571,155.12279,49.42792,8555.27656698227,185,0.9635417,34,3.2623885285220613,76,0.41081081081081083,"{""10"":3,""11"":2,""12"":7,""13"":2,""3"":76,""4"":55,""5"":2,""6"":18,""7"":6,""8"":10,""9"":4}","{""10"":11,""11"":2,""12"":8,""13"":1,""15"":1,""18"":1,""19"":1,""21"":2,""23"":1,""24"":5,""25"":1,""29"":1,""3"":76,""4"":53,""5"":2,""6"":13,""8"":2,""9"":4}",86,3.7982567761615806,417,0.417,"{""10"":14,""11"":2,""12"":16,""13"":10,""14"":2,""3"":417,""4"":320,""5"":95,""6"":43,""7"":22,""8"":43,""9"":16}","{""10"":40,""11"":9,""12"":18,""13"":7,""15"":5,""16"":1,""18"":1,""19"":4,""21"":6,""22"":2,""24"":9,""25"":5,""26"":1,""28"":1,""29"":4,""3"":417,""4"":227,""5"":134,""6"":69,""7"":13,""8"":11,""9"":16}","{""Diagonal CMA-ES"":{""attempts"":327,""discoveries"":0,""improvements"":0,""insertions"":0,""insertion_rate"":0.0},""Immigrant"":{""attempts"":134,""discoveries"":0,""improvements"":0,""insertions"":0,""insertion_rate"":0.0},""Morphology"":{""attempts"":285,""discoveries"":0,""improvements"":1,""insertions"":1,""insertion_rate"":0.0035087719298245615},""Novelty"":{""attempts"":254,""discoveries"":0,""improvements"":0,""insertions"":0,""insertion_rate"":0.0}}","{""Morphology"":196,""Novelty"":28}",0,0.884393063583815,false,126000
42,149,150000,5.570170562999999,0.039661842999999995,0.033092497,0.003012187,0.003557159,6.526249513,155.12279,49.42792,8581.87994146347,185,0.9635417,34,3.2322379974377506,77,0.41621621621621624,"{""10"":3,""11"":2,""12"":7,""13"":2,""3"":77,""4"":55,""5"":2,""6"":17,""7"":6,""8"":10,""9"":4}","{""10"":11,""11"":2,""12"":8,""13"":1,""15"":1,""18"":1,""19"":1,""21"":2,""23"":1,""24"":5,""25"":1,""29"":1,""3"":77,""4"":53,""5"":2,""6"":12,""8"":2,""9"":4}",90,3.898279864172307,400,0.4,"{""10"":13,""11"":2,""12"":13,""13"":14,""14"":1,""3"":400,""4"":320,""5"":109,""6"":44,""7"":28,""8"":37,""9"":19}","{""10"":42,""11"":12,""12"":20,""13"":3,""14"":1,""15"":7,""18"":1,""19"":3,""20"":1,""21"":2,""22"":1,""24"":13,""25"":5,""27"":1,""28"":1,""29"":3,""3"":400,""30"":2,""4"":234,""5"":129,""6"":86,""7"":10,""8"":11,""9"":12}","{""Diagonal CMA-ES"":{""attempts"":286,""discoveries"":0,""improvements"":0,""insertions"":0,""insertion_rate"":0.0},""Immigrant"":{""attempts"":145,""discoveries"":0,""improvements"":0,""insertions"":0,""insertion_rate"":0.0},""Morphology"":{""attempts"":314,""discoveries"":0,""improvements"":4,""insertions"":4,""insertion_rate"":0.012738853503184714},""Novelty"":{""attempts"":255,""discoveries"":0,""improvements"":1,""insertions"":1,""insertion_rate"":0.00392156862745098}}","{""Morphology"":190,""Novelty"":35}",0,0.884393063583815,false,127000
42,150,151000,5.607063614999999,0.036893052,0.029863034,0.003462174,0.003567844,6.570045542,155.12279,49.42792,8597.852340221405,185,0.9635417,34,3.232237997437752,77,0.41621621621621624,"{""10"":3,""11"":2,""12"":7,""13"":2,""3"":77,""4"":55,""5"":2,""6"":17,""7"":6,""8"":10,""9"":4}","{""10"":11,""11"":2,""12"":8,""13"":1,""15"":1,""18"":1,""19"":1,""21"":2,""23"":1,""24"":5,""25"":1,""29"":1,""3"":77,""4"":53,""5"":2,""6"":12,""8"":2,""9"":4}",83,3.83201229525089,378,0.378,"{""10"":10,""11"":1,""12"":18,""13"":8,""14"":2,""3"":378,""4"":366,""5"":106,""6"":43,""7"":24,""8"":26,""9"":18}","{""10"":26,""11"":13,""12"":20,""13"":6,""15"":4,""19"":3,""21"":8,""22"":2,""24"":9,""25"":4,""29"":4,""3"":378,""30"":1,""4"":270,""5"":146,""6"":70,""7"":11,""8"":12,""9"":13}","{""Diagonal CMA-ES"":{""attempts"":309,""discoveries"":0,""improvements"":0,""insertions"":0,""insertion_rate"":0.0},""Immigrant"":{""attempts"":147,""discoveries"":0,""improvements"":0,""insertions"":0,""insertion_rate"":0.0},""Morphology"":{""attempts"":292,""discoveries"":0,""improvements"":3,""insertions"":3,""insertion_rate"":0.010273972602739725},""Novelty"":{""attempts"":252,""discoveries"":0,""improvements"":0,""insertions"":0,""insertion_rate"":0.0}}","{""Morphology"":203,""Novelty"":32}",0,0.8850574712643678,false,128000
42,151,152000,5.650383534999999,0.043319920000000005,0.036041756,0.002952821,0.004325343,6.618555162,155.12279,49.42792,8602.825246334076,185,0.9635417,34,3.2373927831238496,76,0.41081081081081083,"{""10"":3,""11"":2,""12"":7,""13"":2,""3"":76,""4"":56,""5"":2,""6"":17,""7"":6,""8"":10,""9"":4}","{""10"":11,""11"":2,""12"":8,""13"":1,""15"":1,""18"":1,""19"":1,""21"":2,""23"":1,""24"":5,""25"":1,""29"":1,""3"":76,""4"":54,""5"":2,""6"":12,""8"":2,""9"":4}",79,3.790263711940673,394,0.394,"{""10"":10,""11"":3,""12"":17,""13"":10,""14"":2,""3"":394,""4"":355,""5"":93,""6"":43,""7"":22,""8"":34,""9"":17}","{""10"":30,""11"":13,""12"":15,""13"":6,""14"":2,""15"":4,""16"":2,""19"":3,""21"":7,""23"":1,""24"":12,""25"":4,""26"":1,""29"":2,""3"":394,""30"":2,""34"":1,""4"":251,""5"":146,""6"":70,""7"":6,""8"":12,""9"":16}","{""Diagonal CMA-ES"":{""attempts"":307,""discoveries"":0,""improvements"":0,""insertions"":0,""insertion_rate"":0.0},""Immigrant"":{""attempts"":148,""discoveries"":0,""improvements"":0,""insertions"":0,""insertion_rate"":0.0},""Morphology"":{""attempts"":298,""discoveries"":0,""improvements"":4,""insertions"":4,""insertion_rate"":0.013422818791946308},""Novelty"":{""attempts"":247,""discoveries"":0,""improvements"":0,""insertions"":0,""insertion_rate"":0.0}}","{""Morphology"":208,""Novelty"":29}",0,0.8850574712643678,false,129000
42,152,153000,5.6841397329999985,0.033756198,0.027819686,0.001684782,0.00425173,6.656045428,155.12279,49.604977,8621.96251821518,185,0.9635417,33,3.180190369741408,77,0.41621621621621624,"{""10"":3,""11"":2,""12"":7,""13"":2,""3"":77,""4"":57,""5"":2,""6"":16,""7"":6,""8"":10,""9"":3}","{""10"":11,""11"":2,""12"":7,""13"":1,""15"":1,""18"":1,""19"":1,""21"":2,""23"":1,""24"":5,""25"":1,""29"":1,""3"":77,""4"":55,""5"":2,""6"":11,""8"":2,""9"":4}",80,4.392211328904471,309,0.309,"{""10"":25,""11"":1,""12"":36,""13"":16,""14"":1,""3"":309,""4"":317,""5"":115,""6"":60,""7"":42,""8"":54,""9"":24}","{""10"":46,""11"":16,""12"":41,""13"":9,""14"":1,""15"":11,""19"":6,""21"":15,""24"":23,""25"":8,""26"":1,""29"":7,""3"":309,""4"":224,""5"":140,""6"":89,""7"":11,""8"":17,""9"":26}","{""Diagonal CMA-ES"":{""attempts"":298,""discoveries"":0,""improvements"":0,""insertions"":0,""insertion_rate"":0.0},""Immigrant"":{""attempts"":163,""discoveries"":0,""improvements"":0,""insertions"":0,""insertion_rate"":0.0},""Morphology"":{""attempts"":283,""discoveries"":0,""improvements"":4,""insertions"":4,""insertion_rate"":0.014134275618374558},""Novelty"":{""attempts"":256,""discoveries"":0,""improvements"":0,""insertions"":0,""insertion_rate"":0.0}}","{""Morphology"":170,""Novelty"":30}",0,0.8850574712643678,false,130000
42,153,154000,5.7230369529999985,0.03889722,0.031051524,0.003965591,0.003880105,6.702719479,155.12279,49.604977,8658.035213947296,185,0.9635417,31,3.088894493770618,79,0.42702702702702705,"{""10"":2,""11"":1,""12"":7,""13"":2,""3"":79,""4"":56,""5"":2,""6"":16,""7"":6,""8"":10,""9"":4}","{""10"":11,""11"":3,""12"":6,""13"":1,""15"":1,""19"":1,""21"":2,""23"":1,""24"":5,""25"":1,""29"":1,""3"":79,""4"":54,""5"":2,""6"":11,""8"":2,""9"":4}",71,4.391924682386046,294,0.294,"{""10"":25,""12"":36,""13"":15,""14"":1,""3"":294,""4"":335,""5"":119,""6"":59,""7"":35,""8"":75,""9"":6}","{""10"":60,""11"":8,""12"":30,""13"":9,""15"":8,""19"":8,""21"":14,""22"":1,""24"":20,""25"":8,""29"":9,""3"":294,""4"":221,""5"":164,""6"":89,""7"":8,""8"":20,""9"":29}","{""Diagonal CMA-ES"":{""attempts"":282,""discoveries"":0,""improvements"":0,""insertions"":0,""insertion_rate"":0.0},""Immigrant"":{""attempts"":154,""discoveries"":0,""improvements"":0,""insertions"":0,""insertion_rate"":0.0},""Morphology"":{""attempts"":300,""discoveries"":0,""improvements"":7,""insertions"":7,""insertion_rate"":0.023333333333333334},""Novelty"":{""attempts"":264,""discoveries"":0,""improvements"":2,""insertions"":2,""insertion_rate"":0.007575757575757576}}","{""Morphology"":201,""Novelty"":26}",0,0.8850574712643678,false,131000
42,154,155000,5.762832959999998,0.039796007,0.032567709,0.002902955,0.004325343,6.747389363,155.12279,49.604977,8683.861816883087,185,0.9635417,31,3.0888944937706184,79,0.42702702702702705,"{""10"":2,""11"":1,""12"":7,""13"":2,""3"":79,""4"":56,""5"":2,""6"":16,""7"":6,""8"":10,""9"":4}","{""10"":11,""11"":3,""12"":6,""13"":1,""15"":1,""19"":1,""21"":2,""23"":1,""24"":5,""25"":1,""29"":1,""3"":79,""4"":54,""5"":2,""6"":11,""8"":2,""9"":4}",67,3.4679364929564627,466,0.466,"{""10"":7,""11"":1,""12"":13,""13"":7,""14"":2,""3"":466,""4"":315,""5"":100,""6"":31,""7"":17,""8"":37,""9"":4}","{""10"":28,""11"":5,""12"":8,""13"":8,""15"":5,""18"":1,""19"":4,""21"":3,""24"":10,""25"":4,""26"":1,""29"":4,""3"":466,""4"":200,""5"":156,""6"":68,""7"":8,""8"":8,""9"":13}","{""Diagonal CMA-ES"":{""attempts"":263,""discoveries"":0,""improvements"":0,""insertions"":0,""insertion_rate"":0.0},""Immigrant"":{""attempts"":163,""discoveries"":0,""improvements"":0,""insertions"":0,""insertion_rate"":0.0},""Morphology"":{""attempts"":310,""discoveries"":0,""improvements"":1,""insertions"":1,""insertion_rate"":0.0032258064516129032},""Novelty"":{""attempts"":264,""discoveries"":0,""improvements"":1,""insertions"":1,""insertion_rate"":0.003787878787878788}}","{""Morphology"":209,""Novelty"":34}",0,0.8850574712643678,false,132000
42,155,156000,5.800231803999998,0.037398844,0.030094558,0.003162974,0.004141312,6.7909218110000005,155.12279,49.604977,8727.012142658234,185,0.9635417,31,3.0420057469847253,81,0.43783783783783786,"{""10"":2,""11"":1,""12"":7,""13"":2,""3"":81,""4"":55,""5"":2,""6"":15,""7"":6,""8"":10,""9"":4}","{""10"":11,""11"":3,""12"":6,""13"":1,""15"":1,""19"":1,""21"":2,""23"":1,""24"":5,""25"":1,""29"":1,""3"":81,""4"":53,""5"":2,""6"":10,""8"":2,""9"":4}",64,4.336306011907732,301,0.301,"{""10"":16,""12"":34,""13"":16,""3"":301,""4"":324,""5"":121,""6"":67,""7"":39,""8"":72,""9"":10}","{""10"":53,""11"":10,""12"":21,""13"":8,""14"":2,""15"":10,""19"":8,""21"":8,""24"":26,""25"":8,""29"":8,""3"":301,""4"":219,""5"":144,""6"":112,""7"":8,""8"":21,""9"":33}","{""Diagonal CMA-ES"":{""attempts"":311,""discoveries"":0,""improvements"":0,""insertions"":0,""insertion_rate"":0.0},""Immigrant"":{""attempts"":158,""discoveries"":0,""improvements"":0,""insertions"":0,""insertion_rate"":0.0},""Morphology"":{""attempts"":283,""discoveries"":0,""improvements"":2,""insertions"":2,""insertion_rate"":0.007067137809187279},""Novelty"":{""attempts"":248,""discoveries"":0,""improvements"":0,""insertions"":0,""insertion_rate"":0.0}}","{""Morphology"":201,""Novelty"":28}",0,0.8850574712643678,false,133000
42,156,157000,5.837254272999998,0.037022469,0.030069625,0.003260333,0.003692511,6.834349776,155.12279,49.604977,8737.965671986341,185,0.9635417,31,3.037385460648112,81,0.43783783783783786,"{""10"":2,""11"":1,""12"":6,""13"":2,""3"":81,""4"":55,""5"":2,""6"":16,""7"":6,""8"":10,""9"":4}","{""10"":11,""11"":3,""12"":6,""13"":1,""15"":1,""19"":1,""21"":2,""23"":1,""24"":4,""25"":1,""29"":1,""3"":81,""4"":53,""5"":2,""6"":11,""8"":2,""9"":4}",72,4.144927734892516,343,0.343,"{""10"":13,""11"":1,""12"":23,""13"":17,""14"":3,""3"":343,""4"":316,""5"":105,""6"":72,""7"":34,""8"":63,""9"":10}","{""10"":56,""11"":11,""12"":19,""13"":10,""15"":8,""19"":6,""20"":1,""21"":5,""22"":2,""24"":16,""25"":8,""27"":2,""28"":1,""29"":9,""3"":343,""4"":222,""5"":139,""6"":91,""7"":9,""8"":15,""9"":27}","{""Diagonal CMA-ES"":{""attempts"":298,""discoveries"":0,""improvements"":1,""insertions"":1,""insertion_rate"":0.003355704697986577},""Immigrant"":{""attempts"":144,""discoveries"":0,""improvements"":0,""insertions"":0,""insertion_rate"":0.0},""Morphology"":{""attempts"":307,""discoveries"":0,""improvements"":4,""insertions"":4,""insertion_rate"":0.013029315960912053},""Novelty"":{""attempts"":251,""discoveries"":0,""improvements"":0,""insertions"":0,""insertion_rate"":0.0}}","{""Morphology"":190,""Novelty"":34}",0,0.8850574712643678,false,134000
42,157,158000,5.875931840999998,0.038677568,0.032665068,0.00285665,0.00315585,6.87827166,155.12279,49.604977,8810.14893195033,185,0.9635417,31,2.9881411494455885,83,0.4486486486486487,"{""10"":2,""11"":1,""12"":6,""13"":2,""3"":83,""4"":55,""5"":3,""6"":15,""7"":5,""8"":9,""9"":4}","{""10"":10,""11"":3,""12"":5,""13"":1,""15"":1,""19"":1,""21"":2,""23"":1,""24"":4,""25"":1,""29"":1,""3"":83,""4"":53,""5"":2,""6"":11,""8"":2,""9"":4}",68,3.6620306316959037,415,0.415,"{""10"":8,""12"":30,""13"":9,""3"":415,""4"":333,""5"":108,""6"":41,""7"":17,""8"":30,""9"":9}","{""10"":31,""11"":6,""12"":12,""13"":6,""15"":3,""16"":1,""19"":4,""21"":24,""23"":1,""24"":6,""25"":4,""29"":3,""3"":415,""30"":1,""4"":236,""5"":141,""6"":69,""7"":14,""8"":9,""9"":14}","{""Diagonal CMA-ES"":{""attempts"":303,""discoveries"":0,""improvements"":0,""insertions"":0,""insertion_rate"":0.0},""Immigrant"":{""attempts"":144,""discoveries"":0,""improvements"":0,""insertions"":0,""insertion_rate"":0.0},""Morphology"":{""attempts"":286,""discoveries"":0,""improvements"":8,""insertions"":8,""insertion_rate"":0.027972027972027972},""Novelty"":{""attempts"":267,""discoveries"":0,""improvements"":0,""insertions"":0,""insertion_rate"":0.0}}","{""Morphology"":188,""Novelty"":31}",0,0.8850574712643678,false,135000
42,158,159000,5.915245802999998,0.039313962,0.032698312,0.002754542,0.003861108,6.922571105,155.12279,49.604977,8821.407923191786,185,0.9635417,31,2.974608516202964,83,0.4486486486486487,"{""10"":2,""11"":1,""12"":6,""13"":2,""3"":83,""4"":55,""5"":3,""6"":15,""7"":5,""8"":9,""9"":4}","{""10"":10,""11"":3,""12"":5,""13"":1,""15"":1,""19"":1,""21"":2,""23"":1,""24"":4,""25"":1,""29"":1,""3"":83,""4"":53,""5"":2,""6"":11,""8"":2,""9"":4}",65,3.4415578417709067,420,0.42,"{""10"":6,""11"":1,""12"":8,""13"":7,""3"":420,""4"":372,""5"":116,""6"":30,""7"":15,""8"":19,""9"":6}","{""10"":18,""11"":5,""12"":11,""13"":4,""15"":3,""19"":1,""21"":4,""22"":1,""24"":6,""25"":2,""26"":1,""29"":2,""3"":420,""4"":278,""5"":154,""6"":68,""7"":11,""8"":3,""9"":8}","{""Diagonal CMA-ES"":{""attempts"":298,""discoveries"":0,""improvements"":0,""insertions"":0,""insertion_rate"":0.0},""Immigrant"":{""attempts"":142,""discoveries"":0,""improvements"":0,""insertions"":0,""insertion_rate"":0.0},""Morphology"":{""attempts"":326,""discoveries"":0,""improvements"":2,""insertions"":2,""insertion_rate"":0.006134969325153374},""Novelty"":{""attempts"":234,""discoveries"":0,""improvements"":0,""insertions"":0,""insertion_rate"":0.0}}","{""Morphology"":227,""Novelty"":32}",0,0.8850574712643678,false,136000
42,159,160000,5.9504065809999975,0.035160778000000004,0.028128385,0.003035933,0.00399646,6.964461514,155.12279,49.606377,8832.866662472486,185,0.9635417,31,2.9746085162029643,83,0.4486486486486487,"{""10"":2,""11"":1,""12"":6,""13"":2,""3"":83,""4"":55,""5"":3,""6"":15,""7"":5,""8"":9,""9"":4}","{""10"":10,""11"":3,""12"":5,""13"":1,""15"":1,""19"":1,""21"":2,""23"":1,""24"":4,""25"":1,""29"":1,""3"":83,""4"":53,""5"":2,""6"":11,""8"":2,""9"":4}",62,3.5254336378946354,398,0.398,"{""10"":10,""12"":15,""13"":9,""3"":398,""4"":381,""5"":109,""6"":28,""7"":17,""8"":30,""9"":3}","{""10"":22,""11"":5,""12"":8,""13"":5,""15"":5,""19"":4,""21"":7,""24"":8,""25"":4,""29"":5,""3"":398,""4"":284,""5"":147,""6"":66,""7"":9,""8"":8,""9"":15}","{""Diagonal CMA-ES"":{""attempts"":281,""discoveries"":0,""improvements"":0,""insertions"":0,""insertion_rate"":0.0},""Immigrant"":{""attempts"":151,""discoveries"":0,""improvements"":0,""insertions"":0,""insertion_rate"":0.0},""Morphology"":{""attempts"":294,""discoveries"":0,""improvements"":5,""insertions"":5,""insertion_rate"":0.017006802721088437},""Novelty"":{""attempts"":274,""discoveries"":0,""improvements"":0,""insertions"":0,""insertion_rate"":0.0}}","{""Morphology"":193,""Novelty"":24}",0,0.8850574712643678,false,137000
42,160,161000,5.986289238999998,0.035882658,0.029660005,0.002742669,0.003479984,7.005872252,155.12279,49.606377,8840.969989269972,185,0.9635417,31,2.959776638809588,83,0.4486486486486487,"{""10"":2,""11"":1,""12"":6,""13"":2,""3"":83,""4"":55,""5"":3,""6"":15,""7"":5,""8"":9,""9"":4}","{""10"":10,""11"":3,""12"":5,""13"":1,""15"":1,""19"":1,""21"":2,""23"":1,""24"":4,""25"":1,""29"":1,""3"":83,""4"":53,""5"":2,""6"":11,""8"":2,""9"":4}",69,3.6357439401457503,407,0.407,"{""10"":7,""12"":10,""13"":9,""3"":407,""4"":361,""5"":105,""6"":47,""7"":19,""8"":28,""9"":7}","{""10"":29,""11"":5,""12"":8,""13"":3,""15"":6,""19"":3,""21"":5,""22"":1,""24"":6,""25"":4,""29"":2,""3"":407,""30"":1,""4"":256,""5"":150,""6"":73,""7"":13,""8"":13,""9"":15}","{""Diagonal CMA-ES"":{""attempts"":307,""discoveries"":0,""improvements"":0,""insertions"":0,""insertion_rate"":0.0},""Immigrant"":{""attempts"":145,""discoveries"":0,""improvements"":0,""insertions"":0,""insertion_rate"":0.0},""Morphology"":{""attempts"":288,""discoveries"":0,""improvements"":1,""insertions"":1,""insertion_rate"":0.003472222222222222},""Novelty"":{""attempts"":260,""discoveries"":0,""improvements"":0,""insertions"":0,""insertion_rate"":0.0}}","{""Morphology"":201,""Novelty"":33}",0,0.8850574712643678,false,138000
42,161,162000,6.0237973129999975,0.037508073999999995,0.03095179,0.002940948,0.003615336,7.049693215,155.12279,50.00404,8913.25799509883,185,0.9635417,30,2.9122936658254845,85,0.4594594594594595,"{""10"":2,""11"":1,""12"":6,""13"":2,""3"":85,""4"":54,""5"":3,""6"":14,""7"":5,""8"":9,""9"":4}","{""10"":10,""11"":3,""12"":5,""13"":1,""15"":1,""19"":1,""21"":2,""23"":1,""24"":4,""25"":1,""29"":1,""3"":85,""4"":52,""5"":2,""6"":11,""8"":1,""9"":4}",64,3.562112674202077,424,0.424,"{""10"":8,""12"":16,""13"":8,""14"":2,""3"":424,""4"":333,""5"":119,""6"":45,""7"":14,""8"":25,""9"":6}","{""10"":27,""11"":5,""12"":9,""13"":3,""14"":1,""15"":5,""19"":4,""21"":7,""22"":1,""24"":8,""25"":3,""27"":1,""29"":6,""3"":424,""4"":238,""5"":147,""6"":74,""7"":16,""8"":6,""9"":15}","{""Diagonal CMA-ES"":{""attempts"":285,""discoveries"":0,""improvements"":0,""insertions"":0,""insertion_rate"":0.0},""Immigrant"":{""attempts"":145,""discoveries"":0,""improvements"":0,""insertions"":0,""insertion_rate"":0.0},""Morphology"":{""attempts"":321,""discoveries"":0,""improvements"":7,""insertions"":7,""insertion_rate"":0.021806853582554516},""Novelty"":{""attempts"":249,""discoveries"":0,""improvements"":0,""insertions"":0,""insertion_rate"":0.0}}","{""Morphology"":194,""Novelty"":23}",0,0.8850574712643678,false,139000
42,162,163000,6.059170618999998,0.035373306,0.027709267,0.002959946,0.004704093,7.089977203,155.12279,50.00404,8916.26092144847,185,0.9635417,30,2.8961559780527244,85,0.4594594594594595,"{""10"":2,""11"":1,""12"":6,""13"":2,""3"":85,""4"":55,""5"":3,""6"":13,""7"":5,""8"":9,""9"":4}","{""10"":9,""11"":3,""12"":5,""13"":1,""15"":1,""19"":1,""21"":2,""23"":1,""24"":4,""25"":1,""29"":1,""3"":85,""4"":53,""5"":2,""6"":11,""8"":1,""9"":4}",55,3.462571255522917,370,0.37,"{""10"":10,""12"":12,""13"":6,""3"":370,""4"":406,""5"":112,""6"":41,""7"":13,""8"":27,""9"":3}","{""10"":25,""11"":1,""12"":11,""13"":3,""14"":1,""15"":4,""19"":3,""21"":6,""24"":6,""25"":3,""29"":3,""3"":370,""4"":323,""5"":136,""6"":78,""7"":11,""8"":3,""9"":13}","{""Diagonal CMA-ES"":{""attempts"":320,""discoveries"":0,""improvements"":0,""insertions"":0,""insertion_rate"":0.0},""Immigrant"":{""attempts"":159,""discoveries"":0,""improvements"":0,""insertions"":0,""insertion_rate"":0.0},""Morphology"":{""attempts"":297,""discoveries"":0,""improvements"":1,""insertions"":1,""insertion_rate"":0.003367003367003367},""Novelty"":{""attempts"":224,""discoveries"":0,""improvements"":1,""insertions"":1,""insertion_rate"":0.004464285714285714}}","{""Morphology"":193,""Novelty"":19}",0,0.8850574712643678,false,140000
42,163,164000,6.099240891999998,0.040070273000000003,0.033922421,0.001726338,0.004421514,7.135810644,155.12279,50.00404,8920.807741135359,185,0.9635417,30,2.8908860722969134,86,0.4648648648648649,"{""10"":2,""11"":1,""12"":6,""13"":2,""3"":86,""4"":54,""5"":3,""6"":13,""7"":5,""8"":9,""9"":4}","{""10"":9,""11"":3,""12"":5,""13"":1,""15"":1,""19"":1,""21"":2,""23"":1,""24"":4,""25"":1,""29"":1,""3"":86,""4"":52,""5"":2,""6"":11,""8"":1,""9"":4}",62,3.897870575245021,224,0.224,"{""10"":7,""12"":14,""13"":10,""3"":224,""4"":355,""5"":114,""6"":32,""7"":207,""8"":30,""9"":7}","{""10"":20,""11"":5,""12"":205,""13"":5,""14"":2,""15"":3,""18"":2,""19"":5,""21"":6,""23"":1,""24"":8,""25"":4,""28"":1,""29"":4,""3"":224,""4"":250,""5"":163,""6"":70,""7"":7,""8"":3,""9"":12}","{""Diagonal CMA-ES"":{""attempts"":303,""discoveries"":0,""improvements"":0,""insertions"":0,""insertion_rate"":0.0},""Immigrant"":{""attempts"":149,""discoveries"":0,""improvements"":0,""insertions"":0,""insertion_rate"":0.0},""Morphology"":{""attempts"":296,""discoveries"":0,""improvements"":2,""insertions"":2,""insertion_rate"":0.006756756756756757},""Novelty"":{""attempts"":252,""discoveries"":0,""improvements"":0,""insertions"":0,""insertion_rate"":0.0}}","{""Morphology"":214,""Novelty"":29}",0,0.8850574712643678,false,141000
42,164,165000,6.135492799999998,0.036251908,0.029224265,0.003053742,0.003973901,7.178070304,155.12279,50.00404,8934.678836792707,185,0.9635417,30,2.890886072296914,86,0.4648648648648649,"{""10"":2,""11"":1,""12"":6,""13"":2,""3"":86,""4"":54,""5"":3,""6"":13,""7"":5,""8"":9,""9"":4}","{""10"":9,""11"":3,""12"":5,""13"":1,""15"":1,""19"":1,""21"":2,""23"":1,""24"":4,""25"":1,""29"":1,""3"":86,""4"":52,""5"":2,""6"":11,""8"":1,""9"":4}",61,3.9823442284758124,226,0.226,"{""10"":7,""11"":2,""12"":16,""13"":8,""3"":226,""4"":372,""5"":108,""6"":46,""7"":172,""8"":37,""9"":6}","{""10"":26,""11"":4,""12"":170,""13"":9,""14"":1,""15"":4,""18"":2,""19"":4,""21"":8,""24"":7,""25"":4,""26"":1,""29"":4,""3"":226,""4"":276,""5"":141,""6"":86,""7"":11,""8"":1,""9"":15}","{""Diagonal CMA-ES"":{""attempts"":287,""discoveries"":0,""improvements"":0,""insertions"":0,""insertion_rate"":0.0},""Immigrant"":{""attempts"":145,""discoveries"":0,""improvements"":0,""insertions"":0,""insertion_rate"":0.0},""Morphology"":{""attempts"":323,""discoveries"":0,""improvements"":4,""insertions"":4,""insertion_rate"":0.01238390092879257},""Novelty"":{""attempts"":245,""discoveries"":0,""improvements"":0,""insertions"":0,""insertion_rate"":0.0}}","{""Morphology"":222,""Novelty"":21}",0,0.8850574712643678,false,142000
42,165,166000,6.175902642999998,0.040409843,0.032178274,0.00302406,0.005207509,7.224896329,155.12279,50.00404,8950.24470898509,185,0.9635417,30,2.890886072296914,86,0.4648648648648649,"{""10"":2,""11"":1,""12"":6,""13"":2,""3"":86,""4"":54,""5"":3,""6"":13,""7"":5,""8"":9,""9"":4}","{""10"":9,""11"":3,""12"":5,""13"":1,""15"":1,""19"":1,""21"":2,""23"":1,""24"":4,""25"":1,""29"":1,""3"":86,""4"":52,""5"":2,""6"":11,""8"":1,""9"":4}",68,4.173864431668495,289,0.289,"{""10"":13,""11"":1,""12"":27,""13"":8,""14"":2,""3"":289,""4"":373,""5"":115,""6"":77,""7"":25,""8"":56,""9"":14}","{""10"":44,""11"":12,""12"":20,""13"":8,""14"":1,""15"":8,""19"":6,""20"":1,""21"":15,""24"":5,""25"":7,""26"":3,""29"":7,""3"":289,""4"":265,""5"":157,""6"":111,""7"":12,""8"":4,""9"":25}","{""Diagonal CMA-ES"":{""attempts"":289,""discoveries"":0,""improvements"":0,""insertions"":0,""insertion_rate"":0.0},""Immigrant"":{""attempts"":142,""discoveries"":0,""improvements"":0,""insertions"":0,""insertion_rate"":0.0},""Morphology"":{""attempts"":305,""discoveries"":0,""improvements"":3,""insertions"":3,""insertion_rate"":0.009836065573770493},""Novelty"":{""attempts"":264,""discoveries"":0,""improvements"":0,""insertions"":0,""insertion_rate"":0.0}}","{""Morphology"":215,""Novelty"":32}",0,0.8850574712643678,false,143000
42,166,167000,6.213154259999998,0.037251616999999994,0.02964457,0.003286453,0.004320594,7.268676924,155.12279,50.104492,8982.887761086226,185,0.9635417,30,2.8429791129865367,87,0.4702702702702703,"{""10"":2,""11"":1,""12"":6,""13"":2,""3"":87,""4"":54,""5"":2,""6"":13,""7"":5,""8"":9,""9"":4}","{""10"":9,""11"":3,""12"":5,""13"":1,""15"":1,""19"":1,""21"":2,""23"":1,""24"":4,""25"":1,""29"":1,""3"":87,""4"":52,""5"":2,""6"":10,""8"":1,""9"":4}",72,4.2928169472816,232,0.232,"{""10"":18,""11"":104,""12"":19,""13"":6,""14"":2,""3"":232,""4"":316,""5"":105,""6"":51,""7"":22,""8"":36,""9"":89}","{""10"":27,""11"":7,""12"":102,""13"":8,""14"":2,""15"":5,""16"":1,""17"":1,""19"":5,""21"":7,""22"":1,""23"":105,""24"":7,""25"":4,""26"":1,""29"":5,""3"":232,""30"":1,""4"":231,""5"":127,""6"":91,""7"":10,""8"":1,""9"":19}","{""Diagonal CMA-ES"":{""attempts"":289,""discoveries"":0,""improvements"":0,""insertions"":0,""insertion_rate"":0.0},""Immigrant"":{""attempts"":138,""discoveries"":0,""improvements"":0,""insertions"":0,""insertion_rate"":0.0},""Morphology"":{""attempts"":325,""discoveries"":0,""improvements"":7,""insertions"":7,""insertion_rate"":0.021538461538461538},""Novelty"":{""attempts"":248,""discoveries"":0,""improvements"":0,""insertions"":0,""insertion_rate"":0.0}}","{""Morphology"":209,""Novelty"":29}",0,0.8850574712643678,false,144000
42,167,168000,6.248976364999998,0.035822105,0.029409484,0.002832904,0.003579717,7.309986741,155.12279,50.704247,8997.045937508345,185,0.9635417,30,2.7937144034923858,87,0.4702702702702703,"{""10"":2,""11"":1,""12"":6,""13"":2,""3"":87,""4"":56,""5"":2,""6"":12,""7"":5,""8"":8,""9"":4}","{""10"":9,""11"":3,""12"":5,""13"":1,""15"":1,""19"":1,""21"":2,""23"":1,""24"":4,""25"":1,""29"":1,""3"":87,""4"":54,""5"":2,""6"":9,""8"":1,""9"":3}",66,4.1408281939528795,310,0.31,"{""10"":14,""11"":17,""12"":27,""13"":8,""14"":1,""3"":310,""4"":350,""5"":109,""6"":65,""7"":31,""8"":51,""9"":17}","{""10"":40,""11"":8,""12"":35,""13"":8,""15"":6,""16"":1,""19"":7,""21"":13,""23"":16,""24"":8,""25"":6,""26"":1,""29"":7,""3"":310,""34"":1,""4"":252,""5"":142,""6"":97,""7"":13,""8"":4,""9"":25}","{""Diagonal CMA-ES"":{""attempts"":322,""discoveries"":0,""improvements"":2,""insertions"":2,""insertion_rate"":0.006211180124223602},""Immigrant"":{""attempts"":138,""discoveries"":0,""improvements"":0,""insertions"":0,""insertion_rate"":0.0},""Morphology"":{""attempts"":289,""discoveries"":0,""improvements"":1,""insertions"":1,""insertion_rate"":0.0034602076124567475},""Novelty"":{""attempts"":251,""discoveries"":0,""improvements"":0,""insertions"":0,""insertion_rate"":0.0}}","{""Morphology"":196,""Novelty"":29}",0,0.8850574712643678,false,145000
42,168,169000,6.282144848999998,0.033168484,0.027325768,0.002780663,0.003062053,7.348044537,155.12279,50.704247,9086.299866646528,185,0.9635417,29,2.7231776266545125,89,0.4810810810810811,"{""10"":2,""11"":1,""12"":6,""13"":2,""3"":89,""4"":55,""5"":2,""6"":12,""7"":5,""8"":7,""9"":4}","{""10"":8,""11"":3,""12"":5,""13"":1,""15"":1,""19"":1,""21"":2,""23"":1,""24"":4,""25"":1,""29"":1,""3"":89,""4"":54,""5"":1,""6"":9,""8"":1,""9"":3}",62,3.3268958763628143,403,0.403,"{""10"":3,""11"":3,""12"":12,""13"":3,""14"":1,""3"":403,""4"":404,""5"":107,""6"":27,""7"":10,""8"":19,""9"":8}","{""10"":13,""11"":4,""12"":10,""13"":7,""15"":1,""17"":1,""19"":2,""21"":4,""22"":1,""23"":2,""24"":6,""25"":1,""26"":1,""29"":3,""3"":403,""4"":315,""5"":128,""6"":80,""7"":8,""8"":2,""9"":8}","{""Diagonal CMA-ES"":{""attempts"":301,""discoveries"":0,""improvements"":0,""insertions"":0,""insertion_rate"":0.0},""Immigrant"":{""attempts"":159,""discoveries"":0,""improvements"":0,""insertions"":0,""insertion_rate"":0.0},""Morphology"":{""attempts"":299,""discoveries"":0,""improvements"":7,""insertions"":7,""insertion_rate"":0.023411371237458192},""Novelty"":{""attempts"":241,""discoveries"":0,""improvements"":0,""insertions"":0,""insertion_rate"":0.0}}","{""Morphology"":201,""Novelty"":27}",0,0.8850574712643678,false,146000
42,169,170000,6.317017111999998,0.034872263,0.028121261,0.002908891,0.003842111,7.3891964439999995,155.12279,50.704247,9095.740292519331,185,0.9635417,29,2.691142473607694,90,0.4864864864864865,"{""10"":2,""11"":1,""12"":6,""13"":2,""3"":90,""4"":55,""5"":2,""6"":12,""7"":5,""8"":6,""9"":4}","{""10"":7,""11"":3,""12"":5,""13"":1,""15"":1,""19"":1,""21"":2,""23"":1,""24"":4,""25"":1,""29"":1,""3"":90,""4"":54,""5"":1,""6"":9,""8"":1,""9"":3}",61,3.27386382218284,405,0.405,"{""10"":5,""11"":1,""12"":7,""13"":4,""3"":405,""4"":416,""5"":110,""6"":24,""7"":12,""8"":10,""9"":6}","{""10"":14,""11"":6,""12"":10,""13"":5,""15"":3,""19"":1,""21"":4,""24"":2,""25"":3,""26"":1,""29"":2,""3"":405,""4"":318,""5"":146,""6"":63,""7"":11,""8"":1,""9"":5}","{""Diagonal CMA-ES"":{""attempts"":295,""discoveries"":0,""improvements"":0,""insertions"":0,""insertion_rate"":0.0},""Immigrant"":{""attempts"":155,""discoveries"":0,""improvements"":0,""insertions"":0,""insertion_rate"":0.0},""Morphology"":{""attempts"":290,""discoveries"":0,""improvements"":2,""insertions"":2,""insertion_rate"":0.006896551724137931},""Novelty"":{""attempts"":260,""discoveries"":0,""improvements"":0,""insertions"":0,""insertion_rate"":0.0}}","{""Morphology"":184,""Novelty"":36}",0,0.8850574712643678,false,147000
42,170,171000,6.354824385999998,0.037807274,0.031879073,0.00280797,0.003120231,7.433187191,155.12279,50.704247,9095.740292519331,185,0.9635417,29,2.691142473607694,90,0.4864864864864865,"{""10"":2,""11"":1,""12"":6,""13"":2,""3"":90,""4"":55,""5"":2,""6"":12,""7"":5,""8"":6,""9"":4}","{""10"":7,""11"":3,""12"":5,""13"":1,""15"":1,""19"":1,""21"":2,""23"":1,""24"":4,""25"":1,""29"":1,""3"":90,""4"":54,""5"":1,""6"":9,""8"":1,""9"":3}",63,3.48622393803682,429,0.429,"{""10"":6,""12"":14,""13"":15,""14"":3,""3"":429,""4"":339,""5"":118,""6"":31,""7"":18,""8"":19,""9"":8}","{""10"":18,""11"":5,""12"":17,""13"":3,""15"":4,""19"":4,""21"":5,""22"":1,""24"":15,""25"":5,""27"":1,""29"":5,""3"":429,""4"":255,""5"":135,""6"":78,""7"":9,""8"":1,""9"":10}","{""Diagonal CMA-ES"":{""attempts"":299,""discoveries"":0,""improvements"":0,""insertions"":0,""insertion_rate"":0.0},""Immigrant"":{""attempts"":153,""discoveries"":0,""improvements"":0,""insertions"":0,""insertion_rate"":0.0},""Morphology"":{""attempts"":297,""discoveries"":0,""improvements"":0,""insertions"":0,""insertion_rate"":0.0},""Novelty"":{""attempts"":251,""discoveries"":0,""improvements"":0,""insertions"":0,""insertion_rate"":0.0}}","{""Morphology"":188,""Novelty"":23}",0,0.8850574712643678,false,148000
42,171,172000,6.391059672999998,0.036235287000000005,0.029459351,0.002723672,0.004052264,7.474784336,155.12279,50.704247,9102.064228981733,185,0.9635417,29,2.6857799171502705,91,0.4918918918918919,"{""10"":2,""11"":1,""12"":6,""13"":2,""3"":91,""4"":54,""5"":2,""6"":12,""7"":5,""8"":6,""9"":4}","{""10"":7,""11"":3,""12"":5,""13"":1,""15"":1,""19"":1,""21"":2,""23"":1,""24"":4,""25"":1,""29"":1,""3"":91,""4"":53,""5"":1,""6"":9,""8"":1,""9"":3}",70,3.605819123772905,419,0.419,"{""10"":8,""11"":2,""12"":15,""13"":14,""14"":1,""3"":419,""4"":331,""5"":129,""6"":33,""7"":21,""8"":20,""9"":7}","{""10"":19,""11"":5,""12"":20,""13"":3,""15"":4,""16"":1,""19"":3,""21"":9,""24"":14,""25"":3,""26"":1,""29"":3,""3"":419,""30"":1,""4"":240,""5"":148,""6"":81,""7"":13,""8"":3,""9"":10}","{""Diagonal CMA-ES"":{""attempts"":290,""discoveries"":0,""improvements"":0,""insertions"":0,""insertion_rate"":0.0},""Immigrant"":{""attempts"":175,""discoveries"":0,""improvements"":0,""insertions"":0,""insertion_rate"":0.0},""Morphology"":{""attempts"":281,""discoveries"":0,""improvements"":2,""insertions"":2,""insertion_rate"":0.0071174377224199285},""Novelty"":{""attempts"":254,""discoveries"":0,""improvements"":0,""insertions"":0,""insertion_rate"":0.0}}","{""Morphology"":190,""Novelty"":27}",0,0.8850574712643678,false,149000
42,172,173000,6.429061665999998,0.038001993,0.030671587,0.002721298,0.004609108,7.517916663,155.12279,51.86706,9155.476128548384,185,0.9635417,29,2.6962488371938287,89,0.4810810810810811,"{""10"":2,""11"":1,""12"":6,""13"":2,""3"":89,""4"":56,""5"":2,""6"":12,""7"":5,""8"":6,""9"":4}","{""10"":7,""11"":3,""12"":5,""13"":1,""15"":1,""19"":1,""21"":2,""23"":1,""24"":4,""25"":1,""29"":1,""3"":89,""4"":55,""5"":1,""6"":9,""8"":1,""9"":3}",74,3.595091184942148,417,0.417,"{""10"":7,""11"":2,""12"":11,""13"":17,""14"":3,""3"":417,""4"":356,""5"":107,""6"":30,""7"":18,""8"":22,""9"":10}","{""10"":23,""11"":6,""12"":15,""13"":5,""14"":1,""15"":4,""16"":1,""18"":1,""19"":2,""20"":1,""21"":4,""22"":1,""23"":1,""24"":15,""25"":5,""29"":4,""3"":417,""30"":2,""4"":264,""5"":134,""6"":70,""7"":10,""8"":5,""9"":9}","{""Diagonal CMA-ES"":{""attempts"":284,""discoveries"":0,""improvements"":0,""insertions"":0,""insertion_rate"":0.0},""Immigrant"":{""attempts"":164,""discoveries"":0,""improvements"":0,""insertions"":0,""insertion_rate"":0.0},""Morphology"":{""attempts"":293,""discoveries"":0,""improvements"":6,""insertions"":6,""insertion_rate"":0.020477815699658702},""Novelty"":{""attempts"":259,""discoveries"":0,""improvements"":1,""insertions"":1,""insertion_rate"":0.003861003861003861}}","{""Morphology"":193,""Novelty"":34}",0,0.8850574712643678,false,150000
42,173,174000,6.463624041999998,0.034562376,0.028273235,0.002969443,0.003319698,7.558045115,155.12279,52.111683,9222.81475520134,185,0.9635417,29,2.6962488371938287,89,0.4810810810810811,"{""10"":2,""11"":1,""12"":6,""13"":2,""3"":89,""4"":56,""5"":2,""6"":12,""7"":5,""8"":6,""9"":4}","{""10"":7,""11"":3,""12"":5,""13"":1,""15"":1,""19"":1,""21"":2,""23"":1,""24"":4,""25"":1,""29"":1,""3"":89,""4"":55,""5"":1,""6"":9,""8"":1,""9"":3}",53,3.452879842905086,312,0.312,"{""10"":7,""12"":14,""13"":7,""14"":1,""3"":312,""4"":478,""5"":106,""6"":35,""7"":15,""8"":19,""9"":6}","{""10"":20,""12"":17,""13"":4,""15"":4,""19"":4,""21"":7,""24"":8,""25"":3,""26"":1,""29"":3,""3"":312,""4"":386,""5"":134,""6"":76,""7"":5,""8"":6,""9"":10}","{""Diagonal CMA-ES"":{""attempts"":340,""discoveries"":0,""improvements"":1,""insertions"":1,""insertion_rate"":0.0029411764705882353},""Immigrant"":{""attempts"":130,""discoveries"":0,""improvements"":0,""insertions"":0,""insertion_rate"":0.0},""Morphology"":{""attempts"":276,""discoveries"":0,""improvements"":1,""insertions"":1,""insertion_rate"":0.0036231884057971015},""Novelty"":{""attempts"":254,""discoveries"":0,""improvements"":1,""insertions"":1,""insertion_rate"":0.003937007874015748}}","{""Morphology"":191,""Novelty"":26}",0,0.8850574712643678,false,151000
42,174,175000,6.500334249999998,0.036710208,0.030028069,0.002718923,0.003963216,7.59983579,155.12279,52.111683,9222.81475520134,185,0.9635417,29,2.6962488371938287,89,0.4810810810810811,"{""10"":2,""11"":1,""12"":6,""13"":2,""3"":89,""4"":56,""5"":2,""6"":12,""7"":5,""8"":6,""9"":4}","{""10"":7,""11"":3,""12"":5,""13"":1,""15"":1,""19"":1,""21"":2,""23"":1,""24"":4,""25"":1,""29"":1,""3"":89,""4"":55,""5"":1,""6"":9,""8"":1,""9"":3}",66,3.525063706189852,419,0.419,"{""10"":7,""11"":1,""12"":13,""13"":11,""14"":2,""3"":419,""4"":359,""5"":104,""6"":32,""7"":25,""8"":20,""9"":7}","{""10"":12,""11"":7,""12"":19,""13"":4,""15"":4,""18"":2,""19"":4,""21"":6,""24"":8,""25"":6,""28"":2,""29"":2,""3"":419,""30"":2,""4"":255,""5"":157,""6"":65,""7"":9,""8"":7,""9"":10}","{""Diagonal CMA-ES"":{""attempts"":310,""discoveries"":0,""improvements"":0,""insertions"":0,""insertion_rate"":0.0},""Immigrant"":{""attempts"":124,""discoveries"":0,""improvements"":0,""insertions"":0,""insertion_rate"":0.0},""Morphology"":{""attempts"":310,""discoveries"":0,""improvements"":0,""insertions"":0,""insertion_rate"":0.0},""Novelty"":{""attempts"":256,""discoveries"":0,""improvements"":0,""insertions"":0,""insertion_rate"":0.0}}","{""Morphology"":215,""Novelty"":41}",0,0.8850574712643678,false,152000
42,175,176000,6.534305350999998,0.033971101,0.028111762,0.002866149,0.00299319,7.6390120249999995,155.12279,52.64212,9272.65037226677,185,0.9635417,28,2.6534028733362005,90,0.4864864864864865,"{""10"":2,""11"":1,""12"":6,""13"":2,""3"":90,""4"":56,""5"":2,""6"":12,""7"":5,""8"":6,""9"":3}","{""10"":7,""11"":3,""12"":4,""13"":1,""15"":1,""19"":1,""21"":2,""23"":1,""24"":4,""25"":1,""29"":1,""3"":90,""4"":55,""5"":1,""6"":9,""8"":1,""9"":3}",61,3.4639497387843816,424,0.424,"{""10"":10,""11"":1,""12"":19,""13"":8,""3"":424,""4"":370,""5"":91,""6"":29,""7"":22,""8"":17,""9"":9}","{""10"":16,""11"":5,""12"":20,""13"":5,""14"":1,""15"":4,""19"":3,""21"":8,""23"":1,""24"":11,""25"":4,""29"":4,""3"":424,""4"":262,""5"":148,""6"":62,""7"":10,""8"":3,""9"":9}","{""Diagonal CMA-ES"":{""attempts"":292,""discoveries"":0,""improvements"":0,""insertions"":0,""insertion_rate"":0.0},""Immigrant"":{""attempts"":153,""discoveries"":0,""improvements"":0,""insertions"":0,""insertion_rate"":0.0},""Morphology"":{""attempts"":307,""discoveries"":0,""improvements"":4,""insertions"":4,""insertion_rate"":0.013029315960912053},""Novelty"":{""attempts"":248,""discoveries"":0,""improvements"":0,""insertions"":0,""insertion_rate"":0.0}}","{""Morphology"":204,""Novelty"":27}",0,0.8850574712643678,false,153000
42,176,177000,6.566735332999998,0.032429981999999996,0.028035775,0.002266561,0.002127646,7.675220004,155.12279,52.64212,9300.287573575974,185,0.9635417,28,2.6482098596162853,91,0.4918918918918919,"{""10"":2,""11"":1,""12"":6,""13"":2,""3"":91,""4"":55,""5"":2,""6"":12,""7"":5,""8"":6,""9"":3}","{""10"":7,""11"":3,""12"":4,""13"":1,""15"":1,""19"":1,""21"":2,""23"":1,""24"":4,""25"":1,""29"":1,""3"":91,""4"":54,""5"":1,""6"":9,""8"":1,""9"":3}",69,3.4685399809891044,415,0.415,"{""10"":5,""11"":1,""12"":8,""13"":4,""14"":2,""3"":415,""4"":376,""5"":119,""6"":21,""7"":19,""8"":21,""9"":9}","{""10"":24,""11"":4,""12"":9,""13"":4,""14"":1,""15"":4,""16"":1,""18"":1,""19"":2,""21"":4,""24"":4,""25"":2,""27"":1,""29"":3,""3"":415,""4"":279,""5"":142,""6"":77,""7"":12,""8"":6,""9"":5}","{""Diagonal CMA-ES"":{""attempts"":287,""discoveries"":0,""improvements"":0,""insertions"":0,""insertion_rate"":0.0},""Immigrant"":{""attempts"":158,""discoveries"":0,""improvements"":0,""insertions"":0,""insertion_rate"":0.0},""Morphology"":{""attempts"":322,""discoveries"":0,""improvements"":5,""insertions"":5,""insertion_rate"":0.015527950310559006},""Novelty"":{""attempts"":233,""discoveries"":0,""improvements"":1,""insertions"":1,""insertion_rate"":0.004291845493562232}}","{""Morphology"":221,""Novelty"":37}",1,0.8850574712643678,false,154000
42,177,178000,6.601418815999998,0.034683483,0.028704227,0.002956383,0.003022873,7.715258221,155.12279,52.783154,9343.111981153488,185,0.9635417,28,2.6482098596162857,91,0.4918918918918919,"{""10"":2,""11"":1,""12"":6,""13"":2,""3"":91,""4"":55,""5"":2,""6"":12,""7"":5,""8"":6,""9"":3}","{""10"":7,""11"":3,""12"":4,""13"":1,""15"":1,""19"":1,""21"":2,""23"":1,""24"":4,""25"":1,""29"":1,""3"":91,""4"":54,""5"":1,""6"":9,""8"":1,""9"":3}",65,3.440447791878702,424,0.424,"{""10"":9,""11"":1,""12"":15,""13"":9,""3"":424,""4"":358,""5"":114,""6"":24,""7"":22,""8"":18,""9"":6}","{""10"":15,""11"":6,""12"":13,""13"":6,""14"":1,""15"":5,""19"":3,""21"":7,""22"":1,""23"":1,""24"":7,""25"":3,""26"":1,""29"":5,""3"":424,""4"":270,""5"":129,""6"":78,""7"":10,""8"":6,""9"":9}","{""Diagonal CMA-ES"":{""attempts"":303,""discoveries"":0,""improvements"":0,""insertions"":0,""insertion_rate"":0.0},""Immigrant"":{""attempts"":143,""discoveries"":0,""improvements"":0,""insertions"":0,""insertion_rate"":0.0},""Morphology"":{""attempts"":303,""discoveries"":0,""improvements"":6,""insertions"":6,""insertion_rate"":0.019801980198019802},""Novelty"":{""attempts"":251,""discoveries"":0,""improvements"":0,""insertions"":0,""insertion_rate"":0.0}}","{""Morphology"":206,""Novelty"":30}",0,0.8850574712643678,false,155000
42,178,179000,6.639099048999998,0.037680233,0.030974349,0.002655995,0.004049889,7.757731595,155.12279,52.783154,9349.036619901657,185,0.9635417,28,2.6482098596162853,91,0.4918918918918919,"{""10"":2,""11"":1,""12"":6,""13"":2,""3"":91,""4"":55,""5"":2,""6"":12,""7"":5,""8"":6,""9"":3}","{""10"":7,""11"":3,""12"":4,""13"":1,""15"":1,""19"":1,""21"":2,""23"":1,""24"":4,""25"":1,""29"":1,""3"":91,""4"":54,""5"":1,""6"":9,""8"":1,""9"":3}",59,3.264483616363017,449,0.449,"{""10"":3,""11"":1,""12"":6,""13"":5,""3"":449,""4"":351,""5"":123,""6"":26,""7"":17,""8"":13,""9"":6}","{""10"":13,""11"":7,""12"":10,""13"":2,""15"":1,""16"":1,""18"":1,""19"":2,""21"":2,""24"":4,""25"":3,""29"":2,""3"":449,""4"":249,""5"":168,""6"":71,""7"":6,""8"":3,""9"":6}","{""Diagonal CMA-ES"":{""attempts"":292,""discoveries"":0,""improvements"":0,""insertions"":0,""insertion_rate"":0.0},""Immigrant"":{""attempts"":163,""discoveries"":0,""improvements"":0,""insertions"":0,""insertion_rate"":0.0},""Morphology"":{""attempts"":307,""discoveries"":0,""improvements"":4,""insertions"":4,""insertion_rate"":0.013029315960912053},""Novelty"":{""attempts"":238,""discoveries"":0,""improvements"":0,""insertions"":0,""insertion_rate"":0.0}}","{""Morphology"":205,""Novelty"":27}",0,0.8850574712643678,false,156000
42,179,180000,6.670714542999998,0.031615494,0.027767445,0.001664599,0.00218345,7.792930366,155.12279,53.040672,9368.840988874435,185,0.9635417,28,2.6247031178610047,92,0.4972972972972973,"{""10"":2,""11"":1,""12"":6,""13"":2,""3"":92,""4"":54,""5"":2,""6"":12,""7"":5,""8"":6,""9"":3}","{""10"":7,""11"":3,""12"":4,""13"":1,""15"":1,""19"":1,""21"":2,""23"":1,""24"":4,""25"":1,""29"":1,""3"":92,""4"":53,""5"":1,""6"":9,""8"":1,""9"":3}",56,3.9114411355163394,327,0.327,"{""10"":12,""11"":2,""12"":20,""13"":16,""3"":327,""4"":384,""5"":115,""6"":51,""7"":28,""8"":44,""9"":1}","{""10"":37,""12"":27,""13"":9,""15"":5,""16"":1,""18"":1,""19"":7,""21"":7,""24"":15,""25"":7,""29"":6,""3"":327,""30"":1,""4"":275,""5"":154,""6"":86,""7"":10,""8"":3,""9"":22}","{""Diagonal CMA-ES"":{""attempts"":307,""discoveries"":0,""improvements"":0,""insertions"":0,""insertion_rate"":0.0},""Immigrant"":{""attempts"":145,""discoveries"":0,""improvements"":0,""insertions"":0,""insertion_rate"":0.0},""Morphology"":{""attempts"":297,""discoveries"":0,""improvements"":3,""insertions"":3,""insertion_rate"":0.010101010101010102},""Novelty"":{""attempts"":251,""discoveries"":0,""improvements"":1,""insertions"":1,""insertion_rate"":0.00398406374501992}}","{""Morphology"":211,""Novelty"":26}",0,0.8857142857142857,false,157000
42,180,181000,6.705040646999998,0.034326104,0.027239095,0.003268644,0.003818365,7.832277573,155.12279,53.040672,9375.443924665451,185,0.9635417,28,2.6247031178610043,92,0.4972972972972973,"{""10"":2,""11"":1,""12"":6,""13"":2,""3"":92,""4"":54,""5"":2,""6"":12,""7"":5,""8"":6,""9"":3}","{""10"":7,""11"":3,""12"":4,""13"":1,""15"":1,""19"":1,""21"":2,""23"":1,""24"":4,""25"":1,""29"":1,""3"":92,""4"":53,""5"":1,""6"":9,""8"":1,""9"":3}",57,3.8762705777895947,292,0.292,"{""10"":14,""11"":1,""12"":20,""13"":12,""14"":2,""3"":292,""4"":430,""5"":119,""6"":43,""7"":28,""8"":35,""9"":4}","{""10"":31,""11"":1,""12"":25,""13"":9,""15"":7,""17"":1,""19"":7,""21"":7,""24"":12,""25"":6,""26"":1,""29"":7,""3"":292,""30"":1,""4"":324,""5"":147,""6"":95,""7"":9,""8"":1,""9"":17}","{""Diagonal CMA-ES"":{""attempts"":285,""discoveries"":0,""improvements"":0,""insertions"":0,""insertion_rate"":0.0},""Immigrant"":{""attempts"":165,""discoveries"":0,""improvements"":0,""insertions"":0,""insertion_rate"":0.0},""Morphology"":{""attempts"":291,""discoveries"":0,""improvements"":3,""insertions"":3,""insertion_rate"":0.010309278350515464},""Novelty"":{""attempts"":259,""discoveries"":0,""improvements"":0,""insertions"":0,""insertion_rate"":0.0}}","{""Morphology"":198,""Novelty"":36}",0,0.8857142857142857,false,158000
42,181,182000,6.742564156999998,0.037523509999999996,0.030136113,0.003519165,0.003868232,7.875769653,155.12279,53.040672,9393.466444730759,185,0.9635417,28,2.6247031178610047,92,0.4972972972972973,"{""10"":2,""11"":1,""12"":6,""13"":2,""3"":92,""4"":54,""5"":2,""6"":12,""7"":5,""8"":6,""9"":3}","{""10"":7,""11"":3,""12"":4,""13"":1,""15"":1,""19"":1,""21"":2,""23"":1,""24"":4,""25"":1,""29"":1,""3"":92,""4"":53,""5"":1,""6"":9,""8"":1,""9"":3}",61,3.9729827771528314,305,0.305,"{""10"":14,""11"":1,""12"":18,""13"":17,""3"":305,""4"":395,""5"":114,""6"":54,""7"":33,""8"":41,""9"":8}","{""10"":39,""11"":8,""12"":29,""13"":6,""15"":9,""16"":1,""19"":6,""21"":6,""22"":1,""23"":1,""24"":12,""25"":7,""26"":1,""29"":8,""3"":305,""4"":290,""5"":145,""6"":97,""7"":10,""8"":1,""9"":18}","{""Diagonal CMA-ES"":{""attempts"":311,""discoveries"":0,""improvements"":0,""insertions"":0,""insertion_rate"":0.0},""Immigrant"":{""attempts"":136,""discoveries"":0,""improvements"":0,""insertions"":0,""insertion_rate"":0.0},""Morphology"":{""attempts"":315,""discoveries"":0,""improvements"":4,""insertions"":4,""insertion_rate"":0.012698412698412698},""Novelty"":{""attempts"":238,""discoveries"":0,""improvements"":0,""insertions"":0,""insertion_rate"":0.0}}","{""Morphology"":205,""Novelty"":29}",0,0.8857142857142857,false,159000
42,182,183000,6.787725583999998,0.045161427000000004,0.037712291,0.003662828,0.003786308,7.925364468,155.12279,53.040672,9394.842501401901,185,0.9635417,28,2.6247031178610043,92,0.4972972972972973,"{""10"":2,""11"":1,""12"":6,""13"":2,""3"":92,""4"":54,""5"":2,""6"":12,""7"":5,""8"":6,""9"":3}","{""10"":7,""11"":3,""12"":4,""13"":1,""15"":1,""19"":1,""21"":2,""23"":1,""24"":4,""25"":1,""29"":1,""3"":92,""4"":53,""5"":1,""6"":9,""8"":1,""9"":3}",56,3.620133931314095,240,0.24,"{""10"":12,""12"":15,""13"":10,""3"":240,""4"":533,""5"":110,""6"":29,""7"":22,""8"":26,""9"":3}","{""10"":23,""12"":16,""13"":7,""15"":8,""18"":1,""19"":5,""21"":5,""24"":10,""25"":5,""29"":5,""3"":240,""4"":431,""5"":160,""6"":62,""7"":9,""8"":3,""9"":10}","{""Diagonal CMA-ES"":{""attempts"":305,""discoveries"":0,""improvements"":0,""insertions"":0,""insertion_rate"":0.0},""Immigrant"":{""attempts"":143,""discoveries"":0,""improvements"":0,""insertions"":0,""insertion_rate"":0.0},""Morphology"":{""attempts"":309,""discoveries"":0,""improvements"":2,""insertions"":2,""insertion_rate"":0.006472491909385114},""Novelty"":{""attempts"":243,""discoveries"":0,""improvements"":0,""insertions"":0,""insertion_rate"":0.0}}","{""Morphology"":215,""Novelty"":27}",0,0.8857142857142857,false,160000
42,183,184000,6.823698476999998,0.035972893000000006,0.028920316,0.003151101,0.003901476,7.96716108,155.12279,53.040672,9414.120623350143,185,0.9635417,28,2.6247031178610047,92,0.4972972972972973,"{""10"":2,""11"":1,""12"":6,""13"":2,""3"":92,""4"":54,""5"":2,""6"":12,""7"":5,""8"":6,""9"":3}","{""10"":7,""11"":3,""12"":4,""13"":1,""15"":1,""19"":1,""21"":2,""23"":1,""24"":4,""25"":1,""29"":1,""3"":92,""4"":53,""5"":1,""6"":9,""8"":1,""9"":3}",58,3.813438837171914,344,0.344,"{""10"":13,""12"":18,""13"":12,""3"":344,""4"":386,""5"":108,""6"":45,""7"":30,""8"":41,""9"":3}","{""10"":32,""11"":4,""12"":26,""13"":8,""15"":7,""19"":6,""21"":6,""24"":12,""25"":6,""29"":6,""3"":344,""4"":278,""5"":155,""6"":77,""7"":13,""8"":1,""9"":19}","{""Diagonal CMA-ES"":{""attempts"":284,""discoveries"":0,""improvements"":0,""insertions"":0,""insertion_rate"":0.0},""Immigrant"":{""attempts"":160,""discoveries"":0,""improvements"":0,""insertions"":0,""insertion_rate"":0.0},""Morphology"":{""attempts"":306,""discoveries"":0,""improvements"":2,""insertions"":2,""insertion_rate"":0.006535947712418301},""Novelty"":{""attempts"":250,""discoveries"":0,""improvements"":0,""insertions"":0,""insertion_rate"":0.0}}","{""Morphology"":209,""Novelty"":25}",0,0.8857142857142857,false,161000
42,184,185000,6.860360005999998,0.036661529,0.029027173,0.002860212,0.004774144,8.00934594,155.12279,53.040672,9431.791224241257,185,0.9635417,28,2.619170097147413,93,0.5027027027027027,"{""10"":2,""11"":1,""12"":6,""13"":2,""3"":93,""4"":53,""5"":2,""6"":12,""7"":5,""8"":6,""9"":3}","{""10"":7,""11"":3,""12"":4,""13"":1,""15"":1,""19"":1,""21"":2,""23"":1,""24"":4,""25"":1,""29"":1,""3"":93,""4"":52,""5"":1,""6"":9,""8"":1,""9"":3}",51,3.8705595287838688,319,0.319,"{""10"":14,""12"":21,""13"":7,""3"":319,""4"":406,""5"":98,""6"":61,""7"":31,""8"":42,""9"":1}","{""10"":34,""11"":2,""12"":25,""13"":8,""15"":8,""19"":7,""21"":7,""24"":7,""25"":7,""29"":7,""3"":319,""4"":296,""5"":153,""6"":88,""7"":9,""8"":2,""9"":21}","{""Diagonal CMA-ES"":{""attempts"":307,""discoveries"":0,""improvements"":0,""insertions"":0,""insertion_rate"":0.0},""Immigrant"":{""attempts"":149,""discoveries"":0,""improvements"":0,""insertions"":0,""insertion_rate"":0.0},""Morphology"":{""attempts"":316,""discoveries"":0,""improvements"":2,""insertions"":2,""insertion_rate"":0.006329113924050633},""Novelty"":{""attempts"":228,""discoveries"":0,""improvements"":1,""insertions"":1,""insertion_rate"":0.0043859649122807015}}","{""Morphology"":218,""Novelty"":26}",0,0.8857142857142857,false,162000
42,185,186000,6.8963412099999974,0.035981203999999996,0.028839579,0.003139228,0.004002397,8.051638844,155.12279,53.040672,9450.291083097458,185,0.9635417,28,2.619170097147412,93,0.5027027027027027,"{""10"":2,""11"":1,""12"":6,""13"":2,""3"":93,""4"":53,""5"":2,""6"":12,""7"":5,""8"":6,""9"":3}","{""10"":7,""11"":3,""12"":4,""13"":1,""15"":1,""19"":1,""21"":2,""23"":1,""24"":4,""25"":1,""29"":1,""3"":93,""4"":52,""5"":1,""6"":9,""8"":1,""9"":3}",56,3.768835527847464,349,0.349,"{""10"":18,""11"":1,""12"":20,""13"":8,""3"":349,""4"":371,""5"":109,""6"":52,""7"":29,""8"":40,""9"":3}","{""10"":35,""11"":2,""12"":31,""13"":8,""14"":2,""15"":6,""16"":1,""19"":7,""21"":6,""24"":8,""25"":7,""29"":7,""3"":349,""4"":278,""5"":143,""6"":82,""7"":7,""8"":2,""9"":19}","{""Diagonal CMA-ES"":{""attempts"":292,""discoveries"":0,""improvements"":0,""insertions"":0,""insertion_rate"":0.0},""Immigrant"":{""attempts"":154,""discoveries"":0,""improvements"":0,""insertions"":0,""insertion_rate"":0.0},""Morphology"":{""attempts"":305,""discoveries"":0,""improvements"":2,""insertions"":2,""insertion_rate"":0.006557377049180328},""Novelty"":{""attempts"":249,""discoveries"":0,""improvements"":1,""insertions"":1,""insertion_rate"":0.004016064257028112}}","{""Morphology"":196,""Novelty"":25}",0,0.8857142857142857,false,163000
42,186,187000,6.936666754999997,0.040325545,0.033481932,0.002969444,0.003874169,8.097889027,155.12279,53.040672,9456.632522046566,185,0.9635417,28,2.5954947341732817,94,0.5081081081081081,"{""10"":2,""11"":1,""12"":6,""13"":2,""3"":94,""4"":53,""5"":2,""6"":11,""7"":5,""8"":6,""9"":3}","{""10"":7,""11"":3,""12"":4,""13"":1,""15"":1,""19"":1,""21"":2,""23"":1,""24"":4,""25"":1,""29"":1,""3"":94,""4"":52,""5"":1,""6"":8,""8"":1,""9"":3}",66,3.948517733981284,322,0.322,"{""10"":13,""12"":19,""13"":11,""14"":1,""3"":322,""4"":399,""5"":116,""6"":45,""7"":29,""8"":40,""9"":5}","{""10"":34,""11"":4,""12"":23,""13"":8,""14"":1,""15"":6,""16"":1,""18"":1,""19"":7,""21"":7,""24"":6,""25"":8,""28"":1,""29"":7,""3"":322,""31"":1,""32"":1,""4"":290,""5"":158,""6"":80,""7"":12,""8"":4,""9"":18}","{""Diagonal CMA-ES"":{""attempts"":289,""discoveries"":0,""improvements"":1,""insertions"":1,""insertion_rate"":0.0034602076124567475},""Immigrant"":{""attempts"":158,""discoveries"":0,""improvements"":0,""insertions"":0,""insertion_rate"":0.0},""Morphology"":{""attempts"":305,""discoveries"":0,""improvements"":2,""insertions"":2,""insertion_rate"":0.006557377049180328},""Novelty"":{""attempts"":248,""discoveries"":0,""improvements"":0,""insertions"":0,""insertion_rate"":0.0}}","{""Morphology"":216,""Novelty"":33}",0,0.8857142857142857,false,164000
42,187,188000,6.9710973419999975,0.034430587,0.02816994,0.003110733,0.003149914,8.137791892,155.12279,53.040672,9458.401996076107,185,0.9635417,28,2.6220806699289265,94,0.5081081081081081,"{""10"":2,""11"":1,""12"":6,""13"":2,""3"":94,""4"":52,""5"":3,""6"":11,""7"":5,""8"":6,""9"":3}","{""10"":7,""11"":3,""12"":4,""13"":1,""15"":1,""19"":1,""21"":2,""23"":1,""24"":4,""25"":1,""29"":1,""3"":94,""4"":51,""5"":1,""6"":9,""8"":1,""9"":3}",67,3.499886834573056,427,0.427,"{""10"":7,""11"":38,""12"":15,""13"":2,""14"":1,""3"":427,""4"":316,""5"":92,""6"":64,""7"":20,""8"":16,""9"":2}","{""10"":16,""11"":3,""12"":9,""13"":5,""15"":4,""19"":2,""21"":2,""23"":38,""24"":8,""25"":1,""26"":1,""27"":2,""28"":2,""29"":2,""3"":427,""4"":233,""5"":117,""6"":102,""7"":12,""8"":6,""9"":8}","{""Diagonal CMA-ES"":{""attempts"":299,""discoveries"":0,""improvements"":0,""insertions"":0,""insertion_rate"":0.0},""Immigrant"":{""attempts"":136,""discoveries"":0,""improvements"":0,""insertions"":0,""insertion_rate"":0.0},""Morphology"":{""attempts"":283,""discoveries"":0,""improvements"":1,""insertions"":1,""insertion_rate"":0.0035335689045936395},""Novelty"":{""attempts"":282,""discoveries"":0,""improvements"":0,""insertions"":0,""insertion_rate"":0.0}}","{""Morphology"":191,""Novelty"":31}",0,0.8857142857142857,false,165000
42,188,189000,7.006559692999997,0.035462351,0.028875198,0.003295951,0.003291202,8.178730084,155.12279,53.040672,9469.473914563656,185,0.9635417,27,2.578810774070861,95,0.5135135135135135,"{""10"":2,""11"":1,""12"":6,""13"":2,""3"":95,""4"":52,""5"":3,""6"":11,""7"":4,""8"":6,""9"":3}","{""10"":7,""11"":3,""12"":4,""13"":1,""15"":1,""19"":1,""21"":2,""23"":1,""24"":4,""25"":1,""29"":1,""3"":95,""4"":51,""5"":1,""6"":9,""9"":3}",57,3.2585070595094106,464,0.464,"{""10"":8,""12"":10,""13"":3,""14"":1,""3"":464,""4"":350,""5"":98,""6"":25,""7"":17,""8"":17,""9"":7}","{""10"":16,""11"":6,""12"":16,""13"":4,""15"":3,""19"":3,""21"":3,""24"":4,""25"":3,""29"":3,""3"":464,""31"":1,""4"":247,""5"":144,""6"":61,""7"":8,""8"":4,""9"":10}","{""Diagonal CMA-ES"":{""attempts"":319,""discoveries"":0,""improvements"":0,""insertions"":0,""insertion_rate"":0.0},""Immigrant"":{""attempts"":149,""discoveries"":0,""improvements"":0,""insertions"":0,""insertion_rate"":0.0},""Morphology"":{""attempts"":290,""discoveries"":0,""improvements"":2,""insertions"":2,""insertion_rate"":0.006896551724137931},""Novelty"":{""attempts"":242,""discoveries"":0,""improvements"":0,""insertions"":0,""insertion_rate"":0.0}}","{""Morphology"":180,""Novelty"":27}",0,0.8857142857142857,false,166000
42,189,190000,7.0400701199999975,0.033510426999999995,0.02996633,0.001602858,0.001941239,8.21647087,155.12279,53.040672,9475.985574185848,185,0.9635417,27,2.578810774070861,95,0.5135135135135135,"{""10"":2,""11"":1,""12"":6,""13"":2,""3"":95,""4"":52,""5"":3,""6"":11,""7"":4,""8"":6,""9"":3}","{""10"":7,""11"":3,""12"":4,""13"":1,""15"":1,""19"":1,""21"":2,""23"":1,""24"":4,""25"":1,""29"":1,""3"":95,""4"":51,""5"":1,""6"":9,""9"":3}",59,3.2551277041225335,443,0.443,"{""10"":4,""11"":47,""12"":10,""13"":3,""3"":443,""4"":373,""5"":78,""6"":15,""7"":11,""8"":13,""9"":3}","{""10"":10,""11"":5,""12"":9,""13"":4,""15"":2,""16"":1,""19"":1,""20"":1,""21"":2,""23"":45,""24"":5,""25"":2,""27"":1,""28"":1,""29"":2,""3"":443,""4"":247,""5"":154,""6"":52,""7"":7,""8"":1,""9"":5}","{""Diagonal CMA-ES"":{""attempts"":298,""discoveries"":0,""improvements"":0,""insertions"":0,""insertion_rate"":0.0},""Immigrant"":{""attempts"":144,""discoveries"":0,""improvements"":0,""insertions"":0,""insertion_rate"":0.0},""Morphology"":{""attempts"":320,""discoveries"":0,""improvements"":3,""insertions"":3,""insertion_rate"":0.009375},""Novelty"":{""attempts"":238,""discoveries"":0,""improvements"":0,""insertions"":0,""insertion_rate"":0.0}}","{""Morphology"":225,""Novelty"":30}",0,0.8857142857142857,false,167000
42,190,191000,7.075302135999998,0.035232016,0.030609847,0.001741773,0.002880396,8.254679454,155.12279,53.040672,9484.701707303524,185,0.9635417,27,2.578810774070861,95,0.5135135135135135,"{""10"":2,""11"":1,""12"":6,""13"":2,""3"":95,""4"":52,""5"":3,""6"":11,""7"":4,""8"":6,""9"":3}","{""10"":7,""11"":3,""12"":4,""13"":1,""15"":1,""19"":1,""21"":2,""23"":1,""24"":4,""25"":1,""29"":1,""3"":95,""4"":51,""5"":1,""6"":9,""9"":3}",63,3.2341093808397847,478,0.478,"{""10"":6,""12"":8,""13"":3,""3"":478,""4"":314,""5"":141,""6"":20,""7"":13,""8"":14,""9"":3}","{""10"":12,""11"":5,""12"":9,""13"":4,""14"":1,""15"":1,""18"":1,""19"":2,""21"":2,""24"":3,""25"":3,""29"":3,""3"":478,""4"":216,""5"":140,""6"":95,""7"":12,""8"":4,""9"":9}","{""Diagonal CMA-ES"":{""attempts"":314,""discoveries"":0,""improvements"":0,""insertions"":0,""insertion_rate"":0.0},""Immigrant"":{""attempts"":155,""discoveries"":0,""improvements"":0,""insertions"":0,""insertion_rate"":0.0},""Morphology"":{""attempts"":274,""discoveries"":0,""improvements"":1,""insertions"":1,""insertion_rate"":0.0036496350364963502},""Novelty"":{""attempts"":257,""discoveries"":0,""improvements"":1,""insertions"":1,""insertion_rate"":0.0038910505836575876}}","{""Morphology"":184,""Novelty"":29}",0,0.8857142857142857,false,168000
42,191,192000,7.113374179999997,0.038072044,0.031227244,0.002914828,0.003929972,8.298869667,155.12279,52.64212,9557.201562583447,187,0.9739583,27,2.55924545104141,98,0.5240641711229946,"{""10"":2,""11"":1,""12"":6,""13"":2,""3"":98,""4"":50,""5"":3,""6"":11,""7"":4,""8"":7,""9"":3}","{""10"":7,""11"":3,""12"":4,""13"":2,""15"":1,""19"":1,""21"":2,""23"":1,""24"":4,""25"":1,""29"":1,""3"":98,""4"":49,""5"":1,""6"":9,""9"":3}",60,3.3518792749987973,449,0.449,"{""10"":9,""12"":12,""13"":4,""3"":449,""4"":351,""5"":103,""6"":29,""7"":19,""8"":21,""9"":3}","{""10"":20,""11"":4,""12"":12,""13"":7,""15"":5,""19"":4,""21"":3,""22"":1,""24"":6,""25"":3,""29"":3,""3"":449,""4"":257,""5"":134,""6"":67,""7"":15,""8"":1,""9"":9}","{""Diagonal CMA-ES"":{""attempts"":320,""discoveries"":1,""improvements"":1,""insertions"":2,""insertion_rate"":0.00625},""Immigrant"":{""attempts"":140,""discoveries"":0,""improvements"":0,""insertions"":0,""insertion_rate"":0.0},""Morphology"":{""attempts"":283,""discoveries"":0,""improvements"":2,""insertions"":2,""insertion_rate"":0.007067137809187279},""Novelty"":{""attempts"":257,""discoveries"":1,""improvements"":1,""insertions"":2,""insertion_rate"":0.007782101167315175}}","{""Morphology"":189,""Novelty"":31}",0,0.8857142857142857,false,169000
42,192,193000,7.144360401999998,0.030986222,0.024700642,0.002867336,0.003418244,8.335543069,155.12279,52.64212,9561.112588584423,187,0.9739583,27,2.5592454510414107,98,0.5240641711229946,"{""10"":2,""11"":1,""12"":6,""13"":2,""3"":98,""4"":50,""5"":3,""6"":11,""7"":4,""8"":7,""9"":3}","{""10"":7,""11"":3,""12"":4,""13"":2,""15"":1,""19"":1,""21"":2,""23"":1,""24"":4,""25"":1,""29"":1,""3"":98,""4"":49,""5"":1,""6"":9,""9"":3}",48,3.0603505395052517,454,0.454,"{""10"":1,""12"":1,""3"":454,""4"":321,""5"":81,""6"":10,""7"":4,""8"":114,""9"":14}","{""10"":9,""11"":3,""12"":1,""13"":115,""14"":7,""15"":3,""16"":1,""19"":1,""24"":1,""3"":454,""4"":216,""5"":141,""6"":35,""7"":8,""8"":5}","{""Diagonal CMA-ES"":{""attempts"":294,""discoveries"":0,""improvements"":0,""insertions"":0,""insertion_rate"":0.0},""Immigrant"":{""attempts"":142,""discoveries"":0,""improvements"":0,""insertions"":0,""insertion_rate"":0.0},""Morphology"":{""attempts"":312,""discoveries"":0,""improvements"":1,""insertions"":1,""insertion_rate"":0.003205128205128205},""Novelty"":{""attempts"":252,""discoveries"":0,""improvements"":0,""insertions"":0,""insertion_rate"":0.0}}","{""Morphology"":219,""Novelty"":27}",0,0.8857142857142857,false,170000
42,193,194000,7.179160239999997,0.034799838,0.027962163,0.002711799,0.004125876,8.375195412,155.12279,52.64212,9567.305010885,187,0.9739583,27,2.500687443381295,99,0.5294117647058824,"{""10"":2,""11"":1,""12"":6,""13"":2,""3"":99,""4"":50,""5"":3,""6"":11,""7"":4,""8"":6,""9"":3}","{""10"":7,""11"":3,""12"":4,""13"":2,""15"":1,""19"":1,""21"":2,""23"":1,""24"":4,""25"":1,""29"":1,""3"":99,""4"":49,""5"":1,""6"":9,""9"":2}",49,3.0974247145849616,466,0.466,"{""13"":2,""3"":466,""4"":308,""5"":90,""6"":4,""7"":3,""8"":103,""9"":24}","{""10"":3,""11"":3,""12"":1,""13"":103,""14"":16,""15"":5,""16"":2,""26"":1,""29"":1,""3"":466,""4"":190,""5"":162,""6"":36,""7"":9,""8"":2}","{""Diagonal CMA-ES"":{""attempts"":255,""discoveries"":0,""improvements"":1,""insertions"":1,""insertion_rate"":0.00392156862745098},""Immigrant"":{""attempts"":158,""discoveries"":0,""improvements"":0,""insertions"":0,""insertion_rate"":0.0},""Morphology"":{""attempts"":335,""discoveries"":0,""improvements"":2,""insertions"":2,""insertion_rate"":0.005970149253731343},""Novelty"":{""attempts"":252,""discoveries"":0,""improvements"":0,""insertions"":0,""insertion_rate"":0.0}}","{""Morphology"":227,""Novelty"":33}",0,0.8857142857142857,false,171000
42,194,195000,7.213698870999997,0.034538631,0.028445394,0.003044244,0.003048993,8.4151054,155.12279,52.111683,9576.14080747962,188,0.9791667,27,2.520569704928437,99,0.526595744680851,"{""10"":2,""11"":1,""12"":6,""13"":2,""3"":99,""4"":50,""5"":3,""6"":11,""7"":4,""8"":7,""9"":3}","{""10"":7,""11"":3,""12"":4,""13"":3,""15"":1,""19"":1,""21"":2,""23"":1,""24"":4,""25"":1,""29"":1,""3"":99,""4"":49,""5"":1,""6"":9,""9"":2}",42,2.85082223103385,505,0.505,"{""13"":2,""3"":505,""4"":273,""5"":72,""6"":11,""7"":5,""8"":121,""9"":11}","{""10"":9,""11"":3,""13"":122,""14"":3,""15"":6,""16"":1,""19"":1,""22"":1,""28"":1,""3"":505,""4"":177,""5"":135,""6"":32,""7"":4}","{""Diagonal CMA-ES"":{""attempts"":306,""discoveries"":0,""improvements"":0,""insertions"":0,""insertion_rate"":0.0},""Immigrant"":{""attempts"":124,""discoveries"":0,""improvements"":0,""insertions"":0,""insertion_rate"":0.0},""Morphology"":{""attempts"":312,""discoveries"":0,""improvements"":3,""insertions"":3,""insertion_rate"":0.009615384615384616},""Novelty"":{""attempts"":258,""discoveries"":1,""improvements"":0,""insertions"":1,""insertion_rate"":0.003875968992248062}}","{""Morphology"":188,""Novelty"":19}",0,0.8857142857142857,false,172000
42,195,196000,7.245296553999998,0.031597683,0.026404422,0.003237774,0.001955487,8.450382534,155.12279,52.111683,9576.14080747962,188,0.9791667,27,2.520569704928438,99,0.526595744680851,"{""10"":2,""11"":1,""12"":6,""13"":2,""3"":99,""4"":50,""5"":3,""6"":11,""7"":4,""8"":7,""9"":3}","{""10"":7,""11"":3,""12"":4,""13"":3,""15"":1,""19"":1,""21"":2,""23"":1,""24"":4,""25"":1,""29"":1,""3"":99,""4"":49,""5"":1,""6"":9,""9"":2}",45,2.9689951487389417,499,0.499,"{""10"":3,""12"":2,""3"":499,""4"":274,""5"":92,""6"":9,""7"":3,""8"":103,""9"":15}","{""10"":6,""11"":1,""12"":3,""13"":103,""14"":9,""15"":3,""16"":4,""19"":1,""24"":2,""3"":499,""4"":182,""5"":132,""6"":49,""7"":6}","{""Diagonal CMA-ES"":{""attempts"":313,""discoveries"":0,""improvements"":0,""insertions"":0,""insertion_rate"":0.0},""Immigrant"":{""attempts"":179,""discoveries"":0,""improvements"":0,""insertions"":0,""insertion_rate"":0.0},""Morphology"":{""attempts"":272,""discoveries"":0,""improvements"":0,""insertions"":0,""insertion_rate"":0.0},""Novelty"":{""attempts"":236,""discoveries"":0,""improvements"":0,""insertions"":0,""insertion_rate"":0.0}}","{""Morphology"":174,""Novelty"":34}",0,0.8857142857142857,false,173000
42,196,197000,7.2774285219999975,0.032131968000000004,0.027191603,0.001823696,0.003116669,8.487191287,155.12279,52.111683,9580.462237685919,188,0.9791667,27,2.520569704928437,99,0.526595744680851,"{""10"":2,""11"":1,""12"":6,""13"":2,""3"":99,""4"":50,""5"":3,""6"":11,""7"":4,""8"":7,""9"":3}","{""10"":7,""11"":3,""12"":4,""13"":3,""15"":1,""19"":1,""21"":2,""23"":1,""24"":4,""25"":1,""29"":1,""3"":99,""4"":49,""5"":1,""6"":9,""9"":2}",48,2.962570739397745,494,0.494,"{""11"":1,""12"":5,""3"":494,""4"":276,""5"":82,""6"":13,""7"":7,""8"":111,""9"":11}","{""10"":12,""11"":2,""12"":3,""13"":111,""14"":6,""15"":4,""16"":1,""19"":1,""23"":1,""24"":5,""3"":494,""4"":179,""5"":137,""6"":35,""7"":7,""8"":2}","{""Diagonal CMA-ES"":{""attempts"":299,""discoveries"":0,""improvements"":0,""insertions"":0,""insertion_rate"":0.0},""Immigrant"":{""attempts"":158,""discoveries"":0,""improvements"":0,""insertions"":0,""insertion_rate"":0.0},""Morphology"":{""attempts"":303,""discoveries"":0,""improvements"":3,""insertions"":3,""insertion_rate"":0.009900990099009901},""Novelty"":{""attempts"":240,""discoveries"":0,""improvements"":0,""insertions"":0,""insertion_rate"":0.0}}","{""Morphology"":197,""Novelty"":20}",0,0.8857142857142857,false,174000
42,197,198000,7.311323634999997,0.033895113,0.028327851,0.001769081,0.003798181,8.526077821,155.12279,52.111683,9594.585261672735,188,0.9791667,26,2.4775946326433784,100,0.5319148936170213,"{""10"":2,""11"":1,""12"":6,""13"":2,""3"":100,""4"":50,""5"":3,""6"":11,""7"":4,""8"":6,""9"":3}","{""10"":6,""11"":3,""12"":4,""13"":3,""15"":1,""19"":1,""21"":2,""23"":1,""24"":4,""25"":1,""29"":1,""3"":100,""4"":49,""5"":1,""6"":9,""9"":2}",55,3.081595851761445,459,0.459,"{""10"":1,""12"":1,""13"":1,""3"":459,""4"":301,""5"":83,""6"":3,""7"":6,""8"":123,""9"":22}","{""10"":2,""11"":5,""13"":125,""14"":9,""15"":5,""16"":3,""19"":4,""24"":1,""29"":1,""3"":459,""4"":194,""5"":150,""6"":33,""7"":8,""8"":1}","{""Diagonal CMA-ES"":{""attempts"":297,""discoveries"":0,""improvements"":0,""insertions"":0,""insertion_rate"":0.0},""Immigrant"":{""attempts"":170,""discoveries"":0,""improvements"":0,""insertions"":0,""insertion_rate"":0.0},""Morphology"":{""attempts"":296,""discoveries"":0,""improvements"":2,""insertions"":2,""insertion_rate"":0.006756756756756757},""Novelty"":{""attempts"":237,""discoveries"":0,""improvements"":0,""insertions"":0,""insertion_rate"":0.0}}","{""Morphology"":202,""Novelty"":31}",0,0.8857142857142857,false,175000
42,198,199000,7.346257637999997,0.034934003,0.027488428,0.002628688,0.004816887,8.565865517,155.12279,52.111683,9616.025054305792,188,0.9791667,26,2.4775946326433775,100,0.5319148936170213,"{""10"":2,""11"":1,""12"":6,""13"":2,""3"":100,""4"":50,""5"":3,""6"":11,""7"":4,""8"":6,""9"":3}","{""10"":6,""11"":3,""12"":4,""13"":3,""15"":1,""19"":1,""21"":2,""23"":1,""24"":4,""25"":1,""29"":1,""3"":100,""4"":49,""5"":1,""6"":9,""9"":2}",56,3.389316620771281,321,0.321,"{""10"":2,""11"":1,""12"":3,""3"":321,""4"":294,""5"":87,""6"":7,""7"":4,""8"":242,""9"":39}","{""10"":5,""11"":2,""12"":3,""13"":241,""14"":19,""15"":11,""16"":5,""19"":5,""21"":1,""23"":1,""24"":2,""3"":321,""4"":189,""5"":142,""6"":41,""7"":11,""9"":1}","{""Diagonal CMA-ES"":{""attempts"":250,""discoveries"":0,""improvements"":0,""insertions"":0,""insertion_rate"":0.0},""Immigrant"":{""attempts"":148,""discoveries"":0,""improvements"":0,""insertions"":0,""insertion_rate"":0.0},""Morphology"":{""attempts"":323,""discoveries"":0,""improvements"":2,""insertions"":2,""insertion_rate"":0.006191950464396285},""Novelty"":{""attempts"":279,""discoveries"":0,""improvements"":0,""insertions"":0,""insertion_rate"":0.0}}","{""Morphology"":223,""Novelty"":38}",0,0.8857142857142857,false,176000
42,199,200000,7.382232904999998,0.035975267000000005,0.028167566,0.002961132,0.004846569,8.609077393,155.12279,52.111683,9616.025054305792,188,0.9791667,26,2.4775946326433775,100,0.5319148936170213,"{""10"":2,""11"":1,""12"":6,""13"":2,""3"":100,""4"":50,""5"":3,""6"":11,""7"":4,""8"":6,""9"":3}","{""10"":6,""11"":3,""12"":4,""13"":3,""15"":1,""19"":1,""21"":2,""23"":1,""24"":4,""25"":1,""29"":1,""3"":100,""4"":49,""5"":1,""6"":9,""9"":2}",59,3.404190108576627,196,0.196,"{""10"":4,""11"":6,""12"":6,""13"":3,""3"":196,""4"":274,""5"":89,""6"":16,""7"":8,""8"":377,""9"":21}","{""10"":10,""11"":4,""12"":4,""13"":373,""14"":11,""15"":5,""16"":2,""19"":6,""21"":2,""23"":6,""24"":2,""25"":3,""29"":2,""3"":196,""4"":178,""5"":140,""6"":51,""7"":1,""9"":4}","{""Diagonal CMA-ES"":{""attempts"":290,""discoveries"":0,""improvements"":0,""insertions"":0,""insertion_rate"":0.0},""Immigrant"":{""attempts"":132,""discoveries"":0,""improvements"":0,""insertions"":0,""insertion_rate"":0.0},""Morphology"":{""attempts"":309,""discoveries"":0,""improvements"":0,""insertions"":0,""insertion_rate"":0.0},""Novelty"":{""attempts"":269,""discoveries"":0,""improvements"":0,""insertions"":0,""insertion_rate"":0.0}}","{""Morphology"":202,""Novelty"":29}",0,0.8857142857142857,false,177000
42,200,201000,7.416656366999998,0.034423462,0.026869844,0.003043056,0.004510562,8.650705408,155.12279,52.111683,9680.603048056364,188,0.9791667,26,2.481609991697439,100,0.5319148936170213,"{""10"":2,""11"":1,""12"":6,""13"":2,""3"":100,""4"":51,""5"":3,""6"":11,""7"":4,""8"":5,""9"":3}","{""10"":6,""11"":3,""12"":4,""13"":2,""15"":1,""19"":1,""21"":2,""23"":1,""24"":4,""25"":1,""29"":1,""3"":100,""4"":49,""5"":2,""6"":9,""9"":2}",61,4.00815204416095,317,0.317,"{""10"":15,""11"":8,""12"":23,""13"":5,""14"":1,""3"":317,""4"":354,""5"":106,""6"":47,""7"":20,""8"":37,""9"":67}","{""10"":28,""11"":68,""12"":17,""13"":18,""15"":8,""19"":5,""21"":7,""23"":8,""24"":8,""25"":5,""26"":1,""28"":1,""29"":7,""3"":317,""4"":242,""5"":147,""6"":90,""7"":9,""8"":1,""9"":13}","{""Diagonal CMA-ES"":{""attempts"":306,""discoveries"":0,""improvements"":0,""insertions"":0,""insertion_rate"":0.0},""Immigrant"":{""attempts"":134,""discoveries"":0,""improvements"":0,""insertions"":0,""insertion_rate"":0.0},""Morphology"":{""attempts"":310,""discoveries"":0,""improvements"":4,""insertions"":4,""insertion_rate"":0.012903225806451613},""Novelty"":{""attempts"":250,""discoveries"":0,""improvements"":1,""insertions"":1,""insertion_rate"":0.004}}","{""Morphology"":221,""Novelty"":30}",0,0.8857142857142857,false,178000
42,201,202000,7.453422376999998,0.03676601,0.030435313,0.002892269,0.003438428,8.691945175,155.12279,52.111683,9694.323822587729,189,0.984375,26,2.4951363544271645,101,0.5343915343915344,"{""10"":2,""11"":1,""12"":6,""13"":2,""3"":101,""4"":50,""5"":3,""6"":11,""7"":4,""8"":6,""9"":3}","{""10"":6,""11"":3,""12"":4,""13"":3,""15"":1,""19"":1,""21"":2,""23"":1,""24"":4,""25"":1,""29"":1,""3"":101,""4"":48,""5"":2,""6"":9,""9"":2}",60,3.8023514323373653,353,0.353,"{""10"":13,""11"":9,""12"":20,""13"":9,""3"":353,""4"":382,""5"":103,""6"":44,""7"":23,""8"":35,""9"":9}","{""10"":26,""11"":7,""12"":20,""13"":16,""14"":1,""15"":6,""16"":1,""18"":1,""19"":6,""21"":8,""22"":1,""23"":7,""24"":6,""25"":8,""29"":7,""3"":353,""4"":249,""5"":175,""6"":74,""7"":11,""8"":4,""9"":13}","{""Diagonal CMA-ES"":{""attempts"":317,""discoveries"":0,""improvements"":0,""insertions"":0,""insertion_rate"":0.0},""Immigrant"":{""attempts"":156,""discoveries"":0,""improvements"":0,""insertions"":0,""insertion_rate"":0.0},""Morphology"":{""attempts"":270,""discoveries"":0,""improvements"":1,""insertions"":1,""insertion_rate"":0.003703703703703704},""Novelty"":{""attempts"":257,""discoveries"":1,""improvements"":1,""insertions"":2,""insertion_rate"":0.007782101167315175}}","{""Morphology"":173,""Novelty"":30}",0,0.8857142857142857,false,179000
42,202,203000,7.490178889999998,0.036756513,0.030906673,0.003043057,0.002806783,8.733554193,155.12279,52.111683,9722.539011567831,189,0.984375,25,2.4522367506009144,102,0.5396825396825397,"{""10"":2,""11"":1,""12"":6,""13"":1,""3"":102,""4"":50,""5"":3,""6"":11,""7"":4,""8"":6,""9"":3}","{""10"":6,""11"":3,""12"":4,""13"":3,""15"":1,""19"":1,""21"":2,""23"":1,""24"":3,""25"":1,""29"":1,""3"":102,""4"":48,""5"":2,""6"":9,""9"":2}",67,3.864551955972297,310,0.31,"{""10"":10,""11"":3,""12"":13,""13"":5,""3"":310,""4"":445,""5"":121,""6"":38,""7"":21,""8"":30,""9"":4}","{""10"":22,""11"":8,""12"":12,""13"":17,""15"":6,""18"":1,""19"":5,""21"":4,""23"":3,""24"":4,""25"":5,""29"":5,""3"":310,""4"":261,""5"":238,""6"":78,""7"":6,""8"":6,""9"":9}","{""Diagonal CMA-ES"":{""attempts"":303,""discoveries"":0,""improvements"":0,""insertions"":0,""insertion_rate"":0.0},""Immigrant"":{""attempts"":154,""discoveries"":0,""improvements"":0,""insertions"":0,""insertion_rate"":0.0},""Morphology"":{""attempts"":294,""discoveries"":0,""improvements"":5,""insertions"":5,""insertion_rate"":0.017006802721088437},""Novelty"":{""attempts"":249,""discoveries"":0,""improvements"":0,""insertions"":0,""insertion_rate"":0.0}}","{""Morphology"":181,""Novelty"":34}",0,0.8857142857142857,false,180000
42,203,204000,7.535797427999999,0.045618538,0.037365598,0.003196218,0.005056722,8.787455354,155.12279,52.111683,9733.664205491543,189,0.984375,24,2.441654740018904,102,0.5396825396825397,"{""10"":2,""11"":1,""12"":6,""13"":1,""3"":102,""4"":49,""5"":4,""6"":11,""7"":5,""8"":5,""9"":3}","{""10"":5,""11"":3,""12"":5,""13"":3,""15"":1,""19"":1,""21"":2,""23"":1,""24"":3,""25"":1,""29"":1,""3"":102,""4"":47,""5"":2,""6"":10,""9"":2}",74,3.9966199907696223,261,0.261,"{""10"":11,""11"":5,""12"":82,""13"":10,""3"":261,""4"":441,""5"":107,""6"":36,""7"":20,""8"":19,""9"":8}","{""10"":20,""11"":7,""12"":14,""13"":7,""14"":1,""15"":7,""18"":1,""19"":5,""21"":5,""23"":5,""24"":73,""25"":7,""26"":1,""29"":5,""3"":261,""34"":1,""4"":303,""5"":179,""6"":70,""7"":17,""8"":3,""9"":8}","{""Diagonal CMA-ES"":{""attempts"":265,""discoveries"":0,""improvements"":0,""insertions"":0,""insertion_rate"":0.0},""Immigrant"":{""attempts"":155,""discoveries"":0,""improvements"":0,""insertions"":0,""insertion_rate"":0.0},""Morphology"":{""attempts"":293,""discoveries"":0,""improvements"":2,""insertions"":2,""insertion_rate"":0.006825938566552901},""Novelty"":{""attempts"":287,""discoveries"":0,""improvements"":0,""insertions"":0,""insertion_rate"":0.0}}","{""Morphology"":199,""Novelty"":40}",0,0.8857142857142857,false,181000
42,204,205000,7.572707102999999,0.036909674999999996,0.030077936,0.002926701,0.003905038,8.831087536,155.12279,52.111683,9737.75910371542,189,0.984375,24,2.441654740018904,102,0.5396825396825397,"{""10"":2,""11"":1,""12"":6,""13"":1,""3"":102,""4"":49,""5"":4,""6"":11,""7"":5,""8"":5,""9"":3}","{""10"":5,""11"":3,""12"":5,""13"":3,""15"":1,""19"":1,""21"":2,""23"":1,""24"":3,""25"":1,""29"":1,""3"":102,""4"":47,""5"":2,""6"":10,""9"":2}",63,3.700876800306808,204,0.204,"{""10"":9,""11"":3,""12"":191,""13"":9,""3"":204,""4"":417,""5"":119,""6"":20,""7"":20,""8"":6,""9"":2}","{""10"":11,""11"":4,""12"":13,""13"":7,""14"":1,""15"":4,""19"":3,""21"":3,""23"":3,""24"":185,""25"":5,""26"":2,""28"":2,""29"":3,""3"":204,""4"":323,""5"":147,""6"":63,""7"":11,""8"":2,""9"":4}","{""Diagonal CMA-ES"":{""attempts"":306,""discoveries"":0,""improvements"":0,""insertions"":0,""insertion_rate"":0.0},""Immigrant"":{""attempts"":167,""discoveries"":0,""improvements"":0,""insertions"":0,""insertion_rate"":0.0},""Morphology"":{""attempts"":274,""discoveries"":0,""improvements"":1,""insertions"":1,""insertion_rate"":0.0036496350364963502},""Novelty"":{""attempts"":253,""discoveries"":0,""improvements"":0,""insertions"":0,""insertion_rate"":0.0}}","{""Morphology"":184,""Novelty"":33}",0,0.8857142857142857,false,182000
42,205,206000,7.609944472999999,0.03723737,0.030190729,0.00311192,0.003934721,8.874007336,155.12279,52.111683,9746.035119950771,189,0.984375,24,2.4416547400189037,102,0.5396825396825397,"{""10"":2,""11"":1,""12"":6,""13"":1,""3"":102,""4"":49,""5"":4,""6"":11,""7"":5,""8"":5,""9"":3}","{""10"":5,""11"":3,""12"":5,""13"":3,""15"":1,""19"":1,""21"":2,""23"":1,""24"":3,""25"":1,""29"":1,""3"":102,""4"":47,""5"":2,""6"":10,""9"":2}",59,3.883704387815375,332,0.332,"{""10"":11,""11"":7,""12"":23,""13"":11,""3"":332,""4"":383,""5"":117,""6"":56,""7"":32,""8"":22,""9"":6}","{""10"":23,""11"":7,""12"":26,""13"":10,""15"":7,""19"":5,""20"":1,""21"":6,""23"":6,""24"":11,""25"":10,""29"":6,""3"":332,""30"":1,""4"":266,""5"":157,""6"":100,""7"":9,""8"":3,""9"":14}","{""Diagonal CMA-ES"":{""attempts"":283,""discoveries"":0,""improvements"":0,""insertions"":0,""insertion_rate"":0.0},""Immigrant"":{""attempts"":155,""discoveries"":0,""improvements"":0,""insertions"":0,""insertion_rate"":0.0},""Morphology"":{""attempts"":290,""discoveries"":0,""improvements"":3,""insertions"":3,""insertion_rate"":0.010344827586206896},""Novelty"":{""attempts"":272,""discoveries"":0,""improvements"":1,""insertions"":1,""insertion_rate"":0.003676470588235294}}","{""Morphology"":195,""Novelty"":30}",0,0.8857142857142857,false,183000
42,206,207000,7.647343316999999,0.037398844,0.029435605,0.002906517,0.005056722,8.916880831,155.12279,52.111683,9747.437166154385,189,0.984375,24,2.4416547400189037,102,0.5396825396825397,"{""10"":2,""11"":1,""12"":6,""13"":1,""3"":102,""4"":49,""5"":4,""6"":11,""7"":5,""8"":5,""9"":3}","{""10"":5,""11"":3,""12"":5,""13"":3,""15"":1,""19"":1,""21"":2,""23"":1,""24"":3,""25"":1,""29"":1,""3"":102,""4"":47,""5"":2,""6"":10,""9"":2}",62,3.8617009890348393,334,0.334,"{""10"":15,""11"":8,""12"":26,""13"":9,""3"":334,""4"":393,""5"":97,""6"":51,""7"":39,""8"":20,""9"":8}","{""10"":19,""11"":11,""12"":29,""13"":9,""14"":1,""15"":9,""16"":1,""19"":7,""21"":6,""23"":8,""24"":14,""25"":7,""29"":6,""3"":334,""32"":1,""4"":272,""5"":159,""6"":80,""7"":11,""8"":2,""9"":14}","{""Diagonal CMA-ES"":{""attempts"":316,""discoveries"":0,""improvements"":0,""insertions"":0,""insertion_rate"":0.0},""Immigrant"":{""attempts"":164,""discoveries"":0,""improvements"":0,""insertions"":0,""insertion_rate"":0.0},""Morphology"":{""attempts"":286,""discoveries"":0,""improvements"":1,""insertions"":1,""insertion_rate"":0.0034965034965034965},""Novelty"":{""attempts"":234,""discoveries"":0,""improvements"":0,""insertions"":0,""insertion_rate"":0.0}}","{""Morphology"":200,""Novelty"":28}",0,0.8857142857142857,false,184000
42,207,208000,7.684172255999999,0.036828939,0.028889446,0.003916912,0.004022581,8.962095687,155.12279,52.111683,9747.437166154385,189,0.984375,24,2.441654740018904,102,0.5396825396825397,"{""10"":2,""11"":1,""12"":6,""13"":1,""3"":102,""4"":49,""5"":4,""6"":11,""7"":5,""8"":5,""9"":3}","{""10"":5,""11"":3,""12"":5,""13"":3,""15"":1,""19"":1,""21"":2,""23"":1,""24"":3,""25"":1,""29"":1,""3"":102,""4"":47,""5"":2,""6"":10,""9"":2}",68,3.92372922847706,342,0.342,"{""10"":15,""11"":6,""12"":29,""13"":8,""3"":342,""4"":368,""5"":120,""6"":50,""7"":37,""8"":19,""9"":6}","{""10"":22,""11"":12,""12"":26,""13"":9,""15"":9,""19"":6,""21"":7,""23"":6,""24"":15,""25"":8,""29"":7,""3"":342,""4"":262,""5"":147,""6"":94,""7"":13,""8"":3,""9"":12}","{""Diagonal CMA-ES"":{""attempts"":292,""discoveries"":0,""improvements"":0,""insertions"":0,""insertion_rate"":0.0},""Immigrant"":{""attempts"":146,""discoveries"":0,""improvements"":0,""insertions"":0,""insertion_rate"":0.0},""Morphology"":{""attempts"":311,""discoveries"":0,""improvements"":0,""insertions"":0,""insertion_rate"":0.0},""Novelty"":{""attempts"":251,""discoveries"":0,""improvements"":0,""insertions"":0,""insertion_rate"":0.0}}","{""Morphology"":204,""Novelty"":34}",0,0.8857142857142857,false,185000
42,208,209000,7.7233211829999995,0.039148927,0.030527923,0.003546473,0.005074531,9.008268696,155.12279,52.111683,9752.242326676846,189,0.984375,24,2.4416547400189037,102,0.5396825396825397,"{""10"":2,""11"":1,""12"":6,""13"":1,""3"":102,""4"":49,""5"":4,""6"":11,""7"":5,""8"":5,""9"":3}","{""10"":5,""11"":3,""12"":5,""13"":3,""15"":1,""19"":1,""21"":2,""23"":1,""24"":3,""25"":1,""29"":1,""3"":102,""4"":47,""5"":2,""6"":10,""9"":2}",55,3.701076311147097,370,0.37,"{""10"":14,""11"":8,""12"":25,""13"":6,""3"":370,""4"":367,""5"":97,""6"":51,""7"":34,""8"":20,""9"":8}","{""10"":20,""11"":9,""12"":28,""13"":8,""14"":1,""15"":6,""16"":2,""19"":7,""21"":6,""23"":6,""24"":13,""25"":6,""29"":6,""3"":370,""4"":267,""5"":127,""6"":96,""7"":9,""9"":13}","{""Diagonal CMA-ES"":{""attempts"":309,""discoveries"":0,""improvements"":0,""insertions"":0,""insertion_rate"":0.0},""Immigrant"":{""attempts"":150,""discoveries"":0,""improvements"":0,""insertions"":0,""insertion_rate"":0.0},""Morphology"":{""attempts"":292,""discoveries"":0,""improvements"":2,""insertions"":2,""insertion_rate"":0.00684931506849315},""Novelty"":{""attempts"":249,""discoveries"":0,""improvements"":0,""insertions"":0,""insertion_rate"":0.0}}","{""Morphology"":182,""Novelty"":17}",0,0.8857142857142857,false,186000
42,209,210000,7.762132916,0.038811733,0.031695042,0.003016936,0.004099755,9.053659273,155.12279,52.64212,9786.295663774014,189,0.984375,24,2.409262309231714,103,0.544973544973545,"{""10"":2,""11"":1,""12"":6,""13"":1,""3"":103,""4"":49,""5"":4,""6"":10,""7"":5,""8"":5,""9"":3}","{""10"":5,""11"":3,""12"":5,""13"":3,""15"":1,""19"":1,""21"":2,""23"":1,""24"":3,""25"":1,""29"":1,""3"":103,""4"":47,""5"":2,""6"":9,""9"":2}",60,3.869777420065578,355,0.355,"{""10"":16,""11"":6,""12"":27,""13"":9,""3"":355,""4"":357,""5"":111,""6"":62,""7"":31,""8"":18,""9"":8}","{""10"":30,""11"":6,""12"":29,""13"":5,""14"":4,""15"":8,""19"":7,""21"":7,""23"":6,""24"":12,""25"":8,""28"":1,""29"":8,""3"":355,""4"":242,""5"":152,""6"":94,""7"":11,""8"":3,""9"":12}","{""Diagonal CMA-ES"":{""attempts"":313,""discoveries"":0,""improvements"":0,""insertions"":0,""insertion_rate"":0.0},""Immigrant"":{""attempts"":139,""discoveries"":0,""improvements"":0,""insertions"":0,""insertion_rate"":0.0},""Morphology"":{""attempts"":311,""discoveries"":0,""improvements"":3,""insertions"":3,""insertion_rate"":0.00964630225080386},""Novelty"":{""attempts"":237,""discoveries"":0,""improvements"":0,""insertions"":0,""insertion_rate"":0.0}}","{""Morphology"":198,""Novelty"":28}",0,0.8857142857142857,false,187000
42,210,211000,7.798142616,0.036009700000000006,0.029897466,0.003165349,0.002946885,9.094692449,155.12279,52.64212,9787.990117967129,189,0.984375,24,2.4092623092317136,103,0.544973544973545,"{""10"":2,""11"":1,""12"":6,""13"":1,""3"":103,""4"":49,""5"":4,""6"":10,""7"":5,""8"":5,""9"":3}","{""10"":5,""11"":3,""12"":5,""13"":3,""15"":1,""19"":1,""21"":2,""23"":1,""24"":3,""25"":1,""29"":1,""3"":103,""4"":47,""5"":2,""6"":9,""9"":2}",54,3.2747733261087664,412,0.412,"{""10"":6,""11"":2,""12"":13,""13"":3,""3"":412,""4"":414,""5"":91,""6"":22,""7"":22,""8"":12,""9"":3}","{""10"":9,""11"":8,""12"":14,""13"":6,""14"":2,""15"":4,""19"":3,""21"":3,""23"":2,""24"":6,""25"":3,""29"":4,""3"":412,""4"":302,""5"":154,""6"":54,""7"":6,""8"":1,""9"":7}","{""Diagonal CMA-ES"":{""attempts"":317,""discoveries"":0,""improvements"":0,""insertions"":0,""insertion_rate"":0.0},""Immigrant"":{""attempts"":136,""discoveries"":0,""improvements"":0,""insertions"":0,""insertion_rate"":0.0},""Morphology"":{""attempts"":310,""discoveries"":0,""improvements"":3,""insertions"":3,""insertion_rate"":0.00967741935483871},""Novelty"":{""attempts"":237,""discoveries"":0,""improvements"":0,""insertions"":0,""insertion_rate"":0.0}}","{""Morphology"":209,""Novelty"":30}",0,0.8857142857142857,false,188000
42,211,212000,7.833549165,0.035406549,0.029489033,0.002310491,0.003607025,9.13398504,155.12279,52.64212,9796.031194627285,189,0.984375,24,2.3834125379732436,103,0.544973544973545,"{""10"":2,""11"":1,""12"":6,""13"":1,""3"":103,""4"":50,""5"":3,""6"":10,""7"":5,""8"":5,""9"":3}","{""10"":5,""11"":3,""12"":5,""13"":3,""15"":1,""19"":1,""21"":2,""23"":1,""24"":3,""25"":1,""29"":1,""3"":103,""4"":48,""5"":2,""6"":8,""9"":2}",48,2.997618821786061,308,0.308,"{""10"":2,""12"":3,""14"":1,""3"":308,""4"":555,""5"":106,""6"":11,""7"":10,""8"":3,""9"":1}","{""10"":4,""11"":5,""12"":4,""13"":1,""14"":1,""15"":3,""24"":2,""27"":1,""29"":1,""3"":308,""4"":448,""5"":160,""6"":51,""7"":8,""8"":2,""9"":1}","{""Diagonal CMA-ES"":{""attempts"":305,""discoveries"":0,""improvements"":0,""insertions"":0,""insertion_rate"":0.0},""Immigrant"":{""attempts"":143,""discoveries"":0,""improvements"":0,""insertions"":0,""insertion_rate"":0.0},""Morphology"":{""attempts"":289,""discoveries"":0,""improvements"":2,""insertions"":2,""insertion_rate"":0.006920415224913495},""Novelty"":{""attempts"":263,""discoveries"":0,""improvements"":0,""insertions"":0,""insertion_rate"":0.0}}","{""Morphology"":202,""Novelty"":45}",0,0.8857142857142857,false,189000
42,212,213000,7.869709652,0.036160487000000005,0.029167275,0.003060866,0.003932346,9.175453956,155.12279,52.64212,9797.636775434017,189,0.984375,24,2.3834125379732436,103,0.544973544973545,"{""10"":2,""11"":1,""12"":6,""13"":1,""3"":103,""4"":50,""5"":3,""6"":10,""7"":5,""8"":5,""9"":3}","{""10"":5,""11"":3,""12"":5,""13"":3,""15"":1,""19"":1,""21"":2,""23"":1,""24"":3,""25"":1,""29"":1,""3"":103,""4"":48,""5"":2,""6"":8,""9"":2}",67,3.844642207568478,304,0.304,"{""10"":13,""11"":6,""12"":22,""13"":8,""3"":304,""4"":446,""5"":98,""6"":44,""7"":37,""8"":17,""9"":5}","{""10"":17,""11"":14,""12"":22,""13"":11,""15"":8,""19"":6,""21"":5,""23"":6,""24"":14,""25"":6,""29"":5,""3"":304,""4"":322,""5"":157,""6"":79,""7"":10,""8"":4,""9"":10}","{""Diagonal CMA-ES"":{""attempts"":291,""discoveries"":0,""improvements"":0,""insertions"":0,""insertion_rate"":0.0},""Immigrant"":{""attempts"":164,""discoveries"":0,""improvements"":0,""insertions"":0,""insertion_rate"":0.0},""Morphology"":{""attempts"":302,""discoveries"":0,""improvements"":2,""insertions"":2,""insertion_rate"":0.006622516556291391},""Novelty"":{""attempts"":243,""discoveries"":0,""improvements"":0,""insertions"":0,""insertion_rate"":0.0}}","{""Morphology"":207,""Novelty"":25}",0,0.8857142857142857,false,190000
42,213,214000,7.908839583,0.039129931,0.031988305,0.003184346,0.00395728,9.220620132,155.12279,52.64212,9824.585072934628,189,0.984375,24,2.3573892675245967,103,0.544973544973545,"{""10"":2,""11"":1,""12"":5,""13"":1,""3"":103,""4"":51,""5"":3,""6"":10,""7"":5,""8"":5,""9"":3}","{""10"":5,""11"":3,""12"":5,""13"":3,""15"":1,""19"":1,""21"":1,""23"":1,""24"":3,""25"":1,""29"":1,""3"":103,""4"":49,""5"":2,""6"":8,""9"":2}",61,3.8458029922408303,340,0.34,"{""10"":14,""11"":8,""12"":26,""13"":10,""3"":340,""4"":386,""5"":96,""6"":55,""7"":35,""8"":20,""9"":10}","{""10"":24,""11"":10,""12"":25,""13"":13,""15"":8,""18"":1,""19"":6,""21"":7,""23"":8,""24"":13,""25"":7,""28"":1,""29"":7,""3"":340,""34"":1,""4"":272,""5"":145,""6"":87,""7"":8,""8"":5,""9"":12}","{""Diagonal CMA-ES"":{""attempts"":310,""discoveries"":0,""improvements"":0,""insertions"":0,""insertion_rate"":0.0},""Immigrant"":{""attempts"":144,""discoveries"":0,""improvements"":0,""insertions"":0,""insertion_rate"":0.0},""Morphology"":{""attempts"":288,""discoveries"":0,""improvements"":2,""insertions"":2,""insertion_rate"":0.006944444444444444},""Novelty"":{""attempts"":258,""discoveries"":0,""improvements"":0,""insertions"":0,""insertion_rate"":0.0}}","{""Morphology"":197,""Novelty"":31}",0,0.8857142857142857,false,191000
42,214,215000,7.948818433,0.03997885,0.032590267,0.002929075,0.004459508,9.265725756,155.12279,52.64212,9824.585072934628,189,0.984375,24,2.3573892675245967,103,0.544973544973545,"{""10"":2,""11"":1,""12"":5,""13"":1,""3"":103,""4"":51,""5"":3,""6"":10,""7"":5,""8"":5,""9"":3}","{""10"":5,""11"":3,""12"":5,""13"":3,""15"":1,""19"":1,""21"":1,""23"":1,""24"":3,""25"":1,""29"":1,""3"":103,""4"":49,""5"":2,""6"":8,""9"":2}",62,3.800839319042676,329,0.329,"{""10"":11,""11"":6,""12"":21,""13"":9,""3"":329,""4"":414,""5"":109,""6"":47,""7"":29,""8"":19,""9"":6}","{""10"":20,""11"":8,""12"":23,""13"":10,""14"":1,""15"":7,""19"":6,""21"":6,""23"":6,""24"":11,""25"":6,""29"":4,""3"":329,""30"":3,""4"":286,""5"":172,""6"":77,""7"":11,""8"":4,""9"":10}","{""Diagonal CMA-ES"":{""attempts"":297,""discoveries"":0,""improvements"":0,""insertions"":0,""insertion_rate"":0.0},""Immigrant"":{""attempts"":133,""discoveries"":0,""improvements"":0,""insertions"":0,""insertion_rate"":0.0},""Morphology"":{""attempts"":346,""discoveries"":0,""improvements"":0,""insertions"":0,""insertion_rate"":0.0},""Novelty"":{""attempts"":224,""discoveries"":0,""improvements"":0,""insertions"":0,""insertion_rate"":0.0}}","{""Morphology"":227,""Novelty"":27}",0,0.8857142857142857,false,192000
42,215,216000,7.9881976969999995,0.039379264000000004,0.032059543,0.00309886,0.004220861,9.311220816,155.12279,52.64212,9826.085500180721,189,0.984375,24,2.357389267524596,103,0.544973544973545,"{""10"":2,""11"":1,""12"":5,""13"":1,""3"":103,""4"":51,""5"":3,""6"":10,""7"":5,""8"":5,""9"":3}","{""10"":5,""11"":3,""12"":5,""13"":3,""15"":1,""19"":1,""21"":1,""23"":1,""24"":3,""25"":1,""29"":1,""3"":103,""4"":49,""5"":2,""6"":8,""9"":2}",64,3.7570027992467674,348,0.348,"{""10"":13,""11"":7,""12"":25,""13"":7,""3"":348,""4"":383,""5"":98,""6"":56,""7"":33,""8"":24,""9"":6}","{""10"":22,""11"":9,""12"":24,""13"":15,""15"":9,""18"":1,""19"":6,""21"":6,""23"":6,""24"":13,""25"":6,""28"":1,""29"":6,""3"":348,""4"":279,""5"":146,""6"":76,""7"":10,""8"":4,""9"":13}","{""Diagonal CMA-ES"":{""attempts"":314,""discoveries"":0,""improvements"":0,""insertions"":0,""insertion_rate"":0.0},""Immigrant"":{""attempts"":153,""discoveries"":0,""improvements"":0,""insertions"":0,""insertion_rate"":0.0},""Morphology"":{""attempts"":286,""discoveries"":0,""improvements"":1,""insertions"":1,""insertion_rate"":0.0034965034965034965},""Novelty"":{""attempts"":247,""discoveries"":0,""improvements"":0,""insertions"":0,""insertion_rate"":0.0}}","{""Morphology"":175,""Novelty"":27}",0,0.8857142857142857,false,193000
42,216,217000,8.0270498,0.038852103,0.031170254,0.003827864,0.003853985,9.355663925,155.12279,53.040672,9904.415026128292,189,0.984375,24,2.3573892675245958,103,0.544973544973545,"{""10"":2,""11"":1,""12"":5,""13"":1,""3"":103,""4"":51,""5"":3,""6"":10,""7"":5,""8"":5,""9"":3}","{""10"":5,""11"":3,""12"":5,""13"":3,""15"":1,""19"":1,""21"":1,""23"":1,""24"":3,""25"":1,""29"":1,""3"":103,""4"":49,""5"":2,""6"":8,""9"":2}",62,3.7867550673809625,317,0.317,"{""10"":11,""11"":7,""12"":22,""13"":8,""14"":1,""3"":317,""4"":426,""5"":101,""6"":50,""7"":34,""8"":17,""9"":6}","{""10"":19,""11"":9,""12"":26,""13"":8,""15"":8,""19"":4,""20"":1,""21"":6,""23"":6,""24"":11,""25"":6,""29"":5,""3"":317,""30"":1,""31"":1,""34"":1,""4"":306,""5"":164,""6"":73,""7"":13,""8"":3,""9"":12}","{""Diagonal CMA-ES"":{""attempts"":292,""discoveries"":0,""improvements"":0,""insertions"":0,""insertion_rate"":0.0},""Immigrant"":{""attempts"":156,""discoveries"":0,""improvements"":0,""insertions"":0,""insertion_rate"":0.0},""Morphology"":{""attempts"":290,""discoveries"":0,""improvements"":2,""insertions"":2,""insertion_rate"":0.006896551724137931},""Novelty"":{""attempts"":262,""discoveries"":0,""improvements"":0,""insertions"":0,""insertion_rate"":0.0}}","{""Morphology"":208,""Novelty"":23}",0,0.8857142857142857,false,194000
42,217,218000,8.063102242000001,0.036052442,0.029510405,0.002804409,0.003737628,9.397502092,155.12279,53.040672,9917.094583928585,189,0.984375,24,2.3573892675245967,103,0.544973544973545,"{""10"":2,""11"":1,""12"":5,""13"":1,""3"":103,""4"":51,""5"":3,""6"":10,""7"":5,""8"":5,""9"":3}","{""10"":5,""11"":3,""12"":5,""13"":3,""15"":1,""19"":1,""21"":1,""23"":1,""24"":3,""25"":1,""29"":1,""3"":103,""4"":49,""5"":2,""6"":8,""9"":2}",59,3.5672448307710547,338,0.338,"{""10"":10,""11"":4,""12"":16,""13"":5,""3"":338,""4"":439,""5"":94,""6"":43,""7"":27,""8"":16,""9"":8}","{""10"":17,""11"":13,""12"":19,""13"":10,""15"":6,""19"":5,""21"":5,""23"":4,""24"":5,""25"":5,""27"":1,""29"":5,""3"":338,""4"":339,""5"":129,""6"":80,""7"":9,""8"":2,""9"":8}","{""Diagonal CMA-ES"":{""attempts"":315,""discoveries"":0,""improvements"":0,""insertions"":0,""insertion_rate"":0.0},""Immigrant"":{""attempts"":150,""discoveries"":0,""improvements"":0,""insertions"":0,""insertion_rate"":0.0},""Morphology"":{""attempts"":287,""discoveries"":0,""improvements"":4,""insertions"":4,""insertion_rate"":0.013937282229965157},""Novelty"":{""attempts"":248,""discoveries"":0,""improvements"":0,""insertions"":0,""insertion_rate"":0.0}}","{""Morphology"":198,""Novelty"":20}",0,0.8857142857142857,false,195000
42,218,219000,8.098482671000001,0.035380429,0.029014113,0.003031183,0.003335133,9.438076970000001,155.12279,53.040672,9924.426006734371,189,0.984375,24,2.3249227257954845,104,0.5502645502645502,"{""10"":2,""11"":1,""12"":5,""13"":1,""3"":104,""4"":50,""5"":3,""6"":10,""7"":5,""8"":5,""9"":3}","{""10"":5,""11"":3,""12"":5,""13"":3,""15"":1,""19"":1,""21"":1,""23"":1,""24"":3,""25"":1,""29"":1,""3"":104,""4"":49,""5"":1,""6"":8,""9"":2}",66,3.5427889648573143,399,0.399,"{""10"":12,""11"":4,""12"":10,""13"":6,""3"":399,""4"":372,""5"":118,""6"":34,""7"":27,""8"":13,""9"":5}","{""10"":15,""11"":11,""12"":20,""13"":8,""14"":1,""15"":6,""19"":4,""21"":4,""23"":4,""24"":3,""25"":5,""29"":3,""3"":399,""30"":1,""4"":261,""5"":160,""6"":72,""7"":14,""8"":1,""9"":8}","{""Diagonal CMA-ES"":{""attempts"":302,""discoveries"":0,""improvements"":1,""insertions"":1,""insertion_rate"":0.0033112582781456954},""Immigrant"":{""attempts"":169,""discoveries"":0,""improvements"":0,""insertions"":0,""insertion_rate"":0.0},""Morphology"":{""attempts"":295,""discoveries"":0,""improvements"":2,""insertions"":2,""insertion_rate"":0.006779661016949152},""Novelty"":{""attempts"":234,""discoveries"":0,""improvements"":0,""insertions"":0,""insertion_rate"":0.0}}","{""Morphology"":196,""Novelty"":24}",0,0.8857142857142857,false,196000
42,219,220000,8.137094938,0.038612267,0.0328491,0.002726047,0.00303712,9.481684218,155.12279,53.040672,9948.001131474972,189,0.984375,24,2.302723926104354,104,0.5502645502645502,"{""10"":2,""11"":1,""12"":5,""13"":1,""3"":104,""4"":50,""5"":3,""6"":10,""7"":5,""8"":5,""9"":3}","{""10"":5,""11"":3,""12"":5,""13"":3,""15"":1,""19"":1,""21"":1,""23"":1,""24"":3,""25"":1,""29"":1,""3"":104,""4"":49,""5"":1,""6"":8,""9"":2}",61,3.1586024246841418,487,0.487,"{""10"":4,""11"":6,""12"":9,""13"":4,""3"":487,""4"":337,""5"":92,""6"":33,""7"":16,""8"":10,""9"":2}","{""10"":23,""11"":7,""12"":8,""13"":4,""14"":1,""15"":4,""16"":1,""18"":1,""19"":1,""20"":1,""21"":3,""23"":3,""24"":5,""25"":3,""29"":2,""3"":487,""30"":1,""4"":229,""5"":148,""6"":50,""7"":12,""8"":1,""9"":5}","{""Diagonal CMA-ES"":{""attempts"":311,""discoveries"":0,""improvements"":0,""insertions"":0,""insertion_rate"":0.0},""Immigrant"":{""attempts"":139,""discoveries"":0,""improvements"":0,""insertions"":0,""insertion_rate"":0.0},""Morphology"":{""attempts"":301,""discoveries"":0,""improvements"":3,""insertions"":3,""insertion_rate"":0.009966777408637873},""Novelty"":{""attempts"":249,""discoveries"":0,""improvements"":1,""insertions"":1,""insertion_rate"":0.004016064257028112}}","{""Morphology"":198,""Novelty"":31}",0,0.8857142857142857,false,197000
42,220,221000,8.172893296,0.035798358,0.029661192,0.002908891,0.003228275,9.522964353,155.12279,53.040672,9954.43955463171,189,0.984375,24,2.302723926104354,104,0.5502645502645502,"{""10"":2,""11"":1,""12"":5,""13"":1,""3"":104,""4"":50,""5"":3,""6"":10,""7"":5,""8"":5,""9"":3}","{""10"":5,""11"":3,""12"":5,""13"":3,""15"":1,""19"":1,""21"":1,""23"":1,""24"":3,""25"":1,""29"":1,""3"":104,""4"":49,""5"":1,""6"":8,""9"":2}",53,3.1080691545019823,498,0.498,"{""10"":3,""11"":4,""12"":9,""13"":4,""3"":498,""4"":308,""5"":97,""6"":40,""7"":20,""8"":9,""9"":8}","{""10"":27,""11"":8,""12"":13,""13"":5,""15"":5,""19"":1,""21"":3,""23"":4,""24"":3,""25"":3,""29"":4,""3"":498,""4"":216,""5"":138,""6"":59,""7"":5,""8"":2,""9"":6}","{""Diagonal CMA-ES"":{""attempts"":314,""discoveries"":0,""improvements"":0,""insertions"":0,""insertion_rate"":0.0},""Immigrant"":{""attempts"":150,""discoveries"":0,""improvements"":0,""insertions"":0,""insertion_rate"":0.0},""Morphology"":{""attempts"":272,""discoveries"":0,""improvements"":1,""insertions"":1,""insertion_rate"":0.003676470588235294},""Novelty"":{""attempts"":264,""discoveries"":0,""improvements"":0,""insertions"":0,""insertion_rate"":0.0}}","{""Morphology"":178,""Novelty"":30}",0,0.8857142857142857,false,198000
42,221,222000,8.206921387,0.034028090999999996,0.030435314,0.001652725,0.001940052,9.561418708,155.12279,53.040672,9954.43955463171,189,0.984375,24,2.3027239261043544,104,0.5502645502645502,"{""10"":2,""11"":1,""12"":5,""13"":1,""3"":104,""4"":50,""5"":3,""6"":10,""7"":5,""8"":5,""9"":3}","{""10"":5,""11"":3,""12"":5,""13"":3,""15"":1,""19"":1,""21"":1,""23"":1,""24"":3,""25"":1,""29"":1,""3"":104,""4"":49,""5"":1,""6"":8,""9"":2}",59,3.1876418743274004,493,0.493,"{""10"":6,""11"":2,""12"":14,""13"":5,""3"":493,""4"":324,""5"":96,""6"":28,""7"":19,""8"":10,""9"":3}","{""10"":16,""11"":7,""12"":9,""13"":7,""15"":4,""19"":3,""21"":2,""23"":2,""24"":10,""25"":5,""29"":2,""3"":493,""4"":223,""5"":144,""6"":58,""7"":9,""8"":1,""9"":5}","{""Diagonal CMA-ES"":{""attempts"":295,""discoveries"":0,""improvements"":0,""insertions"":0,""insertion_rate"":0.0},""Immigrant"":{""attempts"":147,""discoveries"":0,""improvements"":0,""insertions"":0,""insertion_rate"":0.0},""Morphology"":{""attempts"":282,""discoveries"":0,""improvements"":0,""insertions"":0,""insertion_rate"":0.0},""Novelty"":{""attempts"":276,""discoveries"":0,""improvements"":0,""insertions"":0,""insertion_rate"":0.0}}","{""Morphology"":188,""Novelty"":33}",0,0.8857142857142857,false,199000
42,222,223000,8.249699899,0.042778512,0.03698685,0.002810345,0.002981317,9.609931891,155.12279,53.040672,9954.49823230505,189,0.984375,24,2.302723926104354,104,0.5502645502645502,"{""10"":2,""11"":1,""12"":5,""13"":1,""3"":104,""4"":50,""5"":3,""6"":10,""7"":5,""8"":5,""9"":3}","{""10"":5,""11"":3,""12"":5,""13"":3,""15"":1,""19"":1,""21"":1,""23"":1,""24"":3,""25"":1,""29"":1,""3"":104,""4"":49,""5"":1,""6"":8,""9"":2}",67,3.3093835123421695,464,0.464,"{""10"":6,""11"":2,""12"":11,""13"":5,""3"":464,""4"":326,""5"":102,""6"":45,""7"":25,""8"":9,""9"":5}","{""10"":35,""11"":12,""12"":12,""13"":5,""15"":3,""18"":1,""19"":2,""20"":1,""21"":3,""23"":1,""24"":4,""25"":4,""27"":1,""28"":1,""29"":2,""3"":464,""35"":1,""4"":226,""5"":144,""6"":59,""7"":11,""8"":3,""9"":5}","{""Diagonal CMA-ES"":{""attempts"":291,""discoveries"":0,""improvements"":0,""insertions"":0,""insertion_rate"":0.0},""Immigrant"":{""attempts"":178,""discoveries"":0,""improvements"":0,""insertions"":0,""insertion_rate"":0.0},""Morphology"":{""attempts"":304,""discoveries"":0,""improvements"":1,""insertions"":1,""insertion_rate"":0.003289473684210526},""Novelty"":{""attempts"":227,""discoveries"":0,""improvements"":0,""insertions"":0,""insertion_rate"":0.0}}","{""Morphology"":198,""Novelty"":25}",0,0.8857142857142857,false,200000
42,223,224000,8.285778462,0.036078563,0.029297878,0.00282578,0.003954905,9.65096388,155.12279,53.040672,9957.243105351925,189,0.984375,24,2.302723926104354,104,0.5502645502645502,"{""10"":2,""11"":1,""12"":5,""13"":1,""3"":104,""4"":50,""5"":3,""6"":10,""7"":5,""8"":5,""9"":3}","{""10"":5,""11"":3,""12"":5,""13"":3,""15"":1,""19"":1,""21"":1,""23"":1,""24"":3,""25"":1,""29"":1,""3"":104,""4"":49,""5"":1,""6"":8,""9"":2}",59,3.235106812423452,469,0.469,"{""10"":6,""11"":4,""12"":10,""13"":4,""3"":469,""4"":345,""5"":90,""6"":39,""7"":18,""8"":12,""9"":3}","{""10"":25,""11"":5,""12"":11,""13"":5,""14"":1,""15"":5,""16"":1,""19"":3,""21"":2,""22"":1,""23"":3,""24"":5,""25"":3,""29"":3,""3"":469,""4"":241,""5"":147,""6"":55,""7"":6,""8"":2,""9"":7}","{""Diagonal CMA-ES"":{""attempts"":311,""discoveries"":0,""improvements"":0,""insertions"":0,""insertion_rate"":0.0},""Immigrant"":{""attempts"":148,""discoveries"":0,""improvements"":0,""insertions"":0,""insertion_rate"":0.0},""Morphology"":{""attempts"":295,""discoveries"":0,""improvements"":1,""insertions"":1,""insertion_rate"":0.003389830508474576},""Novelty"":{""attempts"":246,""discoveries"":0,""improvements"":0,""insertions"":0,""insertion_rate"":0.0}}","{""Morphology"":201,""Novelty"":23}",0,0.8857142857142857,false,201000
42,224,225000,8.323930055,0.038151593,0.030481618,0.003387374,0.004282601,9.694460709,155.12279,53.040672,9974.862241208553,189,0.984375,24,2.2787006023274623,105,0.5555555555555556,"{""10"":2,""11"":1,""12"":5,""13"":1,""3"":105,""4"":50,""5"":3,""6"":9,""7"":5,""8"":5,""9"":3}","{""10"":4,""11"":3,""12"":5,""13"":3,""15"":1,""19"":1,""21"":1,""23"":1,""24"":3,""25"":1,""29"":1,""3"":105,""4"":49,""5"":1,""6"":8,""9"":2}",67,3.7377622993608037,372,0.372,"{""10"":15,""11"":7,""12"":22,""13"":7,""3"":372,""4"":366,""5"":97,""6"":53,""7"":31,""8"":24,""9"":6}","{""10"":24,""11"":11,""12"":23,""13"":13,""15"":9,""18"":1,""19"":6,""21"":8,""23"":6,""24"":7,""25"":8,""29"":7,""3"":372,""4"":256,""5"":146,""6"":76,""7"":12,""8"":3,""9"":12}","{""Diagonal CMA-ES"":{""attempts"":291,""discoveries"":0,""improvements"":0,""insertions"":0,""insertion_rate"":0.0},""Immigrant"":{""attempts"":133,""discoveries"":0,""improvements"":0,""insertions"":0,""insertion_rate"":0.0},""Morphology"":{""attempts"":307,""discoveries"":0,""improvements"":3,""insertions"":3,""insertion_rate"":0.009771986970684038},""Novelty"":{""attempts"":269,""discoveries"":0,""improvements"":1,""insertions"":1,""insertion_rate"":0.0037174721189591076}}","{""Morphology"":196,""Novelty"":32}",0,0.8857142857142857,false,202000
42,225,226000,8.36138114,0.037451084999999995,0.032888281,0.001769081,0.002793723,9.735909441,155.12279,52.858746,10000.856956899166,190,0.9895833,23,2.2602959089311825,105,0.5526315789473685,"{""10"":2,""11"":1,""12"":5,""13"":1,""3"":105,""4"":51,""5"":2,""6"":9,""7"":5,""8"":6,""9"":3}","{""10"":4,""11"":3,""12"":5,""13"":4,""15"":1,""19"":1,""21"":1,""23"":1,""24"":3,""25"":1,""29"":1,""3"":105,""4"":50,""5"":1,""6"":7,""9"":2}",62,3.6432334464746536,316,0.316,"{""10"":6,""11"":3,""12"":9,""13"":4,""3"":316,""4"":373,""5"":85,""6"":28,""7"":134,""8"":37,""9"":5}","{""10"":10,""11"":7,""12"":129,""13"":27,""14"":1,""15"":5,""18"":2,""19"":3,""21"":2,""23"":2,""24"":6,""25"":3,""29"":3,""3"":316,""4"":277,""5"":128,""6"":62,""7"":9,""8"":1,""9"":7}","{""Diagonal CMA-ES"":{""attempts"":283,""discoveries"":1,""improvements"":0,""insertions"":1,""insertion_rate"":0.0035335689045936395},""Immigrant"":{""attempts"":144,""discoveries"":0,""improvements"":0,""insertions"":0,""insertion_rate"":0.0},""Morphology"":{""attempts"":308,""discoveries"":0,""improvements"":1,""insertions"":1,""insertion_rate"":0.003246753246753247},""Novelty"":{""attempts"":265,""discoveries"":0,""improvements"":1,""insertions"":1,""insertion_rate"":0.0037735849056603774}}","{""Morphology"":211,""Novelty"":25}",0,0.8857142857142857,false,203000
42,226,227000,8.394813206,0.033432065999999996,0.02742194,0.002754542,0.003255584,9.774178577,155.12279,52.858746,10009.745729863644,190,0.9895833,23,2.2886914940159495,104,0.5473684210526316,"{""10"":2,""11"":1,""12"":5,""13"":1,""3"":104,""4"":51,""5"":3,""6"":9,""7"":5,""8"":6,""9"":3}","{""10"":4,""11"":3,""12"":5,""13"":4,""15"":1,""19"":1,""21"":1,""23"":1,""24"":3,""25"":1,""29"":1,""3"":104,""4"":50,""5"":1,""6"":8,""9"":2}",54,3.0996541630234575,485,0.485,"{""12"":3,""13"":1,""3"":485,""4"":268,""5"":96,""6"":11,""7"":10,""8"":110,""9"":16}","{""10"":11,""11"":2,""12"":5,""13"":112,""14"":5,""15"":5,""16"":3,""19"":4,""24"":3,""25"":1,""3"":485,""4"":170,""5"":136,""6"":49,""7"":7,""8"":2}","{""Diagonal CMA-ES"":{""attempts"":301,""discoveries"":0,""improvements"":0,""insertions"":0,""insertion_rate"":0.0},""Immigrant"":{""attempts"":154,""discoveries"":0,""improvements"":0,""insertions"":0,""insertion_rate"":0.0},""Morphology"":{""attempts"":297,""discoveries"":0,""improvements"":3,""insertions"":3,""insertion_rate"":0.010101010101010102},""Novelty"":{""attempts"":248,""discoveries"":0,""improvements"":0,""insertions"":0,""insertion_rate"":0.0}}","{""Morphology"":200,""Novelty"":33}",0,0.8857142857142857,false,204000
42,227,228000,8.428754623,0.033941417,0.028647236,0.001703779,0.003590402,9.813041364,155.12279,52.858746,10022.653547942638,191,0.9947917,22,2.2623457345145153,105,0.5497382198952879,"{""10"":2,""11"":1,""12"":5,""13"":1,""3"":105,""4"":50,""5"":3,""6"":9,""7"":5,""8"":7,""9"":3}","{""10"":4,""11"":3,""12"":5,""13"":5,""15"":1,""19"":1,""21"":1,""23"":1,""24"":3,""25"":1,""29"":1,""3"":105,""4"":49,""5"":1,""6"":8,""9"":2}",59,3.3259855385721657,444,0.444,"{""10"":5,""11"":2,""12"":7,""13"":3,""3"":444,""4"":310,""5"":84,""6"":24,""7"":11,""8"":96,""9"":14}","{""10"":18,""11"":6,""12"":7,""13"":92,""14"":4,""15"":9,""16"":2,""19"":3,""21"":2,""23"":2,""24"":3,""25"":2,""29"":3,""3"":444,""4"":200,""5"":148,""6"":44,""7"":8,""9"":3}","{""Diagonal CMA-ES"":{""attempts"":288,""discoveries"":0,""improvements"":0,""insertions"":0,""insertion_rate"":0.0},""Immigrant"":{""attempts"":160,""discoveries"":0,""improvements"":0,""insertions"":0,""insertion_rate"":0.0},""Morphology"":{""attempts"":286,""discoveries"":0,""improvements"":2,""insertions"":2,""insertion_rate"":0.006993006993006993},""Novelty"":{""attempts"":266,""discoveries"":1,""improvements"":0,""insertions"":1,""insertion_rate"":0.0037593984962406013}}","{""Morphology"":196,""Novelty"":21}",0,0.8857142857142857,false,205000
42,228,229000,8.465109825999999,0.036355203,0.029154214,0.003459799,0.00374119,9.855819875,155.12279,52.858746,10022.653547942638,191,0.9947917,22,2.2623457345145153,105,0.5497382198952879,"{""10"":2,""11"":1,""12"":5,""13"":1,""3"":105,""4"":50,""5"":3,""6"":9,""7"":5,""8"":7,""9"":3}","{""10"":4,""11"":3,""12"":5,""13"":5,""15"":1,""19"":1,""21"":1,""23"":1,""24"":3,""25"":1,""29"":1,""3"":105,""4"":49,""5"":1,""6"":8,""9"":2}",55,3.3878292663521643,368,0.368,"{""12"":6,""3"":368,""4"":257,""5"":94,""6"":12,""7"":7,""8"":212,""9"":44}","{""10"":13,""11"":4,""12"":5,""13"":212,""14"":19,""15"":11,""16"":7,""19"":4,""24"":6,""3"":368,""4"":162,""5"":145,""6"":31,""7"":11,""8"":2}","{""Diagonal CMA-ES"":{""attempts"":314,""discoveries"":0,""improvements"":0,""insertions"":0,""insertion_rate"":0.0},""Immigrant"":{""attempts"":156,""discoveries"":0,""improvements"":0,""insertions"":0,""insertion_rate"":0.0},""Morphology"":{""attempts"":282,""discoveries"":0,""improvements"":0,""insertions"":0,""insertion_rate"":0.0},""Novelty"":{""attempts"":248,""discoveries"":0,""improvements"":0,""insertions"":0,""insertion_rate"":0.0}}","{""Morphology"":189,""Novelty"":38}",0,0.8857142857142857,false,206000
42,229,230000,8.498448094999999,0.033338269000000004,0.027717578,0.00184863,0.003772061,9.893140356,155.12279,52.858746,10039.027320325375,191,0.9947917,22,2.2880260286005507,104,0.5445026178010471,"{""10"":2,""11"":1,""12"":5,""13"":1,""3"":104,""4"":50,""5"":4,""6"":9,""7"":5,""8"":7,""9"":3}","{""10"":4,""11"":3,""12"":5,""13"":5,""15"":1,""19"":1,""21"":1,""23"":1,""24"":3,""25"":1,""29"":1,""3"":104,""4"":49,""5"":1,""6"":9,""9"":2}",52,3.28348193757168,380,0.38,"{""10"":1,""12"":3,""3"":380,""4"":257,""5"":84,""6"":15,""7"":10,""8"":221,""9"":29}","{""10"":15,""11"":6,""12"":8,""13"":221,""14"":14,""15"":7,""16"":3,""19"":2,""24"":3,""3"":380,""4"":152,""5"":137,""6"":43,""7"":8,""8"":1}","{""Diagonal CMA-ES"":{""attempts"":297,""discoveries"":0,""improvements"":0,""insertions"":0,""insertion_rate"":0.0},""Immigrant"":{""attempts"":138,""discoveries"":0,""improvements"":0,""insertions"":0,""insertion_rate"":0.0},""Morphology"":{""attempts"":316,""discoveries"":0,""improvements"":1,""insertions"":1,""insertion_rate"":0.0031645569620253164},""Novelty"":{""attempts"":249,""discoveries"":0,""improvements"":1,""insertions"":1,""insertion_rate"":0.004016064257028112}}","{""Morphology"":207,""Novelty"":26}",0,0.8857142857142857,false,207000
42,230,231000,8.534846040999998,0.036397946,0.027978784,0.003051367,0.005367795,9.935429698,155.12279,52.858746,10050.336909711361,191,0.9947917,22,2.2880260286005507,104,0.5445026178010471,"{""10"":2,""11"":1,""12"":5,""13"":1,""3"":104,""4"":50,""5"":4,""6"":9,""7"":5,""8"":7,""9"":3}","{""10"":4,""11"":3,""12"":5,""13"":5,""15"":1,""19"":1,""21"":1,""23"":1,""24"":3,""25"":1,""29"":1,""3"":104,""4"":49,""5"":1,""6"":9,""9"":2}",61,3.3363390797682553,356,0.356,"{""10"":2,""12"":1,""3"":356,""4"":264,""5"":85,""6"":17,""7"":7,""8"":237,""9"":31}","{""10"":12,""11"":4,""12"":3,""13"":235,""14"":18,""15"":9,""16"":2,""18"":1,""19"":5,""24"":1,""3"":356,""4"":165,""5"":132,""6"":44,""7"":11,""9"":2}","{""Diagonal CMA-ES"":{""attempts"":279,""discoveries"":0,""improvements"":0,""insertions"":0,""insertion_rate"":0.0},""Immigrant"":{""attempts"":149,""discoveries"":0,""improvements"":0,""insertions"":0,""insertion_rate"":0.0},""Morphology"":{""attempts"":314,""discoveries"":0,""improvements"":3,""insertions"":3,""insertion_rate"":0.009554140127388535},""Novelty"":{""attempts"":258,""discoveries"":0,""improvements"":0,""insertions"":0,""insertion_rate"":0.0}}","{""Morphology"":204,""Novelty"":27}",0,0.8857142857142857,false,208000
42,231,232000,8.570155230999998,0.035309190000000004,0.028177065,0.00310717,0.004024955,9.977778406,155.12279,52.858746,10075.611106336117,191,0.9947917,23,2.3050161463902707,104,0.5445026178010471,"{""10"":2,""11"":1,""12"":5,""13"":1,""3"":104,""4"":50,""5"":4,""6"":9,""7"":4,""8"":8,""9"":3}","{""10"":4,""11"":3,""12"":4,""13"":5,""14"":1,""15"":1,""19"":1,""21"":1,""23"":1,""24"":3,""25"":1,""29"":1,""3"":104,""4"":49,""5"":1,""6"":9,""9"":2}",64,3.105899826789614,141,0.141,"{""10"":2,""12"":1,""3"":141,""4"":256,""5"":71,""6"":11,""7"":9,""8"":479,""9"":30}","{""10"":5,""11"":1,""12"":6,""13"":481,""14"":16,""15"":7,""16"":3,""19"":5,""24"":1,""3"":141,""4"":170,""5"":108,""6"":38,""7"":12,""8"":4,""9"":2}","{""Diagonal CMA-ES"":{""attempts"":285,""discoveries"":0,""improvements"":0,""insertions"":0,""insertion_rate"":0.0},""Immigrant"":{""attempts"":144,""discoveries"":0,""improvements"":0,""insertions"":0,""insertion_rate"":0.0},""Morphology"":{""attempts"":311,""discoveries"":0,""improvements"":3,""insertions"":3,""insertion_rate"":0.00964630225080386},""Novelty"":{""attempts"":260,""discoveries"":0,""improvements"":0,""insertions"":0,""insertion_rate"":0.0}}","{""Morphology"":204,""Novelty"":29}",1,0.8857142857142857,false,209000
42,232,233000,8.607100524999998,0.036945294000000004,0.029695624,0.002810345,0.004439325,10.020055875,155.12279,52.858746,10085.78839057684,191,0.9947917,23,2.3287152872927064,103,0.5392670157068062,"{""10"":2,""11"":1,""12"":5,""13"":1,""3"":103,""4"":50,""5"":5,""6"":9,""7"":4,""8"":8,""9"":3}","{""10"":4,""11"":3,""12"":4,""13"":5,""14"":1,""15"":1,""19"":1,""21"":1,""23"":1,""24"":3,""25"":1,""29"":1,""3"":103,""4"":49,""5"":1,""6"":10,""9"":2}",64,3.46241310086348,365,0.365,"{""10"":6,""11"":2,""12"":4,""13"":5,""3"":365,""4"":291,""5"":98,""6"":18,""7"":7,""8"":188,""9"":16}","{""10"":5,""11"":2,""12"":6,""13"":185,""14"":13,""15"":3,""19"":5,""21"":2,""23"":2,""25"":2,""28"":2,""29"":2,""3"":365,""30"":1,""4"":173,""5"":165,""6"":49,""7"":12,""8"":2,""9"":4}","{""Diagonal CMA-ES"":{""attempts"":287,""discoveries"":0,""improvements"":0,""insertions"":0,""insertion_rate"":0.0},""Immigrant"":{""attempts"":164,""discoveries"":0,""improvements"":0,""insertions"":0,""insertion_rate"":0.0},""Morphology"":{""attempts"":310,""discoveries"":0,""improvements"":2,""insertions"":2,""insertion_rate"":0.0064516129032258064},""Novelty"":{""attempts"":239,""discoveries"":0,""improvements"":0,""insertions"":0,""insertion_rate"":0.0}}","{""Morphology"":213,""Novelty"":32}",0,0.8857142857142857,false,210000
42,233,234000,8.643802420999998,0.036701896,0.029428481,0.003298326,0.003975089,10.062941244,155.12279,52.858746,10093.593764722347,191,0.9947917,23,2.3287152872927064,103,0.5392670157068062,"{""10"":2,""11"":1,""12"":5,""13"":1,""3"":103,""4"":50,""5"":5,""6"":9,""7"":4,""8"":8,""9"":3}","{""10"":4,""11"":3,""12"":4,""13"":5,""14"":1,""15"":1,""19"":1,""21"":1,""23"":1,""24"":3,""25"":1,""29"":1,""3"":103,""4"":49,""5"":1,""6"":10,""9"":2}",57,3.8403809393335115,311,0.311,"{""10"":14,""11"":8,""12"":21,""13"":7,""14"":1,""3"":311,""4"":414,""5"":109,""6"":52,""7"":25,""8"":34,""9"":4}","{""10"":15,""11"":1,""12"":23,""13"":18,""14"":3,""15"":9,""17"":1,""19"":6,""21"":7,""23"":8,""24"":7,""25"":7,""26"":1,""29"":7,""3"":311,""4"":293,""5"":156,""6"":100,""7"":8,""8"":3,""9"":16}","{""Diagonal CMA-ES"":{""attempts"":316,""discoveries"":0,""improvements"":0,""insertions"":0,""insertion_rate"":0.0},""Immigrant"":{""attempts"":160,""discoveries"":0,""improvements"":0,""insertions"":0,""insertion_rate"":0.0},""Morphology"":{""attempts"":288,""discoveries"":0,""improvements"":1,""insertions"":1,""insertion_rate"":0.003472222222222222},""Novelty"":{""attempts"":236,""discoveries"":0,""improvements"":0,""insertions"":0,""insertion_rate"":0.0}}","{""Morphology"":202,""Novelty"":30}",0,0.8857142857142857,false,211000
42,234,235000,8.682197410999999,0.038394990000000004,0.03208329,0.00246484,0.00384686,10.106261165,155.12279,52.858746,10100.381415784359,191,0.9947917,23,2.3287152872927073,103,0.5392670157068062,"{""10"":2,""11"":1,""12"":5,""13"":1,""3"":103,""4"":50,""5"":5,""6"":9,""7"":4,""8"":8,""9"":3}","{""10"":4,""11"":3,""12"":4,""13"":5,""14"":1,""15"":1,""19"":1,""21"":1,""23"":1,""24"":3,""25"":1,""29"":1,""3"":103,""4"":49,""5"":1,""6"":10,""9"":2}",61,3.8709627501576525,316,0.316,"{""10"":13,""11"":7,""12"":17,""13"":7,""14"":1,""3"":316,""4"":407,""5"":110,""6"":55,""7"":27,""8"":33,""9"":7}","{""10"":20,""11"":7,""12"":24,""13"":21,""14"":3,""15"":6,""16"":1,""19"":6,""21"":6,""23"":6,""24"":5,""25"":6,""28"":1,""29"":6,""3"":316,""31"":1,""4"":291,""5"":149,""6"":102,""7"":9,""8"":2,""9"":12}","{""Diagonal CMA-ES"":{""attempts"":311,""discoveries"":0,""improvements"":0,""insertions"":0,""insertion_rate"":0.0},""Immigrant"":{""attempts"":172,""discoveries"":0,""improvements"":0,""insertions"":0,""insertion_rate"":0.0},""Morphology"":{""attempts"":291,""discoveries"":0,""improvements"":2,""insertions"":2,""insertion_rate"":0.006872852233676976},""Novelty"":{""attempts"":226,""discoveries"":0,""improvements"":0,""insertions"":0,""insertion_rate"":0.0}}","{""Morphology"":212,""Novelty"":31}",0,0.8863636363636364,false,212000
42,235,236000,8.719311302,0.037113890999999996,0.030675149,0.003288828,0.003149914,10.148937568,155.12279,52.858746,10104.115241467953,191,0.9947917,23,2.328715287292707,103,0.5392670157068062,"{""10"":2,""11"":1,""12"":5,""13"":1,""3"":103,""4"":50,""5"":5,""6"":9,""7"":4,""8"":8,""9"":3}","{""10"":4,""11"":3,""12"":4,""13"":5,""14"":1,""15"":1,""19"":1,""21"":1,""23"":1,""24"":3,""25"":1,""29"":1,""3"":103,""4"":49,""5"":1,""6"":10,""9"":2}",70,3.838203638559024,315,0.315,"{""10"":13,""11"":6,""12"":17,""13"":5,""14"":2,""3"":315,""4"":418,""5"":103,""6"":49,""7"":27,""8"":33,""9"":12}","{""10"":20,""11"":7,""12"":22,""13"":20,""14"":7,""15"":6,""16"":2,""19"":6,""21"":6,""23"":6,""24"":5,""25"":4,""28"":1,""29"":7,""3"":315,""30"":1,""4"":311,""5"":141,""6"":82,""7"":15,""8"":6,""9"":10}","{""Diagonal CMA-ES"":{""attempts"":297,""discoveries"":0,""improvements"":0,""insertions"":0,""insertion_rate"":0.0},""Immigrant"":{""attempts"":153,""discoveries"":0,""improvements"":0,""insertions"":0,""insertion_rate"":0.0},""Morphology"":{""attempts"":296,""discoveries"":0,""improvements"":2,""insertions"":2,""insertion_rate"":0.006756756756756757},""Novelty"":{""attempts"":254,""discoveries"":0,""improvements"":0,""insertions"":0,""insertion_rate"":0.0}}","{""Morphology"":204,""Novelty"":37}",0,0.8863636363636364,false,213000
42,236,237000,8.755474163999999,0.036162862,0.031135822,0.001898497,0.003128543,10.18910995,155.12279,52.858746,10106.128364026546,191,0.9947917,23,2.3287152872927064,103,0.5392670157068062,"{""10"":2,""11"":1,""12"":5,""13"":1,""3"":103,""4"":50,""5"":5,""6"":9,""7"":4,""8"":8,""9"":3}","{""10"":4,""11"":3,""12"":4,""13"":5,""14"":1,""15"":1,""19"":1,""21"":1,""23"":1,""24"":3,""25"":1,""29"":1,""3"":103,""4"":49,""5"":1,""6"":10,""9"":2}",57,3.873632887186596,330,0.33,"{""10"":14,""11"":7,""12"":21,""13"":8,""3"":330,""4"":386,""5"":104,""6"":54,""7"":28,""8"":39,""9"":9}","{""10"":21,""11"":7,""12"":25,""13"":18,""14"":8,""15"":7,""19"":8,""21"":6,""22"":1,""23"":7,""24"":8,""25"":7,""29"":7,""3"":330,""4"":265,""5"":163,""6"":80,""7"":13,""8"":5,""9"":14}","{""Diagonal CMA-ES"":{""attempts"":312,""discoveries"":0,""improvements"":0,""insertions"":0,""insertion_rate"":0.0},""Immigrant"":{""attempts"":163,""discoveries"":0,""improvements"":0,""insertions"":0,""insertion_rate"":0.0},""Morphology"":{""attempts"":299,""discoveries"":0,""improvements"":1,""insertions"":1,""insertion_rate"":0.0033444816053511705},""Novelty"":{""attempts"":226,""discoveries"":0,""improvements"":0,""insertions"":0,""insertion_rate"":0.0}}","{""Morphology"":211,""Novelty"":23}",0,0.8863636363636364,false,214000
42,237,238000,8.796339930999999,0.040865767000000004,0.032959519,0.003262708,0.00464354,10.236382401,155.12279,52.858746,10112.622565686703,191,0.9947917,23,2.344849797870383,103,0.5392670157068062,"{""10"":2,""11"":1,""12"":5,""13"":1,""3"":103,""4"":49,""5"":6,""6"":9,""7"":4,""8"":8,""9"":3}","{""10"":4,""11"":3,""12"":4,""13"":5,""14"":1,""15"":1,""19"":1,""21"":1,""23"":1,""24"":3,""25"":1,""29"":1,""3"":103,""4"":48,""5"":1,""6"":11,""9"":2}",66,3.8117095598505126,352,0.352,"{""10"":13,""11"":6,""12"":16,""13"":9,""3"":352,""4"":368,""5"":113,""6"":51,""7"":26,""8"":34,""9"":12}","{""10"":19,""11"":11,""12"":22,""13"":21,""14"":5,""15"":8,""16"":1,""19"":6,""21"":7,""23"":6,""24"":6,""25"":7,""29"":4,""3"":352,""30"":1,""35"":1,""4"":267,""5"":141,""6"":94,""7"":11,""8"":1,""9"":9}","{""Diagonal CMA-ES"":{""attempts"":248,""discoveries"":0,""improvements"":0,""insertions"":0,""insertion_rate"":0.0},""Immigrant"":{""attempts"":168,""discoveries"":0,""improvements"":0,""insertions"":0,""insertion_rate"":0.0},""Morphology"":{""attempts"":330,""discoveries"":0,""improvements"":2,""insertions"":2,""insertion_rate"":0.006060606060606061},""Novelty"":{""attempts"":254,""discoveries"":0,""improvements"":0,""insertions"":0,""insertion_rate"":0.0}}","{""Morphology"":198,""Novelty"":34}",0,0.8863636363636364,false,215000
42,238,239000,8.832185781999998,0.035845851000000005,0.029509217,0.00314279,0.003193844,10.277958174,155.12279,52.858746,10121.365489423275,191,0.9947917,23,2.33864186204308,104,0.5445026178010471,"{""10"":2,""11"":1,""12"":5,""13"":1,""3"":104,""4"":48,""5"":6,""6"":9,""7"":4,""8"":8,""9"":3}","{""10"":4,""11"":3,""12"":4,""13"":5,""14"":1,""15"":1,""19"":1,""21"":1,""23"":1,""24"":3,""25"":1,""29"":1,""3"":104,""4"":47,""5"":1,""6"":11,""9"":2}",67,3.9394260774638874,321,0.321,"{""10"":14,""11"":6,""12"":46,""13"":12,""3"":321,""4"":381,""5"":98,""6"":50,""7"":30,""8"":35,""9"":7}","{""10"":17,""11"":5,""12"":25,""13"":17,""14"":9,""15"":6,""19"":7,""21"":6,""23"":6,""24"":36,""25"":7,""28"":1,""29"":6,""3"":321,""30"":2,""4"":267,""5"":147,""6"":78,""7"":17,""8"":6,""9"":14}","{""Diagonal CMA-ES"":{""attempts"":299,""discoveries"":0,""improvements"":0,""insertions"":0,""insertion_rate"":0.0},""Immigrant"":{""attempts"":139,""discoveries"":0,""improvements"":0,""insertions"":0,""insertion_rate"":0.0},""Morphology"":{""attempts"":312,""discoveries"":0,""improvements"":2,""insertions"":2,""insertion_rate"":0.00641025641025641},""Novelty"":{""attempts"":250,""discoveries"":0,""improvements"":1,""insertions"":1,""insertion_rate"":0.004}}","{""Morphology"":203,""Novelty"":33}",0,0.8863636363636364,false,216000
42,239,240000,8.868493493999997,0.036307712,0.031028965,0.002019602,0.003259145,10.318354956,155.12279,52.858746,10121.365489423275,191,0.9947917,23,2.3386418620430804,104,0.5445026178010471,"{""10"":2,""11"":1,""12"":5,""13"":1,""3"":104,""4"":48,""5"":6,""6"":9,""7"":4,""8"":8,""9"":3}","{""10"":4,""11"":3,""12"":4,""13"":5,""14"":1,""15"":1,""19"":1,""21"":1,""23"":1,""24"":3,""25"":1,""29"":1,""3"":104,""4"":47,""5"":1,""6"":11,""9"":2}",55,3.743692347256997,322,0.322,"{""10"":11,""11"":6,""12"":28,""13"":5,""14"":1,""3"":322,""4"":395,""5"":111,""6"":51,""7"":26,""8"":38,""9"":6}","{""10"":19,""11"":6,""12"":23,""13"":19,""14"":7,""15"":6,""19"":7,""21"":6,""23"":5,""24"":15,""25"":5,""29"":7,""3"":322,""31"":1,""4"":305,""5"":134,""6"":86,""7"":9,""8"":5,""9"":13}","{""Diagonal CMA-ES"":{""attempts"":297,""discoveries"":0,""improvements"":0,""insertions"":0,""insertion_rate"":0.0},""Immigrant"":{""attempts"":144,""discoveries"":0,""improvements"":0,""insertions"":0,""insertion_rate"":0.0},""Morphology"":{""attempts"":286,""discoveries"":0,""improvements"":0,""insertions"":0,""insertion_rate"":0.0},""Novelty"":{""attempts"":273,""discoveries"":0,""improvements"":0,""insertions"":0,""insertion_rate"":0.0}}","{""Morphology"":188,""Novelty"":24}",0,0.8863636363636364,false,217000
42,240,241000,8.906641524999998,0.038148031,0.030868679,0.003224714,0.004054638,10.362007322,155.12279,52.858746,10126.262317121029,191,0.9947917,23,2.3321934298259337,105,0.5497382198952879,"{""10"":2,""11"":1,""12"":5,""13"":1,""3"":105,""4"":47,""5"":6,""6"":9,""7"":4,""8"":8,""9"":3}","{""10"":4,""11"":3,""12"":4,""13"":5,""14"":1,""15"":1,""19"":1,""21"":1,""23"":1,""24"":3,""25"":1,""29"":1,""3"":105,""4"":46,""5"":1,""6"":11,""9"":2}",66,3.930834779902746,303,0.303,"{""10"":10,""11"":3,""12"":49,""13"":9,""14"":1,""3"":303,""4"":399,""5"":124,""6"":39,""7"":27,""8"":27,""9"":9}","{""10"":16,""11"":9,""12"":20,""13"":14,""14"":4,""15"":6,""19"":7,""21"":4,""22"":1,""23"":3,""24"":40,""25"":8,""26"":1,""29"":5,""3"":303,""4"":284,""5"":153,""6"":98,""7"":9,""8"":6,""9"":9}","{""Diagonal CMA-ES"":{""attempts"":293,""discoveries"":0,""improvements"":0,""insertions"":0,""insertion_rate"":0.0},""Immigrant"":{""attempts"":147,""discoveries"":0,""improvements"":0,""insertions"":0,""insertion_rate"":0.0},""Morphology"":{""attempts"":307,""discoveries"":0,""improvements"":1,""insertions"":1,""insertion_rate"":0.003257328990228013},""Novelty"":{""attempts"":253,""discoveries"":0,""improvements"":0,""insertions"":0,""insertion_rate"":0.0}}","{""Morphology"":209,""Novelty"":41}",0,0.8863636363636364,false,218000
42,241,242000,8.949894955999998,0.043253431,0.035297317,0.004032079,0.003924035,10.411243572,155.12279,52.858746,10136.706256330013,191,0.9947917,23,2.33864186204308,104,0.5445026178010471,"{""10"":2,""11"":1,""12"":5,""13"":1,""3"":104,""4"":48,""5"":6,""6"":9,""7"":4,""8"":8,""9"":3}","{""10"":4,""11"":3,""12"":4,""13"":5,""14"":1,""15"":1,""19"":1,""21"":1,""23"":1,""24"":3,""25"":1,""29"":1,""3"":104,""4"":47,""5"":1,""6"":11,""9"":2}",75,3.975115278371521,321,0.321,"{""10"":11,""11"":6,""12"":21,""13"":8,""3"":321,""4"":392,""5"":116,""6"":52,""7"":25,""8"":34,""9"":14}","{""10"":18,""11"":9,""12"":19,""13"":15,""14"":8,""15"":11,""16"":3,""18"":1,""19"":7,""21"":5,""22"":1,""23"":5,""24"":10,""25"":5,""28"":1,""29"":6,""3"":321,""30"":1,""4"":270,""5"":159,""6"":96,""7"":13,""8"":4,""9"":12}","{""Diagonal CMA-ES"":{""attempts"":289,""discoveries"":0,""improvements"":0,""insertions"":0,""insertion_rate"":0.0},""Immigrant"":{""attempts"":154,""discoveries"":0,""improvements"":0,""insertions"":0,""insertion_rate"":0.0},""Morphology"":{""attempts"":310,""discoveries"":0,""improvements"":4,""insertions"":4,""insertion_rate"":0.012903225806451613},""Novelty"":{""attempts"":247,""discoveries"":0,""improvements"":0,""insertions"":0,""insertion_rate"":0.0}}","{""Morphology"":217,""Novelty"":35}",0,0.8863636363636364,false,219000
42,242,243000,8.985484348999998,0.035589393,0.028295794,0.003280517,0.004013082,10.452508272,155.12279,52.858746,10143.792270123959,191,0.9947917,23,2.3386418620430804,104,0.5445026178010471,"{""10"":2,""11"":1,""12"":5,""13"":1,""3"":104,""4"":48,""5"":6,""6"":9,""7"":4,""8"":8,""9"":3}","{""10"":4,""11"":3,""12"":4,""13"":5,""14"":1,""15"":1,""19"":1,""21"":1,""23"":1,""24"":3,""25"":1,""29"":1,""3"":104,""4"":47,""5"":1,""6"":11,""9"":2}",65,3.7696528697965306,356,0.356,"{""10"":15,""11"":8,""12"":25,""13"":9,""14"":2,""3"":356,""4"":361,""5"":103,""6"":49,""7"":32,""8"":32,""9"":8}","{""10"":19,""11"":8,""12"":28,""13"":18,""14"":4,""15"":7,""16"":1,""19"":7,""21"":7,""23"":7,""24"":11,""25"":8,""26"":2,""29"":8,""3"":356,""4"":269,""5"":119,""6"":91,""7"":13,""8"":3,""9"":14}","{""Diagonal CMA-ES"":{""attempts"":321,""discoveries"":0,""improvements"":0,""insertions"":0,""insertion_rate"":0.0},""Immigrant"":{""attempts"":160,""discoveries"":0,""improvements"":0,""insertions"":0,""insertion_rate"":0.0},""Morphology"":{""attempts"":270,""discoveries"":0,""improvements"":1,""insertions"":1,""insertion_rate"":0.003703703703703704},""Novelty"":{""attempts"":249,""discoveries"":0,""improvements"":0,""insertions"":0,""insertion_rate"":0.0}}","{""Morphology"":161,""Novelty"":26}",0,0.8863636363636364,false,220000
42,243,244000,9.023676308999999,0.03819196,0.031019466,0.003356504,0.00381599,10.497232772,155.12279,52.858746,10145.481639325619,191,0.9947917,23,2.3386418620430804,104,0.5445026178010471,"{""10"":2,""11"":1,""12"":5,""13"":1,""3"":104,""4"":48,""5"":6,""6"":9,""7"":4,""8"":8,""9"":3}","{""10"":4,""11"":3,""12"":4,""13"":5,""14"":1,""15"":1,""19"":1,""21"":1,""23"":1,""24"":3,""25"":1,""29"":1,""3"":104,""4"":47,""5"":1,""6"":11,""9"":2}",67,3.9509907157663156,330,0.33,"{""10"":11,""11"":7,""12"":23,""13"":9,""3"":330,""4"":360,""5"":129,""6"":54,""7"":32,""8"":35,""9"":10}","{""10"":17,""11"":11,""12"":25,""13"":18,""14"":6,""15"":6,""17"":1,""19"":8,""21"":5,""22"":1,""23"":6,""24"":13,""25"":7,""29"":5,""3"":330,""30"":1,""4"":262,""5"":140,""6"":110,""7"":10,""8"":4,""9"":14}","{""Diagonal CMA-ES"":{""attempts"":309,""discoveries"":0,""improvements"":0,""insertions"":0,""insertion_rate"":0.0},""Immigrant"":{""attempts"":142,""discoveries"":0,""improvements"":0,""insertions"":0,""insertion_rate"":0.0},""Morphology"":{""attempts"":305,""discoveries"":0,""improvements"":1,""insertions"":1,""insertion_rate"":0.003278688524590164},""Novelty"":{""attempts"":244,""discoveries"":0,""improvements"":0,""insertions"":0,""insertion_rate"":0.0}}","{""Morphology"":207,""Novelty"":36}",0,0.8863636363636364,false,221000
42,244,245000,9.061401661,0.037725352000000004,0.030485181,0.003212841,0.00402733,10.54025468,155.12279,52.858746,10149.868697583675,191,0.9947917,23,2.3386418620430804,104,0.5445026178010471,"{""10"":2,""11"":1,""12"":5,""13"":1,""3"":104,""4"":48,""5"":6,""6"":9,""7"":4,""8"":8,""9"":3}","{""10"":4,""11"":3,""12"":4,""13"":5,""14"":1,""15"":1,""19"":1,""21"":1,""23"":1,""24"":3,""25"":1,""29"":1,""3"":104,""4"":47,""5"":1,""6"":11,""9"":2}",61,3.667985156670125,365,0.365,"{""10"":10,""11"":5,""12"":19,""13"":5,""14"":1,""3"":365,""4"":380,""5"":108,""6"":46,""7"":19,""8"":31,""9"":11}","{""10"":15,""11"":6,""12"":18,""13"":17,""14"":6,""15"":8,""19"":5,""21"":5,""23"":5,""24"":9,""25"":4,""26"":1,""29"":6,""3"":365,""4"":280,""5"":135,""6"":88,""7"":11,""8"":4,""9"":12}","{""Diagonal CMA-ES"":{""attempts"":294,""discoveries"":0,""improvements"":0,""insertions"":0,""insertion_rate"":0.0},""Immigrant"":{""attempts"":165,""discoveries"":0,""improvements"":0,""insertions"":0,""insertion_rate"":0.0},""Morphology"":{""attempts"":264,""discoveries"":0,""improvements"":1,""insertions"":1,""insertion_rate"":0.003787878787878788},""Novelty"":{""attempts"":277,""discoveries"":0,""improvements"":0,""insertions"":0,""insertion_rate"":0.0}}","{""Morphology"":173,""Novelty"":44}",0,0.8863636363636364,false,222000
42,245,246000,9.09880288,0.037401219,0.029341808,0.003344632,0.004714779,10.583368010000001,155.12279,53.040672,10193.198077619076,191,0.9947917,23,2.3386418620430804,104,0.5445026178010471,"{""10"":2,""11"":1,""12"":5,""13"":1,""3"":104,""4"":48,""5"":6,""6"":9,""7"":4,""8"":8,""9"":3}","{""10"":4,""11"":3,""12"":4,""13"":5,""14"":1,""15"":1,""19"":1,""21"":1,""23"":1,""24"":3,""25"":1,""29"":1,""3"":104,""4"":47,""5"":1,""6"":11,""9"":2}",67,3.930273792584565,348,0.348,"{""10"":10,""11"":8,""12"":26,""13"":6,""14"":1,""3"":348,""4"":351,""5"":120,""6"":57,""7"":29,""8"":35,""9"":9}","{""10"":19,""11"":8,""12"":24,""13"":17,""14"":7,""15"":7,""16"":1,""18"":1,""19"":5,""21"":6,""23"":7,""24"":14,""25"":6,""27"":1,""29"":6,""3"":348,""4"":243,""5"":146,""6"":97,""7"":15,""8"":6,""9"":16}","{""Diagonal CMA-ES"":{""attempts"":279,""discoveries"":0,""improvements"":0,""insertions"":0,""insertion_rate"":0.0},""Immigrant"":{""attempts"":161,""discoveries"":0,""improvements"":0,""insertions"":0,""insertion_rate"":0.0},""Morphology"":{""attempts"":315,""discoveries"":0,""improvements"":1,""insertions"":1,""insertion_rate"":0.0031746031746031746},""Novelty"":{""attempts"":245,""discoveries"":0,""improvements"":0,""insertions"":0,""insertion_rate"":0.0}}","{""Morphology"":213,""Novelty"":30}",0,0.8863636363636364,false,223000
42,246,247000,9.134226051999999,0.035423171999999996,0.030786755,0.001973297,0.00266312,10.622673661,155.12279,53.040672,10193.198077619076,191,0.9947917,23,2.3386418620430804,104,0.5445026178010471,"{""10"":2,""11"":1,""12"":5,""13"":1,""3"":104,""4"":48,""5"":6,""6"":9,""7"":4,""8"":8,""9"":3}","{""10"":4,""11"":3,""12"":4,""13"":5,""14"":1,""15"":1,""19"":1,""21"":1,""23"":1,""24"":3,""25"":1,""29"":1,""3"":104,""4"":47,""5"":1,""6"":11,""9"":2}",69,3.9775411275498995,336,0.336,"{""10"":13,""11"":8,""12"":24,""13"":12,""3"":336,""4"":345,""5"":125,""6"":61,""7"":29,""8"":40,""9"":7}","{""10"":21,""11"":8,""12"":26,""13"":21,""14"":7,""15"":6,""16"":1,""19"":8,""21"":6,""22"":1,""23"":6,""24"":11,""25"":8,""26"":1,""28"":1,""29"":8,""3"":336,""4"":243,""5"":136,""6"":108,""7"":18,""8"":4,""9"":15}","{""Diagonal CMA-ES"":{""attempts"":287,""discoveries"":0,""improvements"":0,""insertions"":0,""insertion_rate"":0.0},""Immigrant"":{""attempts"":137,""discoveries"":0,""improvements"":0,""insertions"":0,""insertion_rate"":0.0},""Morphology"":{""attempts"":299,""discoveries"":0,""improvements"":0,""insertions"":0,""insertion_rate"":0.0},""Novelty"":{""attempts"":277,""discoveries"":0,""improvements"":0,""insertions"":0,""insertion_rate"":0.0}}","{""Morphology"":200,""Novelty"":42}",0,0.8863636363636364,false,224000
42,247,248000,9.174468484999998,0.040242433,0.033045005,0.003418244,0.003779184,10.668374124,155.12279,53.040672,10224.926150739193,191,0.9947917,23,2.3386418620430804,104,0.5445026178010471,"{""10"":2,""11"":1,""12"":5,""13"":1,""3"":104,""4"":48,""5"":6,""6"":9,""7"":4,""8"":8,""9"":3}","{""10"":4,""11"":3,""12"":4,""13"":5,""14"":1,""15"":1,""19"":1,""21"":1,""23"":1,""24"":3,""25"":1,""29"":1,""3"":104,""4"":47,""5"":1,""6"":11,""9"":2}",63,3.8785599309100944,348,0.348,"{""10"":11,""11"":8,""12"":26,""13"":10,""3"":348,""4"":359,""5"":110,""6"":54,""7"":26,""8"":38,""9"":10}","{""10"":21,""11"":8,""12"":23,""13"":20,""14"":6,""15"":9,""19"":5,""20"":1,""21"":6,""23"":6,""24"":15,""25"":9,""29"":6,""3"":348,""34"":1,""4"":251,""5"":149,""6"":88,""7"":13,""8"":2,""9"":13}","{""Diagonal CMA-ES"":{""attempts"":282,""discoveries"":0,""improvements"":0,""insertions"":0,""insertion_rate"":0.0},""Immigrant"":{""attempts"":150,""discoveries"":0,""improvements"":0,""insertions"":0,""insertion_rate"":0.0},""Morphology"":{""attempts"":290,""discoveries"":0,""improvements"":3,""insertions"":3,""insertion_rate"":0.010344827586206896},""Novelty"":{""attempts"":278,""discoveries"":0,""improvements"":0,""insertions"":0,""insertion_rate"":0.0}}","{""Morphology"":186,""Novelty"":32}",0,0.8863636363636364,false,225000
42,248,249000,9.211773532999999,0.037305048,0.02989153,0.00329239,0.004121128,10.711926756,155.12279,53.040672,10228.420990407467,191,0.9947917,23,2.3386418620430804,104,0.5445026178010471,"{""10"":2,""11"":1,""12"":5,""13"":1,""3"":104,""4"":48,""5"":6,""6"":9,""7"":4,""8"":8,""9"":3}","{""10"":4,""11"":3,""12"":4,""13"":5,""14"":1,""15"":1,""19"":1,""21"":1,""23"":1,""24"":3,""25"":1,""29"":1,""3"":104,""4"":47,""5"":1,""6"":11,""9"":2}",65,3.895587018664191,351,0.351,"{""10"":13,""11"":6,""12"":25,""13"":8,""3"":351,""4"":348,""5"":111,""6"":60,""7"":29,""8"":38,""9"":11}","{""10"":21,""11"":8,""12"":26,""13"":20,""14"":6,""15"":11,""19"":6,""21"":6,""23"":6,""24"":14,""25"":7,""29"":5,""3"":351,""30"":1,""4"":247,""5"":131,""6"":99,""7"":17,""8"":6,""9"":12}","{""Diagonal CMA-ES"":{""attempts"":300,""discoveries"":0,""improvements"":0,""insertions"":0,""insertion_rate"":0.0},""Immigrant"":{""attempts"":153,""discoveries"":0,""improvements"":0,""insertions"":0,""insertion_rate"":0.0},""Morphology"":{""attempts"":267,""discoveries"":0,""improvements"":0,""insertions"":0,""insertion_rate"":0.0},""Novelty"":{""attempts"":280,""discoveries"":0,""improvements"":2,""insertions"":2,""insertion_rate"":0.007142857142857143}}","{""Morphology"":185,""Novelty"":35}",0,0.8863636363636364,false,226000
42,249,250000,9.250230261999999,0.038456729,0.030030444,0.003629583,0.004796702,10.756261821,155.12279,53.040672,10228.420990407467,191,0.9947917,23,2.338641862043081,104,0.5445026178010471,"{""10"":2,""11"":1,""12"":5,""13"":1,""3"":104,""4"":48,""5"":6,""6"":9,""7"":4,""8"":8,""9"":3}","{""10"":4,""11"":3,""12"":4,""13"":5,""14"":1,""15"":1,""19"":1,""21"":1,""23"":1,""24"":3,""25"":1,""29"":1,""3"":104,""4"":47,""5"":1,""6"":11,""9"":2}",60,3.8849440391662693,347,0.347,"{""10"":13,""11"":8,""12"":28,""13"":7,""3"":347,""4"":343,""5"":121,""6"":55,""7"":31,""8"":38,""9"":9}","{""10"":20,""11"":7,""12"":27,""13"":20,""14"":6,""15"":8,""16"":2,""19"":7,""21"":7,""23"":7,""24"":14,""25"":7,""29"":7,""3"":347,""4"":243,""5"":144,""6"":102,""7"":10,""8"":1,""9"":14}","{""Diagonal CMA-ES"":{""attempts"":315,""discoveries"":0,""improvements"":0,""insertions"":0,""insertion_rate"":0.0},""Immigrant"":{""attempts"":144,""discoveries"":0,""improvements"":0,""insertions"":0,""insertion_rate"":0.0},""Morphology"":{""attempts"":314,""discoveries"":0,""improvements"":0,""insertions"":0,""insertion_rate"":0.0},""Novelty"":{""attempts"":227,""discoveries"":0,""improvements"":0,""insertions"":0,""insertion_rate"":0.0}}","{""Morphology"":209,""Novelty"":19}",0,0.8863636363636364,false,227000
42,250,251000,9.290255418,0.040025156000000006,0.032120096,0.004116378,0.003788682,10.802742341,155.12279,53.390667,10263.478682041168,191,0.9947917,23,2.312961567957045,105,0.5497382198952879,"{""10"":2,""11"":1,""12"":5,""13"":1,""3"":105,""4"":48,""5"":6,""6"":8,""7"":4,""8"":8,""9"":3}","{""10"":4,""11"":3,""12"":4,""13"":5,""14"":1,""15"":1,""19"":1,""21"":1,""23"":1,""24"":3,""25"":1,""29"":1,""3"":105,""4"":47,""5"":1,""6"":10,""9"":2}",63,3.924747177142206,345,0.345,"{""10"":12,""11"":7,""12"":22,""13"":7,""14"":1,""3"":345,""4"":354,""5"":121,""6"":57,""7"":26,""8"":38,""9"":10}","{""10"":19,""11"":8,""12"":25,""13"":20,""14"":8,""15"":7,""16"":1,""19"":5,""21"":6,""23"":6,""24"":12,""25"":6,""29"":6,""3"":345,""34"":1,""4"":239,""5"":149,""6"":110,""7"":10,""8"":5,""9"":12}","{""Diagonal CMA-ES"":{""attempts"":318,""discoveries"":0,""improvements"":0,""insertions"":0,""insertion_rate"":0.0},""Immigrant"":{""attempts"":150,""discoveries"":0,""improvements"":0,""insertions"":0,""insertion_rate"":0.0},""Morphology"":{""attempts"":297,""discoveries"":0,""improvements"":5,""insertions"":5,""insertion_rate"":0.016835016835016835},""Novelty"":{""attempts"":235,""discoveries"":0,""improvements"":1,""insertions"":1,""insertion_rate"":0.00425531914893617}}","{""Morphology"":203,""Novelty"":26}",0,0.8863636363636364,false,228000
42,251,252000,9.333025617999999,0.04277020000000001,0.034459082,0.003357691,0.004953427,10.851631899000001,155.12279,53.615036,10283.391581058502,191,0.9947917,23,2.312961567957045,105,0.5497382198952879,"{""10"":2,""11"":1,""12"":5,""13"":1,""3"":105,""4"":48,""5"":6,""6"":8,""7"":4,""8"":8,""9"":3}","{""10"":4,""11"":3,""12"":4,""13"":5,""14"":1,""15"":1,""19"":1,""21"":1,""23"":1,""24"":3,""25"":1,""29"":1,""3"":105,""4"":47,""5"":1,""6"":10,""9"":2}",72,3.877260204306264,358,0.358,"{""10"":13,""11"":6,""12"":23,""13"":7,""3"":358,""4"":356,""5"":115,""6"":51,""7"":28,""8"":33,""9"":10}","{""10"":17,""11"":9,""12"":23,""13"":20,""14"":2,""15"":9,""16"":2,""18"":1,""19"":6,""21"":5,""23"":6,""24"":12,""25"":7,""29"":6,""3"":358,""4"":243,""5"":149,""6"":89,""7"":17,""8"":5,""9"":14}","{""Diagonal CMA-ES"":{""attempts"":290,""discoveries"":0,""improvements"":0,""insertions"":0,""insertion_rate"":0.0},""Immigrant"":{""attempts"":194,""discoveries"":0,""improvements"":0,""insertions"":0,""insertion_rate"":0.0},""Morphology"":{""attempts"":299,""discoveries"":0,""improvements"":4,""insertions"":4,""insertion_rate"":0.013377926421404682},""Novelty"":{""attempts"":217,""discoveries"":0,""improvements"":0,""insertions"":0,""insertion_rate"":0.0}}","{""Morphology"":197,""Novelty"":24}",0,0.8863636363636364,false,229000
42,252,253000,9.376643551999999,0.043617934,0.036421693,0.003403996,0.003792245,10.901466549,155.12279,53.615036,10283.7141289711,191,0.9947917,23,2.3129615679570454,105,0.5497382198952879,"{""10"":2,""11"":1,""12"":5,""13"":1,""3"":105,""4"":48,""5"":6,""6"":8,""7"":4,""8"":8,""9"":3}","{""10"":4,""11"":3,""12"":4,""13"":5,""14"":1,""15"":1,""19"":1,""21"":1,""23"":1,""24"":3,""25"":1,""29"":1,""3"":105,""4"":47,""5"":1,""6"":10,""9"":2}",71,3.948654013065357,354,0.354,"{""10"":14,""11"":6,""12"":27,""13"":9,""3"":354,""4"":338,""5"":123,""6"":52,""7"":29,""8"":34,""9"":14}","{""10"":21,""11"":9,""12"":24,""13"":20,""14"":3,""15"":11,""17"":1,""19"":7,""21"":7,""22"":1,""23"":6,""24"":14,""25"":7,""27"":1,""29"":6,""3"":354,""30"":1,""4"":239,""5"":143,""6"":97,""7"":10,""8"":3,""9"":15}","{""Diagonal CMA-ES"":{""attempts"":317,""discoveries"":0,""improvements"":0,""insertions"":0,""insertion_rate"":0.0},""Immigrant"":{""attempts"":127,""discoveries"":0,""improvements"":0,""insertions"":0,""insertion_rate"":0.0},""Morphology"":{""attempts"":297,""discoveries"":0,""improvements"":1,""insertions"":1,""insertion_rate"":0.003367003367003367},""Novelty"":{""attempts"":259,""discoveries"":0,""improvements"":0,""insertions"":0,""insertion_rate"":0.0}}","{""Morphology"":202,""Novelty"":37}",0,0.8863636363636364,false,230000
42,253,254000,9.419926666999999,0.043283115,0.035800734,0.003013374,0.004469007,10.950560322,155.12279,53.615036,10287.19703912735,191,0.9947917,22,2.270219218068269,106,0.5549738219895288,"{""10"":2,""11"":1,""12"":5,""13"":1,""3"":106,""4"":48,""5"":6,""6"":7,""7"":4,""8"":8,""9"":3}","{""10"":4,""11"":3,""12"":4,""13"":5,""14"":1,""15"":1,""19"":1,""21"":1,""23"":1,""24"":3,""25"":1,""29"":1,""3"":106,""4"":47,""5"":1,""6"":9,""9"":2}",66,3.6711337895151535,405,0.405,"{""10"":10,""11"":5,""12"":20,""13"":7,""3"":405,""4"":349,""5"":100,""6"":43,""7"":21,""8"":31,""9"":9}","{""10"":15,""11"":6,""12"":19,""13"":18,""14"":4,""15"":7,""16"":1,""18"":1,""19"":5,""21"":5,""23"":4,""24"":9,""25"":6,""28"":1,""29"":6,""3"":405,""4"":232,""5"":139,""6"":90,""7"":8,""8"":8,""9"":11}","{""Diagonal CMA-ES"":{""attempts"":283,""discoveries"":0,""improvements"":0,""insertions"":0,""insertion_rate"":0.0},""Immigrant"":{""attempts"":153,""discoveries"":0,""improvements"":0,""insertions"":0,""insertion_rate"":0.0},""Morphology"":{""attempts"":299,""discoveries"":0,""improvements"":3,""insertions"":3,""insertion_rate"":0.010033444816053512},""Novelty"":{""attempts"":265,""discoveries"":0,""improvements"":0,""insertions"":0,""insertion_rate"":0.0}}","{""Morphology"":213,""Novelty"":27}",0,0.8863636363636364,false,231000
42,254,255000,9.455366460999999,0.035439794,0.029130468,0.002038599,0.004270727,10.991224247,155.12279,53.615036,10290.146337985992,191,0.9947917,22,2.2702192180682688,106,0.5549738219895288,"{""10"":2,""11"":1,""12"":5,""13"":1,""3"":106,""4"":48,""5"":6,""6"":7,""7"":4,""8"":8,""9"":3}","{""10"":4,""11"":3,""12"":4,""13"":5,""14"":1,""15"":1,""19"":1,""21"":1,""23"":1,""24"":3,""25"":1,""29"":1,""3"":106,""4"":47,""5"":1,""6"":9,""9"":2}",60,3.745219249713491,366,0.366,"{""10"":12,""11"":6,""12"":23,""13"":6,""14"":1,""3"":366,""4"":367,""5"":110,""6"":37,""7"":28,""8"":33,""9"":11}","{""10"":17,""11"":8,""12"":24,""13"":17,""14"":5,""15"":9,""16"":1,""19"":6,""21"":6,""23"":6,""24"":11,""25"":6,""29"":7,""3"":366,""4"":250,""5"":149,""6"":85,""7"":12,""8"":2,""9"":13}","{""Diagonal CMA-ES"":{""attempts"":308,""discoveries"":0,""improvements"":0,""insertions"":0,""insertion_rate"":0.0},""Immigrant"":{""attempts"":142,""discoveries"":0,""improvements"":0,""insertions"":0,""insertion_rate"":0.0},""Morphology"":{""attempts"":306,""discoveries"":0,""improvements"":1,""insertions"":1,""insertion_rate"":0.0032679738562091504},""Novelty"":{""attempts"":244,""discoveries"":0,""improvements"":0,""insertions"":0,""insertion_rate"":0.0}}","{""Morphology"":213,""Novelty"":25}",0,0.8863636363636364,false,232000
42,255,256000,9.491575626,0.036209165,0.028093953,0.003941844,0.004173368,11.033805666,155.12279,53.615036,10290.441359043121,191,0.9947917,22,2.284756855056321,106,0.5549738219895288,"{""10"":2,""11"":1,""12"":5,""13"":1,""3"":106,""4"":47,""5"":7,""6"":7,""7"":4,""8"":8,""9"":3}","{""10"":4,""11"":3,""12"":4,""13"":5,""14"":1,""15"":1,""19"":1,""21"":1,""23"":1,""24"":3,""25"":1,""29"":1,""3"":106,""4"":46,""5"":1,""6"":10,""9"":2}",61,3.556225926870819,362,0.362,"{""10"":8,""11"":4,""12"":16,""13"":5,""3"":362,""4"":420,""5"":100,""6"":35,""7"":24,""8"":19,""9"":7}","{""10"":12,""11"":5,""12"":19,""13"":13,""15"":6,""16"":1,""19"":5,""21"":4,""23"":4,""24"":8,""25"":4,""28"":1,""29"":4,""3"":362,""4"":308,""5"":147,""6"":63,""7"":16,""8"":6,""9"":12}","{""Diagonal CMA-ES"":{""attempts"":274,""discoveries"":0,""improvements"":0,""insertions"":0,""insertion_rate"":0.0},""Immigrant"":{""attempts"":139,""discoveries"":0,""improvements"":0,""insertions"":0,""insertion_rate"":0.0},""Morphology"":{""attempts"":311,""discoveries"":0,""improvements"":1,""insertions"":1,""insertion_rate"":0.003215434083601286},""Novelty"":{""attempts"":276,""discoveries"":0,""improvements"":0,""insertions"":0,""insertion_rate"":0.0}}","{""Morphology"":211,""Novelty"":32}",0,0.8863636363636364,false,233000
42,256,257000,9.52791302,0.036337394,0.030495866,0.002014852,0.003826676,11.073843883,155.12279,53.615036,10298.552053928375,191,0.9947917,22,2.2847568550563215,106,0.5549738219895288,"{""10"":2,""11"":1,""12"":5,""13"":1,""3"":106,""4"":47,""5"":7,""6"":7,""7"":4,""8"":8,""9"":3}","{""10"":4,""11"":3,""12"":4,""13"":5,""14"":1,""15"":1,""19"":1,""21"":1,""23"":1,""24"":3,""25"":1,""29"":1,""3"":106,""4"":46,""5"":1,""6"":10,""9"":2}",61,3.7867911968756753,372,0.372,"{""10"":12,""11"":6,""12"":20,""13"":10,""3"":372,""4"":344,""5"":125,""6"":41,""7"":25,""8"":36,""9"":9}","{""10"":18,""11"":7,""12"":23,""13"":21,""14"":5,""15"":7,""18"":1,""19"":6,""21"":4,""23"":7,""24"":11,""25"":8,""29"":6,""3"":372,""4"":237,""5"":147,""6"":95,""7"":8,""8"":6,""9"":11}","{""Diagonal CMA-ES"":{""attempts"":308,""discoveries"":0,""improvements"":0,""insertions"":0,""insertion_rate"":0.0},""Immigrant"":{""attempts"":162,""discoveries"":0,""improvements"":0,""insertions"":0,""insertion_rate"":0.0},""Morphology"":{""attempts"":296,""discoveries"":0,""improvements"":1,""insertions"":1,""insertion_rate"":0.0033783783783783786},""Novelty"":{""attempts"":234,""discoveries"":0,""improvements"":1,""insertions"":1,""insertion_rate"":0.004273504273504274}}","{""Morphology"":197,""Novelty"":27}",0,0.8863636363636364,false,234000
42,257,258000,9.564699215,0.036786195,0.030101682,0.003126168,0.003558345,11.116105917,155.12279,54.148895,10319.040575504303,191,0.9947917,22,2.2847568550563215,106,0.5549738219895288,"{""10"":2,""11"":1,""12"":5,""13"":1,""3"":106,""4"":47,""5"":7,""6"":7,""7"":4,""8"":8,""9"":3}","{""10"":4,""11"":3,""12"":4,""13"":5,""14"":1,""15"":1,""19"":1,""21"":1,""23"":1,""24"":3,""25"":1,""29"":1,""3"":106,""4"":46,""5"":1,""6"":10,""9"":2}",68,3.7338690141960003,369,0.369,"{""10"":14,""11"":6,""12"":21,""13"":8,""14"":2,""3"":369,""4"":364,""5"":105,""6"":42,""7"":28,""8"":32,""9"":9}","{""10"":19,""11"":7,""12"":26,""13"":18,""14"":5,""15"":8,""17"":1,""19"":6,""21"":4,""22"":2,""23"":6,""24"":11,""25"":4,""27"":1,""29"":8,""3"":369,""30"":1,""4"":262,""5"":130,""6"":86,""7"":12,""8"":3,""9"":11}","{""Diagonal CMA-ES"":{""attempts"":279,""discoveries"":0,""improvements"":0,""insertions"":0,""insertion_rate"":0.0},""Immigrant"":{""attempts"":168,""discoveries"":0,""improvements"":0,""insertions"":0,""insertion_rate"":0.0},""Morphology"":{""attempts"":284,""discoveries"":0,""improvements"":1,""insertions"":1,""insertion_rate"":0.0035211267605633804},""Novelty"":{""attempts"":269,""discoveries"":0,""improvements"":0,""insertions"":0,""insertion_rate"":0.0}}","{""Morphology"":187,""Novelty"":39}",0,0.8863636363636364,false,235000
42,258,259000,9.600420399999999,0.035721184999999996,0.028575998,0.002863774,0.004281413,11.156412464,155.12279,54.148895,10331.244532108307,191,0.9947917,22,2.2779935430491345,107,0.5602094240837696,"{""10"":2,""11"":1,""12"":5,""13"":1,""3"":107,""4"":46,""5"":7,""6"":7,""7"":4,""8"":8,""9"":3}","{""10"":4,""11"":3,""12"":4,""13"":5,""14"":1,""15"":1,""19"":1,""21"":1,""23"":1,""24"":3,""25"":1,""29"":1,""3"":107,""4"":45,""5"":1,""6"":10,""9"":2}",60,3.422932695776817,454,0.454,"{""10"":9,""11"":3,""12"":18,""13"":4,""3"":454,""4"":314,""5"":117,""6"":32,""7"":19,""8"":23,""9"":7}","{""10"":14,""11"":6,""12"":16,""13"":12,""14"":5,""15"":5,""16"":1,""19"":4,""21"":4,""23"":3,""24"":10,""25"":4,""29"":4,""3"":454,""4"":233,""5"":127,""6"":71,""7"":15,""8"":2,""9"":10}","{""Diagonal CMA-ES"":{""attempts"":300,""discoveries"":0,""improvements"":0,""insertions"":0,""insertion_rate"":0.0},""Immigrant"":{""attempts"":173,""discoveries"":0,""improvements"":0,""insertions"":0,""insertion_rate"":0.0},""Morphology"":{""attempts"":282,""discoveries"":0,""improvements"":2,""insertions"":2,""insertion_rate"":0.0070921985815602835},""Novelty"":{""attempts"":245,""discoveries"":0,""improvements"":0,""insertions"":0,""insertion_rate"":0.0}}","{""Morphology"":191,""Novelty"":24}",0,0.8863636363636364,false,236000
42,259,260000,9.639944515,0.039524115,0.031141758,0.003437241,0.004945116,11.202998654,155.12279,54.148895,10371.322243213654,191,0.9947917,23,2.3138681644914496,107,0.5602094240837696,"{""10"":2,""11"":1,""12"":5,""13"":1,""3"":107,""4"":46,""5"":7,""6"":7,""7"":4,""8"":8,""9"":3}","{""10"":4,""11"":3,""12"":4,""13"":5,""14"":1,""15"":1,""19"":1,""21"":1,""23"":1,""24"":3,""25"":1,""29"":1,""3"":107,""4"":45,""5"":1,""6"":10,""9"":2}",62,3.569104406993388,433,0.433,"{""10"":12,""11"":6,""12"":20,""13"":8,""14"":1,""3"":433,""4"":319,""5"":107,""6"":34,""7"":26,""8"":24,""9"":10}","{""10"":12,""11"":5,""12"":23,""13"":13,""14"":3,""15"":8,""17"":2,""19"":6,""21"":4,""23"":6,""24"":12,""25"":5,""26"":1,""29"":6,""3"":433,""30"":1,""4"":223,""5"":132,""6"":71,""7"":18,""8"":4,""9"":12}","{""Diagonal CMA-ES"":{""attempts"":319,""discoveries"":0,""improvements"":0,""insertions"":0,""insertion_rate"":0.0},""Immigrant"":{""attempts"":154,""discoveries"":0,""improvements"":0,""insertions"":0,""insertion_rate"":0.0},""Morphology"":{""attempts"":268,""discoveries"":0,""improvements"":2,""insertions"":2,""insertion_rate"":0.007462686567164179},""Novelty"":{""attempts"":259,""discoveries"":0,""improvements"":0,""insertions"":0,""insertion_rate"":0.0}}","{""Morphology"":183,""Novelty"":35}",1,0.8863636363636364,false,237000
42,260,261000,9.676947985,0.037003470000000004,0.029378614,0.003183158,0.004441698,11.245564638,155.12279,54.148895,10391.174475193024,191,0.9947917,23,2.2943828311565695,108,0.5654450261780105,"{""10"":2,""11"":1,""12"":5,""13"":1,""3"":108,""4"":44,""5"":8,""6"":7,""7"":4,""8"":8,""9"":3}","{""10"":4,""11"":3,""12"":4,""13"":5,""14"":1,""15"":1,""19"":1,""21"":1,""23"":1,""24"":3,""25"":1,""29"":1,""3"":108,""4"":43,""5"":1,""6"":11,""9"":2}",65,3.7885422534316278,376,0.376,"{""10"":13,""11"":6,""12"":23,""13"":6,""14"":2,""3"":376,""4"":340,""5"":101,""6"":54,""7"":32,""8"":35,""9"":12}","{""10"":23,""11"":5,""12"":29,""13"":20,""14"":5,""15"":9,""16"":3,""17"":2,""19"":7,""21"":6,""23"":5,""24"":12,""25"":5,""26"":1,""29"":5,""3"":376,""30"":2,""4"":239,""5"":137,""6"":79,""7"":10,""8"":6,""9"":14}","{""Diagonal CMA-ES"":{""attempts"":306,""discoveries"":0,""improvements"":0,""insertions"":0,""insertion_rate"":0.0},""Immigrant"":{""attempts"":138,""discoveries"":0,""improvements"":0,""insertions"":0,""insertion_rate"":0.0},""Morphology"":{""attempts"":291,""discoveries"":0,""improvements"":2,""insertions"":2,""insertion_rate"":0.006872852233676976},""Novelty"":{""attempts"":265,""discoveries"":0,""improvements"":0,""insertions"":0,""insertion_rate"":0.0}}","{""Morphology"":190,""Novelty"":31}",0,0.8863636363636364,false,238000
42,261,262000,9.71572291,0.038774925,0.030918545,0.003470485,0.004385895,11.290644142,155.12279,54.86281,10430.082159519196,191,0.9947917,23,2.2943828311565695,108,0.5654450261780105,"{""10"":2,""11"":1,""12"":5,""13"":1,""3"":108,""4"":44,""5"":8,""6"":7,""7"":4,""8"":8,""9"":3}","{""10"":4,""11"":3,""12"":4,""13"":5,""14"":1,""15"":1,""19"":1,""21"":1,""23"":1,""24"":3,""25"":1,""29"":1,""3"":108,""4"":43,""5"":1,""6"":11,""9"":2}",63,3.853439690159515,346,0.346,"{""10"":12,""11"":5,""12"":24,""13"":7,""3"":346,""4"":377,""5"":113,""6"":45,""7"":26,""8"":34,""9"":11}","{""10"":19,""11"":9,""12"":23,""13"":18,""14"":4,""15"":8,""16"":2,""19"":6,""21"":6,""23"":5,""24"":12,""25"":6,""28"":1,""29"":6,""3"":346,""4"":253,""5"":167,""6"":77,""7"":14,""8"":5,""9"":13}","{""Diagonal CMA-ES"":{""attempts"":302,""discoveries"":0,""improvements"":0,""insertions"":0,""insertion_rate"":0.0},""Immigrant"":{""attempts"":137,""discoveries"":0,""improvements"":0,""insertions"":0,""insertion_rate"":0.0},""Morphology"":{""attempts"":313,""discoveries"":0,""improvements"":3,""insertions"":3,""insertion_rate"":0.009584664536741214},""Novelty"":{""attempts"":248,""discoveries"":0,""improvements"":0,""insertions"":0,""insertion_rate"":0.0}}","{""Morphology"":217,""Novelty"":28}",0,0.8863636363636364,false,239000
42,262,263000,9.755917851,0.040194941,0.032944084,0.003203342,0.004047515,11.336243684,155.12279,54.86281,10430.317389011383,191,0.9947917,23,2.294382831156569,108,0.5654450261780105,"{""10"":2,""11"":1,""12"":5,""13"":1,""3"":108,""4"":44,""5"":8,""6"":7,""7"":4,""8"":8,""9"":3}","{""10"":4,""11"":3,""12"":4,""13"":5,""14"":1,""15"":1,""19"":1,""21"":1,""23"":1,""24"":3,""25"":1,""29"":1,""3"":108,""4"":43,""5"":1,""6"":11,""9"":2}",60,3.526093471168486,304,0.304,"{""10"":9,""11"":4,""12"":13,""13"":7,""3"":304,""4"":486,""5"":106,""6"":23,""7"":20,""8"":19,""9"":9}","{""10"":10,""11"":6,""12"":19,""13"":13,""14"":1,""15"":6,""17"":1,""19"":4,""21"":3,""23"":4,""24"":9,""25"":5,""29"":3,""3"":304,""34"":1,""4"":368,""5"":151,""6"":77,""7"":8,""8"":2,""9"":5}","{""Diagonal CMA-ES"":{""attempts"":300,""discoveries"":0,""improvements"":0,""insertions"":0,""insertion_rate"":0.0},""Immigrant"":{""attempts"":135,""discoveries"":0,""improvements"":0,""insertions"":0,""insertion_rate"":0.0},""Morphology"":{""attempts"":326,""discoveries"":0,""improvements"":1,""insertions"":1,""insertion_rate"":0.003067484662576687},""Novelty"":{""attempts"":239,""discoveries"":0,""improvements"":0,""insertions"":0,""insertion_rate"":0.0}}","{""Morphology"":223,""Novelty"":33}",0,0.8870056497175142,false,240000
42,263,264000,9.796537846,0.040619995000000006,0.033806066,0.003101234,0.003712695,11.38241788,155.12279,54.86281,10433.707052707672,191,0.9947917,23,2.294382831156569,108,0.5654450261780105,"{""10"":2,""11"":1,""12"":5,""13"":1,""3"":108,""4"":44,""5"":8,""6"":7,""7"":4,""8"":8,""9"":3}","{""10"":4,""11"":3,""12"":4,""13"":5,""14"":1,""15"":1,""19"":1,""21"":1,""23"":1,""24"":3,""25"":1,""29"":1,""3"":108,""4"":43,""5"":1,""6"":11,""9"":2}",68,3.8653656604297777,349,0.349,"{""10"":12,""11"":6,""12"":22,""13"":10,""3"":349,""4"":379,""5"":111,""6"":43,""7"":23,""8"":34,""9"":11}","{""10"":17,""11"":7,""12"":21,""13"":19,""14"":3,""15"":7,""16"":5,""18"":1,""19"":6,""21"":6,""23"":5,""24"":10,""25"":7,""28"":1,""29"":8,""3"":349,""4"":244,""5"":168,""6"":87,""7"":12,""8"":4,""9"":13}","{""Diagonal CMA-ES"":{""attempts"":283,""discoveries"":0,""improvements"":0,""insertions"":0,""insertion_rate"":0.0},""Immigrant"":{""attempts"":150,""discoveries"":0,""improvements"":0,""insertions"":0,""insertion_rate"":0.0},""Morphology"":{""attempts"":330,""discoveries"":0,""improvements"":0,""insertions"":0,""insertion_rate"":0.0},""Novelty"":{""attempts"":237,""discoveries"":0,""improvements"":1,""insertions"":1,""insertion_rate"":0.004219409282700422}}","{""Morphology"":244,""Novelty"":30}",0,0.8870056497175142,false,241000
42,264,265000,9.833155442999999,0.036617597,0.03146233,0.001873563,0.003281704,11.422877589,155.12279,55.32546,10459.83978509903,191,0.9947917,23,2.2943828311565695,108,0.5654450261780105,"{""10"":2,""11"":1,""12"":5,""13"":1,""3"":108,""4"":44,""5"":8,""6"":7,""7"":4,""8"":8,""9"":3}","{""10"":4,""11"":3,""12"":4,""13"":5,""14"":1,""15"":1,""19"":1,""21"":1,""23"":1,""24"":3,""25"":1,""29"":1,""3"":108,""4"":43,""5"":1,""6"":11,""9"":2}",67,3.795886247352082,373,0.373,"{""10"":11,""11"":7,""12"":23,""13"":7,""14"":1,""3"":373,""4"":346,""5"":111,""6"":48,""7"":26,""8"":33,""9"":14}","{""10"":20,""11"":10,""12"":22,""13"":19,""14"":4,""15"":9,""16"":2,""17"":1,""19"":6,""21"":6,""23"":6,""24"":13,""25"":5,""29"":4,""3"":373,""30"":1,""34"":2,""4"":251,""5"":137,""6"":78,""7"":12,""8"":4,""9"":15}","{""Diagonal CMA-ES"":{""attempts"":306,""discoveries"":0,""improvements"":0,""insertions"":0,""insertion_rate"":0.0},""Immigrant"":{""attempts"":156,""discoveries"":0,""improvements"":0,""insertions"":0,""insertion_rate"":0.0},""Morphology"":{""attempts"":301,""discoveries"":0,""improvements"":1,""insertions"":1,""insertion_rate"":0.0033222591362126247},""Novelty"":{""attempts"":237,""discoveries"":0,""improvements"":0,""insertions"":0,""insertion_rate"":0.0}}","{""Morphology"":205,""Novelty"":27}",0,0.8870056497175142,false,242000
42,265,266000,9.869507084999999,0.036351642,0.028514258,0.004217299,0.003620085,11.464980525,155.12279,55.32546,10459.83978509903,191,0.9947917,23,2.2943828311565695,108,0.5654450261780105,"{""10"":2,""11"":1,""12"":5,""13"":1,""3"":108,""4"":44,""5"":8,""6"":7,""7"":4,""8"":8,""9"":3}","{""10"":4,""11"":3,""12"":4,""13"":5,""14"":1,""15"":1,""19"":1,""21"":1,""23"":1,""24"":3,""25"":1,""29"":1,""3"":108,""4"":43,""5"":1,""6"":11,""9"":2}",59,3.7844204594493984,372,0.372,"{""10"":12,""11"":6,""12"":23,""13"":8,""3"":372,""4"":337,""5"":130,""6"":44,""7"":27,""8"":30,""9"":11}","{""10"":19,""11"":8,""12"":24,""13"":15,""14"":4,""15"":9,""17"":1,""19"":6,""21"":6,""23"":6,""24"":11,""25"":8,""29"":6,""3"":372,""4"":231,""5"":154,""6"":88,""7"":14,""8"":5,""9"":13}","{""Diagonal CMA-ES"":{""attempts"":290,""discoveries"":0,""improvements"":0,""insertions"":0,""insertion_rate"":0.0},""Immigrant"":{""attempts"":172,""discoveries"":0,""improvements"":0,""insertions"":0,""insertion_rate"":0.0},""Morphology"":{""attempts"":292,""discoveries"":0,""improvements"":0,""insertions"":0,""insertion_rate"":0.0},""Novelty"":{""attempts"":246,""discoveries"":0,""improvements"":0,""insertions"":0,""insertion_rate"":0.0}}","{""Morphology"":203,""Novelty"":28}",0,0.8870056497175142,false,243000
42,266,267000,9.906103313,0.036596228,0.029632698,0.003154663,0.003808867,11.506992038,155.12279,55.32546,10466.374203205109,191,0.9947917,23,2.294382831156569,108,0.5654450261780105,"{""10"":2,""11"":1,""12"":5,""13"":1,""3"":108,""4"":44,""5"":8,""6"":7,""7"":4,""8"":8,""9"":3}","{""10"":4,""11"":3,""12"":4,""13"":5,""14"":1,""15"":1,""19"":1,""21"":1,""23"":1,""24"":3,""25"":1,""29"":1,""3"":108,""4"":43,""5"":1,""6"":11,""9"":2}",65,3.737924918980517,385,0.385,"{""10"":10,""11"":7,""12"":25,""13"":9,""3"":385,""4"":330,""5"":115,""6"":46,""7"":26,""8"":37,""9"":10}","{""10"":20,""11"":7,""12"":22,""13"":18,""14"":8,""15"":6,""17"":2,""18"":1,""19"":7,""21"":6,""22"":1,""23"":5,""24"":11,""25"":7,""27"":1,""29"":8,""3"":385,""4"":231,""5"":136,""6"":85,""7"":14,""8"":3,""9"":16}","{""Diagonal CMA-ES"":{""attempts"":291,""discoveries"":0,""improvements"":0,""insertions"":0,""insertion_rate"":0.0},""Immigrant"":{""attempts"":141,""discoveries"":0,""improvements"":0,""insertions"":0,""insertion_rate"":0.0},""Morphology"":{""attempts"":322,""discoveries"":0,""improvements"":3,""insertions"":3,""insertion_rate"":0.009316770186335404},""Novelty"":{""attempts"":246,""discoveries"":0,""improvements"":0,""insertions"":0,""insertion_rate"":0.0}}","{""Morphology"":205,""Novelty"":24}",0,0.8870056497175142,false,244000
42,267,268000,9.941486115999998,0.035382803000000004,0.028327851,0.003103609,0.003951343,11.547368636,155.12279,55.32546,10471.403172016144,191,0.9947917,23,2.294382831156569,108,0.5654450261780105,"{""10"":2,""11"":1,""12"":5,""13"":1,""3"":108,""4"":44,""5"":8,""6"":7,""7"":4,""8"":8,""9"":3}","{""10"":4,""11"":3,""12"":4,""13"":5,""14"":1,""15"":1,""19"":1,""21"":1,""23"":1,""24"":3,""25"":1,""29"":1,""3"":108,""4"":43,""5"":1,""6"":11,""9"":2}",58,3.776834214483015,362,0.362,"{""10"":13,""11"":7,""12"":21,""13"":6,""3"":362,""4"":362,""5"":122,""6"":44,""7"":22,""8"":36,""9"":5}","{""10"":18,""11"":5,""12"":22,""13"":21,""14"":5,""15"":5,""16"":1,""19"":6,""21"":6,""23"":6,""24"":11,""25"":5,""28"":1,""29"":5,""3"":362,""4"":244,""5"":161,""6"":87,""7"":11,""8"":7,""9"":11}","{""Diagonal CMA-ES"":{""attempts"":283,""discoveries"":0,""improvements"":0,""insertions"":0,""insertion_rate"":0.0},""Immigrant"":{""attempts"":157,""discoveries"":0,""improvements"":0,""insertions"":0,""insertion_rate"":0.0},""Morphology"":{""attempts"":320,""discoveries"":0,""improvements"":1,""insertions"":1,""insertion_rate"":0.003125},""Novelty"":{""attempts"":240,""discoveries"":0,""improvements"":0,""insertions"":0,""insertion_rate"":0.0}}","{""Morphology"":212,""Novelty"":29}",0,0.8870056497175142,false,245000
42,268,269000,9.977397268999999,0.035911152999999994,0.031737785,0.001695468,0.0024779,11.586553183,155.12279,55.32546,10471.403172016144,191,0.9947917,23,2.2943828311565695,108,0.5654450261780105,"{""10"":2,""11"":1,""12"":5,""13"":1,""3"":108,""4"":44,""5"":8,""6"":7,""7"":4,""8"":8,""9"":3}","{""10"":4,""11"":3,""12"":4,""13"":5,""14"":1,""15"":1,""19"":1,""21"":1,""23"":1,""24"":3,""25"":1,""29"":1,""3"":108,""4"":43,""5"":1,""6"":11,""9"":2}",59,3.764039032760358,364,0.364,"{""10"":10,""11"":8,""12"":22,""13"":7,""14"":2,""3"":364,""4"":367,""5"":115,""6"":40,""7"":24,""8"":32,""9"":9}","{""10"":17,""11"":5,""12"":23,""13"":15,""14"":6,""15"":6,""16"":2,""18"":1,""19"":6,""20"":1,""21"":5,""23"":6,""24"":12,""25"":4,""27"":1,""28"":1,""29"":6,""3"":364,""30"":2,""4"":258,""5"":148,""6"":89,""7"":5,""8"":4,""9"":13}","{""Diagonal CMA-ES"":{""attempts"":334,""discoveries"":0,""improvements"":0,""insertions"":0,""insertion_rate"":0.0},""Immigrant"":{""attempts"":135,""discoveries"":0,""improvements"":0,""insertions"":0,""insertion_rate"":0.0},""Morphology"":{""attempts"":296,""discoveries"":0,""improvements"":0,""insertions"":0,""insertion_rate"":0.0},""Novelty"":{""attempts"":235,""discoveries"":0,""improvements"":0,""insertions"":0,""insertion_rate"":0.0}}","{""Morphology"":192,""Novelty"":30}",0,0.8870056497175142,false,246000
42,269,270000,10.014211958999999,0.036814690000000004,0.030539796,0.002026725,0.004248169,11.629382748,155.12279,55.32546,10471.852123737335,191,0.9947917,23,2.2943828311565695,108,0.5654450261780105,"{""10"":2,""11"":1,""12"":5,""13"":1,""3"":108,""4"":44,""5"":8,""6"":7,""7"":4,""8"":8,""9"":3}","{""10"":4,""11"":3,""12"":4,""13"":5,""14"":1,""15"":1,""19"":1,""21"":1,""23"":1,""24"":3,""25"":1,""29"":1,""3"":108,""4"":43,""5"":1,""6"":11,""9"":2}",61,3.8158806311121807,356,0.356,"{""10"":11,""11"":6,""12"":23,""13"":10,""14"":1,""3"":356,""4"":363,""5"":112,""6"":46,""7"":27,""8"":33,""9"":12}","{""10"":19,""11"":9,""12"":24,""13"":17,""14"":4,""15"":10,""17"":1,""19"":5,""20"":1,""21"":6,""23"":5,""24"":11,""25"":7,""26"":1,""28"":2,""29"":6,""3"":356,""30"":1,""4"":248,""5"":152,""6"":86,""7"":8,""8"":4,""9"":17}","{""Diagonal CMA-ES"":{""attempts"":292,""discoveries"":0,""improvements"":0,""insertions"":0,""insertion_rate"":0.0},""Immigrant"":{""attempts"":139,""discoveries"":0,""improvements"":0,""insertions"":0,""insertion_rate"":0.0},""Morphology"":{""attempts"":287,""discoveries"":0,""improvements"":1,""insertions"":1,""insertion_rate"":0.003484320557491289},""Novelty"":{""attempts"":282,""discoveries"":0,""improvements"":0,""insertions"":0,""insertion_rate"":0.0}}","{""Morphology"":195,""Novelty"":48}",0,0.8870056497175142,false,247000
42,270,271000,10.049688559,0.0354766,0.030524361,0.002533703,0.002418536,11.669675047,155.12279,55.32546,10471.852123737335,191,0.9947917,23,2.2943828311565695,108,0.5654450261780105,"{""10"":2,""11"":1,""12"":5,""13"":1,""3"":108,""4"":44,""5"":8,""6"":7,""7"":4,""8"":8,""9"":3}","{""10"":4,""11"":3,""12"":4,""13"":5,""14"":1,""15"":1,""19"":1,""21"":1,""23"":1,""24"":3,""25"":1,""29"":1,""3"":108,""4"":43,""5"":1,""6"":11,""9"":2}",64,3.8579946135486782,350,0.35,"{""10"":11,""11"":9,""12"":24,""13"":7,""3"":350,""4"":355,""5"":129,""6"":43,""7"":30,""8"":30,""9"":12}","{""10"":17,""11"":11,""12"":24,""13"":16,""14"":5,""15"":8,""16"":2,""19"":6,""20"":1,""21"":7,""23"":7,""24"":10,""25"":7,""29"":7,""3"":350,""4"":266,""5"":133,""6"":91,""7"":17,""8"":2,""9"":13}","{""Diagonal CMA-ES"":{""attempts"":314,""discoveries"":0,""improvements"":0,""insertions"":0,""insertion_rate"":0.0},""Immigrant"":{""attempts"":155,""discoveries"":0,""improvements"":0,""insertions"":0,""insertion_rate"":0.0},""Morphology"":{""attempts"":288,""discoveries"":0,""improvements"":0,""insertions"":0,""insertion_rate"":0.0},""Novelty"":{""attempts"":243,""discoveries"":0,""improvements"":0,""insertions"":0,""insertion_rate"":0.0}}","{""Morphology"":212,""Novelty"":21}",0,0.8870056497175142,false,248000
42,271,272000,10.085814614,0.036126055000000004,0.029035484,0.002954009,0.004136562,11.710953995,155.12279,55.32546,10472.031445026398,191,0.9947917,23,2.2943828311565695,108,0.5654450261780105,"{""10"":2,""11"":1,""12"":5,""13"":1,""3"":108,""4"":44,""5"":8,""6"":7,""7"":4,""8"":8,""9"":3}","{""10"":4,""11"":3,""12"":4,""13"":5,""14"":1,""15"":1,""19"":1,""21"":1,""23"":1,""24"":3,""25"":1,""29"":1,""3"":108,""4"":43,""5"":1,""6"":11,""9"":2}",57,3.7621772665186435,359,0.359,"{""10"":12,""11"":4,""12"":25,""13"":8,""14"":1,""3"":359,""4"":367,""5"":116,""6"":34,""7"":31,""8"":34,""9"":9}","{""10"":16,""11"":10,""12"":24,""13"":19,""14"":7,""15"":6,""16"":1,""19"":6,""21"":5,""23"":4,""24"":14,""25"":6,""27"":1,""29"":7,""3"":359,""30"":1,""4"":251,""5"":146,""6"":99,""7"":5,""8"":2,""9"":11}","{""Diagonal CMA-ES"":{""attempts"":302,""discoveries"":0,""improvements"":0,""insertions"":0,""insertion_rate"":0.0},""Immigrant"":{""attempts"":161,""discoveries"":0,""improvements"":0,""insertions"":0,""insertion_rate"":0.0},""Morphology"":{""attempts"":286,""discoveries"":0,""improvements"":1,""insertions"":1,""insertion_rate"":0.0034965034965034965},""Novelty"":{""attempts"":251,""discoveries"":0,""improvements"":0,""insertions"":0,""insertion_rate"":0.0}}","{""Morphology"":199,""Novelty"":24}",0,0.8870056497175142,false,249000
42,272,273000,10.12570798,0.039893366,0.032251887,0.003539349,0.00410213,11.756663956,155.12279,55.32546,10472.031445026398,191,0.9947917,23,2.2943828311565695,108,0.5654450261780105,"{""10"":2,""11"":1,""12"":5,""13"":1,""3"":108,""4"":44,""5"":8,""6"":7,""7"":4,""8"":8,""9"":3}","{""10"":4,""11"":3,""12"":4,""13"":5,""14"":1,""15"":1,""19"":1,""21"":1,""23"":1,""24"":3,""25"":1,""29"":1,""3"":108,""4"":43,""5"":1,""6"":11,""9"":2}",59,3.7308156397168695,375,0.375,"{""10"":14,""11"":6,""12"":23,""13"":7,""3"":375,""4"":352,""5"":115,""6"":41,""7"":25,""8"":34,""9"":8}","{""10"":20,""11"":6,""12"":23,""13"":18,""14"":4,""15"":8,""16"":1,""18"":1,""19"":6,""21"":7,""23"":6,""24"":12,""25"":6,""29"":5,""3"":375,""30"":1,""4"":243,""5"":138,""6"":91,""7"":13,""8"":3,""9"":13}","{""Diagonal CMA-ES"":{""attempts"":315,""discoveries"":0,""improvements"":0,""insertions"":0,""insertion_rate"":0.0},""Immigrant"":{""attempts"":144,""discoveries"":0,""improvements"":0,""insertions"":0,""insertion_rate"":0.0},""Morphology"":{""attempts"":307,""discoveries"":0,""improvements"":0,""insertions"":0,""insertion_rate"":0.0},""Novelty"":{""attempts"":234,""discoveries"":0,""improvements"":0,""insertions"":0,""insertion_rate"":0.0}}","{""Morphology"":191,""Novelty"":27}",0,0.8870056497175142,false,250000
42,273,274000,10.165541980999999,0.039834001,0.032732744,0.003157038,0.003944219,11.802549638,155.12279,55.32546,10472.031445026398,191,0.9947917,23,2.294382831156569,108,0.5654450261780105,"{""10"":2,""11"":1,""12"":5,""13"":1,""3"":108,""4"":44,""5"":8,""6"":7,""7"":4,""8"":8,""9"":3}","{""10"":4,""11"":3,""12"":4,""13"":5,""14"":1,""15"":1,""19"":1,""21"":1,""23"":1,""24"":3,""25"":1,""29"":1,""3"":108,""4"":43,""5"":1,""6"":11,""9"":2}",58,3.4946566339760703,418,0.418,"{""10"":9,""11"":6,""12"":20,""13"":5,""3"":418,""4"":341,""5"":93,""6"":36,""7"":29,""8"":31,""9"":12}","{""10"":18,""11"":9,""12"":20,""13"":17,""14"":3,""15"":9,""16"":2,""17"":1,""18"":1,""19"":5,""21"":7,""23"":5,""24"":10,""25"":5,""29"":5,""3"":418,""4"":245,""5"":124,""6"":75,""7"":8,""8"":2,""9"":11}","{""Diagonal CMA-ES"":{""attempts"":303,""discoveries"":0,""improvements"":0,""insertions"":0,""insertion_rate"":0.0},""Immigrant"":{""attempts"":154,""discoveries"":0,""improvements"":0,""insertions"":0,""insertion_rate"":0.0},""Morphology"":{""attempts"":269,""discoveries"":0,""improvements"":0,""insertions"":0,""insertion_rate"":0.0},""Novelty"":{""attempts"":274,""discoveries"":0,""improvements"":0,""insertions"":0,""insertion_rate"":0.0}}","{""Morphology"":175,""Novelty"":31}",0,0.8870056497175142,false,251000
42,274,275000,10.207313659999999,0.041771679000000006,0.034555254,0.003115482,0.004100943,11.850263766,155.12279,55.32546,10472.470787525177,191,0.9947917,23,2.2943828311565695,108,0.5654450261780105,"{""10"":2,""11"":1,""12"":5,""13"":1,""3"":108,""4"":44,""5"":8,""6"":7,""7"":4,""8"":8,""9"":3}","{""10"":4,""11"":3,""12"":4,""13"":5,""14"":1,""15"":1,""19"":1,""21"":1,""23"":1,""24"":3,""25"":1,""29"":1,""3"":108,""4"":43,""5"":1,""6"":11,""9"":2}",66,3.825086989528968,374,0.374,"{""10"":12,""11"":5,""12"":23,""13"":6,""14"":2,""3"":374,""4"":342,""5"":123,""6"":38,""7"":31,""8"":32,""9"":12}","{""10"":17,""11"":7,""12"":24,""13"":19,""14"":4,""15"":8,""16"":2,""17"":2,""19"":6,""21"":6,""23"":5,""24"":12,""25"":5,""26"":1,""29"":6,""3"":374,""34"":1,""4"":237,""5"":145,""6"":87,""7"":14,""8"":5,""9"":13}","{""Diagonal CMA-ES"":{""attempts"":290,""discoveries"":0,""improvements"":0,""insertions"":0,""insertion_rate"":0.0},""Immigrant"":{""attempts"":150,""discoveries"":0,""improvements"":0,""insertions"":0,""insertion_rate"":0.0},""Morphology"":{""attempts"":307,""discoveries"":0,""improvements"":1,""insertions"":1,""insertion_rate"":0.003257328990228013},""Novelty"":{""attempts"":253,""discoveries"":0,""improvements"":0,""insertions"":0,""insertion_rate"":0.0}}","{""Morphology"":214,""Novelty"":32}",0,0.8870056497175142,false,252000
42,275,276000,10.240724354,0.033410694,0.028450144,0.001795202,0.003165348,11.887337288,155.12279,55.32546,10473.618099689484,191,0.9947917,23,2.294382831156569,108,0.5654450261780105,"{""10"":2,""11"":1,""12"":5,""13"":1,""3"":108,""4"":44,""5"":8,""6"":7,""7"":4,""8"":8,""9"":3}","{""10"":4,""11"":3,""12"":4,""13"":5,""14"":1,""15"":1,""19"":1,""21"":1,""23"":1,""24"":3,""25"":1,""29"":1,""3"":108,""4"":43,""5"":1,""6"":11,""9"":2}",54,3.698094977395055,372,0.372,"{""10"":12,""11"":5,""12"":26,""13"":6,""3"":372,""4"":353,""5"":116,""6"":41,""7"":24,""8"":38,""9"":7}","{""10"":19,""11"":7,""12"":22,""13"":19,""14"":6,""15"":7,""16"":2,""19"":6,""21"":6,""23"":5,""24"":14,""25"":6,""29"":6,""3"":372,""4"":257,""5"":131,""6"":86,""7"":14,""8"":2,""9"":13}","{""Diagonal CMA-ES"":{""attempts"":301,""discoveries"":0,""improvements"":0,""insertions"":0,""insertion_rate"":0.0},""Immigrant"":{""attempts"":137,""discoveries"":0,""improvements"":0,""insertions"":0,""insertion_rate"":0.0},""Morphology"":{""attempts"":281,""discoveries"":0,""improvements"":1,""insertions"":1,""insertion_rate"":0.0035587188612099642},""Novelty"":{""attempts"":281,""discoveries"":0,""improvements"":0,""insertions"":0,""insertion_rate"":0.0}}","{""Morphology"":197,""Novelty"":26}",0,0.8870056497175142,false,253000
42,276,277000,10.278558936,0.037834582,0.030939917,0.00330545,0.003589215,11.931058517,155.12279,55.32546,10473.618099689484,191,0.9947917,23,2.2943828311565695,108,0.5654450261780105,"{""10"":2,""11"":1,""12"":5,""13"":1,""3"":108,""4"":44,""5"":8,""6"":7,""7"":4,""8"":8,""9"":3}","{""10"":4,""11"":3,""12"":4,""13"":5,""14"":1,""15"":1,""19"":1,""21"":1,""23"":1,""24"":3,""25"":1,""29"":1,""3"":108,""4"":43,""5"":1,""6"":11,""9"":2}",66,3.754271854681921,349,0.349,"{""10"":11,""11"":6,""12"":23,""13"":9,""3"":349,""4"":389,""5"":111,""6"":38,""7"":22,""8"":33,""9"":9}","{""10"":17,""11"":7,""12"":17,""13"":18,""14"":4,""15"":11,""19"":5,""21"":8,""23"":5,""24"":11,""25"":6,""27"":1,""28"":2,""29"":5,""3"":349,""30"":1,""4"":276,""5"":144,""6"":84,""7"":13,""8"":3,""9"":13}","{""Diagonal CMA-ES"":{""attempts"":294,""discoveries"":0,""improvements"":0,""insertions"":0,""insertion_rate"":0.0},""Immigrant"":{""attempts"":145,""discoveries"":0,""improvements"":0,""insertions"":0,""insertion_rate"":0.0},""Morphology"":{""attempts"":302,""discoveries"":0,""improvements"":0,""insertions"":0,""insertion_rate"":0.0},""Novelty"":{""attempts"":259,""discoveries"":0,""improvements"":0,""insertions"":0,""insertion_rate"":0.0}}","{""Morphology"":221,""Novelty"":30}",0,0.8870056497175142,false,254000
42,277,278000,10.314598316,0.03603938,0.029468849,0.002984878,0.003585653,11.972686532,155.12279,55.32546,10528.17129945755,191,0.9947917,22,2.2514286889208086,109,0.5706806282722513,"{""10"":2,""11"":1,""12"":5,""13"":1,""3"":109,""4"":44,""5"":8,""6"":7,""7"":3,""8"":8,""9"":3}","{""10"":4,""11"":3,""12"":3,""13"":5,""14"":1,""15"":1,""19"":1,""21"":1,""23"":1,""24"":3,""25"":1,""29"":1,""3"":109,""4"":43,""5"":1,""6"":11,""9"":2}",57,3.7355812377316293,370,0.37,"{""10"":12,""11"":6,""12"":24,""13"":6,""3"":370,""4"":355,""5"":115,""6"":41,""7"":25,""8"":36,""9"":10}","{""10"":19,""11"":9,""12"":21,""13"":18,""14"":6,""15"":7,""16"":1,""18"":1,""19"":6,""21"":6,""23"":6,""24"":12,""25"":6,""29"":6,""3"":370,""4"":250,""5"":134,""6"":95,""7"":10,""8"":4,""9"":13}","{""Diagonal CMA-ES"":{""attempts"":319,""discoveries"":0,""improvements"":0,""insertions"":0,""insertion_rate"":0.0},""Immigrant"":{""attempts"":146,""discoveries"":0,""improvements"":0,""insertions"":0,""insertion_rate"":0.0},""Morphology"":{""attempts"":284,""discoveries"":0,""improvements"":2,""insertions"":2,""insertion_rate"":0.007042253521126761},""Novelty"":{""attempts"":251,""discoveries"":0,""improvements"":1,""insertions"":1,""insertion_rate"":0.00398406374501992}}","{""Morphology"":178,""Novelty"":24}",0,0.8870056497175142,false,255000
42,278,279000,10.351795317999999,0.03719700200000001,0.030343891,0.003014561,0.00383855,12.014673112,155.12279,55.32546,10528.655888080597,191,0.9947917,22,2.251428688920808,109,0.5706806282722513,"{""10"":2,""11"":1,""12"":5,""13"":1,""3"":109,""4"":44,""5"":8,""6"":7,""7"":3,""8"":8,""9"":3}","{""10"":4,""11"":3,""12"":3,""13"":5,""14"":1,""15"":1,""19"":1,""21"":1,""23"":1,""24"":3,""25"":1,""29"":1,""3"":109,""4"":43,""5"":1,""6"":11,""9"":2}",52,3.4550784672903685,432,0.432,"{""10"":10,""11"":5,""12"":20,""13"":5,""3"":432,""4"":341,""5"":103,""6"":32,""7"":15,""8"":31,""9"":6}","{""10"":15,""11"":5,""12"":14,""13"":16,""14"":6,""15"":6,""19"":5,""21"":5,""23"":5,""24"":10,""25"":5,""29"":5,""3"":432,""4"":223,""5"":145,""6"":77,""7"":10,""8"":3,""9"":13}","{""Diagonal CMA-ES"":{""attempts"":316,""discoveries"":0,""improvements"":0,""insertions"":0,""insertion_rate"":0.0},""Immigrant"":{""attempts"":149,""discoveries"":0,""improvements"":0,""insertions"":0,""insertion_rate"":0.0},""Morphology"":{""attempts"":289,""discoveries"":0,""improvements"":1,""insertions"":1,""insertion_rate"":0.0034602076124567475},""Novelty"":{""attempts"":246,""discoveries"":0,""improvements"":0,""insertions"":0,""insertion_rate"":0.0}}","{""Morphology"":194,""Novelty"":26}",0,0.8870056497175142,false,256000
42,279,280000,10.388566078999999,0.036770761,0.028552252,0.004087883,0.004130626,12.057535922,155.12279,55.32546,10537.605167865753,191,0.9947917,22,2.2385010238853646,109,0.5706806282722513,"{""10"":2,""11"":1,""12"":5,""13"":1,""3"":109,""4"":45,""5"":7,""6"":7,""7"":3,""8"":8,""9"":3}","{""10"":4,""11"":3,""12"":3,""13"":5,""14"":1,""15"":1,""19"":1,""21"":1,""23"":1,""24"":3,""25"":1,""29"":1,""3"":109,""4"":44,""5"":1,""6"":10,""9"":2}",54,3.632241092268811,385,0.385,"{""10"":12,""11"":7,""12"":24,""13"":6,""3"":385,""4"":344,""5"":106,""6"":45,""7"":25,""8"":33,""9"":13}","{""10"":18,""11"":7,""12"":22,""13"":21,""14"":5,""15"":7,""16"":1,""17"":2,""19"":6,""21"":6,""23"":6,""24"":12,""25"":6,""29"":6,""3"":385,""4"":247,""5"":128,""6"":90,""7"":10,""8"":5,""9"":10}","{""Diagonal CMA-ES"":{""attempts"":333,""discoveries"":0,""improvements"":0,""insertions"":0,""insertion_rate"":0.0},""Immigrant"":{""attempts"":137,""discoveries"":0,""improvements"":0,""insertions"":0,""insertion_rate"":0.0},""Morphology"":{""attempts"":275,""discoveries"":0,""improvements"":4,""insertions"":4,""insertion_rate"":0.014545454545454545},""Novelty"":{""attempts"":255,""discoveries"":0,""improvements"":0,""insertions"":0,""insertion_rate"":0.0}}","{""Morphology"":190,""Novelty"":30}",0,0.8870056497175142,false,257000
42,280,281000,10.423031095999999,0.034465017,0.029549585,0.001734649,0.003180783,12.095981966,155.12279,55.32546,10537.605167865753,191,0.9947917,22,2.2385010238853646,109,0.5706806282722513,"{""10"":2,""11"":1,""12"":5,""13"":1,""3"":109,""4"":45,""5"":7,""6"":7,""7"":3,""8"":8,""9"":3}","{""10"":4,""11"":3,""12"":3,""13"":5,""14"":1,""15"":1,""19"":1,""21"":1,""23"":1,""24"":3,""25"":1,""29"":1,""3"":109,""4"":44,""5"":1,""6"":10,""9"":2}",58,3.671435519363337,390,0.39,"{""10"":9,""11"":6,""12"":20,""13"":6,""3"":390,""4"":366,""5"":107,""6"":43,""7"":15,""8"":25,""9"":13}","{""10"":17,""11"":6,""12"":14,""13"":11,""14"":6,""15"":9,""16"":2,""19"":5,""21"":5,""23"":5,""24"":10,""25"":6,""29"":5,""3"":390,""4"":253,""5"":146,""6"":80,""7"":13,""8"":5,""9"":12}","{""Diagonal CMA-ES"":{""attempts"":281,""discoveries"":0,""improvements"":0,""insertions"":0,""insertion_rate"":0.0},""Immigrant"":{""attempts"":164,""discoveries"":0,""improvements"":0,""insertions"":0,""insertion_rate"":0.0},""Morphology"":{""attempts"":294,""discoveries"":0,""improvements"":0,""insertions"":0,""insertion_rate"":0.0},""Novelty"":{""attempts"":261,""discoveries"":0,""improvements"":0,""insertions"":0,""insertion_rate"":0.0}}","{""Morphology"":202,""Novelty"":29}",0,0.8870056497175142,false,258000
42,281,282000,10.457484243,0.034453147,0.030418692,0.001916307,0.002118148,12.134910055,155.12279,55.32546,10538.686131000519,191,0.9947917,22,2.2385010238853646,109,0.5706806282722513,"{""10"":2,""11"":1,""12"":5,""13"":1,""3"":109,""4"":45,""5"":7,""6"":7,""7"":3,""8"":8,""9"":3}","{""10"":4,""11"":3,""12"":3,""13"":5,""14"":1,""15"":1,""19"":1,""21"":1,""23"":1,""24"":3,""25"":1,""29"":1,""3"":109,""4"":44,""5"":1,""6"":10,""9"":2}",65,3.7149323681245403,395,0.395,"{""10"":11,""11"":7,""12"":24,""13"":7,""3"":395,""4"":338,""5"":113,""6"":46,""7"":20,""8"":30,""9"":9}","{""10"":17,""11"":5,""12"":17,""13"":15,""14"":8,""15"":7,""19"":6,""20"":1,""21"":6,""23"":5,""24"":11,""25"":7,""26"":1,""29"":6,""3"":395,""4"":230,""5"":138,""6"":86,""7"":16,""8"":9,""9"":14}","{""Diagonal CMA-ES"":{""attempts"":289,""discoveries"":0,""improvements"":0,""insertions"":0,""insertion_rate"":0.0},""Immigrant"":{""attempts"":148,""discoveries"":0,""improvements"":0,""insertions"":0,""insertion_rate"":0.0},""Morphology"":{""attempts"":299,""discoveries"":0,""improvements"":1,""insertions"":1,""insertion_rate"":0.0033444816053511705},""Novelty"":{""attempts"":264,""discoveries"":0,""improvements"":0,""insertions"":0,""insertion_rate"":0.0}}","{""Morphology"":195,""Novelty"":33}",0,0.8870056497175142,false,259000
42,282,283000,10.492703199,0.035218955999999996,0.029380989,0.002024351,0.003813616,12.175247472,155.12279,55.32546,10539.765964984894,191,0.9947917,22,2.2385010238853646,109,0.5706806282722513,"{""10"":2,""11"":1,""12"":5,""13"":1,""3"":109,""4"":45,""5"":7,""6"":7,""7"":3,""8"":8,""9"":3}","{""10"":4,""11"":3,""12"":3,""13"":5,""14"":1,""15"":1,""19"":1,""21"":1,""23"":1,""24"":3,""25"":1,""29"":1,""3"":109,""4"":44,""5"":1,""6"":10,""9"":2}",65,3.651783414660649,404,0.404,"{""10"":11,""11"":6,""12"":18,""13"":6,""14"":1,""3"":404,""4"":335,""5"":117,""6"":42,""7"":19,""8"":29,""9"":12}","{""10"":16,""11"":7,""12"":15,""13"":17,""14"":4,""15"":8,""16"":4,""17"":1,""19"":5,""21"":4,""22"":1,""23"":5,""24"":11,""25"":4,""29"":5,""3"":404,""30"":1,""4"":240,""5"":138,""6"":80,""7"":12,""8"":5,""9"":13}","{""Diagonal CMA-ES"":{""attempts"":314,""discoveries"":0,""improvements"":0,""insertions"":0,""insertion_rate"":0.0},""Immigrant"":{""attempts"":126,""discoveries"":0,""improvements"":0,""insertions"":0,""insertion_rate"":0.0},""Morphology"":{""attempts"":338,""discoveries"":0,""improvements"":2,""insertions"":2,""insertion_rate"":0.005917159763313609},""Novelty"":{""attempts"":222,""discoveries"":0,""improvements"":0,""insertions"":0,""insertion_rate"":0.0}}","{""Morphology"":226,""Novelty"":25}",0,0.8870056497175142,false,260000
42,283,284000,10.529729228999999,0.03702603,0.03036645,0.003370752,0.003288828,12.217660293,155.12279,55.32546,10543.598240375519,191,0.9947917,22,2.2385010238853646,109,0.5706806282722513,"{""10"":2,""11"":1,""12"":5,""13"":1,""3"":109,""4"":45,""5"":7,""6"":7,""7"":3,""8"":8,""9"":3}","{""10"":4,""11"":3,""12"":3,""13"":5,""14"":1,""15"":1,""19"":1,""21"":1,""23"":1,""24"":3,""25"":1,""29"":1,""3"":109,""4"":44,""5"":1,""6"":10,""9"":2}",67,3.600572041206453,415,0.415,"{""10"":11,""11"":3,""12"":25,""13"":7,""14"":2,""3"":415,""4"":339,""5"":102,""6"":40,""7"":17,""8"":28,""9"":11}","{""10"":17,""11"":7,""12"":17,""13"":16,""14"":4,""15"":7,""16"":1,""19"":5,""21"":5,""23"":3,""24"":14,""25"":5,""26"":3,""28"":2,""29"":5,""3"":415,""4"":237,""5"":135,""6"":73,""7"":16,""8"":3,""9"":10}","{""Diagonal CMA-ES"":{""attempts"":269,""discoveries"":0,""improvements"":0,""insertions"":0,""insertion_rate"":0.0},""Immigrant"":{""attempts"":148,""discoveries"":0,""improvements"":0,""insertions"":0,""insertion_rate"":0.0},""Morphology"":{""attempts"":312,""discoveries"":0,""improvements"":1,""insertions"":1,""insertion_rate"":0.003205128205128205},""Novelty"":{""attempts"":271,""discoveries"":0,""improvements"":0,""insertions"":0,""insertion_rate"":0.0}}","{""Morphology"":187,""Novelty"":38}",0,0.8870056497175142,false,261000
42,284,285000,10.563810747,0.034081518,0.027856492,0.003070364,0.003154662,12.256850776,155.12279,55.32546,10544.43402147293,191,0.9947917,22,2.2385010238853646,109,0.5706806282722513,"{""10"":2,""11"":1,""12"":5,""13"":1,""3"":109,""4"":45,""5"":7,""6"":7,""7"":3,""8"":8,""9"":3}","{""10"":4,""11"":3,""12"":3,""13"":5,""14"":1,""15"":1,""19"":1,""21"":1,""23"":1,""24"":3,""25"":1,""29"":1,""3"":109,""4"":44,""5"":1,""6"":10,""9"":2}",60,3.609010394834268,404,0.404,"{""10"":14,""11"":6,""12"":29,""13"":5,""3"":404,""4"":348,""5"":100,""6"":40,""7"":20,""8"":24,""9"":10}","{""10"":15,""11"":8,""12"":17,""13"":13,""14"":3,""15"":8,""17"":1,""19"":6,""21"":7,""23"":6,""24"":17,""25"":5,""29"":6,""3"":404,""4"":238,""5"":145,""6"":69,""7"":15,""8"":6,""9"":11}","{""Diagonal CMA-ES"":{""attempts"":283,""discoveries"":0,""improvements"":0,""insertions"":0,""insertion_rate"":0.0},""Immigrant"":{""attempts"":149,""discoveries"":0,""improvements"":0,""insertions"":0,""insertion_rate"":0.0},""Morphology"":{""attempts"":322,""discoveries"":0,""improvements"":1,""insertions"":1,""insertion_rate"":0.003105590062111801},""Novelty"":{""attempts"":246,""discoveries"":0,""improvements"":0,""insertions"":0,""insertion_rate"":0.0}}","{""Morphology"":211,""Novelty"":23}",0,0.8870056497175142,false,262000
42,285,286000,10.597145453,0.033334706,0.02665138,0.00279491,0.003888416,12.294364788,155.12279,55.32546,10559.327627658844,191,0.9947917,22,2.2171619263097035,110,0.5759162303664922,"{""10"":2,""11"":1,""12"":5,""13"":1,""3"":110,""4"":45,""5"":6,""6"":7,""7"":3,""8"":8,""9"":3}","{""10"":4,""11"":3,""12"":3,""13"":5,""14"":1,""15"":1,""19"":1,""21"":1,""23"":1,""24"":3,""25"":1,""29"":1,""3"":110,""4"":44,""5"":1,""6"":9,""9"":2}",55,2.730825399144151,585,0.585,"{""10"":1,""11"":2,""12"":5,""13"":2,""3"":585,""4"":283,""5"":80,""6"":20,""7"":6,""8"":8,""9"":8}","{""10"":6,""11"":2,""12"":5,""13"":5,""14"":2,""15"":4,""17"":2,""21"":1,""23"":2,""24"":3,""25"":2,""29"":1,""3"":585,""4"":166,""5"":148,""6"":46,""7"":11,""8"":5,""9"":4}","{""Diagonal CMA-ES"":{""attempts"":295,""discoveries"":0,""improvements"":0,""insertions"":0,""insertion_rate"":0.0},""Immigrant"":{""attempts"":143,""discoveries"":0,""improvements"":0,""insertions"":0,""insertion_rate"":0.0},""Morphology"":{""attempts"":308,""discoveries"":0,""improvements"":1,""insertions"":1,""insertion_rate"":0.003246753246753247},""Novelty"":{""attempts"":254,""discoveries"":0,""improvements"":1,""insertions"":1,""insertion_rate"":0.003937007874015748}}","{""Morphology"":215,""Novelty"":27}",0,0.8870056497175142,false,263000
42,286,287000,10.629878196,0.032732743,0.028657922,0.001709715,0.002365106,12.330316309,155.12279,55.32546,10559.327627658844,191,0.9947917,22,2.2171619263097035,110,0.5759162303664922,"{""10"":2,""11"":1,""12"":5,""13"":1,""3"":110,""4"":45,""5"":6,""6"":7,""7"":3,""8"":8,""9"":3}","{""10"":4,""11"":3,""12"":3,""13"":5,""14"":1,""15"":1,""19"":1,""21"":1,""23"":1,""24"":3,""25"":1,""29"":1,""3"":110,""4"":44,""5"":1,""6"":9,""9"":2}",58,3.3632785165216106,445,0.445,"{""10"":7,""11"":5,""12"":18,""13"":5,""3"":445,""4"":365,""5"":84,""6"":30,""7"":15,""8"":18,""9"":8}","{""10"":12,""11"":7,""12"":11,""13"":13,""15"":5,""16"":1,""19"":5,""21"":4,""23"":4,""24"":10,""25"":4,""29"":5,""3"":445,""4"":236,""5"":160,""6"":55,""7"":12,""8"":3,""9"":8}","{""Diagonal CMA-ES"":{""attempts"":292,""discoveries"":0,""improvements"":0,""insertions"":0,""insertion_rate"":0.0},""Immigrant"":{""attempts"":153,""discoveries"":0,""improvements"":0,""insertions"":0,""insertion_rate"":0.0},""Morphology"":{""attempts"":312,""discoveries"":0,""improvements"":0,""insertions"":0,""insertion_rate"":0.0},""Novelty"":{""attempts"":243,""discoveries"":0,""improvements"":0,""insertions"":0,""insertion_rate"":0.0}}","{""Morphology"":230,""Novelty"":25}",0,0.8870056497175142,false,264000
42,287,288000,10.664686344,0.034808148,0.029566208,0.001688344,0.003553596,12.368771851,155.12279,55.32546,10568.12266087532,191,0.9947917,22,2.2255893633486394,110,0.5759162303664922,"{""10"":2,""11"":1,""12"":5,""13"":1,""3"":110,""4"":45,""5"":6,""6"":7,""7"":3,""8"":8,""9"":3}","{""10"":4,""11"":3,""12"":3,""13"":4,""14"":2,""15"":1,""19"":1,""21"":1,""23"":1,""24"":3,""25"":1,""29"":1,""3"":110,""4"":44,""5"":1,""6"":9,""9"":2}",64,3.562152954952,424,0.424,"{""10"":10,""11"":7,""12"":24,""13"":10,""3"":424,""4"":326,""5"":103,""6"":38,""7"":21,""8"":29,""9"":8}","{""10"":14,""11"":9,""12"":14,""13"":18,""14"":2,""15"":8,""16"":1,""19"":5,""21"":7,""23"":6,""24"":14,""25"":7,""26"":1,""29"":4,""3"":424,""30"":1,""34"":1,""4"":227,""5"":136,""6"":76,""7"":9,""8"":4,""9"":12}","{""Diagonal CMA-ES"":{""attempts"":311,""discoveries"":0,""improvements"":0,""insertions"":0,""insertion_rate"":0.0},""Immigrant"":{""attempts"":124,""discoveries"":0,""improvements"":0,""insertions"":0,""insertion_rate"":0.0},""Morphology"":{""attempts"":314,""discoveries"":0,""improvements"":3,""insertions"":3,""insertion_rate"":0.009554140127388535},""Novelty"":{""attempts"":251,""discoveries"":0,""improvements"":0,""insertions"":0,""insertion_rate"":0.0}}","{""Morphology"":203,""Novelty"":32}",0,0.8870056497175142,false,265000
42,288,289000,10.703214311,0.038527967,0.031483701,0.003033558,0.004010708,12.412522763,155.12279,55.32546,10568.12266087532,191,0.9947917,22,2.2255893633486394,110,0.5759162303664922,"{""10"":2,""11"":1,""12"":5,""13"":1,""3"":110,""4"":45,""5"":6,""6"":7,""7"":3,""8"":8,""9"":3}","{""10"":4,""11"":3,""12"":3,""13"":4,""14"":2,""15"":1,""19"":1,""21"":1,""23"":1,""24"":3,""25"":1,""29"":1,""3"":110,""4"":44,""5"":1,""6"":9,""9"":2}",62,3.4390598254257845,435,0.435,"{""10"":4,""11"":2,""12"":12,""13"":3,""3"":435,""4"":329,""5"":79,""6"":20,""7"":11,""8"":93,""9"":12}","{""10"":8,""11"":4,""12"":8,""13"":46,""14"":44,""15"":5,""16"":3,""17"":1,""19"":3,""21"":2,""23"":1,""24"":10,""25"":2,""29"":2,""3"":435,""4"":196,""5"":164,""6"":46,""7"":9,""8"":7,""9"":4}","{""Diagonal CMA-ES"":{""attempts"":302,""discoveries"":0,""improvements"":0,""insertions"":0,""insertion_rate"":0.0},""Immigrant"":{""attempts"":149,""discoveries"":0,""improvements"":0,""insertions"":0,""insertion_rate"":0.0},""Morphology"":{""attempts"":299,""discoveries"":0,""improvements"":0,""insertions"":0,""insertion_rate"":0.0},""Novelty"":{""attempts"":250,""discoveries"":0,""improvements"":0,""insertions"":0,""insertion_rate"":0.0}}","{""Morphology"":210,""Novelty"":35}",0,0.8870056497175142,false,266000
42,289,290000,10.742666,0.039451689,0.031100203,0.004504626,0.00384686,12.457580895,155.12279,55.32546,10568.12266087532,191,0.9947917,22,2.22558936334864,110,0.5759162303664922,"{""10"":2,""11"":1,""12"":5,""13"":1,""3"":110,""4"":45,""5"":6,""6"":7,""7"":3,""8"":8,""9"":3}","{""10"":4,""11"":3,""12"":3,""13"":4,""14"":2,""15"":1,""19"":1,""21"":1,""23"":1,""24"":3,""25"":1,""29"":1,""3"":110,""4"":44,""5"":1,""6"":9,""9"":2}",60,3.6959685318397377,390,0.39,"{""10"":12,""11"":6,""12"":27,""13"":9,""3"":390,""4"":346,""5"":109,""6"":37,""7"":23,""8"":34,""9"":7}","{""10"":16,""11"":7,""12"":19,""13"":23,""15"":9,""19"":6,""21"":6,""23"":6,""24"":15,""25"":8,""28"":1,""29"":6,""3"":390,""4"":237,""5"":149,""6"":70,""7"":11,""8"":9,""9"":12}","{""Diagonal CMA-ES"":{""attempts"":326,""discoveries"":0,""improvements"":0,""insertions"":0,""insertion_rate"":0.0},""Immigrant"":{""attempts"":144,""discoveries"":0,""improvements"":0,""insertions"":0,""insertion_rate"":0.0},""Morphology"":{""attempts"":313,""discoveries"":0,""improvements"":0,""insertions"":0,""insertion_rate"":0.0},""Novelty"":{""attempts"":217,""discoveries"":0,""improvements"":0,""insertions"":0,""insertion_rate"":0.0}}","{""Morphology"":204,""Novelty"":22}",0,0.8870056497175142,false,267000
42,290,291000,10.778065426,0.035399426,0.027924169,0.003079863,0.004395394,12.498827786,155.12279,55.50076,10612.945328950882,191,0.9947917,22,2.2181920172241227,111,0.581151832460733,"{""10"":2,""11"":1,""12"":5,""13"":1,""3"":111,""4"":44,""5"":6,""6"":7,""7"":3,""8"":8,""9"":3}","{""10"":4,""11"":3,""12"":3,""13"":4,""14"":2,""15"":1,""19"":1,""21"":1,""23"":1,""24"":3,""25"":1,""29"":1,""3"":111,""4"":43,""5"":1,""6"":9,""9"":2}",59,3.6208926597916773,386,0.386,"{""10"":10,""11"":5,""12"":24,""13"":8,""3"":386,""4"":363,""5"":92,""6"":42,""7"":17,""8"":44,""9"":9}","{""10"":18,""11"":7,""12"":15,""13"":33,""14"":2,""15"":5,""16"":1,""19"":5,""21"":5,""23"":5,""24"":14,""25"":6,""26"":1,""29"":6,""3"":386,""4"":242,""5"":145,""6"":75,""7"":13,""8"":6,""9"":10}","{""Diagonal CMA-ES"":{""attempts"":328,""discoveries"":0,""improvements"":0,""insertions"":0,""insertion_rate"":0.0},""Immigrant"":{""attempts"":145,""discoveries"":0,""improvements"":0,""insertions"":0,""insertion_rate"":0.0},""Morphology"":{""attempts"":292,""discoveries"":0,""improvements"":2,""insertions"":2,""insertion_rate"":0.00684931506849315},""Novelty"":{""attempts"":235,""discoveries"":0,""improvements"":0,""insertions"":0,""insertion_rate"":0.0}}","{""Morphology"":195,""Novelty"":23}",0,0.8870056497175142,false,268000
42,291,292000,10.816048423,0.037982997000000004,0.030228723,0.003768499,0.003985775,12.543450178,155.12279,55.50076,10614.435563325882,191,0.9947917,22,2.2181920172241227,111,0.581151832460733,"{""10"":2,""11"":1,""12"":5,""13"":1,""3"":111,""4"":44,""5"":6,""6"":7,""7"":3,""8"":8,""9"":3}","{""10"":4,""11"":3,""12"":3,""13"":4,""14"":2,""15"":1,""19"":1,""21"":1,""23"":1,""24"":3,""25"":1,""29"":1,""3"":111,""4"":43,""5"":1,""6"":9,""9"":2}",72,3.853353341543501,242,0.242,"{""10"":5,""11"":4,""12"":13,""13"":3,""3"":242,""4"":283,""5"":204,""6"":28,""7"":9,""8"":187,""9"":22}","{""10"":6,""11"":4,""12"":7,""13"":170,""14"":17,""15"":9,""16"":3,""17"":1,""19"":5,""21"":4,""23"":4,""24"":7,""25"":3,""29"":3,""3"":242,""4"":175,""5"":144,""6"":166,""7"":14,""8"":3,""9"":13}","{""Diagonal CMA-ES"":{""attempts"":304,""discoveries"":0,""improvements"":0,""insertions"":0,""insertion_rate"":0.0},""Immigrant"":{""attempts"":136,""discoveries"":0,""improvements"":0,""insertions"":0,""insertion_rate"":0.0},""Morphology"":{""attempts"":308,""discoveries"":0,""improvements"":2,""insertions"":2,""insertion_rate"":0.006493506493506494},""Novelty"":{""attempts"":252,""discoveries"":0,""improvements"":0,""insertions"":0,""insertion_rate"":0.0}}","{""Morphology"":209,""Novelty"":31}",0,0.8870056497175142,false,269000
42,292,293000,10.852836993,0.03678857000000001,0.029741929,0.003190282,0.003856359,12.585455755,155.12279,55.50076,10614.435563325882,191,0.9947917,22,2.2181920172241227,111,0.581151832460733,"{""10"":2,""11"":1,""12"":5,""13"":1,""3"":111,""4"":44,""5"":6,""6"":7,""7"":3,""8"":8,""9"":3}","{""10"":4,""11"":3,""12"":3,""13"":4,""14"":2,""15"":1,""19"":1,""21"":1,""23"":1,""24"":3,""25"":1,""29"":1,""3"":111,""4"":43,""5"":1,""6"":9,""9"":2}",64,3.7037343769409654,390,0.39,"{""10"":10,""11"":3,""12"":25,""13"":9,""3"":390,""4"":334,""5"":112,""6"":48,""7"":16,""8"":41,""9"":12}","{""10"":20,""11"":6,""12"":16,""13"":30,""14"":2,""15"":7,""16"":2,""18"":1,""19"":5,""21"":5,""23"":3,""24"":13,""25"":8,""27"":2,""29"":6,""3"":390,""4"":228,""5"":141,""6"":77,""7"":20,""8"":8,""9"":10}","{""Diagonal CMA-ES"":{""attempts"":305,""discoveries"":0,""improvements"":0,""insertions"":0,""insertion_rate"":0.0},""Immigrant"":{""attempts"":150,""discoveries"":0,""improvements"":0,""insertions"":0,""insertion_rate"":0.0},""Morphology"":{""attempts"":291,""discoveries"":0,""improvements"":0,""insertions"":0,""insertion_rate"":0.0},""Novelty"":{""attempts"":254,""discoveries"":0,""improvements"":0,""insertions"":0,""insertion_rate"":0.0}}","{""Morphology"":191,""Novelty"":27}",0,0.8870056497175142,false,270000
42,293,294000,10.89351754,0.040680547,0.03278736,0.003759,0.004134187,12.633713667,155.12279,55.50076,10616.466897249222,191,0.9947917,22,2.2181920172241227,111,0.581151832460733,"{""10"":2,""11"":1,""12"":5,""13"":1,""3"":111,""4"":44,""5"":6,""6"":7,""7"":3,""8"":8,""9"":3}","{""10"":4,""11"":3,""12"":3,""13"":4,""14"":2,""15"":1,""19"":1,""21"":1,""23"":1,""24"":3,""25"":1,""29"":1,""3"":111,""4"":43,""5"":1,""6"":9,""9"":2}",55,3.719291860116544,382,0.382,"{""10"":11,""11"":7,""12"":27,""13"":7,""3"":382,""4"":347,""5"":105,""6"":40,""7"":20,""8"":46,""9"":8}","{""10"":18,""11"":5,""12"":19,""13"":33,""14"":2,""15"":7,""17"":1,""19"":6,""21"":6,""23"":6,""24"":16,""25"":5,""28"":1,""29"":5,""3"":382,""34"":1,""4"":226,""5"":155,""6"":79,""7"":12,""8"":2,""9"":13}","{""Diagonal CMA-ES"":{""attempts"":296,""discoveries"":0,""improvements"":0,""insertions"":0,""insertion_rate"":0.0},""Immigrant"":{""attempts"":140,""discoveries"":0,""improvements"":0,""insertions"":0,""insertion_rate"":0.0},""Morphology"":{""attempts"":325,""discoveries"":0,""improvements"":1,""insertions"":1,""insertion_rate"":0.003076923076923077},""Novelty"":{""attempts"":239,""discoveries"":0,""improvements"":0,""insertions"":0,""insertion_rate"":0.0}}","{""Morphology"":208,""Novelty"":23}",0,0.8870056497175142,false,271000
42,294,295000,10.933042840999999,0.039525301,0.032860973,0.002843589,0.003820739,12.678187646,155.12279,55.50076,10616.466897249222,191,0.9947917,22,2.2181920172241227,111,0.581151832460733,"{""10"":2,""11"":1,""12"":5,""13"":1,""3"":111,""4"":44,""5"":6,""6"":7,""7"":3,""8"":8,""9"":3}","{""10"":4,""11"":3,""12"":3,""13"":4,""14"":2,""15"":1,""19"":1,""21"":1,""23"":1,""24"":3,""25"":1,""29"":1,""3"":111,""4"":43,""5"":1,""6"":9,""9"":2}",55,3.6612174622579303,388,0.388,"{""10"":10,""11"":7,""12"":27,""13"":7,""3"":388,""4"":354,""5"":101,""6"":40,""7"":18,""8"":40,""9"":8}","{""10"":16,""11"":6,""12"":16,""13"":29,""14"":2,""15"":5,""17"":1,""19"":5,""21"":6,""22"":1,""23"":6,""24"":16,""25"":6,""29"":6,""3"":388,""4"":225,""5"":169,""6"":74,""7"":7,""8"":2,""9"":14}","{""Diagonal CMA-ES"":{""attempts"":299,""discoveries"":0,""improvements"":0,""insertions"":0,""insertion_rate"":0.0},""Immigrant"":{""attempts"":159,""discoveries"":0,""improvements"":0,""insertions"":0,""insertion_rate"":0.0},""Morphology"":{""attempts"":281,""discoveries"":0,""improvements"":0,""insertions"":0,""insertion_rate"":0.0},""Novelty"":{""attempts"":261,""discoveries"":0,""improvements"":0,""insertions"":0,""insertion_rate"":0.0}}","{""Morphology"":188,""Novelty"":23}",0,0.8870056497175142,false,272000
42,295,296000,10.971701412999998,0.038658572,0.031321042,0.003200968,0.004136562,12.722297123,155.12279,55.50076,10623.856671571732,191,0.9947917,22,2.218192017224123,111,0.581151832460733,"{""10"":2,""11"":1,""12"":5,""13"":1,""3"":111,""4"":44,""5"":6,""6"":7,""7"":3,""8"":8,""9"":3}","{""10"":4,""11"":3,""12"":3,""13"":4,""14"":2,""15"":1,""19"":1,""21"":1,""23"":1,""24"":3,""25"":1,""29"":1,""3"":111,""4"":43,""5"":1,""6"":9,""9"":2}",60,3.676109311080372,387,0.387,"{""10"":12,""11"":6,""12"":24,""13"":8,""3"":387,""4"":343,""5"":103,""6"":39,""7"":22,""8"":47,""9"":9}","{""10"":18,""11"":5,""12"":19,""13"":37,""14"":1,""15"":6,""16"":3,""17"":1,""19"":6,""21"":5,""23"":5,""24"":14,""25"":6,""28"":2,""29"":5,""3"":387,""4"":227,""5"":152,""6"":73,""7"":14,""8"":3,""9"":11}","{""Diagonal CMA-ES"":{""attempts"":289,""discoveries"":0,""improvements"":0,""insertions"":0,""insertion_rate"":0.0},""Immigrant"":{""attempts"":143,""discoveries"":0,""improvements"":0,""insertions"":0,""insertion_rate"":0.0},""Morphology"":{""attempts"":296,""discoveries"":0,""improvements"":3,""insertions"":3,""insertion_rate"":0.010135135135135136},""Novelty"":{""attempts"":272,""discoveries"":0,""improvements"":1,""insertions"":1,""insertion_rate"":0.003676470588235294}}","{""Morphology"":202,""Novelty"":29}",0,0.8870056497175142,false,273000
42,296,297000,11.007745543999999,0.036044131,0.029418983,0.002807971,0.003817177,12.763620001,155.12279,55.50076,10631.537093400955,191,0.9947917,22,2.218192017224123,111,0.581151832460733,"{""10"":2,""11"":1,""12"":5,""13"":1,""3"":111,""4"":44,""5"":6,""6"":7,""7"":3,""8"":8,""9"":3}","{""10"":4,""11"":3,""12"":3,""13"":4,""14"":2,""15"":1,""19"":1,""21"":1,""23"":1,""24"":3,""25"":1,""29"":1,""3"":111,""4"":43,""5"":1,""6"":9,""9"":2}",59,3.538241341107471,393,0.393,"{""10"":6,""11"":4,""12"":15,""13"":5,""3"":393,""4"":316,""5"":81,""6"":23,""7"":11,""8"":131,""9"":15}","{""10"":9,""11"":4,""12"":10,""13"":124,""14"":6,""15"":7,""16"":1,""18"":1,""19"":4,""21"":3,""23"":3,""24"":9,""25"":5,""29"":3,""3"":393,""4"":189,""5"":155,""6"":52,""7"":11,""8"":3,""9"":8}","{""Diagonal CMA-ES"":{""attempts"":302,""discoveries"":0,""improvements"":0,""insertions"":0,""insertion_rate"":0.0},""Immigrant"":{""attempts"":158,""discoveries"":0,""improvements"":0,""insertions"":0,""insertion_rate"":0.0},""Morphology"":{""attempts"":278,""discoveries"":0,""improvements"":2,""insertions"":2,""insertion_rate"":0.007194244604316547},""Novelty"":{""attempts"":262,""discoveries"":0,""improvements"":0,""insertions"":0,""insertion_rate"":0.0}}","{""Morphology"":201,""Novelty"":34}",0,0.8870056497175142,false,274000
42,297,298000,11.046755555999999,0.039010012,0.031572749,0.003355317,0.004081946,12.808898972,155.12279,55.50076,10631.537093400955,191,0.9947917,22,2.2181920172241227,111,0.581151832460733,"{""10"":2,""11"":1,""12"":5,""13"":1,""3"":111,""4"":44,""5"":6,""6"":7,""7"":3,""8"":8,""9"":3}","{""10"":4,""11"":3,""12"":3,""13"":4,""14"":2,""15"":1,""19"":1,""21"":1,""23"":1,""24"":3,""25"":1,""29"":1,""3"":111,""4"":43,""5"":1,""6"":9,""9"":2}",60,3.736683131583948,378,0.378,"{""10"":12,""11"":7,""12"":27,""13"":7,""14"":1,""3"":378,""4"":357,""5"":109,""6"":40,""7"":21,""8"":32,""9"":9}","{""10"":16,""11"":6,""12"":19,""13"":18,""14"":3,""15"":9,""16"":1,""19"":6,""21"":5,""22"":1,""23"":6,""24"":16,""25"":5,""26"":1,""29"":6,""3"":378,""30"":1,""4"":253,""5"":142,""6"":82,""7"":13,""8"":1,""9"":12}","{""Diagonal CMA-ES"":{""attempts"":322,""discoveries"":0,""improvements"":0,""insertions"":0,""insertion_rate"":0.0},""Immigrant"":{""attempts"":151,""discoveries"":0,""improvements"":0,""insertions"":0,""insertion_rate"":0.0},""Morphology"":{""attempts"":283,""discoveries"":0,""improvements"":0,""insertions"":0,""insertion_rate"":0.0},""Novelty"":{""attempts"":244,""discoveries"":0,""improvements"":0,""insertions"":0,""insertion_rate"":0.0}}","{""Morphology"":199,""Novelty"":39}",0,0.8870056497175142,false,275000
42,298,299000,11.086870948,0.04011539200000001,0.033402383,0.002872085,0.003840924,12.854271739,155.12279,55.50076,10637.42935872078,191,0.9947917,22,2.2181920172241227,111,0.581151832460733,"{""10"":2,""11"":1,""12"":5,""13"":1,""3"":111,""4"":44,""5"":6,""6"":7,""7"":3,""8"":8,""9"":3}","{""10"":4,""11"":3,""12"":3,""13"":4,""14"":2,""15"":1,""19"":1,""21"":1,""23"":1,""24"":3,""25"":1,""29"":1,""3"":111,""4"":43,""5"":1,""6"":9,""9"":2}",60,3.6175927104595105,409,0.409,"{""10"":13,""11"":6,""12"":25,""13"":11,""3"":409,""4"":346,""5"":95,""6"":36,""7"":22,""8"":25,""9"":12}","{""10"":15,""11"":5,""12"":19,""13"":13,""14"":3,""15"":11,""16"":2,""19"":6,""21"":5,""22"":1,""23"":6,""24"":15,""25"":8,""26"":1,""29"":5,""3"":409,""34"":1,""4"":236,""5"":147,""6"":69,""7"":6,""8"":5,""9"":12}","{""Diagonal CMA-ES"":{""attempts"":300,""discoveries"":0,""improvements"":0,""insertions"":0,""insertion_rate"":0.0},""Immigrant"":{""attempts"":159,""discoveries"":0,""improvements"":0,""insertions"":0,""insertion_rate"":0.0},""Morphology"":{""attempts"":307,""discoveries"":0,""improvements"":2,""insertions"":2,""insertion_rate"":0.006514657980456026},""Novelty"":{""attempts"":234,""discoveries"":0,""improvements"":0,""insertions"":0,""insertion_rate"":0.0}}","{""Morphology"":217,""Novelty"":34}",0,0.8870056497175142,false,276000
42,299,300000,11.120996399,0.034125451,0.027218911,0.003000314,0.003906226,12.892870945,155.12279,55.50076,10648.561164140701,191,0.9947917,22,2.2181920172241227,111,0.581151832460733,"{""10"":2,""11"":1,""12"":5,""13"":1,""3"":111,""4"":44,""5"":6,""6"":7,""7"":3,""8"":8,""9"":3}","{""10"":4,""11"":3,""12"":3,""13"":4,""14"":2,""15"":1,""19"":1,""21"":1,""23"":1,""24"":3,""25"":1,""29"":1,""3"":111,""4"":43,""5"":1,""6"":9,""9"":2}",56,3.5665533860942125,411,0.411,"{""10"":13,""11"":6,""12"":27,""13"":8,""3"":411,""4"":348,""5"":100,""6"":31,""7"":21,""8"":25,""9"":10}","{""10"":16,""11"":9,""12"":16,""13"":15,""14"":4,""15"":7,""19"":6,""21"":6,""23"":6,""24"":15,""25"":8,""29"":6,""3"":411,""4"":238,""5"":152,""6"":67,""7"":6,""8"":2,""9"":10}","{""Diagonal CMA-ES"":{""attempts"":296,""discoveries"":0,""improvements"":0,""insertions"":0,""insertion_rate"":0.0},""Immigrant"":{""attempts"":141,""discoveries"":0,""improvements"":0,""insertions"":0,""insertion_rate"":0.0},""Morphology"":{""attempts"":310,""discoveries"":0,""improvements"":2,""insertions"":2,""insertion_rate"":0.0064516129032258064},""Novelty"":{""attempts"":253,""discoveries"":0,""improvements"":0,""insertions"":0,""insertion_rate"":0.0}}","{""Morphology"":203,""Novelty"":28}",0,0.8870056497175142,false,277000
